model,channel,edge_row,root_family_id,p_anchor,s_component_canonical,s_independent_character,derived_character,heldout_case_id,n_other_edges,n_other_distinct_s_contexts,baseline_predicted_character,baseline_true_rank,baseline_true_cosine,offset_predicted_character,offset_true_rank,offset_true_cosine,candidate_count,support_threshold,baseline_top1,baseline_top5,baseline_top10,baseline_reciprocal_rank,baseline_percentile_rank,offset_top1,offset_top5,offset_top10,offset_reciprocal_rank,offset_percentile_rank,rank_change,top1_rescued,top1_lost,top5_rescued,top5_lost,top10_rescued,top10_lost
bge_m3_1024d,cn_def,EDGE-00063,ROOT-219CD,賓,亻,人,儐,bge_m3_1024d__cn_def__EDGE-00063,8,8,工,2090,0.4633696973323822,工,326,0.5051401853561401,6039,3,0,0,0,0.0004784688995215,0.6540245114276251,0,0,0,0.0030674846625766,0.9461742298774428,1764,0,0,0,0,0,0
bge_m3_1024d,cn_def,EDGE-00064,ROOT-219CD,賓,女,女,嬪,bge_m3_1024d__cn_def__EDGE-00064,8,8,男,4874,0.4721231758594513,男,4287,0.4395303130149841,6039,3,0,0,0,0.0002051702913418,0.1929446836700894,0,0,0,0.000233263354327,0.2901623053991388,587,0,0,0,0,0,0
bge_m3_1024d,cn_def,EDGE-00065,ROOT-219CD,賓,扌,手,擯,bge_m3_1024d__cn_def__EDGE-00065,8,8,軀,5064,0.4871446490287781,胸,5058,0.4531190097332001,6039,3,0,0,0,0.0001974723538704,0.1614773103676714,0,0,0,0.0001977066034005,0.1624710168930109,6,0,0,0,0,0,0
bge_m3_1024d,cn_def,EDGE-00066,ROOT-219CD,賓,木,木,檳,bge_m3_1024d__cn_def__EDGE-00066,8,8,艾,225,0.5135442018508911,艾,179,0.4938808977603912,6039,3,0,0,0,0.0044444444444444,0.9629016230539914,0,0,0,0.0055865921787709,0.9705200397482612,46,0,0,0,0,0,0
bge_m3_1024d,cn_def,EDGE-00067,ROOT-219CD,賓,歹,歹,殯,bge_m3_1024d__cn_def__EDGE-00067,8,8,孬,4655,0.4597752094268799,孬,3896,0.4495328664779663,6039,3,0,0,0,0.0002148227712137,0.2292149718449817,0,0,0,0.0002566735112936,0.3549188473004305,759,0,0,0,0,0,0
bge_m3_1024d,cn_def,EDGE-00068,ROOT-219CD,賓,氵,水,濱,bge_m3_1024d__cn_def__EDGE-00068,8,8,礬,658,0.5566616058349609,礬,777,0.507094144821167,6039,3,0,0,0,0.0015197568389057,0.891189135475323,0,0,0,0.0012870012870012,0.8714806227227558,-119,0,0,0,0,0,0
bge_m3_1024d,cn_def,EDGE-00070,ROOT-219CD,賓,糸,糸,繽,bge_m3_1024d__cn_def__EDGE-00070,8,8,緬,1695,0.5726884603500366,緬,2131,0.5222841501235962,6039,3,0,0,0,0.0005899705014749,0.7194435243458099,0,0,0,0.000469263256687,0.6472341835044717,-436,0,0,0,0,0,0
bge_m3_1024d,cn_def,EDGE-00072,ROOT-219CD,賓,髟,髟,鬢,bge_m3_1024d__cn_def__EDGE-00072,8,8,埤,85,0.647864043712616,惘,152,0.5958074927330017,6039,3,0,0,0,0.0117647058823529,0.9860881086452468,0,0,0,0.006578947368421,0.9749917191122888,-67,0,0,0,0,0,0
bge_m3_1024d,cn_def,EDGE-00479,ROOT-4EA5,亥,刂,刀,刻,bge_m3_1024d__cn_def__EDGE-00479,11,11,斧,424,0.583770751953125,斧,521,0.5901075601577759,6039,3,0,0,0,0.0023584905660377,0.929943689963564,0,0,0,0.0019193857965451,0.9138787678039084,-97,0,0,0,0,0,0
bge_m3_1024d,cn_def,EDGE-00480,ROOT-4EA5,亥,力,力,劾,bge_m3_1024d__cn_def__EDGE-00480,11,11,搬,1362,0.4631125330924988,搬,1453,0.4785667359828949,6039,3,0,0,0,0.000734214390602,0.774594236502153,0,0,0,0.0006882312456985,0.7595230208678371,-91,0,0,0,0,0,0
bge_m3_1024d,cn_def,EDGE-00481,ROOT-4EA5,亥,口,口,咳,bge_m3_1024d__cn_def__EDGE-00481,11,11,胃,200,0.5855692625045776,胃,611,0.5542386770248413,6039,3,0,0,0,0.005,0.9670420669095728,0,0,0,0.0016366612111292,0.8989731699238158,-411,0,0,0,0,0,0
bge_m3_1024d,cn_def,EDGE-00482,ROOT-4EA5,亥,土,土,垓,bge_m3_1024d__cn_def__EDGE-00482,11,11,泥,833,0.5589576959609985,泥,1291,0.5490356087684631,6039,3,0,0,0,0.0012004801920768,0.8622060284862537,0,0,0,0.0007745933384972,0.786353097052004,-458,0,0,0,0,0,0
bge_m3_1024d,cn_def,EDGE-00483,ROOT-4EA5,亥,子,子,孩,bge_m3_1024d__cn_def__EDGE-00483,11,11,寅,3156,0.4574690759181976,寅,2944,0.4580323398113251,6039,3,0,0,0,0.0003168567807351,0.4774759854256376,0,0,0,0.0003396739130434,0.5125869493209672,212,0,0,0,0,0,0
bge_m3_1024d,cn_def,EDGE-00484,ROOT-4EA5,亥,木,木,核,bge_m3_1024d__cn_def__EDGE-00484,11,11,艾,74,0.5568259954452515,艾,86,0.5500248074531555,6039,3,0,0,0,0.0135135135135135,0.9879099039417024,0,0,0,0.0116279069767441,0.9859224908910236,-12,0,0,0,0,0,0
bge_m3_1024d,cn_def,EDGE-00485,ROOT-4EA5,亥,欠,欠,欬,bge_m3_1024d__cn_def__EDGE-00485,11,11,哈,66,0.658768892288208,哈,39,0.6810108423233032,6039,3,0,0,0,0.0151515151515151,0.9892348459754886,0,0,0,0.0256410256410256,0.9937065253395164,27,0,0,0,0,0,0
bge_m3_1024d,cn_def,EDGE-00489,ROOT-4EA5,亥,言,言,該,bge_m3_1024d__cn_def__EDGE-00489,11,11,講,1116,0.6428759694099426,講,1237,0.6378369331359863,6039,3,0,0,0,0.0008960573476702,0.8153362040410732,0,0,0,0.0008084074373484,0.7952964557800596,-121,0,0,0,0,0,0
bge_m3_1024d,cn_def,EDGE-00490,ROOT-4EA5,亥,門,門,閡,bge_m3_1024d__cn_def__EDGE-00490,11,11,閘,181,0.5697479844093323,閘,90,0.5987591743469238,6039,3,0,0,0,0.005524861878453,0.9701888042398144,0,0,0,0.0111111111111111,0.9852600198741304,91,0,0,0,0,0,0
bge_m3_1024d,cn_def,EDGE-00492,ROOT-4EA5,亥,頁,頁,頦,bge_m3_1024d__cn_def__EDGE-00492,11,11,鈔,2494,0.5816087126731873,鈔,2258,0.5791217684745789,6039,3,0,0,0,0.0004009623095429,0.587114938721431,0,0,0,0.0004428697962798,0.6262007287181186,236,0,0,0,0,0,0
bge_m3_1024d,cn_def,EDGE-00493,ROOT-4EA5,亥,馬,馬,駭,bge_m3_1024d__cn_def__EDGE-00493,11,11,犀,2346,0.4511490762233734,犀,1764,0.4726402461528778,6039,3,0,0,0,0.0004262574595055,0.6116263663464723,0,0,0,0.0005668934240362,0.7080158993044054,582,0,0,0,0,0,0
bge_m3_1024d,cn_def,EDGE-00494,ROOT-4EA5,亥,骨,骨,骸,bge_m3_1024d__cn_def__EDGE-00494,11,11,蓓,3333,0.4270077347755432,蓓,4673,0.3874189257621765,6039,3,0,0,0,0.0003000300030003,0.4481616429281219,0,0,0,0.0002139952921035,0.2262338522689632,-1340,0,0,0,0,0,0
bge_m3_1024d,cn_def,EDGE-00747,ROOT-5143,元,氵,水,沅,bge_m3_1024d__cn_def__EDGE-00747,6,6,礬,1479,0.5241068601608276,乾,560,0.5351881980895996,6039,3,0,0,0,0.0006761325219743,0.7552169592580324,0,0,0,0.0017857142857142,0.9074196753892018,919,0,0,0,0,0,0
bge_m3_1024d,cn_def,EDGE-00748,ROOT-5143,元,王,玉,玩,bge_m3_1024d__cn_def__EDGE-00748,7,6,鈺,2463,0.4953700304031372,鈺,4238,0.4216212332248688,6039,3,0,0,0,0.0004060089321965,0.5922490891023517,0,0,0,0.0002359603586597,0.2982775753560781,-1775,0,0,0,0,0,0
bge_m3_1024d,cn_def,EDGE-00749,ROOT-5143,元,習,習,翫,bge_m3_1024d__cn_def__EDGE-00749,7,6,又,1051,0.5879618525505066,又,560,0.5784279108047485,6039,3,0,0,0,0.0009514747859181,0.8261013580655846,0,0,0,0.0017857142857142,0.9074196753892018,491,0,0,0,0,0,0
bge_m3_1024d,cn_def,EDGE-00754,ROOT-5143,元,頁,頁,頑,bge_m3_1024d__cn_def__EDGE-00754,7,6,鈔,3863,0.5344991087913513,票,4219,0.4728418588638305,6039,3,0,0,0,0.000258866166192,0.3603842331897979,0,0,0,0.0002370229912301,0.30142431268632,-356,0,0,0,0,0,0
bge_m3_1024d,cn_def,EDGE-00755,ROOT-5143,元,黽,黽,黿,bge_m3_1024d__cn_def__EDGE-00755,7,6,鄯,5257,0.3563332855701446,慓,4699,0.3401007652282715,6039,3,0,0,0,0.0001902225603956,0.1295130838025836,0,0,0,0.0002128112364332,0.2219277906591586,558,0,0,0,0,0,0
bge_m3_1024d,cn_def,EDGE-00807,ROOT-5303,曷,亻,人,偈,bge_m3_1024d__cn_def__EDGE-00807,13,13,工,2323,0.4574815630912781,工,1222,0.490887701511383,6039,3,0,0,0,0.0004304778303917,0.6154355746936071,0,0,0,0.0008183306055646,0.7977807220934084,1101,0,0,0,0,0,0
bge_m3_1024d,cn_def,EDGE-00808,ROOT-5303,曷,口,口,喝,bge_m3_1024d__cn_def__EDGE-00808,13,13,胃,59,0.6386091709136963,胃,55,0.641675591468811,6039,3,0,0,0,0.0169491525423728,0.9903941702550514,0,0,0,0.0181818181818181,0.9910566412719444,4,0,0,0,0,0,0
bge_m3_1024d,cn_def,EDGE-00810,ROOT-5303,曷,忄,心,愒,bge_m3_1024d__cn_def__EDGE-00810,13,13,膽,4529,0.429220050573349,脾,3068,0.4665755033493042,6039,3,0,0,0,0.0002207992934422,0.2500828088771116,0,0,0,0.0003259452411994,0.4920503477972838,1461,0,0,0,0,0,0
bge_m3_1024d,cn_def,EDGE-00811,ROOT-5303,曷,扌,手,揭,bge_m3_1024d__cn_def__EDGE-00811,13,13,軀,163,0.6751365065574646,軀,239,0.670250654220581,6039,3,0,0,0,0.0061349693251533,0.973169923815833,0,0,0,0.00418410041841,0.9605829744948658,-76,0,0,0,0,0,0
bge_m3_1024d,cn_def,EDGE-00815,ROOT-5303,曷,欠,欠,歇,bge_m3_1024d__cn_def__EDGE-00815,13,13,哈,6,0.7251135110855103,哈,6,0.7220815420150757,6039,3,0,0,1,0.1666666666666666,0.9991719112288836,0,0,1,0.1666666666666666,0.9991719112288836,0,0,0,0,0,0,0
bge_m3_1024d,cn_def,EDGE-00817,ROOT-5303,曷,氵,水,渴,bge_m3_1024d__cn_def__EDGE-00817,13,13,礬,309,0.5821766257286072,乾,583,0.5680552124977112,6039,3,0,0,0,0.0032362459546925,0.9489897316992382,0,0,0,0.0017152658662092,0.9036104670420668,-274,0,0,0,0,0,0
bge_m3_1024d,cn_def,EDGE-00819,ROOT-5303,曷,石,石,碣,bge_m3_1024d__cn_def__EDGE-00819,13,13,合,2937,0.5076086521148682,合,4608,0.456253170967102,6039,3,0,0,0,0.0003404834865509,0.51374627360053,0,0,0,0.0002170138888888,0.2369990062934747,-1671,0,0,0,0,0,0
bge_m3_1024d,cn_def,EDGE-00821,ROOT-5303,曷,立,立,竭,bge_m3_1024d__cn_def__EDGE-00821,13,13,矗,3958,0.4880572557449341,矗,3422,0.4807902872562408,6039,3,0,0,0,0.0002526528549772,0.3446505465385889,0,0,0,0.0002922267679719,0.4334216628022523,536,0,0,0,0,0,0
bge_m3_1024d,cn_def,EDGE-00822,ROOT-5303,曷,羊,羊,羯,bge_m3_1024d__cn_def__EDGE-00822,13,13,禎,5048,0.4399157464504242,禎,4710,0.4270800054073334,6039,3,0,0,0,0.0001980982567353,0.1641271944352434,0,0,0,0.000212314225053,0.2201059953627029,338,0,0,0,0,0,0
bge_m3_1024d,cn_def,EDGE-00827,ROOT-5303,曷,衤,衣,褐,bge_m3_1024d__cn_def__EDGE-00827,13,13,襪,43,0.6870371699333191,襖,24,0.7121591567993164,6039,3,0,0,0,0.0232558139534883,0.9930440543226234,0,0,0,0.0416666666666666,0.9961907916528652,19,0,0,0,0,0,0
bge_m3_1024d,cn_def,EDGE-00828,ROOT-5303,曷,言,言,謁,bge_m3_1024d__cn_def__EDGE-00828,13,13,講,545,0.6761423349380493,講,530,0.6740761995315552,6039,3,0,0,0,0.0018348623853211,0.9099039417025504,0,0,0,0.0018867924528301,0.9123882080158991,15,0,0,0,0,0,0
bge_m3_1024d,cn_def,EDGE-02217,ROOT-572D,圭,亻,人,佳,bge_m3_1024d__cn_def__EDGE-02217,15,15,工,119,0.5600595474243164,工,75,0.5869422554969788,6039,3,0,0,0,0.0084033613445378,0.9804571050016562,0,0,0,0.0133333333333333,0.9877442861874792,44,0,0,0,0,0,0
bge_m3_1024d,cn_def,EDGE-02219,ROOT-572D,圭,卜,卜,卦,bge_m3_1024d__cn_def__EDGE-02219,15,15,兆,361,0.5152876973152161,兆,1108,0.4964268505573272,6039,3,0,0,0,0.002770083102493,0.940377608479629,0,0,0,0.0009025270758122,0.8166611460748592,-747,0,0,0,0,0,0
bge_m3_1024d,cn_def,EDGE-02226,ROOT-572D,圭,口,口,哇,bge_m3_1024d__cn_def__EDGE-02226,15,15,胃,920,0.5242921113967896,胃,625,0.5532233715057373,6039,3,0,0,0,0.0010869565217391,0.8477972838688308,0,0,0,0.0016,0.8966545213646903,295,0,0,0,0,0,0
bge_m3_1024d,cn_def,EDGE-02227,ROOT-572D,圭,大,大,奎,bge_m3_1024d__cn_def__EDGE-02227,15,15,小,5788,0.3863432705402374,小,5931,0.3527614176273346,6039,3,0,0,0,0.0001727712508638,0.0415700563100364,0,0,0,0.000168605631428,0.0178867174561112,-143,0,0,0,0,0,0
bge_m3_1024d,cn_def,EDGE-02229,ROOT-572D,圭,女,女,娃,bge_m3_1024d__cn_def__EDGE-02229,15,15,男,165,0.6570819020271301,男,108,0.6598079204559326,6039,3,0,0,0,0.006060606060606,0.9728386883073864,0,0,0,0.0092592592592592,0.982278900298112,57,0,0,0,0,0,0
bge_m3_1024d,cn_def,EDGE-02230,ROOT-572D,圭,心,心,恚,bge_m3_1024d__cn_def__EDGE-02230,15,15,膽,3300,0.4523475468158722,膽,3188,0.4596250355243683,6039,3,0,0,0,0.0003030303030303,0.4536270288174893,0,0,0,0.0003136762860727,0.4721762172904935,112,0,0,0,0,0,0
bge_m3_1024d,cn_def,EDGE-02232,ROOT-572D,圭,木,木,桂,bge_m3_1024d__cn_def__EDGE-02232,15,15,艾,678,0.4607685804367065,艾,682,0.4736168384552002,6039,3,0,0,0,0.0014749262536873,0.8878767803908579,0,0,0,0.001466275659824,0.8872143093739648,-4,0,0,0,0,0,0
bge_m3_1024d,cn_def,EDGE-02236,ROOT-572D,圭,王,玉,珪,bge_m3_1024d__cn_def__EDGE-02236,15,15,鈺,2713,0.489359438419342,鈺,2600,0.5029937028884888,6039,3,0,0,0,0.0003685956505713,0.5508446505465385,0,0,0,0.0003846153846153,0.5695594567737661,113,0,0,0,0,0,0
bge_m3_1024d,cn_def,EDGE-02237,ROOT-572D,圭,田,田,畦,bge_m3_1024d__cn_def__EDGE-02237,15,15,疇,12,0.7638093829154968,疇,3,0.7726706862449646,6039,3,0,0,0,0.0833333333333333,0.9981782047035442,0,1,1,0.3333333333333333,0.9996687644915536,9,0,0,1,0,1,0
bge_m3_1024d,cn_def,EDGE-02243,ROOT-572D,圭,虫,虫,蛙,bge_m3_1024d__cn_def__EDGE-02243,15,15,虺,4519,0.4489132761955261,虺,5578,0.3943409025669098,6039,3,0,0,0,0.0002212878955521,0.2517389864193441,0,0,0,0.0001792757260666,0.0763497846969195,-1059,0,0,0,0,0,0
bge_m3_1024d,cn_def,EDGE-02244,ROOT-572D,圭,行,行,街,bge_m3_1024d__cn_def__EDGE-02244,15,15,陳,1501,0.4423532783985138,陳,2744,0.4147016406059265,6039,3,0,0,0,0.0006662225183211,0.7515733686651209,0,0,0,0.0003644314868804,0.5457105001656177,-1243,0,0,0,0,0,0
bge_m3_1024d,cn_def,EDGE-02248,ROOT-572D,圭,門,門,閨,bge_m3_1024d__cn_def__EDGE-02248,15,15,閘,3666,0.4426275491714477,閘,3437,0.4508174061775207,6039,3,0,0,0,0.0002727768685215,0.3930109307717787,0,0,0,0.0002909514111143,0.4309373964889036,229,0,0,0,0,0,0
bge_m3_1024d,cn_def,EDGE-02249,ROOT-572D,圭,革,革,鞋,bge_m3_1024d__cn_def__EDGE-02249,15,15,韋,3070,0.4896444380283355,韋,3782,0.4926342964172363,6039,3,0,0,0,0.0003257328990228,0.4917191122888373,0,0,0,0.0002644103648863,0.3737992712818814,-712,0,0,0,0,0,0
bge_m3_1024d,cn_def,EDGE-02266,ROOT-582F,堯,亻,人,僥,bge_m3_1024d__cn_def__EDGE-02266,12,12,工,649,0.5083918571472168,工,432,0.5498813986778259,6039,3,0,0,0,0.0015408320493066,0.8926796952633322,0,0,0,0.0023148148148148,0.928618747929778,217,0,0,0,0,0,0
bge_m3_1024d,cn_def,EDGE-02268,ROOT-582F,堯,女,女,嬈,bge_m3_1024d__cn_def__EDGE-02268,12,12,男,2155,0.5710727572441101,男,2932,0.5310266613960266,6039,3,0,0,0,0.0004640371229698,0.6432593574031136,0,0,0,0.0003410641200545,0.5145743623716462,-777,0,0,0,0,0,0
bge_m3_1024d,cn_def,EDGE-02270,ROOT-582F,堯,扌,手,撓,bge_m3_1024d__cn_def__EDGE-02270,12,12,軀,3703,0.5352329611778259,軀,2709,0.5561427474021912,6039,3,0,0,0,0.0002700513097488,0.3868830738655183,0,0,0,0.0003691399040236,0.5515071215634316,994,0,0,0,0,0,0
bge_m3_1024d,cn_def,EDGE-02271,ROOT-582F,堯,日,日,曉,bge_m3_1024d__cn_def__EDGE-02271,12,12,景,52,0.7216414213180542,景,60,0.7052792906761169,6039,3,0,0,0,0.0192307692307692,0.991553494534614,0,0,0,0.0166666666666666,0.990228552500828,-8,0,0,0,0,0,0
bge_m3_1024d,cn_def,EDGE-02272,ROOT-582F,堯,木,木,橈,bge_m3_1024d__cn_def__EDGE-02272,12,12,艾,4118,0.3672091960906982,艾,3877,0.37961545586586,6039,3,0,0,0,0.0002428363283147,0.3181517058628684,0,0,0,0.0002579313902501,0.3580655846306724,241,0,0,0,0,0,0
bge_m3_1024d,cn_def,EDGE-02273,ROOT-582F,堯,氵,水,澆,bge_m3_1024d__cn_def__EDGE-02273,12,12,礬,113,0.616319477558136,乾,65,0.6466203331947327,6039,3,0,0,0,0.0088495575221238,0.9814508115269956,0,0,0,0.0153846153846153,0.9894004637297118,48,0,0,0,0,0,0
bge_m3_1024d,cn_def,EDGE-02274,ROOT-582F,堯,火,火,燒,bge_m3_1024d__cn_def__EDGE-02274,12,12,焰,17,0.6941139698028564,焰,15,0.7074078321456909,6039,3,0,0,0,0.0588235294117647,0.997350115932428,0,0,0,0.0666666666666666,0.9976813514408744,2,0,0,0,0,0,0
bge_m3_1024d,cn_def,EDGE-02277,ROOT-582F,堯,糸,糸,繞,bge_m3_1024d__cn_def__EDGE-02277,12,12,緬,54,0.6930750012397766,緬,29,0.7053623795509338,6039,3,0,0,0,0.0185185185185185,0.9912222590261676,0,0,0,0.0344827586206896,0.9953627028817488,25,0,0,0,0,0,0
bge_m3_1024d,cn_def,EDGE-02278,ROOT-582F,堯,羽,羽,翹,bge_m3_1024d__cn_def__EDGE-02278,12,12,毳,947,0.5714421272277832,毳,249,0.6241528987884521,6039,3,0,0,0,0.0010559662090813,0.843325604504803,0,0,0,0.0040160642570281,0.9589267969526332,698,0,0,0,0,0,0
bge_m3_1024d,cn_def,EDGE-02281,ROOT-582F,堯,虫,虫,蟯,bge_m3_1024d__cn_def__EDGE-02281,12,12,虺,151,0.5793924927711487,虺,1716,0.517164409160614,6039,3,0,0,0,0.0066225165562913,0.975157336866512,0,0,0,0.0005827505827505,0.7159655515071215,-1565,0,0,0,0,0,0
bge_m3_1024d,cn_def,EDGE-02285,ROOT-582F,堯,釒,金,鐃,bge_m3_1024d__cn_def__EDGE-02285,12,12,鈾,3322,0.4284946024417877,鈾,2677,0.456936240196228,6039,3,0,0,0,0.0003010234798314,0.4499834382245776,0,0,0,0.000373552484124,0.5568068896985756,645,0,0,0,0,0,0
bge_m3_1024d,cn_def,EDGE-02287,ROOT-582F,堯,飠,食,饒,bge_m3_1024d__cn_def__EDGE-02287,12,12,啖,1482,0.6200677156448364,啖,968,0.6475442051887512,6039,3,0,0,0,0.0006747638326585,0.7547201059953628,0,0,0,0.0010330578512396,0.8398476316661146,514,0,0,0,0,0,0
bge_m3_1024d,cn_def,EDGE-02288,ROOT-582F,堯,馬,馬,驍,bge_m3_1024d__cn_def__EDGE-02288,12,12,犀,2794,0.4429279565811157,犀,3199,0.4480107128620147,6039,3,0,0,0,0.0003579098067287,0.5374296124544551,0,0,0,0.0003125976867771,0.4703544219940377,-405,0,0,0,0,0,0
bge_m3_1024d,cn_def,EDGE-03014,ROOT-382F,台,女,女,始,bge_m3_1024d__cn_def__EDGE-03014,14,13,男,3316,0.5352053046226501,男,3678,0.4863067269325256,6039,3,0,0,0,0.0003015681544028,0.4509771447499172,0,0,0,0.0002718868950516,0.3910235177210996,-362,0,0,0,0,0,0
bge_m3_1024d,cn_def,EDGE-03015,ROOT-382F,台,心,心,怠,bge_m3_1024d__cn_def__EDGE-03015,14,13,膽,2397,0.4680339097976684,腎,681,0.5336542129516602,6039,3,0,0,0,0.0004171881518564,0.6031798608810864,0,0,0,0.0014684287812041,0.8873799271281881,1716,0,0,0,0,0,0
bge_m3_1024d,cn_def,EDGE-03016,ROOT-382F,台,忄,心,怡,bge_m3_1024d__cn_def__EDGE-03016,14,13,膽,1606,0.4830376505851745,腎,921,0.5254935026168823,6039,3,0,0,0,0.0006226650062266,0.7341835044716793,0,0,0,0.001085776330076,0.8476316661146075,685,0,0,0,0,0,0
bge_m3_1024d,cn_def,EDGE-03018,ROOT-382F,台,歹,歹,殆,bge_m3_1024d__cn_def__EDGE-03018,14,13,孬,79,0.7222728133201599,孬,111,0.689646303653717,6039,3,0,0,0,0.0126582278481012,0.9870818151705862,0,0,0,0.009009009009009,0.9817820470354424,-32,0,0,0,0,0,0
bge_m3_1024d,cn_def,EDGE-03019,ROOT-382F,台,氵,水,治,bge_m3_1024d__cn_def__EDGE-03019,14,13,礬,4825,0.4414879381656647,乾,4222,0.4455004334449768,6039,3,0,0,0,0.0002072538860103,0.2010599536270287,0,0,0,0.0002368545712932,0.3009274594236502,603,0,0,0,0,0,0
bge_m3_1024d,cn_def,EDGE-03023,ROOT-382F,台,竹,竹,笞,bge_m3_1024d__cn_def__EDGE-03023,14,13,蔥,490,0.5474799275398254,蔥,547,0.5407412052154541,6039,3,0,0,0,0.0020408163265306,0.9190129181848294,0,0,0,0.0018281535648994,0.909572706194104,-57,0,0,0,0,0,0
bge_m3_1024d,cn_def,EDGE-03024,ROOT-382F,台,糸,糸,紿,bge_m3_1024d__cn_def__EDGE-03024,14,13,緬,2104,0.5606821775436401,緬,778,0.5914240479469299,6039,3,0,0,0,0.0004752851711026,0.6517058628684995,0,0,0,0.0012853470437017,0.8713150049685326,1326,0,0,0,0,0,0
bge_m3_1024d,cn_def,EDGE-03025,ROOT-382F,台,肉,肉,胎,bge_m3_1024d__cn_def__EDGE-03025,14,13,鱗,43,0.6178685426712036,鱗,204,0.557840883731842,6039,3,0,0,0,0.0232558139534883,0.9930440543226234,0,0,0,0.0049019607843137,0.9663795958926796,-161,0,0,0,0,0,0
bge_m3_1024d,cn_def,EDGE-03028,ROOT-382F,台,貝,貝,貽,bge_m3_1024d__cn_def__EDGE-03028,14,13,魷,2073,0.4770731031894684,蛤,2120,0.4871699810028076,6039,3,0,0,0,0.0004823926676314,0.6568400132494203,0,0,0,0.0004716981132075,0.6490559788009275,-47,0,0,0,0,0,0
bge_m3_1024d,cn_def,EDGE-03031,ROOT-382F,台,風,風,颱,bge_m3_1024d__cn_def__EDGE-03031,14,13,息,3899,0.5020628571510315,息,4308,0.4801632761955261,6039,3,0,0,0,0.0002564760194921,0.3544219940377608,0,0,0,0.0002321262766945,0.2866843325604504,-409,0,0,0,0,0,0
bge_m3_1024d,cn_def,EDGE-03032,ROOT-382F,台,飠,食,飴,bge_m3_1024d__cn_def__EDGE-03032,14,13,啖,2132,0.6021666526794434,啖,3304,0.5600359439849854,6039,3,0,0,0,0.0004690431519699,0.6470685657502484,0,0,0,0.0003026634382566,0.4529645578005962,-1172,0,0,0,0,0,0
bge_m3_1024d,cn_def,EDGE-03033,ROOT-382F,台,馬,馬,駘,bge_m3_1024d__cn_def__EDGE-03033,14,13,犀,3853,0.4233103394508362,犀,3881,0.4358169734477997,6039,3,0,0,0,0.0002595380223202,0.3620404107320305,0,0,0,0.0002576655501159,0.3574031136137794,-28,0,0,0,0,0,0
bge_m3_1024d,cn_def,EDGE-03085,ROOT-5E1D,帝,口,口,啻,bge_m3_1024d__cn_def__EDGE-03085,3,3,胃,2689,0.4767590761184692,胃,2091,0.4153015613555908,6039,3,0,0,0,0.0003718854592785,0.5548194766478967,0,0,0,0.0004782400765184,0.6538588936734018,598,0,0,0,0,0,0
bge_m3_1024d,cn_def,EDGE-03087,ROOT-5E1D,帝,口,口,啼,bge_m3_1024d__cn_def__EDGE-03087,3,3,胃,2055,0.4898545742034912,胃,5098,0.340370237827301,6039,3,0,0,0,0.0004866180048661,0.6598211328254389,0,0,0,0.0001961553550411,0.1558463067240808,-3043,0,0,0,0,0,0
bge_m3_1024d,cn_def,EDGE-03089,ROOT-5E1D,帝,糸,糸,締,bge_m3_1024d__cn_def__EDGE-03089,4,3,緬,2721,0.5426492094993591,緬,3789,0.4235034584999084,6039,3,0,0,0,0.0003675119441381,0.5495197085127526,0,0,0,0.0002639218791237,0.3726399470023186,-1068,0,0,0,0,0,0
bge_m3_1024d,cn_def,EDGE-03091,ROOT-5E1D,帝,言,言,諦,bge_m3_1024d__cn_def__EDGE-03091,4,3,講,428,0.6833900213241577,講,454,0.6311914920806885,6039,3,0,0,0,0.0023364485981308,0.929281218946671,0,0,0,0.0022026431718061,0.9249751573368664,-26,0,0,0,0,0,0
bge_m3_1024d,cn_def,EDGE-03092,ROOT-5E1D,帝,𧾷,足,蹄,bge_m3_1024d__cn_def__EDGE-03092,4,3,太,5267,0.4177741408348083,太,5983,0.2596388459205627,6039,3,0,0,0,0.0001898614011771,0.127856906260351,0,0,0,0.0001671402306535,0.0092745942365021,-716,0,0,0,0,0,0
bge_m3_1024d,cn_def,EDGE-03943,ROOT-67EC,闌,木,木,欄,bge_m3_1024d__cn_def__EDGE-03943,16,14,艾,1109,0.4372533559799194,艾,1512,0.4229788780212402,6039,3,0,0,0,0.0009017132551848,0.816495528320636,0,0,0,0.0006613756613756,0.749751573368665,-403,0,0,0,0,0,0
bge_m3_1024d,cn_def,EDGE-03944,ROOT-67EC,闌,氵,水,瀾,bge_m3_1024d__cn_def__EDGE-03944,16,14,礬,3000,0.4870675206184387,礬,4096,0.4659345746040344,6039,3,0,0,0,0.0003333333333333,0.503312355084465,0,0,0,0.000244140625,0.3217952964557801,-1096,0,0,0,0,0,0
bge_m3_1024d,cn_def,EDGE-03945,ROOT-67EC,闌,火,火,爛,bge_m3_1024d__cn_def__EDGE-03945,16,14,焰,199,0.5895909070968628,燄,385,0.5698980689048767,6039,3,0,0,0,0.0050251256281407,0.967207684663796,0,0,0,0.0025974025974025,0.9364027823782708,-186,0,0,0,0,0,0
bge_m3_1024d,cn_def,EDGE-04481,ROOT-9752,青,亻,人,倩,bge_m3_1024d__cn_def__EDGE-04481,11,11,工,1761,0.471306562423706,工,1694,0.451463520526886,6039,3,0,0,0,0.0005678591709256,0.7085127525670751,0,0,0,0.0005903187721369,0.7196091421000331,67,0,0,0,0,0,0
bge_m3_1024d,cn_def,EDGE-04485,ROOT-9752,青,忄,心,情,bge_m3_1024d__cn_def__EDGE-04485,11,11,膽,1801,0.4791777729988098,脾,1193,0.4733201265335083,6039,3,0,0,0,0.0005552470849528,0.7018880423981451,0,0,0,0.0008382229673093,0.8025836369658828,608,0,0,0,0,0,0
bge_m3_1024d,cn_def,EDGE-04486,ROOT-9752,青,日,日,晴,bge_m3_1024d__cn_def__EDGE-04486,11,11,景,314,0.6535177826881409,景,109,0.6776707768440247,6039,3,0,0,0,0.0031847133757961,0.948161642928122,0,0,0,0.0091743119266055,0.9821132825438889,205,0,0,0,0,0,0
bge_m3_1024d,cn_def,EDGE-04487,ROOT-9752,青,犭,犬,猜,bge_m3_1024d__cn_def__EDGE-04487,11,11,吠,1752,0.5865070819854736,吠,1681,0.5842627286911011,6039,3,0,0,0,0.0005707762557077,0.7100033123550844,0,0,0,0.0005948839976204,0.7217621729049354,71,0,0,0,0,0,0
bge_m3_1024d,cn_def,EDGE-04488,ROOT-9752,青,目,目,睛,bge_m3_1024d__cn_def__EDGE-04488,11,11,睛,1,0.8684900999069214,睛,1,0.8302714824676514,6039,3,1,1,1,1.0,1.0,1,1,1,1.0,1.0,0,0,0,0,0,0,0
bge_m3_1024d,cn_def,EDGE-04489,ROOT-9752,青,米,米,精,bge_m3_1024d__cn_def__EDGE-04489,11,11,糠,2044,0.4678102135658264,糠,1453,0.4567035436630249,6039,3,0,0,0,0.0004892367906066,0.6616429281218947,0,0,0,0.0006882312456985,0.7595230208678371,591,0,0,0,0,0,0
bge_m3_1024d,cn_def,EDGE-04492,ROOT-9752,青,虫,虫,蜻,bge_m3_1024d__cn_def__EDGE-04492,11,11,虺,1102,0.5244570374488831,虺,1773,0.4941080212593078,6039,3,0,0,0,0.0009074410163339,0.8176548526001988,0,0,0,0.0005640157924421,0.7065253395163962,-671,0,0,0,0,0,0
bge_m3_1024d,cn_def,EDGE-04493,ROOT-9752,青,言,言,請,bge_m3_1024d__cn_def__EDGE-04493,11,11,講,3864,0.5209037065505981,講,4106,0.4914702475070953,6039,3,0,0,0,0.0002587991718426,0.3602186154355746,0,0,0,0.0002435460301997,0.3201391189135475,-242,0,0,0,0,0,0
bge_m3_1024d,cn_def,EDGE-04495,ROOT-9752,青,立,立,靖,bge_m3_1024d__cn_def__EDGE-04495,11,11,矗,2316,0.5534379482269287,矗,1683,0.5520655512809753,6039,3,0,0,0,0.0004317789291882,0.61659489897317,0,0,0,0.0005941770647653,0.7214309373964889,633,0,0,0,0,0,0
bge_m3_1024d,cn_def,EDGE-04496,ROOT-9752,青,見,見,靚,bge_m3_1024d__cn_def__EDGE-04496,11,11,盼,241,0.6476036906242371,睹,142,0.6406677961349487,6039,3,0,0,0,0.0041493775933609,0.9602517389864194,0,0,0,0.0070422535211267,0.9766478966545212,99,0,0,0,0,0,0
bge_m3_1024d,cn_def,EDGE-04497,ROOT-9752,青,爭,爭,靜,bge_m3_1024d__cn_def__EDGE-04497,11,11,劫,2007,0.5518796443939209,劫,1791,0.53493732213974,6039,3,0,0,0,0.0004982561036372,0.667770785028155,0,0,0,0.0005583472920156,0.7035442199403776,216,0,0,0,0,0,0
bge_m3_1024d,cn_def,EDGE-04498,ROOT-9752,青,魚,魚,鯖,bge_m3_1024d__cn_def__EDGE-04498,11,11,蛙,313,0.5407571196556091,蛙,308,0.5278458595275879,6039,3,0,0,0,0.0031948881789137,0.9483272606823452,0,0,0,0.0032467532467532,0.9491553494534614,5,0,0,0,0,0,0
bge_m3_1024d,cn_def,EDGE-05389,ROOT-4F59,余,氵,水,涂,bge_m3_1024d__cn_def__EDGE-05389,6,6,礬,2942,0.4885618686676025,乾,3913,0.4625878930091858,6039,3,0,0,0,0.0003399048266485,0.5129181848294138,0,0,0,0.0002555583950932,0.3521033454786353,-971,0,0,0,0,0,0
bge_m3_1024d,cn_def,EDGE-05391,ROOT-4F59,余,彳,彳,徐,bge_m3_1024d__cn_def__EDGE-05391,6,6,懨,1535,0.4773786962032318,亍,987,0.4689966142177582,6039,3,0,0,0,0.0006514657980456,0.7459423650215303,0,0,0,0.0010131712259371,0.8367008943358728,548,0,0,0,0,0,0
bge_m3_1024d,cn_def,EDGE-05394,ROOT-4F59,余,斗,斗,斜,bge_m3_1024d__cn_def__EDGE-05394,6,6,盦,1131,0.5703610777854919,盛,899,0.5830968618392944,6039,3,0,0,0,0.0008841732979664,0.8128519377277243,0,0,0,0.0011123470522803,0.851275256707519,232,0,0,0,0,0,0
bge_m3_1024d,cn_def,EDGE-05396,ROOT-4F59,余,田,田,畬,bge_m3_1024d__cn_def__EDGE-05396,6,6,疇,61,0.6953000426292419,疇,52,0.6721295118331909,6039,3,0,0,0,0.0163934426229508,0.9900629347466048,0,0,0,0.0192307692307692,0.991553494534614,9,0,0,0,0,0,0
bge_m3_1024d,cn_def,EDGE-05401,ROOT-4F59,余,虫,虫,蜍,bge_m3_1024d__cn_def__EDGE-05401,6,6,虺,2801,0.4841368496417999,虺,4355,0.4457020163536072,6039,3,0,0,0,0.0003570153516601,0.5362702881748924,0,0,0,0.0002296211251435,0.2789002981119576,-1554,0,0,0,0,0,0
bge_m3_1024d,cn_def,EDGE-05408,ROOT-4F59,余,飠,食,餘,bge_m3_1024d__cn_def__EDGE-05408,6,6,啖,963,0.6383572816848755,啖,1420,0.6123300790786743,6039,3,0,0,0,0.0010384215991692,0.8406757204372308,0,0,0,0.0007042253521126,0.7649884067572044,-457,0,0,0,0,0,0
bge_m3_1024d,cn_def,EDGE-05801,ROOT-8FB0,辰,女,女,娠,bge_m3_1024d__cn_def__EDGE-05801,6,6,男,2290,0.5674284100532532,男,1971,0.5581297874450684,6039,3,0,0,0,0.0004366812227074,0.6209009605829745,0,0,0,0.0005073566717402,0.6737330241801921,319,0,0,0,0,0,0
bge_m3_1024d,cn_def,EDGE-05803,ROOT-8FB0,辰,扌,手,振,bge_m3_1024d__cn_def__EDGE-05803,6,6,軀,109,0.6889902353286743,軀,41,0.714572012424469,6039,3,0,0,0,0.0091743119266055,0.9821132825438889,0,0,0,0.024390243902439,0.99337528983107,68,0,0,0,0,0,0
bge_m3_1024d,cn_def,EDGE-05804,ROOT-8FB0,辰,日,日,晨,bge_m3_1024d__cn_def__EDGE-05804,6,6,景,16,0.7752512693405151,景,28,0.7125595808029175,6039,3,0,0,0,0.0625,0.9975157336866513,0,0,0,0.0357142857142857,0.9955283206359722,-12,0,0,0,0,0,0
bge_m3_1024d,cn_def,EDGE-05807,ROOT-8FB0,辰,肉,肉,脣,bge_m3_1024d__cn_def__EDGE-05807,6,6,鱗,28,0.6293840408325195,鱗,51,0.591661810874939,6039,3,0,0,0,0.0357142857142857,0.9955283206359722,0,0,0,0.0196078431372549,0.9917191122888374,-23,0,0,0,0,0,0
bge_m3_1024d,cn_def,EDGE-05809,ROOT-8FB0,辰,虫,虫,蜃,bge_m3_1024d__cn_def__EDGE-05809,6,6,虺,19,0.6275482177734375,虺,217,0.5727138519287109,6039,3,0,0,0,0.0526315789473684,0.9970188804239816,0,0,0,0.0046082949308755,0.9642265650877774,-198,0,0,0,0,0,0
bge_m3_1024d,cn_def,EDGE-05810,ROOT-8FB0,辰,貝,貝,賑,bge_m3_1024d__cn_def__EDGE-05810,6,6,魷,1879,0.4808611273765564,蜆,1661,0.4888092875480652,6039,3,0,0,0,0.0005321979776476,0.6889698575687313,0,0,0,0.0006020469596628,0.7250745279894004,218,0,0,0,0,0,0
bge_m3_1024d,cn_def,EDGE-05811,ROOT-8FB0,辰,雨,雨,震,bge_m3_1024d__cn_def__EDGE-05811,6,6,雲,1279,0.5001339912414551,雲,1170,0.5014089345932007,6039,3,0,0,0,0.0007818608287724,0.788340510102683,0,0,0,0.0008547008547008,0.8063928453130176,109,0,0,0,0,0,0
bge_m3_1024d,cn_def,EDGE-06206,ROOT-5360,店,扌,手,掂,bge_m3_1024d__cn_def__EDGE-06206,10,10,軀,947,0.6139872670173645,軀,1027,0.6205253005027771,6039,3,0,0,0,0.0010559662090813,0.843325604504803,0,0,0,0.0009737098344693,0.8300761841669427,-80,0,0,0,0,0,0
bge_m3_1024d,cn_def,EDGE-06207,ROOT-5360,店,忄,心,惦,bge_m3_1024d__cn_def__EDGE-06207,11,10,膽,3009,0.4576919674873352,膽,1880,0.4990982413291931,6039,3,0,0,0,0.0003323363243602,0.5018217952964558,0,0,0,0.000531914893617,0.6888042398145081,1129,0,0,0,0,0,0
bge_m3_1024d,en_def_translated_cn_def,EDGE-00063,ROOT-219CD,賓,亻,人,儐,bge_m3_1024d__en_def_translated_cn_def__EDGE-00063,8,8,睿,3723,0.4776598513126373,睿,1051,0.5189141035079956,6039,3,0,0,0,0.0002686005909213,0.3835707187810533,0,0,0,0.0009514747859181,0.8261013580655846,2672,0,0,0,0,0,0
bge_m3_1024d,en_def_translated_cn_def,EDGE-00064,ROOT-219CD,賓,女,女,嬪,bge_m3_1024d__en_def_translated_cn_def__EDGE-00064,8,8,男,3570,0.4765143096446991,男,2863,0.4286163449287414,6039,3,0,0,0,0.0002801120448179,0.408910235177211,0,0,0,0.0003492839678658,0.5260019874130506,707,0,0,0,0,0,0
bge_m3_1024d,en_def_translated_cn_def,EDGE-00065,ROOT-219CD,賓,扌,手,擯,bge_m3_1024d__en_def_translated_cn_def__EDGE-00065,8,8,軀,4449,0.5220820903778076,膚,4853,0.4582997858524322,6039,3,0,0,0,0.0002247696111485,0.2633322292149718,0,0,0,0.0002060581083865,0.1964226565087777,-404,0,0,0,0,0,0
bge_m3_1024d,en_def_translated_cn_def,EDGE-00066,ROOT-219CD,賓,木,木,檳,bge_m3_1024d__en_def_translated_cn_def__EDGE-00066,8,8,樹,909,0.5140991806983948,樹,1641,0.4641406238079071,6039,3,0,0,0,0.0011001100110011,0.8496190791652865,0,0,0,0.0006093845216331,0.7283868830738656,-732,0,0,0,0,0,0
bge_m3_1024d,en_def_translated_cn_def,EDGE-00067,ROOT-219CD,賓,歹,歹,殯,bge_m3_1024d__en_def_translated_cn_def__EDGE-00067,8,8,噩,5321,0.4532716274261474,噩,4731,0.451266199350357,6039,3,0,0,0,0.0001879345987596,0.1189135475322954,0,0,0,0.0002113718030014,0.2166280225240145,590,0,0,0,0,0,0
bge_m3_1024d,en_def_translated_cn_def,EDGE-00068,ROOT-219CD,賓,氵,水,濱,bge_m3_1024d__en_def_translated_cn_def__EDGE-00068,8,8,礬,754,0.5553371906280518,礬,633,0.5083597898483276,6039,3,0,0,0,0.0013262599469496,0.8752898310698907,0,0,0,0.0015797788309636,0.8953295793309043,121,0,0,0,0,0,0
bge_m3_1024d,en_def_translated_cn_def,EDGE-00070,ROOT-219CD,賓,糸,糸,繽,bge_m3_1024d__en_def_translated_cn_def__EDGE-00070,8,8,緬,1655,0.6184332370758057,緬,2068,0.5701678395271301,6039,3,0,0,0,0.0006042296072507,0.72606823451474,0,0,0,0.0004835589941972,0.6576681020205366,-413,0,0,0,0,0,0
bge_m3_1024d,en_def_translated_cn_def,EDGE-00072,ROOT-219CD,賓,髟,髟,鬢,bge_m3_1024d__en_def_translated_cn_def__EDGE-00072,8,8,髻,44,0.6523303985595703,髻,51,0.601753830909729,6039,3,0,0,0,0.0227272727272727,0.9928784365684,0,0,0,0.0196078431372549,0.9917191122888374,-7,0,0,0,0,0,0
bge_m3_1024d,en_def_translated_cn_def,EDGE-00479,ROOT-4EA5,亥,刂,刀,刻,bge_m3_1024d__en_def_translated_cn_def__EDGE-00479,11,11,弓,602,0.5695511102676392,誅,832,0.567022442817688,6039,3,0,0,0,0.0016611295681063,0.9004637297118251,0,0,0,0.001201923076923,0.862371646240477,-230,0,0,0,0,0,0
bge_m3_1024d,en_def_translated_cn_def,EDGE-00480,ROOT-4EA5,亥,力,力,劾,bge_m3_1024d__en_def_translated_cn_def__EDGE-00480,11,11,搬,2975,0.4558572173118591,搬,3277,0.4603123366832733,6039,3,0,0,0,0.0003361344537815,0.5074527989400464,0,0,0,0.0003051571559353,0.457436237164624,-302,0,0,0,0,0,0
bge_m3_1024d,en_def_translated_cn_def,EDGE-00481,ROOT-4EA5,亥,口,口,咳,bge_m3_1024d__en_def_translated_cn_def__EDGE-00481,11,11,舌,1189,0.4977254271507263,胃,2939,0.4813195466995239,6039,3,0,0,0,0.0008410428931875,0.8032461079827757,0,0,0,0.0003402517863218,0.5134150380920834,-1750,0,0,0,0,0,0
bge_m3_1024d,en_def_translated_cn_def,EDGE-00482,ROOT-4EA5,亥,土,土,垓,bge_m3_1024d__en_def_translated_cn_def__EDGE-00482,11,11,泥,224,0.6625734567642212,泥,305,0.6471304297447205,6039,3,0,0,0,0.0044642857142857,0.9630672408082146,0,0,0,0.0032786885245901,0.9496522027161312,-81,0,0,0,0,0,0
bge_m3_1024d,en_def_translated_cn_def,EDGE-00483,ROOT-4EA5,亥,子,子,孩,bge_m3_1024d__en_def_translated_cn_def__EDGE-00483,11,11,亥,1248,0.5115349888801575,亥,1488,0.5160992741584778,6039,3,0,0,0,0.000801282051282,0.7934746604836038,0,0,0,0.0006720430107526,0.7537263994700232,-240,0,0,0,0,0,0
bge_m3_1024d,en_def_translated_cn_def,EDGE-00484,ROOT-4EA5,亥,木,木,核,bge_m3_1024d__en_def_translated_cn_def__EDGE-00484,11,11,樹,122,0.5889958739280701,樹,230,0.5678219199180603,6039,3,0,0,0,0.0081967213114754,0.9799602517389864,0,0,0,0.0043478260869565,0.9620735342828752,-108,0,0,0,0,0,0
bge_m3_1024d,en_def_translated_cn_def,EDGE-00485,ROOT-4EA5,亥,欠,欠,欬,bge_m3_1024d__en_def_translated_cn_def__EDGE-00485,11,11,哈,45,0.6594882011413574,哈,24,0.6933190822601318,6039,3,0,0,0,0.0222222222222222,0.9927128188141768,0,0,0,0.0416666666666666,0.9961907916528652,21,0,0,0,0,0,0
bge_m3_1024d,en_def_translated_cn_def,EDGE-00489,ROOT-4EA5,亥,言,言,該,bge_m3_1024d__en_def_translated_cn_def__EDGE-00489,11,11,語,1069,0.6575239896774292,語,1320,0.6509344577789307,6039,3,0,0,0,0.000935453695042,0.8231202384895661,0,0,0,0.0007575757575757,0.7815501821795297,-251,0,0,0,0,0,0
bge_m3_1024d,en_def_translated_cn_def,EDGE-00490,ROOT-4EA5,亥,門,門,閡,bge_m3_1024d__en_def_translated_cn_def__EDGE-00490,11,11,鎖,676,0.5095013976097107,鎖,535,0.528789222240448,6039,3,0,0,0,0.0014792899408284,0.8882080158993044,0,0,0,0.0018691588785046,0.9115601192447832,141,0,0,0,0,0,0
bge_m3_1024d,en_def_translated_cn_def,EDGE-00492,ROOT-4EA5,亥,頁,頁,頦,bge_m3_1024d__en_def_translated_cn_def__EDGE-00492,11,11,票,1261,0.6454369425773621,票,1133,0.6405085325241089,6039,3,0,0,0,0.0007930214115781,0.7913216296787016,0,0,0,0.0008826125330979,0.812520702219278,128,0,0,0,0,0,0
bge_m3_1024d,en_def_translated_cn_def,EDGE-00493,ROOT-4EA5,亥,馬,馬,駭,bge_m3_1024d__en_def_translated_cn_def__EDGE-00493,11,11,犀,4440,0.4541548490524292,犀,2973,0.4903764724731445,6039,3,0,0,0,0.0002252252252252,0.2648227890029812,0,0,0,0.0003363605785401,0.507784034448493,1467,0,0,0,0,0,0
bge_m3_1024d,en_def_translated_cn_def,EDGE-00494,ROOT-4EA5,亥,骨,骨,骸,bge_m3_1024d__en_def_translated_cn_def__EDGE-00494,11,11,蓓,494,0.5116023421287537,冇,2606,0.4531424343585968,6039,3,0,0,0,0.0020242914979757,0.9183504471679363,0,0,0,0.0003837298541826,0.5685657502484267,-2112,0,0,0,0,0,0
bge_m3_1024d,en_def_translated_cn_def,EDGE-00747,ROOT-5143,元,氵,水,沅,bge_m3_1024d__en_def_translated_cn_def__EDGE-00747,6,6,礬,1165,0.5378145575523376,乾,848,0.5028609037399292,6039,3,0,0,0,0.0008583690987124,0.8072209340841339,0,0,0,0.0011792452830188,0.859721762172905,317,0,0,0,0,0,0
bge_m3_1024d,en_def_translated_cn_def,EDGE-00748,ROOT-5143,元,王,玉,玩,bge_m3_1024d__en_def_translated_cn_def__EDGE-00748,7,6,砥,2426,0.5312955379486084,砥,3916,0.4515907764434814,6039,3,0,0,0,0.0004122011541632,0.5983769460086121,0,0,0,0.0002553626149131,0.3516064922159655,-1490,0,0,0,0,0,0
bge_m3_1024d,en_def_translated_cn_def,EDGE-00749,ROOT-5143,元,習,習,翫,bge_m3_1024d__en_def_translated_cn_def__EDGE-00749,7,6,肄,1380,0.5950945615768433,肄,765,0.5616827011108398,6039,3,0,0,0,0.0007246376811594,0.7716131169261344,0,0,0,0.0013071895424836,0.8734680357734349,615,0,0,0,0,0,0
bge_m3_1024d,en_def_translated_cn_def,EDGE-00754,ROOT-5143,元,頁,頁,頑,bge_m3_1024d__en_def_translated_cn_def__EDGE-00754,7,6,票,2565,0.5967729687690735,票,1995,0.5569719076156616,6039,3,0,0,0,0.0003898635477582,0.5753560781715801,0,0,0,0.000501253132832,0.6697581980788341,570,0,0,0,0,0,0
bge_m3_1024d,en_def_translated_cn_def,EDGE-00755,ROOT-5143,元,黽,黽,黿,bge_m3_1024d__en_def_translated_cn_def__EDGE-00755,7,6,崴,5484,0.3630247414112091,侷,4849,0.3300252258777618,6039,3,0,0,0,0.0001823486506199,0.0919178535939052,0,0,0,0.0002062280882656,0.1970851275256707,635,0,0,0,0,0,0
bge_m3_1024d,en_def_translated_cn_def,EDGE-00807,ROOT-5303,曷,亻,人,偈,bge_m3_1024d__en_def_translated_cn_def__EDGE-00807,13,13,睿,868,0.5512627959251404,睿,187,0.6001878976821899,6039,3,0,0,0,0.0011520737327188,0.8564094070884398,0,0,0,0.0053475935828877,0.969195097714475,681,0,0,0,0,0,0
bge_m3_1024d,en_def_translated_cn_def,EDGE-00808,ROOT-5303,曷,口,口,喝,bge_m3_1024d__en_def_translated_cn_def__EDGE-00808,13,13,舌,67,0.5999535918235779,胃,111,0.5917202234268188,6039,3,0,0,0,0.0149253731343283,0.9890692282212652,0,0,0,0.009009009009009,0.9817820470354424,-44,0,0,0,0,0,0
bge_m3_1024d,en_def_translated_cn_def,EDGE-00810,ROOT-5303,曷,忄,心,愒,bge_m3_1024d__en_def_translated_cn_def__EDGE-00810,13,13,脾,2811,0.455039769411087,脾,1121,0.506415843963623,6039,3,0,0,0,0.0003557452863749,0.5346141106326598,0,0,0,0.0008920606601248,0.8145081152699569,1690,0,0,0,0,0,0
bge_m3_1024d,en_def_translated_cn_def,EDGE-00811,ROOT-5303,曷,扌,手,揭,bge_m3_1024d__en_def_translated_cn_def__EDGE-00811,13,13,軀,192,0.6822336316108704,軀,789,0.6470770835876465,6039,3,0,0,0,0.0052083333333333,0.9683670089433588,0,0,0,0.0012674271229404,0.8694932096720769,-597,0,0,0,0,0,0
bge_m3_1024d,en_def_translated_cn_def,EDGE-00815,ROOT-5303,曷,欠,欠,歇,bge_m3_1024d__en_def_translated_cn_def__EDGE-00815,13,13,哈,30,0.6720429062843323,哈,16,0.706444501876831,6039,3,0,0,0,0.0333333333333333,0.9951970851275256,0,0,0,0.0625,0.9975157336866513,14,0,0,0,0,0,0
bge_m3_1024d,en_def_translated_cn_def,EDGE-00817,ROOT-5303,曷,氵,水,渴,bge_m3_1024d__en_def_translated_cn_def__EDGE-00817,13,13,礬,132,0.6167643666267395,樸,246,0.5986522436141968,6039,3,0,0,0,0.0075757575757575,0.978304074196754,0,0,0,0.0040650406504065,0.9594236502153032,-114,0,0,0,0,0,0
bge_m3_1024d,en_def_translated_cn_def,EDGE-00819,ROOT-5303,曷,石,石,碣,bge_m3_1024d__en_def_translated_cn_def__EDGE-00819,13,13,合,879,0.5782962441444397,合,1849,0.5609537363052368,6039,3,0,0,0,0.0011376564277588,0.8545876117919842,0,0,0,0.0005408328826392,0.693938390195429,-970,0,0,0,0,0,0
bge_m3_1024d,en_def_translated_cn_def,EDGE-00821,ROOT-5303,曷,立,立,竭,bge_m3_1024d__en_def_translated_cn_def__EDGE-00821,13,13,聳,2500,0.5703269243240356,聳,2578,0.5458027720451355,6039,3,0,0,0,0.0004,0.5861212321960914,0,0,0,0.0003878975950349,0.5732030473666777,-78,0,0,0,0,0,0
bge_m3_1024d,en_def_translated_cn_def,EDGE-00822,ROOT-5303,曷,羊,羊,羯,bge_m3_1024d__en_def_translated_cn_def__EDGE-00822,13,13,瑞,5964,0.3501370847225189,瑞,5832,0.3680873811244964,6039,3,0,0,0,0.0001676727028839,0.0124213315667439,0,0,0,0.0001714677640603,0.0342828751242133,132,0,0,0,0,0,0
bge_m3_1024d,en_def_translated_cn_def,EDGE-00827,ROOT-5303,曷,衤,衣,褐,bge_m3_1024d__en_def_translated_cn_def__EDGE-00827,13,13,襪,15,0.7468252778053284,襪,9,0.7598837018013,6039,3,0,0,0,0.0666666666666666,0.9976813514408744,0,0,1,0.1111111111111111,0.998675057966214,6,0,0,0,0,1,0
bge_m3_1024d,en_def_translated_cn_def,EDGE-00828,ROOT-5303,曷,言,言,謁,bge_m3_1024d__en_def_translated_cn_def__EDGE-00828,13,13,語,426,0.7018179893493652,語,591,0.694526195526123,6039,3,0,0,0,0.0023474178403755,0.9296124544551176,0,0,0,0.0016920473773265,0.9022855250082809,-165,0,0,0,0,0,0
bge_m3_1024d,en_def_translated_cn_def,EDGE-02217,ROOT-572D,圭,亻,人,佳,bge_m3_1024d__en_def_translated_cn_def__EDGE-02217,15,15,睿,174,0.5966665744781494,睿,87,0.6281455755233765,6039,3,0,0,0,0.0057471264367816,0.9713481285193772,0,0,0,0.0114942528735632,0.9857568731368004,87,0,0,0,0,0,0
bge_m3_1024d,en_def_translated_cn_def,EDGE-02219,ROOT-572D,圭,卜,卜,卦,bge_m3_1024d__en_def_translated_cn_def__EDGE-02219,15,15,兆,13,0.596863329410553,兆,37,0.5667747259140015,6039,3,0,0,0,0.0769230769230769,0.9980125869493208,0,0,0,0.027027027027027,0.9940377608479628,-24,0,0,0,0,0,0
bge_m3_1024d,en_def_translated_cn_def,EDGE-02226,ROOT-572D,圭,口,口,哇,bge_m3_1024d__en_def_translated_cn_def__EDGE-02226,15,15,舌,487,0.5315046310424805,胃,733,0.5393099188804626,6039,3,0,0,0,0.002053388090349,0.9195097714474992,0,0,0,0.0013642564802182,0.878767803908579,-246,0,0,0,0,0,0
bge_m3_1024d,en_def_translated_cn_def,EDGE-02227,ROOT-572D,圭,大,大,奎,bge_m3_1024d__en_def_translated_cn_def__EDGE-02227,15,15,小,4689,0.4403671026229858,小,5486,0.4181155264377594,6039,3,0,0,0,0.000213265088505,0.2235839682013911,0,0,0,0.0001822821728034,0.0915866180854587,-797,0,0,0,0,0,0
bge_m3_1024d,en_def_translated_cn_def,EDGE-02229,ROOT-572D,圭,女,女,娃,bge_m3_1024d__en_def_translated_cn_def__EDGE-02229,15,15,男,1874,0.5199269652366638,男,891,0.5473811626434326,6039,3,0,0,0,0.0005336179295624,0.6897979463398476,0,0,0,0.0011223344556677,0.8526001987413051,983,0,0,0,0,0,0
bge_m3_1024d,en_def_translated_cn_def,EDGE-02230,ROOT-572D,圭,心,心,恚,bge_m3_1024d__en_def_translated_cn_def__EDGE-02230,15,15,脾,3468,0.4425024092197418,脾,2811,0.4640734493732452,6039,3,0,0,0,0.0002883506343713,0.4258032461079828,0,0,0,0.0003557452863749,0.5346141106326598,657,0,0,0,0,0,0
bge_m3_1024d,en_def_translated_cn_def,EDGE-02232,ROOT-572D,圭,木,木,桂,bge_m3_1024d__en_def_translated_cn_def__EDGE-02232,15,15,樹,832,0.5178046226501465,樹,946,0.5253782868385315,6039,3,0,0,0,0.001201923076923,0.862371646240477,0,0,0,0.0010570824524312,0.8434912222590262,-114,0,0,0,0,0,0
bge_m3_1024d,en_def_translated_cn_def,EDGE-02236,ROOT-572D,圭,王,玉,珪,bge_m3_1024d__en_def_translated_cn_def__EDGE-02236,15,15,砥,4344,0.4897474348545074,砥,4398,0.4932558536529541,6039,3,0,0,0,0.0002302025782688,0.2807220934084133,0,0,0,0.0002273760800363,0.2717787346803577,-54,0,0,0,0,0,0
bge_m3_1024d,en_def_translated_cn_def,EDGE-02237,ROOT-572D,圭,田,田,畦,bge_m3_1024d__en_def_translated_cn_def__EDGE-02237,15,15,墾,23,0.765980064868927,墾,17,0.7619540691375732,6039,3,0,0,0,0.0434782608695652,0.9963564094070884,0,0,0,0.0588235294117647,0.997350115932428,6,0,0,0,0,0,0
bge_m3_1024d,en_def_translated_cn_def,EDGE-02243,ROOT-572D,圭,虫,虫,蛙,bge_m3_1024d__en_def_translated_cn_def__EDGE-02243,15,15,鴆,159,0.5970388650894165,虺,1982,0.5207230448722839,6039,3,0,0,0,0.0062893081761006,0.973832394832726,0,0,0,0.0005045408678102,0.6719112288837363,-1823,0,0,0,0,0,0
bge_m3_1024d,en_def_translated_cn_def,EDGE-02244,ROOT-572D,圭,行,行,街,bge_m3_1024d__en_def_translated_cn_def__EDGE-02244,15,15,順,1393,0.5388599634170532,順,2311,0.4990482032299042,6039,3,0,0,0,0.0007178750897343,0.7694600861212322,0,0,0,0.0004327131112072,0.6174229877442862,-918,0,0,0,0,0,0
bge_m3_1024d,en_def_translated_cn_def,EDGE-02248,ROOT-572D,圭,門,門,閨,bge_m3_1024d__en_def_translated_cn_def__EDGE-02248,15,15,鎖,4814,0.3905644118785858,閘,4665,0.4042189717292785,6039,3,0,0,0,0.0002077274615704,0.2028817489234846,0,0,0,0.00021436227224,0.2275587943027492,149,0,0,0,0,0,0
bge_m3_1024d,en_def_translated_cn_def,EDGE-02249,ROOT-572D,圭,革,革,鞋,bge_m3_1024d__en_def_translated_cn_def__EDGE-02249,15,15,韋,1036,0.5921111702919006,韋,2382,0.553955614566803,6039,3,0,0,0,0.0009652509652509,0.8285856243789335,0,0,0,0.0004198152812762,0.6056641271944352,-1346,0,0,0,0,0,0
bge_m3_1024d,en_def_translated_cn_def,EDGE-02266,ROOT-582F,堯,亻,人,僥,bge_m3_1024d__en_def_translated_cn_def__EDGE-02266,12,12,睿,792,0.5544852018356323,睿,364,0.5933648347854614,6039,3,0,0,0,0.0012626262626262,0.8689963564094071,0,0,0,0.0027472527472527,0.9398807552169592,428,0,0,0,0,0,0
bge_m3_1024d,en_def_translated_cn_def,EDGE-02268,ROOT-582F,堯,女,女,嬈,bge_m3_1024d__en_def_translated_cn_def__EDGE-02268,12,12,男,2648,0.5010026693344116,男,3519,0.4542261362075805,6039,3,0,0,0,0.0003776435045317,0.56160980457105,0,0,0,0.0002841716396703,0.4173567406425968,-871,0,0,0,0,0,0
bge_m3_1024d,en_def_translated_cn_def,EDGE-02270,ROOT-582F,堯,扌,手,撓,bge_m3_1024d__en_def_translated_cn_def__EDGE-02270,12,12,軀,4208,0.5311603546142578,軀,3050,0.5593622326850891,6039,3,0,0,0,0.0002376425855513,0.3032461079827757,0,0,0,0.000327868852459,0.4950314673733024,1158,0,0,0,0,0,0
bge_m3_1024d,en_def_translated_cn_def,EDGE-02271,ROOT-582F,堯,日,日,曉,bge_m3_1024d__en_def_translated_cn_def__EDGE-02271,12,12,昀,1389,0.6063873171806335,暉,1404,0.6043428182601929,6039,3,0,0,0,0.0007199424046076,0.7701225571381252,0,0,0,0.0007122507122507,0.7676382908247764,-15,0,0,0,0,0,0
bge_m3_1024d,en_def_translated_cn_def,EDGE-02272,ROOT-582F,堯,木,木,橈,bge_m3_1024d__en_def_translated_cn_def__EDGE-02272,12,12,樹,2694,0.4582644701004028,樹,2046,0.4714548289775848,6039,3,0,0,0,0.0003711952487008,0.5539913878767804,0,0,0,0.0004887585532746,0.6613116926134481,648,0,0,0,0,0,0
bge_m3_1024d,en_def_translated_cn_def,EDGE-02273,ROOT-582F,堯,氵,水,澆,bge_m3_1024d__en_def_translated_cn_def__EDGE-02273,12,12,礬,95,0.6259584426879883,樸,82,0.6293861269950867,6039,3,0,0,0,0.0105263157894736,0.9844319311030142,0,0,0,0.0121951219512195,0.9865849619079166,13,0,0,0,0,0,0
bge_m3_1024d,en_def_translated_cn_def,EDGE-02274,ROOT-582F,堯,火,火,燒,bge_m3_1024d__en_def_translated_cn_def__EDGE-02274,12,12,焰,12,0.7373307943344116,焰,6,0.7594503164291382,6039,3,0,0,0,0.0833333333333333,0.9981782047035442,0,0,1,0.1666666666666666,0.9991719112288836,6,0,0,0,0,1,0
bge_m3_1024d,en_def_translated_cn_def,EDGE-02277,ROOT-582F,堯,糸,糸,繞,bge_m3_1024d__en_def_translated_cn_def__EDGE-02277,12,12,緬,435,0.6795950531959534,緬,294,0.6787794232368469,6039,3,0,0,0,0.0022988505747126,0.9281218946671084,0,0,0,0.0034013605442176,0.9514739980125868,141,0,0,0,0,0,0
bge_m3_1024d,en_def_translated_cn_def,EDGE-02278,ROOT-582F,堯,羽,羽,翹,bge_m3_1024d__en_def_translated_cn_def__EDGE-02278,12,12,翅,1899,0.5782710909843445,翅,1109,0.6120206713676453,6039,3,0,0,0,0.0005265929436545,0.6856575024842664,0,0,0,0.0009017132551848,0.816495528320636,790,0,0,0,0,0,0
bge_m3_1024d,en_def_translated_cn_def,EDGE-02281,ROOT-582F,堯,虫,虫,蟯,bge_m3_1024d__en_def_translated_cn_def__EDGE-02281,12,12,鴆,40,0.6248772144317627,虺,480,0.5794551968574524,6039,3,0,0,0,0.025,0.9935409075852932,0,0,0,0.0020833333333333,0.920669095727062,-440,0,0,0,0,0,0
bge_m3_1024d,en_def_translated_cn_def,EDGE-02285,ROOT-582F,堯,釒,金,鐃,bge_m3_1024d__en_def_translated_cn_def__EDGE-02285,12,12,鈾,3692,0.4624833166599273,鈾,3845,0.4597998559474945,6039,3,0,0,0,0.0002708559046587,0.3887048691619741,0,0,0,0.000260078023407,0.3633653527658165,-153,0,0,0,0,0,0
bge_m3_1024d,en_def_translated_cn_def,EDGE-02287,ROOT-582F,堯,飠,食,饒,bge_m3_1024d__en_def_translated_cn_def__EDGE-02287,12,12,膳,3303,0.5873687863349915,膳,2713,0.6013064980506897,6039,3,0,0,0,0.0003027550711474,0.4531301755548195,0,0,0,0.0003685956505713,0.5508446505465385,590,0,0,0,0,0,0
bge_m3_1024d,en_def_translated_cn_def,EDGE-02288,ROOT-582F,堯,馬,馬,驍,bge_m3_1024d__en_def_translated_cn_def__EDGE-02288,12,12,犀,4838,0.4446839690208435,犀,4604,0.4580526053905487,6039,3,0,0,0,0.000206696982224,0.1989069228221265,0,0,0,0.0002172024326672,0.2376614773103676,234,0,0,0,0,0,0
bge_m3_1024d,en_def_translated_cn_def,EDGE-03014,ROOT-382F,台,女,女,始,bge_m3_1024d__en_def_translated_cn_def__EDGE-03014,14,13,男,2705,0.4993888735771179,男,2676,0.4783974885940552,6039,3,0,0,0,0.0003696857670979,0.5521695925803246,0,0,0,0.0003736920777279,0.5569725074527989,29,0,0,0,0,0,0
bge_m3_1024d,en_def_translated_cn_def,EDGE-03015,ROOT-382F,台,心,心,怠,bge_m3_1024d__en_def_translated_cn_def__EDGE-03015,14,13,脾,2756,0.4561359584331512,脾,2040,0.5091966390609741,6039,3,0,0,0,0.0003628447024673,0.5437230871149388,0,0,0,0.0004901960784313,0.6623053991387877,716,0,0,0,0,0,0
bge_m3_1024d,en_def_translated_cn_def,EDGE-03016,ROOT-382F,台,忄,心,怡,bge_m3_1024d__en_def_translated_cn_def__EDGE-03016,14,13,脾,950,0.5010948181152344,脾,642,0.541583776473999,6039,3,0,0,0,0.0010526315789473,0.8428287512421332,0,0,0,0.0015576323987538,0.893839019542895,308,0,0,0,0,0,0
bge_m3_1024d,en_def_translated_cn_def,EDGE-03018,ROOT-382F,台,歹,歹,殆,bge_m3_1024d__en_def_translated_cn_def__EDGE-03018,14,13,噩,43,0.7502478361129761,噩,54,0.7252265810966492,6039,3,0,0,0,0.0232558139534883,0.9930440543226234,0,0,0,0.0185185185185185,0.9912222590261676,-11,0,0,0,0,0,0
bge_m3_1024d,en_def_translated_cn_def,EDGE-03019,ROOT-382F,台,氵,水,治,bge_m3_1024d__en_def_translated_cn_def__EDGE-03019,14,13,礬,4350,0.452964186668396,樸,3960,0.4440922737121582,6039,3,0,0,0,0.0002298850574712,0.2797283868830739,0,0,0,0.0002525252525252,0.3443193110301424,390,0,0,0,0,0,0
bge_m3_1024d,en_def_translated_cn_def,EDGE-03023,ROOT-382F,台,竹,竹,笞,bge_m3_1024d__en_def_translated_cn_def__EDGE-03023,14,13,藤,1029,0.5294473767280579,藤,1733,0.5249264240264893,6039,3,0,0,0,0.0009718172983479,0.8297449486584962,0,0,0,0.0005770340450086,0.7131500496853262,-704,0,0,0,0,0,0
bge_m3_1024d,en_def_translated_cn_def,EDGE-03024,ROOT-382F,台,糸,糸,紿,bge_m3_1024d__en_def_translated_cn_def__EDGE-03024,14,13,緬,3474,0.5394333004951477,緬,2768,0.5537959933280945,6039,3,0,0,0,0.0002878526194588,0.4248095395826432,0,0,0,0.0003612716763005,0.5417356740642597,706,0,0,0,0,0,0
bge_m3_1024d,en_def_translated_cn_def,EDGE-03025,ROOT-382F,台,肉,肉,胎,bge_m3_1024d__en_def_translated_cn_def__EDGE-03025,14,13,腱,49,0.6284744739532471,腱,192,0.5816265940666199,6039,3,0,0,0,0.0204081632653061,0.9920503477972838,0,0,0,0.0052083333333333,0.9683670089433588,-143,0,0,0,0,0,0
bge_m3_1024d,en_def_translated_cn_def,EDGE-03028,ROOT-382F,台,貝,貝,貽,bge_m3_1024d__en_def_translated_cn_def__EDGE-03028,14,13,蜃,4368,0.4514869153499603,蜃,3801,0.4609911441802978,6039,3,0,0,0,0.0002289377289377,0.2767472673070553,0,0,0,0.0002630886608787,0.3706525339516396,567,0,0,0,0,0,0
bge_m3_1024d,en_def_translated_cn_def,EDGE-03031,ROOT-382F,台,風,風,颱,bge_m3_1024d__en_def_translated_cn_def__EDGE-03031,14,13,呃,4557,0.5042001605033875,呃,4557,0.480095237493515,6039,3,0,0,0,0.0002194426157559,0.2454455117588605,0,0,0,0.0002194426157559,0.2454455117588605,0,0,0,0,0,0,0
bge_m3_1024d,en_def_translated_cn_def,EDGE-03032,ROOT-382F,台,飠,食,飴,bge_m3_1024d__en_def_translated_cn_def__EDGE-03032,14,13,膳,2541,0.6192917227745056,膳,3176,0.573688268661499,6039,3,0,0,0,0.0003935458480913,0.579330904272938,0,0,0,0.0003148614609571,0.4741636303411726,-635,0,0,0,0,0,0
bge_m3_1024d,en_def_translated_cn_def,EDGE-03033,ROOT-382F,台,馬,馬,駘,bge_m3_1024d__en_def_translated_cn_def__EDGE-03033,14,13,犀,3473,0.4737255871295929,犀,3272,0.4972300231456756,6039,3,0,0,0,0.0002879355024474,0.4249751573368665,0,0,0,0.0003056234718826,0.4582643259357403,201,0,0,0,0,0,0
bge_m3_1024d,en_def_translated_cn_def,EDGE-03085,ROOT-5E1D,帝,口,口,啻,bge_m3_1024d__en_def_translated_cn_def__EDGE-03085,3,3,舌,1656,0.4834567010402679,牙,1967,0.3968673646450043,6039,3,0,0,0,0.0006038647342995,0.7259026167605167,0,0,0,0.0005083884087442,0.6743954951970852,-311,0,0,0,0,0,0
bge_m3_1024d,en_def_translated_cn_def,EDGE-03087,ROOT-5E1D,帝,口,口,啼,bge_m3_1024d__en_def_translated_cn_def__EDGE-03087,3,3,舌,3019,0.4501027166843414,牙,4296,0.320408821105957,6039,3,0,0,0,0.0003312355084465,0.5001656177542233,0,0,0,0.0002327746741154,0.2886717456111295,-1277,0,0,0,0,0,0
bge_m3_1024d,en_def_translated_cn_def,EDGE-03089,ROOT-5E1D,帝,糸,糸,締,bge_m3_1024d__en_def_translated_cn_def__EDGE-03089,4,3,緬,3712,0.528388500213623,緬,4506,0.4263060986995697,6039,3,0,0,0,0.0002693965517241,0.3853925140775091,0,0,0,0.0002219263204616,0.2538920172242465,-794,0,0,0,0,0,0
bge_m3_1024d,en_def_translated_cn_def,EDGE-03091,ROOT-5E1D,帝,言,言,諦,bge_m3_1024d__en_def_translated_cn_def__EDGE-03091,4,3,語,887,0.6677916049957275,語,1652,0.5637302994728088,6039,3,0,0,0,0.0011273957158962,0.8532626697581981,0,0,0,0.0006053268765133,0.7265650877774097,-765,0,0,0,0,0,0
bge_m3_1024d,en_def_translated_cn_def,EDGE-03092,ROOT-5E1D,帝,𧾷,足,蹄,bge_m3_1024d__en_def_translated_cn_def__EDGE-03092,4,3,忒,3656,0.5391579866409302,忒,4642,0.413871705532074,6039,3,0,0,0,0.0002735229759299,0.3946671083140113,0,0,0,0.0002154243860404,0.2313680026498841,-986,0,0,0,0,0,0
bge_m3_1024d,en_def_translated_cn_def,EDGE-03943,ROOT-67EC,闌,木,木,欄,bge_m3_1024d__en_def_translated_cn_def__EDGE-03943,16,14,樹,505,0.5359243750572205,樹,1123,0.4873193502426147,6039,3,0,0,0,0.0019801980198019,0.9165286518714806,0,0,0,0.0008904719501335,0.8141768797615104,-618,0,0,0,0,0,0
bge_m3_1024d,en_def_translated_cn_def,EDGE-03944,ROOT-67EC,闌,氵,水,瀾,bge_m3_1024d__en_def_translated_cn_def__EDGE-03944,16,14,礬,2344,0.504387617111206,礬,2966,0.4830224514007568,6039,3,0,0,0,0.0004266211604095,0.6119576018549189,0,0,0,0.0003371544167228,0.5089433587280556,-622,0,0,0,0,0,0
bge_m3_1024d,en_def_translated_cn_def,EDGE-03945,ROOT-67EC,闌,火,火,爛,bge_m3_1024d__en_def_translated_cn_def__EDGE-03945,16,14,焰,115,0.6356892585754395,燄,168,0.6056342124938965,6039,3,0,0,0,0.008695652173913,0.9811195760185492,0,0,0,0.0059523809523809,0.9723418350447168,-53,0,0,0,0,0,0
bge_m3_1024d,en_def_translated_cn_def,EDGE-04481,ROOT-9752,青,亻,人,倩,bge_m3_1024d__en_def_translated_cn_def__EDGE-04481,11,11,睿,407,0.5751758813858032,睿,471,0.5430363416671753,6039,3,0,0,0,0.0024570024570024,0.9327591917853594,0,0,0,0.0021231422505307,0.9221596555150712,-64,0,0,0,0,0,0
bge_m3_1024d,en_def_translated_cn_def,EDGE-04485,ROOT-9752,青,忄,心,情,bge_m3_1024d__en_def_translated_cn_def__EDGE-04485,11,11,脾,816,0.5067116618156433,脾,751,0.488172709941864,6039,3,0,0,0,0.0012254901960784,0.8650215303080491,0,0,0,0.0013315579227696,0.8757866843325605,65,0,0,0,0,0,0
bge_m3_1024d,en_def_translated_cn_def,EDGE-04486,ROOT-9752,青,日,日,晴,bge_m3_1024d__en_def_translated_cn_def__EDGE-04486,11,11,昀,1009,0.6278231739997864,暉,244,0.6721556186676025,6039,3,0,0,0,0.0009910802775024,0.8330573037429613,0,0,0,0.0040983606557377,0.9597548857237496,765,0,0,0,0,0,0
bge_m3_1024d,en_def_translated_cn_def,EDGE-04487,ROOT-9752,青,犭,犬,猜,bge_m3_1024d__en_def_translated_cn_def__EDGE-04487,11,11,彘,2127,0.5914249420166016,崽,1861,0.5932000279426575,6039,3,0,0,0,0.000470145745181,0.6478966545213647,0,0,0,0.0005373455131649,0.6919509771447498,266,0,0,0,0,0,0
bge_m3_1024d,en_def_translated_cn_def,EDGE-04488,ROOT-9752,青,目,目,睛,bge_m3_1024d__en_def_translated_cn_def__EDGE-04488,11,11,瞼,2,0.8776628971099854,瞼,2,0.8550979495048523,6039,3,0,1,1,0.5,0.9998343822457768,0,1,1,0.5,0.9998343822457768,0,0,0,0,0,0,0
bge_m3_1024d,en_def_translated_cn_def,EDGE-04489,ROOT-9752,青,米,米,精,bge_m3_1024d__en_def_translated_cn_def__EDGE-04489,11,11,芽,5067,0.4038145542144775,芽,4633,0.3790543377399444,6039,3,0,0,0,0.0001973554371422,0.1609804571050016,0,0,0,0.0002158428663932,0.2328585624378933,434,0,0,0,0,0,0
bge_m3_1024d,en_def_translated_cn_def,EDGE-04492,ROOT-9752,青,虫,虫,蜻,bge_m3_1024d__en_def_translated_cn_def__EDGE-04492,11,11,鴆,572,0.5613733530044556,鴆,412,0.5517256855964661,6039,3,0,0,0,0.0017482517482517,0.9054322623385228,0,0,0,0.0024271844660194,0.9319311030142432,160,0,0,0,0,0,0
bge_m3_1024d,en_def_translated_cn_def,EDGE-04493,ROOT-9752,青,言,言,請,bge_m3_1024d__en_def_translated_cn_def__EDGE-04493,11,11,語,3925,0.5376189947128296,語,3892,0.5142613053321838,6039,3,0,0,0,0.0002547770700636,0.3501159324279562,0,0,0,0.000256937307297,0.3555813183173236,33,0,0,0,0,0,0
bge_m3_1024d,en_def_translated_cn_def,EDGE-04495,ROOT-9752,青,立,立,靖,bge_m3_1024d__en_def_translated_cn_def__EDGE-04495,11,11,聳,2194,0.5811715722084045,聳,2453,0.5427469611167908,6039,3,0,0,0,0.0004557885141294,0.6368002649884068,0,0,0,0.0004076640847941,0.5939052666445843,-259,0,0,0,0,0,0
bge_m3_1024d,en_def_translated_cn_def,EDGE-04496,ROOT-9752,青,見,見,靚,bge_m3_1024d__en_def_translated_cn_def__EDGE-04496,11,11,睹,411,0.6871407628059387,睹,70,0.7172436714172363,6039,3,0,0,0,0.0024330900243309,0.9320967207684664,0,0,0,0.0142857142857142,0.9885723749585956,341,0,0,0,0,0,0
bge_m3_1024d,en_def_translated_cn_def,EDGE-04497,ROOT-9752,青,爭,爭,靜,bge_m3_1024d__en_def_translated_cn_def__EDGE-04497,11,11,戰,2197,0.552111029624939,鏖,1588,0.5284921526908875,6039,3,0,0,0,0.0004551661356395,0.636303411725737,0,0,0,0.0006297229219143,0.7371646240476979,609,0,0,0,0,0,0
bge_m3_1024d,en_def_translated_cn_def,EDGE-04498,ROOT-9752,青,魚,魚,鯖,bge_m3_1024d__en_def_translated_cn_def__EDGE-04498,11,11,蛙,81,0.6648784875869751,蛙,77,0.6462646722793579,6039,3,0,0,0,0.0123456790123456,0.9867505796621396,0,0,0,0.0129870129870129,0.9874130506790328,4,0,0,0,0,0,0
bge_m3_1024d,en_def_translated_cn_def,EDGE-05389,ROOT-4F59,余,氵,水,涂,bge_m3_1024d__en_def_translated_cn_def__EDGE-05389,6,6,礬,5520,0.3969544172286987,樸,5540,0.3576063215732574,6039,3,0,0,0,0.0001811594202898,0.0859556144418681,0,0,0,0.0001805054151624,0.0826432593574031,-20,0,0,0,0,0,0
bge_m3_1024d,en_def_translated_cn_def,EDGE-05391,ROOT-4F59,余,彳,彳,徐,bge_m3_1024d__en_def_translated_cn_def__EDGE-05391,6,6,亍,1001,0.4964601695537567,亍,914,0.4518849551677704,6039,3,0,0,0,0.0009990009990009,0.8343822457767472,0,0,0,0.0010940919037199,0.8487909903941703,87,0,0,0,0,0,0
bge_m3_1024d,en_def_translated_cn_def,EDGE-05394,ROOT-4F59,余,斗,斗,斜,bge_m3_1024d__en_def_translated_cn_def__EDGE-05394,6,6,盦,1150,0.5991171598434448,皿,821,0.6115254163742065,6039,3,0,0,0,0.0008695652173913,0.8097052003974826,0,0,0,0.0012180267965895,0.8641934415369328,329,0,0,0,0,0,0
bge_m3_1024d,en_def_translated_cn_def,EDGE-05396,ROOT-4F59,余,田,田,畬,bge_m3_1024d__en_def_translated_cn_def__EDGE-05396,6,6,墾,6,0.8226291537284851,墾,9,0.7574417591094971,6039,3,0,0,1,0.1666666666666666,0.9991719112288836,0,0,1,0.1111111111111111,0.998675057966214,-3,0,0,0,0,0,0
bge_m3_1024d,en_def_translated_cn_def,EDGE-05401,ROOT-4F59,余,虫,虫,蜍,bge_m3_1024d__en_def_translated_cn_def__EDGE-05401,6,6,鴆,3536,0.4766359031200409,鴆,4990,0.4272742867469787,6039,3,0,0,0,0.0002828054298642,0.4145412388208016,0,0,0,0.0002004008016032,0.1737330241801921,-1454,0,0,0,0,0,0
bge_m3_1024d,en_def_translated_cn_def,EDGE-05408,ROOT-4F59,余,飠,食,餘,bge_m3_1024d__en_def_translated_cn_def__EDGE-05408,6,6,膳,906,0.68210768699646,膳,942,0.6635140776634216,6039,3,0,0,0,0.0011037527593818,0.8501159324279562,0,0,0,0.0010615711252653,0.8441536932759192,-36,0,0,0,0,0,0
bge_m3_1024d,en_def_translated_cn_def,EDGE-05801,ROOT-8FB0,辰,女,女,娠,bge_m3_1024d__en_def_translated_cn_def__EDGE-05801,6,6,男,4403,0.4522096514701843,男,3619,0.4705985188484192,6039,3,0,0,0,0.0002271178741766,0.2709506459092414,0,0,0,0.0002763194252555,0.4007949652202716,784,0,0,0,0,0,0
bge_m3_1024d,en_def_translated_cn_def,EDGE-05803,ROOT-8FB0,辰,扌,手,振,bge_m3_1024d__en_def_translated_cn_def__EDGE-05803,6,6,軀,53,0.7195767164230347,搐,23,0.7244963645935059,6039,3,0,0,0,0.0188679245283018,0.9913878767803908,0,0,0,0.0434782608695652,0.9963564094070884,30,0,0,0,0,0,0
bge_m3_1024d,en_def_translated_cn_def,EDGE-05804,ROOT-8FB0,辰,日,日,晨,bge_m3_1024d__en_def_translated_cn_def__EDGE-05804,6,6,昀,586,0.6661092638969421,昀,751,0.627610445022583,6039,3,0,0,0,0.0017064846416382,0.9031136137793973,0,0,0,0.0013315579227696,0.8757866843325605,-165,0,0,0,0,0,0
bge_m3_1024d,en_def_translated_cn_def,EDGE-05807,ROOT-8FB0,辰,肉,肉,脣,bge_m3_1024d__en_def_translated_cn_def__EDGE-05807,6,6,腱,33,0.6441320180892944,腱,38,0.6235114932060242,6039,3,0,0,0,0.0303030303030303,0.994700231864856,0,0,0,0.0263157894736842,0.9938721430937396,-5,0,0,0,0,0,0
bge_m3_1024d,en_def_translated_cn_def,EDGE-05809,ROOT-8FB0,辰,虫,虫,蜃,bge_m3_1024d__en_def_translated_cn_def__EDGE-05809,6,6,鴆,1316,0.5314568281173706,虺,1890,0.5352036952972412,6039,3,0,0,0,0.0007598784194528,0.7822126531964226,0,0,0,0.0005291005291005,0.6871480622722757,-574,0,0,0,0,0,0
bge_m3_1024d,en_def_translated_cn_def,EDGE-05810,ROOT-8FB0,辰,貝,貝,賑,bge_m3_1024d__en_def_translated_cn_def__EDGE-05810,6,6,蜃,1644,0.5076596736907959,蜃,931,0.534270167350769,6039,3,0,0,0,0.0006082725060827,0.7278900298111958,0,0,0,0.0010741138560687,0.8459754885723749,713,0,0,0,0,0,0
bge_m3_1024d,en_def_translated_cn_def,EDGE-05811,ROOT-8FB0,辰,雨,雨,震,bge_m3_1024d__en_def_translated_cn_def__EDGE-05811,6,6,雹,1297,0.4583951532840729,霧,673,0.4850051701068878,6039,3,0,0,0,0.0007710100231303,0.7853593905266645,0,0,0,0.0014858841010401,0.8887048691619741,624,0,0,0,0,0,0
bge_m3_1024d,en_def_translated_cn_def,EDGE-06206,ROOT-5360,店,扌,手,掂,bge_m3_1024d__en_def_translated_cn_def__EDGE-06206,10,10,軀,1400,0.6114038825035095,軀,1709,0.6046148538589478,6039,3,0,0,0,0.0007142857142857,0.7683007618416694,0,0,0,0.0005851375073142,0.7171248757866844,-309,0,0,0,0,0,0
bge_m3_1024d,en_def_translated_cn_def,EDGE-06207,ROOT-5360,店,忄,心,惦,bge_m3_1024d__en_def_translated_cn_def__EDGE-06207,11,10,脾,1874,0.4734792709350586,脾,1797,0.5003686547279358,6039,3,0,0,0,0.0005336179295624,0.6897979463398476,0,0,0,0.0005564830272676,0.702550513415038,77,0,0,0,0,0,0
bge_m3_1024d,en_gloss_unihan,EDGE-00063,ROOT-219CD,賓,亻,人,儐,bge_m3_1024d__en_gloss_unihan__EDGE-00063,10,10,夫,5839,0.5248598456382751,氓,3488,0.5568126440048218,9152,3,0,0,0,0.0001712622024319,0.362036935854005,0,0,0,0.0002866972477064,0.6189487487706262,2351,0,0,0,0,0,0
bge_m3_1024d,en_gloss_unihan,EDGE-00064,ROOT-219CD,賓,女,女,嬪,bge_m3_1024d__en_gloss_unihan__EDGE-00064,10,10,角,617,0.4823675155639648,危,301,0.5068874955177307,9152,3,0,0,0,0.0016207455429497,0.9326849524642116,0,0,0,0.0033222591362126,0.9672166976286743,316,0,0,0,0,0,0
bge_m3_1024d,en_gloss_unihan,EDGE-00065,ROOT-219CD,賓,扌,手,擯,bge_m3_1024d__en_gloss_unihan__EDGE-00065,10,10,挶,8147,0.422986090183258,挶,8037,0.3750151991844177,9152,3,0,0,0,0.0001227445685528,0.1098240629439405,0,0,0,0.0001244245365186,0.1218446071467599,110,0,0,0,0,0,0
bge_m3_1024d,en_gloss_unihan,EDGE-00066,ROOT-219CD,賓,木,木,檳,bge_m3_1024d__en_gloss_unihan__EDGE-00066,10,10,松,5660,0.5497612357139587,松,5753,0.5103662610054016,9152,3,0,0,0,0.0001766784452296,0.3815976396022292,0,0,0,0.0001738223535546,0.3714348158671183,-93,0,0,0,0,0,0
bge_m3_1024d,en_gloss_unihan,EDGE-00067,ROOT-219CD,賓,歹,歹,殯,bge_m3_1024d__en_gloss_unihan__EDGE-00067,10,10,惡,4980,0.4807218313217163,惡,4978,0.4413703083992004,9152,3,0,0,0,0.0002008032128514,0.4559064583105672,0,0,0,0.000200883889112,0.4561250136597093,2,0,0,0,0,0,0
bge_m3_1024d,en_gloss_unihan,EDGE-00068,ROOT-219CD,賓,氵,水,濱,bge_m3_1024d__en_gloss_unihan__EDGE-00068,10,10,液,2756,0.5218154788017273,液,3845,0.4661994874477386,9152,3,0,0,0,0.0003628447024673,0.6989400065566604,0,0,0,0.000260078023407,0.5799366189487487,-1089,0,0,0,0,0,0
bge_m3_1024d,en_gloss_unihan,EDGE-00069,ROOT-219CD,賓,目,目,矉,bge_m3_1024d__en_gloss_unihan__EDGE-00069,10,10,見,782,0.5308603644371033,覽,627,0.5749974846839905,9152,3,0,0,0,0.0012787723785166,0.9146541361599824,0,0,0,0.0015948963317384,0.9315921757185008,155,0,0,0,0,0,0
bge_m3_1024d,en_gloss_unihan,EDGE-00070,ROOT-219CD,賓,糸,糸,繽,bge_m3_1024d__en_gloss_unihan__EDGE-00070,10,10,髟,3454,0.4316553771495819,髟,5908,0.4443644881248474,9152,3,0,0,0,0.0002895193977996,0.622664189706043,0,0,0,0.0001692620176032,0.3544967763086001,-2454,0,0,0,0,0,0
bge_m3_1024d,en_gloss_unihan,EDGE-00071,ROOT-219CD,賓,虫,虫,蠙,bge_m3_1024d__en_gloss_unihan__EDGE-00071,10,10,隹,8357,0.3585280478000641,蟲,8038,0.407522588968277,9152,3,0,0,0,0.000119660165131,0.0868757512840127,0,0,0,0.0001244090569793,0.1217353294721887,319,0,0,0,0,0,0
bge_m3_1024d,en_gloss_unihan,EDGE-00072,ROOT-219CD,賓,髟,髟,鬢,bge_m3_1024d__en_gloss_unihan__EDGE-00072,10,10,鳥,911,0.477929949760437,鳥,352,0.553959846496582,9152,3,0,0,0,0.0010976948408342,0.9005573161403125,0,0,0,0.002840909090909,0.9616435362255492,559,0,0,0,0,0,0
bge_m3_1024d,en_gloss_unihan,EDGE-00478,ROOT-4EA5,亥,亻,人,侅,bge_m3_1024d__en_gloss_unihan__EDGE-00478,14,14,夫,1362,0.6412602663040161,叟,1680,0.6004467010498047,9152,3,0,0,0,0.000734214390602,0.8512730849087531,0,0,0,0.000595238095238,0.8165227843951481,-318,0,0,0,0,0,0
bge_m3_1024d,en_gloss_unihan,EDGE-00479,ROOT-4EA5,亥,刂,刀,刻,bge_m3_1024d__en_gloss_unihan__EDGE-00479,14,14,鍰,132,0.6693955659866333,鍰,225,0.6276272535324097,9152,3,0,0,0,0.0075757575757575,0.985684624631188,0,0,0,0.0044444444444444,0.975521800896077,-93,0,0,0,0,0,0
bge_m3_1024d,en_gloss_unihan,EDGE-00480,ROOT-4EA5,亥,力,力,劾,bge_m3_1024d__en_gloss_unihan__EDGE-00480,14,14,鬥,2394,0.4286377131938934,鬥,2032,0.5004799365997314,9152,3,0,0,0,0.0004177109440267,0.7384985247513933,0,0,0,0.0004921259842519,0.7780570429461261,362,0,0,0,0,0,0
bge_m3_1024d,en_gloss_unihan,EDGE-00481,ROOT-4EA5,亥,口,口,咳,bge_m3_1024d__en_gloss_unihan__EDGE-00481,14,14,闥,6360,0.4874955415725708,谽,5234,0.5099663734436035,9152,3,0,0,0,0.0001572327044025,0.3051032674024696,0,0,0,0.0001910584638899,0.4281499289695115,1126,0,0,0,0,0,0
bge_m3_1024d,en_gloss_unihan,EDGE-00482,ROOT-4EA5,亥,土,土,垓,bge_m3_1024d__en_gloss_unihan__EDGE-00482,14,14,地,549,0.6303138732910156,地,700,0.5882472395896912,9152,3,0,0,0,0.0018214936247723,0.9401158343350452,0,0,0,0.0014285714285714,0.9236149054748116,-151,0,0,0,0,0,0
bge_m3_1024d,en_gloss_unihan,EDGE-00483,ROOT-4EA5,亥,子,子,孩,bge_m3_1024d__en_gloss_unihan__EDGE-00483,14,14,種,9,0.6939236521720886,種,6,0.6629561185836792,9152,3,0,0,1,0.1111111111111111,0.9991257786034312,0,0,1,0.1666666666666666,0.9994536116271444,3,0,0,0,0,0,0
bge_m3_1024d,en_gloss_unihan,EDGE-00484,ROOT-4EA5,亥,木,木,核,bge_m3_1024d__en_gloss_unihan__EDGE-00484,14,14,松,1921,0.6422957181930542,松,4302,0.5671974420547485,9152,3,0,0,0,0.0005205622071837,0.7901868648235165,0,0,0,0.000232450023245,0.5299967216697629,-2381,0,0,0,0,0,0
bge_m3_1024d,en_gloss_unihan,EDGE-00485,ROOT-4EA5,亥,欠,欠,欬,bge_m3_1024d__en_gloss_unihan__EDGE-00485,14,14,舛,5131,0.4443581700325012,歉,4694,0.4859044253826141,9152,3,0,0,0,0.0001948937828883,0.4394055294503333,0,0,0,0.0002130379207498,0.4871598732378974,437,0,0,0,0,0,0
bge_m3_1024d,en_gloss_unihan,EDGE-00487,ROOT-4EA5,亥,肉,肉,胲,bge_m3_1024d__en_gloss_unihan__EDGE-00487,14,14,血,6389,0.40508633852005,胏,7225,0.4515612125396728,9152,3,0,0,0,0.0001565190170605,0.3019342148399082,0,0,0,0.0001384083044982,0.210578078898481,-836,0,0,0,0,0,0
bge_m3_1024d,en_gloss_unihan,EDGE-00488,ROOT-4EA5,亥,艹,艸,荄,bge_m3_1024d__en_gloss_unihan__EDGE-00488,14,14,髟,117,0.6138032078742981,稂,21,0.6514824628829956,9152,3,0,0,0,0.0085470085470085,0.987323789749754,0,0,0,0.0476190476190476,0.9978144465085784,96,0,0,0,0,0,0
bge_m3_1024d,en_gloss_unihan,EDGE-00489,ROOT-4EA5,亥,言,言,該,bge_m3_1024d__en_gloss_unihan__EDGE-00489,14,14,門,3863,0.4976265430450439,語,2617,0.5806175470352173,9152,3,0,0,0,0.000258866166192,0.5779696208064693,0,0,0,0.0003821169277799,0.7141296033220412,1246,0,0,0,0,0,0
bge_m3_1024d,en_gloss_unihan,EDGE-00490,ROOT-4EA5,亥,門,門,閡,bge_m3_1024d__en_gloss_unihan__EDGE-00490,14,14,言,3093,0.4940721690654754,闥,2415,0.5581721067428589,9152,3,0,0,0,0.0003233107015842,0.6621134302262048,0,0,0,0.0004140786749482,0.7362036935854005,678,0,0,0,0,0,0
bge_m3_1024d,en_gloss_unihan,EDGE-00492,ROOT-4EA5,亥,頁,頁,頦,bge_m3_1024d__en_gloss_unihan__EDGE-00492,14,14,面,4753,0.4361165165901184,面,5737,0.4890592396259308,9152,3,0,0,0,0.0002103934357248,0.4807124904382035,0,0,0,0.0001743071291615,0.3731832586602557,-984,0,0,0,0,0,0
bge_m3_1024d,en_gloss_unihan,EDGE-00493,ROOT-4EA5,亥,馬,馬,駭,bge_m3_1024d__en_gloss_unihan__EDGE-00493,14,14,鹿,359,0.4991331100463867,鹿,320,0.5533544421195984,9152,3,0,0,0,0.0027855153203342,0.9608785925035516,0,0,0,0.003125,0.9651404218118238,39,0,0,0,0,0,0
bge_m3_1024d,en_gloss_unihan,EDGE-00494,ROOT-4EA5,亥,骨,骨,骸,bge_m3_1024d__en_gloss_unihan__EDGE-00494,14,14,身,29,0.690770149230957,骼,2,0.7555330395698547,9152,3,0,0,0,0.0344827586206896,0.9969402251120096,0,1,1,0.5,0.9998907223254287,27,0,0,1,0,1,0
bge_m3_1024d,en_gloss_unihan,EDGE-00734,ROOT-5143,元,刂,刀,刓,bge_m3_1024d__en_gloss_unihan__EDGE-00734,14,12,鍰,6839,0.4852153658866882,鍰,6601,0.4572691917419433,9152,3,0,0,0,0.0001462202076326,0.2527592612829199,0,0,0,0.0001514921981517,0.2787673478308381,238,0,0,0,0,0,0
bge_m3_1024d,en_gloss_unihan,EDGE-00747,ROOT-5143,元,氵,水,沅,bge_m3_1024d__en_gloss_unihan__EDGE-00747,13,12,液,9072,0.3066390454769134,液,8905,0.2788834571838379,9152,3,0,0,0,0.0001102292768959,0.0087422139656868,0,0,0,0.0001122964626614,0.026991585619058,167,0,0,0,0,0,0
bge_m3_1024d,en_gloss_unihan,EDGE-00748,ROOT-5143,元,王,玉,玩,bge_m3_1024d__en_gloss_unihan__EDGE-00748,14,12,琦,1022,0.564070463180542,琦,463,0.5289934873580933,9152,3,0,0,0,0.0009784735812133,0.8884274942629221,0,0,0,0.0021598272138228,0.9495137143481588,559,0,0,0,0,0,0
bge_m3_1024d,en_gloss_unihan,EDGE-00749,ROOT-5143,元,習,習,翫,bge_m3_1024d__en_gloss_unihan__EDGE-00749,14,12,翅,4603,0.5255385041236877,颻,4113,0.4730819165706634,9152,3,0,0,0,0.0002172496198131,0.4971041416238663,0,0,0,0.0002431315341599,0.550650202163698,490,0,0,0,0,0,0
bge_m3_1024d,en_gloss_unihan,EDGE-00750,ROOT-5143,元,艹,艸,芫,bge_m3_1024d__en_gloss_unihan__EDGE-00750,13,12,髟,9115,0.2935983836650848,萹,9088,0.3272924721240997,9152,3,0,0,0,0.0001097092704333,0.0040432739591301,0,0,0,0.0001100352112676,0.0069937711725494,27,0,0,0,0,0,0
bge_m3_1024d,en_gloss_unihan,EDGE-00754,ROOT-5143,元,頁,頁,頑,bge_m3_1024d__en_gloss_unihan__EDGE-00754,14,12,面,2980,0.4598549604415893,面,6079,0.4296727478504181,9152,3,0,0,0,0.0003355704697986,0.6744618074527374,0,0,0,0.0001645007402533,0.3358102939569446,-3099,0,0,0,0,0,0
bge_m3_1024d,en_gloss_unihan,EDGE-00755,ROOT-5143,元,黽,黽,黿,bge_m3_1024d__en_gloss_unihan__EDGE-00755,14,12,鬥,7403,0.3852899968624115,奮,7614,0.3868241906166076,9152,3,0,0,0,0.0001350803728218,0.1911266528248278,0,0,0,0.0001313370107696,0.1680690634903289,-211,0,0,0,0,0,0
bge_m3_1024d,en_gloss_unihan,EDGE-00807,ROOT-5303,曷,亻,人,偈,bge_m3_1024d__en_gloss_unihan__EDGE-00807,25,22,夫,1133,0.6469058394432068,叟,1082,0.6150038242340088,9152,3,0,0,0,0.0008826125330979,0.8762976723855316,0,0,0,0.0009242144177449,0.8818708337886569,51,0,0,0,0,0,0
bge_m3_1024d,en_gloss_unihan,EDGE-00808,ROOT-5303,曷,口,口,喝,bge_m3_1024d__en_gloss_unihan__EDGE-00808,25,22,闥,357,0.6503750681877136,谽,159,0.6283684968948364,9152,3,0,0,0,0.0028011204481792,0.9610971478526936,0,0,0,0.0062893081761006,0.9827341274177686,198,0,0,0,0,0,0
bge_m3_1024d,en_gloss_unihan,EDGE-00809,ROOT-5303,曷,土,土,堨,bge_m3_1024d__en_gloss_unihan__EDGE-00809,25,22,地,8850,0.3725635409355163,坴,8594,0.3732838928699493,9152,3,0,0,0,0.0001129943502824,0.0330018577204677,0,0,0,0.0001163602513381,0.0609769424106655,256,0,0,0,0,0,0
bge_m3_1024d,en_gloss_unihan,EDGE-00810,ROOT-5303,曷,忄,心,愒,bge_m3_1024d__en_gloss_unihan__EDGE-00810,25,22,房,4531,0.42662113904953,房,2656,0.4315062165260315,9152,3,0,0,0,0.0002207018318252,0.5049721341929844,0,0,0,0.0003765060240963,0.709867774013769,1875,0,0,0,0,0,0
bge_m3_1024d,en_gloss_unihan,EDGE-00811,ROOT-5303,曷,扌,手,揭,bge_m3_1024d__en_gloss_unihan__EDGE-00811,24,22,挶,2692,0.507376492023468,挶,2742,0.4707840085029602,9152,3,0,0,0,0.00037147102526,0.7059337777292098,0,0,0,0.0003646973012399,0.7004698940006557,-50,0,0,0,0,0,0
bge_m3_1024d,en_gloss_unihan,EDGE-00812,ROOT-5303,曷,日,日,暍,bge_m3_1024d__en_gloss_unihan__EDGE-00812,25,22,晝,4918,0.5387668609619141,晝,5196,0.5123806595802307,9152,3,0,0,0,0.0002033346888979,0.4626816741339744,0,0,0,0.0001924557351809,0.4323024806032127,-278,0,0,0,0,0,0
bge_m3_1024d,en_gloss_unihan,EDGE-00813,ROOT-5303,曷,去,去,朅,bge_m3_1024d__en_gloss_unihan__EDGE-00813,25,22,逸,7077,0.4638862013816833,侻,5934,0.4616962075233459,9152,3,0,0,0,0.0001413028119259,0.2267511747350016,0,0,0,0.0001685203909673,0.3516555567697519,1143,0,0,0,0,0,0
bge_m3_1024d,en_gloss_unihan,EDGE-00814,ROOT-5303,曷,木,木,楬,bge_m3_1024d__en_gloss_unihan__EDGE-00814,25,22,松,2861,0.6223047375679016,松,3395,0.577871561050415,9152,3,0,0,0,0.000349528137015,0.6874658507266965,0,0,0,0.0002945508100147,0.629111572505737,-534,0,0,0,0,0,0
bge_m3_1024d,en_gloss_unihan,EDGE-00815,ROOT-5303,曷,欠,欠,歇,bge_m3_1024d__en_gloss_unihan__EDGE-00815,25,22,舛,4044,0.4638701677322387,歉,2896,0.5190605521202087,9152,3,0,0,0,0.0002472799208704,0.5581903617091029,0,0,0,0.0003453038674033,0.6836411321167086,1148,0,0,0,0,0,0
bge_m3_1024d,en_gloss_unihan,EDGE-00817,ROOT-5303,曷,氵,水,渴,bge_m3_1024d__en_gloss_unihan__EDGE-00817,25,22,液,928,0.5648048520088196,液,1087,0.5302214622497559,9152,3,0,0,0,0.0010775862068965,0.898699595672604,0,0,0,0.0009199632014719,0.8813244454158016,-159,0,0,0,0,0,0
bge_m3_1024d,en_gloss_unihan,EDGE-00818,ROOT-5303,曷,犭,犬,猲,bge_m3_1024d__en_gloss_unihan__EDGE-00818,25,22,獫,3000,0.4759561419486999,獫,4710,0.4683336317539215,9152,3,0,0,0,0.0003333333333333,0.6722762539613156,0,0,0,0.000212314225053,0.4854114304447601,-1710,0,0,0,0,0,0
bge_m3_1024d,en_gloss_unihan,EDGE-00819,ROOT-5303,曷,石,石,碣,bge_m3_1024d__en_gloss_unihan__EDGE-00819,25,22,穴,345,0.5130223035812378,穴,111,0.6034170985221863,9152,3,0,0,0,0.0028985507246376,0.9624084799475467,0,0,0,0.009009009009009,0.9879794557971806,234,0,0,0,0,0,0
bge_m3_1024d,en_gloss_unihan,EDGE-00821,ROOT-5303,曷,立,立,竭,bge_m3_1024d__en_gloss_unihan__EDGE-00821,25,22,站,1704,0.6394233107566833,置,1256,0.6110694408416748,9152,3,0,0,0,0.0005868544600938,0.813900120205442,0,0,0,0.000796178343949,0.8628565184132881,448,0,0,0,0,0,0
bge_m3_1024d,en_gloss_unihan,EDGE-00822,ROOT-5303,曷,羊,羊,羯,bge_m3_1024d__en_gloss_unihan__EDGE-00822,25,22,豕,199,0.5515798330307007,豕,140,0.5948144793510437,9152,3,0,0,0,0.0050251256281407,0.9783630204349252,0,0,0,0.0071428571428571,0.9848104032346192,59,0,0,0,0,0,0
bge_m3_1024d,en_gloss_unihan,EDGE-00823,ROOT-5303,曷,艹,艸,葛,bge_m3_1024d__en_gloss_unihan__EDGE-00823,24,22,髟,807,0.4859252572059631,萹,932,0.530027449131012,9152,3,0,0,0,0.0012391573729863,0.9119221942957054,0,0,0,0.0010729613733905,0.8982624849743197,-125,0,0,0,0,0,0
bge_m3_1024d,en_gloss_unihan,EDGE-00826,ROOT-5303,曷,虫,虫,蝎,bge_m3_1024d__en_gloss_unihan__EDGE-00826,24,22,隹,7520,0.38532555103302,蟲,6640,0.468479722738266,9152,3,0,0,0,0.0001329787234042,0.1783411649000109,0,0,0,0.0001506024096385,0.2745055185225659,880,0,0,0,0,0,0
bge_m3_1024d,en_gloss_unihan,EDGE-00827,ROOT-5303,曷,衤,衣,褐,bge_m3_1024d__en_gloss_unihan__EDGE-00827,25,22,襾,451,0.5613850951194763,服,189,0.6295771598815918,9152,3,0,0,0,0.0022172949002217,0.9508250464430116,0,0,0,0.0052910052910052,0.979455797180636,262,0,0,0,0,0,0
bge_m3_1024d,en_gloss_unihan,EDGE-00828,ROOT-5303,曷,言,言,謁,bge_m3_1024d__en_gloss_unihan__EDGE-00828,25,22,門,6720,0.4228043258190155,說,5596,0.5193268060684204,9152,3,0,0,0,0.0001488095238095,0.265763304556879,0,0,0,0.0001786990707648,0.3885914107747787,1124,0,0,0,0,0,0
bge_m3_1024d,en_gloss_unihan,EDGE-00832,ROOT-5303,曷,革,革,鞨,bge_m3_1024d__en_gloss_unihan__EDGE-00832,25,22,衣,6125,0.4296361804008484,韋,3761,0.5105431079864502,9152,3,0,0,0,0.0001632653061224,0.3307835209266747,0,0,0,0.000265886732252,0.5891159436127199,2364,0,0,0,0,0,0
bge_m3_1024d,en_gloss_unihan,EDGE-00833,ROOT-5303,曷,飠,食,餲,bge_m3_1024d__en_gloss_unihan__EDGE-00833,25,22,餐,5821,0.4354846775531769,餐,4214,0.5204499363899231,9152,3,0,0,0,0.0001717917883525,0.3640039339962846,0,0,0,0.0002373042240151,0.5396131570320184,1607,0,0,0,0,0,0
bge_m3_1024d,en_gloss_unihan,EDGE-00834,ROOT-5303,曷,鳥,鳥,鶡,bge_m3_1024d__en_gloss_unihan__EDGE-00834,25,22,髟,4695,0.447616696357727,豕,4952,0.5051238536834717,9152,3,0,0,0,0.0002129925452609,0.4870505955633264,0,0,0,0.0002019386106623,0.4589662331985575,-257,0,0,0,0,0,0
bge_m3_1024d,en_gloss_unihan,EDGE-02217,ROOT-572D,圭,亻,人,佳,bge_m3_1024d__en_gloss_unihan__EDGE-02217,24,22,夫,1714,0.6325394511222839,叟,3007,0.5760380029678345,9152,3,0,0,0,0.0005834305717619,0.8128073434597312,0,0,0,0.0003325573661456,0.6715113102393181,-1293,0,0,0,0,0,0
bge_m3_1024d,en_gloss_unihan,EDGE-02218,ROOT-572D,圭,刂,刀,刲,bge_m3_1024d__en_gloss_unihan__EDGE-02218,24,22,鍰,651,0.6342650055885315,鍰,159,0.6367186307907104,9152,3,0,0,0,0.0015360983102918,0.9289695115287948,0,0,0,0.0062893081761006,0.9827341274177686,492,0,0,0,0,0,0
bge_m3_1024d,en_gloss_unihan,EDGE-02219,ROOT-572D,圭,卜,卜,卦,bge_m3_1024d__en_gloss_unihan__EDGE-02219,24,22,卦,1,0.9502890110015868,卦,1,0.8991812467575073,9152,3,1,1,1,1.0,1.0,1,1,1,1.0,1.0,0,0,0,0,0,0,0
bge_m3_1024d,en_gloss_unihan,EDGE-02226,ROOT-572D,圭,口,口,哇,bge_m3_1024d__en_gloss_unihan__EDGE-02226,24,22,闥,4715,0.5426266193389893,谽,3807,0.5398455262184143,9152,3,0,0,0,0.0002120890774125,0.4848650420719047,0,0,0,0.0002626740215392,0.58408917058245,908,0,0,0,0,0,0
bge_m3_1024d,en_gloss_unihan,EDGE-02227,ROOT-572D,圭,大,大,奎,bge_m3_1024d__en_gloss_unihan__EDGE-02227,24,22,灝,7287,0.4260875582695007,灝,8279,0.3686742484569549,9152,3,0,0,0,0.0001372306847811,0.2038028630750737,0,0,0,0.0001207875347264,0.0953994099005572,-992,0,0,0,0,0,0
bge_m3_1024d,en_gloss_unihan,EDGE-02229,ROOT-572D,圭,女,女,娃,bge_m3_1024d__en_gloss_unihan__EDGE-02229,24,22,角,179,0.5184153318405151,危,76,0.5354533195495605,9152,3,0,0,0,0.0055865921787709,0.9805485739263468,0,0,0,0.0131578947368421,0.9918041744071686,103,0,0,0,0,0,0
bge_m3_1024d,en_gloss_unihan,EDGE-02230,ROOT-572D,圭,心,心,恚,bge_m3_1024d__en_gloss_unihan__EDGE-02230,24,22,房,2576,0.4581317901611328,房,2653,0.4395439326763153,9152,3,0,0,0,0.0003881987577639,0.7186099879794559,0,0,0,0.0003769317753486,0.7101956070374822,-77,0,0,0,0,0,0
bge_m3_1024d,en_gloss_unihan,EDGE-02231,ROOT-572D,圭,扌,手,挂,bge_m3_1024d__en_gloss_unihan__EDGE-02231,23,22,挶,1236,0.5373545289039612,挶,1657,0.4948757886886596,9152,3,0,0,0,0.0008090614886731,0.8650420719047098,0,0,0,0.0006035003017501,0.819036170910283,-421,0,0,0,0,0,0
bge_m3_1024d,en_gloss_unihan,EDGE-02232,ROOT-572D,圭,木,木,桂,bge_m3_1024d__en_gloss_unihan__EDGE-02232,24,22,松,8420,0.4280677735805511,松,8346,0.4151587784290313,9152,3,0,0,0,0.0001187648456057,0.0799912577860343,0,0,0,0.0001198178768272,0.0880778057042945,74,0,0,0,0,0,0
bge_m3_1024d,en_gloss_unihan,EDGE-02233,ROOT-572D,圭,氵,水,洼,bge_m3_1024d__en_gloss_unihan__EDGE-02233,23,22,液,4534,0.4895011186599731,液,2898,0.4931879341602325,9152,3,0,0,0,0.0002205558006175,0.5046443011692712,0,0,0,0.0003450655624568,0.6834225767675663,1636,0,0,0,0,0,0
bge_m3_1024d,en_gloss_unihan,EDGE-02235,ROOT-572D,圭,火,火,烓,bge_m3_1024d__en_gloss_unihan__EDGE-02235,24,22,怒,5846,0.5012295842170715,怒,5311,0.4971097111701965,9152,3,0,0,0,0.0001710571330824,0.3612719921320074,0,0,0,0.0001882884579175,0.419735548027538,535,0,0,0,0,0,0
bge_m3_1024d,en_gloss_unihan,EDGE-02236,ROOT-572D,圭,王,玉,珪,bge_m3_1024d__en_gloss_unihan__EDGE-02236,24,22,琦,1913,0.5420046448707581,琦,2079,0.5155615210533142,9152,3,0,0,0,0.0005227391531625,0.7910610862200852,0,0,0,0.0004810004810004,0.7729209922412851,-166,0,0,0,0,0,0
bge_m3_1024d,en_gloss_unihan,EDGE-02237,ROOT-572D,圭,田,田,畦,bge_m3_1024d__en_gloss_unihan__EDGE-02237,24,22,圃,797,0.5915719270706177,圃,425,0.5838145613670349,9152,3,0,0,0,0.001254705144291,0.9130149710414164,0,0,0,0.0023529411764705,0.95366626598186,372,0,0,0,0,0,0
bge_m3_1024d,en_gloss_unihan,EDGE-02238,ROOT-572D,圭,目,目,眭,bge_m3_1024d__en_gloss_unihan__EDGE-02238,24,22,見,1389,0.512891411781311,見,549,0.5821553468704224,9152,3,0,0,0,0.0007199424046076,0.8483225876953339,0,0,0,0.0018214936247723,0.9401158343350452,840,0,0,0,0,0,0
bge_m3_1024d,en_gloss_unihan,EDGE-02241,ROOT-572D,圭,糸,糸,絓,bge_m3_1024d__en_gloss_unihan__EDGE-02241,24,22,髟,2052,0.4526273906230926,髟,530,0.5327101349830627,9152,3,0,0,0,0.0004873294346978,0.7758714894547044,0,0,0,0.0018867924528301,0.942192110151896,1522,0,0,0,0,0,0
bge_m3_1024d,en_gloss_unihan,EDGE-02243,ROOT-572D,圭,虫,虫,蛙,bge_m3_1024d__en_gloss_unihan__EDGE-02243,24,22,隹,1339,0.4882679879665375,蟲,771,0.551227867603302,9152,3,0,0,0,0.0007468259895444,0.8537864714238881,0,0,0,0.0012970168612191,0.9158561905802644,568,0,0,0,0,0,0
bge_m3_1024d,en_gloss_unihan,EDGE-02244,ROOT-572D,圭,行,行,街,bge_m3_1024d__en_gloss_unihan__EDGE-02244,24,22,走,3477,0.4966777563095093,走,3744,0.530955970287323,9152,3,0,0,0,0.0002876042565429,0.6201508031909081,0,0,0,0.000267094017094,0.5909736640804284,-267,0,0,0,0,0,0
bge_m3_1024d,en_gloss_unihan,EDGE-02246,ROOT-572D,圭,言,言,詿,bge_m3_1024d__en_gloss_unihan__EDGE-02246,24,22,門,758,0.5584319233894348,語,246,0.6332712769508362,9152,3,0,0,0,0.0013192612137203,0.9172768003496884,0,0,0,0.0040650406504065,0.9732269697300842,512,0,0,0,0,0,0
bge_m3_1024d,en_gloss_unihan,EDGE-02248,ROOT-572D,圭,門,門,閨,bge_m3_1024d__en_gloss_unihan__EDGE-02248,24,22,言,266,0.5664023756980896,闥,46,0.6458055973052979,9152,3,0,0,0,0.0037593984962406,0.9710414162386624,0,0,0,0.0217391304347826,0.9950825046443011,220,0,0,0,0,0,0
bge_m3_1024d,en_gloss_unihan,EDGE-02249,ROOT-572D,圭,革,革,鞋,bge_m3_1024d__en_gloss_unihan__EDGE-02249,24,22,衣,576,0.5233026742935181,遯,448,0.5626412630081177,9152,3,0,0,0,0.0017361111111111,0.937165337121626,0,0,0,0.0022321428571428,0.951152879466725,128,0,0,0,0,0,0
bge_m3_1024d,en_gloss_unihan,EDGE-02266,ROOT-582F,堯,亻,人,僥,bge_m3_1024d__en_gloss_unihan__EDGE-02266,17,17,夫,321,0.6763052344322205,叟,286,0.6635547280311584,9152,3,0,0,0,0.0031152647975077,0.9650311441372528,0,0,0,0.0034965034965034,0.9688558627472408,35,0,0,0,0,0,0
bge_m3_1024d,en_gloss_unihan,EDGE-02267,ROOT-582F,堯,口,口,嘵,bge_m3_1024d__en_gloss_unihan__EDGE-02267,17,17,闥,2635,0.588172197341919,闥,1236,0.6105321645736694,9152,3,0,0,0,0.0003795066413662,0.7121626051797618,0,0,0,0.0008090614886731,0.8650420719047098,1399,0,0,0,0,0,0
bge_m3_1024d,en_gloss_unihan,EDGE-02268,ROOT-582F,堯,女,女,嬈,bge_m3_1024d__en_gloss_unihan__EDGE-02268,17,17,角,2348,0.4471317529678345,危,1148,0.5253210067749023,9152,3,0,0,0,0.0004258943781942,0.7435252977816632,0,0,0,0.0008710801393728,0.8746585072669654,1200,0,0,0,0,0,0
bge_m3_1024d,en_gloss_unihan,EDGE-02269,ROOT-582F,堯,山,山,嶢,bge_m3_1024d__en_gloss_unihan__EDGE-02269,17,17,嶽,1466,0.6111021637916565,嶽,1727,0.5878707766532898,9152,3,0,0,0,0.0006821282401091,0.8399082067533603,0,0,0,0.0005790387955993,0.8113867336903071,-261,0,0,0,0,0,0
bge_m3_1024d,en_gloss_unihan,EDGE-02270,ROOT-582F,堯,扌,手,撓,bge_m3_1024d__en_gloss_unihan__EDGE-02270,17,17,挶,3367,0.4982282221317291,挶,1725,0.5180913209915161,9152,3,0,0,0,0.0002970002970002,0.6321713473937274,0,0,0,0.0005797101449275,0.8116052890394492,1642,0,0,0,0,0,0
bge_m3_1024d,en_gloss_unihan,EDGE-02271,ROOT-582F,堯,日,日,曉,bge_m3_1024d__en_gloss_unihan__EDGE-02271,17,17,晝,18,0.764488697052002,晝,24,0.7280920743942261,9152,3,0,0,0,0.0555555555555555,0.9981422795322916,0,0,0,0.0416666666666666,0.997486613484865,-6,0,0,0,0,0,0
bge_m3_1024d,en_gloss_unihan,EDGE-02272,ROOT-582F,堯,木,木,橈,bge_m3_1024d__en_gloss_unihan__EDGE-02272,17,17,松,114,0.7230960130691528,樵,41,0.7147756814956665,9152,3,0,0,0,0.0087719298245614,0.9876516227734674,0,0,0,0.024390243902439,0.9956288930171566,73,0,0,0,0,0,0
bge_m3_1024d,en_gloss_unihan,EDGE-02273,ROOT-582F,堯,氵,水,澆,bge_m3_1024d__en_gloss_unihan__EDGE-02273,17,17,液,6,0.7130418419837952,液,5,0.7159006595611572,9152,3,0,0,1,0.1666666666666666,0.9994536116271444,0,1,1,0.2,0.9995628893017156,1,0,0,1,0,0,0
bge_m3_1024d,en_gloss_unihan,EDGE-02274,ROOT-582F,堯,火,火,燒,bge_m3_1024d__en_gloss_unihan__EDGE-02274,17,17,怒,14,0.8146509528160095,怒,25,0.7512402534484863,9152,3,0,0,0,0.0714285714285714,0.9985793902305758,0,0,0,0.04,0.997377335810294,-11,0,0,0,0,0,0
bge_m3_1024d,en_gloss_unihan,EDGE-02276,ROOT-582F,堯,石,石,磽,bge_m3_1024d__en_gloss_unihan__EDGE-02276,17,17,穴,882,0.4874942600727081,穴,1567,0.5716526508331299,9152,3,0,0,0,0.0011337868480725,0.903726368702874,0,0,0,0.0006381620931716,0.8288711616216807,-685,0,0,0,0,0,0
bge_m3_1024d,en_gloss_unihan,EDGE-02277,ROOT-582F,堯,糸,糸,繞,bge_m3_1024d__en_gloss_unihan__EDGE-02277,17,17,髟,1860,0.4556089341640472,綵,346,0.5931352376937866,9152,3,0,0,0,0.0005376344086021,0.7968528029723527,0,0,0,0.0028901734104046,0.9622992022729756,1514,0,0,0,0,0,0
bge_m3_1024d,en_gloss_unihan,EDGE-02278,ROOT-582F,堯,羽,羽,翹,bge_m3_1024d__en_gloss_unihan__EDGE-02278,17,17,糸,4137,0.4647722840309143,翎,2640,0.5666730403900146,9152,3,0,0,0,0.0002417210539037,0.5480275379739918,0,0,0,0.0003787878787878,0.7116162168069063,1497,0,0,0,0,0,0
bge_m3_1024d,en_gloss_unihan,EDGE-02280,ROOT-582F,堯,艹,艸,蕘,bge_m3_1024d__en_gloss_unihan__EDGE-02280,17,17,髟,499,0.502194344997406,稂,1548,0.5511595606803894,9152,3,0,0,0,0.002004008016032,0.9455797180635996,0,0,0,0.0006459948320413,0.8309474374385313,-1049,0,0,0,0,0,0
bge_m3_1024d,en_gloss_unihan,EDGE-02281,ROOT-582F,堯,虫,虫,蟯,bge_m3_1024d__en_gloss_unihan__EDGE-02281,17,17,隹,1558,0.4838431179523468,蟲,3662,0.5492992401123047,9152,3,0,0,0,0.0006418485237483,0.8298546606928204,0,0,0,0.0002730748225013,0.5999344333952574,-2104,0,0,0,0,0,0
bge_m3_1024d,en_gloss_unihan,EDGE-02282,ROOT-582F,堯,言,言,譊,bge_m3_1024d__en_gloss_unihan__EDGE-02282,17,17,門,921,0.5531100630760193,說,523,0.650630533695221,9152,3,0,0,0,0.001085776330076,0.8994645393946017,0,0,0,0.0019120458891013,0.9429570538738936,398,0,0,0,0,0,0
bge_m3_1024d,en_gloss_unihan,EDGE-02285,ROOT-582F,堯,釒,金,鐃,bge_m3_1024d__en_gloss_unihan__EDGE-02285,17,17,貝,1494,0.4712918698787689,鐶,1068,0.5674365162849426,9152,3,0,0,0,0.000669344042838,0.83684843186537,0,0,0,0.0009363295880149,0.8834007212326522,426,0,0,0,0,0,0
bge_m3_1024d,en_gloss_unihan,EDGE-02287,ROOT-582F,堯,飠,食,饒,bge_m3_1024d__en_gloss_unihan__EDGE-02287,17,17,餐,3207,0.4876000583171844,餐,2220,0.5954704880714417,9152,3,0,0,0,0.0003118178983473,0.6496557753251011,0,0,0,0.0004504504504504,0.7575128401267621,987,0,0,0,0,0,0
bge_m3_1024d,en_gloss_unihan,EDGE-02288,ROOT-582F,堯,馬,馬,驍,bge_m3_1024d__en_gloss_unihan__EDGE-02288,17,17,鹿,120,0.5879771709442139,鹿,9,0.6894580125808716,9152,3,0,0,0,0.0083333333333333,0.9869959567260408,0,0,1,0.1111111111111111,0.9991257786034312,111,0,0,0,0,1,0
bge_m3_1024d,en_gloss_unihan,EDGE-03014,ROOT-382F,台,女,女,始,bge_m3_1024d__en_gloss_unihan__EDGE-03014,22,20,角,3779,0.4290010929107666,危,4196,0.4776652455329895,9152,3,0,0,0,0.0002646202699126,0.5871489454704404,0,0,0,0.0002383222116301,0.5415801551742979,-417,0,0,0,0,0,0
bge_m3_1024d,en_gloss_unihan,EDGE-03015,ROOT-382F,台,心,心,怠,bge_m3_1024d__en_gloss_unihan__EDGE-03015,22,20,房,2688,0.4564701616764068,房,1891,0.4816286563873291,9152,3,0,0,0,0.0003720238095238,0.7063708884274942,0,0,0,0.0005288207297726,0.793465195060649,797,0,0,0,0,0,0
bge_m3_1024d,en_gloss_unihan,EDGE-03016,ROOT-382F,台,忄,心,怡,bge_m3_1024d__en_gloss_unihan__EDGE-03016,22,20,房,298,0.5167673826217651,房,630,0.5059512853622437,9152,3,0,0,0,0.0033557046979865,0.9675445306523878,0,0,0,0.0015873015873015,0.9312643426947874,-332,0,0,0,0,0,0
bge_m3_1024d,en_gloss_unihan,EDGE-03017,ROOT-382F,台,木,木,枲,bge_m3_1024d__en_gloss_unihan__EDGE-03017,22,20,松,8082,0.4437390863895416,樵,8209,0.4093901813030243,9152,3,0,0,0,0.0001237317495669,0.116927111791061,0,0,0,0.0001218175173589,0.1030488471205333,-127,0,0,0,0,0,0
bge_m3_1024d,en_gloss_unihan,EDGE-03018,ROOT-382F,台,歹,歹,殆,bge_m3_1024d__en_gloss_unihan__EDGE-03018,22,20,惡,72,0.7109876871109009,惡,203,0.6280425786972046,9152,3,0,0,0,0.0138888888888888,0.992241285105453,0,0,0,0.0049261083743842,0.9779259097366408,-131,0,0,0,0,0,0
bge_m3_1024d,en_gloss_unihan,EDGE-03019,ROOT-382F,台,氵,水,治,bge_m3_1024d__en_gloss_unihan__EDGE-03019,21,20,液,1484,0.549027144908905,液,1349,0.5177904367446899,9152,3,0,0,0,0.0006738544474393,0.8379412086110808,0,0,0,0.0007412898443291,0.8526936946781772,135,0,0,0,0,0,0
bge_m3_1024d,en_gloss_unihan,EDGE-03020,ROOT-382F,台,火,火,炱,bge_m3_1024d__en_gloss_unihan__EDGE-03020,22,20,怒,8152,0.4011535346508026,怒,7426,0.421815276145935,9152,3,0,0,0,0.0001226692836113,0.1092776745710851,0,0,0,0.000134661998384,0.1886132663096928,726,0,0,0,0,0,0
bge_m3_1024d,en_gloss_unihan,EDGE-03022,ROOT-382F,台,目,目,眙,bge_m3_1024d__en_gloss_unihan__EDGE-03022,22,20,見,359,0.5542869567871094,視,48,0.6825692653656006,9152,3,0,0,0,0.0027855153203342,0.9608785925035516,0,0,0,0.0208333333333333,0.994863949295159,311,0,0,0,0,0,0
bge_m3_1024d,en_gloss_unihan,EDGE-03023,ROOT-382F,台,竹,竹,笞,bge_m3_1024d__en_gloss_unihan__EDGE-03023,22,20,糸,428,0.5203722715377808,笛,328,0.5814821124076843,9152,3,0,0,0,0.0023364485981308,0.9533384329581468,0,0,0,0.0030487804878048,0.9642662004152552,100,0,0,0,0,0,0
bge_m3_1024d,en_gloss_unihan,EDGE-03024,ROOT-382F,台,糸,糸,紿,bge_m3_1024d__en_gloss_unihan__EDGE-03024,22,20,髟,8209,0.356315553188324,纊,6408,0.4786480963230133,9152,3,0,0,0,0.0001218175173589,0.1030488471205333,0,0,0,0.0001560549313358,0.2998579390230576,1801,0,0,0,0,0,0
bge_m3_1024d,en_gloss_unihan,EDGE-03025,ROOT-382F,台,肉,肉,胎,bge_m3_1024d__en_gloss_unihan__EDGE-03025,22,20,血,6022,0.4111375212669372,胏,5838,0.4979809522628784,9152,3,0,0,0,0.0001660577881102,0.3420391214074965,0,0,0,0.000171291538198,0.3621462135285761,184,0,0,0,0,0,0
bge_m3_1024d,en_gloss_unihan,EDGE-03026,ROOT-382F,台,艹,艸,苔,bge_m3_1024d__en_gloss_unihan__EDGE-03026,22,20,髟,641,0.4937372803688049,稂,249,0.5907599329948425,9152,3,0,0,0,0.0015600624024961,0.9300622882745057,0,0,0,0.0040160642570281,0.9728991367063708,392,0,0,0,0,0,0
bge_m3_1024d,en_gloss_unihan,EDGE-03027,ROOT-382F,台,言,言,詒,bge_m3_1024d__en_gloss_unihan__EDGE-03027,22,20,門,6686,0.4239290654659271,語,4368,0.564061164855957,9152,3,0,0,0,0.0001495662578522,0.2694787454922959,0,0,0,0.0002289377289377,0.5227843951480713,2318,0,0,0,0,0,0
bge_m3_1024d,en_gloss_unihan,EDGE-03028,ROOT-382F,台,貝,貝,貽,bge_m3_1024d__en_gloss_unihan__EDGE-03028,22,20,身,6942,0.3921502828598022,錢,2656,0.5281230211257935,9152,3,0,0,0,0.0001440507058484,0.2415036608020981,0,0,0,0.0003765060240963,0.709867774013769,4286,0,0,0,0,0,0
bge_m3_1024d,en_gloss_unihan,EDGE-03031,ROOT-382F,台,風,風,颱,bge_m3_1024d__en_gloss_unihan__EDGE-03031,22,20,頁,6446,0.4047919809818268,繆,5529,0.5122820734977722,9152,3,0,0,0,0.0001551349674216,0.2957053873893563,0,0,0,0.0001808645324651,0.3959130149710413,917,0,0,0,0,0,0
bge_m3_1024d,en_gloss_unihan,EDGE-03032,ROOT-382F,台,飠,食,飴,bge_m3_1024d__en_gloss_unihan__EDGE-03032,22,20,餐,200,0.5907318592071533,餐,474,0.6283236742019653,9152,3,0,0,0,0.005,0.978253742760354,0,0,0,0.0021097046413502,0.9483116599278768,-274,0,0,0,0,0,0
bge_m3_1024d,en_gloss_unihan,EDGE-03033,ROOT-382F,台,馬,馬,駘,bge_m3_1024d__en_gloss_unihan__EDGE-03033,22,20,鹿,208,0.5251702070236206,騑,51,0.6363614201545715,9152,3,0,0,0,0.0048076923076923,0.9773795213637854,0,0,0,0.0196078431372549,0.9945361162714458,157,0,0,0,0,0,0
bge_m3_1024d,en_gloss_unihan,EDGE-03034,ROOT-382F,台,魚,魚,鮐,bge_m3_1024d__en_gloss_unihan__EDGE-03034,22,20,黃,3673,0.4242250919342041,漁,3922,0.5126045346260071,9152,3,0,0,0,0.000272257010618,0.5987323789749754,0,0,0,0.0002549719530851,0.5715222380067753,-249,0,0,0,0,0,0
bge_m3_1024d,en_gloss_unihan,EDGE-03035,ROOT-382F,台,齒,齒,齝,bge_m3_1024d__en_gloss_unihan__EDGE-03035,22,20,石,6599,0.4010953605175018,牙,2040,0.5370104312896729,9152,3,0,0,0,0.0001515381118351,0.2789859031799803,0,0,0,0.0004901960784313,0.7771828215495574,4559,0,0,0,0,0,0
bge_m3_1024d,en_gloss_unihan,EDGE-03085,ROOT-5E1D,帝,口,口,啻,bge_m3_1024d__en_gloss_unihan__EDGE-03085,5,5,闥,2797,0.5847261548042297,谽,4109,0.4857501983642578,9152,3,0,0,0,0.0003575259206292,0.694459621899246,0,0,0,0.0002433682161109,0.5510873128619823,-1312,0,0,0,0,0,0
bge_m3_1024d,en_gloss_unihan,EDGE-03087,ROOT-5E1D,帝,口,口,啼,bge_m3_1024d__en_gloss_unihan__EDGE-03087,5,5,闥,5488,0.5201194286346436,谽,5518,0.4527134299278259,9152,3,0,0,0,0.0001822157434402,0.4003933996284559,0,0,0,0.0001812250815512,0.3971150693913233,-30,0,0,0,0,0,0
bge_m3_1024d,en_gloss_unihan,EDGE-03088,ROOT-5E1D,帝,礻,示,禘,bge_m3_1024d__en_gloss_unihan__EDGE-03088,6,5,曰,7579,0.375372439622879,表,8196,0.4048795700073242,9152,3,0,0,0,0.0001319435281699,0.1718937821003169,0,0,0,0.0001220107369448,0.1044694568899573,-617,0,0,0,0,0,0
bge_m3_1024d,en_gloss_unihan,EDGE-03089,ROOT-5E1D,帝,糸,糸,締,bge_m3_1024d__en_gloss_unihan__EDGE-03089,6,5,髟,2784,0.4411252439022064,纊,4251,0.4744824171066284,9152,3,0,0,0,0.0003591954022988,0.6958802316686701,0,0,0,0.0002352387673488,0.5355698830728882,-1467,0,0,0,0,0,0
bge_m3_1024d,en_gloss_unihan,EDGE-03090,ROOT-5E1D,帝,艹,艸,蒂,bge_m3_1024d__en_gloss_unihan__EDGE-03090,6,5,髟,2547,0.4484477043151855,稂,3594,0.5031214356422424,9152,3,0,0,0,0.000392618767177,0.7217790405420172,0,0,0,0.0002782415136338,0.6073653152660912,-1047,0,0,0,0,0,0
bge_m3_1024d,en_gloss_unihan,EDGE-03091,ROOT-5E1D,帝,言,言,諦,bge_m3_1024d__en_gloss_unihan__EDGE-03091,6,5,門,2604,0.5196190476417542,語,2290,0.5833576321601868,9152,3,0,0,0,0.0003840245775729,0.7155502130914655,0,0,0,0.0004366812227074,0.7498634029067861,314,0,0,0,0,0,0
bge_m3_1024d,en_gloss_unihan,EDGE-03092,ROOT-5E1D,帝,𧾷,足,蹄,bge_m3_1024d__en_gloss_unihan__EDGE-03092,6,5,走,1391,0.5435207486152649,适,1619,0.5772808790206909,9152,3,0,0,0,0.0007189072609633,0.8481040323461917,0,0,0,0.0006176652254478,0.8231887225439842,-228,0,0,0,0,0,0
bge_m3_1024d,en_gloss_unihan,EDGE-03943,ROOT-67EC,闌,木,木,欄,bge_m3_1024d__en_gloss_unihan__EDGE-03943,23,17,松,1550,0.6513819694519043,樵,2744,0.6074054837226868,9152,3,0,0,0,0.0006451612903225,0.8307288820893891,0,0,0,0.0003644314868804,0.7002513386515135,-1194,0,0,0,0,0,0
bge_m3_1024d,en_gloss_unihan,EDGE-03944,ROOT-67EC,闌,氵,水,瀾,bge_m3_1024d__en_gloss_unihan__EDGE-03944,22,17,液,616,0.5782472491264343,液,925,0.5499758124351501,9152,3,0,0,0,0.0016233766233766,0.9327942301387826,0,0,0,0.001081081081081,0.8990274286963174,-309,0,0,0,0,0,0
bge_m3_1024d,en_gloss_unihan,EDGE-03945,ROOT-67EC,闌,火,火,爛,bge_m3_1024d__en_gloss_unihan__EDGE-03945,23,17,怒,2608,0.5930789113044739,怒,1548,0.6009181141853333,9152,3,0,0,0,0.000383435582822,0.7151131023931812,0,0,0,0.0006459948320413,0.8309474374385313,1060,0,0,0,0,0,0
bge_m3_1024d,en_gloss_unihan,EDGE-03946,ROOT-67EC,闌,竹,竹,籣,bge_m3_1024d__en_gloss_unihan__EDGE-03946,23,17,糸,4668,0.4292876422405243,笛,6203,0.468831866979599,9152,3,0,0,0,0.0002142245072836,0.4900010927767457,0,0,0,0.0001612123166209,0.32225986231013,-1535,0,0,0,0,0,0
bge_m3_1024d,en_gloss_unihan,EDGE-03947,ROOT-67EC,闌,艹,艸,蘭,bge_m3_1024d__en_gloss_unihan__EDGE-03947,23,17,髟,443,0.5055978298187256,稂,784,0.5573163032531738,9152,3,0,0,0,0.0022573363431151,0.9516992678395804,0,0,0,0.0012755102040816,0.9144355808108404,-341,0,0,0,0,0,0
bge_m3_1024d,en_gloss_unihan,EDGE-03949,ROOT-67EC,闌,衤,衣,襴,bge_m3_1024d__en_gloss_unihan__EDGE-03949,24,17,襾,154,0.607016921043396,服,50,0.688086748123169,9152,3,0,0,0,0.0064935064935064,0.983280515790624,0,0,0,0.02,0.9946453939460168,104,0,0,0,0,0,0
bge_m3_1024d,en_gloss_unihan,EDGE-03950,ROOT-67EC,闌,言,言,讕,bge_m3_1024d__en_gloss_unihan__EDGE-03950,23,17,門,1321,0.5434262752532959,語,262,0.6536359786987305,9152,3,0,0,0,0.0007570022710068,0.8557534695661676,0,0,0,0.0038167938931297,0.9714785269369468,1059,0,0,0,0,0,0
bge_m3_1024d,en_gloss_unihan,EDGE-04481,ROOT-9752,青,亻,人,倩,bge_m3_1024d__en_gloss_unihan__EDGE-04481,15,15,夫,2260,0.6213634014129639,叟,863,0.6256878972053528,9152,3,0,0,0,0.0004424778761061,0.7531417331439187,0,0,0,0.0011587485515643,0.9058026445197246,1397,0,0,0,0,0,0
bge_m3_1024d,en_gloss_unihan,EDGE-04483,ROOT-9752,青,女,女,婧,bge_m3_1024d__en_gloss_unihan__EDGE-04483,15,15,角,2227,0.4487144351005554,危,405,0.5296918749809265,9152,3,0,0,0,0.0004490345756623,0.7567478964047645,0,0,0,0.0024691358024691,0.9558518194732816,1822,0,0,0,0,0,0
bge_m3_1024d,en_gloss_unihan,EDGE-04485,ROOT-9752,青,忄,心,情,bge_m3_1024d__en_gloss_unihan__EDGE-04485,15,15,房,96,0.536256730556488,房,92,0.5444453358650208,9152,3,0,0,0,0.0104166666666666,0.9896186209157468,0,0,0,0.0108695652173913,0.9900557316140312,4,0,0,0,0,0,0
bge_m3_1024d,en_gloss_unihan,EDGE-04486,ROOT-9752,青,日,日,晴,bge_m3_1024d__en_gloss_unihan__EDGE-04486,15,15,晝,191,0.679000735282898,晝,73,0.6754270792007446,9152,3,0,0,0,0.0052356020942408,0.979237241831494,0,0,0,0.0136986301369863,0.992132007430882,118,0,0,0,0,0,0
bge_m3_1024d,en_gloss_unihan,EDGE-04487,ROOT-9752,青,犭,犬,猜,bge_m3_1024d__en_gloss_unihan__EDGE-04487,15,15,獫,4206,0.4604652225971222,獫,4874,0.4759252071380615,9152,3,0,0,0,0.0002377555872563,0.5404873784285871,0,0,0,0.0002051702913418,0.4674898918151021,-668,0,0,0,0,0,0
bge_m3_1024d,en_gloss_unihan,EDGE-04488,ROOT-9752,青,目,目,睛,bge_m3_1024d__en_gloss_unihan__EDGE-04488,15,15,見,234,0.5711541771888733,覽,171,0.629642903804779,9152,3,0,0,0,0.0042735042735042,0.9745383018249372,0,0,0,0.0058479532163742,0.9814227953229157,63,0,0,0,0,0,0
bge_m3_1024d,en_gloss_unihan,EDGE-04489,ROOT-9752,青,米,米,精,bge_m3_1024d__en_gloss_unihan__EDGE-04489,15,15,糲,7271,0.3746506571769714,糲,8103,0.337814062833786,9152,3,0,0,0,0.0001375326640077,0.2055513058682111,0,0,0,0.0001234110823151,0.1146322806250682,-832,0,0,0,0,0,0
bge_m3_1024d,en_gloss_unihan,EDGE-04490,ROOT-9752,青,糸,糸,綪,bge_m3_1024d__en_gloss_unihan__EDGE-04490,15,15,髟,2074,0.4523301720619201,綺,4251,0.4852272272109985,9152,3,0,0,0,0.0004821600771456,0.7734673806141406,0,0,0,0.0002352387673488,0.5355698830728882,-2177,0,0,0,0,0,0
bge_m3_1024d,en_gloss_unihan,EDGE-04491,ROOT-9752,青,艹,艸,菁,bge_m3_1024d__en_gloss_unihan__EDGE-04491,15,15,髟,501,0.5020349621772766,稂,612,0.5651141405105591,9152,3,0,0,0,0.0019960079840319,0.9453611627144576,0,0,0,0.0016339869281045,0.9332313408370668,-111,0,0,0,0,0,0
bge_m3_1024d,en_gloss_unihan,EDGE-04492,ROOT-9752,青,虫,虫,蜻,bge_m3_1024d__en_gloss_unihan__EDGE-04492,15,15,隹,5141,0.4326373636722564,蟲,5561,0.4919586479663849,9152,3,0,0,0,0.0001945146858587,0.4383127527046224,0,0,0,0.0001798237727027,0.3924161293847666,-420,0,0,0,0,0,0
bge_m3_1024d,en_gloss_unihan,EDGE-04493,ROOT-9752,青,言,言,請,bge_m3_1024d__en_gloss_unihan__EDGE-04493,15,15,門,272,0.5826479196548462,語,116,0.6573103070259094,9152,3,0,0,0,0.0036764705882352,0.970385750191236,0,0,0,0.0086206896551724,0.9874330674243252,156,0,0,0,0,0,0
bge_m3_1024d,en_gloss_unihan,EDGE-04494,ROOT-9752,青,釒,金,錆,bge_m3_1024d__en_gloss_unihan__EDGE-04494,15,15,貝,538,0.4994104504585266,鐶,773,0.5517547130584717,9152,3,0,0,0,0.0018587360594795,0.9413178887553272,0,0,0,0.001293661060802,0.9156376352311224,-235,0,0,0,0,0,0
bge_m3_1024d,en_gloss_unihan,EDGE-04495,ROOT-9752,青,立,立,靖,bge_m3_1024d__en_gloss_unihan__EDGE-04495,15,15,站,739,0.6753916144371033,置,205,0.6795200705528259,9152,3,0,0,0,0.0013531799729364,0.9193530761665392,0,0,0,0.0048780487804878,0.9777073543874988,534,0,0,0,0,0,0
bge_m3_1024d,en_gloss_unihan,EDGE-04496,ROOT-9752,青,見,見,靚,bge_m3_1024d__en_gloss_unihan__EDGE-04496,15,15,目,2507,0.513006329536438,覽,1224,0.5984323620796204,9152,3,0,0,0,0.0003988831272437,0.7261501475248606,0,0,0,0.0008169934640522,0.8663534039995628,1283,0,0,0,0,0,0
bge_m3_1024d,en_gloss_unihan,EDGE-04497,ROOT-9752,青,爭,爭,靜,bge_m3_1024d__en_gloss_unihan__EDGE-04497,15,15,辯,3890,0.5676804780960083,鬩,2515,0.5785280466079712,9152,3,0,0,0,0.0002570694087403,0.57501912359305,0,0,0,0.0003976143141153,0.725275926128292,1375,0,0,0,0,0,0
bge_m3_1024d,en_gloss_unihan,EDGE-04498,ROOT-9752,青,魚,魚,鯖,bge_m3_1024d__en_gloss_unihan__EDGE-04498,15,15,黃,902,0.4737372100353241,黃,1390,0.5328747034072876,9152,3,0,0,0,0.0011086474501108,0.9015408152114524,0,0,0,0.0007194244604316,0.8482133100207627,-488,0,0,0,0,0,0
bge_m3_1024d,en_gloss_unihan,EDGE-05389,ROOT-4F59,余,氵,水,涂,bge_m3_1024d__en_gloss_unihan__EDGE-05389,12,12,液,5470,0.4707813560962677,液,6327,0.4339578151702881,9152,3,0,0,0,0.0001828153564899,0.4023603977707354,0,0,0,0.0001580527896317,0.3087094306633154,-857,0,0,0,0,0,0
bge_m3_1024d,en_gloss_unihan,EDGE-05391,ROOT-4F59,余,彳,彳,徐,bge_m3_1024d__en_gloss_unihan__EDGE-05391,13,12,跺,3736,0.4852819144725799,跺,4194,0.4674305617809295,9152,3,0,0,0,0.0002676659528907,0.5918478854769971,0,0,0,0.0002384358607534,0.5417987105234401,-458,0,0,0,0,0,0
bge_m3_1024d,en_gloss_unihan,EDGE-05392,ROOT-4F59,余,心,心,悆,bge_m3_1024d__en_gloss_unihan__EDGE-05392,13,12,房,6029,0.3967235088348388,房,5426,0.4126304984092712,9152,3,0,0,0,0.0001658649859014,0.3412741776854988,0,0,0,0.0001842978252856,0.4071686154518632,603,0,0,0,0,0,0
bge_m3_1024d,en_gloss_unihan,EDGE-05394,ROOT-4F59,余,斗,斗,斜,bge_m3_1024d__en_gloss_unihan__EDGE-05394,13,12,角,3146,0.4281944632530212,勺,1805,0.478353351354599,9152,3,0,0,0,0.0003178639542275,0.6563217134739372,0,0,0,0.0005540166204986,0.8028630750737624,1341,0,0,0,0,0,0
bge_m3_1024d,en_gloss_unihan,EDGE-05396,ROOT-4F59,余,田,田,畬,bge_m3_1024d__en_gloss_unihan__EDGE-05396,13,12,圃,36,0.696087121963501,圃,26,0.6592207551002502,9152,3,0,0,0,0.0277777777777777,0.996175281390012,0,0,0,0.0384615384615384,0.9972680581357228,10,0,0,0,0,0,0
bge_m3_1024d,en_gloss_unihan,EDGE-05397,ROOT-4F59,余,禾,禾,稌,bge_m3_1024d__en_gloss_unihan__EDGE-05397,13,12,稈,330,0.5603023767471313,秸,2042,0.5069321990013123,9152,3,0,0,0,0.003030303030303,0.964047645066113,0,0,0,0.0004897159647404,0.7769642662004153,-1712,0,0,0,0,0,0
bge_m3_1024d,en_gloss_unihan,EDGE-05399,ROOT-4F59,余,舟,舟,艅,bge_m3_1024d__en_gloss_unihan__EDGE-05399,13,12,雨,137,0.5831233859062195,舡,53,0.6358424425125122,9152,3,0,0,0,0.0072992700729927,0.9851382362583324,0,0,0,0.0188679245283018,0.9943175609223036,84,0,0,0,0,0,0
bge_m3_1024d,en_gloss_unihan,EDGE-05400,ROOT-4F59,余,艹,艸,荼,bge_m3_1024d__en_gloss_unihan__EDGE-05400,13,12,髟,1268,0.4719830155372619,髟,660,0.5448781251907349,9152,3,0,0,0,0.000788643533123,0.8615451863184351,0,0,0,0.0015151515151515,0.9279860124576548,608,0,0,0,0,0,0
bge_m3_1024d,en_gloss_unihan,EDGE-05401,ROOT-4F59,余,虫,虫,蜍,bge_m3_1024d__en_gloss_unihan__EDGE-05401,13,12,隹,8403,0.3573319911956787,蟲,7510,0.4413518607616424,9152,3,0,0,0,0.00011900511722,0.0818489782537427,0,0,0,0.0001331557922769,0.1794339416457218,893,0,0,0,0,0,0
bge_m3_1024d,en_gloss_unihan,EDGE-05403,ROOT-4F59,余,酉,酉,酴,bge_m3_1024d__en_gloss_unihan__EDGE-05403,13,12,鬯,102,0.5828152298927307,鈃,23,0.6004114151000977,9152,3,0,0,0,0.0098039215686274,0.9889629548683204,0,0,0,0.0434782608695652,0.997595891159436,79,0,0,0,0,0,0
bge_m3_1024d,en_gloss_unihan,EDGE-05408,ROOT-4F59,余,飠,食,餘,bge_m3_1024d__en_gloss_unihan__EDGE-05408,13,12,餐,4101,0.4698469340801239,餐,5030,0.5128502249717712,9152,3,0,0,0,0.0002438429651304,0.551961534258551,0,0,0,0.0001988071570576,0.4504425745820128,-929,0,0,0,0,0,0
bge_m3_1024d,en_gloss_unihan,EDGE-05800,ROOT-8FB0,辰,口,口,唇,bge_m3_1024d__en_gloss_unihan__EDGE-05800,8,8,闥,3056,0.5798543691635132,谽,871,0.59364914894104,9152,3,0,0,0,0.00032722513089,0.6661567041853349,0,0,0,0.0011481056257175,0.904928423123156,2185,0,0,0,0,0,0
bge_m3_1024d,en_gloss_unihan,EDGE-05801,ROOT-8FB0,辰,女,女,娠,bge_m3_1024d__en_gloss_unihan__EDGE-05801,8,8,角,409,0.4929926693439483,危,180,0.5159409642219543,9152,3,0,0,0,0.0024449877750611,0.9554147087749972,0,0,0,0.0055555555555555,0.9804392962517756,229,0,0,0,0,0,0
bge_m3_1024d,en_gloss_unihan,EDGE-05803,ROOT-8FB0,辰,扌,手,振,bge_m3_1024d__en_gloss_unihan__EDGE-05803,8,8,挶,2557,0.5095025300979614,挶,2053,0.4626161456108093,9152,3,0,0,0,0.000391083300743,0.7206862637963064,0,0,0,0.0004870920603994,0.7757622117801333,504,0,0,0,0,0,0
bge_m3_1024d,en_gloss_unihan,EDGE-05804,ROOT-8FB0,辰,日,日,晨,bge_m3_1024d__en_gloss_unihan__EDGE-05804,8,8,晝,46,0.728812038898468,晝,36,0.6937865614891052,9152,3,0,0,0,0.0217391304347826,0.9950825046443011,0,0,0,0.0277777777777777,0.996175281390012,10,0,0,0,0,0,0
bge_m3_1024d,en_gloss_unihan,EDGE-05807,ROOT-8FB0,辰,肉,肉,脣,bge_m3_1024d__en_gloss_unihan__EDGE-05807,8,8,血,6552,0.4022911787033081,羊,3337,0.4826359152793884,9152,3,0,0,0,0.0001526251526251,0.2841219538848213,0,0,0,0.0002996703626011,0.63544967763086,3215,0,0,0,0,0,0
bge_m3_1024d,en_gloss_unihan,EDGE-05809,ROOT-8FB0,辰,虫,虫,蜃,bge_m3_1024d__en_gloss_unihan__EDGE-05809,8,8,隹,2809,0.4638198018074035,蟲,6629,0.4511505365371704,9152,3,0,0,0,0.0003559985760056,0.693148289804393,0,0,0,0.000150852315583,0.2757075729428477,-3820,0,0,0,0,0,0
bge_m3_1024d,en_gloss_unihan,EDGE-05810,ROOT-8FB0,辰,貝,貝,賑,bge_m3_1024d__en_gloss_unihan__EDGE-05810,8,8,身,920,0.493525743484497,錢,503,0.5119757652282715,9152,3,0,0,0,0.0010869565217391,0.8995738170691727,0,0,0,0.0019880715705765,0.9451426073653152,417,0,0,0,0,0,0
bge_m3_1024d,en_gloss_unihan,EDGE-05811,ROOT-8FB0,辰,雨,雨,震,bge_m3_1024d__en_gloss_unihan__EDGE-05811,8,8,曰,767,0.5409687757492065,霫,1499,0.549923300743103,9152,3,0,0,0,0.0013037809647979,0.9162933012785488,0,0,0,0.000667111407605,0.8363020434925145,-732,0,0,0,0,0,0
bge_m3_1024d,en_gloss_unihan,EDGE-06206,ROOT-5360,店,扌,手,掂,bge_m3_1024d__en_gloss_unihan__EDGE-06206,15,15,挶,28,0.6746059060096741,挶,24,0.6542853116989136,9152,3,0,0,0,0.0357142857142857,0.9970495027865808,0,0,0,0.0416666666666666,0.997486613484865,4,0,0,0,0,0,0
bge_m3_1024d,en_gloss_unihan,EDGE-06207,ROOT-5360,店,忄,心,惦,bge_m3_1024d__en_gloss_unihan__EDGE-06207,16,15,房,1852,0.4704874753952026,房,1088,0.5006154775619507,9152,3,0,0,0,0.0005399568034557,0.7977270243689214,0,0,0,0.0009191176470588,0.8812151677412304,764,0,0,0,0,0,0
bge_m3_1024d,zh_char,EDGE-00063,ROOT-219CD,賓,亻,人,儐,bge_m3_1024d__zh_char__EDGE-00063,10,10,者,690,0.5531866550445557,仳,12,0.6791442036628723,11150,3,0,0,0,0.0014492753623188,0.9382007354919724,0,0,0,0.0833333333333333,0.9990133644273028,678,0,0,0,0,0,0
bge_m3_1024d,zh_char,EDGE-00064,ROOT-219CD,賓,女,女,嬪,bge_m3_1024d__zh_char__EDGE-00064,10,10,婦,76,0.5824596881866455,仳,5604,0.6192622780799866,11150,3,0,0,0,0.0131578947368421,0.9932729392770652,0,0,0,0.0001784439685938,0.4974437169252848,-5528,0,0,0,0,0,0
bge_m3_1024d,zh_char,EDGE-00065,ROOT-219CD,賓,扌,手,擯,bge_m3_1024d__zh_char__EDGE-00065,10,10,握,2230,0.5070855617523193,握,1418,0.6523382663726807,11150,3,0,0,0,0.0004484304932735,0.8000717553143779,0,0,0,0.0007052186177715,0.8729033994080186,812,0,0,0,0,0,0
bge_m3_1024d,zh_char,EDGE-00066,ROOT-219CD,賓,木,木,檳,bge_m3_1024d__zh_char__EDGE-00066,10,10,樹,7928,0.4199950993061065,檜,5753,0.4808651506900787,11150,3,0,0,0,0.0001261352169525,0.2889945286572787,0,0,0,0.0001738223535546,0.4840792896223876,2175,0,0,0,0,0,0
bge_m3_1024d,zh_char,EDGE-00067,ROOT-219CD,賓,歹,歹,殯,bge_m3_1024d__zh_char__EDGE-00067,10,10,惡,1441,0.4477033019065857,惡,6063,0.4559408724308014,11150,3,0,0,0,0.0006939625260235,0.870840434119652,0,0,0,0.0001649348507339,0.4562741053009238,-4622,0,0,0,0,0,0
bge_m3_1024d,zh_char,EDGE-00068,ROOT-219CD,賓,氵,水,濱,bge_m3_1024d__zh_char__EDGE-00068,10,10,渴,6986,0.4651525020599365,龤,6535,0.4651502966880798,11150,3,0,0,0,0.0001431434297165,0.3734864113373396,0,0,0,0.0001530221882172,0.4139384698179209,451,0,0,0,0,0,0
bge_m3_1024d,zh_char,EDGE-00069,ROOT-219CD,賓,目,目,矉,bge_m3_1024d__zh_char__EDGE-00069,10,10,眼,3550,0.494299829006195,矚,2637,0.6032466292381287,11150,3,0,0,0,0.000281690140845,0.6816754865907256,0,0,0,0.0003792188092529,0.7635662391245852,913,0,0,0,0,0,0
bge_m3_1024d,zh_char,EDGE-00070,ROOT-219CD,賓,糸,糸,繽,bge_m3_1024d__zh_char__EDGE-00070,10,10,繩,8900,0.4170755445957184,織,6293,0.4671669602394104,11150,3,0,0,0,0.0001123595505617,0.2018118216880438,0,0,0,0.0001589067217543,0.4356444524172571,2607,0,0,0,0,0,0
bge_m3_1024d,zh_char,EDGE-00071,ROOT-219CD,賓,虫,虫,蠙,bge_m3_1024d__zh_char__EDGE-00071,10,10,蟲,4366,0.5012252330780029,蟲,3918,0.6178390979766846,11150,3,0,0,0,0.0002290426019239,0.608485065925195,0,0,0,0.0002552322613578,0.6486680419768589,448,0,0,0,0,0,0
bge_m3_1024d,zh_char,EDGE-00072,ROOT-219CD,賓,髟,髟,鬢,bge_m3_1024d__zh_char__EDGE-00072,10,10,仳,223,0.9999999403953552,仳,237,0.934004843235016,11150,3,0,0,0,0.0044843049327354,0.980087900260113,0,0,0,0.0042194092827004,0.9788321822584986,-14,0,0,0,0,0,0
bge_m3_1024d,zh_char,EDGE-00478,ROOT-4EA5,亥,亻,人,侅,bge_m3_1024d__zh_char__EDGE-00478,14,14,者,957,0.5531866550445557,者,560,0.6588615775108337,11150,3,0,0,0,0.0010449320794148,0.9142523993183244,0,0,0,0.0017857142857142,0.9498609740783928,397,0,0,0,0,0,0
bge_m3_1024d,zh_char,EDGE-00479,ROOT-4EA5,亥,刂,刀,刻,bge_m3_1024d__zh_char__EDGE-00479,14,14,刃,1020,0.4721424579620361,劍,6611,0.4620035588741302,11150,3,0,0,0,0.0009803921568627,0.9086016683110592,0,0,0,0.0001512630464377,0.4071217149520136,-5591,0,0,0,0,0,0
bge_m3_1024d,zh_char,EDGE-00480,ROOT-4EA5,亥,力,力,劾,bge_m3_1024d__zh_char__EDGE-00480,14,14,勁,8059,0.4183103144168854,屖,7355,0.4206280410289764,11150,3,0,0,0,0.0001240848740538,0.2772445959278858,0,0,0,0.0001359619306594,0.3403892725805004,704,0,0,0,0,0,0
bge_m3_1024d,zh_char,EDGE-00481,ROOT-4EA5,亥,口,口,咳,bge_m3_1024d__zh_char__EDGE-00481,14,14,嘴,62,0.5603687763214111,囗,5718,0.5162994265556335,11150,3,0,0,0,0.0161290322580645,0.9945286572786796,0,0,0,0.0001748863238894,0.4872185846264238,-5656,0,0,0,0,0,0
bge_m3_1024d,zh_char,EDGE-00482,ROOT-4EA5,亥,土,土,垓,bge_m3_1024d__zh_char__EDGE-00482,14,14,泥,9403,0.4157671928405761,仳,8746,0.4292888343334198,11150,3,0,0,0,0.0001063490375412,0.1566956677728944,0,0,0,0.0001143379830779,0.2156247197058032,657,0,0,0,0,0,0
bge_m3_1024d,zh_char,EDGE-00483,ROOT-4EA5,亥,子,子,孩,bge_m3_1024d__zh_char__EDGE-00483,14,14,奧,9,0.5999860763549805,仳,5612,0.5411571264266968,11150,3,0,0,1,0.1111111111111111,0.9992824468562204,0,0,0,0.0001781895937277,0.496726163781505,-5603,0,0,0,0,0,1
bge_m3_1024d,zh_char,EDGE-00484,ROOT-4EA5,亥,木,木,核,bge_m3_1024d__zh_char__EDGE-00484,14,14,樹,119,0.5116866230964661,檜,5663,0.5139612555503845,11150,3,0,0,0,0.0084033613445378,0.9894160911292492,0,0,0,0.0001765848490199,0.4921517624899094,-5544,0,0,0,0,0,0
bge_m3_1024d,zh_char,EDGE-00485,ROOT-4EA5,亥,欠,欠,欬,bge_m3_1024d__zh_char__EDGE-00485,14,14,債,3730,0.4694772064685821,借,1698,0.5498051643371582,11150,3,0,0,0,0.0002680965147453,0.6655305408556822,0,0,0,0.0005889281507656,0.8477890393757288,2032,0,0,0,0,0,0
bge_m3_1024d,zh_char,EDGE-00487,ROOT-4EA5,亥,肉,肉,胲,bge_m3_1024d__zh_char__EDGE-00487,14,14,畜,6537,0.4906357824802398,屍,161,0.5950738787651062,11150,3,0,0,0,0.0001529753709652,0.4137590815319759,0,0,0,0.0062111801242236,0.9856489371244058,6376,0,0,0,0,0,0
bge_m3_1024d,zh_char,EDGE-00488,ROOT-4EA5,亥,艹,艸,荄,bge_m3_1024d__zh_char__EDGE-00488,14,14,唷,3284,0.6472680568695068,喟,3527,0.7236173748970032,11150,3,0,0,0,0.0003045066991473,0.705534128621401,0,0,0,0.0002835270768358,0.6837384518790923,-243,0,0,0,0,0,0
bge_m3_1024d,zh_char,EDGE-00489,ROOT-4EA5,亥,言,言,該,bge_m3_1024d__zh_char__EDGE-00489,14,14,語,431,0.4845730662345886,語,6164,0.4637966752052307,11150,3,0,0,0,0.0023201856148491,0.9614315185218404,0,0,0,0.0001622323166774,0.447214996860705,-5733,0,0,0,0,0,0
bge_m3_1024d,zh_char,EDGE-00490,ROOT-4EA5,亥,門,門,閡,bge_m3_1024d__zh_char__EDGE-00490,14,14,扉,6764,0.4690367579460144,喟,6843,0.4535732567310333,11150,3,0,0,0,0.0001478415138971,0.3933985110772267,0,0,0,0.0001461347362268,0.3863126737824019,-79,0,0,0,0,0,0
bge_m3_1024d,zh_char,EDGE-00492,ROOT-4EA5,亥,頁,頁,頦,bge_m3_1024d__zh_char__EDGE-00492,14,14,篇,5743,0.525265634059906,幀,5028,0.6122080683708191,11150,3,0,0,0,0.0001741250217656,0.4849762310521123,0,0,0,0.0001988862370723,0.549107543277424,715,0,0,0,0,0,0
bge_m3_1024d,zh_char,EDGE-00493,ROOT-4EA5,亥,馬,馬,駭,bge_m3_1024d__zh_char__EDGE-00493,14,14,騎,6582,0.4731033742427826,騎,6354,0.475515604019165,11150,3,0,0,0,0.0001519295047098,0.4097228450982151,0,0,0,0.0001573811772112,0.4301731096959368,228,0,0,0,0,0,0
bge_m3_1024d,zh_char,EDGE-00494,ROOT-4EA5,亥,骨,骨,骸,bge_m3_1024d__zh_char__EDGE-00494,14,14,骼,137,0.5477827787399292,髖,5659,0.5648512244224548,11150,3,0,0,0,0.0072992700729927,0.987801596555745,0,0,0,0.0001767096660187,0.4925105390617993,-5522,0,0,0,0,0,0
bge_m3_1024d,zh_char,EDGE-00734,ROOT-5143,元,刂,刀,刓,bge_m3_1024d__zh_char__EDGE-00734,16,14,刃,2324,0.4432591199874878,龤,409,0.6455646753311157,11150,3,0,0,0,0.0004302925989672,0.7916405058749664,0,0,0,0.0024449877750611,0.9634047896672348,1915,0,0,0,0,0,0
bge_m3_1024d,zh_char,EDGE-00746,ROOT-5143,元,忄,心,忨,bge_m3_1024d__zh_char__EDGE-00746,16,14,愛,1427,0.5183875560760498,仳,1088,0.7032538652420044,11150,3,0,0,0,0.0007007708479327,0.8720961521212665,0,0,0,0.0009191176470588,0.9025024665889316,339,0,0,0,0,0,0
bge_m3_1024d,zh_char,EDGE-00747,ROOT-5143,元,氵,水,沅,bge_m3_1024d__zh_char__EDGE-00747,15,14,渴,10850,0.3205355405807495,仳,10625,0.3273822367191314,11150,3,0,0,0,9.216589861751152e-05,0.0269082428917392,0,0,0,9.411764705882352e-05,0.0470894250605435,225,0,0,0,0,0,0
bge_m3_1024d,zh_char,EDGE-00748,ROOT-5143,元,王,玉,玩,bge_m3_1024d__zh_char__EDGE-00748,16,14,璽,6920,0.4265641272068023,龤,7472,0.3802041411399841,11150,3,0,0,0,0.0001445086705202,0.3794062247735222,0,0,0,0.0001338329764453,0.3298950578527222,-552,0,0,0,0,0,0
bge_m3_1024d,zh_char,EDGE-00749,ROOT-5143,元,習,習,翫,bge_m3_1024d__zh_char__EDGE-00749,16,14,執,3626,0.5132448077201843,喟,3323,0.6679064035415649,11150,3,0,0,0,0.0002757859900717,0.6748587317248184,0,0,0,0.000300932891965,0.7020360570454749,303,0,0,0,0,0,0
bge_m3_1024d,zh_char,EDGE-00750,ROOT-5143,元,艹,艸,芫,bge_m3_1024d__zh_char__EDGE-00750,15,14,唷,9565,0.4582470655441284,仳,9863,0.3987303078174591,11150,3,0,0,0,0.0001045478306325,0.1421652166113552,0,0,0,0.0001013890297069,0.115436362005561,-298,0,0,0,0,0,0
bge_m3_1024d,zh_char,EDGE-00751,ROOT-5143,元,虫,虫,蚖,bge_m3_1024d__zh_char__EDGE-00751,16,14,蟲,4185,0.5012252330780029,蟲,3572,0.6759641170501709,11150,3,0,0,0,0.0002389486260454,0.624719705803211,0,0,0,0.0002799552071668,0.6797022154453314,613,0,0,0,0,0,0
bge_m3_1024d,zh_char,EDGE-00754,ROOT-5143,元,頁,頁,頑,bge_m3_1024d__zh_char__EDGE-00754,16,14,篇,9818,0.4128895699977875,龤,10134,0.3671135902404785,11150,3,0,0,0,0.0001018537380321,0.1194725984393219,0,0,0,9.867771857114664e-05,0.0911292492600233,-316,0,0,0,0,0,0
bge_m3_1024d,zh_char,EDGE-00755,ROOT-5143,元,黽,黽,黿,bge_m3_1024d__zh_char__EDGE-00755,16,14,埶,5525,0.9999999403953552,仳,5517,0.9542560577392578,11150,3,0,0,0,0.0001809954751131,0.5045295542201094,0,0,0,0.0001812579300344,0.5052471073638891,8,0,0,0,0,0,0
bge_m3_1024d,zh_char,EDGE-00807,ROOT-5303,曷,亻,人,偈,bge_m3_1024d__zh_char__EDGE-00807,27,23,者,8467,0.4728182554244995,屖,7969,0.4718517959117889,11150,3,0,0,0,0.0001181055863942,0.2406493855951206,0,0,0,0.0001254862592546,0.2853170687954076,498,0,0,0,0,0,0
bge_m3_1024d,zh_char,EDGE-00808,ROOT-5303,曷,口,口,喝,bge_m3_1024d__zh_char__EDGE-00808,27,23,嘴,23,0.5863322615623474,囗,5641,0.5417340993881226,11150,3,0,0,0,0.0434782608695652,0.9980267288546056,0,0,0,0.0001772735330615,0.4941250336353036,-5618,0,0,0,0,0,0
bge_m3_1024d,zh_char,EDGE-00809,ROOT-5303,曷,土,土,堨,bge_m3_1024d__zh_char__EDGE-00809,27,23,泥,7015,0.476439505815506,龤,5630,0.5552671551704407,11150,3,0,0,0,0.0001425516749821,0.3708852811911381,0,0,0,0.000177619893428,0.4951116692080007,1385,0,0,0,0,0,0
bge_m3_1024d,zh_char,EDGE-00810,ROOT-5303,曷,忄,心,愒,bge_m3_1024d__zh_char__EDGE-00810,27,23,愛,1239,0.5183875560760498,仳,900,0.6890163421630859,11150,3,0,0,0,0.0008071025020177,0.8889586510000898,0,0,0,0.0011111111111111,0.9193649654677548,339,0,0,0,0,0,0
bge_m3_1024d,zh_char,EDGE-00811,ROOT-5303,曷,扌,手,揭,bge_m3_1024d__zh_char__EDGE-00811,26,23,握,8601,0.4358293712139129,握,7678,0.4554388225078583,11150,3,0,0,0,0.0001162655505173,0.2286303704368104,0,0,0,0.000130242250586,0.3114180644003946,923,0,0,0,0,0,0
bge_m3_1024d,zh_char,EDGE-00812,ROOT-5303,曷,日,日,暍,bge_m3_1024d__zh_char__EDGE-00812,27,23,晝,1943,0.4386719167232513,仳,1243,0.6116127371788025,11150,3,0,0,0,0.0005146680391147,0.825813974347475,0,0,0,0.0008045052292839,0.8885998744281999,700,0,0,0,0,0,0
bge_m3_1024d,zh_char,EDGE-00813,ROOT-5303,曷,去,去,朅,bge_m3_1024d__zh_char__EDGE-00813,27,23,來,2339,0.5196186304092407,來,1544,0.669914960861206,11150,3,0,0,0,0.0004275331338178,0.7902950937303794,0,0,0,0.0006476683937823,0.8616019373934882,795,0,0,0,0,0,0
bge_m3_1024d,zh_char,EDGE-00814,ROOT-5303,曷,木,木,楬,bge_m3_1024d__zh_char__EDGE-00814,27,23,樹,3326,0.442703515291214,檜,1607,0.6223912239074707,11150,3,0,0,0,0.0003006614552014,0.7017669746165576,0,0,0,0.0006222775357809,0.855951206386223,1719,0,0,0,0,0,0
bge_m3_1024d,zh_char,EDGE-00815,ROOT-5303,曷,欠,欠,歇,bge_m3_1024d__zh_char__EDGE-00815,27,23,債,8441,0.4409852921962738,債,8678,0.4142392873764038,11150,3,0,0,0,0.0001184693756663,0.2429814333124047,0,0,0,0.0001152339248674,0.2217239214279307,-237,0,0,0,0,0,0
bge_m3_1024d,zh_char,EDGE-00817,ROOT-5303,曷,氵,水,渴,bge_m3_1024d__zh_char__EDGE-00817,27,23,渴,1,0.6877623200416565,仳,5600,0.6269259452819824,11150,3,1,1,1,1.0,1.0,0,0,0,0.0001785714285714,0.4978024934971746,-5599,0,1,0,1,0,1
bge_m3_1024d,zh_char,EDGE-00818,ROOT-5303,曷,犭,犬,猲,bge_m3_1024d__zh_char__EDGE-00818,27,23,狗,3564,0.4685059189796448,狗,2237,0.6619824171066284,11150,3,0,0,0,0.0002805836139169,0.6804197685891111,0,0,0,0.0004470272686633,0.7994438963135707,1327,0,0,0,0,0,0
bge_m3_1024d,zh_char,EDGE-00819,ROOT-5303,曷,石,石,碣,bge_m3_1024d__zh_char__EDGE-00819,27,23,岩,6723,0.4251294434070587,仳,5836,0.4494675397872925,11150,3,0,0,0,0.0001487431206306,0.3970759709390976,0,0,0,0.0001713502398903,0.4766346757556732,887,0,0,0,0,0,0
bge_m3_1024d,zh_char,EDGE-00821,ROOT-5303,曷,立,立,竭,bge_m3_1024d__zh_char__EDGE-00821,27,23,置,7497,0.4153696000576019,仳,7179,0.393222451210022,11150,3,0,0,0,0.0001333866880085,0.3276527042784106,0,0,0,0.0001392951664577,0.3561754417436541,318,0,0,0,0,0,0
bge_m3_1024d,zh_char,EDGE-00822,ROOT-5303,曷,羊,羊,羯,bge_m3_1024d__zh_char__EDGE-00822,27,23,牛,337,0.4920307397842407,龤,5743,0.4900605678558349,11150,3,0,0,0,0.0029673590504451,0.969862767961252,0,0,0,0.0001741250217656,0.4849762310521123,-5406,0,0,0,0,0,0
bge_m3_1024d,zh_char,EDGE-00823,ROOT-5303,曷,艹,艸,葛,bge_m3_1024d__zh_char__EDGE-00823,26,23,唷,10924,0.3796891272068023,仳,11131,0.2861830592155456,11150,3,0,0,0,9.154155986818016e-05,0.0202708763117768,0,0,0,8.98391878537418e-05,0.0017041887164768,-207,0,0,0,0,0,0
bge_m3_1024d,zh_char,EDGE-00826,ROOT-5303,曷,虫,虫,蝎,bge_m3_1024d__zh_char__EDGE-00826,26,23,蟲,38,0.5832310914993286,蟲,5628,0.5611229538917542,11150,3,0,0,0,0.0263157894736842,0.9966813167100188,0,0,0,0.0001776830135039,0.4952910574939456,-5590,0,0,0,0,0,0
bge_m3_1024d,zh_char,EDGE-00827,ROOT-5303,曷,衤,衣,褐,bge_m3_1024d__zh_char__EDGE-00827,27,23,恤,9829,0.4039213061332702,龤,10134,0.3846568465232849,11150,3,0,0,0,0.0001017397497202,0.1184859628666248,0,0,0,9.867771857114664e-05,0.0911292492600233,-305,0,0,0,0,0,0
bge_m3_1024d,zh_char,EDGE-00828,ROOT-5303,曷,言,言,謁,bge_m3_1024d__zh_char__EDGE-00828,26,23,語,6876,0.4495941400527954,語,6216,0.462839126586914,11150,3,0,0,0,0.0001454333915066,0.3833527670643106,0,0,0,0.0001608751608751,0.4425509014261368,660,0,0,0,0,0,0
bge_m3_1024d,zh_char,EDGE-00832,ROOT-5303,曷,革,革,鞨,bge_m3_1024d__zh_char__EDGE-00832,27,23,銑,8468,0.3963404893875122,銑,4712,0.567223072052002,11150,3,0,0,0,0.0001180916391119,0.2405596914521481,0,0,0,0.0002122241086587,0.5774508924567225,3756,0,0,0,0,0,0
bge_m3_1024d,zh_char,EDGE-00833,ROOT-5303,曷,飠,食,餲,bge_m3_1024d__zh_char__EDGE-00833,27,23,吃,6666,0.4784972667694092,吃,5055,0.6503754258155823,11150,3,0,0,0,0.0001500150015001,0.4021885370885281,0,0,0,0.0001978239366963,0.5466858014171674,1611,0,0,0,0,0,0
bge_m3_1024d,zh_char,EDGE-00834,ROOT-5303,曷,鳥,鳥,鶡,bge_m3_1024d__zh_char__EDGE-00834,27,23,鴿,7316,0.445890873670578,鴿,5415,0.6300803422927856,11150,3,0,0,0,0.0001366867140513,0.3438873441564266,0,0,0,0.0001846722068328,0.5143959099470805,1901,0,0,0,0,0,0
bge_m3_1024d,zh_char,EDGE-00835,ROOT-5303,曷,鼻,鼻,齃,bge_m3_1024d__zh_char__EDGE-00835,27,23,喘,8807,0.4147846698760986,喘,5573,0.6012578010559082,11150,3,0,0,0,0.0001135460429204,0.2101533769844829,0,0,0,0.0001794365691727,0.5002242353574311,3234,0,0,0,0,0,0
bge_m3_1024d,zh_char,EDGE-02217,ROOT-572D,圭,亻,人,佳,bge_m3_1024d__zh_char__EDGE-02217,27,24,者,10849,0.3767922818660736,埶,10687,0.3858463168144226,11150,3,0,0,0,9.217439395335976e-05,0.0269979370347116,0,0,0,9.357162908206232e-05,0.0415283881962508,162,0,0,0,0,0,0
bge_m3_1024d,zh_char,EDGE-02218,ROOT-572D,圭,刂,刀,刲,bge_m3_1024d__zh_char__EDGE-02218,27,24,刃,2329,0.4432591199874878,劍,435,0.5967980623245239,11150,3,0,0,0,0.0004293688278231,0.7911920351601041,0,0,0,0.0022988505747126,0.9610727419499506,1894,0,0,0,0,0,0
bge_m3_1024d,zh_char,EDGE-02219,ROOT-572D,圭,卜,卜,卦,bge_m3_1024d__zh_char__EDGE-02219,27,24,布,80,0.4804632663726806,勃,5867,0.4353901147842407,11150,3,0,0,0,0.0125,0.9929141627051754,0,0,0,0.0001704448610874,0.4738541573235267,-5787,0,0,0,0,0,0
bge_m3_1024d,zh_char,EDGE-02226,ROOT-572D,圭,口,口,哇,bge_m3_1024d__zh_char__EDGE-02226,27,24,嘴,126,0.536897599697113,嘴,5792,0.510137677192688,11150,3,0,0,0,0.0079365079365079,0.988788232128442,0,0,0,0.0001726519337016,0.4805812180464616,-5666,0,0,0,0,0,0
bge_m3_1024d,zh_char,EDGE-02227,ROOT-572D,圭,大,大,奎,bge_m3_1024d__zh_char__EDGE-02227,27,24,巨,10832,0.2804560959339142,仳,9973,0.3017469048500061,11150,3,0,0,0,9.231905465288036e-05,0.0285227374652434,0,0,0,0.0001002707309736,0.10557000627859,859,0,0,0,0,0,0
bge_m3_1024d,zh_char,EDGE-02229,ROOT-572D,圭,女,女,娃,bge_m3_1024d__zh_char__EDGE-02229,27,24,婦,9931,0.4213073253631592,婦,10025,0.4071866273880005,11150,3,0,0,0,0.0001006947940791,0.1093371602834335,0,0,0,9.975062344139652e-05,0.1009059108440219,-94,0,0,0,0,0,0
bge_m3_1024d,zh_char,EDGE-02230,ROOT-572D,圭,心,心,恚,bge_m3_1024d__zh_char__EDGE-02230,27,24,愛,1468,0.5183875560760498,仳,1129,0.6702640652656555,11150,3,0,0,0,0.0006811989100817,0.8684186922593955,0,0,0,0.0008857395925597,0.8988250067270607,339,0,0,0,0,0,0
bge_m3_1024d,zh_char,EDGE-02231,ROOT-572D,圭,扌,手,挂,bge_m3_1024d__zh_char__EDGE-02231,26,24,握,6540,0.501114547252655,握,7066,0.4750042557716369,11150,3,0,0,0,0.0001529051987767,0.4134899991030586,0,0,0,0.0001415227851684,0.3663108798995426,-526,0,0,0,0,0,0
bge_m3_1024d,zh_char,EDGE-02232,ROOT-572D,圭,木,木,桂,bge_m3_1024d__zh_char__EDGE-02232,27,24,樹,6,0.5840087532997131,檜,5618,0.5354589223861694,11150,3,0,0,1,0.1666666666666666,0.9995515292851376,0,0,0,0.0001779992880028,0.4961879989236702,-5612,0,0,0,0,0,1
bge_m3_1024d,zh_char,EDGE-02233,ROOT-572D,圭,氵,水,洼,bge_m3_1024d__zh_char__EDGE-02233,26,24,渴,9359,0.3958872556686401,溼,8435,0.4195572435855865,11150,3,0,0,0,0.0001068490223314,0.1606422100636828,0,0,0,0.0001185536455245,0.2435195981702395,924,0,0,0,0,0,0
bge_m3_1024d,zh_char,EDGE-02235,ROOT-572D,圭,火,火,烓,bge_m3_1024d__zh_char__EDGE-02235,27,24,焰,2622,0.5029035806655884,焰,2208,0.6468682289123535,11150,3,0,0,0,0.0003813882532418,0.7649116512691722,0,0,0,0.0004528985507246,0.8020450264597722,414,0,0,0,0,0,0
bge_m3_1024d,zh_char,EDGE-02236,ROOT-572D,圭,王,玉,珪,bge_m3_1024d__zh_char__EDGE-02236,27,24,璽,6455,0.4400897324085235,剴,5876,0.4576919078826904,11150,3,0,0,0,0.0001549186676994,0.4211140012557179,0,0,0,0.0001701837985023,0.4730469100367745,579,0,0,0,0,0,0
bge_m3_1024d,zh_char,EDGE-02237,ROOT-572D,圭,田,田,畦,bge_m3_1024d__zh_char__EDGE-02237,27,24,陳,111,0.470135897397995,剴,5909,0.4267269968986511,11150,3,0,0,0,0.009009009009009,0.990133644273029,0,0,0,0.0001692333728211,0.4700870033186832,-5798,0,0,0,0,0,0
bge_m3_1024d,zh_char,EDGE-02238,ROOT-572D,圭,目,目,眭,bge_m3_1024d__zh_char__EDGE-02238,27,24,眼,3490,0.494299829006195,龤,2607,0.6475208401679993,11150,3,0,0,0,0.0002865329512893,0.6870571351690735,0,0,0,0.0003835826620636,0.7662570634137591,883,0,0,0,0,0,0
bge_m3_1024d,zh_char,EDGE-02239,ROOT-572D,圭,穴,穴,窐,bge_m3_1024d__zh_char__EDGE-02239,26,24,灸,4451,0.4559895694255829,灸,2851,0.6120796799659729,11150,3,0,0,0,0.0002246686137946,0.6008610637725357,0,0,0,0.0003507541213609,0.7443716925284779,1600,0,0,0,0,0,0
bge_m3_1024d,zh_char,EDGE-02241,ROOT-572D,圭,糸,糸,絓,bge_m3_1024d__zh_char__EDGE-02241,27,24,繩,5189,0.4436036348342895,紉,3029,0.5894678235054016,11150,3,0,0,0,0.0001927153594141,0.5346667862588572,0,0,0,0.0003301419610432,0.7284061350793793,2160,0,0,0,0,0,0
bge_m3_1024d,zh_char,EDGE-02242,ROOT-572D,圭,艹,艸,茥,bge_m3_1024d__zh_char__EDGE-02242,27,24,唷,3437,0.6472680568695068,仳,3413,0.7481529116630554,11150,3,0,0,0,0.0002909514111143,0.691810924746614,0,0,0,0.0002929973630237,0.6939635841779532,24,0,0,0,0,0,0
bge_m3_1024d,zh_char,EDGE-02243,ROOT-572D,圭,虫,虫,蛙,bge_m3_1024d__zh_char__EDGE-02243,27,24,蟲,47,0.5714906454086304,蟲,5651,0.5372785329818726,11150,3,0,0,0,0.0212765957446808,0.9958740694232666,0,0,0,0.0001769598301185,0.4932280922055789,-5604,0,0,0,0,0,0
bge_m3_1024d,zh_char,EDGE-02244,ROOT-572D,圭,行,行,街,bge_m3_1024d__zh_char__EDGE-02244,27,24,走,212,0.5100405812263489,龤,6624,0.4509117603302002,11150,3,0,0,0,0.0047169811320754,0.98107453583281,0,0,0,0.0001509661835748,0.4059556910933716,-6412,0,0,0,0,0,0
bge_m3_1024d,zh_char,EDGE-02245,ROOT-572D,圭,角,角,觟,bge_m3_1024d__zh_char__EDGE-02245,27,24,側,894,0.4930682778358459,龤,208,0.6336801052093506,11150,3,0,0,0,0.0011185682326621,0.9199031303255898,0,0,0,0.0048076923076923,0.9814333124047,686,0,0,0,0,0,0
bge_m3_1024d,zh_char,EDGE-02246,ROOT-572D,圭,言,言,詿,bge_m3_1024d__zh_char__EDGE-02246,27,24,語,4747,0.4655972719192505,語,3926,0.6114637851715088,11150,3,0,0,0,0.0002106593638087,0.5743115974526863,0,0,0,0.0002547121752419,0.6479504888330792,821,0,0,0,0,0,0
bge_m3_1024d,zh_char,EDGE-02248,ROOT-572D,圭,門,門,閨,bge_m3_1024d__zh_char__EDGE-02248,27,24,扉,418,0.5034143924713135,龤,5817,0.5055249333381653,11150,3,0,0,0,0.0023923444976076,0.9625975423804826,0,0,0,0.0001719099192023,0.47833886447215,-5399,0,0,0,0,0,0
bge_m3_1024d,zh_char,EDGE-02249,ROOT-572D,圭,革,革,鞋,bge_m3_1024d__zh_char__EDGE-02249,27,24,銑,13,0.5681226253509521,縴,5814,0.5022863149642944,11150,3,0,0,0,0.0769230769230769,0.9989236702843304,0,0,0,0.000171998624011,0.4786079469010673,-5801,0,0,0,0,0,0
bge_m3_1024d,zh_char,EDGE-02266,ROOT-582F,堯,亻,人,僥,bge_m3_1024d__zh_char__EDGE-02266,21,21,者,9575,0.4390132427215576,仳,8591,0.4585851430892944,11150,3,0,0,0,0.0001044386422976,0.1412682751816306,0,0,0,0.0001164008846467,0.229527311866535,984,0,0,0,0,0,0
bge_m3_1024d,zh_char,EDGE-02267,ROOT-582F,堯,口,口,嘵,bge_m3_1024d__zh_char__EDGE-02267,21,21,嘴,1426,0.4929835200309753,囗,815,0.682935357093811,11150,3,0,0,0,0.0007012622720897,0.8721858462642389,0,0,0,0.0012269938650306,0.9269889676204144,611,0,0,0,0,0,0
bge_m3_1024d,zh_char,EDGE-02268,ROOT-582F,堯,女,女,嬈,bge_m3_1024d__zh_char__EDGE-02268,21,21,婦,6086,0.5394331812858582,喟,5639,0.5775701403617859,11150,3,0,0,0,0.0001643115346697,0.4542111400125571,0,0,0,0.0001773364071643,0.4943044219212485,447,0,0,0,0,0,0
bge_m3_1024d,zh_char,EDGE-02269,ROOT-582F,堯,山,山,嶢,bge_m3_1024d__zh_char__EDGE-02269,21,21,樹,1002,0.5239974856376648,兞,954,0.7139778733253479,11150,3,0,0,0,0.0009980039920159,0.9102161628845636,0,0,0,0.0010482180293501,0.914521481747242,48,0,0,0,0,0,0
bge_m3_1024d,zh_char,EDGE-02270,ROOT-582F,堯,扌,手,撓,bge_m3_1024d__zh_char__EDGE-02270,21,21,握,476,0.5260624289512634,仳,5677,0.5506373643875122,11150,3,0,0,0,0.0021008403361344,0.9573952820880796,0,0,0,0.0001761493746697,0.4908960444882949,-5201,0,0,0,0,0,0
bge_m3_1024d,zh_char,EDGE-02271,ROOT-582F,堯,日,日,曉,bge_m3_1024d__zh_char__EDGE-02271,21,21,晝,6676,0.4119159281253814,兞,6876,0.398135781288147,11150,3,0,0,0,0.0001497902935889,0.4012915956588034,0,0,0,0.0001454333915066,0.3833527670643106,-200,0,0,0,0,0,0
bge_m3_1024d,zh_char,EDGE-02272,ROOT-582F,堯,木,木,橈,bge_m3_1024d__zh_char__EDGE-02272,21,21,樹,3213,0.442703515291214,兞,1753,0.6493404507637024,11150,3,0,0,0,0.0003112356053532,0.711902412772446,0,0,0,0.0005704506560182,0.8428558615122432,1460,0,0,0,0,0,0
bge_m3_1024d,zh_char,EDGE-02273,ROOT-582F,堯,氵,水,澆,bge_m3_1024d__zh_char__EDGE-02273,21,21,渴,27,0.5964871644973755,埶,5611,0.5892621278762817,11150,3,0,0,0,0.037037037037037,0.997667952282716,0,0,0,0.0001782213509178,0.4968158579244776,-5584,0,0,0,0,0,0
bge_m3_1024d,zh_char,EDGE-02274,ROOT-582F,堯,火,火,燒,bge_m3_1024d__zh_char__EDGE-02274,21,21,焰,2,0.6930902004241943,龤,5603,0.6409023404121399,11150,3,0,1,1,0.5,0.9999103058570276,0,0,0,0.0001784758165268,0.4975334110682572,-5601,0,0,0,1,0,1
bge_m3_1024d,zh_char,EDGE-02275,ROOT-582F,堯,犭,犬,獟,bge_m3_1024d__zh_char__EDGE-02275,21,21,狗,3424,0.4685059189796448,狗,2349,0.6843200325965881,11150,3,0,0,0,0.0002920560747663,0.6929769486052562,0,0,0,0.0004257130693912,0.7893981523006548,1075,0,0,0,0,0,0
bge_m3_1024d,zh_char,EDGE-02276,ROOT-582F,堯,石,石,磽,bge_m3_1024d__zh_char__EDGE-02276,21,21,岩,3177,0.4519693851470947,龤,2721,0.663135826587677,11150,3,0,0,0,0.0003147623544224,0.7151314019194547,0,0,0,0.0003675119441381,0.7560319311148982,456,0,0,0,0,0,0
bge_m3_1024d,zh_char,EDGE-02277,ROOT-582F,堯,糸,糸,繞,bge_m3_1024d__zh_char__EDGE-02277,21,21,繩,7966,0.4392045736312866,紉,8041,0.4261283576488495,11150,3,0,0,0,0.0001255335174491,0.285586151224325,0,0,0,0.0001243626414625,0.2788590905013902,-75,0,0,0,0,0,0
bge_m3_1024d,zh_char,EDGE-02278,ROOT-582F,堯,羽,羽,翹,bge_m3_1024d__zh_char__EDGE-02278,21,21,翼,571,0.469578206539154,仳,6106,0.455426812171936,11150,3,0,0,0,0.0017513134851138,0.9488743385056956,0,0,0,0.0001637733377006,0.4524172571531079,-5535,0,0,0,0,0,0
bge_m3_1024d,zh_char,EDGE-02279,ROOT-582F,堯,肉,肉,膮,bge_m3_1024d__zh_char__EDGE-02279,21,21,畜,4363,0.4906358122825622,龤,3321,0.6914007067680359,11150,3,0,0,0,0.00022920009168,0.6087541483541125,0,0,0,0.0003011141222523,0.7022154453314199,1042,0,0,0,0,0,0
bge_m3_1024d,zh_char,EDGE-02280,ROOT-582F,堯,艹,艸,蕘,bge_m3_1024d__zh_char__EDGE-02280,21,21,唷,3616,0.6472680568695068,仳,3592,0.775886058807373,11150,3,0,0,0,0.0002765486725663,0.675755673154543,0,0,0,0.0002783964365256,0.6779083325858821,24,0,0,0,0,0,0
bge_m3_1024d,zh_char,EDGE-02281,ROOT-582F,堯,虫,虫,蟯,bge_m3_1024d__zh_char__EDGE-02281,21,21,蟲,615,0.5012252330780029,蟲,162,0.6946601867675781,11150,3,0,0,0,0.0016260162601626,0.9449277962149072,0,0,0,0.0061728395061728,0.9855592429814332,453,0,0,0,0,0,0
bge_m3_1024d,zh_char,EDGE-02282,ROOT-582F,堯,言,言,譊,bge_m3_1024d__zh_char__EDGE-02282,21,21,語,5002,0.4655972719192505,仳,4193,0.667262613773346,11150,3,0,0,0,0.0001999200319872,0.5514395909947081,0,0,0,0.0002384927259718,0.6240021526594313,809,0,0,0,0,0,0
bge_m3_1024d,zh_char,EDGE-02283,ROOT-582F,堯,走,走,趬,bge_m3_1024d__zh_char__EDGE-02283,21,21,遛,5580,0.4920051693916321,踱,4382,0.6761531829833984,11150,3,0,0,0,0.000179211469534,0.4995963763566239,0,0,0,0.0002282062984938,0.6070499596376356,1198,0,0,0,0,0,0
bge_m3_1024d,zh_char,EDGE-02285,ROOT-582F,堯,釒,金,鐃,bge_m3_1024d__zh_char__EDGE-02285,21,21,銀,211,0.5235493183135986,龤,203,0.7110533118247986,11150,3,0,0,0,0.0047393364928909,0.9811642299757826,0,0,0,0.0049261083743842,0.9818817831195624,8,0,0,0,0,0,0
bge_m3_1024d,zh_char,EDGE-02286,ROOT-582F,堯,頁,頁,顤,bge_m3_1024d__zh_char__EDGE-02286,21,21,篇,5767,0.525265634059906,喟,5044,0.6958987712860107,11150,3,0,0,0,0.0001734003814808,0.4828235716207731,0,0,0,0.0001982553528945,0.5476724369898646,723,0,0,0,0,0,0
bge_m3_1024d,zh_char,EDGE-02287,ROOT-582F,堯,飠,食,饒,bge_m3_1024d__zh_char__EDGE-02287,21,21,吃,10451,0.3647291958332062,吃,10047,0.3785704374313354,11150,3,0,0,0,9.56846234810066e-05,0.0626962059377522,0,0,0,9.953219866626854e-05,0.0989326396986276,404,0,0,0,0,0,0
bge_m3_1024d,zh_char,EDGE-02288,ROOT-582F,堯,馬,馬,驍,bge_m3_1024d__zh_char__EDGE-02288,21,21,騎,9358,0.3993652164936065,仳,8374,0.413807213306427,11150,3,0,0,0,0.000106860440265,0.1607319042066552,0,0,0,0.00011941724385,0.2489909408915598,984,0,0,0,0,0,0
bge_m3_1024d,zh_char,EDGE-03012,ROOT-382F,台,亻,人,佁,bge_m3_1024d__zh_char__EDGE-03012,25,23,者,690,0.5531866550445557,埶,286,0.724202036857605,11150,3,0,0,0,0.0014492753623188,0.9382007354919724,0,0,0,0.0034965034965034,0.9744371692528476,404,0,0,0,0,0,0
bge_m3_1024d,zh_char,EDGE-03014,ROOT-382F,台,女,女,始,bge_m3_1024d__zh_char__EDGE-03014,25,23,婦,8932,0.4525213241577148,喟,8139,0.4534242153167724,11150,3,0,0,0,0.0001119570085087,0.1989416091129249,0,0,0,0.0001228652168571,0.2700690644900888,793,0,0,0,0,0,0
bge_m3_1024d,zh_char,EDGE-03015,ROOT-382F,台,心,心,怠,bge_m3_1024d__zh_char__EDGE-03015,25,23,愛,6460,0.4909562468528747,喟,6375,0.4829432666301727,11150,3,0,0,0,0.0001547987616099,0.4206655305408556,0,0,0,0.000156862745098,0.4282895326935151,85,0,0,0,0,0,0
bge_m3_1024d,zh_char,EDGE-03016,ROOT-382F,台,忄,心,怡,bge_m3_1024d__zh_char__EDGE-03016,25,23,愛,9388,0.4054171442985534,喟,9877,0.3864519000053406,11150,3,0,0,0,0.0001065189603749,0.1580410799174814,0,0,0,0.000101245317404,0.1141806440039465,-489,0,0,0,0,0,0
bge_m3_1024d,zh_char,EDGE-03017,ROOT-382F,台,木,木,枲,bge_m3_1024d__zh_char__EDGE-03017,25,23,樹,3253,0.442703515291214,檜,1606,0.6271190643310547,11150,3,0,0,0,0.0003074085459575,0.7083146470535474,0,0,0,0.0006226650062266,0.8560409005291955,1647,0,0,0,0,0,0
bge_m3_1024d,zh_char,EDGE-03018,ROOT-382F,台,歹,歹,殆,bge_m3_1024d__zh_char__EDGE-03018,25,23,惡,1083,0.4590385556221008,惡,6630,0.4365728795528412,11150,3,0,0,0,0.0009233610341643,0.902950937303794,0,0,0,0.0001508295625942,0.4054175262355368,-5547,0,0,0,0,0,0
bge_m3_1024d,zh_char,EDGE-03019,ROOT-382F,台,氵,水,治,bge_m3_1024d__zh_char__EDGE-03019,24,23,渴,9253,0.399475634098053,仳,9473,0.3943459391593933,11150,3,0,0,0,0.0001080730573867,0.170149789218764,0,0,0,0.0001055631795629,0.1504170777648219,-220,0,0,0,0,0,0
bge_m3_1024d,zh_char,EDGE-03020,ROOT-382F,台,火,火,炱,bge_m3_1024d__zh_char__EDGE-03020,25,23,焰,2634,0.5029035806655884,焰,2196,0.6748430728912354,11150,3,0,0,0,0.0003796507213363,0.7638353215535025,0,0,0,0.000455373406193,0.8031213561754418,438,0,0,0,0,0,0
bge_m3_1024d,zh_char,EDGE-03021,ROOT-382F,台,瓦,瓦,瓵,bge_m3_1024d__zh_char__EDGE-03021,25,23,沃,3088,0.4313846826553345,沃,2477,0.5936853885650635,11150,3,0,0,0,0.0003238341968911,0.723114180644004,0,0,0,0.0004037141703673,0.7779173020001794,611,0,0,0,0,0,0
bge_m3_1024d,zh_char,EDGE-03022,ROOT-382F,台,目,目,眙,bge_m3_1024d__zh_char__EDGE-03022,25,23,眼,10516,0.3716463148593902,埶,10006,0.3832975924015045,11150,3,0,0,0,9.509319132750095e-05,0.056866086644542,0,0,0,9.994003597841297e-05,0.1026100995604987,510,0,0,0,0,0,0
bge_m3_1024d,zh_char,EDGE-03023,ROOT-382F,台,竹,竹,笞,bge_m3_1024d__zh_char__EDGE-03023,25,23,竿,208,0.5235238671302795,仳,5769,0.5013798475265503,11150,3,0,0,0,0.0048076923076923,0.9814333124047,0,0,0,0.000173340266944,0.4826441833348283,-5561,0,0,0,0,0,0
bge_m3_1024d,zh_char,EDGE-03024,ROOT-382F,台,糸,糸,紿,bge_m3_1024d__zh_char__EDGE-03024,25,23,繩,5194,0.4436036348342895,紉,3005,0.6114619970321655,11150,3,0,0,0,0.0001925298421255,0.534218315543995,0,0,0,0.000332778702163,0.7305587945107184,2189,0,0,0,0,0,0
bge_m3_1024d,zh_char,EDGE-03025,ROOT-382F,台,肉,肉,胎,bge_m3_1024d__zh_char__EDGE-03025,25,23,畜,326,0.532049834728241,埶,6550,0.4824772477149963,11150,3,0,0,0,0.0030674846625766,0.9708494035339492,0,0,0,0.0001526717557251,0.412593057673334,-6224,0,0,0,0,0,0
bge_m3_1024d,zh_char,EDGE-03026,ROOT-382F,台,艹,艸,苔,bge_m3_1024d__zh_char__EDGE-03026,25,23,唷,9979,0.4438506066799164,仳,10638,0.3668758869171142,11150,3,0,0,0,0.000100210441928,0.1050318414207552,0,0,0,9.400263207369808e-05,0.0459234012019015,-659,0,0,0,0,0,0
bge_m3_1024d,zh_char,EDGE-03027,ROOT-382F,台,言,言,詒,bge_m3_1024d__zh_char__EDGE-03027,25,23,語,4670,0.4655972719192505,語,4125,0.6365707516670227,11150,3,0,0,0,0.0002141327623126,0.581218046461566,0,0,0,0.0002424242424242,0.6301013543815589,545,0,0,0,0,0,0
bge_m3_1024d,zh_char,EDGE-03028,ROOT-382F,台,貝,貝,貽,bge_m3_1024d__zh_char__EDGE-03028,25,23,蚌,50,0.5552049875259399,屖,5629,0.5406598448753357,11150,3,0,0,0,0.02,0.9956049869943492,0,0,0,0.0001776514478593,0.4952013633509732,-5579,0,0,0,0,0,0
bge_m3_1024d,zh_char,EDGE-03030,ROOT-382F,台,釒,金,鈶,bge_m3_1024d__zh_char__EDGE-03030,25,23,銀,4701,0.5235493183135986,龤,4427,0.6756479740142822,11150,3,0,0,0,0.0002127206977238,0.5784375280294196,0,0,0,0.0002258866049243,0.6030137232038748,274,0,0,0,0,0,0
bge_m3_1024d,zh_char,EDGE-03031,ROOT-382F,台,風,風,颱,bge_m3_1024d__zh_char__EDGE-03031,25,23,颳,5,0.6332373023033142,龤,5602,0.6149837970733643,11150,3,0,1,1,0.2,0.99964122342811,0,0,0,0.00017850767583,0.4976231052112296,-5597,0,0,0,1,0,1
bge_m3_1024d,zh_char,EDGE-03032,ROOT-382F,台,飠,食,飴,bge_m3_1024d__zh_char__EDGE-03032,25,23,吃,439,0.5271685719490051,吃,6322,0.4953285157680511,11150,3,0,0,0,0.0022779043280182,0.9607139653780608,0,0,0,0.000158177791838,0.4330433222710557,-5883,0,0,0,0,0,0
bge_m3_1024d,zh_char,EDGE-03033,ROOT-382F,台,馬,馬,駘,bge_m3_1024d__zh_char__EDGE-03033,25,23,騎,5515,0.4991239905357361,仳,4806,0.6785416007041931,11150,3,0,0,0,0.0001813236627379,0.505426495649834,0,0,0,0.0002080732417811,0.5690196430173109,709,0,0,0,0,0,0
bge_m3_1024d,zh_char,EDGE-03034,ROOT-382F,台,魚,魚,鮐,bge_m3_1024d__zh_char__EDGE-03034,25,23,漁,5376,0.5561062097549438,龤,5251,0.7238065600395203,11150,3,0,0,0,0.0001860119047619,0.5178939815230066,0,0,0,0.0001904399162064,0.5291057493945646,125,0,0,0,0,0,0
bge_m3_1024d,zh_char,EDGE-03035,ROOT-382F,台,齒,齒,齝,bge_m3_1024d__zh_char__EDGE-03035,25,23,牙,7416,0.4657199084758758,牙,5306,0.638150155544281,11150,3,0,0,0,0.0001348435814455,0.3349179298591802,0,0,0,0.0001884658876743,0.524172571531079,2110,0,0,0,0,0,0
bge_m3_1024d,zh_char,EDGE-03085,ROOT-5E1D,帝,口,口,啻,bge_m3_1024d__zh_char__EDGE-03085,5,5,嘴,9979,0.3689886331558227,囗,9361,0.3576565980911255,11150,3,0,0,0,0.000100210441928,0.1050318414207552,0,0,0,0.0001068261937827,0.1604628217777379,618,0,0,0,0,0,0
bge_m3_1024d,zh_char,EDGE-03087,ROOT-5E1D,帝,口,口,啼,bge_m3_1024d__zh_char__EDGE-03087,5,5,嘴,8754,0.4143145680427551,囗,9513,0.3529979884624481,11150,3,0,0,0,0.0001142334932602,0.2149071665620234,0,0,0,0.0001051193104173,0.1468293120459234,-759,0,0,0,0,0,0
bge_m3_1024d,zh_char,EDGE-03088,ROOT-5E1D,帝,礻,示,禘,bge_m3_1024d__zh_char__EDGE-03088,6,5,顯,3448,0.4924405515193939,顯,4691,0.4031265377998352,11150,3,0,0,0,0.0002900232018561,0.6908242891739169,0,0,0,0.0002131741632914,0.5793344694591442,-1243,0,0,0,0,0,0
bge_m3_1024d,zh_char,EDGE-03089,ROOT-5E1D,帝,糸,糸,締,bge_m3_1024d__zh_char__EDGE-03089,6,5,繩,8417,0.4294493198394775,紉,9536,0.3421792089939117,11150,3,0,0,0,0.0001188071759534,0.2451340927437438,0,0,0,0.000104865771812,0.1447663467575567,-1119,0,0,0,0,0,0
bge_m3_1024d,zh_char,EDGE-03090,ROOT-5E1D,帝,艹,艸,蒂,bge_m3_1024d__zh_char__EDGE-03090,6,5,唷,10301,0.4300152957439422,喲,10640,0.3746427297592163,11150,3,0,0,0,9.70779535967382e-05,0.0761503273836218,0,0,0,9.398496240601504e-05,0.0457440129159565,-339,0,0,0,0,0,0
bge_m3_1024d,zh_char,EDGE-03091,ROOT-5E1D,帝,言,言,諦,bge_m3_1024d__zh_char__EDGE-03091,6,5,語,6847,0.4504749476909637,語,5825,0.4746708273887634,11150,3,0,0,0,0.0001460493646852,0.3859538972105122,0,0,0,0.0001716738197424,0.4776213113283702,1022,0,0,0,0,0,0
bge_m3_1024d,zh_char,EDGE-03092,ROOT-5E1D,帝,𧾷,足,蹄,bge_m3_1024d__zh_char__EDGE-03092,6,5,腳,12,0.6248235702514648,腳,8,0.5956902503967285,11150,3,0,0,0,0.0833333333333333,0.9990133644273028,0,0,1,0.125,0.9993721409991928,4,0,0,0,0,1,0
bge_m3_1024d,zh_char,EDGE-03943,ROOT-67EC,闌,木,木,欄,bge_m3_1024d__zh_char__EDGE-03943,24,17,樹,605,0.4708870649337768,檜,6286,0.4734680652618408,11150,3,0,0,0,0.0016528925619834,0.9458247376446318,0,0,0,0.0001590836780146,0.4362723114180644,-5681,0,0,0,0,0,0
bge_m3_1024d,zh_char,EDGE-03944,ROOT-67EC,闌,氵,水,瀾,bge_m3_1024d__zh_char__EDGE-03944,22,17,渴,9729,0.3829445242881775,溼,8707,0.4286833107471466,11150,3,0,0,0,0.0001027854866892,0.1274553771638712,0,0,0,0.0001148501205926,0.2191227912817293,1022,0,0,0,0,0,0
bge_m3_1024d,zh_char,EDGE-03945,ROOT-67EC,闌,火,火,爛,bge_m3_1024d__zh_char__EDGE-03945,24,17,焰,6159,0.4942455291748047,熾,6125,0.5020408034324646,11150,3,0,0,0,0.0001623640201331,0.4476634675755673,0,0,0,0.0001632653061224,0.450713068436631,34,0,0,0,0,0,0
bge_m3_1024d,zh_char,EDGE-03946,ROOT-67EC,闌,竹,竹,籣,bge_m3_1024d__zh_char__EDGE-03946,24,17,竿,4005,0.4741873741149902,筍,3180,0.5196787714958191,11150,3,0,0,0,0.0002496878901373,0.6408646515382546,0,0,0,0.000314465408805,0.7148623194905372,825,0,0,0,0,0,0
bge_m3_1024d,zh_char,EDGE-03947,ROOT-67EC,闌,艹,艸,蘭,bge_m3_1024d__zh_char__EDGE-03947,24,17,唷,10618,0.4102592766284942,喲,10684,0.3875018954277038,11150,3,0,0,0,9.417969485778868e-05,0.0477172840613507,0,0,0,9.359790340696368e-05,0.0417974706251681,-66,0,0,0,0,0,0
bge_m3_1024d,zh_char,EDGE-03949,ROOT-67EC,闌,衤,衣,襴,bge_m3_1024d__zh_char__EDGE-03949,25,17,恤,5170,0.4937629699707031,恤,4344,0.5481789708137512,11150,3,0,0,0,0.0001934235976789,0.536370974975334,0,0,0,0.0002302025782688,0.6104583370705893,826,0,0,0,0,0,0
bge_m3_1024d,zh_char,EDGE-03950,ROOT-67EC,闌,言,言,讕,bge_m3_1024d__zh_char__EDGE-03950,24,17,語,5039,0.4655972719192505,語,4314,0.5314105153083801,11150,3,0,0,0,0.0001984520738241,0.5481209077047269,0,0,0,0.0002318034306907,0.6131491613597633,725,0,0,0,0,0,0
bge_m3_1024d,zh_char,EDGE-04481,ROOT-9752,青,亻,人,倩,bge_m3_1024d__zh_char__EDGE-04481,16,16,者,9916,0.4256968200206756,者,10096,0.4294756352901459,11150,3,0,0,0,0.0001008471157724,0.1106825724280204,0,0,0,9.904912836767035e-05,0.0945376266929769,-180,0,0,0,0,0,0
bge_m3_1024d,zh_char,EDGE-04483,ROOT-9752,青,女,女,婧,bge_m3_1024d__zh_char__EDGE-04483,16,16,婦,6614,0.5167457461357117,婦,63,0.5674054622650146,11150,3,0,0,0,0.0001511944360447,0.4068526325230962,0,0,0,0.0158730158730158,0.9944389631357072,6551,0,0,0,0,0,0
bge_m3_1024d,zh_char,EDGE-04484,ROOT-9752,青,山,山,崝,bge_m3_1024d__zh_char__EDGE-04484,16,16,樹,947,0.5239974856376648,嶂,947,0.503929078578949,11150,3,0,0,0,0.0010559662090813,0.9151493407480492,0,0,0,0.0010559662090813,0.9151493407480492,0,0,0,0,0,0,0
bge_m3_1024d,zh_char,EDGE-04485,ROOT-9752,青,忄,心,情,bge_m3_1024d__zh_char__EDGE-04485,16,16,愛,2,0.6481090188026428,衷,4,0.5958096981048584,11150,3,0,1,1,0.5,0.9999103058570276,0,1,1,0.25,0.9997309175710826,-2,0,0,0,0,0,0
bge_m3_1024d,zh_char,EDGE-04486,ROOT-9752,青,日,日,晴,bge_m3_1024d__zh_char__EDGE-04486,16,16,晝,232,0.4525117874145508,晝,38,0.4798358082771301,11150,3,0,0,0,0.0043103448275862,0.9792806529733608,0,0,0,0.0263157894736842,0.9966813167100188,194,0,0,0,0,0,0
bge_m3_1024d,zh_char,EDGE-04487,ROOT-9752,青,犭,犬,猜,bge_m3_1024d__zh_char__EDGE-04487,16,16,狗,745,0.4820369482040405,狗,6908,0.4479644298553467,11150,3,0,0,0,0.0013422818791946,0.9332675576284868,0,0,0,0.0001447596988998,0.3804825544891919,-6163,0,0,0,0,0,0
bge_m3_1024d,zh_char,EDGE-04488,ROOT-9752,青,目,目,睛,bge_m3_1024d__zh_char__EDGE-04488,16,16,眼,16,0.5801049470901489,眶,7,0.5786809325218201,11150,3,0,0,0,0.0625,0.9986545878554132,0,0,1,0.1428571428571428,0.9994618351421652,9,0,0,0,0,1,0
bge_m3_1024d,zh_char,EDGE-04489,ROOT-9752,青,米,米,精,bge_m3_1024d__zh_char__EDGE-04489,16,16,稻,6677,0.4538566172122955,稻,7186,0.4335588812828064,11150,3,0,0,0,0.0001497678598172,0.401201901515831,0,0,0,0.0001391594767603,0.3555475827428469,-509,0,0,0,0,0,0
bge_m3_1024d,zh_char,EDGE-04490,ROOT-9752,青,糸,糸,綪,bge_m3_1024d__zh_char__EDGE-04490,16,16,繩,5224,0.4436036348342895,緞,5545,0.4198510944843292,11150,3,0,0,0,0.0001914241960183,0.5315274912548211,0,0,0,0.0001803426510369,0.5027356713606601,-321,0,0,0,0,0,0
bge_m3_1024d,zh_char,EDGE-04491,ROOT-9752,青,艹,艸,菁,bge_m3_1024d__zh_char__EDGE-04491,16,16,唷,9896,0.4468083083629608,喲,8085,0.4744521379470825,11150,3,0,0,0,0.0001010509296685,0.1124764552874697,0,0,0,0.0001236858379715,0.2749125482106018,1811,0,0,0,0,0,0
bge_m3_1024d,zh_char,EDGE-04492,ROOT-9752,青,虫,虫,蜻,bge_m3_1024d__zh_char__EDGE-04492,16,16,蟲,6202,0.4909209012985229,蟲,5791,0.504585862159729,11150,3,0,0,0,0.0001612383102225,0.4438066194277513,0,0,0,0.0001726817475392,0.480670912189434,411,0,0,0,0,0,0
bge_m3_1024d,zh_char,EDGE-04493,ROOT-9752,青,言,言,請,bge_m3_1024d__zh_char__EDGE-04493,16,16,語,570,0.4761267900466919,語,7518,0.422112375497818,11150,3,0,0,0,0.0017543859649122,0.948964032648668,0,0,0,0.0001330140994945,0.3257691272759888,-6948,0,0,0,0,0,0
bge_m3_1024d,zh_char,EDGE-04494,ROOT-9752,青,釒,金,錆,bge_m3_1024d__zh_char__EDGE-04494,16,16,銀,9182,0.3433789610862732,銀,9019,0.3462197780609131,11150,3,0,0,0,0.0001089087344805,0.1765180733698089,0,0,0,0.0001108770373655,0.1911382186743205,163,0,0,0,0,0,0
bge_m3_1024d,zh_char,EDGE-04495,ROOT-9752,青,立,立,靖,bge_m3_1024d__zh_char__EDGE-04495,16,16,置,9454,0.3661350011825561,峙,10066,0.3349459767341614,11150,3,0,0,0,0.0001057753331922,0.1521212664812987,0,0,0,9.934432743890324e-05,0.0972284509821508,-612,0,0,0,0,0,0
bge_m3_1024d,zh_char,EDGE-04496,ROOT-9752,青,見,見,靚,bge_m3_1024d__zh_char__EDGE-04496,16,16,看,116,0.5597369074821472,睇,42,0.5612172484397888,11150,3,0,0,0,0.0086206896551724,0.9896851735581668,0,0,0,0.0238095238095238,0.9963225401381288,74,0,0,0,0,0,0
bge_m3_1024d,zh_char,EDGE-04497,ROOT-9752,青,爭,爭,靜,bge_m3_1024d__zh_char__EDGE-04497,16,16,拚,9963,0.4112392365932464,拚,10087,0.3941297233104706,11150,3,0,0,0,0.0001003713740841,0.1064669477083146,0,0,0,9.91375037176564e-05,0.0953448739797291,-124,0,0,0,0,0,0
bge_m3_1024d,zh_char,EDGE-04498,ROOT-9752,青,魚,魚,鯖,bge_m3_1024d__zh_char__EDGE-04498,16,16,漁,84,0.5735911130905151,漁,5667,0.5715876817703247,11150,3,0,0,0,0.0119047619047619,0.9925553861332856,0,0,0,0.000176460208223,0.4917929859180195,-5583,0,0,0,0,0,0
bge_m3_1024d,zh_char,EDGE-05389,ROOT-4F59,余,氵,水,涂,bge_m3_1024d__zh_char__EDGE-05389,15,13,渴,145,0.5445896983146667,龤,5656,0.55009526014328,11150,3,0,0,0,0.0068965517241379,0.9870840434119652,0,0,0,0.0001768033946251,0.4927796214907166,-5511,0,0,0,0,0,0
bge_m3_1024d,zh_char,EDGE-05391,ROOT-4F59,余,彳,彳,徐,bge_m3_1024d__zh_char__EDGE-05391,16,13,埶,11036,0.3339309692382812,兞,10986,0.2512175738811493,11150,3,0,0,0,9.061254077564336e-05,0.0102251322988609,0,0,0,9.102494083378844e-05,0.014709839447484,50,0,0,0,0,0,0
bge_m3_1024d,zh_char,EDGE-05392,ROOT-4F59,余,心,心,悆,bge_m3_1024d__zh_char__EDGE-05392,16,13,愛,1427,0.5183875560760498,仳,1088,0.6708112359046936,11150,3,0,0,0,0.0007007708479327,0.8720961521212665,0,0,0,0.0009191176470588,0.9025024665889316,339,0,0,0,0,0,0
bge_m3_1024d,zh_char,EDGE-05394,ROOT-4F59,余,斗,斗,斜,bge_m3_1024d__zh_char__EDGE-05394,16,13,鬥,733,0.4570774435997009,鬥,6234,0.4410687386989593,11150,3,0,0,0,0.0013642564802182,0.9343438873441564,0,0,0,0.0001604106512672,0.4409364068526324,-5501,0,0,0,0,0,0
bge_m3_1024d,zh_char,EDGE-05396,ROOT-4F59,余,田,田,畬,bge_m3_1024d__zh_char__EDGE-05396,16,13,陳,3401,0.4209494292736053,仳,2358,0.5809445381164551,11150,3,0,0,0,0.0002940311673037,0.6950399138936227,0,0,0,0.0004240882103477,0.7885909050139026,1043,0,0,0,0,0,0
bge_m3_1024d,zh_char,EDGE-05397,ROOT-4F59,余,禾,禾,稌,bge_m3_1024d__zh_char__EDGE-05397,16,13,蔬,4552,0.3743226230144501,柴,2943,0.5295338034629822,11150,3,0,0,0,0.000219683655536,0.5918019553323168,0,0,0,0.000339789330615,0.7361198313750112,1609,0,0,0,0,0,0
bge_m3_1024d,zh_char,EDGE-05398,ROOT-4F59,余,竹,竹,筡,bge_m3_1024d__zh_char__EDGE-05398,15,13,竿,3801,0.4741873741149902,龤,2903,0.6325666308403015,11150,3,0,0,0,0.0002630886608787,0.6591622567046371,0,0,0,0.0003444712366517,0.7397075970939098,898,0,0,0,0,0,0
bge_m3_1024d,zh_char,EDGE-05399,ROOT-4F59,余,舟,舟,艅,bge_m3_1024d__zh_char__EDGE-05399,16,13,船,3902,0.4646392166614532,槳,3380,0.6201136112213135,11150,3,0,0,0,0.0002562788313685,0.6501031482644184,0,0,0,0.0002958579881656,0.6969234908960444,522,0,0,0,0,0,0
bge_m3_1024d,zh_char,EDGE-05400,ROOT-4F59,余,艹,艸,荼,bge_m3_1024d__zh_char__EDGE-05400,15,13,唷,10315,0.429286241531372,仳,10619,0.3679459393024444,11150,3,0,0,0,9.694619486185167e-05,0.0748946093820073,0,0,0,9.417082587814296e-05,0.0476275899183783,-304,0,0,0,0,0,0
bge_m3_1024d,zh_char,EDGE-05401,ROOT-4F59,余,虫,虫,蜍,bge_m3_1024d__zh_char__EDGE-05401,16,13,蟲,62,0.5609717965126038,蟲,5726,0.5028951168060303,11150,3,0,0,0,0.0161290322580645,0.9945286572786796,0,0,0,0.0001746419839329,0.4865010314826442,-5664,0,0,0,0,0,0
bge_m3_1024d,zh_char,EDGE-05403,ROOT-4F59,余,酉,酉,酴,bge_m3_1024d__zh_char__EDGE-05403,16,13,卯,5536,0.4489223957061767,睢,4628,0.5799782276153564,11150,3,0,0,0,0.0001806358381502,0.5035429186474123,0,0,0,0.0002160760587726,0.5849852004664096,908,0,0,0,0,0,0
bge_m3_1024d,zh_char,EDGE-05408,ROOT-4F59,余,飠,食,餘,bge_m3_1024d__zh_char__EDGE-05408,16,13,吃,8070,0.4526809453964233,吃,7941,0.4454036355018616,11150,3,0,0,0,0.0001239157372986,0.2762579603551888,0,0,0,0.000125928724342,0.2878285047986366,129,0,0,0,0,0,0
bge_m3_1024d,zh_char,EDGE-05409,ROOT-4F59,余,馬,馬,駼,bge_m3_1024d__zh_char__EDGE-05409,16,13,騎,5534,0.4991239905357361,騎,4826,0.6483782529830933,11150,3,0,0,0,0.0001807011203469,0.5037223069333572,0,0,0,0.0002072109407376,0.5672257601578616,708,0,0,0,0,0,0
bge_m3_1024d,zh_char,EDGE-05721,ROOT-8FB0,辰,衤,衣,裖,bge_m3_1024d__zh_char__EDGE-05721,13,13,恤,4926,0.4937629699707031,褸,4086,0.6385178565979004,11150,3,0,0,0,0.0002030044660982,0.5582563458606153,0,0,0,0.0002447381302006,0.633599425957485,840,0,0,0,0,0,0
bge_m3_1024d,zh_char,EDGE-05799,ROOT-8FB0,辰,亻,人,侲,bge_m3_1024d__zh_char__EDGE-05799,13,13,者,978,0.5531866550445557,仳,290,0.7051296234130859,11150,3,0,0,0,0.0010224948875255,0.9123688223159028,0,0,0,0.0034482758620689,0.974078392680958,688,0,0,0,0,0,0
bge_m3_1024d,zh_char,EDGE-05800,ROOT-8FB0,辰,口,口,唇,bge_m3_1024d__zh_char__EDGE-05800,13,13,嘴,2,0.7478280663490295,囗,3,0.682243287563324,11150,3,0,1,1,0.5,0.9999103058570276,0,1,1,0.3333333333333333,0.9998206117140552,-1,0,0,0,0,0,0
bge_m3_1024d,zh_char,EDGE-05801,ROOT-8FB0,辰,女,女,娠,bge_m3_1024d__zh_char__EDGE-05801,13,13,婦,91,0.5780107975006104,仳,5612,0.5928509831428528,11150,3,0,0,0,0.0109890109890109,0.9919275271324782,0,0,0,0.0001781895937277,0.496726163781505,-5521,0,0,0,0,0,0
bge_m3_1024d,zh_char,EDGE-05803,ROOT-8FB0,辰,扌,手,振,bge_m3_1024d__zh_char__EDGE-05803,13,13,握,7091,0.479817271232605,握,6818,0.4685420989990234,11150,3,0,0,0,0.0001410238330277,0.364068526325231,0,0,0,0.000146670577882,0.3885550273567136,273,0,0,0,0,0,0
bge_m3_1024d,zh_char,EDGE-05804,ROOT-8FB0,辰,日,日,晨,bge_m3_1024d__zh_char__EDGE-05804,13,13,晝,6481,0.4185057282447815,仳,6137,0.4062992930412292,11150,3,0,0,0,0.0001542971763616,0.4187819535384339,0,0,0,0.0001629460648525,0.4496367387209615,344,0,0,0,0,0,0
bge_m3_1024d,zh_char,EDGE-05806,ROOT-8FB0,辰,礻,示,祳,bge_m3_1024d__zh_char__EDGE-05806,13,13,顯,3445,0.4924405515193939,顯,2889,0.6017036437988281,11150,3,0,0,0,0.0002902757619738,0.6910933716028343,0,0,0,0.0003461405330564,0.7409633150955243,556,0,0,0,0,0,0
bge_m3_1024d,zh_char,EDGE-05807,ROOT-8FB0,辰,肉,肉,脣,bge_m3_1024d__zh_char__EDGE-05807,13,13,畜,820,0.5005868077278137,埶,6002,0.4984734952449798,11150,3,0,0,0,0.0012195121951219,0.926540496905552,0,0,0,0.0001666111296234,0.4617454480222441,-5182,0,0,0,0,0,0
bge_m3_1024d,zh_char,EDGE-05809,ROOT-8FB0,辰,虫,虫,蜃,bge_m3_1024d__zh_char__EDGE-05809,13,13,蟲,8532,0.4193624556064605,蟲,6943,0.4365732371807098,11150,3,0,0,0,0.0001172058134083,0.2348192663019105,0,0,0,0.0001440299582313,0.3773432594851555,1589,0,0,0,0,0,0
bge_m3_1024d,zh_char,EDGE-05810,ROOT-8FB0,辰,貝,貝,賑,bge_m3_1024d__zh_char__EDGE-05810,13,13,蚌,6620,0.4601747095584869,仳,6022,0.4633249938488006,11150,3,0,0,0,0.0001510574018126,0.4063144676652614,0,0,0,0.0001660577881102,0.4599515651627949,598,0,0,0,0,0,0
bge_m3_1024d,zh_char,EDGE-05811,ROOT-8FB0,辰,雨,雨,震,bge_m3_1024d__zh_char__EDGE-05811,13,13,雹,8072,0.4689498245716095,雹,7304,0.4729939103126526,11150,3,0,0,0,0.0001238850346878,0.2760785720692439,0,0,0,0.0001369112814895,0.3449636738720961,768,0,0,0,0,0,0
bge_m3_1024d,zh_char,EDGE-05812,ROOT-8FB0,辰,鹿,鹿,麎,bge_m3_1024d__zh_char__EDGE-05812,13,13,麋,6071,0.4910245835781097,麋,5478,0.6296780109405518,11150,3,0,0,0,0.0001647175094712,0.4555565521571442,0,0,0,0.0001825483753194,0.5087451789398152,593,0,0,0,0,0,0
bge_m3_1024d,zh_char,EDGE-06206,ROOT-5360,店,扌,手,掂,bge_m3_1024d__zh_char__EDGE-06206,18,18,握,6609,0.4985187351703644,握,5772,0.5473619103431702,11150,3,0,0,0,0.0001513088213042,0.4073011032379585,0,0,0,0.0001732501732501,0.4823751009059108,837,0,0,0,0,0,0
bge_m3_1024d,zh_char,EDGE-06207,ROOT-5360,店,忄,心,惦,bge_m3_1024d__zh_char__EDGE-06207,19,18,愛,6017,0.5135703682899475,仳,5956,0.5173956155776978,11150,3,0,0,0,0.0001661957786272,0.4604000358776572,0,0,0,0.0001678979180658,0.4658713785989775,61,0,0,0,0,0,0
gte_multilingual_base_768d,cn_def,EDGE-00063,ROOT-219CD,賓,亻,人,儐,gte_multilingual_base_768d__cn_def__EDGE-00063,8,8,鼬,1567,0.6107336282730103,鼬,269,0.6332051753997803,6039,3,0,0,0,0.0006381620931716,0.7406425968863862,0,0,0,0.0037174721189591,0.9556144418681682,1298,0,0,0,0,0,0
gte_multilingual_base_768d,cn_def,EDGE-00064,ROOT-219CD,賓,女,女,嬪,gte_multilingual_base_768d__cn_def__EDGE-00064,8,8,男,4220,0.5919444561004639,男,2548,0.5992389917373657,6039,3,0,0,0,0.0002369668246445,0.3012586949320966,0,0,0,0.0003924646781789,0.5781715799933753,1672,0,0,0,0,0,0
gte_multilingual_base_768d,cn_def,EDGE-00065,ROOT-219CD,賓,扌,手,擯,gte_multilingual_base_768d__cn_def__EDGE-00065,8,8,臂,3148,0.6168231964111328,臂,2493,0.5957223176956177,6039,3,0,0,0,0.0003176620076238,0.4788009274594236,0,0,0,0.0004011231448054,0.5872805564756542,655,0,0,0,0,0,0
gte_multilingual_base_768d,cn_def,EDGE-00066,ROOT-219CD,賓,木,木,檳,gte_multilingual_base_768d__cn_def__EDGE-00066,8,8,艾,191,0.690098762512207,艾,161,0.6650376319885254,6039,3,0,0,0,0.0052356020942408,0.968532626697582,0,0,0,0.0062111801242236,0.9735011593242796,30,0,0,0,0,0,0
gte_multilingual_base_768d,cn_def,EDGE-00067,ROOT-219CD,賓,歹,歹,殯,gte_multilingual_base_768d__cn_def__EDGE-00067,8,8,孬,5713,0.498751699924469,孬,5018,0.5056885480880737,6039,3,0,0,0,0.0001750393838613,0.0539913878767803,0,0,0,0.0001992825827022,0.1690957270619411,695,0,0,0,0,0,0
gte_multilingual_base_768d,cn_def,EDGE-00068,ROOT-219CD,賓,氵,水,濱,gte_multilingual_base_768d__cn_def__EDGE-00068,8,8,汁,374,0.6939099431037903,汁,334,0.6564359664916992,6039,3,0,0,0,0.0026737967914438,0.9382245776747268,0,0,0,0.0029940119760479,0.9448492878436568,40,0,0,0,0,0,0
gte_multilingual_base_768d,cn_def,EDGE-00070,ROOT-219CD,賓,糸,糸,繽,gte_multilingual_base_768d__cn_def__EDGE-00070,8,8,緬,229,0.7167103886604309,緬,295,0.6489403247833252,6039,3,0,0,0,0.0043668122270742,0.9622391520370984,0,0,0,0.0033898305084745,0.9513083802583636,-66,0,0,0,0,0,0
gte_multilingual_base_768d,cn_def,EDGE-00072,ROOT-219CD,賓,髟,髟,鬢,gte_multilingual_base_768d__cn_def__EDGE-00072,8,8,髻,8,0.7792016863822937,額,8,0.7338907122612,6039,3,0,0,1,0.125,0.9988406757204372,0,0,1,0.125,0.9988406757204372,0,0,0,0,0,0,0
gte_multilingual_base_768d,cn_def,EDGE-00479,ROOT-4EA5,亥,刂,刀,刻,gte_multilingual_base_768d__cn_def__EDGE-00479,11,11,斧,453,0.6834232807159424,斧,528,0.6772404909133911,6039,3,0,0,0,0.0022075055187637,0.9251407750910896,0,0,0,0.0018939393939393,0.9127194435243458,-75,0,0,0,0,0,0
gte_multilingual_base_768d,cn_def,EDGE-00480,ROOT-4EA5,亥,力,力,劾,gte_multilingual_base_768d__cn_def__EDGE-00480,11,11,搬,1815,0.5743369460105896,搬,1443,0.5953198671340942,6039,3,0,0,0,0.0005509641873278,0.6995693938390195,0,0,0,0.0006930006930006,0.7611791984100695,372,0,0,0,0,0,0
gte_multilingual_base_768d,cn_def,EDGE-00481,ROOT-4EA5,亥,口,口,咳,gte_multilingual_base_768d__cn_def__EDGE-00481,11,11,舌,165,0.7108782529830933,舌,224,0.6793726682662964,6039,3,0,0,0,0.006060606060606,0.9728386883073864,0,0,0,0.0044642857142857,0.9630672408082146,-59,0,0,0,0,0,0
gte_multilingual_base_768d,cn_def,EDGE-00482,ROOT-4EA5,亥,土,土,垓,gte_multilingual_base_768d__cn_def__EDGE-00482,11,11,泥,949,0.5507685542106628,泥,957,0.5368039011955261,6039,3,0,0,0,0.0010537407797681,0.8429943689963564,0,0,0,0.0010449320794148,0.8416694269625704,-8,0,0,0,0,0,0
gte_multilingual_base_768d,cn_def,EDGE-00483,ROOT-4EA5,亥,子,子,孩,gte_multilingual_base_768d__cn_def__EDGE-00483,11,11,巳,2223,0.5154725313186646,巳,2047,0.5050173997879028,6039,3,0,0,0,0.0004498425551057,0.6319973501159324,0,0,0,0.0004885197850512,0.6611460748592248,176,0,0,0,0,0,0
gte_multilingual_base_768d,cn_def,EDGE-00484,ROOT-4EA5,亥,木,木,核,gte_multilingual_base_768d__cn_def__EDGE-00484,11,11,艾,98,0.7209838032722473,艾,83,0.7217316031455994,6039,3,0,0,0,0.010204081632653,0.9839350778403444,0,0,0,0.0120481927710843,0.9864193441536931,15,0,0,0,0,0,0
gte_multilingual_base_768d,cn_def,EDGE-00485,ROOT-4EA5,亥,欠,欠,欬,gte_multilingual_base_768d__cn_def__EDGE-00485,11,11,弛,2701,0.6052752137184143,弛,1313,0.631368100643158,6039,3,0,0,0,0.0003702332469455,0.5528320635972177,0,0,0,0.0007616146230007,0.7827095064590924,1388,0,0,0,0,0,0
gte_multilingual_base_768d,cn_def,EDGE-00489,ROOT-4EA5,亥,言,言,該,gte_multilingual_base_768d__cn_def__EDGE-00489,11,11,講,224,0.7183007001876831,講,285,0.6953865885734558,6039,3,0,0,0,0.0044642857142857,0.9630672408082146,0,0,0,0.0035087719298245,0.9529645578005962,-61,0,0,0,0,0,0
gte_multilingual_base_768d,cn_def,EDGE-00490,ROOT-4EA5,亥,門,門,閡,gte_multilingual_base_768d__cn_def__EDGE-00490,11,11,栓,32,0.7472191452980042,闥,17,0.7518185377120972,6039,3,0,0,0,0.03125,0.9948658496190792,0,0,0,0.0588235294117647,0.997350115932428,15,0,0,0,0,0,0
gte_multilingual_base_768d,cn_def,EDGE-00492,ROOT-4EA5,亥,頁,頁,頦,gte_multilingual_base_768d__cn_def__EDGE-00492,11,11,箋,4064,0.5671626925468445,箋,3403,0.5691409111022949,6039,3,0,0,0,0.0002460629921259,0.3270950645909242,0,0,0,0.0002938583602703,0.4365684001324942,661,0,0,0,0,0,0
gte_multilingual_base_768d,cn_def,EDGE-00493,ROOT-4EA5,亥,馬,馬,駭,gte_multilingual_base_768d__cn_def__EDGE-00493,11,11,犀,192,0.6751094460487366,犀,113,0.681748628616333,6039,3,0,0,0,0.0052083333333333,0.9683670089433588,0,0,0,0.0088495575221238,0.9814508115269956,79,0,0,0,0,0,0
gte_multilingual_base_768d,cn_def,EDGE-00494,ROOT-4EA5,亥,骨,骨,骸,gte_multilingual_base_768d__cn_def__EDGE-00494,11,11,蕾,639,0.6056678295135498,蓓,1406,0.5725517868995667,6039,3,0,0,0,0.001564945226917,0.8943358728055648,0,0,0,0.0007112375533428,0.7673070553163299,-767,0,0,0,0,0,0
gte_multilingual_base_768d,cn_def,EDGE-00747,ROOT-5143,元,氵,水,沅,gte_multilingual_base_768d__cn_def__EDGE-00747,6,6,汁,5618,0.4680143594741821,汁,5239,0.4674569368362427,6039,3,0,0,0,0.0001779992880028,0.0697250745279893,0,0,0,0.0001908761213972,0.1324942033786021,379,0,0,0,0,0,0
gte_multilingual_base_768d,cn_def,EDGE-00748,ROOT-5143,元,王,玉,玩,gte_multilingual_base_768d__cn_def__EDGE-00748,7,6,珂,2469,0.6143989562988281,珂,3887,0.5406282544136047,6039,3,0,0,0,0.0004050222762251,0.5912553825770123,0,0,0,0.0002572678157962,0.3564094070884399,-1418,0,0,0,0,0,0
gte_multilingual_base_768d,cn_def,EDGE-00749,ROOT-5143,元,習,習,翫,gte_multilingual_base_768d__cn_def__EDGE-00749,7,6,仿,449,0.6942179799079895,仿,538,0.641480565071106,6039,3,0,0,0,0.0022271714922048,0.9258032461079828,0,0,0,0.0018587360594795,0.9110632659821132,-89,0,0,0,0,0,0
gte_multilingual_base_768d,cn_def,EDGE-00754,ROOT-5143,元,頁,頁,頑,gte_multilingual_base_768d__cn_def__EDGE-00754,7,6,箋,1840,0.6255370378494263,箋,3225,0.5278798937797546,6039,3,0,0,0,0.0005434782608695,0.6954289499834383,0,0,0,0.0003100775193798,0.4660483603842331,-1385,0,0,0,0,0,0
gte_multilingual_base_768d,cn_def,EDGE-00755,ROOT-5143,元,黽,黽,黿,gte_multilingual_base_768d__cn_def__EDGE-00755,7,6,勖,2396,0.5519479513168335,慓,2406,0.4998336434364319,6039,3,0,0,0,0.0004173622704507,0.6033454786353096,0,0,0,0.0004156275976724,0.6016893010930772,-10,0,0,0,0,0,0
gte_multilingual_base_768d,cn_def,EDGE-00807,ROOT-5303,曷,亻,人,偈,gte_multilingual_base_768d__cn_def__EDGE-00807,13,13,鼬,3124,0.5768646597862244,鼬,2236,0.5949062705039978,6039,3,0,0,0,0.0003201024327784,0.4827757535607817,0,0,0,0.0004472271914132,0.6298443193110301,888,0,0,0,0,0,0
gte_multilingual_base_768d,cn_def,EDGE-00808,ROOT-5303,曷,口,口,喝,gte_multilingual_base_768d__cn_def__EDGE-00808,13,13,舌,95,0.7326072454452515,舌,111,0.721319317817688,6039,3,0,0,0,0.0105263157894736,0.9844319311030142,0,0,0,0.009009009009009,0.9817820470354424,-16,0,0,0,0,0,0
gte_multilingual_base_768d,cn_def,EDGE-00810,ROOT-5303,曷,忄,心,愒,gte_multilingual_base_768d__cn_def__EDGE-00810,13,13,臟,1622,0.5864628553390503,臟,991,0.6052661538124084,6039,3,0,0,0,0.000616522811344,0.7315336204041073,0,0,0,0.0010090817356205,0.8360384233189798,631,0,0,0,0,0,0
gte_multilingual_base_768d,cn_def,EDGE-00811,ROOT-5303,曷,扌,手,揭,gte_multilingual_base_768d__cn_def__EDGE-00811,13,13,臂,1236,0.6628493070602417,臂,1251,0.664572536945343,6039,3,0,0,0,0.0008090614886731,0.7954620735342829,0,0,0,0.0007993605115907,0.7929778072209341,-15,0,0,0,0,0,0
gte_multilingual_base_768d,cn_def,EDGE-00815,ROOT-5303,曷,欠,欠,歇,gte_multilingual_base_768d__cn_def__EDGE-00815,13,13,弛,54,0.7409200668334961,弛,64,0.7288689017295837,6039,3,0,0,0,0.0185185185185185,0.9912222590261676,0,0,0,0.015625,0.9895660814839352,-10,0,0,0,0,0,0
gte_multilingual_base_768d,cn_def,EDGE-00817,ROOT-5303,曷,氵,水,渴,gte_multilingual_base_768d__cn_def__EDGE-00817,13,13,汁,158,0.7264306545257568,汁,181,0.7210938334465027,6039,3,0,0,0,0.0063291139240506,0.9739980125869492,0,0,0,0.005524861878453,0.9701888042398144,-23,0,0,0,0,0,0
gte_multilingual_base_768d,cn_def,EDGE-00819,ROOT-5303,曷,石,石,碣,gte_multilingual_base_768d__cn_def__EDGE-00819,13,13,合,2068,0.5449064373970032,合,3408,0.5084038972854614,6039,3,0,0,0,0.0004835589941972,0.6576681020205366,0,0,0,0.0002934272300469,0.4357403113613779,-1340,0,0,0,0,0,0
gte_multilingual_base_768d,cn_def,EDGE-00821,ROOT-5303,曷,立,立,竭,gte_multilingual_base_768d__cn_def__EDGE-00821,13,13,聳,1277,0.5217347145080566,聳,1104,0.5060072541236877,6039,3,0,0,0,0.0007830853563038,0.7886717456111295,0,0,0,0.0009057971014492,0.8173236170917523,173,0,0,0,0,0,0
gte_multilingual_base_768d,cn_def,EDGE-00822,ROOT-5303,曷,羊,羊,羯,gte_multilingual_base_768d__cn_def__EDGE-00822,13,13,瑞,3168,0.524224042892456,瑞,4057,0.471894770860672,6039,3,0,0,0,0.0003156565656565,0.4754885723749585,0,0,0,0.0002464875523786,0.3282543888704869,-889,0,0,0,0,0,0
gte_multilingual_base_768d,cn_def,EDGE-00827,ROOT-5303,曷,衤,衣,褐,gte_multilingual_base_768d__cn_def__EDGE-00827,13,13,襖,1597,0.6342476606369019,襖,1075,0.6510207653045654,6039,3,0,0,0,0.0006261740763932,0.7356740642596886,0,0,0,0.0009302325581395,0.8221265319642266,522,0,0,0,0,0,0
gte_multilingual_base_768d,cn_def,EDGE-00828,ROOT-5303,曷,言,言,謁,gte_multilingual_base_768d__cn_def__EDGE-00828,13,13,講,240,0.7169497013092041,講,167,0.7207511067390442,6039,3,0,0,0,0.0041666666666666,0.9604173567406424,0,0,0,0.0059880239520958,0.97250745279894,73,0,0,0,0,0,0
gte_multilingual_base_768d,cn_def,EDGE-02217,ROOT-572D,圭,亻,人,佳,gte_multilingual_base_768d__cn_def__EDGE-02217,15,15,鼬,5561,0.4589398205280304,黠,5014,0.5058781504631042,6039,3,0,0,0,0.0001798237727027,0.0791652865187148,0,0,0,0.0001994415636218,0.169758198078834,547,0,0,0,0,0,0
gte_multilingual_base_768d,cn_def,EDGE-02219,ROOT-572D,圭,卜,卜,卦,gte_multilingual_base_768d__cn_def__EDGE-02219,15,15,兆,27,0.7311816215515137,兆,33,0.6875986456871033,6039,3,0,0,0,0.037037037037037,0.9956939383901954,0,0,0,0.0303030303030303,0.994700231864856,-6,0,0,0,0,0,0
gte_multilingual_base_768d,cn_def,EDGE-02226,ROOT-572D,圭,口,口,哇,gte_multilingual_base_768d__cn_def__EDGE-02226,15,15,舌,295,0.6856291890144348,舌,257,0.6576961278915405,6039,3,0,0,0,0.0033898305084745,0.9513083802583636,0,0,0,0.0038910505836575,0.9576018549188472,38,0,0,0,0,0,0
gte_multilingual_base_768d,cn_def,EDGE-02227,ROOT-572D,圭,大,大,奎,gte_multilingual_base_768d__cn_def__EDGE-02227,15,15,小,4936,0.5094283819198608,小,5454,0.4942384958267212,6039,3,0,0,0,0.0002025931928687,0.1826763829082477,0,0,0,0.0001833516685001,0.0968863862206028,-518,0,0,0,0,0,0
gte_multilingual_base_768d,cn_def,EDGE-02229,ROOT-572D,圭,女,女,娃,gte_multilingual_base_768d__cn_def__EDGE-02229,15,15,男,4259,0.5906903147697449,男,2257,0.5957159996032715,6039,3,0,0,0,0.0002347969006809,0.2947996025173899,0,0,0,0.0004430660168365,0.6263663464723419,2002,0,0,0,0,0,0
gte_multilingual_base_768d,cn_def,EDGE-02230,ROOT-572D,圭,心,心,恚,gte_multilingual_base_768d__cn_def__EDGE-02230,15,15,臟,1882,0.5810980200767517,臟,1811,0.5531268119812012,6039,3,0,0,0,0.0005313496280552,0.6884730043060616,0,0,0,0.0005521811154058,0.7002318648559125,71,0,0,0,0,0,0
gte_multilingual_base_768d,cn_def,EDGE-02232,ROOT-572D,圭,木,木,桂,gte_multilingual_base_768d__cn_def__EDGE-02232,15,15,艾,282,0.672609269618988,艾,189,0.6628448367118835,6039,3,0,0,0,0.0035460992907801,0.953461411063266,0,0,0,0.0052910052910052,0.9688638622060284,93,0,0,0,0,0,0
gte_multilingual_base_768d,cn_def,EDGE-02236,ROOT-572D,圭,王,玉,珪,gte_multilingual_base_768d__cn_def__EDGE-02236,15,15,珂,3884,0.579235851764679,砥,2229,0.5941128134727478,6039,3,0,0,0,0.0002574665293511,0.3569062603511096,0,0,0,0.0004486316733961,0.6310036435905929,1655,0,0,0,0,0,0
gte_multilingual_base_768d,cn_def,EDGE-02237,ROOT-572D,圭,田,田,畦,gte_multilingual_base_768d__cn_def__EDGE-02237,15,15,穫,54,0.772662341594696,耕,17,0.7902854681015015,6039,3,0,0,0,0.0185185185185185,0.9912222590261676,0,0,0,0.0588235294117647,0.997350115932428,37,0,0,0,0,0,0
gte_multilingual_base_768d,cn_def,EDGE-02243,ROOT-572D,圭,虫,虫,蛙,gte_multilingual_base_768d__cn_def__EDGE-02243,15,15,虺,721,0.650580644607544,虺,2257,0.5668996572494507,6039,3,0,0,0,0.001386962552011,0.8807552169592581,0,0,0,0.0004430660168365,0.6263663464723419,-1536,0,0,0,0,0,0
gte_multilingual_base_768d,cn_def,EDGE-02244,ROOT-572D,圭,行,行,街,gte_multilingual_base_768d__cn_def__EDGE-02244,15,15,陣,2551,0.5672590732574463,陳,2502,0.5288870930671692,6039,3,0,0,0,0.000392003136025,0.5776747267307055,0,0,0,0.0003996802557953,0.585789996687645,49,0,0,0,0,0,0
gte_multilingual_base_768d,cn_def,EDGE-02248,ROOT-572D,圭,門,門,閨,gte_multilingual_base_768d__cn_def__EDGE-02248,15,15,栓,3725,0.5483579635620117,闥,3932,0.509536623954773,6039,3,0,0,0,0.0002684563758389,0.3832394832726068,0,0,0,0.0002543234994913,0.3489566081483934,-207,0,0,0,0,0,0
gte_multilingual_base_768d,cn_def,EDGE-02249,ROOT-572D,圭,革,革,鞋,gte_multilingual_base_768d__cn_def__EDGE-02249,15,15,韋,319,0.7068852782249451,韋,644,0.6455603241920471,6039,3,0,0,0,0.0031347962382445,0.9473335541570056,0,0,0,0.0015527950310559,0.8935077840344485,-325,0,0,0,0,0,0
gte_multilingual_base_768d,cn_def,EDGE-02266,ROOT-582F,堯,亻,人,僥,gte_multilingual_base_768d__cn_def__EDGE-02266,12,12,鼬,2144,0.5978901386260986,鼬,1304,0.619748592376709,6039,3,0,0,0,0.0004664179104477,0.6450811526995694,0,0,0,0.0007668711656441,0.7842000662471017,840,0,0,0,0,0,0
gte_multilingual_base_768d,cn_def,EDGE-02268,ROOT-582F,堯,女,女,嬈,gte_multilingual_base_768d__cn_def__EDGE-02268,12,12,男,318,0.6955870985984802,男,1129,0.6583949327468872,6039,3,0,0,0,0.0031446540880503,0.9474991719112288,0,0,0,0.0008857395925597,0.813183173236171,-811,0,0,0,0,0,0
gte_multilingual_base_768d,cn_def,EDGE-02270,ROOT-582F,堯,扌,手,撓,gte_multilingual_base_768d__cn_def__EDGE-02270,12,12,臂,2704,0.6285357475280762,臂,2332,0.6219014525413513,6039,3,0,0,0,0.0003698224852071,0.5523352103345478,0,0,0,0.0004288164665523,0.6139450149055978,372,0,0,0,0,0,0
gte_multilingual_base_768d,cn_def,EDGE-02271,ROOT-582F,堯,日,日,曉,gte_multilingual_base_768d__cn_def__EDGE-02271,12,12,景,40,0.7780033946037292,景,20,0.7830275297164917,6039,3,0,0,0,0.025,0.9935409075852932,0,0,0,0.05,0.9968532626697582,20,0,0,0,0,0,0
gte_multilingual_base_768d,cn_def,EDGE-02272,ROOT-582F,堯,木,木,橈,gte_multilingual_base_768d__cn_def__EDGE-02272,12,12,艾,2001,0.589501678943634,艾,1877,0.5794407725334167,6039,3,0,0,0,0.0004997501249375,0.6687644915534945,0,0,0,0.0005327650506126,0.6893010930771779,124,0,0,0,0,0,0
gte_multilingual_base_768d,cn_def,EDGE-02273,ROOT-582F,堯,氵,水,澆,gte_multilingual_base_768d__cn_def__EDGE-02273,12,12,汁,57,0.7628478407859802,澄,22,0.7726617455482483,6039,3,0,0,0,0.0175438596491228,0.990725405763498,0,0,0,0.0454545454545454,0.9965220271613116,35,0,0,0,0,0,0
gte_multilingual_base_768d,cn_def,EDGE-02274,ROOT-582F,堯,火,火,燒,gte_multilingual_base_768d__cn_def__EDGE-02274,12,12,焰,21,0.7888087630271912,焰,8,0.8004385232925415,6039,3,0,0,0,0.0476190476190476,0.996687644915535,0,0,1,0.125,0.9988406757204372,13,0,0,0,0,1,0
gte_multilingual_base_768d,cn_def,EDGE-02277,ROOT-582F,堯,糸,糸,繞,gte_multilingual_base_768d__cn_def__EDGE-02277,12,12,緬,193,0.7209864258766174,緬,93,0.7259770631790161,6039,3,0,0,0,0.005181347150259,0.9682013911891356,0,0,0,0.010752688172043,0.9847631666114608,100,0,0,0,0,0,0
gte_multilingual_base_768d,cn_def,EDGE-02278,ROOT-582F,堯,羽,羽,翹,gte_multilingual_base_768d__cn_def__EDGE-02278,12,12,毳,2613,0.602679967880249,毳,1122,0.6431500315666199,6039,3,0,0,0,0.0003827018752391,0.5674064259688638,0,0,0,0.0008912655971479,0.8143424975157336,1491,0,0,0,0,0,0
gte_multilingual_base_768d,cn_def,EDGE-02281,ROOT-582F,堯,虫,虫,蟯,gte_multilingual_base_768d__cn_def__EDGE-02281,12,12,虺,107,0.6980341672897339,虺,1018,0.6360796689987183,6039,3,0,0,0,0.0093457943925233,0.9824445180523352,0,0,0,0.0009823182711198,0.831566743954952,-911,0,0,0,0,0,0
gte_multilingual_base_768d,cn_def,EDGE-02285,ROOT-582F,堯,釒,金,鐃,gte_multilingual_base_768d__cn_def__EDGE-02285,12,12,銀,2231,0.56517493724823,銀,2585,0.571721076965332,6039,3,0,0,0,0.0004482294935006,0.6306724080821464,0,0,0,0.0003868471953578,0.5720437230871149,-354,0,0,0,0,0,0
gte_multilingual_base_768d,cn_def,EDGE-02287,ROOT-582F,堯,飠,食,饒,gte_multilingual_base_768d__cn_def__EDGE-02287,12,12,饞,1266,0.6520382761955261,饞,1194,0.6466119289398193,6039,3,0,0,0,0.0007898894154818,0.7904935409075853,0,0,0,0.0008375209380234,0.8024180192116595,72,0,0,0,0,0,0
gte_multilingual_base_768d,cn_def,EDGE-02288,ROOT-582F,堯,馬,馬,驍,gte_multilingual_base_768d__cn_def__EDGE-02288,12,12,犀,1314,0.6000968813896179,犀,862,0.6151763796806335,6039,3,0,0,0,0.0007610350076103,0.7825438887048691,0,0,0,0.0011600928074245,0.8574031136137794,452,0,0,0,0,0,0
gte_multilingual_base_768d,cn_def,EDGE-03014,ROOT-382F,台,女,女,始,gte_multilingual_base_768d__cn_def__EDGE-03014,14,13,男,1058,0.6649535894393921,男,1346,0.635691225528717,6039,3,0,0,0,0.0009451795841209,0.8249420337860218,0,0,0,0.00074294205052,0.7772441205697251,-288,0,0,0,0,0,0
gte_multilingual_base_768d,cn_def,EDGE-03015,ROOT-382F,台,心,心,怠,gte_multilingual_base_768d__cn_def__EDGE-03015,14,13,臟,1025,0.6009082794189453,臟,534,0.6356741189956665,6039,3,0,0,0,0.0009756097560975,0.8304074196753892,0,0,0,0.0018726591760299,0.9117257369990064,491,0,0,0,0,0,0
gte_multilingual_base_768d,cn_def,EDGE-03016,ROOT-382F,台,忄,心,怡,gte_multilingual_base_768d__cn_def__EDGE-03016,14,13,臟,3933,0.5400843024253845,臟,3724,0.5687094926834106,6039,3,0,0,0,0.0002542588354945,0.3487909903941703,0,0,0,0.0002685284640171,0.3834051010268301,209,0,0,0,0,0,0
gte_multilingual_base_768d,cn_def,EDGE-03018,ROOT-382F,台,歹,歹,殆,gte_multilingual_base_768d__cn_def__EDGE-03018,14,13,孬,88,0.7430895566940308,孬,182,0.6941485404968262,6039,3,0,0,0,0.0113636363636363,0.985591255382577,0,0,0,0.0054945054945054,0.9700231864855912,-94,0,0,0,0,0,0
gte_multilingual_base_768d,cn_def,EDGE-03019,ROOT-382F,台,氵,水,治,gte_multilingual_base_768d__cn_def__EDGE-03019,14,13,汁,3530,0.5804396867752075,汁,3751,0.5588427782058716,6039,3,0,0,0,0.0002832861189801,0.4155349453461411,0,0,0,0.0002665955745134,0.3789334216628023,-221,0,0,0,0,0,0
gte_multilingual_base_768d,cn_def,EDGE-03023,ROOT-382F,台,竹,竹,笞,gte_multilingual_base_768d__cn_def__EDGE-03023,14,13,蔥,1291,0.5985555052757263,蔥,1230,0.5863376259803772,6039,3,0,0,0,0.0007745933384972,0.786353097052004,0,0,0,0.0008130081300813,0.7964557800596224,61,0,0,0,0,0,0
gte_multilingual_base_768d,cn_def,EDGE-03024,ROOT-382F,台,糸,糸,紿,gte_multilingual_base_768d__cn_def__EDGE-03024,14,13,緬,4106,0.5812430381774902,緬,3099,0.5965355634689331,6039,3,0,0,0,0.0002435460301997,0.3201391189135475,0,0,0,0.0003226847370119,0.486916197416363,1007,0,0,0,0,0,0
gte_multilingual_base_768d,cn_def,EDGE-03025,ROOT-382F,台,肉,肉,胎,gte_multilingual_base_768d__cn_def__EDGE-03025,14,13,腱,190,0.6856366395950317,腱,421,0.6660113334655762,6039,3,0,0,0,0.0052631578947368,0.9686982444518052,0,0,0,0.002375296912114,0.9304405432262338,-231,0,0,0,0,0,0
gte_multilingual_base_768d,cn_def,EDGE-03028,ROOT-382F,台,貝,貝,貽,gte_multilingual_base_768d__cn_def__EDGE-03028,14,13,螃,3563,0.5561754703521729,蚶,3423,0.5602258443832397,6039,3,0,0,0,0.000280662363177,0.4100695594567738,0,0,0,0.0002921413964358,0.4332560450480291,140,0,0,0,0,0,0
gte_multilingual_base_768d,cn_def,EDGE-03031,ROOT-382F,台,風,風,颱,gte_multilingual_base_768d__cn_def__EDGE-03031,14,13,息,374,0.6833502054214478,息,648,0.6596060395240784,6039,3,0,0,0,0.0026737967914438,0.9382245776747268,0,0,0,0.0015432098765432,0.8928453130175555,-274,0,0,0,0,0,0
gte_multilingual_base_768d,cn_def,EDGE-03032,ROOT-382F,台,飠,食,飴,gte_multilingual_base_768d__cn_def__EDGE-03032,14,13,饞,96,0.7372327446937561,饞,70,0.7339218854904175,6039,3,0,0,0,0.0104166666666666,0.984266313348791,0,0,0,0.0142857142857142,0.9885723749585956,26,0,0,0,0,0,0
gte_multilingual_base_768d,cn_def,EDGE-03033,ROOT-382F,台,馬,馬,駘,gte_multilingual_base_768d__cn_def__EDGE-03033,14,13,犀,349,0.6525031328201294,犀,246,0.6463713645935059,6039,3,0,0,0,0.0028653295128939,0.942365021530308,0,0,0,0.0040650406504065,0.9594236502153032,103,0,0,0,0,0,0
gte_multilingual_base_768d,cn_def,EDGE-03085,ROOT-5E1D,帝,口,口,啻,gte_multilingual_base_768d__cn_def__EDGE-03085,3,3,舌,3275,0.5825929045677185,舌,3473,0.4990057349205017,6039,3,0,0,0,0.0003053435114503,0.4577674726730706,0,0,0,0.0002879355024474,0.4249751573368665,-198,0,0,0,0,0,0
gte_multilingual_base_768d,cn_def,EDGE-03087,ROOT-5E1D,帝,口,口,啼,gte_multilingual_base_768d__cn_def__EDGE-03087,3,3,舌,4234,0.5575318932533264,舌,5526,0.4143395125865936,6039,3,0,0,0,0.0002361832782239,0.2989400463729712,0,0,0,0.0001809627216793,0.0849619079165286,-1292,0,0,0,0,0,0
gte_multilingual_base_768d,cn_def,EDGE-03089,ROOT-5E1D,帝,糸,糸,締,gte_multilingual_base_768d__cn_def__EDGE-03089,4,3,緬,3250,0.6079360246658325,緬,2778,0.5581033229827881,6039,3,0,0,0,0.0003076923076923,0.4619079165286518,0,0,0,0.0003599712023038,0.5400794965220271,472,0,0,0,0,0,0
gte_multilingual_base_768d,cn_def,EDGE-03091,ROOT-5E1D,帝,言,言,諦,gte_multilingual_base_768d__cn_def__EDGE-03091,4,3,講,260,0.7154419422149658,講,177,0.6740710735321045,6039,3,0,0,0,0.0038461538461538,0.9571050016561776,0,0,0,0.0056497175141242,0.9708512752567076,83,0,0,0,0,0,0
gte_multilingual_base_768d,cn_def,EDGE-03092,ROOT-5E1D,帝,𧾷,足,蹄,gte_multilingual_base_768d__cn_def__EDGE-03092,4,3,太,2394,0.6200475692749023,忒,3788,0.4927802979946136,6039,3,0,0,0,0.0004177109440267,0.6036767141437562,0,0,0,0.0002639915522703,0.3728055647565419,-1394,0,0,0,0,0,0
gte_multilingual_base_768d,cn_def,EDGE-03943,ROOT-67EC,闌,木,木,欄,gte_multilingual_base_768d__cn_def__EDGE-03943,16,14,艾,2435,0.5806647539138794,艾,3216,0.552311897277832,6039,3,0,0,0,0.0004106776180698,0.5968863862206029,0,0,0,0.0003109452736318,0.4675389201722424,-781,0,0,0,0,0,0
gte_multilingual_base_768d,cn_def,EDGE-03944,ROOT-67EC,闌,氵,水,瀾,gte_multilingual_base_768d__cn_def__EDGE-03944,16,14,汁,5174,0.5037360191345215,汁,5460,0.4802905917167663,6039,3,0,0,0,0.0001932740626207,0.1432593574031135,0,0,0,0.0001831501831501,0.0958926796952633,-286,0,0,0,0,0,0
gte_multilingual_base_768d,cn_def,EDGE-03945,ROOT-67EC,闌,火,火,爛,gte_multilingual_base_768d__cn_def__EDGE-03945,16,14,焰,114,0.7089827656745911,焰,106,0.7027651071548462,6039,3,0,0,0,0.0087719298245614,0.9812851937727723,0,0,0,0.0094339622641509,0.9826101358065584,8,0,0,0,0,0,0
gte_multilingual_base_768d,cn_def,EDGE-04481,ROOT-9752,青,亻,人,倩,gte_multilingual_base_768d__cn_def__EDGE-04481,11,11,鼬,5849,0.4373959898948669,鼬,5653,0.4175955653190613,6039,3,0,0,0,0.000170969396478,0.031467373302418,0,0,0,0.0001768972227136,0.0639284531301755,196,0,0,0,0,0,0
gte_multilingual_base_768d,cn_def,EDGE-04485,ROOT-9752,青,忄,心,情,gte_multilingual_base_768d__cn_def__EDGE-04485,11,11,臟,4050,0.53654944896698,臟,3374,0.5253021717071533,6039,3,0,0,0,0.0002469135802469,0.3294137131500496,0,0,0,0.0002963841138114,0.4413713150049685,676,0,0,0,0,0,0
gte_multilingual_base_768d,cn_def,EDGE-04486,ROOT-9752,青,日,日,晴,gte_multilingual_base_768d__cn_def__EDGE-04486,11,11,景,11,0.8141509890556335,景,9,0.8076115250587463,6039,3,0,0,0,0.0909090909090909,0.9983438224577674,0,0,1,0.1111111111111111,0.998675057966214,2,0,0,0,0,1,0
gte_multilingual_base_768d,cn_def,EDGE-04487,ROOT-9752,青,犭,犬,猜,gte_multilingual_base_768d__cn_def__EDGE-04487,11,11,吠,2237,0.5515591502189636,吠,3179,0.5175617933273315,6039,3,0,0,0,0.0004470272686633,0.6296787015568068,0,0,0,0.0003145643284051,0.4736667770785028,-942,0,0,0,0,0,0
gte_multilingual_base_768d,cn_def,EDGE-04488,ROOT-9752,青,目,目,睛,gte_multilingual_base_768d__cn_def__EDGE-04488,11,11,瞼,3,0.8657055497169495,瞳,2,0.8327229619026184,6039,3,0,1,1,0.3333333333333333,0.9996687644915536,0,1,1,0.5,0.9998343822457768,1,0,0,0,0,0,0
gte_multilingual_base_768d,cn_def,EDGE-04489,ROOT-9752,青,米,米,精,gte_multilingual_base_768d__cn_def__EDGE-04489,11,11,剝,585,0.6797119379043579,剝,292,0.6795026063919067,6039,3,0,0,0,0.0017094017094017,0.9032792315336204,0,0,0,0.0034246575342465,0.9518052335210334,293,0,0,0,0,0,0
gte_multilingual_base_768d,cn_def,EDGE-04492,ROOT-9752,青,虫,虫,蜻,gte_multilingual_base_768d__cn_def__EDGE-04492,11,11,虺,1797,0.6216264963150024,虺,2020,0.6038068532943726,6039,3,0,0,0,0.0005564830272676,0.702550513415038,0,0,0,0.0004950495049504,0.6656177542232528,-223,0,0,0,0,0,0
gte_multilingual_base_768d,cn_def,EDGE-04493,ROOT-9752,青,言,言,請,gte_multilingual_base_768d__cn_def__EDGE-04493,11,11,講,2399,0.6195204854011536,講,2261,0.5983352661132812,6039,3,0,0,0,0.0004168403501458,0.60284862537264,0,0,0,0.0004422821760283,0.6257038754554488,138,0,0,0,0,0,0
gte_multilingual_base_768d,cn_def,EDGE-04495,ROOT-9752,青,立,立,靖,gte_multilingual_base_768d__cn_def__EDGE-04495,11,11,聳,148,0.5842518210411072,聳,126,0.5693308115005493,6039,3,0,0,0,0.0067567567567567,0.975654190129182,0,0,0,0.0079365079365079,0.9792977807220934,22,0,0,0,0,0,0
gte_multilingual_base_768d,cn_def,EDGE-04496,ROOT-9752,青,見,見,靚,gte_multilingual_base_768d__cn_def__EDGE-04496,11,11,盼,1540,0.5510954856872559,盼,1157,0.5301036834716797,6039,3,0,0,0,0.0006493506493506,0.745114276250414,0,0,0,0.0008643042350907,0.8085458761179198,383,0,0,0,0,0,0
gte_multilingual_base_768d,cn_def,EDGE-04497,ROOT-9752,青,爭,爭,靜,gte_multilingual_base_768d__cn_def__EDGE-04497,11,11,劫,2099,0.5838904976844788,劫,3149,0.5364227294921875,6039,3,0,0,0,0.0004764173415912,0.6525339516396158,0,0,0,0.0003175611305176,0.4786353097052004,-1050,0,0,0,0,0,0
gte_multilingual_base_768d,cn_def,EDGE-04498,ROOT-9752,青,魚,魚,鯖,gte_multilingual_base_768d__cn_def__EDGE-04498,11,11,蛙,557,0.6624115705490112,蛙,485,0.6539736986160278,6039,3,0,0,0,0.0017953321364452,0.9079165286518714,0,0,0,0.002061855670103,0.9198410069559456,72,0,0,0,0,0,0
gte_multilingual_base_768d,cn_def,EDGE-05389,ROOT-4F59,余,氵,水,涂,gte_multilingual_base_768d__cn_def__EDGE-05389,6,6,汁,2577,0.6068049669265747,澄,1611,0.6150782108306885,6039,3,0,0,0,0.0003880481179666,0.5733686651209009,0,0,0,0.0006207324643078,0.7333554157005631,966,0,0,0,0,0,0
gte_multilingual_base_768d,cn_def,EDGE-05391,ROOT-4F59,余,彳,彳,徐,gte_multilingual_base_768d__cn_def__EDGE-05391,6,6,艫,356,0.6264610290527344,聹,790,0.5485410094261169,6039,3,0,0,0,0.0028089887640449,0.9412056972507452,0,0,0,0.0012658227848101,0.8693275919178536,-434,0,0,0,0,0,0
gte_multilingual_base_768d,cn_def,EDGE-05394,ROOT-4F59,余,斗,斗,斜,gte_multilingual_base_768d__cn_def__EDGE-05394,6,6,罐,4018,0.5720283389091492,壺,3164,0.5901204943656921,6039,3,0,0,0,0.0002488800398208,0.3347134812851937,0,0,0,0.0003160556257901,0.4761510433918516,854,0,0,0,0,0,0
gte_multilingual_base_768d,cn_def,EDGE-05396,ROOT-4F59,余,田,田,畬,gte_multilingual_base_768d__cn_def__EDGE-05396,6,6,穫,48,0.7793368697166443,墾,22,0.7677364945411682,6039,3,0,0,0,0.0208333333333333,0.9922159655515072,0,0,0,0.0454545454545454,0.9965220271613116,26,0,0,0,0,0,0
gte_multilingual_base_768d,cn_def,EDGE-05401,ROOT-4F59,余,虫,虫,蜍,gte_multilingual_base_768d__cn_def__EDGE-05401,6,6,虺,2361,0.6096085906028748,虺,3170,0.5620862245559692,6039,3,0,0,0,0.0004235493434985,0.6091421000331235,0,0,0,0.0003154574132492,0.475157336866512,-809,0,0,0,0,0,0
gte_multilingual_base_768d,cn_def,EDGE-05408,ROOT-4F59,余,飠,食,餘,gte_multilingual_base_768d__cn_def__EDGE-05408,6,6,饞,5487,0.5176588892936707,饞,5286,0.5137380957603455,6039,3,0,0,0,0.0001822489520685,0.0914210003312354,0,0,0,0.0001891789632992,0.1247101689301093,201,0,0,0,0,0,0
gte_multilingual_base_768d,cn_def,EDGE-05801,ROOT-8FB0,辰,女,女,娠,gte_multilingual_base_768d__cn_def__EDGE-05801,6,6,男,69,0.7251738905906677,男,35,0.7128071784973145,6039,3,0,0,0,0.0144927536231884,0.9887379927128188,0,0,0,0.0285714285714285,0.9943689963564094,34,0,0,0,0,0,0
gte_multilingual_base_768d,cn_def,EDGE-05803,ROOT-8FB0,辰,扌,手,振,gte_multilingual_base_768d__cn_def__EDGE-05803,6,6,臂,509,0.6904585361480713,臂,135,0.7014179229736328,6039,3,0,0,0,0.0019646365422396,0.9158661808545876,0,0,0,0.0074074074074074,0.977807220934084,374,0,0,0,0,0,0
gte_multilingual_base_768d,cn_def,EDGE-05804,ROOT-8FB0,辰,日,日,晨,gte_multilingual_base_768d__cn_def__EDGE-05804,6,6,景,5,0.8398914933204651,景,6,0.8229131698608398,6039,3,0,1,1,0.2,0.999337528983107,0,0,1,0.1666666666666666,0.9991719112288836,-1,0,0,0,1,0,0
gte_multilingual_base_768d,cn_def,EDGE-05807,ROOT-8FB0,辰,肉,肉,脣,gte_multilingual_base_768d__cn_def__EDGE-05807,6,6,腱,49,0.7364842891693115,腱,70,0.7018829584121704,6039,3,0,0,0,0.0204081632653061,0.9920503477972838,0,0,0,0.0142857142857142,0.9885723749585956,-21,0,0,0,0,0,0
gte_multilingual_base_768d,cn_def,EDGE-05809,ROOT-8FB0,辰,虫,虫,蜃,gte_multilingual_base_768d__cn_def__EDGE-05809,6,6,虺,800,0.6475360989570618,虺,2845,0.5749062895774841,6039,3,0,0,0,0.00125,0.867671414375621,0,0,0,0.0003514938488576,0.5289831069890693,-2045,0,0,0,0,0,0
gte_multilingual_base_768d,cn_def,EDGE-05810,ROOT-8FB0,辰,貝,貝,賑,gte_multilingual_base_768d__cn_def__EDGE-05810,6,6,蟹,3068,0.5677918791770935,蚶,2698,0.5660797357559204,6039,3,0,0,0,0.0003259452411994,0.4920503477972838,0,0,0,0.0003706449221645,0.5533289168598874,370,0,0,0,0,0,0
gte_multilingual_base_768d,cn_def,EDGE-05811,ROOT-8FB0,辰,雨,雨,震,gte_multilingual_base_768d__cn_def__EDGE-05811,6,6,雲,277,0.6987424492835999,雲,289,0.670225977897644,6039,3,0,0,0,0.003610108303249,0.9542894998343824,0,0,0,0.0034602076124567,0.9523020867837032,-12,0,0,0,0,0,0
gte_multilingual_base_768d,cn_def,EDGE-06206,ROOT-5360,店,扌,手,掂,gte_multilingual_base_768d__cn_def__EDGE-06206,10,10,臂,30,0.781536877155304,臂,39,0.7632509469985962,6039,3,0,0,0,0.0333333333333333,0.9951970851275256,0,0,0,0.0256410256410256,0.9937065253395164,-9,0,0,0,0,0,0
gte_multilingual_base_768d,cn_def,EDGE-06207,ROOT-5360,店,忄,心,惦,gte_multilingual_base_768d__cn_def__EDGE-06207,11,10,臟,3641,0.5471506118774414,腹,2133,0.5841042995452881,6039,3,0,0,0,0.0002746498214776,0.39715137462736,0,0,0,0.0004688232536333,0.6469029479960251,1508,0,0,0,0,0,0
gte_multilingual_base_768d,en_def_translated_cn_def,EDGE-00063,ROOT-219CD,賓,亻,人,儐,gte_multilingual_base_768d__en_def_translated_cn_def__EDGE-00063,8,8,麟,960,0.5730657577514648,麟,97,0.6050667762756348,6039,3,0,0,0,0.0010416666666666,0.8411725736999006,0,0,0,0.0103092783505154,0.9841006955945676,863,0,0,0,0,0,0
gte_multilingual_base_768d,en_def_translated_cn_def,EDGE-00064,ROOT-219CD,賓,女,女,嬪,gte_multilingual_base_768d__en_def_translated_cn_def__EDGE-00064,8,8,雌,3260,0.5373887419700623,男,1448,0.5317460894584656,6039,3,0,0,0,0.0003067484662576,0.4602517389864193,0,0,0,0.0006906077348066,0.7603511096389532,1812,0,0,0,0,0,0
gte_multilingual_base_768d,en_def_translated_cn_def,EDGE-00065,ROOT-219CD,賓,扌,手,擯,gte_multilingual_base_768d__en_def_translated_cn_def__EDGE-00065,8,8,肘,1919,0.5570337772369385,臂,1716,0.5298672914505005,6039,3,0,0,0,0.0005211047420531,0.6823451473998012,0,0,0,0.0005827505827505,0.7159655515071215,203,0,0,0,0,0,0
gte_multilingual_base_768d,en_def_translated_cn_def,EDGE-00066,ROOT-219CD,賓,木,木,檳,gte_multilingual_base_768d__en_def_translated_cn_def__EDGE-00066,8,8,艾,144,0.6607126593589783,艾,154,0.6141532063484192,6039,3,0,0,0,0.0069444444444444,0.9763166611460748,0,0,0,0.0064935064935064,0.9746604836038424,-10,0,0,0,0,0,0
gte_multilingual_base_768d,en_def_translated_cn_def,EDGE-00067,ROOT-219CD,賓,歹,歹,殯,gte_multilingual_base_768d__en_def_translated_cn_def__EDGE-00067,8,8,孬,6039,0.3342264294624328,愆,6029,0.3235634267330169,6039,3,0,0,0,0.0001655903295247,0.0,0,0,0,0.0001658649859014,0.0016561775422325,10,0,0,0,0,0,0
gte_multilingual_base_768d,en_def_translated_cn_def,EDGE-00068,ROOT-219CD,賓,氵,水,濱,gte_multilingual_base_768d__en_def_translated_cn_def__EDGE-00068,8,8,液,1416,0.5668143033981323,礬,1248,0.5315655469894409,6039,3,0,0,0,0.0007062146892655,0.7656508777740973,0,0,0,0.000801282051282,0.7934746604836038,168,0,0,0,0,0,0
gte_multilingual_base_768d,en_def_translated_cn_def,EDGE-00070,ROOT-219CD,賓,糸,糸,繽,gte_multilingual_base_768d__en_def_translated_cn_def__EDGE-00070,8,8,緬,1366,0.5726771950721741,緬,1192,0.5478992462158203,6039,3,0,0,0,0.0007320644216691,0.77393176548526,0,0,0,0.0008389261744966,0.802749254720106,174,0,0,0,0,0,0
gte_multilingual_base_768d,en_def_translated_cn_def,EDGE-00072,ROOT-219CD,賓,髟,髟,鬢,gte_multilingual_base_768d__en_def_translated_cn_def__EDGE-00072,8,8,髻,17,0.7305481433868408,髫,16,0.6678206920623779,6039,3,0,0,0,0.0588235294117647,0.997350115932428,0,0,0,0.0625,0.9975157336866513,1,0,0,0,0,0,0
gte_multilingual_base_768d,en_def_translated_cn_def,EDGE-00479,ROOT-4EA5,亥,刂,刀,刻,gte_multilingual_base_768d__en_def_translated_cn_def__EDGE-00479,11,11,鎗,286,0.6177740097045898,鎗,441,0.5889933109283447,6039,3,0,0,0,0.0034965034965034,0.952798940046373,0,0,0,0.0022675736961451,0.9271281881417688,-155,0,0,0,0,0,0
gte_multilingual_base_768d,en_def_translated_cn_def,EDGE-00480,ROOT-4EA5,亥,力,力,劾,gte_multilingual_base_768d__en_def_translated_cn_def__EDGE-00480,11,11,動,4736,0.4395448863506317,動,4839,0.4163855314254761,6039,3,0,0,0,0.0002111486486486,0.2157999337528983,0,0,0,0.0002066542674106,0.1987413050679033,-103,0,0,0,0,0,0
gte_multilingual_base_768d,en_def_translated_cn_def,EDGE-00481,ROOT-4EA5,亥,口,口,咳,gte_multilingual_base_768d__en_def_translated_cn_def__EDGE-00481,11,11,舌,82,0.6283817291259766,舌,90,0.6122293472290039,6039,3,0,0,0,0.0121951219512195,0.9865849619079166,0,0,0,0.0111111111111111,0.9852600198741304,-8,0,0,0,0,0,0
gte_multilingual_base_768d,en_def_translated_cn_def,EDGE-00482,ROOT-4EA5,亥,土,土,垓,gte_multilingual_base_768d__en_def_translated_cn_def__EDGE-00482,11,11,淖,809,0.599824070930481,淖,1314,0.5640984773635864,6039,3,0,0,0,0.0012360939431396,0.8661808545876117,0,0,0,0.0007610350076103,0.7825438887048691,-505,0,0,0,0,0,0
gte_multilingual_base_768d,en_def_translated_cn_def,EDGE-00483,ROOT-4EA5,亥,子,子,孩,gte_multilingual_base_768d__en_def_translated_cn_def__EDGE-00483,11,11,亥,2619,0.5577722787857056,亥,3185,0.5357921123504639,6039,3,0,0,0,0.0003818251240931,0.5664127194435243,0,0,0,0.0003139717425431,0.4726730705531633,-566,0,0,0,0,0,0
gte_multilingual_base_768d,en_def_translated_cn_def,EDGE-00484,ROOT-4EA5,亥,木,木,核,gte_multilingual_base_768d__en_def_translated_cn_def__EDGE-00484,11,11,艾,80,0.6866254806518555,艾,97,0.6556193828582764,6039,3,0,0,0,0.0125,0.986916197416363,0,0,0,0.0103092783505154,0.9841006955945676,-17,0,0,0,0,0,0
gte_multilingual_base_768d,en_def_translated_cn_def,EDGE-00485,ROOT-4EA5,亥,欠,欠,欬,gte_multilingual_base_768d__en_def_translated_cn_def__EDGE-00485,11,11,哈,84,0.6849607825279236,哈,41,0.708896815776825,6039,3,0,0,0,0.0119047619047619,0.98625372639947,0,0,0,0.024390243902439,0.99337528983107,43,0,0,0,0,0,0
gte_multilingual_base_768d,en_def_translated_cn_def,EDGE-00489,ROOT-4EA5,亥,言,言,該,gte_multilingual_base_768d__en_def_translated_cn_def__EDGE-00489,11,11,語,1323,0.5890986919403076,語,1758,0.5725551843643188,6039,3,0,0,0,0.000755857898715,0.7810533289168599,0,0,0,0.0005688282138794,0.7090096058297449,-435,0,0,0,0,0,0
gte_multilingual_base_768d,en_def_translated_cn_def,EDGE-00490,ROOT-4EA5,亥,門,門,閡,gte_multilingual_base_768d__en_def_translated_cn_def__EDGE-00490,11,11,鎖,747,0.5170316100120544,鎖,432,0.5279741883277893,6039,3,0,0,0,0.001338688085676,0.8764491553494534,0,0,0,0.0023148148148148,0.928618747929778,315,0,0,0,0,0,0
gte_multilingual_base_768d,en_def_translated_cn_def,EDGE-00492,ROOT-4EA5,亥,頁,頁,頦,gte_multilingual_base_768d__en_def_translated_cn_def__EDGE-00492,11,11,票,360,0.6348645091056824,票,490,0.619038999080658,6039,3,0,0,0,0.0027777777777777,0.9405432262338522,0,0,0,0.0020408163265306,0.9190129181848294,-130,0,0,0,0,0,0
gte_multilingual_base_768d,en_def_translated_cn_def,EDGE-00493,ROOT-4EA5,亥,馬,馬,駭,gte_multilingual_base_768d__en_def_translated_cn_def__EDGE-00493,11,11,犀,3439,0.4977930784225464,犀,2709,0.4938639402389526,6039,3,0,0,0,0.0002907822041291,0.4306061609804571,0,0,0,0.0003691399040236,0.5515071215634316,730,0,0,0,0,0,0
gte_multilingual_base_768d,en_def_translated_cn_def,EDGE-00494,ROOT-4EA5,亥,骨,骨,骸,gte_multilingual_base_768d__en_def_translated_cn_def__EDGE-00494,11,11,冇,4631,0.4873790144920349,冇,4851,0.4640862941741943,6039,3,0,0,0,0.0002159360829194,0.2331897979463398,0,0,0,0.0002061430632859,0.1967538920172242,-220,0,0,0,0,0,0
gte_multilingual_base_768d,en_def_translated_cn_def,EDGE-00747,ROOT-5143,元,氵,水,沅,gte_multilingual_base_768d__en_def_translated_cn_def__EDGE-00747,6,6,液,637,0.6003062725067139,液,551,0.5718668699264526,6039,3,0,0,0,0.0015698587127158,0.8946671083140113,0,0,0,0.0018148820326678,0.908910235177211,86,0,0,0,0,0,0
gte_multilingual_base_768d,en_def_translated_cn_def,EDGE-00748,ROOT-5143,元,王,玉,玩,gte_multilingual_base_768d__en_def_translated_cn_def__EDGE-00748,7,6,鹽,3778,0.5032693147659302,瑪,4410,0.4573073983192444,6039,3,0,0,0,0.0002646903123345,0.3744617422987744,0,0,0,0.0002267573696145,0.2697913216296786,-632,0,0,0,0,0,0
gte_multilingual_base_768d,en_def_translated_cn_def,EDGE-00749,ROOT-5143,元,習,習,翫,gte_multilingual_base_768d__en_def_translated_cn_def__EDGE-00749,7,6,勞,1039,0.5841885209083557,勞,959,0.5259765982627869,6039,3,0,0,0,0.0009624639076034,0.8280887711162637,0,0,0,0.0010427528675703,0.8413381914541239,80,0,0,0,0,0,0
gte_multilingual_base_768d,en_def_translated_cn_def,EDGE-00754,ROOT-5143,元,頁,頁,頑,gte_multilingual_base_768d__en_def_translated_cn_def__EDGE-00754,7,6,票,1337,0.6004000902175903,票,2290,0.5342229008674622,6039,3,0,0,0,0.0007479431563201,0.7787346803577344,0,0,0,0.0004366812227074,0.6209009605829745,-953,0,0,0,0,0,0
gte_multilingual_base_768d,en_def_translated_cn_def,EDGE-00755,ROOT-5143,元,黽,黽,黿,gte_multilingual_base_768d__en_def_translated_cn_def__EDGE-00755,7,6,敏,5702,0.423720121383667,蹓,5286,0.382517546415329,6039,3,0,0,0,0.0001753770606804,0.0558131831732361,0,0,0,0.0001891789632992,0.1247101689301093,416,0,0,0,0,0,0
gte_multilingual_base_768d,en_def_translated_cn_def,EDGE-00807,ROOT-5303,曷,亻,人,偈,gte_multilingual_base_768d__en_def_translated_cn_def__EDGE-00807,13,13,麟,3251,0.5178837776184082,麟,2333,0.53633052110672,6039,3,0,0,0,0.0003075976622577,0.4617422987744286,0,0,0,0.0004286326618088,0.6137793971513746,918,0,0,0,0,0,0
gte_multilingual_base_768d,en_def_translated_cn_def,EDGE-00808,ROOT-5303,曷,口,口,喝,gte_multilingual_base_768d__en_def_translated_cn_def__EDGE-00808,13,13,舌,54,0.6410378813743591,舌,94,0.6157397031784058,6039,3,0,0,0,0.0185185185185185,0.9912222590261676,0,0,0,0.0106382978723404,0.9845975488572376,-40,0,0,0,0,0,0
gte_multilingual_base_768d,en_def_translated_cn_def,EDGE-00810,ROOT-5303,曷,忄,心,愒,gte_multilingual_base_768d__en_def_translated_cn_def__EDGE-00810,13,13,膽,1848,0.5305737853050232,脾,1463,0.5424365997314453,6039,3,0,0,0,0.0005411255411255,0.6941040079496522,0,0,0,0.0006835269993164,0.7578668433256045,385,0,0,0,0,0,0
gte_multilingual_base_768d,en_def_translated_cn_def,EDGE-00811,ROOT-5303,曷,扌,手,揭,gte_multilingual_base_768d__en_def_translated_cn_def__EDGE-00811,13,13,肘,164,0.6488372087478638,肘,119,0.6543760895729065,6039,3,0,0,0,0.0060975609756097,0.9730043060616098,0,0,0,0.0084033613445378,0.9804571050016562,45,0,0,0,0,0,0
gte_multilingual_base_768d,en_def_translated_cn_def,EDGE-00815,ROOT-5303,曷,欠,欠,歇,gte_multilingual_base_768d__en_def_translated_cn_def__EDGE-00815,13,13,哈,52,0.7067946195602417,哈,41,0.7082056403160095,6039,3,0,0,0,0.0192307692307692,0.991553494534614,0,0,0,0.024390243902439,0.99337528983107,11,0,0,0,0,0,0
gte_multilingual_base_768d,en_def_translated_cn_def,EDGE-00817,ROOT-5303,曷,氵,水,渴,gte_multilingual_base_768d__en_def_translated_cn_def__EDGE-00817,13,13,液,46,0.6981329917907715,液,75,0.6783304214477539,6039,3,0,0,0,0.0217391304347826,0.9925472010599536,0,0,0,0.0133333333333333,0.9877442861874792,-29,0,0,0,0,0,0
gte_multilingual_base_768d,en_def_translated_cn_def,EDGE-00819,ROOT-5303,曷,石,石,碣,gte_multilingual_base_768d__en_def_translated_cn_def__EDGE-00819,13,13,合,414,0.5987222790718079,合,1110,0.5629797577857971,6039,3,0,0,0,0.002415458937198,0.9315998675057966,0,0,0,0.0009009009009009,0.8163299105664127,-696,0,0,0,0,0,0
gte_multilingual_base_768d,en_def_translated_cn_def,EDGE-00821,ROOT-5303,曷,立,立,竭,gte_multilingual_base_768d__en_def_translated_cn_def__EDGE-00821,13,13,讜,1029,0.6114844679832458,讜,682,0.621539294719696,6039,3,0,0,0,0.0009718172983479,0.8297449486584962,0,0,0,0.001466275659824,0.8872143093739648,347,0,0,0,0,0,0
gte_multilingual_base_768d,en_def_translated_cn_def,EDGE-00822,ROOT-5303,曷,羊,羊,羯,gte_multilingual_base_768d__en_def_translated_cn_def__EDGE-00822,13,13,祚,3535,0.4908543825149536,祚,3635,0.4768135845661163,6039,3,0,0,0,0.0002828854314002,0.4147068565750248,0,0,0,0.0002751031636863,0.3981450811526995,-100,0,0,0,0,0,0
gte_multilingual_base_768d,en_def_translated_cn_def,EDGE-00827,ROOT-5303,曷,衤,衣,褐,gte_multilingual_base_768d__en_def_translated_cn_def__EDGE-00827,13,13,襖,29,0.7193293571472168,襖,22,0.7251949310302734,6039,3,0,0,0,0.0344827586206896,0.9953627028817488,0,0,0,0.0454545454545454,0.9965220271613116,7,0,0,0,0,0,0
gte_multilingual_base_768d,en_def_translated_cn_def,EDGE-00828,ROOT-5303,曷,言,言,謁,gte_multilingual_base_768d__en_def_translated_cn_def__EDGE-00828,13,13,語,174,0.6695069670677185,語,120,0.6887695789337158,6039,3,0,0,0,0.0057471264367816,0.9713481285193772,0,0,0,0.0083333333333333,0.9802914872474328,54,0,0,0,0,0,0
gte_multilingual_base_768d,en_def_translated_cn_def,EDGE-02217,ROOT-572D,圭,亻,人,佳,gte_multilingual_base_768d__en_def_translated_cn_def__EDGE-02217,15,15,麟,2548,0.531951367855072,麟,1992,0.541203498840332,6039,3,0,0,0,0.0003924646781789,0.5781715799933753,0,0,0,0.0005020080321285,0.6702550513415038,556,0,0,0,0,0,0
gte_multilingual_base_768d,en_def_translated_cn_def,EDGE-02219,ROOT-572D,圭,卜,卜,卦,gte_multilingual_base_768d__en_def_translated_cn_def__EDGE-02219,15,15,兆,9,0.7084280252456665,兆,15,0.6766725182533264,6039,3,0,0,1,0.1111111111111111,0.998675057966214,0,0,0,0.0666666666666666,0.9976813514408744,-6,0,0,0,0,0,1
gte_multilingual_base_768d,en_def_translated_cn_def,EDGE-02226,ROOT-572D,圭,口,口,哇,gte_multilingual_base_768d__en_def_translated_cn_def__EDGE-02226,15,15,舌,177,0.59335857629776,舌,124,0.6044968366622925,6039,3,0,0,0,0.0056497175141242,0.9708512752567076,0,0,0,0.0080645161290322,0.97962901623054,53,0,0,0,0,0,0
gte_multilingual_base_768d,en_def_translated_cn_def,EDGE-02227,ROOT-572D,圭,大,大,奎,gte_multilingual_base_768d__en_def_translated_cn_def__EDGE-02227,15,15,多,4375,0.516806960105896,多,5106,0.4913869798183441,6039,3,0,0,0,0.0002285714285714,0.2755879430274925,0,0,0,0.0001958480219349,0.1545213646902947,-731,0,0,0,0,0,0
gte_multilingual_base_768d,en_def_translated_cn_def,EDGE-02229,ROOT-572D,圭,女,女,娃,gte_multilingual_base_768d__en_def_translated_cn_def__EDGE-02229,15,15,雌,211,0.6193168759346008,雌,111,0.6300585865974426,6039,3,0,0,0,0.0047393364928909,0.965220271613117,0,0,0,0.009009009009009,0.9817820470354424,100,0,0,0,0,0,0
gte_multilingual_base_768d,en_def_translated_cn_def,EDGE-02230,ROOT-572D,圭,心,心,恚,gte_multilingual_base_768d__en_def_translated_cn_def__EDGE-02230,15,15,膽,1647,0.5347582101821899,膽,1656,0.5375533103942871,6039,3,0,0,0,0.0006071645415907,0.727393176548526,0,0,0,0.0006038647342995,0.7259026167605167,-9,0,0,0,0,0,0
gte_multilingual_base_768d,en_def_translated_cn_def,EDGE-02232,ROOT-572D,圭,木,木,桂,gte_multilingual_base_768d__en_def_translated_cn_def__EDGE-02232,15,15,艾,195,0.6466858386993408,艾,191,0.6435459852218628,6039,3,0,0,0,0.0051282051282051,0.967870155680689,0,0,0,0.0052356020942408,0.968532626697582,4,0,0,0,0,0,0
gte_multilingual_base_768d,en_def_translated_cn_def,EDGE-02236,ROOT-572D,圭,王,玉,珪,gte_multilingual_base_768d__en_def_translated_cn_def__EDGE-02236,15,15,鹽,3233,0.514298141002655,鹽,3561,0.4987706840038299,6039,3,0,0,0,0.0003093102381688,0.4647234183504471,0,0,0,0.0002808199943836,0.4104007949652203,-328,0,0,0,0,0,0
gte_multilingual_base_768d,en_def_translated_cn_def,EDGE-02237,ROOT-572D,圭,田,田,畦,gte_multilingual_base_768d__en_def_translated_cn_def__EDGE-02237,15,15,佃,42,0.708368182182312,佃,32,0.7025389671325684,6039,3,0,0,0,0.0238095238095238,0.9932096720768466,0,0,0,0.03125,0.9948658496190792,10,0,0,0,0,0,0
gte_multilingual_base_768d,en_def_translated_cn_def,EDGE-02243,ROOT-572D,圭,虫,虫,蛙,gte_multilingual_base_768d__en_def_translated_cn_def__EDGE-02243,15,15,虺,24,0.7017984390258789,虺,83,0.6385879516601562,6039,3,0,0,0,0.0416666666666666,0.9961907916528652,0,0,0,0.0120481927710843,0.9864193441536931,-59,0,0,0,0,0,0
gte_multilingual_base_768d,en_def_translated_cn_def,EDGE-02244,ROOT-572D,圭,行,行,街,gte_multilingual_base_768d__en_def_translated_cn_def__EDGE-02244,15,15,格,1567,0.491374522447586,格,2054,0.4703998863697052,6039,3,0,0,0,0.0006381620931716,0.7406425968863862,0,0,0,0.0004868549172346,0.6599867505796622,-487,0,0,0,0,0,0
gte_multilingual_base_768d,en_def_translated_cn_def,EDGE-02248,ROOT-572D,圭,門,門,閨,gte_multilingual_base_768d__en_def_translated_cn_def__EDGE-02248,15,15,鎖,3998,0.4334265887737274,戶,3703,0.433560699224472,6039,3,0,0,0,0.0002501250625312,0.3380258363696587,0,0,0,0.0002700513097488,0.3868830738655183,295,0,0,0,0,0,0
gte_multilingual_base_768d,en_def_translated_cn_def,EDGE-02249,ROOT-572D,圭,革,革,鞋,gte_multilingual_base_768d__en_def_translated_cn_def__EDGE-02249,15,15,韋,1098,0.5577419996261597,韋,2126,0.5247457027435303,6039,3,0,0,0,0.0009107468123861,0.8183173236170918,0,0,0,0.0004703668861712,0.648062272275588,-1028,0,0,0,0,0,0
gte_multilingual_base_768d,en_def_translated_cn_def,EDGE-02266,ROOT-582F,堯,亻,人,僥,gte_multilingual_base_768d__en_def_translated_cn_def__EDGE-02266,12,12,麟,5078,0.4785951375961303,麟,3507,0.5086326599121094,6039,3,0,0,0,0.0001969279243796,0.1591586618085458,0,0,0,0.0002851439977188,0.4193441536932759,1571,0,0,0,0,0,0
gte_multilingual_base_768d,en_def_translated_cn_def,EDGE-02268,ROOT-582F,堯,女,女,嬈,gte_multilingual_base_768d__en_def_translated_cn_def__EDGE-02268,12,12,雌,3074,0.5407627820968628,男,3426,0.5239587426185608,6039,3,0,0,0,0.0003253090435914,0.4910566412719443,0,0,0,0.0002918855808523,0.4327591917853594,-352,0,0,0,0,0,0
gte_multilingual_base_768d,en_def_translated_cn_def,EDGE-02270,ROOT-582F,堯,扌,手,撓,gte_multilingual_base_768d__en_def_translated_cn_def__EDGE-02270,12,12,肘,2419,0.5469863414764404,肘,1196,0.5735960006713867,6039,3,0,0,0,0.0004133939644481,0.5995362702881749,0,0,0,0.0008361204013377,0.802086783703213,1223,0,0,0,0,0,0
gte_multilingual_base_768d,en_def_translated_cn_def,EDGE-02271,ROOT-582F,堯,日,日,曉,gte_multilingual_base_768d__en_def_translated_cn_def__EDGE-02271,12,12,昀,112,0.6584557294845581,昀,56,0.6887024641036987,6039,3,0,0,0,0.0089285714285714,0.981616429281219,0,0,0,0.0178571428571428,0.9908910235177212,56,0,0,0,0,0,0
gte_multilingual_base_768d,en_def_translated_cn_def,EDGE-02272,ROOT-582F,堯,木,木,橈,gte_multilingual_base_768d__en_def_translated_cn_def__EDGE-02272,12,12,艾,3277,0.4961117506027221,艾,3041,0.4837982654571533,6039,3,0,0,0,0.0003051571559353,0.457436237164624,0,0,0,0.0003288391976323,0.4965220271613116,236,0,0,0,0,0,0
gte_multilingual_base_768d,en_def_translated_cn_def,EDGE-02273,ROOT-582F,堯,氵,水,澆,gte_multilingual_base_768d__en_def_translated_cn_def__EDGE-02273,12,12,液,209,0.6475801467895508,液,113,0.658933699131012,6039,3,0,0,0,0.0047846889952153,0.9655515071215636,0,0,0,0.0088495575221238,0.9814508115269956,96,0,0,0,0,0,0
gte_multilingual_base_768d,en_def_translated_cn_def,EDGE-02274,ROOT-582F,堯,火,火,燒,gte_multilingual_base_768d__en_def_translated_cn_def__EDGE-02274,12,12,焰,12,0.7727211117744446,燃,6,0.7926956415176392,6039,3,0,0,0,0.0833333333333333,0.9981782047035442,0,0,1,0.1666666666666666,0.9991719112288836,6,0,0,0,0,1,0
gte_multilingual_base_768d,en_def_translated_cn_def,EDGE-02277,ROOT-582F,堯,糸,糸,繞,gte_multilingual_base_768d__en_def_translated_cn_def__EDGE-02277,12,12,緬,387,0.6060382723808289,緬,568,0.581659734249115,6039,3,0,0,0,0.0025839793281653,0.9360715468698244,0,0,0,0.0017605633802816,0.9060947333554156,-181,0,0,0,0,0,0
gte_multilingual_base_768d,en_def_translated_cn_def,EDGE-02278,ROOT-582F,堯,羽,羽,翹,gte_multilingual_base_768d__en_def_translated_cn_def__EDGE-02278,12,12,翎,3089,0.5379236936569214,氅,2316,0.5557970404624939,6039,3,0,0,0,0.0003237293622531,0.4885723749585955,0,0,0,0.0004317789291882,0.61659489897317,773,0,0,0,0,0,0
gte_multilingual_base_768d,en_def_translated_cn_def,EDGE-02281,ROOT-582F,堯,虫,虫,蟯,gte_multilingual_base_768d__en_def_translated_cn_def__EDGE-02281,12,12,虺,83,0.6641899347305298,虺,362,0.6161593794822693,6039,3,0,0,0,0.0120481927710843,0.9864193441536931,0,0,0,0.0027624309392265,0.9402119907254056,-279,0,0,0,0,0,0
gte_multilingual_base_768d,en_def_translated_cn_def,EDGE-02285,ROOT-582F,堯,釒,金,鐃,gte_multilingual_base_768d__en_def_translated_cn_def__EDGE-02285,12,12,銀,3107,0.4686798751354217,銀,4024,0.4604152143001556,6039,3,0,0,0,0.0003218538783392,0.4855912553825769,0,0,0,0.000248508946322,0.3337197747598542,-917,0,0,0,0,0,0
gte_multilingual_base_768d,en_def_translated_cn_def,EDGE-02287,ROOT-582F,堯,飠,食,饒,gte_multilingual_base_768d__en_def_translated_cn_def__EDGE-02287,12,12,膳,4111,0.5310724973678589,膳,2120,0.5615628361701965,6039,3,0,0,0,0.0002432498175626,0.3193110301424312,0,0,0,0.0004716981132075,0.6490559788009275,1991,0,0,0,0,0,0
gte_multilingual_base_768d,en_def_translated_cn_def,EDGE-02288,ROOT-582F,堯,馬,馬,驍,gte_multilingual_base_768d__en_def_translated_cn_def__EDGE-02288,12,12,犀,425,0.5966136455535889,犀,475,0.5820443034172058,6039,3,0,0,0,0.0023529411764705,0.9297780722093408,0,0,0,0.0021052631578947,0.9214971844981782,-50,0,0,0,0,0,0
gte_multilingual_base_768d,en_def_translated_cn_def,EDGE-03014,ROOT-382F,台,女,女,始,gte_multilingual_base_768d__en_def_translated_cn_def__EDGE-03014,14,13,雌,5568,0.4769741594791412,男,4891,0.4802337288856506,6039,3,0,0,0,0.0001795977011494,0.078005962239152,0,0,0,0.0002044571662236,0.190129181848294,677,0,0,0,0,0,0
gte_multilingual_base_768d,en_def_translated_cn_def,EDGE-03015,ROOT-382F,台,心,心,怠,gte_multilingual_base_768d__en_def_translated_cn_def__EDGE-03015,14,13,膽,2818,0.5126791596412659,膽,2402,0.5569454431533813,6039,3,0,0,0,0.0003548616039744,0.5334547863530971,0,0,0,0.0004163197335553,0.6023517721099703,416,0,0,0,0,0,0
gte_multilingual_base_768d,en_def_translated_cn_def,EDGE-03016,ROOT-382F,台,忄,心,怡,gte_multilingual_base_768d__en_def_translated_cn_def__EDGE-03016,14,13,膽,3135,0.508029580116272,膽,3332,0.5400198698043823,6039,3,0,0,0,0.0003189792663476,0.4809539582643259,0,0,0,0.0003001200480192,0.4483272606823452,-197,0,0,0,0,0,0
gte_multilingual_base_768d,en_def_translated_cn_def,EDGE-03018,ROOT-382F,台,歹,歹,殆,gte_multilingual_base_768d__en_def_translated_cn_def__EDGE-03018,14,13,孬,74,0.712439775466919,孬,61,0.6826252937316895,6039,3,0,0,0,0.0135135135135135,0.9879099039417024,0,0,0,0.0163934426229508,0.9900629347466048,13,0,0,0,0,0,0
gte_multilingual_base_768d,en_def_translated_cn_def,EDGE-03019,ROOT-382F,台,氵,水,治,gte_multilingual_base_768d__en_def_translated_cn_def__EDGE-03019,14,13,液,5036,0.4793925285339355,液,4307,0.4828123152256012,6039,3,0,0,0,0.000198570293884,0.1661146074859224,0,0,0,0.0002321801718133,0.2868499503146737,729,0,0,0,0,0,0
gte_multilingual_base_768d,en_def_translated_cn_def,EDGE-03023,ROOT-382F,台,竹,竹,笞,gte_multilingual_base_768d__en_def_translated_cn_def__EDGE-03023,14,13,藤,428,0.6236867904663086,藤,427,0.6065512299537659,6039,3,0,0,0,0.0023364485981308,0.929281218946671,0,0,0,0.0023419203747072,0.9294468367008945,1,0,0,0,0,0,0
gte_multilingual_base_768d,en_def_translated_cn_def,EDGE-03024,ROOT-382F,台,糸,糸,紿,gte_multilingual_base_768d__en_def_translated_cn_def__EDGE-03024,14,13,緬,1992,0.5596281290054321,緬,1050,0.5649325251579285,6039,3,0,0,0,0.0005020080321285,0.6702550513415038,0,0,0,0.0009523809523809,0.8262669758198079,942,0,0,0,0,0,0
gte_multilingual_base_768d,en_def_translated_cn_def,EDGE-03025,ROOT-382F,台,肉,肉,胎,gte_multilingual_base_768d__en_def_translated_cn_def__EDGE-03025,14,13,腱,218,0.6475608944892883,腱,611,0.6108807325363159,6039,3,0,0,0,0.0045871559633027,0.9640609473335542,0,0,0,0.0016366612111292,0.8989731699238158,-393,0,0,0,0,0,0
gte_multilingual_base_768d,en_def_translated_cn_def,EDGE-03028,ROOT-382F,台,貝,貝,貽,gte_multilingual_base_768d__en_def_translated_cn_def__EDGE-03028,14,13,珠,2345,0.527614414691925,蜃,1481,0.5469560623168945,6039,3,0,0,0,0.0004264392324093,0.6117919841006956,0,0,0,0.00067521944632,0.754885723749586,864,0,0,0,0,0,0
gte_multilingual_base_768d,en_def_translated_cn_def,EDGE-03031,ROOT-382F,台,風,風,颱,gte_multilingual_base_768d__en_def_translated_cn_def__EDGE-03031,14,13,息,641,0.5899081826210022,波,545,0.5909243822097778,6039,3,0,0,0,0.0015600624024961,0.8940046372971182,0,0,0,0.0018348623853211,0.9099039417025504,96,0,0,0,0,0,0
gte_multilingual_base_768d,en_def_translated_cn_def,EDGE-03032,ROOT-382F,台,飠,食,飴,gte_multilingual_base_768d__en_def_translated_cn_def__EDGE-03032,14,13,膳,128,0.6778029203414917,膳,96,0.6606076955795288,6039,3,0,0,0,0.0078125,0.9789665452136468,0,0,0,0.0104166666666666,0.984266313348791,32,0,0,0,0,0,0
gte_multilingual_base_768d,en_def_translated_cn_def,EDGE-03033,ROOT-382F,台,馬,馬,駘,gte_multilingual_base_768d__en_def_translated_cn_def__EDGE-03033,14,13,犀,1759,0.5359303951263428,犀,1473,0.5374606847763062,6039,3,0,0,0,0.000568504832291,0.7088439880755217,0,0,0,0.0006788866259334,0.756210665783372,286,0,0,0,0,0,0
gte_multilingual_base_768d,en_def_translated_cn_def,EDGE-03085,ROOT-5E1D,帝,口,口,啻,gte_multilingual_base_768d__en_def_translated_cn_def__EDGE-03085,3,3,舌,1945,0.4930889904499054,舌,3922,0.391179621219635,6039,3,0,0,0,0.0005141388174807,0.6780390857899967,0,0,0,0.0002549719530851,0.350612785690626,-1977,0,0,0,0,0,0
gte_multilingual_base_768d,en_def_translated_cn_def,EDGE-03087,ROOT-5E1D,帝,口,口,啼,gte_multilingual_base_768d__en_def_translated_cn_def__EDGE-03087,3,3,舌,528,0.5422854423522949,舌,1942,0.4320874512195587,6039,3,0,0,0,0.0018939393939393,0.9127194435243458,0,0,0,0.0005149330587023,0.6785359390526664,-1414,0,0,0,0,0,0
gte_multilingual_base_768d,en_def_translated_cn_def,EDGE-03089,ROOT-5E1D,帝,糸,糸,締,gte_multilingual_base_768d__en_def_translated_cn_def__EDGE-03089,4,3,緬,2597,0.5472659468650818,緬,2067,0.5093967914581299,6039,3,0,0,0,0.000385059684251,0.570056310036436,0,0,0,0.0004837929366231,0.6578337197747599,530,0,0,0,0,0,0
gte_multilingual_base_768d,en_def_translated_cn_def,EDGE-03091,ROOT-5E1D,帝,言,言,諦,gte_multilingual_base_768d__en_def_translated_cn_def__EDGE-03091,4,3,語,219,0.6590386033058167,語,384,0.6086497902870178,6039,3,0,0,0,0.0045662100456621,0.9638953295793308,0,0,0,0.0026041666666666,0.9365684001324942,-165,0,0,0,0,0,0
gte_multilingual_base_768d,en_def_translated_cn_def,EDGE-03092,ROOT-5E1D,帝,𧾷,足,蹄,gte_multilingual_base_768d__en_def_translated_cn_def__EDGE-03092,4,3,忒,1987,0.5956499576568604,忒,3555,0.4987130463123321,6039,3,0,0,0,0.0005032712632108,0.67108314011262,0,0,0,0.00028129395218,0.4113945014905598,-1568,0,0,0,0,0,0
gte_multilingual_base_768d,en_def_translated_cn_def,EDGE-03943,ROOT-67EC,闌,木,木,欄,gte_multilingual_base_768d__en_def_translated_cn_def__EDGE-03943,16,14,艾,1682,0.5322225689888,草,2025,0.5215408802032471,6039,3,0,0,0,0.0005945303210463,0.7215965551507122,0,0,0,0.0004938271604938,0.6647896654521365,-343,0,0,0,0,0,0
gte_multilingual_base_768d,en_def_translated_cn_def,EDGE-03944,ROOT-67EC,闌,氵,水,瀾,gte_multilingual_base_768d__en_def_translated_cn_def__EDGE-03944,16,14,液,3635,0.5147899985313416,液,4297,0.4964238405227661,6039,3,0,0,0,0.0002751031636863,0.3981450811526995,0,0,0,0.0002327205026762,0.2885061278569062,-662,0,0,0,0,0,0
gte_multilingual_base_768d,en_def_translated_cn_def,EDGE-03945,ROOT-67EC,闌,火,火,爛,gte_multilingual_base_768d__en_def_translated_cn_def__EDGE-03945,16,14,焰,2917,0.5301775336265564,焰,3270,0.5054402351379395,6039,3,0,0,0,0.0003428179636612,0.517058628684995,0,0,0,0.0003058103975535,0.4585955614441868,-353,0,0,0,0,0,0
gte_multilingual_base_768d,en_def_translated_cn_def,EDGE-04481,ROOT-9752,青,亻,人,倩,gte_multilingual_base_768d__en_def_translated_cn_def__EDGE-04481,11,11,麟,2388,0.5348544120788574,麟,1477,0.5233873724937439,6039,3,0,0,0,0.0004187604690117,0.6046704206690957,0,0,0,0.0006770480704129,0.7555481947664789,911,0,0,0,0,0,0
gte_multilingual_base_768d,en_def_translated_cn_def,EDGE-04485,ROOT-9752,青,忄,心,情,gte_multilingual_base_768d__en_def_translated_cn_def__EDGE-04485,11,11,膽,1921,0.5294579863548279,膽,1420,0.5085869431495667,6039,3,0,0,0,0.0005205622071837,0.6820139118913547,0,0,0,0.0007042253521126,0.7649884067572044,501,0,0,0,0,0,0
gte_multilingual_base_768d,en_def_translated_cn_def,EDGE-04486,ROOT-9752,青,日,日,晴,gte_multilingual_base_768d__en_def_translated_cn_def__EDGE-04486,11,11,昀,28,0.7065509557723999,昀,14,0.7220447063446045,6039,3,0,0,0,0.0357142857142857,0.9955283206359722,0,0,0,0.0714285714285714,0.9978469691950976,14,0,0,0,0,0,0
gte_multilingual_base_768d,en_def_translated_cn_def,EDGE-04487,ROOT-9752,青,犭,犬,猜,gte_multilingual_base_768d__en_def_translated_cn_def__EDGE-04487,11,11,吠,2401,0.5785799026489258,吠,1806,0.5774831175804138,6039,3,0,0,0,0.0004164931278633,0.6025173898641935,0,0,0,0.0005537098560354,0.7010599536270288,595,0,0,0,0,0,0
gte_multilingual_base_768d,en_def_translated_cn_def,EDGE-04488,ROOT-9752,青,目,目,睛,gte_multilingual_base_768d__en_def_translated_cn_def__EDGE-04488,11,11,瞄,10,0.7879664897918701,矚,9,0.7611409425735474,6039,3,0,0,1,0.1,0.9985094402119908,0,0,1,0.1111111111111111,0.998675057966214,1,0,0,0,0,0,0
gte_multilingual_base_768d,en_def_translated_cn_def,EDGE-04489,ROOT-9752,青,米,米,精,gte_multilingual_base_768d__en_def_translated_cn_def__EDGE-04489,11,11,秧,1387,0.5936349630355835,秧,888,0.5696246027946472,6039,3,0,0,0,0.0007209805335255,0.7704537926465718,0,0,0,0.0011261261261261,0.8530970520039748,499,0,0,0,0,0,0
gte_multilingual_base_768d,en_def_translated_cn_def,EDGE-04492,ROOT-9752,青,虫,虫,蜻,gte_multilingual_base_768d__en_def_translated_cn_def__EDGE-04492,11,11,虺,628,0.5941013097763062,虺,505,0.5903228521347046,6039,3,0,0,0,0.001592356687898,0.8961576681020206,0,0,0,0.0019801980198019,0.9165286518714806,123,0,0,0,0,0,0
gte_multilingual_base_768d,en_def_translated_cn_def,EDGE-04493,ROOT-9752,青,言,言,請,gte_multilingual_base_768d__en_def_translated_cn_def__EDGE-04493,11,11,語,1995,0.56844162940979,語,2242,0.5192810297012329,6039,3,0,0,0,0.000501253132832,0.6697581980788341,0,0,0,0.0004460303300624,0.6288506127856905,-247,0,0,0,0,0,0
gte_multilingual_base_768d,en_def_translated_cn_def,EDGE-04495,ROOT-9752,青,立,立,靖,gte_multilingual_base_768d__en_def_translated_cn_def__EDGE-04495,11,11,讜,954,0.6141555309295654,讜,1487,0.5612688660621643,6039,3,0,0,0,0.0010482180293501,0.8421662802252401,0,0,0,0.0006724949562878,0.7538920172242465,-533,0,0,0,0,0,0
gte_multilingual_base_768d,en_def_translated_cn_def,EDGE-04496,ROOT-9752,青,見,見,靚,gte_multilingual_base_768d__en_def_translated_cn_def__EDGE-04496,11,11,睹,1316,0.6130599975585938,睹,173,0.6381028890609741,6039,3,0,0,0,0.0007598784194528,0.7822126531964226,0,0,0,0.0057803468208092,0.9715137462736004,1143,0,0,0,0,0,0
gte_multilingual_base_768d,en_def_translated_cn_def,EDGE-04497,ROOT-9752,青,爭,爭,靜,gte_multilingual_base_768d__en_def_translated_cn_def__EDGE-04497,11,11,賺,4978,0.5043625831604004,賺,5296,0.44635209441185,6039,3,0,0,0,0.000200883889112,0.1757204372308711,0,0,0,0.0001888217522658,0.1230539913878767,-318,0,0,0,0,0,0
gte_multilingual_base_768d,en_def_translated_cn_def,EDGE-04498,ROOT-9752,青,魚,魚,鯖,gte_multilingual_base_768d__en_def_translated_cn_def__EDGE-04498,11,11,蛙,100,0.6785961985588074,蛙,86,0.6462777256965637,6039,3,0,0,0,0.01,0.983603842331898,0,0,0,0.0116279069767441,0.9859224908910236,14,0,0,0,0,0,0
gte_multilingual_base_768d,en_def_translated_cn_def,EDGE-05389,ROOT-4F59,余,氵,水,涂,gte_multilingual_base_768d__en_def_translated_cn_def__EDGE-05389,6,6,液,2519,0.5389173030853271,液,2868,0.4987351894378662,6039,3,0,0,0,0.000396982929734,0.5829744948658496,0,0,0,0.0003486750348675,0.5251738986419344,-349,0,0,0,0,0,0
gte_multilingual_base_768d,en_def_translated_cn_def,EDGE-05391,ROOT-4F59,余,彳,彳,徐,gte_multilingual_base_768d__en_def_translated_cn_def__EDGE-05391,6,6,踧,328,0.5920456647872925,亍,348,0.5344908237457275,6039,3,0,0,0,0.0030487804878048,0.9458429943689964,0,0,0,0.0028735632183908,0.9425306392845312,-20,0,0,0,0,0,0
gte_multilingual_base_768d,en_def_translated_cn_def,EDGE-05394,ROOT-4F59,余,斗,斗,斜,gte_multilingual_base_768d__en_def_translated_cn_def__EDGE-05394,6,6,盦,2817,0.5625712871551514,盦,2022,0.5713976621627808,6039,3,0,0,0,0.0003549875754348,0.5336204041073203,0,0,0,0.0004945598417408,0.6652865187148063,795,0,0,0,0,0,0
gte_multilingual_base_768d,en_def_translated_cn_def,EDGE-05396,ROOT-4F59,余,田,田,畬,gte_multilingual_base_768d__en_def_translated_cn_def__EDGE-05396,6,6,佃,11,0.7579430341720581,佃,8,0.7341489791870117,6039,3,0,0,0,0.0909090909090909,0.9983438224577674,0,0,1,0.125,0.9988406757204372,3,0,0,0,0,1,0
gte_multilingual_base_768d,en_def_translated_cn_def,EDGE-05401,ROOT-4F59,余,虫,虫,蜍,gte_multilingual_base_768d__en_def_translated_cn_def__EDGE-05401,6,6,虺,1156,0.5667877793312073,虺,1374,0.5369696617126465,6039,3,0,0,0,0.0008650519031141,0.8087114938721431,0,0,0,0.0007278020378457,0.772606823451474,-218,0,0,0,0,0,0
gte_multilingual_base_768d,en_def_translated_cn_def,EDGE-05408,ROOT-4F59,余,飠,食,餘,gte_multilingual_base_768d__en_def_translated_cn_def__EDGE-05408,6,6,膳,3273,0.5497537851333618,膳,2510,0.5241272449493408,6039,3,0,0,0,0.0003055300947143,0.4580987081815171,0,0,0,0.0003984063745019,0.5844650546538589,763,0,0,0,0,0,0
gte_multilingual_base_768d,en_def_translated_cn_def,EDGE-05801,ROOT-8FB0,辰,女,女,娠,gte_multilingual_base_768d__en_def_translated_cn_def__EDGE-05801,6,6,雌,1081,0.5790912508964539,雄,303,0.6013199090957642,6039,3,0,0,0,0.0009250693802035,0.821132825438887,0,0,0,0.0033003300330033,0.9499834382245776,778,0,0,0,0,0,0
gte_multilingual_base_768d,en_def_translated_cn_def,EDGE-05803,ROOT-8FB0,辰,扌,手,振,gte_multilingual_base_768d__en_def_translated_cn_def__EDGE-05803,6,6,肘,335,0.6225984692573547,肘,164,0.6174046397209167,6039,3,0,0,0,0.0029850746268656,0.9446836700894335,0,0,0,0.0060975609756097,0.9730043060616098,171,0,0,0,0,0,0
gte_multilingual_base_768d,en_def_translated_cn_def,EDGE-05804,ROOT-8FB0,辰,日,日,晨,gte_multilingual_base_768d__en_def_translated_cn_def__EDGE-05804,6,6,昀,197,0.642462968826294,昀,242,0.6252180337905884,6039,3,0,0,0,0.0050761421319796,0.9675389201722424,0,0,0,0.0041322314049586,0.960086121232196,-45,0,0,0,0,0,0
gte_multilingual_base_768d,en_def_translated_cn_def,EDGE-05807,ROOT-8FB0,辰,肉,肉,脣,gte_multilingual_base_768d__en_def_translated_cn_def__EDGE-05807,6,6,腱,29,0.7368735074996948,腱,93,0.6623296141624451,6039,3,0,0,0,0.0344827586206896,0.9953627028817488,0,0,0,0.010752688172043,0.9847631666114608,-64,0,0,0,0,0,0
gte_multilingual_base_768d,en_def_translated_cn_def,EDGE-05809,ROOT-8FB0,辰,虫,虫,蜃,gte_multilingual_base_768d__en_def_translated_cn_def__EDGE-05809,6,6,虺,1901,0.5445020198822021,虺,4017,0.489155501127243,6039,3,0,0,0,0.0005260389268805,0.6853262669758198,0,0,0,0.0002489419965148,0.334879099039417,-2116,0,0,0,0,0,0
gte_multilingual_base_768d,en_def_translated_cn_def,EDGE-05810,ROOT-8FB0,辰,貝,貝,賑,gte_multilingual_base_768d__en_def_translated_cn_def__EDGE-05810,6,6,珠,4921,0.4699641764163971,蜃,3703,0.4768145680427551,6039,3,0,0,0,0.0002032107295265,0.1851606492215965,0,0,0,0.0002700513097488,0.3868830738655183,1218,0,0,0,0,0,0
gte_multilingual_base_768d,en_def_translated_cn_def,EDGE-05811,ROOT-8FB0,辰,雨,雨,震,gte_multilingual_base_768d__en_def_translated_cn_def__EDGE-05811,6,6,霧,345,0.5754715800285339,霧,450,0.5351832509040833,6039,3,0,0,0,0.0028985507246376,0.9430274925472012,0,0,0,0.0022222222222222,0.9256376283537596,-105,0,0,0,0,0,0
gte_multilingual_base_768d,en_def_translated_cn_def,EDGE-06206,ROOT-5360,店,扌,手,掂,gte_multilingual_base_768d__en_def_translated_cn_def__EDGE-06206,10,10,肘,44,0.6969005465507507,肘,50,0.6874598264694214,6039,3,0,0,0,0.0227272727272727,0.9928784365684,0,0,0,0.02,0.9918847300430608,-6,0,0,0,0,0,0
gte_multilingual_base_768d,en_def_translated_cn_def,EDGE-06207,ROOT-5360,店,忄,心,惦,gte_multilingual_base_768d__en_def_translated_cn_def__EDGE-06207,11,10,膽,2379,0.5201265215873718,腎,2132,0.530574381351471,6039,3,0,0,0,0.0004203446826397,0.606160980457105,0,0,0,0.0004690431519699,0.6470685657502484,247,0,0,0,0,0,0
gte_multilingual_base_768d,en_gloss_unihan,EDGE-00063,ROOT-219CD,賓,亻,人,儐,gte_multilingual_base_768d__en_gloss_unihan__EDGE-00063,10,10,他,7647,0.4659175872802734,氓,5886,0.47433602809906,9152,3,0,0,0,0.0001307702366941,0.164462900229483,0,0,0,0.0001698946653075,0.356900885149164,1761,0,0,0,0,0,0
gte_multilingual_base_768d,en_gloss_unihan,EDGE-00064,ROOT-219CD,賓,女,女,嬪,gte_multilingual_base_768d__en_gloss_unihan__EDGE-00064,10,10,危,308,0.572868824005127,虛,153,0.5708814859390259,9152,3,0,0,0,0.0032467532467532,0.9664517539066768,0,0,0,0.0065359477124183,0.9833897934651952,155,0,0,0,0,0,0
gte_multilingual_base_768d,en_gloss_unihan,EDGE-00065,ROOT-219CD,賓,扌,手,擯,gte_multilingual_base_768d__en_gloss_unihan__EDGE-00065,10,10,柲,4469,0.5709898471832275,柲,4630,0.532509982585907,9152,3,0,0,0,0.0002237637055269,0.5117473500163916,0,0,0,0.0002159827213822,0.4941536444104469,-161,0,0,0,0,0,0
gte_multilingual_base_768d,en_gloss_unihan,EDGE-00066,ROOT-219CD,賓,木,木,檳,gte_multilingual_base_768d__en_gloss_unihan__EDGE-00066,10,10,樵,7988,0.4898785948753357,樵,7832,0.4501166939735412,9152,3,0,0,0,0.0001251877816725,0.1271992132007431,0,0,0,0.0001276813074565,0.1442465304338324,156,0,0,0,0,0,0
gte_multilingual_base_768d,en_gloss_unihan,EDGE-00067,ROOT-219CD,賓,歹,歹,殯,gte_multilingual_base_768d__en_gloss_unihan__EDGE-00067,10,10,邪,2218,0.555192768573761,邪,2558,0.5097408294677734,9152,3,0,0,0,0.0004508566275924,0.7577313954759043,0,0,0,0.0003909304143862,0.7205769861217353,-340,0,0,0,0,0,0
gte_multilingual_base_768d,en_gloss_unihan,EDGE-00068,ROOT-219CD,賓,氵,水,濱,gte_multilingual_base_768d__en_gloss_unihan__EDGE-00068,10,10,澆,3031,0.4861415028572082,澆,3414,0.440283715724945,9152,3,0,0,0,0.0003299241174529,0.6688886460496121,0,0,0,0.0002929115407147,0.6270352966888865,-383,0,0,0,0,0,0
gte_multilingual_base_768d,en_gloss_unihan,EDGE-00069,ROOT-219CD,賓,目,目,矉,gte_multilingual_base_768d__en_gloss_unihan__EDGE-00069,10,10,見,4236,0.5230257511138916,見,4861,0.5396357774734497,9152,3,0,0,0,0.0002360717658168,0.5372090481914544,0,0,0,0.0002057189878625,0.4689105015845263,-625,0,0,0,0,0,0
gte_multilingual_base_768d,en_gloss_unihan,EDGE-00070,ROOT-219CD,賓,糸,糸,繽,gte_multilingual_base_768d__en_gloss_unihan__EDGE-00070,10,10,曰,5342,0.469156414270401,縉,6902,0.47111776471138,9152,3,0,0,0,0.0001871958068139,0.4163479401158343,0,0,0,0.000144885540423,0.2458747677849415,-1560,0,0,0,0,0,0
gte_multilingual_base_768d,en_gloss_unihan,EDGE-00071,ROOT-219CD,賓,虫,虫,蠙,gte_multilingual_base_768d__en_gloss_unihan__EDGE-00071,10,10,豸,5936,0.5057660341262817,蟲,3773,0.553280770778656,9152,3,0,0,0,0.0001684636118598,0.3514370014206097,0,0,0,0.0002650410813676,0.5878046115178669,2163,0,0,0,0,0,0
gte_multilingual_base_768d,en_gloss_unihan,EDGE-00072,ROOT-219CD,賓,髟,髟,鬢,gte_multilingual_base_768d__en_gloss_unihan__EDGE-00072,10,10,赤,130,0.6384579539299011,髮,49,0.6782196760177612,9152,3,0,0,0,0.0076923076923076,0.98590317998033,0,0,0,0.0204081632653061,0.994754671620588,81,0,0,0,0,0,0
gte_multilingual_base_768d,en_gloss_unihan,EDGE-00478,ROOT-4EA5,亥,亻,人,侅,gte_multilingual_base_768d__en_gloss_unihan__EDGE-00478,14,14,他,1553,0.5849450826644897,他,1733,0.5445460081100464,9152,3,0,0,0,0.0006439150032195,0.8304010490656759,0,0,0,0.0005770340450086,0.8107310676428805,-180,0,0,0,0,0,0
gte_multilingual_base_768d,en_gloss_unihan,EDGE-00479,ROOT-4EA5,亥,刂,刀,刻,gte_multilingual_base_768d__en_gloss_unihan__EDGE-00479,14,14,鍰,143,0.6638247966766357,鍰,553,0.6137585043907166,9152,3,0,0,0,0.0069930069930069,0.984482570210906,0,0,0,0.0018083182640144,0.939678723636761,-410,0,0,0,0,0,0
gte_multilingual_base_768d,en_gloss_unihan,EDGE-00480,ROOT-4EA5,亥,力,力,劾,gte_multilingual_base_768d__en_gloss_unihan__EDGE-00480,14,14,鬥,1081,0.5273012518882751,權,444,0.5814991593360901,9152,3,0,0,0,0.0009250693802035,0.8819801114632281,0,0,0,0.0022522522522522,0.9515899901650092,637,0,0,0,0,0,0
gte_multilingual_base_768d,en_gloss_unihan,EDGE-00481,ROOT-4EA5,亥,口,口,咳,gte_multilingual_base_768d__en_gloss_unihan__EDGE-00481,14,14,闥,5681,0.5458118319511414,闥,1350,0.5960833430290222,9152,3,0,0,0,0.00017602534765,0.3793028084362364,0,0,0,0.0007407407407407,0.8525844170036061,4331,0,0,0,0,0,0
gte_multilingual_base_768d,en_gloss_unihan,EDGE-00482,ROOT-4EA5,亥,土,土,垓,gte_multilingual_base_768d__en_gloss_unihan__EDGE-00482,14,14,地,2085,0.5719785094261169,地,4714,0.4923976063728332,9152,3,0,0,0,0.0004796163069544,0.7722653261938586,0,0,0,0.0002121340687314,0.4849743197464757,-2629,0,0,0,0,0,0
gte_multilingual_base_768d,en_gloss_unihan,EDGE-00483,ROOT-4EA5,亥,子,子,孩,gte_multilingual_base_768d__en_gloss_unihan__EDGE-00483,14,14,種,26,0.7167873382568359,種,21,0.668491005897522,9152,3,0,0,0,0.0384615384615384,0.9972680581357228,0,0,0,0.0476190476190476,0.9978144465085784,5,0,0,0,0,0,0
gte_multilingual_base_768d,en_gloss_unihan,EDGE-00484,ROOT-4EA5,亥,木,木,核,gte_multilingual_base_768d__en_gloss_unihan__EDGE-00484,14,14,樵,2018,0.6072947382926941,樵,4649,0.5354081988334656,9152,3,0,0,0,0.0004955401387512,0.7795869303901213,0,0,0,0.00021510002151,0.4920773685935963,-2631,0,0,0,0,0,0
gte_multilingual_base_768d,en_gloss_unihan,EDGE-00485,ROOT-4EA5,亥,欠,欠,欬,gte_multilingual_base_768d__en_gloss_unihan__EDGE-00485,14,14,舛,5545,0.5270941853523254,缺,2573,0.5917934775352478,9152,3,0,0,0,0.0001803426510369,0.394164572177904,0,0,0,0.0003886513797123,0.718937821003169,2972,0,0,0,0,0,0
gte_multilingual_base_768d,en_gloss_unihan,EDGE-00487,ROOT-4EA5,亥,肉,肉,胲,gte_multilingual_base_768d__en_gloss_unihan__EDGE-00487,14,14,食,6766,0.4932329058647156,腶,6957,0.5235821604728699,9152,3,0,0,0,0.0001477978125923,0.2607365315266091,0,0,0,0.0001437401178668,0.2398644956835318,-191,0,0,0,0,0,0
gte_multilingual_base_768d,en_gloss_unihan,EDGE-00488,ROOT-4EA5,亥,艹,艸,荄,gte_multilingual_base_768d__en_gloss_unihan__EDGE-00488,14,14,襾,114,0.6635801792144775,萹,37,0.6865552663803101,9152,3,0,0,0,0.0087719298245614,0.9876516227734674,0,0,0,0.027027027027027,0.996066003715441,77,0,0,0,0,0,0
gte_multilingual_base_768d,en_gloss_unihan,EDGE-00489,ROOT-4EA5,亥,言,言,該,gte_multilingual_base_768d__en_gloss_unihan__EDGE-00489,14,14,食,2534,0.5449026226997375,啽,2582,0.5852808952331543,9152,3,0,0,0,0.000394632991318,0.7231996503114414,0,0,0,0.0003872966692486,0.7179543219320292,-48,0,0,0,0,0,0
gte_multilingual_base_768d,en_gloss_unihan,EDGE-00490,ROOT-4EA5,亥,門,門,閡,gte_multilingual_base_768d__en_gloss_unihan__EDGE-00490,14,14,穴,4092,0.4885942339897156,口,2435,0.5521234273910522,9152,3,0,0,0,0.0002443792766373,0.5529450333296908,0,0,0,0.0004106776180698,0.7340181400939788,1657,0,0,0,0,0,0
gte_multilingual_base_768d,en_gloss_unihan,EDGE-00492,ROOT-4EA5,亥,頁,頁,頦,gte_multilingual_base_768d__en_gloss_unihan__EDGE-00492,14,14,食,641,0.5833330750465393,目,1946,0.6042225360870361,9152,3,0,0,0,0.0015600624024961,0.9300622882745057,0,0,0,0.000513874614594,0.7874549229592395,-1305,0,0,0,0,0,0
gte_multilingual_base_768d,en_gloss_unihan,EDGE-00493,ROOT-4EA5,亥,馬,馬,駭,gte_multilingual_base_768d__en_gloss_unihan__EDGE-00493,14,14,鹿,7122,0.4881203472614288,鹿,7180,0.5293900370597839,9152,3,0,0,0,0.0001404099971918,0.2218336793793027,0,0,0,0.0001392757660167,0.2154955742541798,-58,0,0,0,0,0,0
gte_multilingual_base_768d,en_gloss_unihan,EDGE-00494,ROOT-4EA5,亥,骨,骨,骸,gte_multilingual_base_768d__en_gloss_unihan__EDGE-00494,14,14,身,51,0.7378720045089722,骸,1,0.7822231650352478,9152,3,0,0,0,0.0196078431372549,0.9945361162714458,1,1,1,1.0,1.0,50,1,0,1,0,1,0
gte_multilingual_base_768d,en_gloss_unihan,EDGE-00734,ROOT-5143,元,刂,刀,刓,gte_multilingual_base_768d__en_gloss_unihan__EDGE-00734,14,12,鍰,1298,0.6078702807426453,鍰,1369,0.581511914730072,9152,3,0,0,0,0.0007704160246533,0.8582668560813026,0,0,0,0.0007304601899196,0.8505081411867556,-71,0,0,0,0,0,0
gte_multilingual_base_768d,en_gloss_unihan,EDGE-00747,ROOT-5143,元,氵,水,沅,gte_multilingual_base_768d__en_gloss_unihan__EDGE-00747,13,12,澆,8730,0.3986063003540039,澆,8749,0.3274888694286346,9152,3,0,0,0,0.0001145475372279,0.0461151786689979,0,0,0,0.000114298777003,0.0440389028521472,-19,0,0,0,0,0,0
gte_multilingual_base_768d,en_gloss_unihan,EDGE-00748,ROOT-5143,元,王,玉,玩,gte_multilingual_base_768d__en_gloss_unihan__EDGE-00748,14,12,琦,4394,0.5177446603775024,琦,3855,0.4836661517620086,9152,3,0,0,0,0.0002275830678197,0.519943175609223,0,0,0,0.0002594033722438,0.578843842203038,539,0,0,0,0,0,0
gte_multilingual_base_768d,en_gloss_unihan,EDGE-00749,ROOT-5143,元,習,習,翫,gte_multilingual_base_768d__en_gloss_unihan__EDGE-00749,14,12,翩,703,0.5999763607978821,翩,564,0.5709068179130554,9152,3,0,0,0,0.0014224751066856,0.9232870724510982,0,0,0,0.00177304964539,0.9384766692164792,139,0,0,0,0,0,0
gte_multilingual_base_768d,en_gloss_unihan,EDGE-00750,ROOT-5143,元,艹,艸,芫,gte_multilingual_base_768d__en_gloss_unihan__EDGE-00750,13,12,襾,1789,0.5232486128807068,萹,1541,0.5464032888412476,9152,3,0,0,0,0.0005589714924538,0.8046115178668998,0,0,0,0.0006489292667099,0.8317123811605289,248,0,0,0,0,0,0
gte_multilingual_base_768d,en_gloss_unihan,EDGE-00754,ROOT-5143,元,頁,頁,頑,gte_multilingual_base_768d__en_gloss_unihan__EDGE-00754,14,12,食,6994,0.4941551983356476,食,8495,0.4950869679450989,9152,3,0,0,0,0.000142979696883,0.2358212217244016,0,0,0,0.000117716303708,0.0717954321932029,-1501,0,0,0,0,0,0
gte_multilingual_base_768d,en_gloss_unihan,EDGE-00755,ROOT-5143,元,黽,黽,黿,gte_multilingual_base_768d__en_gloss_unihan__EDGE-00755,14,12,鬥,8912,0.417183369398117,掙,8745,0.4368352890014648,9152,3,0,0,0,0.0001122082585278,0.0262266418970604,0,0,0,0.0001143510577472,0.0444760135504316,167,0,0,0,0,0,0
gte_multilingual_base_768d,en_gloss_unihan,EDGE-00807,ROOT-5303,曷,亻,人,偈,gte_multilingual_base_768d__en_gloss_unihan__EDGE-00807,25,22,他,1388,0.5884724855422974,雄,1717,0.5544965267181396,9152,3,0,0,0,0.0007204610951008,0.8484318653699049,0,0,0,0.0005824111822947,0.812479510436018,-329,0,0,0,0,0,0
gte_multilingual_base_768d,en_gloss_unihan,EDGE-00808,ROOT-5303,曷,口,口,喝,gte_multilingual_base_768d__en_gloss_unihan__EDGE-00808,25,22,闥,1187,0.6167572140693665,谽,426,0.6217429041862488,9152,3,0,0,0,0.0008424599831508,0.870396677958693,0,0,0,0.0023474178403755,0.9535569883072889,761,0,0,0,0,0,0
gte_multilingual_base_768d,en_gloss_unihan,EDGE-00809,ROOT-5303,曷,土,土,堨,gte_multilingual_base_768d__en_gloss_unihan__EDGE-00809,25,22,地,5139,0.5259527564048767,地,4099,0.5186255574226379,9152,3,0,0,0,0.0001945903872348,0.4385313080537646,0,0,0,0.000243961941937,0.5521800896076932,1040,0,0,0,0,0,0
gte_multilingual_base_768d,en_gloss_unihan,EDGE-00810,ROOT-5303,曷,忄,心,愒,gte_multilingual_base_768d__en_gloss_unihan__EDGE-00810,25,22,房,1728,0.5351178646087646,房,2249,0.4924351572990417,9152,3,0,0,0,0.0005787037037037,0.811277456015736,0,0,0,0.0004446420631391,0.7543437875642006,-521,0,0,0,0,0,0
gte_multilingual_base_768d,en_gloss_unihan,EDGE-00811,ROOT-5303,曷,扌,手,揭,gte_multilingual_base_768d__en_gloss_unihan__EDGE-00811,24,22,柲,844,0.6321941018104553,櫚,1549,0.5832875967025757,9152,3,0,0,0,0.0011848341232227,0.9078789203365752,0,0,0,0.0006455777921239,0.8308381597639602,-705,0,0,0,0,0,0
gte_multilingual_base_768d,en_gloss_unihan,EDGE-00812,ROOT-5303,曷,日,日,暍,gte_multilingual_base_768d__en_gloss_unihan__EDGE-00812,25,22,旦,1600,0.6041990518569946,旦,1179,0.5908706784248352,9152,3,0,0,0,0.000625,0.8252649983608349,0,0,0,0.0008481764206955,0.8712708993552617,421,0,0,0,0,0,0
gte_multilingual_base_768d,en_gloss_unihan,EDGE-00813,ROOT-5303,曷,去,去,朅,gte_multilingual_base_768d__en_gloss_unihan__EDGE-00813,25,22,訣,5183,0.5362611413002014,訣,3309,0.5319916605949402,9152,3,0,0,0,0.0001929384526336,0.4337230903726369,0,0,0,0.0003022061045633,0.6385094525188504,1874,0,0,0,0,0,0
gte_multilingual_base_768d,en_gloss_unihan,EDGE-00814,ROOT-5303,曷,木,木,楬,gte_multilingual_base_768d__en_gloss_unihan__EDGE-00814,25,22,樵,2364,0.6005436778068542,樵,2335,0.5698028206825256,9152,3,0,0,0,0.0004230118443316,0.7417768549885259,0,0,0,0.0004282655246252,0.7449459075510874,29,0,0,0,0,0,0
gte_multilingual_base_768d,en_gloss_unihan,EDGE-00815,ROOT-5303,曷,欠,欠,歇,gte_multilingual_base_768d__en_gloss_unihan__EDGE-00815,25,22,舛,2080,0.5715352892875671,缺,3003,0.588313102722168,9152,3,0,0,0,0.0004807692307692,0.772811714566714,0,0,0,0.0003330003330003,0.6719484209376024,-923,0,0,0,0,0,0
gte_multilingual_base_768d,en_gloss_unihan,EDGE-00817,ROOT-5303,曷,氵,水,渴,gte_multilingual_base_768d__en_gloss_unihan__EDGE-00817,25,22,澆,1262,0.5150852799415588,澆,1748,0.4761229753494262,9152,3,0,0,0,0.0007923930269413,0.8622008523658616,0,0,0,0.0005720823798627,0.8090919025243143,-486,0,0,0,0,0,0
gte_multilingual_base_768d,en_gloss_unihan,EDGE-00818,ROOT-5303,曷,犭,犬,猲,gte_multilingual_base_768d__en_gloss_unihan__EDGE-00818,25,22,羊,2815,0.5327633619308472,獫,1363,0.5781053304672241,9152,3,0,0,0,0.0003552397868561,0.6924926237569664,0,0,0,0.0007336757153338,0.8511638072341821,1452,0,0,0,0,0,0
gte_multilingual_base_768d,en_gloss_unihan,EDGE-00819,ROOT-5303,曷,石,石,碣,gte_multilingual_base_768d__en_gloss_unihan__EDGE-00819,25,22,赤,160,0.6214646697044373,瑊,36,0.6892459988594055,9152,3,0,0,0,0.00625,0.9826248497431974,0,0,0,0.0277777777777777,0.996175281390012,124,0,0,0,0,0,0
gte_multilingual_base_768d,en_gloss_unihan,EDGE-00821,ROOT-5303,曷,立,立,竭,gte_multilingual_base_768d__en_gloss_unihan__EDGE-00821,25,22,留,2095,0.5904467105865479,留,1930,0.5692675113677979,9152,3,0,0,0,0.0004773269689737,0.7711725494481477,0,0,0,0.0005181347150259,0.7892033657523768,165,0,0,0,0,0,0
gte_multilingual_base_768d,en_gloss_unihan,EDGE-00822,ROOT-5303,曷,羊,羊,羯,gte_multilingual_base_768d__en_gloss_unihan__EDGE-00822,25,22,豕,138,0.6511400938034058,羝,35,0.7086073160171509,9152,3,0,0,0,0.0072463768115942,0.9850289585837614,0,0,0,0.0285714285714285,0.9962845590645832,103,0,0,0,0,0,0
gte_multilingual_base_768d,en_gloss_unihan,EDGE-00823,ROOT-5303,曷,艹,艸,葛,gte_multilingual_base_768d__en_gloss_unihan__EDGE-00823,24,22,襾,3191,0.5042667388916016,萹,3140,0.5447722673416138,9152,3,0,0,0,0.0003133813851457,0.6514042181182385,0,0,0,0.0003184713375796,0.6569773795213638,51,0,0,0,0,0,0
gte_multilingual_base_768d,en_gloss_unihan,EDGE-00826,ROOT-5303,曷,虫,虫,蝎,gte_multilingual_base_768d__en_gloss_unihan__EDGE-00826,24,22,豸,1905,0.551755428314209,豸,1328,0.6095077991485596,9152,3,0,0,0,0.000524934383202,0.791935307616654,0,0,0,0.0007530120481927,0.8549885258441701,577,0,0,0,0,0,0
gte_multilingual_base_768d,en_gloss_unihan,EDGE-00827,ROOT-5303,曷,衤,衣,褐,gte_multilingual_base_768d__en_gloss_unihan__EDGE-00827,25,22,襾,1132,0.566136360168457,襾,405,0.645709753036499,9152,3,0,0,0,0.0008833922261484,0.8764069500601027,0,0,0,0.0024691358024691,0.9558518194732816,727,0,0,0,0,0,0
gte_multilingual_base_768d,en_gloss_unihan,EDGE-00828,ROOT-5303,曷,言,言,謁,gte_multilingual_base_768d__en_gloss_unihan__EDGE-00828,25,22,食,3432,0.5330688953399658,說,1611,0.603752851486206,9152,3,0,0,0,0.0002913752913752,0.625068298546607,0,0,0,0.0006207324643078,0.8240629439405529,1821,0,0,0,0,0,0
gte_multilingual_base_768d,en_gloss_unihan,EDGE-00832,ROOT-5303,曷,革,革,鞨,gte_multilingual_base_768d__en_gloss_unihan__EDGE-00832,25,22,韋,5307,0.5003125667572021,韋,2261,0.5710790157318115,9152,3,0,0,0,0.0001884303749764,0.4201726587258223,0,0,0,0.0004422821760283,0.7530324554693476,3046,0,0,0,0,0,0
gte_multilingual_base_768d,en_gloss_unihan,EDGE-00833,ROOT-5303,曷,飠,食,餲,gte_multilingual_base_768d__en_gloss_unihan__EDGE-00833,25,22,肉,5736,0.5147521495819092,肉,4924,0.5830080509185791,9152,3,0,0,0,0.0001743375174337,0.3732925363348268,0,0,0,0.0002030869212022,0.4620260080865479,812,0,0,0,0,0,0
gte_multilingual_base_768d,en_gloss_unihan,EDGE-00834,ROOT-5303,曷,鳥,鳥,鶡,gte_multilingual_base_768d__en_gloss_unihan__EDGE-00834,25,22,羽,932,0.555025577545166,隹,967,0.6059366464614868,9152,3,0,0,0,0.0010729613733905,0.8982624849743197,0,0,0,0.0010341261633919,0.8944377663643318,-35,0,0,0,0,0,0
gte_multilingual_base_768d,en_gloss_unihan,EDGE-02217,ROOT-572D,圭,亻,人,佳,gte_multilingual_base_768d__en_gloss_unihan__EDGE-02217,24,22,他,4816,0.5317807197570801,雄,5102,0.5028036236763,9152,3,0,0,0,0.0002076411960132,0.4738279969402251,0,0,0,0.0001960015680125,0.4425745820128948,-286,0,0,0,0,0,0
gte_multilingual_base_768d,en_gloss_unihan,EDGE-02218,ROOT-572D,圭,刂,刀,刲,gte_multilingual_base_768d__en_gloss_unihan__EDGE-02218,24,22,鍰,235,0.6524450182914734,鍰,274,0.6410524249076843,9152,3,0,0,0,0.0042553191489361,0.974429024150366,0,0,0,0.0036496350364963,0.9701671948420938,-39,0,0,0,0,0,0
gte_multilingual_base_768d,en_gloss_unihan,EDGE-02219,ROOT-572D,圭,卜,卜,卦,gte_multilingual_base_768d__en_gloss_unihan__EDGE-02219,24,22,卦,1,0.9197425842285156,卦,1,0.8834657073020935,9152,3,1,1,1,1.0,1.0,1,1,1,1.0,1.0,0,0,0,0,0,0,0
gte_multilingual_base_768d,en_gloss_unihan,EDGE-02226,ROOT-572D,圭,口,口,哇,gte_multilingual_base_768d__en_gloss_unihan__EDGE-02226,24,22,闥,4619,0.5609120726585388,闥,2831,0.573785126209259,9152,3,0,0,0,0.0002164970772894,0.4953556988307288,0,0,0,0.0003532320734722,0.6907441809638291,1788,0,0,0,0,0,0
gte_multilingual_base_768d,en_gloss_unihan,EDGE-02227,ROOT-572D,圭,大,大,奎,gte_multilingual_base_768d__en_gloss_unihan__EDGE-02227,24,22,灝,3507,0.5312857627868652,灝,6457,0.4731160700321197,9152,3,0,0,0,0.0002851439977188,0.6168724729537756,0,0,0,0.0001548706829797,0.2945033329690744,-2950,0,0,0,0,0,0
gte_multilingual_base_768d,en_gloss_unihan,EDGE-02229,ROOT-572D,圭,女,女,娃,gte_multilingual_base_768d__en_gloss_unihan__EDGE-02229,24,22,危,79,0.6258137822151184,危,34,0.6415635347366333,9152,3,0,0,0,0.0126582278481012,0.9914763413834552,0,0,0,0.0294117647058823,0.9963938367391542,45,0,0,0,0,0,0
gte_multilingual_base_768d,en_gloss_unihan,EDGE-02230,ROOT-572D,圭,心,心,恚,gte_multilingual_base_768d__en_gloss_unihan__EDGE-02230,24,22,房,2049,0.5298534631729126,房,2629,0.502763032913208,9152,3,0,0,0,0.0004880429477794,0.7761993224784176,0,0,0,0.00038037276531,0.7128182712271882,-580,0,0,0,0,0,0
gte_multilingual_base_768d,en_gloss_unihan,EDGE-02231,ROOT-572D,圭,扌,手,挂,gte_multilingual_base_768d__en_gloss_unihan__EDGE-02231,23,22,柲,649,0.6401382088661194,掬,574,0.6255102157592773,9152,3,0,0,0,0.0015408320493066,0.9291880668779368,0,0,0,0.0017421602787456,0.9373838924707684,75,0,0,0,0,0,0
gte_multilingual_base_768d,en_gloss_unihan,EDGE-02232,ROOT-572D,圭,木,木,桂,gte_multilingual_base_768d__en_gloss_unihan__EDGE-02232,24,22,樵,8123,0.4852523505687713,樵,8031,0.4569976329803467,9152,3,0,0,0,0.0001231072263941,0.1124467271336465,0,0,0,0.000124517494708,0.1225002731941864,92,0,0,0,0,0,0
gte_multilingual_base_768d,en_gloss_unihan,EDGE-02233,ROOT-572D,圭,氵,水,洼,gte_multilingual_base_768d__en_gloss_unihan__EDGE-02233,23,22,澆,4222,0.4717291295528412,澆,1828,0.4800819754600525,9152,3,0,0,0,0.0002368545712932,0.5387389356354497,0,0,0,0.0005470459518599,0.8003496885586274,2394,0,0,0,0,0,0
gte_multilingual_base_768d,en_gloss_unihan,EDGE-02235,ROOT-572D,圭,火,火,烓,gte_multilingual_base_768d__en_gloss_unihan__EDGE-02235,24,22,炎,1000,0.6154485940933228,炎,1201,0.5875678658485413,9152,3,0,0,0,0.001,0.890831603103486,0,0,0,0.0008326394671107,0.8688667905146978,-201,0,0,0,0,0,0
gte_multilingual_base_768d,en_gloss_unihan,EDGE-02236,ROOT-572D,圭,王,玉,珪,gte_multilingual_base_768d__en_gloss_unihan__EDGE-02236,24,22,琦,134,0.6396403312683105,琦,222,0.5977857112884521,9152,3,0,0,0,0.0074626865671641,0.9854660692820456,0,0,0,0.0045045045045045,0.9758496339197902,-88,0,0,0,0,0,0
gte_multilingual_base_768d,en_gloss_unihan,EDGE-02237,ROOT-572D,圭,田,田,畦,gte_multilingual_base_768d__en_gloss_unihan__EDGE-02237,24,22,圃,133,0.6364715099334717,圃,209,0.5964407324790955,9152,3,0,0,0,0.0075187969924812,0.9855753469566167,0,0,0,0.0047846889952153,0.9772702436892144,-76,0,0,0,0,0,0
gte_multilingual_base_768d,en_gloss_unihan,EDGE-02238,ROOT-572D,圭,目,目,眭,gte_multilingual_base_768d__en_gloss_unihan__EDGE-02238,24,22,見,612,0.5862007737159729,見,367,0.6419090032577515,9152,3,0,0,0,0.0016339869281045,0.9332313408370668,0,0,0,0.0027247956403269,0.9600043711069828,245,0,0,0,0,0,0
gte_multilingual_base_768d,en_gloss_unihan,EDGE-02241,ROOT-572D,圭,糸,糸,絓,gte_multilingual_base_768d__en_gloss_unihan__EDGE-02241,24,22,曰,4489,0.4772907495498657,絁,2689,0.5340989828109741,9152,3,0,0,0,0.0002227667631989,0.5095617965249699,0,0,0,0.0003718854592785,0.7062616107529232,1800,0,0,0,0,0,0
gte_multilingual_base_768d,en_gloss_unihan,EDGE-02243,ROOT-572D,圭,虫,虫,蛙,gte_multilingual_base_768d__en_gloss_unihan__EDGE-02243,24,22,豸,460,0.5928757786750793,豸,345,0.6407338380813599,9152,3,0,0,0,0.0021739130434782,0.949841547371872,0,0,0,0.0028985507246376,0.9624084799475467,115,0,0,0,0,0,0
gte_multilingual_base_768d,en_gloss_unihan,EDGE-02244,ROOT-572D,圭,行,行,街,gte_multilingual_base_768d__en_gloss_unihan__EDGE-02244,24,22,走,156,0.67513507604599,走,127,0.7006200551986694,9152,3,0,0,0,0.0064102564102564,0.9830619604414818,0,0,0,0.0078740157480314,0.9862310130040433,29,0,0,0,0,0,0
gte_multilingual_base_768d,en_gloss_unihan,EDGE-02246,ROOT-572D,圭,言,言,詿,gte_multilingual_base_768d__en_gloss_unihan__EDGE-02246,24,22,食,8012,0.4570719003677368,訥,6850,0.528938889503479,9152,3,0,0,0,0.0001248127808287,0.1245765490110371,0,0,0,0.0001459854014598,0.2515572068626379,1162,0,0,0,0,0,0
gte_multilingual_base_768d,en_gloss_unihan,EDGE-02248,ROOT-572D,圭,門,門,閨,gte_multilingual_base_768d__en_gloss_unihan__EDGE-02248,24,22,穴,143,0.621300995349884,口,96,0.6506489515304565,9152,3,0,0,0,0.0069930069930069,0.984482570210906,0,0,0,0.0104166666666666,0.9896186209157468,47,0,0,0,0,0,0
gte_multilingual_base_768d,en_gloss_unihan,EDGE-02249,ROOT-572D,圭,革,革,鞋,gte_multilingual_base_768d__en_gloss_unihan__EDGE-02249,24,22,韋,4388,0.5106457471847534,遯,3704,0.5509177446365356,9152,3,0,0,0,0.0002278942570647,0.5205988416566496,0,0,0,0.0002699784017278,0.5953447710632718,684,0,0,0,0,0,0
gte_multilingual_base_768d,en_gloss_unihan,EDGE-02266,ROOT-582F,堯,亻,人,僥,gte_multilingual_base_768d__en_gloss_unihan__EDGE-02266,17,17,他,3346,0.5546467304229736,雄,2696,0.549898624420166,9152,3,0,0,0,0.0002988643156007,0.6344661785597203,0,0,0,0.0003709198813056,0.7054966670309255,650,0,0,0,0,0,0
gte_multilingual_base_768d,en_gloss_unihan,EDGE-02267,ROOT-582F,堯,口,口,嘵,gte_multilingual_base_768d__en_gloss_unihan__EDGE-02267,17,17,闥,3653,0.5742079019546509,闥,2517,0.5806731581687927,9152,3,0,0,0,0.0002737476047084,0.6009179324663971,0,0,0,0.0003972983710766,0.7250573707791499,1136,0,0,0,0,0,0
gte_multilingual_base_768d,en_gloss_unihan,EDGE-02268,ROOT-582F,堯,女,女,嬈,gte_multilingual_base_768d__en_gloss_unihan__EDGE-02268,17,17,危,773,0.5481300950050354,危,276,0.5875851511955261,9152,3,0,0,0,0.001293661060802,0.9156376352311224,0,0,0,0.0036231884057971,0.9699486394929516,497,0,0,0,0,0,0
gte_multilingual_base_768d,en_gloss_unihan,EDGE-02269,ROOT-582F,堯,山,山,嶢,gte_multilingual_base_768d__en_gloss_unihan__EDGE-02269,17,17,厜,127,0.6500930190086365,厜,133,0.6181002855300903,9152,3,0,0,0,0.0078740157480314,0.9862310130040433,0,0,0,0.0075187969924812,0.9855753469566167,-6,0,0,0,0,0,0
gte_multilingual_base_768d,en_gloss_unihan,EDGE-02270,ROOT-582F,堯,扌,手,撓,gte_multilingual_base_768d__en_gloss_unihan__EDGE-02270,17,17,柲,1418,0.6160668134689331,提,1131,0.6039674282073975,9152,3,0,0,0,0.0007052186177715,0.8451535351327724,0,0,0,0.0008841732979664,0.8765162277346739,287,0,0,0,0,0,0
gte_multilingual_base_768d,en_gloss_unihan,EDGE-02271,ROOT-582F,堯,日,日,曉,gte_multilingual_base_768d__en_gloss_unihan__EDGE-02271,17,17,旦,7,0.8119651079177856,旦,9,0.7676340937614441,9152,3,0,0,1,0.1428571428571428,0.9993443339525736,0,0,1,0.1111111111111111,0.9991257786034312,-2,0,0,0,0,0,0
gte_multilingual_base_768d,en_gloss_unihan,EDGE-02272,ROOT-582F,堯,木,木,橈,gte_multilingual_base_768d__en_gloss_unihan__EDGE-02272,17,17,樵,78,0.717984676361084,樵,77,0.6811828017234802,9152,3,0,0,0,0.0128205128205128,0.9915856190580264,0,0,0,0.0129870129870129,0.9916948967325976,1,0,0,0,0,0,0
gte_multilingual_base_768d,en_gloss_unihan,EDGE-02273,ROOT-582F,堯,氵,水,澆,gte_multilingual_base_768d__en_gloss_unihan__EDGE-02273,17,17,澆,1,0.7242286205291748,澆,1,0.7059519290924072,9152,3,1,1,1,1.0,1.0,1,1,1,1.0,1.0,0,0,0,0,0,0,0
gte_multilingual_base_768d,en_gloss_unihan,EDGE-02274,ROOT-582F,堯,火,火,燒,gte_multilingual_base_768d__en_gloss_unihan__EDGE-02274,17,17,炎,37,0.7568398714065552,炎,65,0.7042657732963562,9152,3,0,0,0,0.027027027027027,0.996066003715441,0,0,0,0.0153846153846153,0.9930062288274506,-28,0,0,0,0,0,0
gte_multilingual_base_768d,en_gloss_unihan,EDGE-02276,ROOT-582F,堯,石,石,磽,gte_multilingual_base_768d__en_gloss_unihan__EDGE-02276,17,17,赤,962,0.54544997215271,砧,791,0.6004695296287537,9152,3,0,0,0,0.001039501039501,0.8949841547371872,0,0,0,0.0012642225031605,0.9136706370888428,171,0,0,0,0,0,0
gte_multilingual_base_768d,en_gloss_unihan,EDGE-02277,ROOT-582F,堯,糸,糸,繞,gte_multilingual_base_768d__en_gloss_unihan__EDGE-02277,17,17,曰,2724,0.4955609440803528,絁,1907,0.5626765489578247,9152,3,0,0,0,0.000367107195301,0.7024368921429351,0,0,0,0.0005243838489774,0.7917167522675117,817,0,0,0,0,0,0
gte_multilingual_base_768d,en_gloss_unihan,EDGE-02278,ROOT-582F,堯,羽,羽,翹,gte_multilingual_base_768d__en_gloss_unihan__EDGE-02278,17,17,鳥,4778,0.5180072784423828,翎,7114,0.5370105504989624,9152,3,0,0,0,0.0002092925910422,0.4779805485739263,0,0,0,0.0001405678942929,0.2227079007758714,-2336,0,0,0,0,0,0
gte_multilingual_base_768d,en_gloss_unihan,EDGE-02280,ROOT-582F,堯,艹,艸,蕘,gte_multilingual_base_768d__en_gloss_unihan__EDGE-02280,17,17,襾,1540,0.5276176929473877,萹,1206,0.583084762096405,9152,3,0,0,0,0.0006493506493506,0.8318216588351,0,0,0,0.0008291873963515,0.8683204021418425,334,0,0,0,0,0,0
gte_multilingual_base_768d,en_gloss_unihan,EDGE-02281,ROOT-582F,堯,虫,虫,蟯,gte_multilingual_base_768d__en_gloss_unihan__EDGE-02281,17,17,豸,108,0.6896295547485352,蟲,14,0.7460205554962158,9152,3,0,0,0,0.0092592592592592,0.988307288820894,0,0,0,0.0714285714285714,0.9985793902305758,94,0,0,0,0,0,0
gte_multilingual_base_768d,en_gloss_unihan,EDGE-02282,ROOT-582F,堯,言,言,譊,gte_multilingual_base_768d__en_gloss_unihan__EDGE-02282,17,17,食,873,0.5740130543708801,說,334,0.6487547755241394,9152,3,0,0,0,0.0011454753722794,0.9047098677740136,0,0,0,0.0029940119760479,0.9636105343678286,539,0,0,0,0,0,0
gte_multilingual_base_768d,en_gloss_unihan,EDGE-02285,ROOT-582F,堯,釒,金,鐃,gte_multilingual_base_768d__en_gloss_unihan__EDGE-02285,17,17,貝,1707,0.5551059246063232,貝,2092,0.5975005626678467,9152,3,0,0,0,0.0005858230814294,0.8135722871817288,0,0,0,0.0004780114722753,0.771500382471861,-385,0,0,0,0,0,0
gte_multilingual_base_768d,en_gloss_unihan,EDGE-02287,ROOT-582F,堯,飠,食,饒,gte_multilingual_base_768d__en_gloss_unihan__EDGE-02287,17,17,肉,2970,0.5503785610198975,肉,3270,0.6036013960838318,9152,3,0,0,0,0.0003367003367003,0.6755545841984483,0,0,0,0.0003058103975535,0.6427712818271227,-300,0,0,0,0,0,0
gte_multilingual_base_768d,en_gloss_unihan,EDGE-02288,ROOT-582F,堯,馬,馬,驍,gte_multilingual_base_768d__en_gloss_unihan__EDGE-02288,17,17,鹿,119,0.6839044690132141,鹿,11,0.7472097873687744,9152,3,0,0,0,0.0084033613445378,0.987105234400612,0,0,0,0.0909090909090909,0.9989072232542892,108,0,0,0,0,0,0
gte_multilingual_base_768d,en_gloss_unihan,EDGE-03014,ROOT-382F,台,女,女,始,gte_multilingual_base_768d__en_gloss_unihan__EDGE-03014,22,20,危,2839,0.509198784828186,虛,2967,0.5374388098716736,9152,3,0,0,0,0.0003522367030644,0.6898699595672604,0,0,0,0.0003370407819346,0.6758824172221616,-128,0,0,0,0,0,0
gte_multilingual_base_768d,en_gloss_unihan,EDGE-03015,ROOT-382F,台,心,心,怠,gte_multilingual_base_768d__en_gloss_unihan__EDGE-03015,22,20,房,2883,0.5181794762611389,房,1732,0.5197761058807373,9152,3,0,0,0,0.0003468609087755,0.6850617418861327,0,0,0,0.0005773672055427,0.8108403453174516,1151,0,0,0,0,0,0
gte_multilingual_base_768d,en_gloss_unihan,EDGE-03016,ROOT-382F,台,忄,心,怡,gte_multilingual_base_768d__en_gloss_unihan__EDGE-03016,22,20,房,3670,0.5092538595199585,房,4896,0.4832397997379303,9152,3,0,0,0,0.0002724795640326,0.5990602119986886,0,0,0,0.000204248366013,0.4650857829745383,-1226,0,0,0,0,0,0
gte_multilingual_base_768d,en_gloss_unihan,EDGE-03017,ROOT-382F,台,木,木,枲,gte_multilingual_base_768d__en_gloss_unihan__EDGE-03017,22,20,樵,5724,0.5445489287376404,樵,6451,0.492779791355133,9152,3,0,0,0,0.0001747030048916,0.3746038684296798,0,0,0,0.000155014726399,0.2951589990165009,-727,0,0,0,0,0,0
gte_multilingual_base_768d,en_gloss_unihan,EDGE-03018,ROOT-382F,台,歹,歹,殆,gte_multilingual_base_768d__en_gloss_unihan__EDGE-03018,22,20,邪,153,0.6792070269584656,邪,225,0.6229848861694336,9152,3,0,0,0,0.0065359477124183,0.9833897934651952,0,0,0,0.0044444444444444,0.975521800896077,-72,0,0,0,0,0,0
gte_multilingual_base_768d,en_gloss_unihan,EDGE-03019,ROOT-382F,台,氵,水,治,gte_multilingual_base_768d__en_gloss_unihan__EDGE-03019,21,20,澆,7146,0.437738299369812,澆,5872,0.407861977815628,9152,3,0,0,0,0.000139938427092,0.2192110151895967,0,0,0,0.0001702997275204,0.3584307725931592,1274,0,0,0,0,0,0
gte_multilingual_base_768d,en_gloss_unihan,EDGE-03020,ROOT-382F,台,火,火,炱,gte_multilingual_base_768d__en_gloss_unihan__EDGE-03020,22,20,炎,1190,0.6082108616828918,炎,1131,0.5932489037513733,9152,3,0,0,0,0.0008403361344537,0.8700688449349798,0,0,0,0.0008841732979664,0.8765162277346739,59,0,0,0,0,0,0
gte_multilingual_base_768d,en_gloss_unihan,EDGE-03022,ROOT-382F,台,目,目,眙,gte_multilingual_base_768d__en_gloss_unihan__EDGE-03022,22,20,見,125,0.6656678318977356,見,18,0.7333918213844299,9152,3,0,0,0,0.008,0.9864495683531854,0,0,0,0.0555555555555555,0.9981422795322916,107,0,0,0,0,0,0
gte_multilingual_base_768d,en_gloss_unihan,EDGE-03023,ROOT-382F,台,竹,竹,笞,gte_multilingual_base_768d__en_gloss_unihan__EDGE-03023,22,20,笛,158,0.6549211144447327,笛,48,0.7016651630401611,9152,3,0,0,0,0.0063291139240506,0.9828434050923396,0,0,0,0.0208333333333333,0.994863949295159,110,0,0,0,0,0,0
gte_multilingual_base_768d,en_gloss_unihan,EDGE-03024,ROOT-382F,台,糸,糸,紿,gte_multilingual_base_768d__en_gloss_unihan__EDGE-03024,22,20,曰,8675,0.4204004108905792,絁,7270,0.508824348449707,9152,3,0,0,0,0.0001152737752161,0.0521254507704076,0,0,0,0.0001375515818431,0.2056605835427821,1405,0,0,0,0,0,0
gte_multilingual_base_768d,en_gloss_unihan,EDGE-03025,ROOT-382F,台,肉,肉,胎,gte_multilingual_base_768d__en_gloss_unihan__EDGE-03025,22,20,食,2081,0.5506855845451355,腶,2153,0.614708662033081,9152,3,0,0,0,0.0004805382027871,0.7727024368921429,0,0,0,0.0004644681839294,0.7648344443230248,-72,0,0,0,0,0,0
gte_multilingual_base_768d,en_gloss_unihan,EDGE-03026,ROOT-382F,台,艹,艸,苔,gte_multilingual_base_768d__en_gloss_unihan__EDGE-03026,22,20,襾,1674,0.5251303911209106,萹,660,0.6076102256774902,9152,3,0,0,0,0.0005973715651135,0.8171784504425745,0,0,0,0.0015151515151515,0.9279860124576548,1014,0,0,0,0,0,0
gte_multilingual_base_768d,en_gloss_unihan,EDGE-03027,ROOT-382F,台,言,言,詒,gte_multilingual_base_768d__en_gloss_unihan__EDGE-03027,22,20,食,5616,0.5044535994529724,說,4810,0.5729956030845642,9152,3,0,0,0,0.0001780626780626,0.3864058572833569,0,0,0,0.0002079002079002,0.4744836629876516,806,0,0,0,0,0,0
gte_multilingual_base_768d,en_gloss_unihan,EDGE-03028,ROOT-382F,台,貝,貝,貽,gte_multilingual_base_768d__en_gloss_unihan__EDGE-03028,22,20,金,2677,0.5328636169433594,蚨,943,0.6009427309036255,9152,3,0,0,0,0.000373552484124,0.7075729428477762,0,0,0,0.0010604453870625,0.8970604305540378,1734,0,0,0,0,0,0
gte_multilingual_base_768d,en_gloss_unihan,EDGE-03031,ROOT-382F,台,風,風,颱,gte_multilingual_base_768d__en_gloss_unihan__EDGE-03031,22,20,食,3351,0.5406819581985474,屁,3485,0.5999125242233276,9152,3,0,0,0,0.0002984183825723,0.6339197901868648,0,0,0,0.000286944045911,0.6192765817943394,-134,0,0,0,0,0,0
gte_multilingual_base_768d,en_gloss_unihan,EDGE-03032,ROOT-382F,台,飠,食,飴,gte_multilingual_base_768d__en_gloss_unihan__EDGE-03032,22,20,肉,170,0.6428697109222412,哺,99,0.7097353339195251,9152,3,0,0,0,0.0058823529411764,0.9815320729974866,0,0,0,0.0101010101010101,0.9892907878920336,71,0,0,0,0,0,0
gte_multilingual_base_768d,en_gloss_unihan,EDGE-03033,ROOT-382F,台,馬,馬,駘,gte_multilingual_base_768d__en_gloss_unihan__EDGE-03033,22,20,鹿,175,0.6488659977912903,鹿,64,0.7122724056243896,9152,3,0,0,0,0.0057142857142857,0.9809856846246312,0,0,0,0.015625,0.9931155065020216,111,0,0,0,0,0,0
gte_multilingual_base_768d,en_gloss_unihan,EDGE-03034,ROOT-382F,台,魚,魚,鮐,gte_multilingual_base_768d__en_gloss_unihan__EDGE-03034,22,20,鹿,2594,0.5485404133796692,漁,1053,0.6381888389587402,9152,3,0,0,0,0.0003855050115651,0.7166429898371762,0,0,0,0.0009496676163342,0.8850398863512184,1541,0,0,0,0,0,0
gte_multilingual_base_768d,en_gloss_unihan,EDGE-03035,ROOT-382F,台,齒,齒,齝,gte_multilingual_base_768d__en_gloss_unihan__EDGE-03035,22,20,老,561,0.5555002093315125,齟,70,0.624595046043396,9152,3,0,0,0,0.0017825311942959,0.9388045022401924,0,0,0,0.0142857142857142,0.9924598404545952,491,0,0,0,0,0,0
gte_multilingual_base_768d,en_gloss_unihan,EDGE-03085,ROOT-5E1D,帝,口,口,啻,gte_multilingual_base_768d__en_gloss_unihan__EDGE-03085,5,5,闥,550,0.638515830039978,闥,1302,0.552609384059906,9152,3,0,0,0,0.0018181818181818,0.9400065566604744,0,0,0,0.0007680491551459,0.8578297453830183,-752,0,0,0,0,0,0
gte_multilingual_base_768d,en_gloss_unihan,EDGE-03087,ROOT-5E1D,帝,口,口,啼,gte_multilingual_base_768d__en_gloss_unihan__EDGE-03087,5,5,闥,4575,0.5614975690841675,闥,1762,0.5426090955734253,9152,3,0,0,0,0.0002185792349726,0.5001639165118567,0,0,0,0.0005675368898978,0.8075620150803191,2813,0,0,0,0,0,0
gte_multilingual_base_768d,en_gloss_unihan,EDGE-03088,ROOT-5E1D,帝,礻,示,禘,gte_multilingual_base_768d__en_gloss_unihan__EDGE-03088,6,5,曰,8879,0.4251820743083954,顯,8707,0.4406760334968567,9152,3,0,0,0,0.0001126252956414,0.0298328051579062,0,0,0,0.0001148501205926,0.0486285651841328,172,0,0,0,0,0,0
gte_multilingual_base_768d,en_gloss_unihan,EDGE-03089,ROOT-5E1D,帝,糸,糸,締,gte_multilingual_base_768d__en_gloss_unihan__EDGE-03089,6,5,曰,3771,0.4844857454299927,絁,6234,0.4868475198745727,9152,3,0,0,0,0.0002651816494298,0.5880231668670091,0,0,0,0.0001604106512672,0.3188722543984263,-2463,0,0,0,0,0,0
gte_multilingual_base_768d,en_gloss_unihan,EDGE-03090,ROOT-5E1D,帝,艹,艸,蒂,gte_multilingual_base_768d__en_gloss_unihan__EDGE-03090,6,5,襾,2562,0.511775016784668,萹,1219,0.5948606729507446,9152,3,0,0,0,0.0003903200624512,0.7201398754234509,0,0,0,0.0008203445447087,0.8668997923724183,1343,0,0,0,0,0,0
gte_multilingual_base_768d,en_gloss_unihan,EDGE-03091,ROOT-5E1D,帝,言,言,諦,gte_multilingual_base_768d__en_gloss_unihan__EDGE-03091,6,5,食,4671,0.5172742009162903,說,5497,0.5384725332260132,9152,3,0,0,0,0.0002140869192892,0.4896732597530324,0,0,0,0.000181917409496,0.3994099005573162,-826,0,0,0,0,0,0
gte_multilingual_base_768d,en_gloss_unihan,EDGE-03092,ROOT-5E1D,帝,𧾷,足,蹄,gte_multilingual_base_768d__en_gloss_unihan__EDGE-03092,6,5,走,1324,0.5749460458755493,夠,377,0.622433602809906,9152,3,0,0,0,0.0007552870090634,0.8554256365424544,0,0,0,0.0026525198938992,0.958911594361272,947,0,0,0,0,0,0
gte_multilingual_base_768d,en_gloss_unihan,EDGE-03943,ROOT-67EC,闌,木,木,欄,gte_multilingual_base_768d__en_gloss_unihan__EDGE-03943,23,17,樵,1044,0.6343066096305847,樵,2057,0.5748372077941895,9152,3,0,0,0,0.0009578544061302,0.8860233854223583,0,0,0,0.0004861448711716,0.7753251010818489,-1013,0,0,0,0,0,0
gte_multilingual_base_768d,en_gloss_unihan,EDGE-03944,ROOT-67EC,闌,氵,水,瀾,gte_multilingual_base_768d__en_gloss_unihan__EDGE-03944,22,17,澆,2805,0.4891411662101745,澆,2729,0.4608161151409149,9152,3,0,0,0,0.0003565062388591,0.6935854005026774,0,0,0,0.0003664345914254,0.7018905037700798,76,0,0,0,0,0,0
gte_multilingual_base_768d,en_gloss_unihan,EDGE-03945,ROOT-67EC,闌,火,火,爛,gte_multilingual_base_768d__en_gloss_unihan__EDGE-03945,23,17,炎,3800,0.5547806024551392,炎,2903,0.548133909702301,9152,3,0,0,0,0.0002631578947368,0.5848541143044477,0,0,0,0.0003444712366517,0.682876188394711,897,0,0,0,0,0,0
gte_multilingual_base_768d,en_gloss_unihan,EDGE-03946,ROOT-67EC,闌,竹,竹,籣,gte_multilingual_base_768d__en_gloss_unihan__EDGE-03946,23,17,笛,3595,0.5184310674667358,笛,4281,0.5587648153305054,9152,3,0,0,0,0.0002781641168289,0.60725603759152,0,0,0,0.0002335902826442,0.5322915528357557,-686,0,0,0,0,0,0
gte_multilingual_base_768d,en_gloss_unihan,EDGE-03947,ROOT-67EC,闌,艹,艸,蘭,gte_multilingual_base_768d__en_gloss_unihan__EDGE-03947,23,17,襾,367,0.5690760016441345,萹,724,0.5985831022262573,9152,3,0,0,0,0.0027247956403269,0.9600043711069828,0,0,0,0.0013812154696132,0.9209922412851056,-357,0,0,0,0,0,0
gte_multilingual_base_768d,en_gloss_unihan,EDGE-03949,ROOT-67EC,闌,衤,衣,襴,gte_multilingual_base_768d__en_gloss_unihan__EDGE-03949,24,17,襾,217,0.6265714168548584,襾,133,0.6829738616943359,9152,3,0,0,0,0.0046082949308755,0.9763960222926455,0,0,0,0.0075187969924812,0.9855753469566167,84,0,0,0,0,0,0
gte_multilingual_base_768d,en_gloss_unihan,EDGE-03950,ROOT-67EC,闌,言,言,讕,gte_multilingual_base_768d__en_gloss_unihan__EDGE-03950,23,17,食,4146,0.5239701271057129,說,856,0.6231786012649536,9152,3,0,0,0,0.0002411963338157,0.5470440389028521,0,0,0,0.0011682242990654,0.9065675882417222,3290,0,0,0,0,0,0
gte_multilingual_base_768d,en_gloss_unihan,EDGE-04481,ROOT-9752,青,亻,人,倩,gte_multilingual_base_768d__en_gloss_unihan__EDGE-04481,15,15,他,1710,0.5818955898284912,雄,650,0.5730345249176025,9152,3,0,0,0,0.0005847953216374,0.8132444541580155,0,0,0,0.0015384615384615,0.9290787892033656,1060,0,0,0,0,0,0
gte_multilingual_base_768d,en_gloss_unihan,EDGE-04483,ROOT-9752,青,女,女,婧,gte_multilingual_base_768d__en_gloss_unihan__EDGE-04483,15,15,危,4701,0.4884791970252991,虛,1285,0.5403786897659302,9152,3,0,0,0,0.0002127206977238,0.4863949295158999,0,0,0,0.0007782101167315,0.8596874658507268,3416,0,0,0,0,0,0
gte_multilingual_base_768d,en_gloss_unihan,EDGE-04485,ROOT-9752,青,忄,心,情,gte_multilingual_base_768d__en_gloss_unihan__EDGE-04485,15,15,房,1027,0.5493958592414856,房,564,0.5442306995391846,9152,3,0,0,0,0.0009737098344693,0.8878811058900666,0,0,0,0.00177304964539,0.9384766692164792,463,0,0,0,0,0,0
gte_multilingual_base_768d,en_gloss_unihan,EDGE-04486,ROOT-9752,青,日,日,晴,gte_multilingual_base_768d__en_gloss_unihan__EDGE-04486,15,15,旦,1881,0.597465991973877,旦,1032,0.5854166746139526,9152,3,0,0,0,0.0005316321105794,0.79455797180636,0,0,0,0.000968992248062,0.8873347175172113,849,0,0,0,0,0,0
gte_multilingual_base_768d,en_gloss_unihan,EDGE-04487,ROOT-9752,青,犭,犬,猜,gte_multilingual_base_768d__en_gloss_unihan__EDGE-04487,15,15,羊,4997,0.5043963193893433,獫,3972,0.5417166948318481,9152,3,0,0,0,0.0002001200720432,0.4540487378428587,0,0,0,0.0002517623363544,0.5660583542782209,1025,0,0,0,0,0,0
gte_multilingual_base_768d,en_gloss_unihan,EDGE-04488,ROOT-9752,青,目,目,睛,gte_multilingual_base_768d__en_gloss_unihan__EDGE-04488,15,15,見,186,0.6345326900482178,見,68,0.6840630173683167,9152,3,0,0,0,0.0053763440860215,0.9797836302043492,0,0,0,0.0147058823529411,0.9926783958037372,118,0,0,0,0,0,0
gte_multilingual_base_768d,en_gloss_unihan,EDGE-04489,ROOT-9752,青,米,米,精,gte_multilingual_base_768d__en_gloss_unihan__EDGE-04489,15,15,糲,8318,0.4380793571472168,糲,8294,0.3877047002315521,9152,3,0,0,0,0.0001202212070209,0.091137580592285,0,0,0,0.0001205690860863,0.093760244781991,24,0,0,0,0,0,0
gte_multilingual_base_768d,en_gloss_unihan,EDGE-04490,ROOT-9752,青,糸,糸,綪,gte_multilingual_base_768d__en_gloss_unihan__EDGE-04490,15,15,曰,387,0.5526018142700195,絁,495,0.5808367729187012,9152,3,0,0,0,0.0025839793281653,0.9578188176155612,0,0,0,0.002020202020202,0.946016828761884,-108,0,0,0,0,0,0
gte_multilingual_base_768d,en_gloss_unihan,EDGE-04491,ROOT-9752,青,艹,艸,菁,gte_multilingual_base_768d__en_gloss_unihan__EDGE-04491,15,15,襾,945,0.5414801836013794,萹,894,0.5847805142402649,9152,3,0,0,0,0.001058201058201,0.8968418752048957,0,0,0,0.0011185682326621,0.902415036608021,51,0,0,0,0,0,0
gte_multilingual_base_768d,en_gloss_unihan,EDGE-04492,ROOT-9752,青,虫,虫,蜻,gte_multilingual_base_768d__en_gloss_unihan__EDGE-04492,15,15,豸,296,0.6111235618591309,蟲,245,0.6525029540061951,9152,3,0,0,0,0.0033783783783783,0.96776308600153,0,0,0,0.0040816326530612,0.9733362474046552,51,0,0,0,0,0,0
gte_multilingual_base_768d,en_gloss_unihan,EDGE-04493,ROOT-9752,青,言,言,請,gte_multilingual_base_768d__en_gloss_unihan__EDGE-04493,15,15,食,1092,0.5682865977287292,語,1169,0.6127176880836487,9152,3,0,0,0,0.0009157509157509,0.8807780570429461,0,0,0,0.0008554319931565,0.8723636761009725,-77,0,0,0,0,0,0
gte_multilingual_base_768d,en_gloss_unihan,EDGE-04494,ROOT-9752,青,釒,金,錆,gte_multilingual_base_768d__en_gloss_unihan__EDGE-04494,15,15,貝,3051,0.5376495718955994,銀,4017,0.5669776797294617,9152,3,0,0,0,0.0003277613897082,0.6667030925581904,0,0,0,0.0002489419965148,0.5611408589225222,-966,0,0,0,0,0,0
gte_multilingual_base_768d,en_gloss_unihan,EDGE-04495,ROOT-9752,青,立,立,靖,gte_multilingual_base_768d__en_gloss_unihan__EDGE-04495,15,15,留,4538,0.5419734120368958,峙,2772,0.5469897985458374,9152,3,0,0,0,0.000220361392684,0.5042071904709868,0,0,0,0.0003607503607503,0.6971915637635231,1766,0,0,0,0,0,0
gte_multilingual_base_768d,en_gloss_unihan,EDGE-04496,ROOT-9752,青,見,見,靚,gte_multilingual_base_768d__en_gloss_unihan__EDGE-04496,15,15,目,2146,0.5692059993743896,覽,694,0.6318781971931458,9152,3,0,0,0,0.0004659832246039,0.7655993880450224,0,0,0,0.0014409221902017,0.924270571522238,1452,0,0,0,0,0,0
gte_multilingual_base_768d,en_gloss_unihan,EDGE-04497,ROOT-9752,青,爭,爭,靜,gte_multilingual_base_768d__en_gloss_unihan__EDGE-04497,15,15,辯,2802,0.5442852973937988,辯,1009,0.5559689998626709,9152,3,0,0,0,0.0003568879371877,0.6939132335263906,0,0,0,0.0009910802775024,0.8898481040323462,1793,0,0,0,0,0,0
gte_multilingual_base_768d,en_gloss_unihan,EDGE-04498,ROOT-9752,青,魚,魚,鯖,gte_multilingual_base_768d__en_gloss_unihan__EDGE-04498,15,15,鹿,1030,0.5817947387695312,鹿,461,0.6432950496673584,9152,3,0,0,0,0.0009708737864077,0.8875532728663534,0,0,0,0.0021691973969631,0.9497322696973008,569,0,0,0,0,0,0
gte_multilingual_base_768d,en_gloss_unihan,EDGE-05389,ROOT-4F59,余,氵,水,涂,gte_multilingual_base_768d__en_gloss_unihan__EDGE-05389,12,12,澆,6706,0.4438013434410095,澆,5940,0.4156219959259033,9152,3,0,0,0,0.0001491201908738,0.2672931920008742,0,0,0,0.0001683501683501,0.3509998907223254,766,0,0,0,0,0,0
gte_multilingual_base_768d,en_gloss_unihan,EDGE-05391,ROOT-4F59,余,彳,彳,徐,gte_multilingual_base_768d__en_gloss_unihan__EDGE-05391,13,12,走,3451,0.5355254411697388,踩,2517,0.5403414964675903,9152,3,0,0,0,0.0002897710808461,0.6229920227297563,0,0,0,0.0003972983710766,0.7250573707791499,934,0,0,0,0,0,0
gte_multilingual_base_768d,en_gloss_unihan,EDGE-05392,ROOT-4F59,余,心,心,悆,gte_multilingual_base_768d__en_gloss_unihan__EDGE-05392,13,12,房,1025,0.549411952495575,房,1448,0.5291616916656494,9152,3,0,0,0,0.0009756097560975,0.8880996612392088,0,0,0,0.0006906077348066,0.8418752048956398,-423,0,0,0,0,0,0
gte_multilingual_base_768d,en_gloss_unihan,EDGE-05394,ROOT-4F59,余,斗,斗,斜,gte_multilingual_base_768d__en_gloss_unihan__EDGE-05394,13,12,女,3017,0.5477995276451111,杓,2721,0.5668815970420837,9152,3,0,0,0,0.0003314550878355,0.6704185334936072,0,0,0,0.0003675119441381,0.7027647251666485,296,0,0,0,0,0,0
gte_multilingual_base_768d,en_gloss_unihan,EDGE-05396,ROOT-4F59,余,田,田,畬,gte_multilingual_base_768d__en_gloss_unihan__EDGE-05396,13,12,圃,36,0.6875808238983154,圃,51,0.6335293054580688,9152,3,0,0,0,0.0277777777777777,0.996175281390012,0,0,0,0.0196078431372549,0.9945361162714458,-15,0,0,0,0,0,0
gte_multilingual_base_768d,en_gloss_unihan,EDGE-05397,ROOT-4F59,余,禾,禾,稌,gte_multilingual_base_768d__en_gloss_unihan__EDGE-05397,13,12,稈,56,0.6712300181388855,稈,69,0.6320223808288574,9152,3,0,0,0,0.0178571428571428,0.9939897278985904,0,0,0,0.0144927536231884,0.9925691181291664,-13,0,0,0,0,0,0
gte_multilingual_base_768d,en_gloss_unihan,EDGE-05399,ROOT-4F59,余,舟,舟,艅,gte_multilingual_base_768d__en_gloss_unihan__EDGE-05399,13,12,曰,116,0.6607043147087097,舡,32,0.6850813627243042,9152,3,0,0,0,0.0086206896551724,0.9874330674243252,0,0,0,0.03125,0.9966123920882964,84,0,0,0,0,0,0
gte_multilingual_base_768d,en_gloss_unihan,EDGE-05400,ROOT-4F59,余,艹,艸,荼,gte_multilingual_base_768d__en_gloss_unihan__EDGE-05400,13,12,襾,5831,0.4768501222133636,萹,5432,0.5154632329940796,9152,3,0,0,0,0.0001714971702966,0.3629111572505736,0,0,0,0.0001840942562592,0.4065129494044367,399,0,0,0,0,0,0
gte_multilingual_base_768d,en_gloss_unihan,EDGE-05401,ROOT-4F59,余,虫,虫,蜍,gte_multilingual_base_768d__en_gloss_unihan__EDGE-05401,13,12,豸,960,0.5719500184059143,豸,971,0.6110725998878479,9152,3,0,0,0,0.0010416666666666,0.8952027100863293,0,0,0,0.0010298661174047,0.8940006556660475,-11,0,0,0,0,0,0
gte_multilingual_base_768d,en_gloss_unihan,EDGE-05403,ROOT-4F59,余,酉,酉,酴,gte_multilingual_base_768d__en_gloss_unihan__EDGE-05403,13,12,鬯,95,0.6592167615890503,鬯,22,0.6767500042915344,9152,3,0,0,0,0.0105263157894736,0.989727898590318,0,0,0,0.0454545454545454,0.9977051688340072,73,0,0,0,0,0,0
gte_multilingual_base_768d,en_gloss_unihan,EDGE-05408,ROOT-4F59,余,飠,食,餘,gte_multilingual_base_768d__en_gloss_unihan__EDGE-05408,13,12,肉,1590,0.5709999203681946,肉,3327,0.5905144214630127,9152,3,0,0,0,0.00062893081761,0.8263577751065457,0,0,0,0.0003005710850616,0.6365424543765709,-1737,0,0,0,0,0,0
gte_multilingual_base_768d,en_gloss_unihan,EDGE-05800,ROOT-8FB0,辰,口,口,唇,gte_multilingual_base_768d__en_gloss_unihan__EDGE-05800,8,8,闥,1901,0.6006437540054321,谽,181,0.6305947303771973,9152,3,0,0,0,0.0005260389268805,0.7923724183149383,0,0,0,0.005524861878453,0.9803300185772048,1720,0,0,0,0,0,0
gte_multilingual_base_768d,en_gloss_unihan,EDGE-05801,ROOT-8FB0,辰,女,女,娠,gte_multilingual_base_768d__en_gloss_unihan__EDGE-05801,8,8,危,2099,0.5197240114212036,危,404,0.5442945957183838,9152,3,0,0,0,0.0004764173415912,0.7707354387498634,0,0,0,0.0024752475247524,0.9559610971478528,1695,0,0,0,0,0,0
gte_multilingual_base_768d,en_gloss_unihan,EDGE-05803,ROOT-8FB0,辰,扌,手,振,gte_multilingual_base_768d__en_gloss_unihan__EDGE-05803,8,8,柲,1551,0.6135820150375366,櫚,1961,0.5549936294555664,9152,3,0,0,0,0.0006447453255963,0.8306196044148181,0,0,0,0.0005099439061703,0.7858157578406731,-410,0,0,0,0,0,0
gte_multilingual_base_768d,en_gloss_unihan,EDGE-05804,ROOT-8FB0,辰,日,日,晨,gte_multilingual_base_768d__en_gloss_unihan__EDGE-05804,8,8,旦,130,0.685724139213562,旦,104,0.6542941331863403,9152,3,0,0,0,0.0076923076923076,0.98590317998033,0,0,0,0.0096153846153846,0.9887443995191784,26,0,0,0,0,0,0
gte_multilingual_base_768d,en_gloss_unihan,EDGE-05807,ROOT-8FB0,辰,肉,肉,脣,gte_multilingual_base_768d__en_gloss_unihan__EDGE-05807,8,8,食,6865,0.4918805062770843,食,2057,0.5767832398414612,9152,3,0,0,0,0.0001456664238892,0.2499180417440717,0,0,0,0.0004861448711716,0.7753251010818489,4808,0,0,0,0,0,0
gte_multilingual_base_768d,en_gloss_unihan,EDGE-05809,ROOT-8FB0,辰,虫,虫,蜃,gte_multilingual_base_768d__en_gloss_unihan__EDGE-05809,8,8,豸,1872,0.5522866249084473,豸,4074,0.5529877543449402,9152,3,0,0,0,0.000534188034188,0.7955414708774997,0,0,0,0.0002454590083456,0.5549120314719702,-2202,0,0,0,0,0,0
gte_multilingual_base_768d,en_gloss_unihan,EDGE-05810,ROOT-8FB0,辰,貝,貝,賑,gte_multilingual_base_768d__en_gloss_unihan__EDGE-05810,8,8,金,724,0.5708880424499512,金,575,0.5703027248382568,9152,3,0,0,0,0.0013812154696132,0.9209922412851056,0,0,0,0.0017391304347826,0.9372746147961972,149,0,0,0,0,0,0
gte_multilingual_base_768d,en_gloss_unihan,EDGE-05811,ROOT-8FB0,辰,雨,雨,震,gte_multilingual_base_768d__en_gloss_unihan__EDGE-05811,8,8,曰,460,0.5963999032974243,涷,651,0.6030905842781067,9152,3,0,0,0,0.0021739130434782,0.949841547371872,0,0,0,0.0015360983102918,0.9289695115287948,-191,0,0,0,0,0,0
gte_multilingual_base_768d,en_gloss_unihan,EDGE-06206,ROOT-5360,店,扌,手,掂,gte_multilingual_base_768d__en_gloss_unihan__EDGE-06206,15,15,柲,38,0.7368897199630737,提,39,0.6964035630226135,9152,3,0,0,0,0.0263157894736842,0.9959567260408698,0,0,0,0.0256410256410256,0.9958474483662988,-1,0,0,0,0,0,0
gte_multilingual_base_768d,en_gloss_unihan,EDGE-06207,ROOT-5360,店,忄,心,惦,gte_multilingual_base_768d__en_gloss_unihan__EDGE-06207,16,15,房,807,0.5551741123199463,房,984,0.5242061614990234,9152,3,0,0,0,0.0012391573729863,0.9119221942957054,0,0,0,0.0010162601626016,0.8925800458966233,-177,0,0,0,0,0,0
gte_multilingual_base_768d,zh_char,EDGE-00063,ROOT-219CD,賓,亻,人,儐,gte_multilingual_base_768d__zh_char__EDGE-00063,10,10,男,18,0.7817509174346924,仳,12,0.8248321413993835,11150,3,0,0,0,0.0555555555555555,0.998475199569468,0,0,0,0.0833333333333333,0.9990133644273028,6,0,0,0,0,0,0
gte_multilingual_base_768d,zh_char,EDGE-00064,ROOT-219CD,賓,女,女,嬪,gte_multilingual_base_768d__zh_char__EDGE-00064,10,10,雌,6405,0.6562762260437012,雌,5759,0.6781008839607239,11150,3,0,0,0,0.0001561280249804,0.4255987084043412,0,0,0,0.0001736412571627,0.4835411247645529,646,0,0,0,0,0,0
gte_multilingual_base_768d,zh_char,EDGE-00065,ROOT-219CD,賓,扌,手,擯,gte_multilingual_base_768d__zh_char__EDGE-00065,10,10,掌,1737,0.7180364727973938,掌,1449,0.7533190250396729,11150,3,0,0,0,0.0005757052389176,0.8442909677998027,0,0,0,0.0006901311249137,0.8701228809758723,288,0,0,0,0,0,0
gte_multilingual_base_768d,zh_char,EDGE-00066,ROOT-219CD,賓,木,木,檳,gte_multilingual_base_768d__zh_char__EDGE-00066,10,10,林,6591,0.690207839012146,榫,5851,0.716335654258728,11150,3,0,0,0,0.0001517220452131,0.4089155978114629,0,0,0,0.0001709109553922,0.4752892636110861,740,0,0,0,0,0,0
gte_multilingual_base_768d,zh_char,EDGE-00067,ROOT-219CD,賓,歹,歹,殯,gte_multilingual_base_768d__zh_char__EDGE-00067,10,10,害,9369,0.635329008102417,悻,7940,0.6415753960609436,11150,3,0,0,0,0.0001067349770519,0.1597452686339582,0,0,0,0.0001259445843828,0.2879181989416091,1429,0,0,0,0,0,0
gte_multilingual_base_768d,zh_char,EDGE-00068,ROOT-219CD,賓,氵,水,濱,gte_multilingual_base_768d__zh_char__EDGE-00068,10,10,液,5928,0.6895058155059814,液,5860,0.6786940693855286,11150,3,0,0,0,0.0001686909581646,0.4683828146022064,0,0,0,0.0001706484641638,0.474482016324334,68,0,0,0,0,0,0
gte_multilingual_base_768d,zh_char,EDGE-00069,ROOT-219CD,賓,目,目,矉,gte_multilingual_base_768d__zh_char__EDGE-00069,10,10,眼,2765,0.7249123454093933,視,2669,0.7537330389022827,11150,3,0,0,0,0.0003616636528028,0.7520853888241098,0,0,0,0.0003746721618583,0.7606960265494663,96,0,0,0,0,0,0
gte_multilingual_base_768d,zh_char,EDGE-00070,ROOT-219CD,賓,糸,糸,繽,gte_multilingual_base_768d__zh_char__EDGE-00070,10,10,絃,8342,0.6625627875328064,絃,6420,0.6816917061805725,11150,3,0,0,0,0.0001198753296571,0.2518611534666786,0,0,0,0.0001557632398753,0.4242532962597543,1922,0,0,0,0,0,0
gte_multilingual_base_768d,zh_char,EDGE-00071,ROOT-219CD,賓,虫,虫,蠙,gte_multilingual_base_768d__zh_char__EDGE-00071,10,10,蟲,3953,0.8062137961387634,蟲,3920,0.831732451915741,11150,3,0,0,0,0.0002529724260055,0.6455287469728227,0,0,0,0.0002551020408163,0.648488653690914,33,0,0,0,0,0,0
gte_multilingual_base_768d,zh_char,EDGE-00072,ROOT-219CD,賓,髟,髟,鬢,gte_multilingual_base_768d__zh_char__EDGE-00072,10,10,剴,210,1.0,剴,210,0.9532705545425416,11150,3,0,0,0,0.0047619047619047,0.981253924118755,0,0,0,0.0047619047619047,0.981253924118755,0,0,0,0,0,0,0
gte_multilingual_base_768d,zh_char,EDGE-00478,ROOT-4EA5,亥,亻,人,侅,gte_multilingual_base_768d__zh_char__EDGE-00478,14,14,男,275,0.7817509174346924,屖,545,0.829054594039917,11150,3,0,0,0,0.0036363636363636,0.9754238048255448,0,0,0,0.0018348623853211,0.9512063862229796,-270,0,0,0,0,0,0
gte_multilingual_base_768d,zh_char,EDGE-00479,ROOT-4EA5,亥,刂,刀,刻,gte_multilingual_base_768d__zh_char__EDGE-00479,14,14,刃,176,0.71699059009552,刃,5722,0.7192956805229187,11150,3,0,0,0,0.0056818181818181,0.9843035249798188,0,0,0,0.0001747640685075,0.486859808054534,-5546,0,0,0,0,0,0
gte_multilingual_base_768d,zh_char,EDGE-00480,ROOT-4EA5,亥,力,力,劾,gte_multilingual_base_768d__zh_char__EDGE-00480,14,14,強,9674,0.6005295515060425,強,8037,0.6203089356422424,11150,3,0,0,0,0.0001033698573495,0.1323885550273567,0,0,0,0.0001244245365186,0.2792178670732801,1637,0,0,0,0,0,0
gte_multilingual_base_768d,zh_char,EDGE-00481,ROOT-4EA5,亥,口,口,咳,gte_multilingual_base_768d__zh_char__EDGE-00481,14,14,囗,52,0.7684354782104492,囗,5646,0.7652977705001831,11150,3,0,0,0,0.0192307692307692,0.9954255987084044,0,0,0,0.000177116542685,0.4936765629204412,-5594,0,0,0,0,0,0
gte_multilingual_base_768d,zh_char,EDGE-00482,ROOT-4EA5,亥,土,土,垓,gte_multilingual_base_768d__zh_char__EDGE-00482,14,14,地,7949,0.6665167808532715,地,8063,0.6609858870506287,11150,3,0,0,0,0.0001258019876714,0.2871109516548569,0,0,0,0.0001240233163834,0.2768858193559961,-114,0,0,0,0,0,0
gte_multilingual_base_768d,zh_char,EDGE-00483,ROOT-4EA5,亥,子,子,孩,gte_multilingual_base_768d__zh_char__EDGE-00483,14,14,兒,3,0.8165444135665894,孩,1,0.7894697785377502,11150,3,0,1,1,0.3333333333333333,0.9998206117140552,1,1,1,1.0,1.0,2,1,0,0,0,0,0
gte_multilingual_base_768d,zh_char,EDGE-00484,ROOT-4EA5,亥,木,木,核,gte_multilingual_base_768d__zh_char__EDGE-00484,14,14,林,6385,0.6969068646430969,榫,7988,0.6637542843818665,11150,3,0,0,0,0.0001566170712607,0.4273925912637905,0,0,0,0.0001251877816725,0.2836128800789308,-1603,0,0,0,0,0,0
gte_multilingual_base_768d,zh_char,EDGE-00485,ROOT-4EA5,亥,欠,欠,欬,gte_multilingual_base_768d__zh_char__EDGE-00485,14,14,借,2517,0.6688505411148071,借,1681,0.6869753003120422,11150,3,0,0,0,0.0003972983710766,0.7743295362812809,0,0,0,0.0005948839976204,0.8493138398062606,836,0,0,0,0,0,0
gte_multilingual_base_768d,zh_char,EDGE-00487,ROOT-4EA5,亥,肉,肉,胲,gte_multilingual_base_768d__zh_char__EDGE-00487,14,14,畜,505,0.6853412389755249,畜,3288,0.7501691579818726,11150,3,0,0,0,0.0019801980198019,0.9547941519418782,0,0,0,0.0003041362530413,0.7051753520495112,-2783,0,0,0,0,0,0
gte_multilingual_base_768d,zh_char,EDGE-00488,ROOT-4EA5,亥,艹,艸,荄,gte_multilingual_base_768d__zh_char__EDGE-00488,14,14,草,3532,0.7137769460678101,苜,3248,0.7461103200912476,11150,3,0,0,0,0.0002831257078142,0.6832899811642299,0,0,0,0.000307881773399,0.7087631177684097,284,0,0,0,0,0,0
gte_multilingual_base_768d,zh_char,EDGE-00489,ROOT-4EA5,亥,言,言,該,gte_multilingual_base_768d__zh_char__EDGE-00489,14,14,說,9385,0.6280712485313416,說,9118,0.6142422556877136,11150,3,0,0,0,0.0001065530101225,0.1583101623463988,0,0,0,0.0001096731739416,0.1822584985200466,267,0,0,0,0,0,0
gte_multilingual_base_768d,zh_char,EDGE-00490,ROOT-4EA5,亥,門,門,閡,gte_multilingual_base_768d__zh_char__EDGE-00490,14,14,牆,7272,0.6354450583457947,囪,7301,0.622002124786377,11150,3,0,0,0,0.0001375137513751,0.347833886447215,0,0,0,0.0001369675386933,0.3452327563010136,-29,0,0,0,0,0,0
gte_multilingual_base_768d,zh_char,EDGE-00492,ROOT-4EA5,亥,頁,頁,頦,gte_multilingual_base_768d__zh_char__EDGE-00492,14,14,冊,6085,0.6275766491889954,覽,5184,0.6592391729354858,11150,3,0,0,0,0.000164338537387,0.4543008341555297,0,0,0,0.0001929012345679,0.5351152569737196,901,0,0,0,0,0,0
gte_multilingual_base_768d,zh_char,EDGE-00493,ROOT-4EA5,亥,馬,馬,駭,gte_multilingual_base_768d__zh_char__EDGE-00493,14,14,獸,6715,0.6628856658935547,獸,5882,0.6901436448097229,11150,3,0,0,0,0.0001489203276247,0.3977935240828774,0,0,0,0.000170010200612,0.4725087451789398,833,0,0,0,0,0,0
gte_multilingual_base_768d,zh_char,EDGE-00494,ROOT-4EA5,亥,骨,骨,骸,gte_multilingual_base_768d__zh_char__EDGE-00494,14,14,骼,45,0.7735008001327515,骼,5618,0.7850530743598938,11150,3,0,0,0,0.0222222222222222,0.9960534577092116,0,0,0,0.0001779992880028,0.4961879989236702,-5573,0,0,0,0,0,0
gte_multilingual_base_768d,zh_char,EDGE-00734,ROOT-5143,元,刂,刀,刓,gte_multilingual_base_768d__zh_char__EDGE-00734,16,14,刃,944,0.7036849856376648,刃,425,0.7929205894470215,11150,3,0,0,0,0.0010593220338983,0.9154184231769664,0,0,0,0.0023529411764705,0.9619696833796751,519,0,0,0,0,0,0
gte_multilingual_base_768d,zh_char,EDGE-00746,ROOT-5143,元,忄,心,忨,gte_multilingual_base_768d__zh_char__EDGE-00746,16,14,闌,1762,0.6886733770370483,悸,1110,0.7742424607276917,11150,3,0,0,0,0.0005675368898978,0.842048614225491,0,0,0,0.0009009009009009,0.9005291954435375,652,0,0,0,0,0,0
gte_multilingual_base_768d,zh_char,EDGE-00747,ROOT-5143,元,氵,水,沅,gte_multilingual_base_768d__zh_char__EDGE-00747,15,14,液,8605,0.6013794541358948,液,9364,0.5878002047538757,11150,3,0,0,0,0.0001162115049389,0.2282715938649205,0,0,0,0.0001067919692439,0.1601937393488205,-759,0,0,0,0,0,0
gte_multilingual_base_768d,zh_char,EDGE-00748,ROOT-5143,元,王,玉,玩,gte_multilingual_base_768d__zh_char__EDGE-00748,16,14,翠,9348,0.6117870807647705,翠,9161,0.620936393737793,11150,3,0,0,0,0.000106974753958,0.1616288456363799,0,0,0,0.0001091583888221,0.1784016503722306,187,0,0,0,0,0,0
gte_multilingual_base_768d,zh_char,EDGE-00749,ROOT-5143,元,習,習,翫,gte_multilingual_base_768d__zh_char__EDGE-00749,16,14,驊,4270,0.6658846735954285,縴,3053,0.7364716529846191,11150,3,0,0,0,0.0002341920374707,0.6170957036505516,0,0,0,0.0003275466754012,0.7262534756480401,1217,0,0,0,0,0,0
gte_multilingual_base_768d,zh_char,EDGE-00750,ROOT-5143,元,艹,艸,芫,gte_multilingual_base_768d__zh_char__EDGE-00750,15,14,草,7978,0.6386486887931824,喟,8836,0.6043314337730408,11150,3,0,0,0,0.0001253446979192,0.2845098215086554,0,0,0,0.0001131733816206,0.2075522468382814,-858,0,0,0,0,0,0
gte_multilingual_base_768d,zh_char,EDGE-00751,ROOT-5143,元,虫,虫,蚖,gte_multilingual_base_768d__zh_char__EDGE-00751,16,14,蟲,3865,0.8062137961387634,蟲,3825,0.8570300936698914,11150,3,0,0,0,0.0002587322121604,0.6534218315543995,0,0,0,0.0002614379084967,0.6570095972732981,40,0,0,0,0,0,0
gte_multilingual_base_768d,zh_char,EDGE-00754,ROOT-5143,元,頁,頁,頑,gte_multilingual_base_768d__zh_char__EDGE-00754,16,14,冊,919,0.6338319182395935,覽,7302,0.5892022252082825,11150,3,0,0,0,0.001088139281828,0.917660776751278,0,0,0,0.0001369487811558,0.345143062158041,-6383,0,0,0,0,0,0
gte_multilingual_base_768d,zh_char,EDGE-00755,ROOT-5143,元,黽,黽,黿,gte_multilingual_base_768d__zh_char__EDGE-00755,16,14,仳,5506,1.0,埶,5525,0.9650861024856568,11150,3,0,0,0,0.0001816200508536,0.5062337429365862,0,0,0,0.0001809954751131,0.5045295542201094,-19,0,0,0,0,0,0
gte_multilingual_base_768d,zh_char,EDGE-00807,ROOT-5303,曷,亻,人,偈,gte_multilingual_base_768d__zh_char__EDGE-00807,27,23,男,10463,0.61320960521698,仳,10604,0.6017745733261108,11150,3,0,0,0,9.557488292076844e-05,0.0616198762220826,0,0,0,9.43040362127499e-05,0.0489730020629652,-141,0,0,0,0,0,0
gte_multilingual_base_768d,zh_char,EDGE-00808,ROOT-5303,曷,口,口,喝,gte_multilingual_base_768d__zh_char__EDGE-00808,27,23,囗,42,0.775251030921936,囗,5685,0.7495011687278748,11150,3,0,0,0,0.0238095238095238,0.9963225401381288,0,0,0,0.0001759014951627,0.4901784913445152,-5643,0,0,0,0,0,0
gte_multilingual_base_768d,zh_char,EDGE-00809,ROOT-5303,曷,土,土,堨,gte_multilingual_base_768d__zh_char__EDGE-00809,27,23,地,6273,0.7076988816261292,地,6177,0.7143282294273376,11150,3,0,0,0,0.0001594133588394,0.4374383352767064,0,0,0,0.0001618908855431,0.4460489730020629,96,0,0,0,0,0,0
gte_multilingual_base_768d,zh_char,EDGE-00810,ROOT-5303,曷,忄,心,愒,gte_multilingual_base_768d__zh_char__EDGE-00810,27,23,闌,1846,0.6886733770370483,闌,915,0.7610615491867065,11150,3,0,0,0,0.0005417118093174,0.8345143062158041,0,0,0,0.0010928961748633,0.918019553323168,931,0,0,0,0,0,0
gte_multilingual_base_768d,zh_char,EDGE-00811,ROOT-5303,曷,扌,手,揭,gte_multilingual_base_768d__zh_char__EDGE-00811,26,23,掌,7443,0.6717394590377808,掌,8067,0.6646056771278381,11150,3,0,0,0,0.0001343544269783,0.3324961879989236,0,0,0,0.0001239618197595,0.2765270427841062,-624,0,0,0,0,0,0
gte_multilingual_base_768d,zh_char,EDGE-00812,ROOT-5303,曷,日,日,暍,gte_multilingual_base_768d__zh_char__EDGE-00812,27,23,晴,1492,0.7144827246665955,晴,1532,0.7920364141464233,11150,3,0,0,0,0.0006702412868632,0.8662660328280564,0,0,0,0.0006527415143603,0.8626782671091577,-40,0,0,0,0,0,0
gte_multilingual_base_768d,zh_char,EDGE-00813,ROOT-5303,曷,去,去,朅,gte_multilingual_base_768d__zh_char__EDGE-00813,27,23,赴,2482,0.6778813004493713,赴,1764,0.737561047077179,11150,3,0,0,0,0.0004029008863819,0.7774688312853171,0,0,0,0.0005668934240362,0.8418692259395462,718,0,0,0,0,0,0
gte_multilingual_base_768d,zh_char,EDGE-00814,ROOT-5303,曷,木,木,楬,gte_multilingual_base_768d__zh_char__EDGE-00814,27,23,林,1722,0.7490086555480957,榫,1879,0.8289778232574463,11150,3,0,0,0,0.0005807200929152,0.8456363799443897,0,0,0,0.0005321979776476,0.8315543994977128,-157,0,0,0,0,0,0
gte_multilingual_base_768d,zh_char,EDGE-00815,ROOT-5303,曷,欠,欠,歇,gte_multilingual_base_768d__zh_char__EDGE-00815,27,23,借,642,0.6783410906791687,借,6246,0.6633279919624329,11150,3,0,0,0,0.0015576323987538,0.9425060543546506,0,0,0,0.0001601024655779,0.4398600771369629,-5604,0,0,0,0,0,0
gte_multilingual_base_768d,zh_char,EDGE-00817,ROOT-5303,曷,氵,水,渴,gte_multilingual_base_768d__zh_char__EDGE-00817,27,23,液,17,0.7954587936401367,液,16,0.784127414226532,11150,3,0,0,0,0.0588235294117647,0.9985648937124406,0,0,0,0.0625,0.9986545878554132,1,0,0,0,0,0,0
gte_multilingual_base_768d,zh_char,EDGE-00818,ROOT-5303,曷,犭,犬,猲,gte_multilingual_base_768d__zh_char__EDGE-00818,27,23,狗,2273,0.7667842507362366,狗,2243,0.8257632255554199,11150,3,0,0,0,0.0004399472063352,0.7962149071665621,0,0,0,0.0004458314757021,0.798905731455736,30,0,0,0,0,0,0
gte_multilingual_base_768d,zh_char,EDGE-00819,ROOT-5303,曷,石,石,碣,gte_multilingual_base_768d__zh_char__EDGE-00819,27,23,岩,6637,0.6902991533279419,岩,6136,0.7024694681167603,11150,3,0,0,0,0.0001506704836522,0.4047896672347295,0,0,0,0.0001629726205997,0.449726432863934,501,0,0,0,0,0,0
gte_multilingual_base_768d,zh_char,EDGE-00821,ROOT-5303,曷,立,立,竭,gte_multilingual_base_768d__zh_char__EDGE-00821,27,23,置,8507,0.6511621475219727,仳,8968,0.6278339624404907,11150,3,0,0,0,0.000117550252733,0.2370616198762221,0,0,0,0.0001115075825156,0.1957126199659162,-461,0,0,0,0,0,0
gte_multilingual_base_768d,zh_char,EDGE-00822,ROOT-5303,曷,羊,羊,羯,gte_multilingual_base_768d__zh_char__EDGE-00822,27,23,牛,5812,0.6814119219779968,牛,5841,0.6651301383972168,11150,3,0,0,0,0.0001720578114246,0.4787873351870123,0,0,0,0.000171203561034,0.4761862050408109,-29,0,0,0,0,0,0
gte_multilingual_base_768d,zh_char,EDGE-00823,ROOT-5303,曷,艹,艸,葛,gte_multilingual_base_768d__zh_char__EDGE-00823,26,23,草,5901,0.695568323135376,仳,6140,0.6657959222793579,11150,3,0,0,0,0.0001694628029147,0.470804556462463,0,0,0,0.0001628664495114,0.4493676562920441,-239,0,0,0,0,0,0
gte_multilingual_base_768d,zh_char,EDGE-00826,ROOT-5303,曷,虫,虫,蝎,gte_multilingual_base_768d__zh_char__EDGE-00826,26,23,蟲,39,0.8102253079414368,蟲,5648,0.7816964983940125,11150,3,0,0,0,0.0256410256410256,0.9965916225670464,0,0,0,0.0001770538243626,0.4934971746344964,-5609,0,0,0,0,0,0
gte_multilingual_base_768d,zh_char,EDGE-00827,ROOT-5303,曷,衤,衣,褐,gte_multilingual_base_768d__zh_char__EDGE-00827,27,23,衫,5931,0.7015108466148376,衫,5979,0.6877409219741821,11150,3,0,0,0,0.000168605631428,0.4681137321732891,0,0,0,0.0001672520488375,0.4638084133106108,-48,0,0,0,0,0,0
gte_multilingual_base_768d,zh_char,EDGE-00828,ROOT-5303,曷,言,言,謁,gte_multilingual_base_768d__zh_char__EDGE-00828,26,23,說,767,0.6818599104881287,說,6797,0.6671126484870911,11150,3,0,0,0,0.0013037809647979,0.9312942864830926,0,0,0,0.0001471237310578,0.3904386043591353,-6030,0,0,0,0,0,0
gte_multilingual_base_768d,zh_char,EDGE-00832,ROOT-5303,曷,革,革,鞨,gte_multilingual_base_768d__zh_char__EDGE-00832,27,23,皮,4938,0.7054947018623352,仳,4701,0.7745488882064819,11150,3,0,0,0,0.0002025111381125,0.5571800161449457,0,0,0,0.0002127206977238,0.5784375280294196,237,0,0,0,0,0,0
gte_multilingual_base_768d,zh_char,EDGE-00833,ROOT-5303,曷,飠,食,餲,gte_multilingual_base_768d__zh_char__EDGE-00833,27,23,餐,5289,0.7204878330230713,餐,5058,0.7930902242660522,11150,3,0,0,0,0.0001890716581584,0.5256973719616109,0,0,0,0.0001977066034005,0.5464167189882501,231,0,0,0,0,0,0
gte_multilingual_base_768d,zh_char,EDGE-00834,ROOT-5303,曷,鳥,鳥,鶡,gte_multilingual_base_768d__zh_char__EDGE-00834,27,23,鵲,5420,0.7560446858406067,鵲,5415,0.7909382581710815,11150,3,0,0,0,0.0001845018450184,0.5139474392322181,0,0,0,0.0001846722068328,0.5143959099470805,5,0,0,0,0,0,0
gte_multilingual_base_768d,zh_char,EDGE-00835,ROOT-5303,曷,鼻,鼻,齃,gte_multilingual_base_768d__zh_char__EDGE-00835,27,23,喉,5722,0.6995137333869934,喉,5572,0.7812307476997375,11150,3,0,0,0,0.0001747640685075,0.486859808054534,0,0,0,0.0001794687724335,0.5003139295004035,150,0,0,0,0,0,0
gte_multilingual_base_768d,zh_char,EDGE-02217,ROOT-572D,圭,亻,人,佳,gte_multilingual_base_768d__zh_char__EDGE-02217,27,24,男,8886,0.6409255266189575,仳,9003,0.618772029876709,11150,3,0,0,0,0.0001125365743866,0.2030675396896583,0,0,0,0.0001110740864156,0.1925733249618799,-117,0,0,0,0,0,0
gte_multilingual_base_768d,zh_char,EDGE-02218,ROOT-572D,圭,刂,刀,刲,gte_multilingual_base_768d__zh_char__EDGE-02218,27,24,刃,719,0.7036849856376648,刃,448,0.790075421333313,11150,3,0,0,0,0.0013908205841446,0.9355996053457708,0,0,0,0.0022321428571428,0.9599067180913088,271,0,0,0,0,0,0
gte_multilingual_base_768d,zh_char,EDGE-02219,ROOT-572D,圭,卜,卜,卦,gte_multilingual_base_768d__zh_char__EDGE-02219,27,24,卦,1,0.8011016845703125,卦,1,0.7747334241867065,11150,3,1,1,1,1.0,1.0,1,1,1,1.0,1.0,0,0,0,0,0,0,0
gte_multilingual_base_768d,zh_char,EDGE-02226,ROOT-572D,圭,口,口,哇,gte_multilingual_base_768d__zh_char__EDGE-02226,27,24,囗,7417,0.6737664937973022,囗,6327,0.690852701663971,11150,3,0,0,0,0.0001348254011055,0.3348282357162077,0,0,0,0.0001580527896317,0.4325948515561933,1090,0,0,0,0,0,0
gte_multilingual_base_768d,zh_char,EDGE-02227,ROOT-572D,圭,大,大,奎,gte_multilingual_base_768d__zh_char__EDGE-02227,27,24,小,9911,0.613810122013092,小,9626,0.6008658409118652,11150,3,0,0,0,0.0001008979921299,0.1111310431428828,0,0,0,0.000103885310617,0.1366938738900349,285,0,0,0,0,0,0
gte_multilingual_base_768d,zh_char,EDGE-02229,ROOT-572D,圭,女,女,娃,gte_multilingual_base_768d__zh_char__EDGE-02229,27,24,雌,58,0.7156449556350708,雌,5631,0.7180711627006531,11150,3,0,0,0,0.0172413793103448,0.9948874338505695,0,0,0,0.0001775883502042,0.4950219750650282,-5573,0,0,0,0,0,0
gte_multilingual_base_768d,zh_char,EDGE-02230,ROOT-572D,圭,心,心,恚,gte_multilingual_base_768d__zh_char__EDGE-02230,27,24,闌,1803,0.6886733770370483,闌,1156,0.7756426334381104,11150,3,0,0,0,0.0005546311702717,0.8383711543636201,0,0,0,0.0008650519031141,0.8964032648668042,647,0,0,0,0,0,0
gte_multilingual_base_768d,zh_char,EDGE-02231,ROOT-572D,圭,扌,手,挂,gte_multilingual_base_768d__zh_char__EDGE-02231,26,24,掌,6092,0.706273078918457,掌,5985,0.7124393582344055,11150,3,0,0,0,0.0001641497045305,0.4536729751547224,0,0,0,0.0001670843776106,0.463270248452776,107,0,0,0,0,0,0
gte_multilingual_base_768d,zh_char,EDGE-02232,ROOT-572D,圭,木,木,桂,gte_multilingual_base_768d__zh_char__EDGE-02232,27,24,林,91,0.7579778432846069,竹,5693,0.743858277797699,11150,3,0,0,0,0.0109890109890109,0.9919275271324782,0,0,0,0.0001756543123133,0.4894609382007354,-5602,0,0,0,0,0,0
gte_multilingual_base_768d,zh_char,EDGE-02233,ROOT-572D,圭,氵,水,洼,gte_multilingual_base_768d__zh_char__EDGE-02233,26,24,液,263,0.6982290744781494,淼,5760,0.7028321623802185,11150,3,0,0,0,0.0038022813688212,0.9765001345412144,0,0,0,0.0001736111111111,0.4834514306215803,-5497,0,0,0,0,0,0
gte_multilingual_base_768d,zh_char,EDGE-02235,ROOT-572D,圭,火,火,烓,gte_multilingual_base_768d__zh_char__EDGE-02235,27,24,焰,2294,0.7413986921310425,焰,2210,0.8169351816177368,11150,3,0,0,0,0.0004359197907585,0.7943313301641403,0,0,0,0.0004524886877828,0.8018656381738273,84,0,0,0,0,0,0
gte_multilingual_base_768d,zh_char,EDGE-02236,ROOT-572D,圭,王,玉,珪,gte_multilingual_base_768d__zh_char__EDGE-02236,27,24,翠,328,0.7002384662628174,翠,5928,0.693365752696991,11150,3,0,0,0,0.0030487804878048,0.9706700152480044,0,0,0,0.0001686909581646,0.4683828146022064,-5600,0,0,0,0,0,0
gte_multilingual_base_768d,zh_char,EDGE-02237,ROOT-572D,圭,田,田,畦,gte_multilingual_base_768d__zh_char__EDGE-02237,27,24,土,26,0.8101328015327454,土,5633,0.7877019047737122,11150,3,0,0,0,0.0384615384615384,0.9977576464256884,0,0,0,0.0001775252973548,0.4948425867790833,-5607,0,0,0,0,0,0
gte_multilingual_base_768d,zh_char,EDGE-02238,ROOT-572D,圭,目,目,眭,gte_multilingual_base_768d__zh_char__EDGE-02238,27,24,眼,2705,0.7249123454093933,眼,2609,0.8009122610092163,11150,3,0,0,0,0.0003696857670979,0.7574670374024577,0,0,0,0.000383288616328,0.7660776751278142,96,0,0,0,0,0,0
gte_multilingual_base_768d,zh_char,EDGE-02239,ROOT-572D,圭,穴,穴,窐,gte_multilingual_base_768d__zh_char__EDGE-02239,26,24,洞,3084,0.7199040651321411,仳,2836,0.798073410987854,11150,3,0,0,0,0.0003242542153047,0.7234729572158938,0,0,0,0.0003526093088857,0.7457171046730648,248,0,0,0,0,0,0
gte_multilingual_base_768d,zh_char,EDGE-02241,ROOT-572D,圭,糸,糸,絓,gte_multilingual_base_768d__zh_char__EDGE-02241,27,24,絃,3137,0.7339161038398743,絃,2996,0.7985986471176147,11150,3,0,0,0,0.0003187759005419,0.7187191676383532,0,0,0,0.0003337783711615,0.7313660417974706,141,0,0,0,0,0,0
gte_multilingual_base_768d,zh_char,EDGE-02242,ROOT-572D,圭,艹,艸,茥,gte_multilingual_base_768d__zh_char__EDGE-02242,27,24,草,3535,0.7137769460678101,剴,3400,0.7749102115631104,11150,3,0,0,0,0.0002828854314002,0.6830208987353126,0,0,0,0.0002941176470588,0.6951296080365952,135,0,0,0,0,0,0
gte_multilingual_base_768d,zh_char,EDGE-02243,ROOT-572D,圭,虫,虫,蛙,gte_multilingual_base_768d__zh_char__EDGE-02243,27,24,蟲,23,0.8229364156723022,蟲,5615,0.8140614628791809,11150,3,0,0,0,0.0434782608695652,0.9980267288546056,0,0,0,0.0001780943900267,0.4964570813525877,-5592,0,0,0,0,0,0
gte_multilingual_base_768d,zh_char,EDGE-02244,ROOT-572D,圭,行,行,街,gte_multilingual_base_768d__zh_char__EDGE-02244,27,24,走,43,0.7510325908660889,徉,5659,0.7300382852554321,11150,3,0,0,0,0.0232558139534883,0.9962328459951564,0,0,0,0.0001767096660187,0.4925105390617993,-5616,0,0,0,0,0,0
gte_multilingual_base_768d,zh_char,EDGE-02245,ROOT-572D,圭,角,角,觟,gte_multilingual_base_768d__zh_char__EDGE-02245,27,24,圈,230,0.7509920597076416,仳,5526,0.8201631307601929,11150,3,0,0,0,0.0043478260869565,0.9794600412593056,0,0,0,0.0001809627216793,0.5044398600771369,-5296,0,0,0,0,0,0
gte_multilingual_base_768d,zh_char,EDGE-02246,ROOT-572D,圭,言,言,詿,gte_multilingual_base_768d__zh_char__EDGE-02246,27,24,說,4986,0.6752248406410217,說,3937,0.7473016381263733,11150,3,0,0,0,0.0002005615724027,0.5528746972822675,0,0,0,0.000254000508001,0.6469638532603821,1049,0,0,0,0,0,0
gte_multilingual_base_768d,zh_char,EDGE-02248,ROOT-572D,圭,門,門,閨,gte_multilingual_base_768d__zh_char__EDGE-02248,27,24,牆,8066,0.6201039552688599,牆,7771,0.6092201471328735,11150,3,0,0,0,0.0001239771881973,0.2766167369270786,0,0,0,0.0001286835671084,0.3030765091039555,295,0,0,0,0,0,0
gte_multilingual_base_768d,zh_char,EDGE-02249,ROOT-572D,圭,革,革,鞋,gte_multilingual_base_768d__zh_char__EDGE-02249,27,24,皮,5848,0.7043153643608093,喟,5992,0.6819113492965698,11150,3,0,0,0,0.0001709986320109,0.4755583460400036,0,0,0,0.0001668891855807,0.4626423894519688,-144,0,0,0,0,0,0
gte_multilingual_base_768d,zh_char,EDGE-02266,ROOT-582F,堯,亻,人,僥,gte_multilingual_base_768d__zh_char__EDGE-02266,21,21,男,8684,0.6437153816223145,仳,6074,0.6775130033493042,11150,3,0,0,0,0.000115154306771,0.2211857565700959,0,0,0,0.0001646361540994,0.4552874697282267,2610,0,0,0,0,0,0
gte_multilingual_base_768d,zh_char,EDGE-02267,ROOT-582F,堯,口,口,嘵,gte_multilingual_base_768d__zh_char__EDGE-02267,21,21,囗,687,0.7400321364402771,囗,820,0.8265625238418579,11150,3,0,0,0,0.0014556040756914,0.9384698179208898,0,0,0,0.0012195121951219,0.926540496905552,-133,0,0,0,0,0,0
gte_multilingual_base_768d,zh_char,EDGE-02268,ROOT-582F,堯,女,女,嬈,gte_multilingual_base_768d__zh_char__EDGE-02268,21,21,雌,7915,0.6289377808570862,雌,7514,0.6305251717567444,11150,3,0,0,0,0.0001263423878711,0.2901605525159206,0,0,0,0.0001330849081714,0.3261279038478787,401,0,0,0,0,0,0
gte_multilingual_base_768d,zh_char,EDGE-02269,ROOT-582F,堯,山,山,嶢,gte_multilingual_base_768d__zh_char__EDGE-02269,21,21,峰,1062,0.7447878122329712,峰,958,0.8346646428108215,11150,3,0,0,0,0.0009416195856873,0.9048345143062158,0,0,0,0.0010438413361169,0.914162705175352,104,0,0,0,0,0,0
gte_multilingual_base_768d,zh_char,EDGE-02270,ROOT-582F,堯,扌,手,撓,gte_multilingual_base_768d__zh_char__EDGE-02270,21,21,掌,6493,0.6917064189910889,掌,6071,0.7005497217178345,11150,3,0,0,0,0.000154012012937,0.4177056238227643,0,0,0,0.0001647175094712,0.4555565521571442,422,0,0,0,0,0,0
gte_multilingual_base_768d,zh_char,EDGE-02271,ROOT-582F,堯,日,日,曉,gte_multilingual_base_768d__zh_char__EDGE-02271,21,21,晴,6639,0.6821755170822144,陽,6023,0.6874966025352478,11150,3,0,0,0,0.0001506250941406,0.4046102789487846,0,0,0,0.0001660302174995,0.4598618710198224,616,0,0,0,0,0,0
gte_multilingual_base_768d,zh_char,EDGE-02272,ROOT-582F,堯,木,木,橈,gte_multilingual_base_768d__zh_char__EDGE-02272,21,21,林,1864,0.7490086555480957,榫,1748,0.8460776209831238,11150,3,0,0,0,0.0005364806866952,0.8328998116422998,0,0,0,0.0005720823798627,0.8433043322271055,116,0,0,0,0,0,0
gte_multilingual_base_768d,zh_char,EDGE-02273,ROOT-582F,堯,氵,水,澆,gte_multilingual_base_768d__zh_char__EDGE-02273,21,21,液,6067,0.675311267375946,液,5794,0.6979047060012817,11150,3,0,0,0,0.0001648261084555,0.4559153287290339,0,0,0,0.0001725923369002,0.4804018297605166,273,0,0,0,0,0,0
gte_multilingual_base_768d,zh_char,EDGE-02274,ROOT-582F,堯,火,火,燒,gte_multilingual_base_768d__zh_char__EDGE-02274,21,21,焰,32,0.7795940041542053,燎,5621,0.7742103338241577,11150,3,0,0,0,0.03125,0.9972194815678536,0,0,0,0.0001779042874933,0.4959189164947528,-5589,0,0,0,0,0,0
gte_multilingual_base_768d,zh_char,EDGE-02275,ROOT-582F,堯,犭,犬,獟,gte_multilingual_base_768d__zh_char__EDGE-02275,21,21,狗,2386,0.7667842507362366,狗,2352,0.8343672156333923,11150,3,0,0,0,0.0004191114836546,0.7860794690106736,0,0,0,0.0004251700680272,0.7891290698717374,34,0,0,0,0,0,0
gte_multilingual_base_768d,zh_char,EDGE-02276,ROOT-582F,堯,石,石,磽,gte_multilingual_base_768d__zh_char__EDGE-02276,21,21,岩,2857,0.7386577725410461,岩,2708,0.846703290939331,11150,3,0,0,0,0.000350017500875,0.7438335276706431,0,0,0,0.0003692762186115,0.7571979549735403,149,0,0,0,0,0,0
gte_multilingual_base_768d,zh_char,EDGE-02277,ROOT-582F,堯,糸,糸,繞,gte_multilingual_base_768d__zh_char__EDGE-02277,21,21,絃,6980,0.6858714818954468,絃,6018,0.687802255153656,11150,3,0,0,0,0.0001432664756446,0.3740245761951745,0,0,0,0.0001661681621801,0.4603103417346847,962,0,0,0,0,0,0
gte_multilingual_base_768d,zh_char,EDGE-02278,ROOT-582F,堯,羽,羽,翹,gte_multilingual_base_768d__zh_char__EDGE-02278,21,21,鸚,6737,0.6751561760902405,徹,5860,0.679185152053833,11150,3,0,0,0,0.0001484340210776,0.3958202529374831,0,0,0,0.0001706484641638,0.474482016324334,877,0,0,0,0,0,0
gte_multilingual_base_768d,zh_char,EDGE-02279,ROOT-582F,堯,肉,肉,膮,gte_multilingual_base_768d__zh_char__EDGE-02279,21,21,畜,3662,0.685340940952301,畜,3314,0.7882657647132874,11150,3,0,0,0,0.0002730748225013,0.6716297425778097,0,0,0,0.000301750150875,0.7028433043322271,348,0,0,0,0,0,0
gte_multilingual_base_768d,zh_char,EDGE-02280,ROOT-582F,堯,艹,艸,蕘,gte_multilingual_base_768d__zh_char__EDGE-02280,21,21,草,3714,0.7137769460678101,仳,3592,0.7822455167770386,11150,3,0,0,0,0.0002692514808831,0.6669656471432415,0,0,0,0.0002783964365256,0.6779083325858821,122,0,0,0,0,0,0
gte_multilingual_base_768d,zh_char,EDGE-02281,ROOT-582F,堯,虫,虫,蟯,gte_multilingual_base_768d__zh_char__EDGE-02281,21,21,蟲,202,0.8062137961387634,蟲,163,0.8590508699417114,11150,3,0,0,0,0.0049504950495049,0.9819714772625348,0,0,0,0.0061349693251533,0.9854695488384608,39,0,0,0,0,0,0
gte_multilingual_base_768d,zh_char,EDGE-02282,ROOT-582F,堯,言,言,譊,gte_multilingual_base_768d__zh_char__EDGE-02282,21,21,說,5241,0.6752248406410217,說,4201,0.7641627788543701,11150,3,0,0,0,0.0001908032818164,0.5300026908242892,0,0,0,0.000238038562247,0.6232845995156516,1040,0,0,0,0,0,0
gte_multilingual_base_768d,zh_char,EDGE-02283,ROOT-582F,堯,走,走,趬,gte_multilingual_base_768d__zh_char__EDGE-02283,21,21,步,5316,0.6736697554588318,徉,4143,0.7487823963165283,11150,3,0,0,0,0.0001881113619262,0.5232756301013544,0,0,0,0.0002413709872073,0.6284868598080545,1173,0,0,0,0,0,0
gte_multilingual_base_768d,zh_char,EDGE-02285,ROOT-582F,堯,釒,金,鐃,gte_multilingual_base_768d__zh_char__EDGE-02285,21,21,玉,311,0.7056673765182495,仳,189,0.8023161292076111,11150,3,0,0,0,0.0032154340836012,0.9721948156785362,0,0,0,0.0052910052910052,0.9831375011211768,122,0,0,0,0,0,0
gte_multilingual_base_768d,zh_char,EDGE-02286,ROOT-582F,堯,頁,頁,顤,gte_multilingual_base_768d__zh_char__EDGE-02286,21,21,冊,6109,0.6275766491889954,覽,4792,0.6825125813484192,11150,3,0,0,0,0.0001636929120969,0.4521481747241905,0,0,0,0.0002086811352253,0.5702753610189255,1317,0,0,0,0,0,0
gte_multilingual_base_768d,zh_char,EDGE-02287,ROOT-582F,堯,飠,食,饒,gte_multilingual_base_768d__zh_char__EDGE-02287,21,21,餐,7416,0.6681482195854187,餐,6599,0.6719617247581482,11150,3,0,0,0,0.0001348435814455,0.3349179298591802,0,0,0,0.0001515381118351,0.4081980446676831,817,0,0,0,0,0,0
gte_multilingual_base_768d,zh_char,EDGE-02288,ROOT-582F,堯,馬,馬,驍,gte_multilingual_base_768d__zh_char__EDGE-02288,21,21,獸,39,0.7699297666549683,駝,5634,0.7427172660827637,11150,3,0,0,0,0.0256410256410256,0.9965916225670464,0,0,0,0.0001774937877174,0.4947528926361109,-5595,0,0,0,0,0,0
gte_multilingual_base_768d,zh_char,EDGE-03012,ROOT-382F,台,亻,人,佁,gte_multilingual_base_768d__zh_char__EDGE-03012,25,23,男,273,0.7817509174346924,埶,286,0.8604274392127991,11150,3,0,0,0,0.0036630036630036,0.9756031931114898,0,0,0,0.0034965034965034,0.9744371692528476,-13,0,0,0,0,0,0
gte_multilingual_base_768d,zh_char,EDGE-03014,ROOT-382F,台,女,女,始,gte_multilingual_base_768d__zh_char__EDGE-03014,25,23,雌,7213,0.6389909386634827,雌,7052,0.633436381816864,11150,3,0,0,0,0.0001386385692499,0.3531258408825903,0,0,0,0.0001418037436188,0.3675665979011571,161,0,0,0,0,0,0
gte_multilingual_base_768d,zh_char,EDGE-03015,ROOT-382F,台,心,心,怠,gte_multilingual_base_768d__zh_char__EDGE-03015,25,23,闌,260,0.7095701694488525,仳,5697,0.7307980060577393,11150,3,0,0,0,0.0038461538461538,0.976769216970132,0,0,0,0.0001755309812181,0.4891021616288457,-5437,0,0,0,0,0,0
gte_multilingual_base_768d,zh_char,EDGE-03016,ROOT-382F,台,忄,心,怡,gte_multilingual_base_768d__zh_char__EDGE-03016,25,23,闌,7534,0.6601967215538025,仳,7935,0.6571862101554871,11150,3,0,0,0,0.000132731616671,0.3243340209884294,0,0,0,0.0001260239445494,0.2883666696564714,-401,0,0,0,0,0,0
gte_multilingual_base_768d,zh_char,EDGE-03017,ROOT-382F,台,木,木,枲,gte_multilingual_base_768d__zh_char__EDGE-03017,25,23,林,1649,0.7490086555480957,榫,1533,0.8503727912902832,11150,3,0,0,0,0.0006064281382656,0.8521840523813795,0,0,0,0.0006523157208088,0.8625885729661853,116,0,0,0,0,0,0
gte_multilingual_base_768d,zh_char,EDGE-03018,ROOT-382F,台,歹,歹,殆,gte_multilingual_base_768d__zh_char__EDGE-03018,25,23,害,8061,0.6582580208778381,仳,8425,0.6284888386726379,11150,3,0,0,0,0.0001240540875821,0.277065207641941,0,0,0,0.0001186943620178,0.2444165395999641,-364,0,0,0,0,0,0
gte_multilingual_base_768d,zh_char,EDGE-03019,ROOT-382F,台,氵,水,治,gte_multilingual_base_768d__zh_char__EDGE-03019,24,23,液,8270,0.6065962314605713,液,8566,0.5967627167701721,11150,3,0,0,0,0.0001209189842805,0.258319131760696,0,0,0,0.0001167406023815,0.2317696654408467,-296,0,0,0,0,0,0
gte_multilingual_base_768d,zh_char,EDGE-03020,ROOT-382F,台,火,火,炱,gte_multilingual_base_768d__zh_char__EDGE-03020,25,23,焰,2300,0.7413986921310425,焰,2222,0.8252126574516296,11150,3,0,0,0,0.0004347826086956,0.7937931653063055,0,0,0,0.0004500450045004,0.8007893084581577,78,0,0,0,0,0,0
gte_multilingual_base_768d,zh_char,EDGE-03021,ROOT-382F,台,瓦,瓦,瓵,gte_multilingual_base_768d__zh_char__EDGE-03021,25,23,石,2538,0.7211774587631226,仳,2449,0.793826162815094,11150,3,0,0,0,0.0003940110323089,0.7724459592788591,0,0,0,0.0004083299305839,0.7804287380034084,89,0,0,0,0,0,0
gte_multilingual_base_768d,zh_char,EDGE-03022,ROOT-382F,台,目,目,眙,gte_multilingual_base_768d__zh_char__EDGE-03022,25,23,眼,49,0.7480015754699707,盯,5642,0.7403123378753662,11150,3,0,0,0,0.0204081632653061,0.9956946811373216,0,0,0,0.0001772421127259,0.4940353394923311,-5593,0,0,0,0,0,0
gte_multilingual_base_768d,zh_char,EDGE-03023,ROOT-382F,台,竹,竹,笞,gte_multilingual_base_768d__zh_char__EDGE-03023,25,23,蕉,10590,0.5762150287628174,蕉,10164,0.5827460885047913,11150,3,0,0,0,9.442870632672332e-05,0.0502287200645797,0,0,0,9.838646202282564e-05,0.0884384249708494,426,0,0,0,0,0,0
gte_multilingual_base_768d,zh_char,EDGE-03024,ROOT-382F,台,糸,糸,紿,gte_multilingual_base_768d__zh_char__EDGE-03024,25,23,絃,3142,0.7339161038398743,絃,3005,0.8018144369125366,11150,3,0,0,0,0.0003182686187141,0.7182706969234909,0,0,0,0.000332778702163,0.7305587945107184,137,0,0,0,0,0,0
gte_multilingual_base_768d,zh_char,EDGE-03025,ROOT-382F,台,肉,肉,胎,gte_multilingual_base_768d__zh_char__EDGE-03025,25,23,畜,6613,0.6464900970458984,畜,7817,0.6235367655754089,11150,3,0,0,0,0.000151217299259,0.4069423266660686,0,0,0,0.0001279263144428,0.2989505785272222,-1204,0,0,0,0,0,0
gte_multilingual_base_768d,zh_char,EDGE-03026,ROOT-382F,台,艹,艸,苔,gte_multilingual_base_768d__zh_char__EDGE-03026,25,23,草,24,0.7400807738304138,屖,5657,0.7049654722213745,11150,3,0,0,0,0.0416666666666666,0.9979370347116332,0,0,0,0.0001767721407106,0.4926899273477442,-5633,0,0,0,0,0,0
gte_multilingual_base_768d,zh_char,EDGE-03027,ROOT-382F,台,言,言,詒,gte_multilingual_base_768d__zh_char__EDGE-03027,25,23,說,4909,0.6752248406410217,說,3856,0.7534171342849731,11150,3,0,0,0,0.0002037074760643,0.5597811462911472,0,0,0,0.000259336099585,0.6542290788411517,1053,0,0,0,0,0,0
gte_multilingual_base_768d,zh_char,EDGE-03028,ROOT-382F,台,貝,貝,貽,gte_multilingual_base_768d__zh_char__EDGE-03028,25,23,鰻,5923,0.666252613067627,屖,5769,0.6613191366195679,11150,3,0,0,0,0.0001688333614722,0.4688312853170687,0,0,0,0.000173340266944,0.4826441833348283,154,0,0,0,0,0,0
gte_multilingual_base_768d,zh_char,EDGE-03030,ROOT-382F,台,釒,金,鈶,gte_multilingual_base_768d__zh_char__EDGE-03030,25,23,玉,4535,0.7056673765182495,仳,4413,0.7921148538589478,11150,3,0,0,0,0.0002205071664829,0.5933267557628488,0,0,0,0.0002266032177656,0.6042694412054892,122,0,0,0,0,0,0
gte_multilingual_base_768d,zh_char,EDGE-03031,ROOT-382F,台,風,風,颱,gte_multilingual_base_768d__zh_char__EDGE-03031,25,23,颱,1,0.8419419527053833,颱,1,0.8241112232208252,11150,3,1,1,1,1.0,1.0,1,1,1,1.0,1.0,0,0,0,0,0,0,0
gte_multilingual_base_768d,zh_char,EDGE-03032,ROOT-382F,台,飠,食,飴,gte_multilingual_base_768d__zh_char__EDGE-03032,25,23,餐,7552,0.6658709049224854,餐,6909,0.6684108972549438,11150,3,0,0,0,0.0001324152542372,0.3227195264149251,0,0,0,0.0001447387465624,0.3803928603462194,643,0,0,0,0,0,0
gte_multilingual_base_768d,zh_char,EDGE-03033,ROOT-382F,台,馬,馬,駘,gte_multilingual_base_768d__zh_char__EDGE-03033,25,23,獸,5190,0.7352110147476196,獸,5086,0.8065698146820068,11150,3,0,0,0,0.0001926782273603,0.5345770921158848,0,0,0,0.0001966181675186,0.543905282985021,104,0,0,0,0,0,0
gte_multilingual_base_768d,zh_char,EDGE-03034,ROOT-382F,台,魚,魚,鮐,gte_multilingual_base_768d__zh_char__EDGE-03034,25,23,鯛,5036,0.7279419898986816,鯛,5245,0.8043572306632996,11150,3,0,0,0,0.000198570293884,0.5483899901336442,0,0,0,0.000190657769304,0.5296439142523993,-209,0,0,0,0,0,0
gte_multilingual_base_768d,zh_char,EDGE-03035,ROOT-382F,台,齒,齒,齝,gte_multilingual_base_768d__zh_char__EDGE-03035,25,23,牙,5430,0.697268545627594,牙,5302,0.7700853943824768,11150,3,0,0,0,0.0001841620626151,0.5130504978024935,0,0,0,0.0001886080724254,0.5245313481029689,128,0,0,0,0,0,0
gte_multilingual_base_768d,zh_char,EDGE-03085,ROOT-5E1D,帝,口,口,啻,gte_multilingual_base_768d__zh_char__EDGE-03085,5,5,囗,6943,0.6836028695106506,嘴,5715,0.7257784008979797,11150,3,0,0,0,0.0001440299582313,0.3773432594851555,0,0,0,0.000174978127734,0.4874876670553413,1228,0,0,0,0,0,0
gte_multilingual_base_768d,zh_char,EDGE-03087,ROOT-5E1D,帝,口,口,啼,gte_multilingual_base_768d__zh_char__EDGE-03087,5,5,囗,6705,0.6896854043006897,嘴,6115,0.6925687193870544,11150,3,0,0,0,0.0001491424310216,0.398690465512602,0,0,0,0.0001635322976287,0.4516100098663557,590,0,0,0,0,0,0
gte_multilingual_base_768d,zh_char,EDGE-03088,ROOT-5E1D,帝,礻,示,禘,gte_multilingual_base_768d__zh_char__EDGE-03088,6,5,述,3000,0.7013938426971436,範,3162,0.6413983702659607,11150,3,0,0,0,0.0003333333333333,0.7310072652255808,0,0,0,0.0003162555344718,0.7164768140640416,-162,0,0,0,0,0,0
gte_multilingual_base_768d,zh_char,EDGE-03089,ROOT-5E1D,帝,糸,糸,締,gte_multilingual_base_768d__zh_char__EDGE-03089,6,5,絃,102,0.7388679385185242,絃,5755,0.695971667766571,11150,3,0,0,0,0.0098039215686274,0.9909408915597812,0,0,0,0.0001737619461337,0.4838999013364428,-5653,0,0,0,0,0,0
gte_multilingual_base_768d,zh_char,EDGE-03090,ROOT-5E1D,帝,艹,艸,蒂,gte_multilingual_base_768d__zh_char__EDGE-03090,6,5,草,8273,0.6335532069206238,草,7295,0.6170669198036194,11150,3,0,0,0,0.0001208751359845,0.2580500493317786,0,0,0,0.0001370801919122,0.3457709211588483,978,0,0,0,0,0,0
gte_multilingual_base_768d,zh_char,EDGE-03091,ROOT-5E1D,帝,言,言,諦,gte_multilingual_base_768d__zh_char__EDGE-03091,6,5,說,8471,0.6439114212989807,話,7058,0.6455690860748291,11150,3,0,0,0,0.0001180498170227,0.2402906090232307,0,0,0,0.0001416831963729,0.3670284330433222,1413,0,0,0,0,0,0
gte_multilingual_base_768d,zh_char,EDGE-03092,ROOT-5E1D,帝,𧾷,足,蹄,gte_multilingual_base_768d__zh_char__EDGE-03092,6,5,腳,10,0.7991496324539185,腳,3,0.7810994982719421,11150,3,0,0,1,0.1,0.9991927527132478,0,1,1,0.3333333333333333,0.9998206117140552,7,0,0,1,0,0,0
gte_multilingual_base_768d,zh_char,EDGE-03943,ROOT-67EC,闌,木,木,欄,gte_multilingual_base_768d__zh_char__EDGE-03943,24,17,林,5911,0.7221618890762329,榫,5833,0.7349216341972351,11150,3,0,0,0,0.0001691761123329,0.4699076150327383,0,0,0,0.0001714383679067,0.4769037581845905,78,0,0,0,0,0,0
gte_multilingual_base_768d,zh_char,EDGE-03944,ROOT-67EC,闌,氵,水,瀾,gte_multilingual_base_768d__zh_char__EDGE-03944,22,17,液,8076,0.610337495803833,液,6904,0.6487990021705627,11150,3,0,0,0,0.0001238236750866,0.275719795497354,0,0,0,0.0001448435689455,0.3808413310610817,1172,0,0,0,0,0,0
gte_multilingual_base_768d,zh_char,EDGE-03945,ROOT-67EC,闌,火,火,爛,gte_multilingual_base_768d__zh_char__EDGE-03945,24,17,焰,8197,0.6453700065612793,焱,6648,0.6761298775672913,11150,3,0,0,0,0.000121995852141,0.2648668041976859,0,0,0,0.000150421179302,0.4038030316620324,1549,0,0,0,0,0,0
gte_multilingual_base_768d,zh_char,EDGE-03946,ROOT-67EC,闌,竹,竹,籣,gte_multilingual_base_768d__zh_char__EDGE-03946,24,17,蕉,3100,0.7331646084785461,蕉,2988,0.7641404867172241,11150,3,0,0,0,0.0003225806451612,0.7220378509283344,0,0,0,0.000334672021419,0.7320835949412503,112,0,0,0,0,0,0
gte_multilingual_base_768d,zh_char,EDGE-03947,ROOT-67EC,闌,艹,艸,蘭,gte_multilingual_base_768d__zh_char__EDGE-03947,24,17,草,8535,0.6291513442993164,瀾,7822,0.6270149946212769,11150,3,0,0,0,0.0001171646162858,0.2345501838729931,0,0,0,0.000127844541038,0.2985021078123598,713,0,0,0,0,0,0
gte_multilingual_base_768d,zh_char,EDGE-03949,ROOT-67EC,闌,衤,衣,襴,gte_multilingual_base_768d__zh_char__EDGE-03949,25,17,衫,4148,0.7287060022354126,衫,4092,0.745579183101654,11150,3,0,0,0,0.0002410800385728,0.6280383890931922,0,0,0,0.0002443792766373,0.6330612610996502,56,0,0,0,0,0,0
gte_multilingual_base_768d,zh_char,EDGE-03950,ROOT-67EC,闌,言,言,讕,gte_multilingual_base_768d__zh_char__EDGE-03950,24,17,說,5278,0.6752248406410217,說,4614,0.6820331811904907,11150,3,0,0,0,0.000189465706707,0.526684007534308,0,0,0,0.0002167316861725,0.5862409184680241,664,0,0,0,0,0,0
gte_multilingual_base_768d,zh_char,EDGE-04481,ROOT-9752,青,亻,人,倩,gte_multilingual_base_768d__zh_char__EDGE-04481,16,16,男,9279,0.6357442736625671,男,8854,0.6519038677215576,11150,3,0,0,0,0.0001077702338614,0.16781774150148,0,0,0,0.0001129433024621,0.205937752264777,425,0,0,0,0,0,0
gte_multilingual_base_768d,zh_char,EDGE-04483,ROOT-9752,青,女,女,婧,gte_multilingual_base_768d__zh_char__EDGE-04483,16,16,雌,19,0.7445380687713623,雌,22,0.7373948693275452,11150,3,0,0,0,0.0526315789473684,0.9983855054264956,0,0,0,0.0454545454545454,0.9981164229975784,-3,0,0,0,0,0,0
gte_multilingual_base_768d,zh_char,EDGE-04484,ROOT-9752,青,山,山,崝,gte_multilingual_base_768d__zh_char__EDGE-04484,16,16,峰,974,0.7447878122329712,峰,1292,0.7258388996124268,11150,3,0,0,0,0.0010266940451745,0.9127275988877926,0,0,0,0.0007739938080495,0.8842048614225491,-318,0,0,0,0,0,0
gte_multilingual_base_768d,zh_char,EDGE-04485,ROOT-9752,青,忄,心,情,gte_multilingual_base_768d__zh_char__EDGE-04485,16,16,闌,2,0.8014969229698181,闌,2,0.7923150062561035,11150,3,0,1,1,0.5,0.9999103058570276,0,1,1,0.5,0.9999103058570276,0,0,0,0,0,0,0
gte_multilingual_base_768d,zh_char,EDGE-04486,ROOT-9752,青,日,日,晴,gte_multilingual_base_768d__zh_char__EDGE-04486,16,16,晴,1,0.8685363531112671,晴,1,0.8680316209793091,11150,3,1,1,1,1.0,1.0,1,1,1,1.0,1.0,0,0,0,0,0,0,0
gte_multilingual_base_768d,zh_char,EDGE-04487,ROOT-9752,青,犭,犬,猜,gte_multilingual_base_768d__zh_char__EDGE-04487,16,16,狗,7248,0.6239796876907349,狗,7312,0.6186882853507996,11150,3,0,0,0,0.0001379690949227,0.3499865458785541,0,0,0,0.0001367614879649,0.3442461207283164,-64,0,0,0,0,0,0
gte_multilingual_base_768d,zh_char,EDGE-04488,ROOT-9752,青,目,目,睛,gte_multilingual_base_768d__zh_char__EDGE-04488,16,16,眼,2,0.8753727078437805,眼,2,0.874975323677063,11150,3,0,1,1,0.5,0.9999103058570276,0,1,1,0.5,0.9999103058570276,0,0,0,0,0,0,0
gte_multilingual_base_768d,zh_char,EDGE-04489,ROOT-9752,青,米,米,精,gte_multilingual_base_768d__zh_char__EDGE-04489,16,16,稻,6248,0.6956819295883179,稻,6328,0.6811939477920532,11150,3,0,0,0,0.0001600512163892,0.4396806888510181,0,0,0,0.000158027812895,0.4325051574132209,-80,0,0,0,0,0,0
gte_multilingual_base_768d,zh_char,EDGE-04490,ROOT-9752,青,糸,糸,綪,gte_multilingual_base_768d__zh_char__EDGE-04490,16,16,絃,3172,0.7339161038398743,絃,3416,0.6993293166160583,11150,3,0,0,0,0.0003152585119798,0.715579872634317,0,0,0,0.0002927400468384,0.6936945017490358,-244,0,0,0,0,0,0
gte_multilingual_base_768d,zh_char,EDGE-04491,ROOT-9752,青,艹,艸,菁,gte_multilingual_base_768d__zh_char__EDGE-04491,16,16,草,5736,0.7117249965667725,草,48,0.7177562117576599,11150,3,0,0,0,0.0001743375174337,0.4856040900529195,0,0,0,0.0208333333333333,0.9957843752802942,5688,0,0,0,0,0,0
gte_multilingual_base_768d,zh_char,EDGE-04492,ROOT-9752,青,虫,虫,蜻,gte_multilingual_base_768d__zh_char__EDGE-04492,16,16,蟲,8,0.8606994152069092,蟲,10,0.8396750092506409,11150,3,0,0,1,0.125,0.9993721409991928,0,0,1,0.1,0.9991927527132478,-2,0,0,0,0,0,0
gte_multilingual_base_768d,zh_char,EDGE-04493,ROOT-9752,青,言,言,請,gte_multilingual_base_768d__zh_char__EDGE-04493,16,16,說,9334,0.629067063331604,說,8979,0.6164688467979431,11150,3,0,0,0,0.0001071352046282,0.1628845636379944,0,0,0,0.0001113709767234,0.1947259843932191,355,0,0,0,0,0,0
gte_multilingual_base_768d,zh_char,EDGE-04494,ROOT-9752,青,釒,金,錆,gte_multilingual_base_768d__zh_char__EDGE-04494,16,16,玉,15,0.7612718343734741,玳,22,0.7325073480606079,11150,3,0,0,0,0.0666666666666666,0.9987442819983856,0,0,0,0.0454545454545454,0.9981164229975784,-7,0,0,0,0,0,0
gte_multilingual_base_768d,zh_char,EDGE-04495,ROOT-9752,青,立,立,靖,gte_multilingual_base_768d__zh_char__EDGE-04495,16,16,置,7205,0.6728110313415527,踞,6954,0.6698608994483948,11150,3,0,0,0,0.0001387925052047,0.3538433940263701,0,0,0,0.0001438021282714,0.3763566239124585,251,0,0,0,0,0,0
gte_multilingual_base_768d,zh_char,EDGE-04496,ROOT-9752,青,見,見,靚,gte_multilingual_base_768d__zh_char__EDGE-04496,16,16,視,7708,0.6222192049026489,視,6638,0.624879777431488,11150,3,0,0,0,0.0001297353399065,0.3087272401112207,0,0,0,0.0001506477854775,0.4046999730917571,1070,0,0,0,0,0,0
gte_multilingual_base_768d,zh_char,EDGE-04497,ROOT-9752,青,爭,爭,靜,gte_multilingual_base_768d__zh_char__EDGE-04497,16,16,鬥,439,0.6858262419700623,鬥,525,0.6641329526901245,11150,3,0,0,0,0.0022779043280182,0.9607139653780608,0,0,0,0.0019047619047619,0.953000269082429,-86,0,0,0,0,0,0
gte_multilingual_base_768d,zh_char,EDGE-04498,ROOT-9752,青,魚,魚,鯖,gte_multilingual_base_768d__zh_char__EDGE-04498,16,16,鯛,5859,0.6914588212966919,鯛,6016,0.6699042320251465,11150,3,0,0,0,0.0001706775900324,0.4745717104673065,0,0,0,0.0001662234042553,0.4604897300206296,-157,0,0,0,0,0,0
gte_multilingual_base_768d,zh_char,EDGE-05389,ROOT-4F59,余,氵,水,涂,gte_multilingual_base_768d__zh_char__EDGE-05389,15,13,液,6373,0.6545585989952087,液,5930,0.6699126958847046,11150,3,0,0,0,0.0001569119723834,0.42846892097946,0,0,0,0.0001686340640809,0.4682034263162615,443,0,0,0,0,0,0
gte_multilingual_base_768d,zh_char,EDGE-05391,ROOT-4F59,余,彳,彳,徐,gte_multilingual_base_768d__zh_char__EDGE-05391,16,13,仳,9834,0.6594613790512085,仳,10406,0.5440987944602966,11150,3,0,0,0,0.0001016880211511,0.1180374921517625,0,0,0,9.609840476648089e-05,0.0667324423715131,-572,0,0,0,0,0,0
gte_multilingual_base_768d,zh_char,EDGE-05392,ROOT-4F59,余,心,心,悆,gte_multilingual_base_768d__zh_char__EDGE-05392,16,13,闌,1819,0.6886733770370483,闌,1366,0.7557777166366577,11150,3,0,0,0,0.0005497526113249,0.8369360480760606,0,0,0,0.0007320644216691,0.8775674948425868,453,0,0,0,0,0,0
gte_multilingual_base_768d,zh_char,EDGE-05394,ROOT-4F59,余,斗,斗,斜,gte_multilingual_base_768d__zh_char__EDGE-05394,16,13,鬥,5878,0.7044766545295715,鬥,5907,0.6770040988922119,11150,3,0,0,0,0.0001701258931609,0.4728675217508297,0,0,0,0.0001692906720839,0.4702663916046282,-29,0,0,0,0,0,0
gte_multilingual_base_768d,zh_char,EDGE-05396,ROOT-4F59,余,田,田,畬,gte_multilingual_base_768d__zh_char__EDGE-05396,16,13,土,3005,0.7341598272323608,土,2629,0.836159884929657,11150,3,0,0,0,0.000332778702163,0.7305587945107184,0,0,0,0.00038037276531,0.7642837922683648,376,0,0,0,0,0,0
gte_multilingual_base_768d,zh_char,EDGE-05397,ROOT-4F59,余,禾,禾,稌,gte_multilingual_base_768d__zh_char__EDGE-05397,16,13,茅,3373,0.6951267719268799,黍,2666,0.8002360463142395,11150,3,0,0,0,0.0002964719833975,0.6975513498968517,0,0,0,0.0003750937734433,0.7609651089783838,707,0,0,0,0,0,0
gte_multilingual_base_768d,zh_char,EDGE-05398,ROOT-4F59,余,竹,竹,筡,gte_multilingual_base_768d__zh_char__EDGE-05398,15,13,蕉,3143,0.7331646084785461,蕉,2756,0.8081587553024292,11150,3,0,0,0,0.0003181673560292,0.7181810027805184,0,0,0,0.0003628447024673,0.752892636110862,387,0,0,0,0,0,0
gte_multilingual_base_768d,zh_char,EDGE-05399,ROOT-4F59,余,舟,舟,艅,gte_multilingual_base_768d__zh_char__EDGE-05399,16,13,船,3535,0.7105811834335327,船,3365,0.773601233959198,11150,3,0,0,0,0.0002828854314002,0.6830208987353126,0,0,0,0.000297176820208,0.6982689030406315,170,0,0,0,0,0,0
gte_multilingual_base_768d,zh_char,EDGE-05400,ROOT-4F59,余,艹,艸,荼,gte_multilingual_base_768d__zh_char__EDGE-05400,15,13,草,7343,0.6502243280410767,仳,8583,0.6091351509094238,11150,3,0,0,0,0.0001361841209314,0.34146560229617,0,0,0,0.000116509379005,0.2302448650103148,-1240,0,0,0,0,0,0
gte_multilingual_base_768d,zh_char,EDGE-05401,ROOT-4F59,余,虫,虫,蜍,gte_multilingual_base_768d__zh_char__EDGE-05401,16,13,蟲,5647,0.7986736297607422,蟲,5651,0.7634440660476685,11150,3,0,0,0,0.0001770851779706,0.4935868687774688,0,0,0,0.0001769598301185,0.4932280922055789,-4,0,0,0,0,0,0
gte_multilingual_base_768d,zh_char,EDGE-05403,ROOT-4F59,余,酉,酉,酴,gte_multilingual_base_768d__zh_char__EDGE-05403,16,13,年,4935,0.696631669998169,仳,4618,0.7564772367477417,11150,3,0,0,0,0.0002026342451874,0.5574490985738632,0,0,0,0.0002165439584235,0.5858821418961342,317,0,0,0,0,0,0
gte_multilingual_base_768d,zh_char,EDGE-05408,ROOT-4F59,余,飠,食,餘,gte_multilingual_base_768d__zh_char__EDGE-05408,16,13,餐,9052,0.641288697719574,吃,9751,0.6109424829483032,11150,3,0,0,0,0.0001104728236853,0.1881783119562292,0,0,0,0.0001025535842477,0.1254821060184769,-699,0,0,0,0,0,0
gte_multilingual_base_768d,zh_char,EDGE-05409,ROOT-4F59,余,馬,馬,駼,gte_multilingual_base_768d__zh_char__EDGE-05409,16,13,獸,5209,0.7352110147476196,獅,4837,0.7888078689575195,11150,3,0,0,0,0.0001919754271453,0.532872903399408,0,0,0,0.0002067397146991,0.5662391245851646,372,0,0,0,0,0,0
gte_multilingual_base_768d,zh_char,EDGE-05721,ROOT-8FB0,辰,衤,衣,裖,gte_multilingual_base_768d__zh_char__EDGE-05721,13,13,衫,3896,0.7287060022354126,裳,3820,0.7756788730621338,11150,3,0,0,0,0.0002566735112936,0.650641313122253,0,0,0,0.000261780104712,0.6574580679881603,76,0,0,0,0,0,0
gte_multilingual_base_768d,zh_char,EDGE-05799,ROOT-8FB0,辰,亻,人,侲,gte_multilingual_base_768d__zh_char__EDGE-05799,13,13,男,296,0.7817509174346924,仳,290,0.8501040935516357,11150,3,0,0,0,0.0033783783783783,0.9735402278231232,0,0,0,0.0034482758620689,0.974078392680958,6,0,0,0,0,0,0
gte_multilingual_base_768d,zh_char,EDGE-05800,ROOT-8FB0,辰,口,口,唇,gte_multilingual_base_768d__zh_char__EDGE-05800,13,13,囗,13,0.8335162401199341,囗,14,0.802233099937439,11150,3,0,0,0,0.0769230769230769,0.9989236702843304,0,0,0,0.0714285714285714,0.998833976141358,-1,0,0,0,0,0,0
gte_multilingual_base_768d,zh_char,EDGE-05801,ROOT-8FB0,辰,女,女,娠,gte_multilingual_base_768d__zh_char__EDGE-05801,13,13,雌,82,0.7067075967788696,雌,5701,0.6980764865875244,11150,3,0,0,0,0.0121951219512195,0.9927347744192304,0,0,0,0.0001754078231889,0.4887433850569558,-5619,0,0,0,0,0,0
gte_multilingual_base_768d,zh_char,EDGE-05803,ROOT-8FB0,辰,扌,手,振,gte_multilingual_base_768d__zh_char__EDGE-05803,13,13,掌,7976,0.6636725664138794,掌,6368,0.6932340860366821,11150,3,0,0,0,0.0001253761283851,0.2846892097946004,0,0,0,0.0001570351758793,0.4289173916943224,1608,0,0,0,0,0,0
gte_multilingual_base_768d,zh_char,EDGE-05804,ROOT-8FB0,辰,日,日,晨,gte_multilingual_base_768d__zh_char__EDGE-05804,13,13,晴,4,0.8428277969360352,晴,4,0.8141953945159912,11150,3,0,1,1,0.25,0.9997309175710826,0,1,1,0.25,0.9997309175710826,0,0,0,0,0,0,0
gte_multilingual_base_768d,zh_char,EDGE-05806,ROOT-8FB0,辰,礻,示,祳,gte_multilingual_base_768d__zh_char__EDGE-05806,13,13,述,2864,0.7013938426971436,述,2674,0.7096762657165527,11150,3,0,0,0,0.0003491620111731,0.7432056686698358,0,0,0,0.00037397157816,0.760247555834604,190,0,0,0,0,0,0
gte_multilingual_base_768d,zh_char,EDGE-05807,ROOT-8FB0,辰,肉,肉,脣,gte_multilingual_base_768d__zh_char__EDGE-05807,13,13,畜,6424,0.655092716217041,畜,6057,0.6785019040107727,11150,3,0,0,0,0.0001556662515566,0.4238945196878644,0,0,0,0.0001650982334489,0.4568122701587586,367,0,0,0,0,0,0
gte_multilingual_base_768d,zh_char,EDGE-05809,ROOT-8FB0,辰,虫,虫,蜃,gte_multilingual_base_768d__zh_char__EDGE-05809,13,13,蟲,6348,0.6796876192092896,蟲,6197,0.6735249757766724,11150,3,0,0,0,0.0001575299306868,0.4307112745537717,0,0,0,0.0001613684040664,0.4442550901426136,151,0,0,0,0,0,0
gte_multilingual_base_768d,zh_char,EDGE-05810,ROOT-8FB0,辰,貝,貝,賑,gte_multilingual_base_768d__zh_char__EDGE-05810,13,13,鰻,7241,0.6198304891586304,埶,7068,0.6142653822898865,11150,3,0,0,0,0.0001381024720342,0.3506144048793613,0,0,0,0.0001414827391058,0.3661314916135976,173,0,0,0,0,0,0
gte_multilingual_base_768d,zh_char,EDGE-05811,ROOT-8FB0,辰,雨,雨,震,gte_multilingual_base_768d__zh_char__EDGE-05811,13,13,流,5723,0.7380132079124451,流,5660,0.7461130023002625,11150,3,0,0,0,0.0001747335313646,0.4867701139115615,0,0,0,0.0001766784452296,0.4924208449188267,63,0,0,0,0,0,0
gte_multilingual_base_768d,zh_char,EDGE-05812,ROOT-8FB0,辰,鹿,鹿,麎,gte_multilingual_base_768d__zh_char__EDGE-05812,13,13,狼,5565,0.7300137281417847,狼,5514,0.789912760257721,11150,3,0,0,0,0.0001796945193171,0.5009417885012108,0,0,0,0.0001813565469713,0.5055161897928065,51,0,0,0,0,0,0
gte_multilingual_base_768d,zh_char,EDGE-06206,ROOT-5360,店,扌,手,掂,gte_multilingual_base_768d__zh_char__EDGE-06206,18,18,掌,136,0.7355095148086548,掌,5737,0.7262246012687683,11150,3,0,0,0,0.0073529411764705,0.9878912906987174,0,0,0,0.0001743071291615,0.485514395909947,-5601,0,0,0,0,0,0
gte_multilingual_base_768d,zh_char,EDGE-06207,ROOT-5360,店,忄,心,惦,gte_multilingual_base_768d__zh_char__EDGE-06207,19,18,闌,118,0.728384792804718,闌,5703,0.7295734286308289,11150,3,0,0,0,0.0084745762711864,0.9895057852722218,0,0,0,0.0001753463089601,0.4885639967710108,-5585,0,0,0,0,0,0
qwen3_0.6b_1024d,cn_def,EDGE-00063,ROOT-219CD,賓,亻,人,儐,qwen3_0.6b_1024d__cn_def__EDGE-00063,8,8,神,2300,0.3918403089046478,神,433,0.4189213514328003,6039,3,0,0,0,0.0004347826086956,0.6192447830407419,0,0,0,0.0023094688221709,0.9284531301755548,1867,0,0,0,0,0,0
qwen3_0.6b_1024d,cn_def,EDGE-00064,ROOT-219CD,賓,女,女,嬪,qwen3_0.6b_1024d__cn_def__EDGE-00064,8,8,男,2733,0.4214541316032409,男,1550,0.4180902242660522,6039,3,0,0,0,0.000365898280278,0.5475322954620736,0,0,0,0.0006451612903225,0.7434580987081816,1183,0,0,0,0,0,0
qwen3_0.6b_1024d,cn_def,EDGE-00065,ROOT-219CD,賓,扌,手,擯,qwen3_0.6b_1024d__cn_def__EDGE-00065,8,8,臂,2542,0.4141444861888885,臂,2840,0.3717480897903442,6039,3,0,0,0,0.0003933910306845,0.5791652865187148,0,0,0,0.0003521126760563,0.5298111957601854,-298,0,0,0,0,0,0
qwen3_0.6b_1024d,cn_def,EDGE-00066,ROOT-219CD,賓,木,木,檳,qwen3_0.6b_1024d__cn_def__EDGE-00066,8,8,草,396,0.5229253172874451,草,419,0.4881790578365326,6039,3,0,0,0,0.0025252525252525,0.9345809870818153,0,0,0,0.0023866348448687,0.9307717787346804,-23,0,0,0,0,0,0
qwen3_0.6b_1024d,cn_def,EDGE-00067,ROOT-219CD,賓,歹,歹,殯,qwen3_0.6b_1024d__cn_def__EDGE-00067,8,8,獠,4810,0.3744678795337677,弊,4188,0.3440308570861816,6039,3,0,0,0,0.0002079002079002,0.2035442199403776,0,0,0,0.0002387774594078,0.3065584630672407,622,0,0,0,0,0,0
qwen3_0.6b_1024d,cn_def,EDGE-00068,ROOT-219CD,賓,氵,水,濱,qwen3_0.6b_1024d__cn_def__EDGE-00068,8,8,鹽,699,0.474568247795105,鹽,688,0.4276369214057922,6039,3,0,0,0,0.0014306151645207,0.8843988075521696,0,0,0,0.001453488372093,0.8862206028486254,11,0,0,0,0,0,0
qwen3_0.6b_1024d,cn_def,EDGE-00070,ROOT-219CD,賓,糸,糸,繽,qwen3_0.6b_1024d__cn_def__EDGE-00070,8,8,緬,2026,0.5078553557395935,緬,2287,0.4479911923408508,6039,3,0,0,0,0.0004935834155972,0.6646240476979133,0,0,0,0.0004372540445999,0.6213978138456442,-261,0,0,0,0,0,0
qwen3_0.6b_1024d,cn_def,EDGE-00072,ROOT-219CD,賓,髟,髟,鬢,qwen3_0.6b_1024d__cn_def__EDGE-00072,8,8,跚,288,0.5736749172210693,跚,606,0.499985009431839,6039,3,0,0,0,0.0034722222222222,0.9524677045379264,0,0,0,0.0016501650165016,0.8998012586949321,-318,0,0,0,0,0,0
qwen3_0.6b_1024d,cn_def,EDGE-00479,ROOT-4EA5,亥,刂,刀,刻,qwen3_0.6b_1024d__cn_def__EDGE-00479,11,11,斧,107,0.6445778608322144,斧,81,0.6329190135002136,6039,3,0,0,0,0.0093457943925233,0.9824445180523352,0,0,0,0.0123456790123456,0.9867505796621396,26,0,0,0,0,0,0
qwen3_0.6b_1024d,cn_def,EDGE-00480,ROOT-4EA5,亥,力,力,劾,qwen3_0.6b_1024d__cn_def__EDGE-00480,11,11,動,1466,0.4851309657096863,動,1510,0.4704234600067138,6039,3,0,0,0,0.0006821282401091,0.7573699900629347,0,0,0,0.0006622516556291,0.7500828088771117,-44,0,0,0,0,0,0
qwen3_0.6b_1024d,cn_def,EDGE-00481,ROOT-4EA5,亥,口,口,咳,qwen3_0.6b_1024d__cn_def__EDGE-00481,11,11,舌,166,0.5403200387954712,舌,120,0.5467665791511536,6039,3,0,0,0,0.0060240963855421,0.9726730705531632,0,0,0,0.0083333333333333,0.9802914872474328,46,0,0,0,0,0,0
qwen3_0.6b_1024d,cn_def,EDGE-00482,ROOT-4EA5,亥,土,土,垓,qwen3_0.6b_1024d__cn_def__EDGE-00482,11,11,泥,210,0.5345771908760071,濘,337,0.4870662987232208,6039,3,0,0,0,0.0047619047619047,0.9653858893673402,0,0,0,0.0029673590504451,0.944352434580987,-127,0,0,0,0,0,0
qwen3_0.6b_1024d,cn_def,EDGE-00483,ROOT-4EA5,亥,子,子,孩,qwen3_0.6b_1024d__cn_def__EDGE-00483,11,11,甲,1580,0.4343898892402649,甲,1595,0.4158797264099121,6039,3,0,0,0,0.000632911392405,0.7384895660814839,0,0,0,0.0006269592476489,0.7360052997681352,-15,0,0,0,0,0,0
qwen3_0.6b_1024d,cn_def,EDGE-00484,ROOT-4EA5,亥,木,木,核,qwen3_0.6b_1024d__cn_def__EDGE-00484,11,11,草,76,0.6104733943939209,草,83,0.5758806467056274,6039,3,0,0,0,0.0131578947368421,0.987578668433256,0,0,0,0.0120481927710843,0.9864193441536931,-7,0,0,0,0,0,0
qwen3_0.6b_1024d,cn_def,EDGE-00485,ROOT-4EA5,亥,欠,欠,欬,qwen3_0.6b_1024d__cn_def__EDGE-00485,11,11,哈,85,0.5655553340911865,吹,37,0.583559513092041,6039,3,0,0,0,0.0117647058823529,0.9860881086452468,0,0,0,0.027027027027027,0.9940377608479628,48,0,0,0,0,0,0
qwen3_0.6b_1024d,cn_def,EDGE-00489,ROOT-4EA5,亥,言,言,該,qwen3_0.6b_1024d__cn_def__EDGE-00489,11,11,講,740,0.538726270198822,講,604,0.5316804647445679,6039,3,0,0,0,0.0013513513513513,0.8776084796290162,0,0,0,0.0016556291390728,0.9001324942033786,136,0,0,0,0,0,0
qwen3_0.6b_1024d,cn_def,EDGE-00490,ROOT-4EA5,亥,門,門,閡,qwen3_0.6b_1024d__cn_def__EDGE-00490,11,11,栓,36,0.5622463822364807,戶,21,0.5638899803161621,6039,3,0,0,0,0.0277777777777777,0.994203378602186,0,0,0,0.0476190476190476,0.996687644915535,15,0,0,0,0,0,0
qwen3_0.6b_1024d,cn_def,EDGE-00492,ROOT-4EA5,亥,頁,頁,頦,qwen3_0.6b_1024d__cn_def__EDGE-00492,11,11,箋,4811,0.4112354218959808,箋,3139,0.4564016759395599,6039,3,0,0,0,0.0002078569943878,0.2033786021861543,0,0,0,0.0003185727938834,0.480291487247433,1672,0,0,0,0,0,0
qwen3_0.6b_1024d,cn_def,EDGE-00493,ROOT-4EA5,亥,馬,馬,駭,qwen3_0.6b_1024d__cn_def__EDGE-00493,11,11,犀,1001,0.4077256321907043,犀,509,0.4392359554767608,6039,3,0,0,0,0.0009990009990009,0.8343822457767472,0,0,0,0.0019646365422396,0.9158661808545876,492,0,0,0,0,0,0
qwen3_0.6b_1024d,cn_def,EDGE-00494,ROOT-4EA5,亥,骨,骨,骸,qwen3_0.6b_1024d__cn_def__EDGE-00494,11,11,蓓,419,0.457340657711029,蓓,2455,0.3719739615917206,6039,3,0,0,0,0.0023866348448687,0.9307717787346804,0,0,0,0.00040733197556,0.5935740311361377,-2036,0,0,0,0,0,0
qwen3_0.6b_1024d,cn_def,EDGE-00747,ROOT-5143,元,氵,水,沅,qwen3_0.6b_1024d__cn_def__EDGE-00747,6,6,鹽,1709,0.4234771430492401,鹽,1484,0.4173778891563415,6039,3,0,0,0,0.0005851375073142,0.7171248757866844,0,0,0,0.0006738544474393,0.7543888704869162,225,0,0,0,0,0,0
qwen3_0.6b_1024d,cn_def,EDGE-00748,ROOT-5143,元,王,玉,玩,qwen3_0.6b_1024d__cn_def__EDGE-00748,7,6,硝,1396,0.4545939564704895,硝,3227,0.3561210930347442,6039,3,0,0,0,0.0007163323782234,0.7689632328585625,0,0,0,0.0003098853424233,0.4657171248757866,-1831,0,0,0,0,0,0
qwen3_0.6b_1024d,cn_def,EDGE-00749,ROOT-5143,元,習,習,翫,qwen3_0.6b_1024d__cn_def__EDGE-00749,7,6,又,2217,0.4079367816448211,省,1784,0.358663260936737,6039,3,0,0,0,0.0004510599909788,0.632991056641272,0,0,0,0.0005605381165919,0.7047035442199403,433,0,0,0,0,0,0
qwen3_0.6b_1024d,cn_def,EDGE-00754,ROOT-5143,元,頁,頁,頑,qwen3_0.6b_1024d__cn_def__EDGE-00754,7,6,箋,2516,0.4858965277671814,箋,3242,0.4230689704418182,6039,3,0,0,0,0.0003974562798092,0.5834713481285194,0,0,0,0.000308451573103,0.4632328585624379,-726,0,0,0,0,0,0
qwen3_0.6b_1024d,cn_def,EDGE-00755,ROOT-5143,元,黽,黽,黿,qwen3_0.6b_1024d__cn_def__EDGE-00755,7,6,髣,5620,0.3287020921707153,猢,4620,0.3008013069629669,6039,3,0,0,0,0.0001779359430604,0.0693938390195428,0,0,0,0.0002164502164502,0.2350115932427956,1000,0,0,0,0,0,0
qwen3_0.6b_1024d,cn_def,EDGE-00807,ROOT-5303,曷,亻,人,偈,qwen3_0.6b_1024d__cn_def__EDGE-00807,13,13,神,1415,0.4184135198593139,神,787,0.4447333812713623,6039,3,0,0,0,0.0007067137809187,0.7658164955283207,0,0,0,0.0012706480304955,0.8698244451805234,628,0,0,0,0,0,0
qwen3_0.6b_1024d,cn_def,EDGE-00808,ROOT-5303,曷,口,口,喝,qwen3_0.6b_1024d__cn_def__EDGE-00808,13,13,舌,195,0.5300952792167664,舌,208,0.5262365937232971,6039,3,0,0,0,0.0051282051282051,0.967870155680689,0,0,0,0.0048076923076923,0.9657171248757866,-13,0,0,0,0,0,0
qwen3_0.6b_1024d,cn_def,EDGE-00810,ROOT-5303,曷,忄,心,愒,qwen3_0.6b_1024d__cn_def__EDGE-00810,13,13,腎,2316,0.3931735157966614,脾,846,0.4397039115428924,6039,3,0,0,0,0.0004317789291882,0.61659489897317,0,0,0,0.0011820330969267,0.8600529976813515,1470,0,0,0,0,0,0
qwen3_0.6b_1024d,cn_def,EDGE-00811,ROOT-5303,曷,扌,手,揭,qwen3_0.6b_1024d__cn_def__EDGE-00811,13,13,臂,420,0.5010387301445007,膀,822,0.4790884852409363,6039,3,0,0,0,0.0023809523809523,0.9306061609804572,0,0,0,0.0012165450121654,0.8640278237827095,-402,0,0,0,0,0,0
qwen3_0.6b_1024d,cn_def,EDGE-00815,ROOT-5303,曷,欠,欠,歇,qwen3_0.6b_1024d__cn_def__EDGE-00815,13,13,哈,258,0.526183009147644,噓,293,0.51075679063797,6039,3,0,0,0,0.003875968992248,0.957436237164624,0,0,0,0.0034129692832764,0.9516396157668102,-35,0,0,0,0,0,0
qwen3_0.6b_1024d,cn_def,EDGE-00817,ROOT-5303,曷,氵,水,渴,qwen3_0.6b_1024d__cn_def__EDGE-00817,13,13,鹽,2673,0.3938307166099548,鹽,3495,0.3775217235088348,6039,3,0,0,0,0.0003741114852225,0.5574693607154687,0,0,0,0.0002861230329041,0.421331566743955,-822,0,0,0,0,0,0
qwen3_0.6b_1024d,cn_def,EDGE-00819,ROOT-5303,曷,石,石,碣,qwen3_0.6b_1024d__cn_def__EDGE-00819,13,13,合,688,0.4799841940402984,合,1530,0.4511088728904724,6039,3,0,0,0,0.001453488372093,0.8862206028486254,0,0,0,0.0006535947712418,0.7467704537926465,-842,0,0,0,0,0,0
qwen3_0.6b_1024d,cn_def,EDGE-00821,ROOT-5303,曷,立,立,竭,qwen3_0.6b_1024d__cn_def__EDGE-00821,13,13,挺,2441,0.4151492416858673,挺,2065,0.4144360423088074,6039,3,0,0,0,0.0004096681687832,0.5958926796952633,0,0,0,0.0004842615012106,0.6581649552832063,376,0,0,0,0,0,0
qwen3_0.6b_1024d,cn_def,EDGE-00822,ROOT-5303,曷,羊,羊,羯,qwen3_0.6b_1024d__cn_def__EDGE-00822,13,13,祥,4990,0.2526845932006836,祥,4671,0.2319830805063247,6039,3,0,0,0,0.0002004008016032,0.1737330241801921,0,0,0,0.0002140869192892,0.2265650877774097,319,0,0,0,0,0,0
qwen3_0.6b_1024d,cn_def,EDGE-00827,ROOT-5303,曷,衤,衣,褐,qwen3_0.6b_1024d__cn_def__EDGE-00827,13,13,襪,496,0.526059091091156,襪,312,0.5410856008529663,6039,3,0,0,0,0.002016129032258,0.91801921165949,0,0,0,0.0032051282051282,0.9484928784365684,184,0,0,0,0,0,0
qwen3_0.6b_1024d,cn_def,EDGE-00828,ROOT-5303,曷,言,言,謁,qwen3_0.6b_1024d__cn_def__EDGE-00828,13,13,講,768,0.5373001098632812,講,794,0.5270936489105225,6039,3,0,0,0,0.0013020833333333,0.8729711825107651,0,0,0,0.0012594458438287,0.8686651209009606,-26,0,0,0,0,0,0
qwen3_0.6b_1024d,cn_def,EDGE-02217,ROOT-572D,圭,亻,人,佳,qwen3_0.6b_1024d__cn_def__EDGE-02217,15,15,神,1994,0.4003754258155823,神,2154,0.3871182203292846,6039,3,0,0,0,0.0005015045135406,0.6699238158330574,0,0,0,0.000464252553389,0.6434249751573369,-160,0,0,0,0,0,0
qwen3_0.6b_1024d,cn_def,EDGE-02219,ROOT-572D,圭,卜,卜,卦,qwen3_0.6b_1024d__cn_def__EDGE-02219,15,15,兆,9,0.5514806509017944,兆,14,0.4957553744316101,6039,3,0,0,1,0.1111111111111111,0.998675057966214,0,0,0,0.0714285714285714,0.9978469691950976,-5,0,0,0,0,0,1
qwen3_0.6b_1024d,cn_def,EDGE-02226,ROOT-572D,圭,口,口,哇,qwen3_0.6b_1024d__cn_def__EDGE-02226,15,15,舌,304,0.5075222849845886,舌,224,0.5062653422355652,6039,3,0,0,0,0.0032894736842105,0.9498178204703543,0,0,0,0.0044642857142857,0.9630672408082146,80,0,0,0,0,0,0
qwen3_0.6b_1024d,cn_def,EDGE-02227,ROOT-572D,圭,大,大,奎,qwen3_0.6b_1024d__cn_def__EDGE-02227,15,15,小,5834,0.2935198545455932,小,5894,0.2557380795478821,6039,3,0,0,0,0.0001714089818306,0.0339516396157668,0,0,0,0.000169664065151,0.0240145743623716,-60,0,0,0,0,0,0
qwen3_0.6b_1024d,cn_def,EDGE-02229,ROOT-572D,圭,女,女,娃,qwen3_0.6b_1024d__cn_def__EDGE-02229,15,15,男,5503,0.3197337090969085,男,4873,0.3328492641448974,6039,3,0,0,0,0.0001817190623296,0.0887711162636635,0,0,0,0.0002052123948286,0.1931103014243127,630,0,0,0,0,0,0
qwen3_0.6b_1024d,cn_def,EDGE-02230,ROOT-572D,圭,心,心,恚,qwen3_0.6b_1024d__cn_def__EDGE-02230,15,15,腎,2518,0.3887271881103515,脾,2800,0.3684737086296081,6039,3,0,0,0,0.000397140587768,0.5831401126200728,0,0,0,0.0003571428571428,0.5364359059291156,-282,0,0,0,0,0,0
qwen3_0.6b_1024d,cn_def,EDGE-02232,ROOT-572D,圭,木,木,桂,qwen3_0.6b_1024d__cn_def__EDGE-02232,15,15,草,123,0.5892653465270996,草,126,0.5785268545150757,6039,3,0,0,0,0.008130081300813,0.9797946339847632,0,0,0,0.0079365079365079,0.9792977807220934,-3,0,0,0,0,0,0
qwen3_0.6b_1024d,cn_def,EDGE-02236,ROOT-572D,圭,王,玉,珪,qwen3_0.6b_1024d__cn_def__EDGE-02236,15,15,硝,4620,0.3598101139068603,硝,5169,0.3306312263011932,6039,3,0,0,0,0.0002164502164502,0.2350115932427956,0,0,0,0.0001934610176049,0.1440874461742298,-549,0,0,0,0,0,0
qwen3_0.6b_1024d,cn_def,EDGE-02237,ROOT-572D,圭,田,田,畦,qwen3_0.6b_1024d__cn_def__EDGE-02237,15,15,佃,12,0.7399851083755493,佃,8,0.7452636361122131,6039,3,0,0,0,0.0833333333333333,0.9981782047035442,0,0,1,0.125,0.9988406757204372,4,0,0,0,0,1,0
qwen3_0.6b_1024d,cn_def,EDGE-02243,ROOT-572D,圭,虫,虫,蛙,qwen3_0.6b_1024d__cn_def__EDGE-02243,15,15,虺,146,0.4958942234516144,虺,1204,0.392482042312622,6039,3,0,0,0,0.0068493150684931,0.9759854256376284,0,0,0,0.0008305647840531,0.800761841669427,-1058,0,0,0,0,0,0
qwen3_0.6b_1024d,cn_def,EDGE-02244,ROOT-572D,圭,行,行,街,qwen3_0.6b_1024d__cn_def__EDGE-02244,15,15,陳,4212,0.3166922926902771,陳,3851,0.2720275521278381,6039,3,0,0,0,0.0002374169040835,0.3025836369658827,0,0,0,0.0002596728122565,0.362371646240477,361,0,0,0,0,0,0
qwen3_0.6b_1024d,cn_def,EDGE-02248,ROOT-572D,圭,門,門,閨,qwen3_0.6b_1024d__cn_def__EDGE-02248,15,15,栓,4744,0.3015851974487304,戶,4644,0.2951728403568268,6039,3,0,0,0,0.0002107925801011,0.2144749917191123,0,0,0,0.0002153316106804,0.2310367671414376,100,0,0,0,0,0,0
qwen3_0.6b_1024d,cn_def,EDGE-02249,ROOT-572D,圭,革,革,鞋,qwen3_0.6b_1024d__cn_def__EDGE-02249,15,15,韋,835,0.4880784451961517,韋,1317,0.4539743959903717,6039,3,0,0,0,0.0011976047904191,0.8618747929778072,0,0,0,0.0007593014426727,0.7820470354421994,-482,0,0,0,0,0,0
qwen3_0.6b_1024d,cn_def,EDGE-02266,ROOT-582F,堯,亻,人,僥,qwen3_0.6b_1024d__cn_def__EDGE-02266,12,12,神,970,0.4360759854316711,黠,403,0.4505184888839721,6039,3,0,0,0,0.0010309278350515,0.8395163961576682,0,0,0,0.0024813895781637,0.9334216628022524,567,0,0,0,0,0,0
qwen3_0.6b_1024d,cn_def,EDGE-02268,ROOT-582F,堯,女,女,嬈,qwen3_0.6b_1024d__cn_def__EDGE-02268,12,12,男,719,0.4919231534004211,男,1433,0.4431683719158172,6039,3,0,0,0,0.0013908205841446,0.8810864524677046,0,0,0,0.0006978367062107,0.7628353759523021,-714,0,0,0,0,0,0
qwen3_0.6b_1024d,cn_def,EDGE-02270,ROOT-582F,堯,扌,手,撓,qwen3_0.6b_1024d__cn_def__EDGE-02270,12,12,臂,3083,0.4001667499542236,抱,2020,0.399308830499649,6039,3,0,0,0,0.0003243593902043,0.4895660814839351,0,0,0,0.0004950495049504,0.6656177542232528,1063,0,0,0,0,0,0
qwen3_0.6b_1024d,cn_def,EDGE-02271,ROOT-582F,堯,日,日,曉,qwen3_0.6b_1024d__cn_def__EDGE-02271,12,12,景,146,0.5995501279830933,景,196,0.5804300308227539,6039,3,0,0,0,0.0068493150684931,0.9759854256376284,0,0,0,0.0051020408163265,0.9677045379264656,-50,0,0,0,0,0,0
qwen3_0.6b_1024d,cn_def,EDGE-02272,ROOT-582F,堯,木,木,橈,qwen3_0.6b_1024d__cn_def__EDGE-02272,12,12,草,1670,0.4470996558666229,草,1749,0.4285847544670105,6039,3,0,0,0,0.0005988023952095,0.7235839682013911,0,0,0,0.0005717552887364,0.7105001656177542,-79,0,0,0,0,0,0
qwen3_0.6b_1024d,cn_def,EDGE-02273,ROOT-582F,堯,氵,水,澆,qwen3_0.6b_1024d__cn_def__EDGE-02273,12,12,鹽,123,0.5446599721908569,鹽,105,0.5346459746360779,6039,3,0,0,0,0.008130081300813,0.9797946339847632,0,0,0,0.0095238095238095,0.9827757535607816,18,0,0,0,0,0,0
qwen3_0.6b_1024d,cn_def,EDGE-02274,ROOT-582F,堯,火,火,燒,qwen3_0.6b_1024d__cn_def__EDGE-02274,12,12,燄,16,0.7207172513008118,燄,11,0.7152021527290344,6039,3,0,0,0,0.0625,0.9975157336866513,0,0,0,0.0909090909090909,0.9983438224577674,5,0,0,0,0,0,0
qwen3_0.6b_1024d,cn_def,EDGE-02277,ROOT-582F,堯,糸,糸,繞,qwen3_0.6b_1024d__cn_def__EDGE-02277,12,12,緬,17,0.7470121383666992,緬,6,0.722936749458313,6039,3,0,0,0,0.0588235294117647,0.997350115932428,0,0,1,0.1666666666666666,0.9991719112288836,11,0,0,0,0,1,0
qwen3_0.6b_1024d,cn_def,EDGE-02278,ROOT-582F,堯,羽,羽,翹,qwen3_0.6b_1024d__cn_def__EDGE-02278,12,12,毫,3366,0.407796561717987,毫,2802,0.4189146161079407,6039,3,0,0,0,0.0002970885323826,0.4426962570387546,0,0,0,0.0003568879371877,0.5361046704206691,564,0,0,0,0,0,0
qwen3_0.6b_1024d,cn_def,EDGE-02281,ROOT-582F,堯,虫,虫,蟯,qwen3_0.6b_1024d__cn_def__EDGE-02281,12,12,虺,106,0.5068445801734924,虺,2676,0.3572267591953277,6039,3,0,0,0,0.0094339622641509,0.9826101358065584,0,0,0,0.0003736920777279,0.5569725074527989,-2570,0,0,0,0,0,0
qwen3_0.6b_1024d,cn_def,EDGE-02285,ROOT-582F,堯,釒,金,鐃,qwen3_0.6b_1024d__cn_def__EDGE-02285,12,12,銀,4278,0.3243760466575622,銀,3476,0.3437067568302154,6039,3,0,0,0,0.0002337540906965,0.291652865187148,0,0,0,0.0002876869965477,0.4244783040741967,802,0,0,0,0,0,0
qwen3_0.6b_1024d,cn_def,EDGE-02287,ROOT-582F,堯,飠,食,饒,qwen3_0.6b_1024d__cn_def__EDGE-02287,12,12,餐,3827,0.4380328059196472,餐,3006,0.4274251759052276,6039,3,0,0,0,0.0002613012803762,0.366346472341835,0,0,0,0.0003326679973386,0.5023186485591256,821,0,0,0,0,0,0
qwen3_0.6b_1024d,cn_def,EDGE-02288,ROOT-582F,堯,馬,馬,驍,qwen3_0.6b_1024d__cn_def__EDGE-02288,12,12,犀,3747,0.3287081718444824,犀,4342,0.3155190944671631,6039,3,0,0,0,0.0002668801708033,0.3795958926796953,0,0,0,0.0002303086135421,0.2810533289168598,-595,0,0,0,0,0,0
qwen3_0.6b_1024d,cn_def,EDGE-03014,ROOT-382F,台,女,女,始,qwen3_0.6b_1024d__cn_def__EDGE-03014,14,13,男,1614,0.4560674726963043,男,2095,0.418098121881485,6039,3,0,0,0,0.0006195786864931,0.7328585624378934,0,0,0,0.0004773269689737,0.6531964226565088,-481,0,0,0,0,0,0
qwen3_0.6b_1024d,cn_def,EDGE-03015,ROOT-382F,台,心,心,怠,qwen3_0.6b_1024d__cn_def__EDGE-03015,14,13,腎,2739,0.3833100497722626,脾,1173,0.4425195455551147,6039,3,0,0,0,0.0003650967506389,0.546538588936734,0,0,0,0.000852514919011,0.8058959920503478,1566,0,0,0,0,0,0
qwen3_0.6b_1024d,cn_def,EDGE-03016,ROOT-382F,台,忄,心,怡,qwen3_0.6b_1024d__cn_def__EDGE-03016,14,13,腎,970,0.4289760589599609,脾,565,0.4618320167064667,6039,3,0,0,0,0.0010309278350515,0.8395163961576682,0,0,0,0.0017699115044247,0.9065915866180856,405,0,0,0,0,0,0
qwen3_0.6b_1024d,cn_def,EDGE-03018,ROOT-382F,台,歹,歹,殆,qwen3_0.6b_1024d__cn_def__EDGE-03018,14,13,獠,44,0.6571919322013855,獠,67,0.6111128926277161,6039,3,0,0,0,0.0227272727272727,0.9928784365684,0,0,0,0.0149253731343283,0.9890692282212652,-23,0,0,0,0,0,0
qwen3_0.6b_1024d,cn_def,EDGE-03019,ROOT-382F,台,氵,水,治,qwen3_0.6b_1024d__cn_def__EDGE-03019,14,13,鹽,1656,0.4255042970180511,鹽,1451,0.4222486019134521,6039,3,0,0,0,0.0006038647342995,0.7259026167605167,0,0,0,0.0006891798759476,0.7598542563762836,205,0,0,0,0,0,0
qwen3_0.6b_1024d,cn_def,EDGE-03023,ROOT-382F,台,竹,竹,笞,qwen3_0.6b_1024d__cn_def__EDGE-03023,14,13,藤,977,0.4207897782325744,藤,805,0.4303201138973236,6039,3,0,0,0,0.0010235414534288,0.8383570718781053,0,0,0,0.0012422360248447,0.8668433256045048,172,0,0,0,0,0,0
qwen3_0.6b_1024d,cn_def,EDGE-03024,ROOT-382F,台,糸,糸,紿,qwen3_0.6b_1024d__cn_def__EDGE-03024,14,13,緬,4688,0.4357826113700866,緬,3366,0.4553031921386719,6039,3,0,0,0,0.0002133105802047,0.2237495859556144,0,0,0,0.0002970885323826,0.4426962570387546,1322,0,0,0,0,0,0
qwen3_0.6b_1024d,cn_def,EDGE-03025,ROOT-382F,台,肉,肉,胎,qwen3_0.6b_1024d__cn_def__EDGE-03025,14,13,膜,191,0.5421142578125,膜,616,0.474147081375122,6039,3,0,0,0,0.0052356020942408,0.968532626697582,0,0,0,0.0016233766233766,0.8981450811526995,-425,0,0,0,0,0,0
qwen3_0.6b_1024d,cn_def,EDGE-03028,ROOT-382F,台,貝,貝,貽,qwen3_0.6b_1024d__cn_def__EDGE-03028,14,13,魷,3939,0.330205887556076,螺,3656,0.3496468067169189,6039,3,0,0,0,0.0002538715410002,0.3477972838688307,0,0,0,0.0002735229759299,0.3946671083140113,283,0,0,0,0,0,0
qwen3_0.6b_1024d,cn_def,EDGE-03031,ROOT-382F,台,風,風,颱,qwen3_0.6b_1024d__cn_def__EDGE-03031,14,13,波,2189,0.4507766664028168,波,3308,0.3970561623573303,6039,3,0,0,0,0.0004568296025582,0.6376283537595231,0,0,0,0.0003022974607013,0.4523020867837032,-1119,0,0,0,0,0,0
qwen3_0.6b_1024d,cn_def,EDGE-03032,ROOT-382F,台,飠,食,飴,qwen3_0.6b_1024d__cn_def__EDGE-03032,14,13,餐,1206,0.510672926902771,餔,3336,0.4288713932037353,6039,3,0,0,0,0.0008291873963515,0.8004306061609805,0,0,0,0.0002997601918465,0.4476647896654521,-2130,0,0,0,0,0,0
qwen3_0.6b_1024d,cn_def,EDGE-03033,ROOT-382F,台,馬,馬,駘,qwen3_0.6b_1024d__cn_def__EDGE-03033,14,13,犀,3242,0.3421287536621094,犀,2335,0.3700493574142456,6039,3,0,0,0,0.000308451573103,0.4632328585624379,0,0,0,0.0004282655246252,0.6134481616429281,907,0,0,0,0,0,0
qwen3_0.6b_1024d,cn_def,EDGE-03085,ROOT-5E1D,帝,口,口,啻,qwen3_0.6b_1024d__cn_def__EDGE-03085,3,3,舌,2647,0.3813613951206207,舌,2351,0.3343897461891174,6039,3,0,0,0,0.000377786173026,0.5617754223252733,0,0,0,0.0004253509145044,0.6107982775753561,296,0,0,0,0,0,0
qwen3_0.6b_1024d,cn_def,EDGE-03087,ROOT-5E1D,帝,口,口,啼,qwen3_0.6b_1024d__cn_def__EDGE-03087,3,3,舌,1338,0.4266719222068786,舌,3435,0.3032614588737488,6039,3,0,0,0,0.0007473841554559,0.7785690626035111,0,0,0,0.0002911208151382,0.4312686319973501,-2097,0,0,0,0,0,0
qwen3_0.6b_1024d,cn_def,EDGE-03089,ROOT-5E1D,帝,糸,糸,締,qwen3_0.6b_1024d__cn_def__EDGE-03089,4,3,緬,2471,0.4968558251857757,緬,3741,0.3584891557693481,6039,3,0,0,0,0.0004046944556859,0.5909241470685658,0,0,0,0.0002673082063619,0.3805895992050347,-1270,0,0,0,0,0,0
qwen3_0.6b_1024d,cn_def,EDGE-03091,ROOT-5E1D,帝,言,言,諦,qwen3_0.6b_1024d__cn_def__EDGE-03091,4,3,講,775,0.5369793772697449,講,737,0.4727220237255096,6039,3,0,0,0,0.0012903225806451,0.8718118582312024,0,0,0,0.0013568521031207,0.878105332891686,38,0,0,0,0,0,0
qwen3_0.6b_1024d,cn_def,EDGE-03092,ROOT-5E1D,帝,𧾷,足,蹄,qwen3_0.6b_1024d__cn_def__EDGE-03092,4,3,太,4190,0.3857820928096771,太,4618,0.2703531086444855,6039,3,0,0,0,0.0002386634844868,0.3062272275587943,0,0,0,0.0002165439584235,0.2353428287512421,-428,0,0,0,0,0,0
qwen3_0.6b_1024d,cn_def,EDGE-03943,ROOT-67EC,闌,木,木,欄,qwen3_0.6b_1024d__cn_def__EDGE-03943,16,14,草,1531,0.4515345990657806,草,2527,0.4267941415309906,6039,3,0,0,0,0.000653167864141,0.7466048360384233,0,0,0,0.000395726157499,0.5816495528320635,-996,0,0,0,0,0,0
qwen3_0.6b_1024d,cn_def,EDGE-03944,ROOT-67EC,闌,氵,水,瀾,qwen3_0.6b_1024d__cn_def__EDGE-03944,16,14,鹽,1447,0.4348140656948089,鹽,1698,0.4222680032253265,6039,3,0,0,0,0.0006910850034554,0.7605167273931766,0,0,0,0.0005889281507656,0.71894667108314,-251,0,0,0,0,0,0
qwen3_0.6b_1024d,cn_def,EDGE-03945,ROOT-67EC,闌,火,火,爛,qwen3_0.6b_1024d__cn_def__EDGE-03945,16,14,燄,747,0.5068457722663879,燄,1068,0.4828173816204071,6039,3,0,0,0,0.001338688085676,0.8764491553494534,0,0,0,0.0009363295880149,0.8232858562437894,-321,0,0,0,0,0,0
qwen3_0.6b_1024d,cn_def,EDGE-04481,ROOT-9752,青,亻,人,倩,qwen3_0.6b_1024d__cn_def__EDGE-04481,11,11,神,5245,0.2959456443786621,黠,5095,0.2787627577781677,6039,3,0,0,0,0.000190657769304,0.1315004968532627,0,0,0,0.0001962708537782,0.1563431599867506,150,0,0,0,0,0,0
qwen3_0.6b_1024d,cn_def,EDGE-04485,ROOT-9752,青,忄,心,情,qwen3_0.6b_1024d__cn_def__EDGE-04485,11,11,腎,610,0.445543110370636,肓,362,0.4484210610389709,6039,3,0,0,0,0.001639344262295,0.8991387876780391,0,0,0,0.0027624309392265,0.9402119907254056,248,0,0,0,0,0,0
qwen3_0.6b_1024d,cn_def,EDGE-04486,ROOT-9752,青,日,日,晴,qwen3_0.6b_1024d__cn_def__EDGE-04486,11,11,景,52,0.6335827708244324,景,24,0.652450442314148,6039,3,0,0,0,0.0192307692307692,0.991553494534614,0,0,0,0.0416666666666666,0.9961907916528652,28,0,0,0,0,0,0
qwen3_0.6b_1024d,cn_def,EDGE-04487,ROOT-9752,青,犭,犬,猜,qwen3_0.6b_1024d__cn_def__EDGE-04487,11,11,吠,2260,0.4238480925559997,吠,2050,0.4435307383537292,6039,3,0,0,0,0.0004424778761061,0.625869493209672,0,0,0,0.0004878048780487,0.6606492215965551,210,0,0,0,0,0,0
qwen3_0.6b_1024d,cn_def,EDGE-04488,ROOT-9752,青,目,目,睛,qwen3_0.6b_1024d__cn_def__EDGE-04488,11,11,瞼,4,0.7807912826538086,瞼,7,0.6965258121490479,6039,3,0,1,1,0.25,0.9995031467373302,0,0,1,0.1428571428571428,0.9990062934746604,-3,0,0,0,1,0,0
qwen3_0.6b_1024d,cn_def,EDGE-04489,ROOT-9752,青,米,米,精,qwen3_0.6b_1024d__cn_def__EDGE-04489,11,11,籽,3366,0.3942648470401764,核,1688,0.4190830588340759,6039,3,0,0,0,0.0002970885323826,0.4426962570387546,0,0,0,0.0005924170616113,0.7206028486253726,1678,0,0,0,0,0,0
qwen3_0.6b_1024d,cn_def,EDGE-04492,ROOT-9752,青,虫,虫,蜻,qwen3_0.6b_1024d__cn_def__EDGE-04492,11,11,虺,884,0.4324804842472076,虺,2113,0.3926724791526794,6039,3,0,0,0,0.001131221719457,0.8537595230208679,0,0,0,0.0004732607666824,0.6502153030804902,-1229,0,0,0,0,0,0
qwen3_0.6b_1024d,cn_def,EDGE-04493,ROOT-9752,青,言,言,請,qwen3_0.6b_1024d__cn_def__EDGE-04493,11,11,講,2620,0.4584448933601379,講,2703,0.4284777045249939,6039,3,0,0,0,0.0003816793893129,0.5662471016893011,0,0,0,0.0003699593044765,0.5525008280887711,-83,0,0,0,0,0,0
qwen3_0.6b_1024d,cn_def,EDGE-04495,ROOT-9752,青,立,立,靖,qwen3_0.6b_1024d__cn_def__EDGE-04495,11,11,挺,2418,0.4160638153553009,屹,1646,0.4256007075309753,6039,3,0,0,0,0.0004135649296939,0.5997018880423981,0,0,0,0.0006075334143377,0.7275587943027493,772,0,0,0,0,0,0
qwen3_0.6b_1024d,cn_def,EDGE-04496,ROOT-9752,青,見,見,靚,qwen3_0.6b_1024d__cn_def__EDGE-04496,11,11,閱,1145,0.4924980103969574,閱,417,0.5216065645217896,6039,3,0,0,0,0.0008733624454148,0.8105332891685989,0,0,0,0.0023980815347721,0.9311030142431268,728,0,0,0,0,0,0
qwen3_0.6b_1024d,cn_def,EDGE-04497,ROOT-9752,青,爭,爭,靜,qwen3_0.6b_1024d__cn_def__EDGE-04497,11,11,劫,1248,0.4658917784690857,劫,1113,0.4479935467243194,6039,3,0,0,0,0.000801282051282,0.7934746604836038,0,0,0,0.0008984725965858,0.8158330573037429,135,0,0,0,0,0,0
qwen3_0.6b_1024d,cn_def,EDGE-04498,ROOT-9752,青,魚,魚,鯖,qwen3_0.6b_1024d__cn_def__EDGE-04498,11,11,蛤,170,0.5533345341682434,蛤,234,0.5194717645645142,6039,3,0,0,0,0.0058823529411764,0.9720105995362704,0,0,0,0.0042735042735042,0.961411063265982,-64,0,0,0,0,0,0
qwen3_0.6b_1024d,cn_def,EDGE-05389,ROOT-4F59,余,氵,水,涂,qwen3_0.6b_1024d__cn_def__EDGE-05389,6,6,鹽,5745,0.2751753628253937,鹽,5847,0.2202404290437698,6039,3,0,0,0,0.0001740644038294,0.0486916197416362,0,0,0,0.000171027877544,0.0317986088108644,-102,0,0,0,0,0,0
qwen3_0.6b_1024d,cn_def,EDGE-05391,ROOT-4F59,余,彳,彳,徐,qwen3_0.6b_1024d__cn_def__EDGE-05391,6,6,亍,902,0.4515182375907898,亍,1206,0.348406583070755,6039,3,0,0,0,0.0011086474501108,0.8507784034448493,0,0,0,0.0008291873963515,0.8004306061609805,-304,0,0,0,0,0,0
qwen3_0.6b_1024d,cn_def,EDGE-05394,ROOT-4F59,余,斗,斗,斜,qwen3_0.6b_1024d__cn_def__EDGE-05394,6,6,樽,2227,0.4321087598800659,樽,2036,0.4206348359584808,6039,3,0,0,0,0.0004490345756623,0.6313348790990394,0,0,0,0.0004911591355599,0.6629678701556807,191,0,0,0,0,0,0
qwen3_0.6b_1024d,cn_def,EDGE-05396,ROOT-4F59,余,田,田,畬,qwen3_0.6b_1024d__cn_def__EDGE-05396,6,6,佃,113,0.6169205904006958,佃,76,0.6100167036056519,6039,3,0,0,0,0.0088495575221238,0.9814508115269956,0,0,0,0.0131578947368421,0.987578668433256,37,0,0,0,0,0,0
qwen3_0.6b_1024d,cn_def,EDGE-05401,ROOT-4F59,余,虫,虫,蜍,qwen3_0.6b_1024d__cn_def__EDGE-05401,6,6,虺,16,0.5681819319725037,虺,19,0.5112130641937256,6039,3,0,0,0,0.0625,0.9975157336866513,0,0,0,0.0526315789473684,0.9970188804239816,-3,0,0,0,0,0,0
qwen3_0.6b_1024d,cn_def,EDGE-05408,ROOT-4F59,余,飠,食,餘,qwen3_0.6b_1024d__cn_def__EDGE-05408,6,6,餐,1513,0.4999988079071045,饜,889,0.4907440543174743,6039,3,0,0,0,0.0006609385327164,0.7495859556144419,0,0,0,0.0011248593925759,0.8529314342497516,624,0,0,0,0,0,0
qwen3_0.6b_1024d,cn_def,EDGE-05801,ROOT-8FB0,辰,女,女,娠,qwen3_0.6b_1024d__cn_def__EDGE-05801,6,6,男,2855,0.4177611768245697,男,3467,0.3809841573238373,6039,3,0,0,0,0.0003502626970227,0.5273269294468367,0,0,0,0.0002884338044418,0.425968863862206,-612,0,0,0,0,0,0
qwen3_0.6b_1024d,cn_def,EDGE-05803,ROOT-8FB0,辰,扌,手,振,qwen3_0.6b_1024d__cn_def__EDGE-05803,6,6,臂,97,0.5690183639526367,膀,47,0.5755882859230042,6039,3,0,0,0,0.0103092783505154,0.9841006955945676,0,0,0,0.0212765957446808,0.9923815833057305,50,0,0,0,0,0,0
qwen3_0.6b_1024d,cn_def,EDGE-05804,ROOT-8FB0,辰,日,日,晨,qwen3_0.6b_1024d__cn_def__EDGE-05804,6,6,景,10,0.6886342167854309,景,19,0.6522271633148193,6039,3,0,0,1,0.1,0.9985094402119908,0,0,0,0.0526315789473684,0.9970188804239816,-9,0,0,0,0,0,1
qwen3_0.6b_1024d,cn_def,EDGE-05807,ROOT-8FB0,辰,肉,肉,脣,qwen3_0.6b_1024d__cn_def__EDGE-05807,6,6,膜,94,0.5712105631828308,膜,156,0.5078141689300537,6039,3,0,0,0,0.0106382978723404,0.9845975488572376,0,0,0,0.0064102564102564,0.9743292480953958,-62,0,0,0,0,0,0
qwen3_0.6b_1024d,cn_def,EDGE-05809,ROOT-8FB0,辰,虫,虫,蜃,qwen3_0.6b_1024d__cn_def__EDGE-05809,6,6,虺,1473,0.4082009792327881,虺,2722,0.3607437908649444,6039,3,0,0,0,0.0006788866259334,0.756210665783372,0,0,0,0.0003673769287288,0.5493540907585293,-1249,0,0,0,0,0,0
qwen3_0.6b_1024d,cn_def,EDGE-05810,ROOT-8FB0,辰,貝,貝,賑,qwen3_0.6b_1024d__cn_def__EDGE-05810,6,6,魷,2815,0.3620135486125946,蠔,2331,0.3656795024871826,6039,3,0,0,0,0.0003552397868561,0.5339516396157669,0,0,0,0.0004290004290004,0.6141106326598211,484,0,0,0,0,0,0
qwen3_0.6b_1024d,cn_def,EDGE-05811,ROOT-8FB0,辰,雨,雨,震,qwen3_0.6b_1024d__cn_def__EDGE-05811,6,6,雲,302,0.4975708723068237,雲,367,0.4633196592330932,6039,3,0,0,0,0.0033112582781456,0.950149055978801,0,0,0,0.0027247956403269,0.9393839019542896,-65,0,0,0,0,0,0
qwen3_0.6b_1024d,cn_def,EDGE-06206,ROOT-5360,店,扌,手,掂,qwen3_0.6b_1024d__cn_def__EDGE-06206,10,10,臂,116,0.5609068870544434,抱,112,0.5503195524215698,6039,3,0,0,0,0.0086206896551724,0.980953958264326,0,0,0,0.0089285714285714,0.981616429281219,4,0,0,0,0,0,0
qwen3_0.6b_1024d,cn_def,EDGE-06207,ROOT-5360,店,忄,心,惦,qwen3_0.6b_1024d__cn_def__EDGE-06207,11,10,腎,1947,0.402212530374527,肓,675,0.4314475655555725,6039,3,0,0,0,0.0005136106831022,0.6777078502815501,0,0,0,0.0014814814814814,0.8883736336535276,1272,0,0,0,0,0,0
qwen3_0.6b_1024d,en_def_translated_cn_def,EDGE-00063,ROOT-219CD,賓,亻,人,儐,qwen3_0.6b_1024d__en_def_translated_cn_def__EDGE-00063,8,8,俊,5289,0.3364406526088714,俊,2144,0.4126202762126922,6039,3,0,0,0,0.0001890716581584,0.1242133156674395,0,0,0,0.0004664179104477,0.6450811526995694,3145,0,0,0,0,0,0
qwen3_0.6b_1024d,en_def_translated_cn_def,EDGE-00064,ROOT-219CD,賓,女,女,嬪,qwen3_0.6b_1024d__en_def_translated_cn_def__EDGE-00064,8,8,雄,1646,0.4901856482028961,雄,473,0.4906335771083832,6039,3,0,0,0,0.0006075334143377,0.7275587943027493,0,0,0,0.0021141649048625,0.9218284200066248,1173,0,0,0,0,0,0
qwen3_0.6b_1024d,en_def_translated_cn_def,EDGE-00065,ROOT-219CD,賓,扌,手,擯,qwen3_0.6b_1024d__en_def_translated_cn_def__EDGE-00065,8,8,臂,3128,0.4193707704544067,臂,2561,0.3858555555343628,6039,3,0,0,0,0.0003196930946291,0.4821132825438887,0,0,0,0.0003904724716907,0.5760185491884731,567,0,0,0,0,0,0
qwen3_0.6b_1024d,en_def_translated_cn_def,EDGE-00066,ROOT-219CD,賓,木,木,檳,qwen3_0.6b_1024d__en_def_translated_cn_def__EDGE-00066,8,8,樹,312,0.5364184975624084,樹,379,0.4990457892417907,6039,3,0,0,0,0.0032051282051282,0.9484928784365684,0,0,0,0.0026385224274406,0.9373964889036104,-67,0,0,0,0,0,0
qwen3_0.6b_1024d,en_def_translated_cn_def,EDGE-00067,ROOT-219CD,賓,歹,歹,殯,qwen3_0.6b_1024d__en_def_translated_cn_def__EDGE-00067,8,8,孬,5423,0.3176183104515075,孬,4766,0.3194428384304046,6039,3,0,0,0,0.0001843997787202,0.1020205366015236,0,0,0,0.0002098195551825,0.2108314011262007,657,0,0,0,0,0,0
qwen3_0.6b_1024d,en_def_translated_cn_def,EDGE-00068,ROOT-219CD,賓,氵,水,濱,qwen3_0.6b_1024d__en_def_translated_cn_def__EDGE-00068,8,8,礬,2435,0.4702745378017425,鹽,2051,0.4206321537494659,6039,3,0,0,0,0.0004106776180698,0.5968863862206029,0,0,0,0.000487567040468,0.6604836038423318,384,0,0,0,0,0,0
qwen3_0.6b_1024d,en_def_translated_cn_def,EDGE-00070,ROOT-219CD,賓,糸,糸,繽,qwen3_0.6b_1024d__en_def_translated_cn_def__EDGE-00070,8,8,緬,1085,0.5375335216522217,緬,1075,0.4429882764816284,6039,3,0,0,0,0.0009216589861751,0.820470354421994,0,0,0,0.0009302325581395,0.8221265319642266,10,0,0,0,0,0,0
qwen3_0.6b_1024d,en_def_translated_cn_def,EDGE-00072,ROOT-219CD,賓,髟,髟,鬢,qwen3_0.6b_1024d__en_def_translated_cn_def__EDGE-00072,8,8,毫,27,0.6678216457366943,毫,21,0.5952084064483643,6039,3,0,0,0,0.037037037037037,0.9956939383901954,0,0,0,0.0476190476190476,0.996687644915535,6,0,0,0,0,0,0
qwen3_0.6b_1024d,en_def_translated_cn_def,EDGE-00479,ROOT-4EA5,亥,刂,刀,刻,qwen3_0.6b_1024d__en_def_translated_cn_def__EDGE-00479,11,11,弓,157,0.5752524137496948,戎,184,0.5724942088127136,6039,3,0,0,0,0.0063694267515923,0.9741636303411726,0,0,0,0.0054347826086956,0.9696919509771448,-27,0,0,0,0,0,0
qwen3_0.6b_1024d,en_def_translated_cn_def,EDGE-00480,ROOT-4EA5,亥,力,力,劾,qwen3_0.6b_1024d__en_def_translated_cn_def__EDGE-00480,11,11,動,1838,0.5080297589302063,動,1376,0.5197756886482239,6039,3,0,0,0,0.000544069640914,0.6957601854918847,0,0,0,0.0007267441860465,0.7722755879430275,462,0,0,0,0,0,0
qwen3_0.6b_1024d,en_def_translated_cn_def,EDGE-00481,ROOT-4EA5,亥,口,口,咳,qwen3_0.6b_1024d__en_def_translated_cn_def__EDGE-00481,11,11,牙,366,0.4552004039287567,牙,588,0.4432546496391296,6039,3,0,0,0,0.0027322404371584,0.9395495197085127,0,0,0,0.0017006802721088,0.9027823782709506,-222,0,0,0,0,0,0
qwen3_0.6b_1024d,en_def_translated_cn_def,EDGE-00482,ROOT-4EA5,亥,土,土,垓,qwen3_0.6b_1024d__en_def_translated_cn_def__EDGE-00482,11,11,泥,1527,0.5021295547485352,泥,1522,0.4986647963523865,6039,3,0,0,0,0.0006548788474132,0.7472673070553164,0,0,0,0.0006570302233902,0.7480953958264326,5,0,0,0,0,0,0
qwen3_0.6b_1024d,en_def_translated_cn_def,EDGE-00483,ROOT-4EA5,亥,子,子,孩,qwen3_0.6b_1024d__en_def_translated_cn_def__EDGE-00483,11,11,戌,4705,0.3908509612083435,戌,4574,0.3890649974346161,6039,3,0,0,0,0.0002125398512221,0.2209340841338191,0,0,0,0.0002186270222999,0.2426300099370653,131,0,0,0,0,0,0
qwen3_0.6b_1024d,en_def_translated_cn_def,EDGE-00484,ROOT-4EA5,亥,木,木,核,qwen3_0.6b_1024d__en_def_translated_cn_def__EDGE-00484,11,11,樹,83,0.6111998558044434,樹,73,0.6089710593223572,6039,3,0,0,0,0.0120481927710843,0.9864193441536931,0,0,0,0.0136986301369863,0.9880755216959258,10,0,0,0,0,0,0
qwen3_0.6b_1024d,en_def_translated_cn_def,EDGE-00485,ROOT-4EA5,亥,欠,欠,欬,qwen3_0.6b_1024d__en_def_translated_cn_def__EDGE-00485,11,11,哈,137,0.5663026571273804,哈,134,0.5620089173316956,6039,3,0,0,0,0.0072992700729927,0.9774759854256376,0,0,0,0.0074626865671641,0.9779728386883074,3,0,0,0,0,0,0
qwen3_0.6b_1024d,en_def_translated_cn_def,EDGE-00489,ROOT-4EA5,亥,言,言,該,qwen3_0.6b_1024d__en_def_translated_cn_def__EDGE-00489,11,11,語,783,0.5521242022514343,語,915,0.537248432636261,6039,3,0,0,0,0.0012771392081736,0.8704869161974164,0,0,0,0.0010928961748633,0.848625372639947,-132,0,0,0,0,0,0
qwen3_0.6b_1024d,en_def_translated_cn_def,EDGE-00490,ROOT-4EA5,亥,門,門,閡,qwen3_0.6b_1024d__en_def_translated_cn_def__EDGE-00490,11,11,栓,95,0.5129557847976685,栓,75,0.5182210803031921,6039,3,0,0,0,0.0105263157894736,0.9844319311030142,0,0,0,0.0133333333333333,0.9877442861874792,20,0,0,0,0,0,0
qwen3_0.6b_1024d,en_def_translated_cn_def,EDGE-00492,ROOT-4EA5,亥,頁,頁,頦,qwen3_0.6b_1024d__en_def_translated_cn_def__EDGE-00492,11,11,籍,845,0.5142512321472168,籍,706,0.5117783546447754,6039,3,0,0,0,0.0011834319526627,0.8602186154355747,0,0,0,0.0014164305949008,0.8832394832726068,139,0,0,0,0,0,0
qwen3_0.6b_1024d,en_def_translated_cn_def,EDGE-00493,ROOT-4EA5,亥,馬,馬,駭,qwen3_0.6b_1024d__en_def_translated_cn_def__EDGE-00493,11,11,犀,733,0.3014582991600036,犀,453,0.3304995596408844,6039,3,0,0,0,0.0013642564802182,0.878767803908579,0,0,0,0.0022075055187637,0.9251407750910896,280,0,0,0,0,0,0
qwen3_0.6b_1024d,en_def_translated_cn_def,EDGE-00494,ROOT-4EA5,亥,骨,骨,骸,qwen3_0.6b_1024d__en_def_translated_cn_def__EDGE-00494,11,11,冇,476,0.4869416952133178,冇,2421,0.4255732595920563,6039,3,0,0,0,0.0021008403361344,0.921331566743955,0,0,0,0.0004130524576621,0.5992050347797284,-1945,0,0,0,0,0,0
qwen3_0.6b_1024d,en_def_translated_cn_def,EDGE-00747,ROOT-5143,元,氵,水,沅,qwen3_0.6b_1024d__en_def_translated_cn_def__EDGE-00747,6,6,礬,219,0.5748770236968994,礬,91,0.543877363204956,6039,3,0,0,0,0.0045662100456621,0.9638953295793308,0,0,0,0.0109890109890109,0.9850944021199072,128,0,0,0,0,0,0
qwen3_0.6b_1024d,en_def_translated_cn_def,EDGE-00748,ROOT-5143,元,王,玉,玩,qwen3_0.6b_1024d__en_def_translated_cn_def__EDGE-00748,7,6,砥,4886,0.4027161598205566,砥,5629,0.3072441518306732,6039,3,0,0,0,0.0002046663937781,0.1909572706194103,0,0,0,0.0001776514478593,0.0679032792315336,-743,0,0,0,0,0,0
qwen3_0.6b_1024d,en_def_translated_cn_def,EDGE-00749,ROOT-5143,元,習,習,翫,qwen3_0.6b_1024d__en_def_translated_cn_def__EDGE-00749,7,6,勞,1551,0.4743722677230835,勞,1274,0.4055154919624328,6039,3,0,0,0,0.0006447453255963,0.7432924809539583,0,0,0,0.0007849293563579,0.7891685988737993,277,0,0,0,0,0,0
qwen3_0.6b_1024d,en_def_translated_cn_def,EDGE-00754,ROOT-5143,元,頁,頁,頑,qwen3_0.6b_1024d__en_def_translated_cn_def__EDGE-00754,7,6,籍,1055,0.5025743246078491,籍,1859,0.3893312215805053,6039,3,0,0,0,0.0009478672985781,0.8254388870486916,0,0,0,0.0005379236148466,0.6922822126531964,-804,0,0,0,0,0,0
qwen3_0.6b_1024d,en_def_translated_cn_def,EDGE-00755,ROOT-5143,元,黽,黽,黿,qwen3_0.6b_1024d__en_def_translated_cn_def__EDGE-00755,7,6,擻,5742,0.2588755786418915,擻,5618,0.2368674874305725,6039,3,0,0,0,0.0001741553465691,0.049188473004306,0,0,0,0.0001779992880028,0.0697250745279893,124,0,0,0,0,0,0
qwen3_0.6b_1024d,en_def_translated_cn_def,EDGE-00807,ROOT-5303,曷,亻,人,偈,qwen3_0.6b_1024d__en_def_translated_cn_def__EDGE-00807,13,13,俊,1100,0.4823099672794342,俊,638,0.4979642927646637,6039,3,0,0,0,0.0009090909090909,0.8179860881086453,0,0,0,0.0015673981191222,0.894501490559788,462,0,0,0,0,0,0
qwen3_0.6b_1024d,en_def_translated_cn_def,EDGE-00808,ROOT-5303,曷,口,口,喝,qwen3_0.6b_1024d__en_def_translated_cn_def__EDGE-00808,13,13,牙,385,0.4529561102390289,齒,502,0.4410258531570434,6039,3,0,0,0,0.0025974025974025,0.9364027823782708,0,0,0,0.0019920318725099,0.9170255051341504,-117,0,0,0,0,0,0
qwen3_0.6b_1024d,en_def_translated_cn_def,EDGE-00810,ROOT-5303,曷,忄,心,愒,qwen3_0.6b_1024d__en_def_translated_cn_def__EDGE-00810,13,13,脾,2573,0.4079229831695556,脾,1279,0.4446647465229034,6039,3,0,0,0,0.0003886513797123,0.574031136137794,0,0,0,0.0007818608287724,0.788340510102683,1294,0,0,0,0,0,0
qwen3_0.6b_1024d,en_def_translated_cn_def,EDGE-00811,ROOT-5303,曷,扌,手,揭,qwen3_0.6b_1024d__en_def_translated_cn_def__EDGE-00811,13,13,臂,40,0.6190739870071411,肢,46,0.602104127407074,6039,3,0,0,0,0.025,0.9935409075852932,0,0,0,0.0217391304347826,0.9925472010599536,-6,0,0,0,0,0,0
qwen3_0.6b_1024d,en_def_translated_cn_def,EDGE-00815,ROOT-5303,曷,欠,欠,歇,qwen3_0.6b_1024d__en_def_translated_cn_def__EDGE-00815,13,13,哈,592,0.5144064426422119,哈,314,0.5294061899185181,6039,3,0,0,0,0.0016891891891891,0.9021199072540576,0,0,0,0.0031847133757961,0.948161642928122,278,0,0,0,0,0,0
qwen3_0.6b_1024d,en_def_translated_cn_def,EDGE-00817,ROOT-5303,曷,氵,水,渴,qwen3_0.6b_1024d__en_def_translated_cn_def__EDGE-00817,13,13,礬,122,0.5967614054679871,鹽,164,0.5735993981361389,6039,3,0,0,0,0.0081967213114754,0.9799602517389864,0,0,0,0.0060975609756097,0.9730043060616098,-42,0,0,0,0,0,0
qwen3_0.6b_1024d,en_def_translated_cn_def,EDGE-00819,ROOT-5303,曷,石,石,碣,qwen3_0.6b_1024d__en_def_translated_cn_def__EDGE-00819,13,13,合,3285,0.4330622553825378,合,3940,0.3784380257129669,6039,3,0,0,0,0.0003044140030441,0.456111295130838,0,0,0,0.0002538071065989,0.3476316661146075,-655,0,0,0,0,0,0
qwen3_0.6b_1024d,en_def_translated_cn_def,EDGE-00821,ROOT-5303,曷,立,立,竭,qwen3_0.6b_1024d__en_def_translated_cn_def__EDGE-00821,13,13,屹,4084,0.4780349731445312,屹,3970,0.4520763158798218,6039,3,0,0,0,0.0002448579823702,0.323782709506459,0,0,0,0.0002518891687657,0.3426631334879099,114,0,0,0,0,0,0
qwen3_0.6b_1024d,en_def_translated_cn_def,EDGE-00822,ROOT-5303,曷,羊,羊,羯,qwen3_0.6b_1024d__en_def_translated_cn_def__EDGE-00822,13,13,瑞,5997,0.1441367864608764,瑞,5965,0.1404736638069152,6039,3,0,0,0,0.0001667500416875,0.0069559456773765,0,0,0,0.0001676445934618,0.0122557138125206,32,0,0,0,0,0,0
qwen3_0.6b_1024d,en_def_translated_cn_def,EDGE-00827,ROOT-5303,曷,衤,衣,褐,qwen3_0.6b_1024d__en_def_translated_cn_def__EDGE-00827,13,13,被,43,0.6567059755325317,被,31,0.6629130840301514,6039,3,0,0,0,0.0232558139534883,0.9930440543226234,0,0,0,0.032258064516129,0.9950314673733024,12,0,0,0,0,0,0
qwen3_0.6b_1024d,en_def_translated_cn_def,EDGE-00828,ROOT-5303,曷,言,言,謁,qwen3_0.6b_1024d__en_def_translated_cn_def__EDGE-00828,13,13,語,364,0.5923235416412354,語,418,0.5795556306838989,6039,3,0,0,0,0.0027472527472527,0.9398807552169592,0,0,0,0.0023923444976076,0.9309373964889036,-54,0,0,0,0,0,0
qwen3_0.6b_1024d,en_def_translated_cn_def,EDGE-02217,ROOT-572D,圭,亻,人,佳,qwen3_0.6b_1024d__en_def_translated_cn_def__EDGE-02217,15,15,俊,1332,0.4743468463420868,俊,674,0.485247790813446,6039,3,0,0,0,0.0007507507507507,0.7795627691288506,0,0,0,0.0014836795252225,0.8885392514077509,658,0,0,0,0,0,0
qwen3_0.6b_1024d,en_def_translated_cn_def,EDGE-02219,ROOT-572D,圭,卜,卜,卦,qwen3_0.6b_1024d__en_def_translated_cn_def__EDGE-02219,15,15,兆,9,0.6058785915374756,兆,13,0.5166307091712952,6039,3,0,0,1,0.1111111111111111,0.998675057966214,0,0,0,0.0769230769230769,0.9980125869493208,-4,0,0,0,0,0,1
qwen3_0.6b_1024d,en_def_translated_cn_def,EDGE-02226,ROOT-572D,圭,口,口,哇,qwen3_0.6b_1024d__en_def_translated_cn_def__EDGE-02226,15,15,牙,311,0.4622224867343902,牙,343,0.4367652535438537,6039,3,0,0,0,0.0032154340836012,0.9486584961907916,0,0,0,0.0029154518950437,0.9433587280556476,-32,0,0,0,0,0,0
qwen3_0.6b_1024d,en_def_translated_cn_def,EDGE-02227,ROOT-572D,圭,大,大,奎,qwen3_0.6b_1024d__en_def_translated_cn_def__EDGE-02227,15,15,品,5746,0.2971660494804382,小,5772,0.2658412456512451,6039,3,0,0,0,0.0001740341106856,0.048526001987413,0,0,0,0.0001732501732501,0.0442199403776084,-26,0,0,0,0,0,0
qwen3_0.6b_1024d,en_def_translated_cn_def,EDGE-02229,ROOT-572D,圭,女,女,娃,qwen3_0.6b_1024d__en_def_translated_cn_def__EDGE-02229,15,15,雄,4468,0.4058691561222076,雄,3654,0.4029749035835266,6039,3,0,0,0,0.0002238137869292,0.26018549188473,0,0,0,0.0002736726874657,0.3949983438224578,814,0,0,0,0,0,0
qwen3_0.6b_1024d,en_def_translated_cn_def,EDGE-02230,ROOT-572D,圭,心,心,恚,qwen3_0.6b_1024d__en_def_translated_cn_def__EDGE-02230,15,15,脾,3648,0.3805005252361297,脾,3679,0.3624694943428039,6039,3,0,0,0,0.0002741228070175,0.3959920503477973,0,0,0,0.000271812992661,0.3908578999668765,-31,0,0,0,0,0,0
qwen3_0.6b_1024d,en_def_translated_cn_def,EDGE-02232,ROOT-572D,圭,木,木,桂,qwen3_0.6b_1024d__en_def_translated_cn_def__EDGE-02232,15,15,樹,4303,0.3844920098781585,草,4053,0.3908781707286834,6039,3,0,0,0,0.0002323960027887,0.2875124213315667,0,0,0,0.000246730816679,0.3289168598873799,250,0,0,0,0,0,0
qwen3_0.6b_1024d,en_def_translated_cn_def,EDGE-02236,ROOT-572D,圭,王,玉,珪,qwen3_0.6b_1024d__en_def_translated_cn_def__EDGE-02236,15,15,砥,5202,0.3811723589897156,砥,5340,0.3385453522205353,6039,3,0,0,0,0.0001922337562475,0.1386220602848625,0,0,0,0.0001872659176029,0.1157668102020537,-138,0,0,0,0,0,0
qwen3_0.6b_1024d,en_def_translated_cn_def,EDGE-02237,ROOT-572D,圭,田,田,畦,qwen3_0.6b_1024d__en_def_translated_cn_def__EDGE-02237,15,15,佃,35,0.6475101709365845,佃,35,0.6168612837791443,6039,3,0,0,0,0.0285714285714285,0.9943689963564094,0,0,0,0.0285714285714285,0.9943689963564094,0,0,0,0,0,0,0
qwen3_0.6b_1024d,en_def_translated_cn_def,EDGE-02243,ROOT-572D,圭,虫,虫,蛙,qwen3_0.6b_1024d__en_def_translated_cn_def__EDGE-02243,15,15,虺,54,0.5221760869026184,虺,310,0.426609456539154,6039,3,0,0,0,0.0185185185185185,0.9912222590261676,0,0,0,0.0032258064516129,0.9488241139450148,-256,0,0,0,0,0,0
qwen3_0.6b_1024d,en_def_translated_cn_def,EDGE-02244,ROOT-572D,圭,行,行,街,qwen3_0.6b_1024d__en_def_translated_cn_def__EDGE-02244,15,15,序,2864,0.4467902481555938,侖,2703,0.3949043452739715,6039,3,0,0,0,0.0003491620111731,0.5258363696588274,0,0,0,0.0003699593044765,0.5525008280887711,161,0,0,0,0,0,0
qwen3_0.6b_1024d,en_def_translated_cn_def,EDGE-02248,ROOT-572D,圭,門,門,閨,qwen3_0.6b_1024d__en_def_translated_cn_def__EDGE-02248,15,15,栓,2891,0.3509305715560913,栓,2685,0.3400152027606964,6039,3,0,0,0,0.0003459010722933,0.5213646902947996,0,0,0,0.0003724394785847,0.5554819476647896,206,0,0,0,0,0,0
qwen3_0.6b_1024d,en_def_translated_cn_def,EDGE-02249,ROOT-572D,圭,革,革,鞋,qwen3_0.6b_1024d__en_def_translated_cn_def__EDGE-02249,15,15,韋,3381,0.4611349999904632,韋,4538,0.3949008584022522,6039,3,0,0,0,0.0002957704821058,0.4402119907254057,0,0,0,0.000220361392684,0.2485922490891023,-1157,0,0,0,0,0,0
qwen3_0.6b_1024d,en_def_translated_cn_def,EDGE-02266,ROOT-582F,堯,亻,人,僥,qwen3_0.6b_1024d__en_def_translated_cn_def__EDGE-02266,12,12,俊,657,0.4996873438358307,睿,337,0.5130582451820374,6039,3,0,0,0,0.0015220700152207,0.8913547532295462,0,0,0,0.0029673590504451,0.944352434580987,320,0,0,0,0,0,0
qwen3_0.6b_1024d,en_def_translated_cn_def,EDGE-02268,ROOT-582F,堯,女,女,嬈,qwen3_0.6b_1024d__en_def_translated_cn_def__EDGE-02268,12,12,雄,3053,0.4511675238609314,雄,2245,0.460168719291687,6039,3,0,0,0,0.0003275466754012,0.4945346141106327,0,0,0,0.0004454342984409,0.6283537595230209,808,0,0,0,0,0,0
qwen3_0.6b_1024d,en_def_translated_cn_def,EDGE-02270,ROOT-582F,堯,扌,手,撓,qwen3_0.6b_1024d__en_def_translated_cn_def__EDGE-02270,12,12,臂,3749,0.402625024318695,舉,2216,0.4284493327140808,6039,3,0,0,0,0.0002667377967457,0.3792646571712488,0,0,0,0.0004512635379061,0.6331566743954953,1533,0,0,0,0,0,0
qwen3_0.6b_1024d,en_def_translated_cn_def,EDGE-02271,ROOT-582F,堯,日,日,曉,qwen3_0.6b_1024d__en_def_translated_cn_def__EDGE-02271,12,12,昀,628,0.5900428295135498,昀,517,0.5982360243797302,6039,3,0,0,0,0.001592356687898,0.8961576681020206,0,0,0,0.0019342359767891,0.9145412388208016,111,0,0,0,0,0,0
qwen3_0.6b_1024d,en_def_translated_cn_def,EDGE-02272,ROOT-582F,堯,木,木,橈,qwen3_0.6b_1024d__en_def_translated_cn_def__EDGE-02272,12,12,樹,4710,0.3684623837471008,草,4972,0.3612582683563232,6039,3,0,0,0,0.000212314225053,0.2201059953627029,0,0,0,0.0002011263073209,0.1767141437562106,-262,0,0,0,0,0,0
qwen3_0.6b_1024d,en_def_translated_cn_def,EDGE-02273,ROOT-582F,堯,氵,水,澆,qwen3_0.6b_1024d__en_def_translated_cn_def__EDGE-02273,12,12,礬,210,0.576108992099762,礬,97,0.585077166557312,6039,3,0,0,0,0.0047619047619047,0.9653858893673402,0,0,0,0.0103092783505154,0.9841006955945676,113,0,0,0,0,0,0
qwen3_0.6b_1024d,en_def_translated_cn_def,EDGE-02274,ROOT-582F,堯,火,火,燒,qwen3_0.6b_1024d__en_def_translated_cn_def__EDGE-02274,12,12,燄,19,0.6965739727020264,燄,11,0.702025294303894,6039,3,0,0,0,0.0526315789473684,0.9970188804239816,0,0,0,0.0909090909090909,0.9983438224577674,8,0,0,0,0,0,0
qwen3_0.6b_1024d,en_def_translated_cn_def,EDGE-02277,ROOT-582F,堯,糸,糸,繞,qwen3_0.6b_1024d__en_def_translated_cn_def__EDGE-02277,12,12,緬,516,0.5746673345565796,緬,641,0.5144563913345337,6039,3,0,0,0,0.001937984496124,0.9147068565750248,0,0,0,0.0015600624024961,0.8940046372971182,-125,0,0,0,0,0,0
qwen3_0.6b_1024d,en_def_translated_cn_def,EDGE-02278,ROOT-582F,堯,羽,羽,翹,qwen3_0.6b_1024d__en_def_translated_cn_def__EDGE-02278,12,12,翮,4004,0.4344496428966522,翮,3193,0.4490067958831787,6039,3,0,0,0,0.0002497502497502,0.3370321298443193,0,0,0,0.0003131850923896,0.4713481285193772,811,0,0,0,0,0,0
qwen3_0.6b_1024d,en_def_translated_cn_def,EDGE-02281,ROOT-582F,堯,虫,虫,蟯,qwen3_0.6b_1024d__en_def_translated_cn_def__EDGE-02281,12,12,虺,122,0.5011090040206909,虺,1378,0.3772951960563659,6039,3,0,0,0,0.0081967213114754,0.9799602517389864,0,0,0,0.0007256894049346,0.771944352434581,-1256,0,0,0,0,0,0
qwen3_0.6b_1024d,en_def_translated_cn_def,EDGE-02285,ROOT-582F,堯,釒,金,鐃,qwen3_0.6b_1024d__en_def_translated_cn_def__EDGE-02285,12,12,銀,4617,0.3490894138813019,銀,4918,0.3291312456130981,6039,3,0,0,0,0.0002165908598657,0.2355084465054654,0,0,0,0.0002033346888979,0.1856575024842662,-301,0,0,0,0,0,0
qwen3_0.6b_1024d,en_def_translated_cn_def,EDGE-02287,ROOT-582F,堯,飠,食,饒,qwen3_0.6b_1024d__en_def_translated_cn_def__EDGE-02287,12,12,膳,3214,0.4323331415653229,膳,1632,0.4715262055397033,6039,3,0,0,0,0.0003111387678904,0.467870155680689,0,0,0,0.0006127450980392,0.7298774428618748,1582,0,0,0,0,0,0
qwen3_0.6b_1024d,en_def_translated_cn_def,EDGE-02288,ROOT-582F,堯,馬,馬,驍,qwen3_0.6b_1024d__en_def_translated_cn_def__EDGE-02288,12,12,犀,1871,0.2515726387500763,犀,1242,0.2509831488132477,6039,3,0,0,0,0.0005344735435595,0.6902947996025174,0,0,0,0.000805152979066,0.7944683670089434,629,0,0,0,0,0,0
qwen3_0.6b_1024d,en_def_translated_cn_def,EDGE-03014,ROOT-382F,台,女,女,始,qwen3_0.6b_1024d__en_def_translated_cn_def__EDGE-03014,14,13,雄,4398,0.4084722101688385,雄,3608,0.4138709306716919,6039,3,0,0,0,0.0002273760800363,0.2717787346803577,0,0,0,0.0002771618625277,0.4026167605167273,790,0,0,0,0,0,0
qwen3_0.6b_1024d,en_def_translated_cn_def,EDGE-03015,ROOT-382F,台,心,心,怠,qwen3_0.6b_1024d__en_def_translated_cn_def__EDGE-03015,14,13,脾,4753,0.3480831980705261,脾,3574,0.420636773109436,6039,3,0,0,0,0.0002103934357248,0.212984431931103,0,0,0,0.0002797985450475,0.4082477641603179,1179,0,0,0,0,0,0
qwen3_0.6b_1024d,en_def_translated_cn_def,EDGE-03016,ROOT-382F,台,忄,心,怡,qwen3_0.6b_1024d__en_def_translated_cn_def__EDGE-03016,14,13,脾,2247,0.4157549142837524,脾,1636,0.4592702388763428,6039,3,0,0,0,0.0004450378282153,0.6280225240145744,0,0,0,0.0006112469437652,0.7292149718449819,611,0,0,0,0,0,0
qwen3_0.6b_1024d,en_def_translated_cn_def,EDGE-03018,ROOT-382F,台,歹,歹,殆,qwen3_0.6b_1024d__en_def_translated_cn_def__EDGE-03018,14,13,孬,60,0.6308062672615051,孬,80,0.5904029011726379,6039,3,0,0,0,0.0166666666666666,0.990228552500828,0,0,0,0.0125,0.986916197416363,-20,0,0,0,0,0,0
qwen3_0.6b_1024d,en_def_translated_cn_def,EDGE-03019,ROOT-382F,台,氵,水,治,qwen3_0.6b_1024d__en_def_translated_cn_def__EDGE-03019,14,13,礬,4196,0.4157806038856506,液,3860,0.4158512055873871,6039,3,0,0,0,0.0002383222116301,0.3052335210334548,0,0,0,0.0002590673575129,0.3608810864524677,336,0,0,0,0,0,0
qwen3_0.6b_1024d,en_def_translated_cn_def,EDGE-03023,ROOT-382F,台,竹,竹,笞,qwen3_0.6b_1024d__en_def_translated_cn_def__EDGE-03023,14,13,藤,1191,0.4273712635040283,藤,1136,0.4371713399887085,6039,3,0,0,0,0.0008396305625524,0.8029148724743292,0,0,0,0.0008802816901408,0.8120238489566082,55,0,0,0,0,0,0
qwen3_0.6b_1024d,en_def_translated_cn_def,EDGE-03024,ROOT-382F,台,糸,糸,紿,qwen3_0.6b_1024d__en_def_translated_cn_def__EDGE-03024,14,13,緬,3032,0.4598354995250702,緬,2254,0.4281263351440429,6039,3,0,0,0,0.00032981530343,0.4980125869493209,0,0,0,0.0004436557231588,0.6268631997350116,778,0,0,0,0,0,0
qwen3_0.6b_1024d,en_def_translated_cn_def,EDGE-03025,ROOT-382F,台,肉,肉,胎,qwen3_0.6b_1024d__en_def_translated_cn_def__EDGE-03025,14,13,髓,55,0.612027108669281,髓,152,0.5542445182800293,6039,3,0,0,0,0.0181818181818181,0.9910566412719444,0,0,0,0.006578947368421,0.9749917191122888,-97,0,0,0,0,0,0
qwen3_0.6b_1024d,en_def_translated_cn_def,EDGE-03028,ROOT-382F,台,貝,貝,貽,qwen3_0.6b_1024d__en_def_translated_cn_def__EDGE-03028,14,13,螺,2095,0.4235922992229461,蜊,2620,0.4190012812614441,6039,3,0,0,0,0.0004773269689737,0.6531964226565088,0,0,0,0.0003816793893129,0.5662471016893011,-525,0,0,0,0,0,0
qwen3_0.6b_1024d,en_def_translated_cn_def,EDGE-03031,ROOT-382F,台,風,風,颱,qwen3_0.6b_1024d__en_def_translated_cn_def__EDGE-03031,14,13,息,2338,0.4853333532810211,波,3286,0.4424867331981659,6039,3,0,0,0,0.0004277159965782,0.6129513083802584,0,0,0,0.0003043213633597,0.4559456773766147,-948,0,0,0,0,0,0
qwen3_0.6b_1024d,en_def_translated_cn_def,EDGE-03032,ROOT-382F,台,飠,食,飴,qwen3_0.6b_1024d__en_def_translated_cn_def__EDGE-03032,14,13,膳,333,0.5517876148223877,膳,1384,0.4765604734420776,6039,3,0,0,0,0.003003003003003,0.94501490559788,0,0,0,0.0007225433526011,0.7709506459092414,-1051,0,0,0,0,0,0
qwen3_0.6b_1024d,en_def_translated_cn_def,EDGE-03033,ROOT-382F,台,馬,馬,駘,qwen3_0.6b_1024d__en_def_translated_cn_def__EDGE-03033,14,13,犀,1438,0.2647801339626312,犀,1509,0.2555540204048157,6039,3,0,0,0,0.0006954102920723,0.7620072871811858,0,0,0,0.0006626905235255,0.7502484266313348,-71,0,0,0,0,0,0
qwen3_0.6b_1024d,en_def_translated_cn_def,EDGE-03085,ROOT-5E1D,帝,口,口,啻,qwen3_0.6b_1024d__en_def_translated_cn_def__EDGE-03085,3,3,牙,5122,0.294142484664917,齒,5788,0.2157828360795974,6039,3,0,0,0,0.0001952362358453,0.1518714806227227,0,0,0,0.0001727712508638,0.0415700563100364,-666,0,0,0,0,0,0
qwen3_0.6b_1024d,en_def_translated_cn_def,EDGE-03087,ROOT-5E1D,帝,口,口,啼,qwen3_0.6b_1024d__en_def_translated_cn_def__EDGE-03087,3,3,牙,2991,0.3499113917350769,齒,4674,0.2735165059566498,6039,3,0,0,0,0.0003343363423604,0.5048029148724743,0,0,0,0.0002139495079161,0.22606823451474,-1683,0,0,0,0,0,0
qwen3_0.6b_1024d,en_def_translated_cn_def,EDGE-03089,ROOT-5E1D,帝,糸,糸,締,qwen3_0.6b_1024d__en_def_translated_cn_def__EDGE-03089,4,3,緬,1551,0.5156142711639404,緬,3318,0.3568025529384613,6039,3,0,0,0,0.0006447453255963,0.7432924809539583,0,0,0,0.0003013863773357,0.4506459092414706,-1767,0,0,0,0,0,0
qwen3_0.6b_1024d,en_def_translated_cn_def,EDGE-03091,ROOT-5E1D,帝,言,言,諦,qwen3_0.6b_1024d__en_def_translated_cn_def__EDGE-03091,4,3,語,972,0.5410509705543518,語,1033,0.5067111253738403,6039,3,0,0,0,0.0010288065843621,0.8391851606492216,0,0,0,0.0009680542110358,0.8290824776416031,-61,0,0,0,0,0,0
qwen3_0.6b_1024d,en_def_translated_cn_def,EDGE-03092,ROOT-5E1D,帝,𧾷,足,蹄,qwen3_0.6b_1024d__en_def_translated_cn_def__EDGE-03092,4,3,忒,3225,0.454895943403244,忒,4211,0.341431587934494,6039,3,0,0,0,0.0003100775193798,0.4660483603842331,0,0,0,0.0002374732842555,0.3027492547201059,-986,0,0,0,0,0,0
qwen3_0.6b_1024d,en_def_translated_cn_def,EDGE-03943,ROOT-67EC,闌,木,木,欄,qwen3_0.6b_1024d__en_def_translated_cn_def__EDGE-03943,16,14,樹,1485,0.4616652429103851,樹,2717,0.4284623861312866,6039,3,0,0,0,0.0006734006734006,0.754223252732693,0,0,0,0.0003680529996319,0.5501821795296455,-1232,0,0,0,0,0,0
qwen3_0.6b_1024d,en_def_translated_cn_def,EDGE-03944,ROOT-67EC,闌,氵,水,瀾,qwen3_0.6b_1024d__en_def_translated_cn_def__EDGE-03944,16,14,礬,2200,0.4766717851161957,礬,3154,0.4225772619247436,6039,3,0,0,0,0.0004545454545454,0.6358065584630672,0,0,0,0.0003170577045022,0.4778072209340841,-954,0,0,0,0,0,0
qwen3_0.6b_1024d,en_def_translated_cn_def,EDGE-03945,ROOT-67EC,闌,火,火,爛,qwen3_0.6b_1024d__en_def_translated_cn_def__EDGE-03945,16,14,燄,1917,0.4862721562385559,燄,2437,0.4477238059043884,6039,3,0,0,0,0.0005216484089723,0.6826763829082478,0,0,0,0.0004103405826836,0.5965551507121564,-520,0,0,0,0,0,0
qwen3_0.6b_1024d,en_def_translated_cn_def,EDGE-04481,ROOT-9752,青,亻,人,倩,qwen3_0.6b_1024d__en_def_translated_cn_def__EDGE-04481,11,11,俊,754,0.4952806234359741,俊,244,0.4901500940322876,6039,3,0,0,0,0.0013262599469496,0.8752898310698907,0,0,0,0.0040983606557377,0.9597548857237496,510,0,0,0,0,0,0
qwen3_0.6b_1024d,en_def_translated_cn_def,EDGE-04485,ROOT-9752,青,忄,心,情,qwen3_0.6b_1024d__en_def_translated_cn_def__EDGE-04485,11,11,脾,2094,0.419368714094162,脾,1711,0.3820911943912506,6039,3,0,0,0,0.0004775549188156,0.6533620404107321,0,0,0,0.0005844535359438,0.7167936402782378,383,0,0,0,0,0,0
qwen3_0.6b_1024d,en_def_translated_cn_def,EDGE-04486,ROOT-9752,青,日,日,晴,qwen3_0.6b_1024d__en_def_translated_cn_def__EDGE-04486,11,11,昀,62,0.680709958076477,昀,22,0.6786897778511047,6039,3,0,0,0,0.0161290322580645,0.9898973169923816,0,0,0,0.0454545454545454,0.9965220271613116,40,0,0,0,0,0,0
qwen3_0.6b_1024d,en_def_translated_cn_def,EDGE-04487,ROOT-9752,青,犭,犬,猜,qwen3_0.6b_1024d__en_def_translated_cn_def__EDGE-04487,11,11,吠,4381,0.4261321425437927,牯,4399,0.4031459987163543,6039,3,0,0,0,0.0002282583884957,0.274594236502153,0,0,0,0.0002273243919072,0.2716131169261344,-18,0,0,0,0,0,0
qwen3_0.6b_1024d,en_def_translated_cn_def,EDGE-04488,ROOT-9752,青,目,目,睛,qwen3_0.6b_1024d__en_def_translated_cn_def__EDGE-04488,11,11,眥,3,0.7841858267784119,眥,4,0.7049721479415894,6039,3,0,1,1,0.3333333333333333,0.9996687644915536,0,1,1,0.25,0.9995031467373302,-1,0,0,0,0,0,0
qwen3_0.6b_1024d,en_def_translated_cn_def,EDGE-04489,ROOT-9752,青,米,米,精,qwen3_0.6b_1024d__en_def_translated_cn_def__EDGE-04489,11,11,果,2826,0.4708069264888763,果,1455,0.4591060578823089,6039,3,0,0,0,0.0003538570417551,0.532129844319311,0,0,0,0.0006872852233676,0.7591917853593906,1371,0,0,0,0,0,0
qwen3_0.6b_1024d,en_def_translated_cn_def,EDGE-04492,ROOT-9752,青,虫,虫,蜻,qwen3_0.6b_1024d__en_def_translated_cn_def__EDGE-04492,11,11,虺,2733,0.3539947867393493,虺,3010,0.3039839565753937,6039,3,0,0,0,0.000365898280278,0.5475322954620736,0,0,0,0.0003322259136212,0.5016561775422326,-277,0,0,0,0,0,0
qwen3_0.6b_1024d,en_def_translated_cn_def,EDGE-04493,ROOT-9752,青,言,言,請,qwen3_0.6b_1024d__en_def_translated_cn_def__EDGE-04493,11,11,語,5309,0.3463932871818542,語,5337,0.2810022830963135,6039,3,0,0,0,0.0001883593897155,0.1209009605829745,0,0,0,0.0001873711823121,0.1162636634647233,-28,0,0,0,0,0,0
qwen3_0.6b_1024d,en_def_translated_cn_def,EDGE-04495,ROOT-9752,青,立,立,靖,qwen3_0.6b_1024d__en_def_translated_cn_def__EDGE-04495,11,11,屹,2997,0.5222079157829285,屹,2382,0.4769424498081207,6039,3,0,0,0,0.0003336670003336,0.5038092083471348,0,0,0,0.0004198152812762,0.6056641271944352,615,0,0,0,0,0,0
qwen3_0.6b_1024d,en_def_translated_cn_def,EDGE-04496,ROOT-9752,青,見,見,靚,qwen3_0.6b_1024d__en_def_translated_cn_def__EDGE-04496,11,11,睹,935,0.5902456045150757,睹,128,0.6160602569580078,6039,3,0,0,0,0.0010695187165775,0.8453130175554819,0,0,0,0.0078125,0.9789665452136468,807,0,0,0,0,0,0
qwen3_0.6b_1024d,en_def_translated_cn_def,EDGE-04497,ROOT-9752,青,爭,爭,靜,qwen3_0.6b_1024d__en_def_translated_cn_def__EDGE-04497,11,11,戰,3798,0.4368146359920501,戰,3984,0.3528085947036743,6039,3,0,0,0,0.0002632964718272,0.3711493872143093,0,0,0,0.0002510040160642,0.3403444849287843,-186,0,0,0,0,0,0
qwen3_0.6b_1024d,en_def_translated_cn_def,EDGE-04498,ROOT-9752,青,魚,魚,鯖,qwen3_0.6b_1024d__en_def_translated_cn_def__EDGE-04498,11,11,蛙,575,0.4627103209495544,蛙,450,0.4477890133857727,6039,3,0,0,0,0.0017391304347826,0.9049354090758528,0,0,0,0.0022222222222222,0.9256376283537596,125,0,0,0,0,0,0
qwen3_0.6b_1024d,en_def_translated_cn_def,EDGE-05389,ROOT-4F59,余,氵,水,涂,qwen3_0.6b_1024d__en_def_translated_cn_def__EDGE-05389,6,6,礬,4532,0.4025698006153106,液,5099,0.3163196146488189,6039,3,0,0,0,0.0002206531332744,0.2495859556144418,0,0,0,0.0001961168856638,0.1556806889698575,-567,0,0,0,0,0,0
qwen3_0.6b_1024d,en_def_translated_cn_def,EDGE-05391,ROOT-4F59,余,彳,彳,徐,qwen3_0.6b_1024d__en_def_translated_cn_def__EDGE-05391,6,6,阢,144,0.6896816492080688,阢,177,0.6043075323104858,6039,3,0,0,0,0.0069444444444444,0.9763166611460748,0,0,0,0.0056497175141242,0.9708512752567076,-33,0,0,0,0,0,0
qwen3_0.6b_1024d,en_def_translated_cn_def,EDGE-05394,ROOT-4F59,余,斗,斗,斜,qwen3_0.6b_1024d__en_def_translated_cn_def__EDGE-05394,6,6,爵,1085,0.5313416719436646,爵,562,0.553351879119873,6039,3,0,0,0,0.0009216589861751,0.820470354421994,0,0,0,0.0017793594306049,0.9070884398807552,523,0,0,0,0,0,0
qwen3_0.6b_1024d,en_def_translated_cn_def,EDGE-05396,ROOT-4F59,余,田,田,畬,qwen3_0.6b_1024d__en_def_translated_cn_def__EDGE-05396,6,6,佃,10,0.6961077451705933,佃,6,0.6909643411636353,6039,3,0,0,1,0.1,0.9985094402119908,0,0,1,0.1666666666666666,0.9991719112288836,4,0,0,0,0,0,0
qwen3_0.6b_1024d,en_def_translated_cn_def,EDGE-05401,ROOT-4F59,余,虫,虫,蜍,qwen3_0.6b_1024d__en_def_translated_cn_def__EDGE-05401,6,6,虺,206,0.4790444374084472,虺,176,0.4254469573497772,6039,3,0,0,0,0.0048543689320388,0.9660483603842333,0,0,0,0.0056818181818181,0.9710168930109307,30,0,0,0,0,0,0
qwen3_0.6b_1024d,en_def_translated_cn_def,EDGE-05408,ROOT-4F59,余,飠,食,餘,qwen3_0.6b_1024d__en_def_translated_cn_def__EDGE-05408,6,6,膳,1781,0.4787074327468872,膳,1324,0.4802086055278778,6039,3,0,0,0,0.0005614823133071,0.7052003974826102,0,0,0,0.0007552870090634,0.7808877111626367,457,0,0,0,0,0,0
qwen3_0.6b_1024d,en_def_translated_cn_def,EDGE-05801,ROOT-8FB0,辰,女,女,娠,qwen3_0.6b_1024d__en_def_translated_cn_def__EDGE-05801,6,6,雄,1148,0.5058574676513672,雄,1436,0.5014432072639465,6039,3,0,0,0,0.0008710801393728,0.8100364359059291,0,0,0,0.0006963788300835,0.7623385226896323,-288,0,0,0,0,0,0
qwen3_0.6b_1024d,en_def_translated_cn_def,EDGE-05803,ROOT-8FB0,辰,扌,手,振,qwen3_0.6b_1024d__en_def_translated_cn_def__EDGE-05803,6,6,臂,136,0.568912923336029,膀,121,0.5578140020370483,6039,3,0,0,0,0.0073529411764705,0.9776416031798608,0,0,0,0.0082644628099173,0.9801258694932096,15,0,0,0,0,0,0
qwen3_0.6b_1024d,en_def_translated_cn_def,EDGE-05804,ROOT-8FB0,辰,日,日,晨,qwen3_0.6b_1024d__en_def_translated_cn_def__EDGE-05804,6,6,昀,9,0.7487459182739258,昀,32,0.6884611248970032,6039,3,0,0,1,0.1111111111111111,0.998675057966214,0,0,0,0.03125,0.9948658496190792,-23,0,0,0,0,0,1
qwen3_0.6b_1024d,en_def_translated_cn_def,EDGE-05807,ROOT-8FB0,辰,肉,肉,脣,qwen3_0.6b_1024d__en_def_translated_cn_def__EDGE-05807,6,6,髓,17,0.6550498008728027,髓,28,0.5992171764373779,6039,3,0,0,0,0.0588235294117647,0.997350115932428,0,0,0,0.0357142857142857,0.9955283206359722,-11,0,0,0,0,0,0
qwen3_0.6b_1024d,en_def_translated_cn_def,EDGE-05809,ROOT-8FB0,辰,虫,虫,蜃,qwen3_0.6b_1024d__en_def_translated_cn_def__EDGE-05809,6,6,虺,2516,0.3590488731861114,虺,5131,0.2932057976722717,6039,3,0,0,0,0.0003974562798092,0.5834713481285194,0,0,0,0.0001948937828883,0.1503809208347134,-2615,0,0,0,0,0,0
qwen3_0.6b_1024d,en_def_translated_cn_def,EDGE-05810,ROOT-8FB0,辰,貝,貝,賑,qwen3_0.6b_1024d__en_def_translated_cn_def__EDGE-05810,6,6,螺,2656,0.4071589112281799,蜊,1767,0.4254176914691925,6039,3,0,0,0,0.0003765060240963,0.5602848625372641,0,0,0,0.0005659309564233,0.7075190460417357,889,0,0,0,0,0,0
qwen3_0.6b_1024d,en_def_translated_cn_def,EDGE-05811,ROOT-8FB0,辰,雨,雨,震,qwen3_0.6b_1024d__en_def_translated_cn_def__EDGE-05811,6,6,雹,167,0.4645825326442718,雹,166,0.4642891883850097,6039,3,0,0,0,0.0059880239520958,0.97250745279894,0,0,0,0.0060240963855421,0.9726730705531632,1,0,0,0,0,0,0
qwen3_0.6b_1024d,en_def_translated_cn_def,EDGE-06206,ROOT-5360,店,扌,手,掂,qwen3_0.6b_1024d__en_def_translated_cn_def__EDGE-06206,10,10,臂,156,0.5614455938339233,肢,96,0.5637301802635193,6039,3,0,0,0,0.0064102564102564,0.9743292480953958,0,0,0,0.0104166666666666,0.984266313348791,60,0,0,0,0,0,0
qwen3_0.6b_1024d,en_def_translated_cn_def,EDGE-06207,ROOT-5360,店,忄,心,惦,qwen3_0.6b_1024d__en_def_translated_cn_def__EDGE-06207,11,10,脾,2005,0.4218749701976776,脾,2614,0.409593403339386,6039,3,0,0,0,0.0004987531172069,0.6681020205366015,0,0,0,0.0003825554705432,0.5672408082146406,-609,0,0,0,0,0,0
qwen3_0.6b_1024d,en_gloss_unihan,EDGE-00063,ROOT-219CD,賓,亻,人,儐,qwen3_0.6b_1024d__en_gloss_unihan__EDGE-00063,10,10,佬,410,0.4894484579563141,某,89,0.5271635055541992,9152,3,0,0,0,0.0024390243902439,0.9553054311004262,0,0,0,0.0112359550561797,0.9903835646377444,321,0,0,0,0,0,0
qwen3_0.6b_1024d,en_gloss_unihan,EDGE-00064,ROOT-219CD,賓,女,女,嬪,qwen3_0.6b_1024d__en_gloss_unihan__EDGE-00064,10,10,艮,308,0.4277913570404053,昴,285,0.4918880462646484,9152,3,0,0,0,0.0032467532467532,0.9664517539066768,0,0,0,0.0035087719298245,0.9689651404218118,23,0,0,0,0,0,0
qwen3_0.6b_1024d,en_gloss_unihan,EDGE-00065,ROOT-219CD,賓,扌,手,擯,qwen3_0.6b_1024d__en_gloss_unihan__EDGE-00065,10,10,匊,1505,0.6127656102180481,匊,1686,0.5859341621398926,9152,3,0,0,0,0.0006644518272425,0.835646377445088,0,0,0,0.0005931198102016,0.8158671183477215,-181,0,0,0,0,0,0
qwen3_0.6b_1024d,en_gloss_unihan,EDGE-00066,ROOT-219CD,賓,木,木,檳,qwen3_0.6b_1024d__en_gloss_unihan__EDGE-00066,10,10,榾,1779,0.5348528027534485,榾,2301,0.5302526950836182,9152,3,0,0,0,0.0005621135469364,0.8057042946126106,0,0,0,0.0004345936549326,0.7486613484865042,-522,0,0,0,0,0,0
qwen3_0.6b_1024d,en_gloss_unihan,EDGE-00067,ROOT-219CD,賓,歹,歹,殯,qwen3_0.6b_1024d__en_gloss_unihan__EDGE-00067,10,10,惡,544,0.5949703454971313,惡,601,0.5727842450141907,9152,3,0,0,0,0.0018382352941176,0.9406622227079008,0,0,0,0.0016638935108153,0.9344333952573488,-57,0,0,0,0,0,0
qwen3_0.6b_1024d,en_gloss_unihan,EDGE-00068,ROOT-219CD,賓,氵,水,濱,qwen3_0.6b_1024d__en_gloss_unihan__EDGE-00068,10,10,液,597,0.5375466346740723,液,665,0.5264493227005005,9152,3,0,0,0,0.0016750418760469,0.9348705059556331,0,0,0,0.0015037593984962,0.9274396240847996,-68,0,0,0,0,0,0
qwen3_0.6b_1024d,en_gloss_unihan,EDGE-00069,ROOT-219CD,賓,目,目,矉,qwen3_0.6b_1024d__en_gloss_unihan__EDGE-00069,10,10,見,211,0.4576195776462555,瞅,176,0.5062566995620728,9152,3,0,0,0,0.0047393364928909,0.9770516883400722,0,0,0,0.0056818181818181,0.98087640695006,35,0,0,0,0,0,0
qwen3_0.6b_1024d,en_gloss_unihan,EDGE-00070,ROOT-219CD,賓,糸,糸,繽,qwen3_0.6b_1024d__en_gloss_unihan__EDGE-00070,10,10,曰,3757,0.3525860607624054,繒,5574,0.4178726375102997,9152,3,0,0,0,0.0002661698163428,0.5895530543110042,0,0,0,0.0001794043774668,0.3909955196153426,-1817,0,0,0,0,0,0
qwen3_0.6b_1024d,en_gloss_unihan,EDGE-00071,ROOT-219CD,賓,虫,虫,蠙,qwen3_0.6b_1024d__en_gloss_unihan__EDGE-00071,10,10,豸,3222,0.4009290635585785,豸,949,0.5299524068832397,9152,3,0,0,0,0.0003103662321539,0.6480166102065348,0,0,0,0.0010537407797681,0.8964047645066113,2273,0,0,0,0,0,0
qwen3_0.6b_1024d,en_gloss_unihan,EDGE-00072,ROOT-219CD,賓,髟,髟,鬢,qwen3_0.6b_1024d__en_gloss_unihan__EDGE-00072,10,10,血,166,0.5295155644416809,髮,81,0.620191216468811,9152,3,0,0,0,0.0060240963855421,0.9819691836957708,0,0,0,0.0123456790123456,0.9912577860343132,85,0,0,0,0,0,0
qwen3_0.6b_1024d,en_gloss_unihan,EDGE-00478,ROOT-4EA5,亥,亻,人,侅,qwen3_0.6b_1024d__en_gloss_unihan__EDGE-00478,14,14,佬,2965,0.4392333030700683,婼,5933,0.4093139767646789,9152,3,0,0,0,0.0003372681281618,0.6761009725713036,0,0,0,0.0001685487948761,0.351764834444323,-2968,0,0,0,0,0,0
qwen3_0.6b_1024d,en_gloss_unihan,EDGE-00479,ROOT-4EA5,亥,刂,刀,刻,qwen3_0.6b_1024d__en_gloss_unihan__EDGE-00479,14,14,鍰,66,0.6836127638816833,鍰,228,0.6319221258163452,9152,3,0,0,0,0.0151515151515151,0.9928969511528796,0,0,0,0.0043859649122807,0.9751939678723636,-162,0,0,0,0,0,0
qwen3_0.6b_1024d,en_gloss_unihan,EDGE-00480,ROOT-4EA5,亥,力,力,劾,qwen3_0.6b_1024d__en_gloss_unihan__EDGE-00480,14,14,曰,676,0.4194974303245544,勢,851,0.5208016037940979,9152,3,0,0,0,0.0014792899408284,0.9262375696645176,0,0,0,0.0011750881316098,0.9071139766145776,-175,0,0,0,0,0,0
qwen3_0.6b_1024d,en_gloss_unihan,EDGE-00481,ROOT-4EA5,亥,口,口,咳,qwen3_0.6b_1024d__en_gloss_unihan__EDGE-00481,14,14,闥,7347,0.4565240442752838,闥,5616,0.4850534200668335,9152,3,0,0,0,0.0001361099768613,0.1972462026008086,0,0,0,0.0001780626780626,0.3864058572833569,1731,0,0,0,0,0,0
qwen3_0.6b_1024d,en_gloss_unihan,EDGE-00482,ROOT-4EA5,亥,土,土,垓,qwen3_0.6b_1024d__en_gloss_unihan__EDGE-00482,14,14,坷,5246,0.4648361504077911,坷,5330,0.4710332751274109,9152,3,0,0,0,0.0001906214258482,0.4268385968746585,0,0,0,0.0001876172607879,0.4176592722106873,-84,0,0,0,0,0,0
qwen3_0.6b_1024d,en_gloss_unihan,EDGE-00483,ROOT-4EA5,亥,子,子,孩,qwen3_0.6b_1024d__en_gloss_unihan__EDGE-00483,14,14,枝,104,0.602431058883667,櫱,146,0.5950033068656921,9152,3,0,0,0,0.0096153846153846,0.9887443995191784,0,0,0,0.0068493150684931,0.9841547371871928,-42,0,0,0,0,0,0
qwen3_0.6b_1024d,en_gloss_unihan,EDGE-00484,ROOT-4EA5,亥,木,木,核,qwen3_0.6b_1024d__en_gloss_unihan__EDGE-00484,14,14,榾,7691,0.4272783398628235,榾,8434,0.4026804566383362,9152,3,0,0,0,0.0001300221037576,0.1596546825483553,0,0,0,0.0001185677021579,0.0784613703420391,-743,0,0,0,0,0,0
qwen3_0.6b_1024d,en_gloss_unihan,EDGE-00485,ROOT-4EA5,亥,欠,欠,欬,qwen3_0.6b_1024d__en_gloss_unihan__EDGE-00485,14,14,缺,7421,0.3002021610736847,歉,5903,0.3952633142471313,9152,3,0,0,0,0.0001347527287427,0.1891596546825483,0,0,0,0.0001694053870913,0.3550431646814556,1518,0,0,0,0,0,0
qwen3_0.6b_1024d,en_gloss_unihan,EDGE-00487,ROOT-4EA5,亥,肉,肉,胲,qwen3_0.6b_1024d__en_gloss_unihan__EDGE-00487,14,14,食,7415,0.3028036057949066,肌,6583,0.4130964577198028,9152,3,0,0,0,0.0001348617666891,0.1898153207299748,0,0,0,0.0001519064256418,0.2807343459731176,832,0,0,0,0,0,0
qwen3_0.6b_1024d,en_gloss_unihan,EDGE-00488,ROOT-4EA5,亥,艹,艸,荄,qwen3_0.6b_1024d__en_gloss_unihan__EDGE-00488,14,14,髟,115,0.5679515600204468,萹,2,0.6805619597434998,9152,3,0,0,0,0.008695652173913,0.9875423450988964,0,1,1,0.5,0.9998907223254287,113,0,0,1,0,1,0
qwen3_0.6b_1024d,en_gloss_unihan,EDGE-00489,ROOT-4EA5,亥,言,言,該,qwen3_0.6b_1024d__en_gloss_unihan__EDGE-00489,14,14,曰,389,0.4186980128288269,辭,342,0.4999269545078277,9152,3,0,0,0,0.0025706940874035,0.9576002622664188,0,0,0,0.0029239766081871,0.96273631297126,47,0,0,0,0,0,0
qwen3_0.6b_1024d,en_gloss_unihan,EDGE-00490,ROOT-4EA5,亥,門,門,閡,qwen3_0.6b_1024d__en_gloss_unihan__EDGE-00490,14,14,閽,604,0.4189239144325256,閽,864,0.5100254416465759,9152,3,0,0,0,0.0016556291390728,0.9341055622336356,0,0,0,0.0011574074074074,0.9056933668451536,-260,0,0,0,0,0,0
qwen3_0.6b_1024d,en_gloss_unihan,EDGE-00492,ROOT-4EA5,亥,頁,頁,頦,qwen3_0.6b_1024d__en_gloss_unihan__EDGE-00492,14,14,襾,168,0.4514490365982055,襾,15,0.5827897787094116,9152,3,0,0,0,0.0059523809523809,0.9817506283466289,0,0,0,0.0666666666666666,0.9984701125560048,153,0,0,0,0,0,0
qwen3_0.6b_1024d,en_gloss_unihan,EDGE-00493,ROOT-4EA5,亥,馬,馬,駭,qwen3_0.6b_1024d__en_gloss_unihan__EDGE-00493,14,14,魚,6768,0.312979519367218,髟,6537,0.4144705533981323,9152,3,0,0,0,0.0001477541371158,0.2605179761774669,0,0,0,0.0001529753709652,0.2857611190033876,231,0,0,0,0,0,0
qwen3_0.6b_1024d,en_gloss_unihan,EDGE-00494,ROOT-4EA5,亥,骨,骨,骸,qwen3_0.6b_1024d__en_gloss_unihan__EDGE-00494,14,14,血,24,0.6188980340957642,骼,3,0.6838846206665039,9152,3,0,0,0,0.0416666666666666,0.997486613484865,0,1,1,0.3333333333333333,0.9997814446508578,21,0,0,1,0,1,0
qwen3_0.6b_1024d,en_gloss_unihan,EDGE-00734,ROOT-5143,元,刂,刀,刓,qwen3_0.6b_1024d__en_gloss_unihan__EDGE-00734,14,12,鍰,2722,0.5570871829986572,戥,2697,0.5529391765594482,9152,3,0,0,0,0.0003673769287288,0.7026554474920774,0,0,0,0.0003707823507601,0.7053873893563545,25,0,0,0,0,0,0
qwen3_0.6b_1024d,en_gloss_unihan,EDGE-00747,ROOT-5143,元,氵,水,沅,qwen3_0.6b_1024d__en_gloss_unihan__EDGE-00747,13,12,液,2030,0.4894602298736572,液,1871,0.4977454841136932,9152,3,0,0,0,0.0004926108374384,0.7782755982952683,0,0,0,0.0005344735435595,0.7956507485520709,159,0,0,0,0,0,0
qwen3_0.6b_1024d,en_gloss_unihan,EDGE-00748,ROOT-5143,元,王,玉,玩,qwen3_0.6b_1024d__en_gloss_unihan__EDGE-00748,14,12,琦,5690,0.4728770852088928,琦,6861,0.4503703713417053,9152,3,0,0,0,0.0001757469244288,0.3783193093650967,0,0,0,0.0001457513481999,0.250355152442356,-1171,0,0,0,0,0,0
qwen3_0.6b_1024d,en_gloss_unihan,EDGE-00749,ROOT-5143,元,習,習,翫,qwen3_0.6b_1024d__en_gloss_unihan__EDGE-00749,14,12,翩,5842,0.4807800054550171,翩,6263,0.4345164000988006,9152,3,0,0,0,0.0001711742553919,0.3617091028302918,0,0,0,0.0001596678907871,0.315703201835865,-421,0,0,0,0,0,0
qwen3_0.6b_1024d,en_gloss_unihan,EDGE-00750,ROOT-5143,元,艹,艸,芫,qwen3_0.6b_1024d__en_gloss_unihan__EDGE-00750,13,12,髟,566,0.4388613104820251,萹,291,0.5768598914146423,9152,3,0,0,0,0.0017667844522968,0.9382581138673368,0,0,0,0.0034364261168384,0.9683094743743852,275,0,0,0,0,0,0
qwen3_0.6b_1024d,en_gloss_unihan,EDGE-00754,ROOT-5143,元,頁,頁,頑,qwen3_0.6b_1024d__en_gloss_unihan__EDGE-00754,14,12,襾,6577,0.3029689192771911,襾,6766,0.383518636226654,9152,3,0,0,0,0.0001520450053215,0.2813900120205442,0,0,0,0.0001477978125923,0.2607365315266091,-189,0,0,0,0,0,0
qwen3_0.6b_1024d,en_gloss_unihan,EDGE-00755,ROOT-5143,元,黽,黽,黿,qwen3_0.6b_1024d__en_gloss_unihan__EDGE-00755,14,12,鬥,9032,0.1885633021593094,勱,8705,0.288422554731369,9152,3,0,0,0,0.0001107174490699,0.0131133209485302,0,0,0,0.0001148765077541,0.048847120533275,327,0,0,0,0,0,0
qwen3_0.6b_1024d,en_gloss_unihan,EDGE-00807,ROOT-5303,曷,亻,人,偈,qwen3_0.6b_1024d__en_gloss_unihan__EDGE-00807,25,22,佬,4007,0.4273823499679565,婼,3131,0.4580390155315399,9152,3,0,0,0,0.0002495632642874,0.5622336356682329,0,0,0,0.0003193867773874,0.6579608785925035,876,0,0,0,0,0,0
qwen3_0.6b_1024d,en_gloss_unihan,EDGE-00808,ROOT-5303,曷,口,口,喝,qwen3_0.6b_1024d__en_gloss_unihan__EDGE-00808,25,22,闥,4076,0.5101568698883057,闥,3312,0.5274012088775635,9152,3,0,0,0,0.0002453385672227,0.5546934761228282,0,0,0,0.0003019323671497,0.6381816194951371,764,0,0,0,0,0,0
qwen3_0.6b_1024d,en_gloss_unihan,EDGE-00809,ROOT-5303,曷,土,土,堨,qwen3_0.6b_1024d__en_gloss_unihan__EDGE-00809,25,22,坷,3252,0.4922776818275451,坷,1247,0.5465425848960876,9152,3,0,0,0,0.0003075030750307,0.6447382799694023,0,0,0,0.0008019246190858,0.863840017484428,2005,0,0,0,0,0,0
qwen3_0.6b_1024d,en_gloss_unihan,EDGE-00810,ROOT-5303,曷,忄,心,愒,qwen3_0.6b_1024d__en_gloss_unihan__EDGE-00810,25,22,星,4553,0.313052088022232,星,3991,0.3538953363895416,9152,3,0,0,0,0.0002196354052273,0.5025680253524205,0,0,0,0.000250563768479,0.5639820784613703,562,0,0,0,0,0,0
qwen3_0.6b_1024d,en_gloss_unihan,EDGE-00811,ROOT-5303,曷,扌,手,揭,qwen3_0.6b_1024d__en_gloss_unihan__EDGE-00811,24,22,匊,6094,0.5129281282424927,匊,7484,0.4603575766086578,9152,3,0,0,0,0.0001640958319658,0.3341711288383783,0,0,0,0.0001336183858898,0.18227516118457,-1390,0,0,0,0,0,0
qwen3_0.6b_1024d,en_gloss_unihan,EDGE-00812,ROOT-5303,曷,日,日,暍,qwen3_0.6b_1024d__en_gloss_unihan__EDGE-00812,25,22,晝,2655,0.5026044845581055,晝,2179,0.5158524513244629,9152,3,0,0,0,0.0003766478342749,0.7099770516883401,0,0,0,0.0004589261128958,0.7619932247841765,476,0,0,0,0,0,0
qwen3_0.6b_1024d,en_gloss_unihan,EDGE-00813,ROOT-5303,曷,去,去,朅,qwen3_0.6b_1024d__en_gloss_unihan__EDGE-00813,25,22,訣,2796,0.541693389415741,訣,1510,0.5643441677093506,9152,3,0,0,0,0.0003576537911301,0.6945688995738171,0,0,0,0.0006622516556291,0.8350999890722326,1286,0,0,0,0,0,0
qwen3_0.6b_1024d,en_gloss_unihan,EDGE-00814,ROOT-5303,曷,木,木,楬,qwen3_0.6b_1024d__en_gloss_unihan__EDGE-00814,25,22,榾,1082,0.5543439388275146,榾,1355,0.5611996650695801,9152,3,0,0,0,0.0009242144177449,0.8818708337886569,0,0,0,0.0007380073800738,0.8520380286307507,-273,0,0,0,0,0,0
qwen3_0.6b_1024d,en_gloss_unihan,EDGE-00815,ROOT-5303,曷,欠,欠,歇,qwen3_0.6b_1024d__en_gloss_unihan__EDGE-00815,25,22,缺,2076,0.3673969209194183,乏,1386,0.4733283519744873,9152,3,0,0,0,0.0004816955684007,0.7732488252649984,0,0,0,0.0007215007215007,0.8486504207190471,690,0,0,0,0,0,0
qwen3_0.6b_1024d,en_gloss_unihan,EDGE-00817,ROOT-5303,曷,氵,水,渴,qwen3_0.6b_1024d__en_gloss_unihan__EDGE-00817,25,22,液,673,0.5320641994476318,液,1213,0.5240684747695923,9152,3,0,0,0,0.0014858841010401,0.9265654026882308,0,0,0,0.0008244023083264,0.8675554584198448,-540,0,0,0,0,0,0
qwen3_0.6b_1024d,en_gloss_unihan,EDGE-00818,ROOT-5303,曷,犭,犬,猲,qwen3_0.6b_1024d__en_gloss_unihan__EDGE-00818,25,22,狗,5153,0.4338796436786651,獫,5498,0.44659224152565,9152,3,0,0,0,0.0001940617116242,0.4370014206097694,0,0,0,0.0001818843215714,0.399300622882745,-345,0,0,0,0,0,0
qwen3_0.6b_1024d,en_gloss_unihan,EDGE-00819,ROOT-5303,曷,石,石,碣,qwen3_0.6b_1024d__en_gloss_unihan__EDGE-00819,25,22,缶,141,0.5712078213691711,埆,16,0.7012571692466736,9152,3,0,0,0,0.0070921985815602,0.984701125560048,0,0,0,0.0625,0.9983608348814336,125,0,0,0,0,0,0
qwen3_0.6b_1024d,en_gloss_unihan,EDGE-00821,ROOT-5303,曷,立,立,竭,qwen3_0.6b_1024d__en_gloss_unihan__EDGE-00821,25,22,站,1138,0.5740241408348083,站,2072,0.5629473328590393,9152,3,0,0,0,0.0008787346221441,0.8757512840126762,0,0,0,0.0004826254826254,0.7736859359632827,-934,0,0,0,0,0,0
qwen3_0.6b_1024d,en_gloss_unihan,EDGE-00822,ROOT-5303,曷,羊,羊,羯,qwen3_0.6b_1024d__en_gloss_unihan__EDGE-00822,25,22,馬,146,0.5007597208023071,羱,86,0.595799446105957,9152,3,0,0,0,0.0068493150684931,0.9841547371871928,0,0,0,0.0116279069767441,0.9907113976614578,60,0,0,0,0,0,0
qwen3_0.6b_1024d,en_gloss_unihan,EDGE-00823,ROOT-5303,曷,艹,艸,葛,qwen3_0.6b_1024d__en_gloss_unihan__EDGE-00823,24,22,髟,652,0.4335091114044189,萹,2879,0.5051363110542297,9152,3,0,0,0,0.0015337423312883,0.9288602338542236,0,0,0,0.0003473428273706,0.685498852584417,-2227,0,0,0,0,0,0
qwen3_0.6b_1024d,en_gloss_unihan,EDGE-00826,ROOT-5303,曷,虫,虫,蝎,qwen3_0.6b_1024d__en_gloss_unihan__EDGE-00826,24,22,豸,171,0.5117390155792236,豸,56,0.6606036424636841,9152,3,0,0,0,0.0058479532163742,0.9814227953229157,0,0,0,0.0178571428571428,0.9939897278985904,115,0,0,0,0,0,0
qwen3_0.6b_1024d,en_gloss_unihan,EDGE-00827,ROOT-5303,曷,衤,衣,褐,qwen3_0.6b_1024d__en_gloss_unihan__EDGE-00827,25,22,襾,239,0.4440451562404632,幎,119,0.5605923533439636,9152,3,0,0,0,0.00418410041841,0.9739919134520816,0,0,0,0.0084033613445378,0.987105234400612,120,0,0,0,0,0,0
qwen3_0.6b_1024d,en_gloss_unihan,EDGE-00828,ROOT-5303,曷,言,言,謁,qwen3_0.6b_1024d__en_gloss_unihan__EDGE-00828,25,22,曰,1776,0.3708378672599792,辭,1477,0.471664547920227,9152,3,0,0,0,0.000563063063063,0.8060321276363239,0,0,0,0.0006770480704129,0.8387061523330783,299,0,0,0,0,0,0
qwen3_0.6b_1024d,en_gloss_unihan,EDGE-00832,ROOT-5303,曷,革,革,鞨,qwen3_0.6b_1024d__en_gloss_unihan__EDGE-00832,25,22,韋,5258,0.2652709484100342,韋,2623,0.4101110398769378,9152,3,0,0,0,0.000190186382655,0.4255272647798055,0,0,0,0.0003812428516965,0.7134739372746148,2635,0,0,0,0,0,0
qwen3_0.6b_1024d,en_gloss_unihan,EDGE-00833,ROOT-5303,曷,飠,食,餲,qwen3_0.6b_1024d__en_gloss_unihan__EDGE-00833,25,22,肉,7186,0.3260231018066406,餐,5119,0.4536798596382141,9152,3,0,0,0,0.0001391594767603,0.2148399082067533,0,0,0,0.0001953506544246,0.4407168615451863,2067,0,0,0,0,0,0
qwen3_0.6b_1024d,en_gloss_unihan,EDGE-00834,ROOT-5303,曷,鳥,鳥,鶡,qwen3_0.6b_1024d__en_gloss_unihan__EDGE-00834,25,22,隹,169,0.5230937004089355,鴃,93,0.6412695646286011,9152,3,0,0,0,0.0059171597633136,0.9816413506720576,0,0,0,0.010752688172043,0.98994645393946,76,0,0,0,0,0,0
qwen3_0.6b_1024d,en_gloss_unihan,EDGE-02217,ROOT-572D,圭,亻,人,佳,qwen3_0.6b_1024d__en_gloss_unihan__EDGE-02217,24,22,佬,8884,0.3019405901432037,婼,8880,0.2766291797161102,9152,3,0,0,0,0.0001125619090499,0.0292864167850508,0,0,0,0.0001126126126126,0.0297235274833351,4,0,0,0,0,0,0
qwen3_0.6b_1024d,en_gloss_unihan,EDGE-02218,ROOT-572D,圭,刂,刀,刲,qwen3_0.6b_1024d__en_gloss_unihan__EDGE-02218,24,22,鍰,292,0.64481121301651,鍰,224,0.6457775831222534,9152,3,0,0,0,0.0034246575342465,0.9682001966998144,0,0,0,0.0044642857142857,0.975631078570648,68,0,0,0,0,0,0
qwen3_0.6b_1024d,en_gloss_unihan,EDGE-02219,ROOT-572D,圭,卜,卜,卦,qwen3_0.6b_1024d__en_gloss_unihan__EDGE-02219,24,22,卦,1,0.8724849224090576,卦,1,0.8292171955108643,9152,3,1,1,1,1.0,1.0,1,1,1,1.0,1.0,0,0,0,0,0,0,0
qwen3_0.6b_1024d,en_gloss_unihan,EDGE-02226,ROOT-572D,圭,口,口,哇,qwen3_0.6b_1024d__en_gloss_unihan__EDGE-02226,24,22,闥,7874,0.441497653722763,闥,7011,0.4658605754375458,9152,3,0,0,0,0.0001270002540005,0.1396568681018467,0,0,0,0.0001426330052774,0.2339635012566933,863,0,0,0,0,0,0
qwen3_0.6b_1024d,en_gloss_unihan,EDGE-02227,ROOT-572D,圭,大,大,奎,qwen3_0.6b_1024d__en_gloss_unihan__EDGE-02227,24,22,溥,8924,0.3791856169700622,溥,8911,0.3319367170333862,9152,3,0,0,0,0.0001120573733751,0.0249153098022074,0,0,0,0.000112220850634,0.0263359195716315,13,0,0,0,0,0,0
qwen3_0.6b_1024d,en_gloss_unihan,EDGE-02229,ROOT-572D,圭,女,女,娃,qwen3_0.6b_1024d__en_gloss_unihan__EDGE-02229,24,22,艮,691,0.3966560959815979,凰,802,0.4754911065101623,9152,3,0,0,0,0.0014471780028943,0.9245984045459512,0,0,0,0.0012468827930174,0.9124685826685608,-111,0,0,0,0,0,0
qwen3_0.6b_1024d,en_gloss_unihan,EDGE-02230,ROOT-572D,圭,心,心,恚,qwen3_0.6b_1024d__en_gloss_unihan__EDGE-02230,24,22,星,520,0.3865698575973511,星,1630,0.3881516754627228,9152,3,0,0,0,0.0019230769230769,0.9432848868976068,0,0,0,0.0006134969325153,0.8219866681237024,-1110,0,0,0,0,0,0
qwen3_0.6b_1024d,en_gloss_unihan,EDGE-02231,ROOT-572D,圭,扌,手,挂,qwen3_0.6b_1024d__en_gloss_unihan__EDGE-02231,23,22,匊,1586,0.6108102202415466,匊,1812,0.5948373079299927,9152,3,0,0,0,0.0006305170239596,0.8267948858048301,0,0,0,0.0005518763796909,0.8020981313517648,-226,0,0,0,0,0,0
qwen3_0.6b_1024d,en_gloss_unihan,EDGE-02232,ROOT-572D,圭,木,木,桂,qwen3_0.6b_1024d__en_gloss_unihan__EDGE-02232,24,22,榾,2732,0.5160074830055237,榾,4809,0.5001797676086426,9152,3,0,0,0,0.0003660322108345,0.7015626707463665,0,0,0,0.0002079434393844,0.4745929406622227,-2077,0,0,0,0,0,0
qwen3_0.6b_1024d,en_gloss_unihan,EDGE-02233,ROOT-572D,圭,氵,水,洼,qwen3_0.6b_1024d__en_gloss_unihan__EDGE-02233,23,22,液,603,0.5372381210327148,液,419,0.5563099384307861,9152,3,0,0,0,0.0016583747927031,0.9342148399082068,0,0,0,0.0023866348448687,0.9543219320292864,184,0,0,0,0,0,0
qwen3_0.6b_1024d,en_gloss_unihan,EDGE-02235,ROOT-572D,圭,火,火,烓,qwen3_0.6b_1024d__en_gloss_unihan__EDGE-02235,24,22,燬,2717,0.4453074336051941,燬,2786,0.4755414128303528,9152,3,0,0,0,0.0003680529996319,0.7032018358649328,0,0,0,0.0003589375448671,0.6956616763195279,-69,0,0,0,0,0,0
qwen3_0.6b_1024d,en_gloss_unihan,EDGE-02236,ROOT-572D,圭,王,玉,珪,qwen3_0.6b_1024d__en_gloss_unihan__EDGE-02236,24,22,琦,486,0.5811471343040466,琦,3121,0.5231937170028687,9152,3,0,0,0,0.0020576131687242,0.9470003278330236,0,0,0,0.0003204101249599,0.6590536553382145,-2635,0,0,0,0,0,0
qwen3_0.6b_1024d,en_gloss_unihan,EDGE-02237,ROOT-572D,圭,田,田,畦,qwen3_0.6b_1024d__en_gloss_unihan__EDGE-02237,24,22,疇,44,0.6997798681259155,疇,40,0.7026606798171997,9152,3,0,0,0,0.0227272727272727,0.9953010599934432,0,0,0,0.025,0.9957381706917277,4,0,0,0,0,0,0
qwen3_0.6b_1024d,en_gloss_unihan,EDGE-02238,ROOT-572D,圭,目,目,眭,qwen3_0.6b_1024d__en_gloss_unihan__EDGE-02238,24,22,見,208,0.4595502912998199,瞅,61,0.5773075819015503,9152,3,0,0,0,0.0048076923076923,0.9773795213637854,0,0,0,0.0163934426229508,0.9934433395257348,147,0,0,0,0,0,0
qwen3_0.6b_1024d,en_gloss_unihan,EDGE-02241,ROOT-572D,圭,糸,糸,絓,qwen3_0.6b_1024d__en_gloss_unihan__EDGE-02241,24,22,曰,5391,0.3350339531898498,繒,2911,0.4680888056755066,9152,3,0,0,0,0.0001854943424225,0.4109933340618511,0,0,0,0.0003435245620061,0.6820019669981423,2480,0,0,0,0,0,0
qwen3_0.6b_1024d,en_gloss_unihan,EDGE-02243,ROOT-572D,圭,虫,虫,蛙,qwen3_0.6b_1024d__en_gloss_unihan__EDGE-02243,24,22,豸,794,0.450664609670639,豸,191,0.6020437479019165,9152,3,0,0,0,0.0012594458438287,0.9133428040651296,0,0,0,0.0052356020942408,0.979237241831494,603,0,0,0,0,0,0
qwen3_0.6b_1024d,en_gloss_unihan,EDGE-02244,ROOT-572D,圭,行,行,街,qwen3_0.6b_1024d__en_gloss_unihan__EDGE-02244,24,22,走,316,0.455971747636795,躚,199,0.5510017275810242,9152,3,0,0,0,0.0031645569620253,0.965577532510108,0,0,0,0.0050251256281407,0.9783630204349252,117,0,0,0,0,0,0
qwen3_0.6b_1024d,en_gloss_unihan,EDGE-02246,ROOT-572D,圭,言,言,詿,qwen3_0.6b_1024d__en_gloss_unihan__EDGE-02246,24,22,曰,1965,0.3671013712882995,辭,2441,0.4451969265937805,9152,3,0,0,0,0.0005089058524173,0.7853786471423888,0,0,0,0.0004096681687832,0.7333624740465523,-476,0,0,0,0,0,0
qwen3_0.6b_1024d,en_gloss_unihan,EDGE-02248,ROOT-572D,圭,門,門,閨,qwen3_0.6b_1024d__en_gloss_unihan__EDGE-02248,24,22,閽,1246,0.3977035880088806,閽,1000,0.4978431463241577,9152,3,0,0,0,0.0008025682182985,0.863949295158999,0,0,0,0.001,0.890831603103486,246,0,0,0,0,0,0
qwen3_0.6b_1024d,en_gloss_unihan,EDGE-02249,ROOT-572D,圭,革,革,鞋,qwen3_0.6b_1024d__en_gloss_unihan__EDGE-02249,24,22,韋,2963,0.2962064146995544,韋,2942,0.3880819678306579,9152,3,0,0,0,0.0003374957813027,0.6763195279204459,0,0,0,0.0003399048266485,0.6786143590864386,21,0,0,0,0,0,0
qwen3_0.6b_1024d,en_gloss_unihan,EDGE-02266,ROOT-582F,堯,亻,人,僥,qwen3_0.6b_1024d__en_gloss_unihan__EDGE-02266,17,17,佬,1835,0.4549102783203125,傖,3191,0.4515364468097687,9152,3,0,0,0,0.0005449591280653,0.7995847448366299,0,0,0,0.0003133813851457,0.6514042181182385,-1356,0,0,0,0,0,0
qwen3_0.6b_1024d,en_gloss_unihan,EDGE-02267,ROOT-582F,堯,口,口,嘵,qwen3_0.6b_1024d__en_gloss_unihan__EDGE-02267,17,17,闥,7074,0.4623134434223175,闥,5035,0.4953398704528808,9152,3,0,0,0,0.0001413627367825,0.2270790077587149,0,0,0,0.0001986097318768,0.4498961862091575,2039,0,0,0,0,0,0
qwen3_0.6b_1024d,en_gloss_unihan,EDGE-02268,ROOT-582F,堯,女,女,嬈,qwen3_0.6b_1024d__en_gloss_unihan__EDGE-02268,17,17,艮,2053,0.353501558303833,坤,1000,0.4678448438644409,9152,3,0,0,0,0.0004870920603994,0.7757622117801333,0,0,0,0.001,0.890831603103486,1053,0,0,0,0,0,0
qwen3_0.6b_1024d,en_gloss_unihan,EDGE-02269,ROOT-582F,堯,山,山,嶢,qwen3_0.6b_1024d__en_gloss_unihan__EDGE-02269,17,17,嶺,106,0.6856673359870911,岡,99,0.6711278557777405,9152,3,0,0,0,0.0094339622641509,0.988525844170036,0,0,0,0.0101010101010101,0.9892907878920336,7,0,0,0,0,0,0
qwen3_0.6b_1024d,en_gloss_unihan,EDGE-02270,ROOT-582F,堯,扌,手,撓,qwen3_0.6b_1024d__en_gloss_unihan__EDGE-02270,17,17,匊,3928,0.554472804069519,匊,2514,0.573567807674408,9152,3,0,0,0,0.000254582484725,0.5708665719593486,0,0,0,0.0003977724741447,0.7253852038028631,1414,0,0,0,0,0,0
qwen3_0.6b_1024d,en_gloss_unihan,EDGE-02271,ROOT-582F,堯,日,日,曉,qwen3_0.6b_1024d__en_gloss_unihan__EDGE-02271,17,17,晝,16,0.7559691071510315,晝,16,0.7287619709968567,9152,3,0,0,0,0.0625,0.9983608348814336,0,0,0,0.0625,0.9983608348814336,0,0,0,0,0,0,0
qwen3_0.6b_1024d,en_gloss_unihan,EDGE-02272,ROOT-582F,堯,木,木,橈,qwen3_0.6b_1024d__en_gloss_unihan__EDGE-02272,17,17,榾,13,0.7095295190811157,柮,15,0.681719183921814,9152,3,0,0,0,0.0769230769230769,0.998688667905147,0,0,0,0.0666666666666666,0.9984701125560048,-2,0,0,0,0,0,0
qwen3_0.6b_1024d,en_gloss_unihan,EDGE-02273,ROOT-582F,堯,氵,水,澆,qwen3_0.6b_1024d__en_gloss_unihan__EDGE-02273,17,17,液,7,0.6982280015945435,液,5,0.699657678604126,9152,3,0,0,1,0.1428571428571428,0.9993443339525736,0,1,1,0.2,0.9995628893017156,2,0,0,1,0,0,0
qwen3_0.6b_1024d,en_gloss_unihan,EDGE-02274,ROOT-582F,堯,火,火,燒,qwen3_0.6b_1024d__en_gloss_unihan__EDGE-02274,17,17,燬,53,0.6404898166656494,燬,76,0.6327046155929565,9152,3,0,0,0,0.0188679245283018,0.9943175609223036,0,0,0,0.0131578947368421,0.9918041744071686,-23,0,0,0,0,0,0
qwen3_0.6b_1024d,en_gloss_unihan,EDGE-02276,ROOT-582F,堯,石,石,磽,qwen3_0.6b_1024d__en_gloss_unihan__EDGE-02276,17,17,缶,7862,0.3655501306056976,埆,6695,0.4931663870811462,9152,3,0,0,0,0.0001271940981938,0.1409682001966998,0,0,0,0.0001493651979088,0.2684952464211562,1167,0,0,0,0,0,0
qwen3_0.6b_1024d,en_gloss_unihan,EDGE-02277,ROOT-582F,堯,糸,糸,繞,qwen3_0.6b_1024d__en_gloss_unihan__EDGE-02277,17,17,曰,3134,0.3595264256000519,繒,2326,0.4813115894794464,9152,3,0,0,0,0.0003190810465858,0.6576330455687903,0,0,0,0.0004299226139294,0.7459294066222271,808,0,0,0,0,0,0
qwen3_0.6b_1024d,en_gloss_unihan,EDGE-02278,ROOT-582F,堯,羽,羽,翹,qwen3_0.6b_1024d__en_gloss_unihan__EDGE-02278,17,17,鳥,2280,0.3858585059642792,翎,2368,0.4646353423595428,9152,3,0,0,0,0.000438596491228,0.7509561796524971,0,0,0,0.0004222972972972,0.7413397442902415,-88,0,0,0,0,0,0
qwen3_0.6b_1024d,en_gloss_unihan,EDGE-02280,ROOT-582F,堯,艹,艸,蕘,qwen3_0.6b_1024d__en_gloss_unihan__EDGE-02280,17,17,髟,1009,0.4189690947532654,稂,1183,0.5218242406845093,9152,3,0,0,0,0.0009910802775024,0.8898481040323462,0,0,0,0.0008453085376162,0.8708337886569774,-174,0,0,0,0,0,0
qwen3_0.6b_1024d,en_gloss_unihan,EDGE-02281,ROOT-582F,堯,虫,虫,蟯,qwen3_0.6b_1024d__en_gloss_unihan__EDGE-02281,17,17,豸,176,0.5078653693199158,豸,86,0.6058419346809387,9152,3,0,0,0,0.0056818181818181,0.98087640695006,0,0,0,0.0116279069767441,0.9907113976614578,90,0,0,0,0,0,0
qwen3_0.6b_1024d,en_gloss_unihan,EDGE-02282,ROOT-582F,堯,言,言,譊,qwen3_0.6b_1024d__en_gloss_unihan__EDGE-02282,17,17,曰,2190,0.3633778095245361,謇,1320,0.4668870568275451,9152,3,0,0,0,0.0004566210045662,0.7607911703638947,0,0,0,0.0007575757575757,0.8558627472407387,870,0,0,0,0,0,0
qwen3_0.6b_1024d,en_gloss_unihan,EDGE-02285,ROOT-582F,堯,釒,金,鐃,qwen3_0.6b_1024d__en_gloss_unihan__EDGE-02285,17,17,貝,4340,0.3510794341564178,鏐,2393,0.4759606122970581,9152,3,0,0,0,0.0002304147465437,0.5258441700360617,0,0,0,0.0004178854993731,0.7386078024259644,1947,0,0,0,0,0,0
qwen3_0.6b_1024d,en_gloss_unihan,EDGE-02287,ROOT-582F,堯,飠,食,饒,qwen3_0.6b_1024d__en_gloss_unihan__EDGE-02287,17,17,肉,1802,0.4013853967189789,餐,986,0.5186113119125366,9152,3,0,0,0,0.0005549389567147,0.8031909080974757,0,0,0,0.0010141987829614,0.8923614905474812,816,0,0,0,0,0,0
qwen3_0.6b_1024d,en_gloss_unihan,EDGE-02288,ROOT-582F,堯,馬,馬,驍,qwen3_0.6b_1024d__en_gloss_unihan__EDGE-02288,17,17,魚,162,0.4904022216796875,髟,30,0.6287272572517395,9152,3,0,0,0,0.0061728395061728,0.9824062943940552,0,0,0,0.0333333333333333,0.9968309474374384,132,0,0,0,0,0,0
qwen3_0.6b_1024d,en_gloss_unihan,EDGE-03014,ROOT-382F,台,女,女,始,qwen3_0.6b_1024d__en_gloss_unihan__EDGE-03014,22,20,艮,8600,0.2490526884794235,姞,8718,0.3539354801177978,9152,3,0,0,0,0.0001162790697674,0.060321276363239,0,0,0,0.0001147052076164,0.0474265107638509,-118,0,0,0,0,0,0
qwen3_0.6b_1024d,en_gloss_unihan,EDGE-03015,ROOT-382F,台,心,心,怠,qwen3_0.6b_1024d__en_gloss_unihan__EDGE-03015,22,20,星,1963,0.349130630493164,星,2018,0.4119428694248199,9152,3,0,0,0,0.0005094243504839,0.785597202491531,0,0,0,0.0004955401387512,0.7795869303901213,-55,0,0,0,0,0,0
qwen3_0.6b_1024d,en_gloss_unihan,EDGE-03016,ROOT-382F,台,忄,心,怡,qwen3_0.6b_1024d__en_gloss_unihan__EDGE-03016,22,20,星,850,0.3730663657188415,星,4257,0.3761861026287079,9152,3,0,0,0,0.0011764705882352,0.9072232542891489,0,0,0,0.0002349072116513,0.5349142170254617,-3407,0,0,0,0,0,0
qwen3_0.6b_1024d,en_gloss_unihan,EDGE-03017,ROOT-382F,台,木,木,枲,qwen3_0.6b_1024d__en_gloss_unihan__EDGE-03017,22,20,榾,5283,0.4751593172550201,柮,4173,0.5048416256904602,9152,3,0,0,0,0.0001892863903085,0.4227953229155283,0,0,0,0.0002396357536544,0.5440935416894328,1110,0,0,0,0,0,0
qwen3_0.6b_1024d,en_gloss_unihan,EDGE-03018,ROOT-382F,台,歹,歹,殆,qwen3_0.6b_1024d__en_gloss_unihan__EDGE-03018,22,20,惡,165,0.6526600122451782,惡,350,0.6026389598846436,9152,3,0,0,0,0.006060606060606,0.982078461370342,0,0,0,0.0028571428571428,0.9618620915746912,-185,0,0,0,0,0,0
qwen3_0.6b_1024d,en_gloss_unihan,EDGE-03019,ROOT-382F,台,氵,水,治,qwen3_0.6b_1024d__en_gloss_unihan__EDGE-03019,21,20,液,3258,0.4670292437076568,液,4225,0.4556362628936767,9152,3,0,0,0,0.0003069367710251,0.6440826139219757,0,0,0,0.0002366863905325,0.5384111026117364,-967,0,0,0,0,0,0
qwen3_0.6b_1024d,en_gloss_unihan,EDGE-03020,ROOT-382F,台,火,火,炱,qwen3_0.6b_1024d__en_gloss_unihan__EDGE-03020,22,20,燬,3073,0.4371891319751739,燬,2241,0.5010932087898254,9152,3,0,0,0,0.0003254149040026,0.6642989837176265,0,0,0,0.000446229361892,0.7552180089607693,832,0,0,0,0,0,0
qwen3_0.6b_1024d,en_gloss_unihan,EDGE-03022,ROOT-382F,台,目,目,眙,qwen3_0.6b_1024d__en_gloss_unihan__EDGE-03022,22,20,見,161,0.485929012298584,瞧,34,0.6378100514411926,9152,3,0,0,0,0.0062111801242236,0.9825155720686264,0,0,0,0.0294117647058823,0.9963938367391542,127,0,0,0,0,0,0
qwen3_0.6b_1024d,en_gloss_unihan,EDGE-03023,ROOT-382F,台,竹,竹,笞,qwen3_0.6b_1024d__en_gloss_unihan__EDGE-03023,22,20,龠,118,0.5637013912200928,簜,25,0.6979990601539612,9152,3,0,0,0,0.0084745762711864,0.9872145120751832,0,0,0,0.04,0.997377335810294,93,0,0,0,0,0,0
qwen3_0.6b_1024d,en_gloss_unihan,EDGE-03024,ROOT-382F,台,糸,糸,紿,qwen3_0.6b_1024d__en_gloss_unihan__EDGE-03024,22,20,曰,8609,0.28093421459198,繒,6434,0.4595984518527984,9152,3,0,0,0,0.0001161575095829,0.0593377772920992,0,0,0,0.0001554243083618,0.2970167194842094,2175,0,0,0,0,0,0
qwen3_0.6b_1024d,en_gloss_unihan,EDGE-03025,ROOT-382F,台,肉,肉,胎,qwen3_0.6b_1024d__en_gloss_unihan__EDGE-03025,22,20,食,5339,0.3333886265754699,胏,5752,0.4645557105541229,9152,3,0,0,0,0.0001873009926952,0.4166757731395476,0,0,0,0.000173852573018,0.3715440935416894,-413,0,0,0,0,0,0
qwen3_0.6b_1024d,en_gloss_unihan,EDGE-03026,ROOT-382F,台,艹,艸,苔,qwen3_0.6b_1024d__en_gloss_unihan__EDGE-03026,22,20,髟,387,0.4535469710826874,萹,283,0.6125511527061462,9152,3,0,0,0,0.0025839793281653,0.9578188176155612,0,0,0,0.0035335689045936,0.969183695770954,104,0,0,0,0,0,0
qwen3_0.6b_1024d,en_gloss_unihan,EDGE-03027,ROOT-382F,台,言,言,詒,qwen3_0.6b_1024d__en_gloss_unihan__EDGE-03027,22,20,曰,4095,0.3362849056720733,辭,3332,0.4692995548248291,9152,3,0,0,0,0.0002442002442002,0.5526172003059775,0,0,0,0.0003001200480192,0.6359960660037154,763,0,0,0,0,0,0
qwen3_0.6b_1024d,en_gloss_unihan,EDGE-03028,ROOT-382F,台,貝,貝,貽,qwen3_0.6b_1024d__en_gloss_unihan__EDGE-03028,22,20,金,833,0.3911556899547577,鐶,1135,0.5090863704681396,9152,3,0,0,0,0.0012004801920768,0.9090809747568572,0,0,0,0.0008810572687224,0.8760791170363895,-302,0,0,0,0,0,0
qwen3_0.6b_1024d,en_gloss_unihan,EDGE-03031,ROOT-382F,台,風,風,颱,qwen3_0.6b_1024d__en_gloss_unihan__EDGE-03031,22,20,雨,1409,0.365022599697113,塕,2192,0.4837671518325805,9152,3,0,0,0,0.0007097232079489,0.8461370342039122,0,0,0,0.000456204379562,0.7605726150147525,-783,0,0,0,0,0,0
qwen3_0.6b_1024d,en_gloss_unihan,EDGE-03032,ROOT-382F,台,飠,食,飴,qwen3_0.6b_1024d__en_gloss_unihan__EDGE-03032,22,20,肉,693,0.4334800839424133,餐,788,0.5714640617370605,9152,3,0,0,0,0.0014430014430014,0.924379849196809,0,0,0,0.0012690355329949,0.913998470112556,-95,0,0,0,0,0,0
qwen3_0.6b_1024d,en_gloss_unihan,EDGE-03033,ROOT-382F,台,馬,馬,駘,qwen3_0.6b_1024d__en_gloss_unihan__EDGE-03033,22,20,魚,289,0.4561730325222015,驦,519,0.5795838832855225,9152,3,0,0,0,0.0034602076124567,0.9685280297235276,0,0,0,0.001926782273603,0.943394164572178,-230,0,0,0,0,0,0
qwen3_0.6b_1024d,en_gloss_unihan,EDGE-03034,ROOT-382F,台,魚,魚,鮐,qwen3_0.6b_1024d__en_gloss_unihan__EDGE-03034,22,20,馬,332,0.4059624671936035,馬,130,0.5811693668365479,9152,3,0,0,0,0.003012048192771,0.9638290897169708,0,0,0,0.0076923076923076,0.98590317998033,202,0,0,0,0,0,0
qwen3_0.6b_1024d,en_gloss_unihan,EDGE-03035,ROOT-382F,台,齒,齒,齝,qwen3_0.6b_1024d__en_gloss_unihan__EDGE-03035,22,20,老,131,0.4736727774143219,齵,2,0.6468077301979065,9152,3,0,0,0,0.0076335877862595,0.9857939023057588,0,1,1,0.5,0.9998907223254287,129,0,0,1,0,1,0
qwen3_0.6b_1024d,en_gloss_unihan,EDGE-03085,ROOT-5E1D,帝,口,口,啻,qwen3_0.6b_1024d__en_gloss_unihan__EDGE-03085,5,5,闥,3596,0.5176686644554138,闥,5144,0.4637790024280548,9152,3,0,0,0,0.00027808676307,0.6071467599169489,0,0,0,0.0001944012441679,0.4379849196809091,-1548,0,0,0,0,0,0
qwen3_0.6b_1024d,en_gloss_unihan,EDGE-03087,ROOT-5E1D,帝,口,口,啼,qwen3_0.6b_1024d__en_gloss_unihan__EDGE-03087,5,5,闥,8494,0.4140985906124115,闥,8419,0.3773333132266998,9152,3,0,0,0,0.0001177301624676,0.0719047098677739,0,0,0,0.0001187789523696,0.0801005354606053,75,0,0,0,0,0,0
qwen3_0.6b_1024d,en_gloss_unihan,EDGE-03088,ROOT-5E1D,帝,礻,示,禘,qwen3_0.6b_1024d__en_gloss_unihan__EDGE-03088,6,5,曰,532,0.3829577267169952,表,1505,0.464347243309021,9152,3,0,0,0,0.0018796992481203,0.9419735548027538,0,0,0,0.0006644518272425,0.835646377445088,-973,0,0,0,0,0,0
qwen3_0.6b_1024d,en_gloss_unihan,EDGE-03089,ROOT-5E1D,帝,糸,糸,締,qwen3_0.6b_1024d__en_gloss_unihan__EDGE-03089,6,5,曰,8530,0.2839434146881103,繒,8256,0.4016708135604858,9152,3,0,0,0,0.0001172332942555,0.0679707135832149,0,0,0,0.0001211240310077,0.0979127964156922,274,0,0,0,0,0,0
qwen3_0.6b_1024d,en_gloss_unihan,EDGE-03090,ROOT-5E1D,帝,艹,艸,蒂,qwen3_0.6b_1024d__en_gloss_unihan__EDGE-03090,6,5,髟,661,0.4333152174949646,萹,2381,0.5103222131729126,9152,3,0,0,0,0.0015128593040847,0.927876734783084,0,0,0,0.0004199916001679,0.7399191345208174,-1720,0,0,0,0,0,0
qwen3_0.6b_1024d,en_gloss_unihan,EDGE-03091,ROOT-5E1D,帝,言,言,諦,qwen3_0.6b_1024d__en_gloss_unihan__EDGE-03091,6,5,曰,5533,0.3170987963676452,語,6158,0.4063887894153595,9152,3,0,0,0,0.0001807337791433,0.395475904272757,0,0,0,0.0001623903864891,0.3271773576658289,-625,0,0,0,0,0,0
qwen3_0.6b_1024d,en_gloss_unihan,EDGE-03092,ROOT-5E1D,帝,𧾷,足,蹄,qwen3_0.6b_1024d__en_gloss_unihan__EDGE-03092,6,5,走,1514,0.4079148769378662,呎,802,0.4910987317562103,9152,3,0,0,0,0.0006605019815059,0.8346628783739483,0,0,0,0.0012468827930174,0.9124685826685608,712,0,0,0,0,0,0
qwen3_0.6b_1024d,en_gloss_unihan,EDGE-03943,ROOT-67EC,闌,木,木,欄,qwen3_0.6b_1024d__en_gloss_unihan__EDGE-03943,23,17,榾,956,0.5588791370391846,柮,1097,0.5666462779045105,9152,3,0,0,0,0.0010460251046025,0.8956398207846137,0,0,0,0.0009115770282588,0.8802316686700907,-141,0,0,0,0,0,0
qwen3_0.6b_1024d,en_gloss_unihan,EDGE-03944,ROOT-67EC,闌,氵,水,瀾,qwen3_0.6b_1024d__en_gloss_unihan__EDGE-03944,22,17,液,183,0.5838449597358704,液,132,0.5975058078765869,9152,3,0,0,0,0.0054644808743169,0.9801114632280624,0,0,0,0.0075757575757575,0.985684624631188,51,0,0,0,0,0,0
qwen3_0.6b_1024d,en_gloss_unihan,EDGE-03945,ROOT-67EC,闌,火,火,爛,qwen3_0.6b_1024d__en_gloss_unihan__EDGE-03945,23,17,燬,3354,0.4314902126789093,燬,2102,0.4946828186511993,9152,3,0,0,0,0.0002981514609421,0.6335919571631516,0,0,0,0.000475737392959,0.7704076057261502,1252,0,0,0,0,0,0
qwen3_0.6b_1024d,en_gloss_unihan,EDGE-03946,ROOT-67EC,闌,竹,竹,籣,qwen3_0.6b_1024d__en_gloss_unihan__EDGE-03946,23,17,龠,223,0.4734433889389038,笛,168,0.5653015375137329,9152,3,0,0,0,0.0044843049327354,0.9757403562452192,0,0,0,0.0059523809523809,0.9817506283466289,55,0,0,0,0,0,0
qwen3_0.6b_1024d,en_gloss_unihan,EDGE-03947,ROOT-67EC,闌,艹,艸,蘭,qwen3_0.6b_1024d__en_gloss_unihan__EDGE-03947,23,17,髟,1452,0.4075876176357269,萹,1937,0.5329890251159668,9152,3,0,0,0,0.0006887052341597,0.8414380941973555,0,0,0,0.0005162622612287,0.7884384220303792,-485,0,0,0,0,0,0
qwen3_0.6b_1024d,en_gloss_unihan,EDGE-03949,ROOT-67EC,闌,衤,衣,襴,qwen3_0.6b_1024d__en_gloss_unihan__EDGE-03949,24,17,襾,259,0.4393584132194519,幎,129,0.5654746890068054,9152,3,0,0,0,0.0038610038610038,0.97180635996066,0,0,0,0.0077519379844961,0.9860124576549012,130,0,0,0,0,0,0
qwen3_0.6b_1024d,en_gloss_unihan,EDGE-03950,ROOT-67EC,闌,言,言,讕,qwen3_0.6b_1024d__en_gloss_unihan__EDGE-03950,23,17,曰,2760,0.354535698890686,辭,1438,0.4841271042823791,9152,3,0,0,0,0.0003623188405797,0.6985028958583761,0,0,0,0.0006954102920723,0.8429679816413507,1322,0,0,0,0,0,0
qwen3_0.6b_1024d,en_gloss_unihan,EDGE-04481,ROOT-9752,青,亻,人,倩,qwen3_0.6b_1024d__en_gloss_unihan__EDGE-04481,15,15,佬,7677,0.3736017048358917,某,7582,0.3922475278377533,9152,3,0,0,0,0.0001302592158395,0.1611845699923505,0,0,0,0.000131891321551,0.1715659490766036,95,0,0,0,0,0,0
qwen3_0.6b_1024d,en_gloss_unihan,EDGE-04483,ROOT-9752,青,女,女,婧,qwen3_0.6b_1024d__en_gloss_unihan__EDGE-04483,15,15,艮,3520,0.3299461007118225,姞,1280,0.4846891760826111,9152,3,0,0,0,0.0002840909090909,0.6154518631843514,0,0,0,0.00078125,0.8602338542235821,2240,0,0,0,0,0,0
qwen3_0.6b_1024d,en_gloss_unihan,EDGE-04485,ROOT-9752,青,忄,心,情,qwen3_0.6b_1024d__en_gloss_unihan__EDGE-04485,15,15,星,158,0.4198837578296661,星,79,0.4838121831417084,9152,3,0,0,0,0.0063291139240506,0.9828434050923396,0,0,0,0.0126582278481012,0.9914763413834552,79,0,0,0,0,0,0
qwen3_0.6b_1024d,en_gloss_unihan,EDGE-04486,ROOT-9752,青,日,日,晴,qwen3_0.6b_1024d__en_gloss_unihan__EDGE-04486,15,15,晝,107,0.621530294418335,晝,77,0.6394076347351074,9152,3,0,0,0,0.0093457943925233,0.9884165664954648,0,0,0,0.0129870129870129,0.9916948967325976,30,0,0,0,0,0,0
qwen3_0.6b_1024d,en_gloss_unihan,EDGE-04487,ROOT-9752,青,犭,犬,猜,qwen3_0.6b_1024d__en_gloss_unihan__EDGE-04487,15,15,狗,4728,0.4404604136943817,獫,5090,0.4732712507247925,9152,3,0,0,0,0.0002115059221658,0.4834444323024806,0,0,0,0.0001964636542239,0.4438859141077478,-362,0,0,0,0,0,0
qwen3_0.6b_1024d,en_gloss_unihan,EDGE-04488,ROOT-9752,青,目,目,睛,qwen3_0.6b_1024d__en_gloss_unihan__EDGE-04488,15,15,見,149,0.5012439489364624,瞅,21,0.6420418620109558,9152,3,0,0,0,0.0067114093959731,0.9838269041634794,0,0,0,0.0476190476190476,0.9978144465085784,128,0,0,0,0,0,0
qwen3_0.6b_1024d,en_gloss_unihan,EDGE-04489,ROOT-9752,青,米,米,精,qwen3_0.6b_1024d__en_gloss_unihan__EDGE-04489,15,15,粺,3018,0.5137341022491455,粺,4260,0.4981099665164947,9152,3,0,0,0,0.0003313452617627,0.6703092558190362,0,0,0,0.0002347417840375,0.5345863840017484,-1242,0,0,0,0,0,0
qwen3_0.6b_1024d,en_gloss_unihan,EDGE-04490,ROOT-9752,青,糸,糸,綪,qwen3_0.6b_1024d__en_gloss_unihan__EDGE-04490,15,15,曰,1870,0.3754462301731109,繒,1962,0.4990306198596954,9152,3,0,0,0,0.0005347593582887,0.7957600262266419,0,0,0,0.0005096839959225,0.785706480166102,-92,0,0,0,0,0,0
qwen3_0.6b_1024d,en_gloss_unihan,EDGE-04491,ROOT-9752,青,艹,艸,菁,qwen3_0.6b_1024d__en_gloss_unihan__EDGE-04491,15,15,髟,7191,0.3243292868137359,萹,7586,0.4414126574993133,9152,3,0,0,0,0.0001390627172854,0.2142935198338978,0,0,0,0.0001318217769575,0.1711288383783192,-395,0,0,0,0,0,0
qwen3_0.6b_1024d,en_gloss_unihan,EDGE-04492,ROOT-9752,青,虫,虫,蜻,qwen3_0.6b_1024d__en_gloss_unihan__EDGE-04492,15,15,豸,365,0.4741913378238678,豸,105,0.6306899785995483,9152,3,0,0,0,0.0027397260273972,0.9602229264561252,0,0,0,0.0095238095238095,0.9886351218446072,260,0,0,0,0,0,0
qwen3_0.6b_1024d,en_gloss_unihan,EDGE-04493,ROOT-9752,青,言,言,請,qwen3_0.6b_1024d__en_gloss_unihan__EDGE-04493,15,15,曰,1252,0.3831338882446289,辭,1452,0.4848220348358154,9152,3,0,0,0,0.0007987220447284,0.8632936291115725,0,0,0,0.0006887052341597,0.8414380941973555,-200,0,0,0,0,0,0
qwen3_0.6b_1024d,en_gloss_unihan,EDGE-04494,ROOT-9752,青,釒,金,錆,qwen3_0.6b_1024d__en_gloss_unihan__EDGE-04494,15,15,貝,524,0.4281468093395233,鏐,226,0.5569880604743958,9152,3,0,0,0,0.0019083969465648,0.9428477761993224,0,0,0,0.0044247787610619,0.9754125232215058,298,0,0,0,0,0,0
qwen3_0.6b_1024d,en_gloss_unihan,EDGE-04495,ROOT-9752,青,立,立,靖,qwen3_0.6b_1024d__en_gloss_unihan__EDGE-04495,15,15,站,1384,0.5664249062538147,站,700,0.5926241278648376,9152,3,0,0,0,0.0007225433526011,0.8488689760681892,0,0,0,0.0014285714285714,0.9236149054748116,684,0,0,0,0,0,0
qwen3_0.6b_1024d,en_gloss_unihan,EDGE-04496,ROOT-9752,青,見,見,靚,qwen3_0.6b_1024d__en_gloss_unihan__EDGE-04496,15,15,目,5574,0.2738478183746338,視,6704,0.3749797940254211,9152,3,0,0,0,0.0001794043774668,0.3909955196153426,0,0,0,0.0001491646778042,0.2675117473500163,-1130,0,0,0,0,0,0
qwen3_0.6b_1024d,en_gloss_unihan,EDGE-04497,ROOT-9752,青,爭,爭,靜,qwen3_0.6b_1024d__en_gloss_unihan__EDGE-04497,15,15,鬩,6349,0.4606724679470062,鬩,4835,0.5022515058517456,9152,3,0,0,0,0.0001575051189163,0.3063053218227516,0,0,0,0.0002068252326783,0.4717517211233745,1514,0,0,0,0,0,0
qwen3_0.6b_1024d,en_gloss_unihan,EDGE-04498,ROOT-9752,青,魚,魚,鯖,qwen3_0.6b_1024d__en_gloss_unihan__EDGE-04498,15,15,馬,539,0.378112256526947,馬,250,0.5258424282073975,9152,3,0,0,0,0.0018552875695732,0.9412086110807562,0,0,0,0.004,0.9727898590317998,289,0,0,0,0,0,0
qwen3_0.6b_1024d,en_gloss_unihan,EDGE-05389,ROOT-4F59,余,氵,水,涂,qwen3_0.6b_1024d__en_gloss_unihan__EDGE-05389,12,12,液,1056,0.5161064267158508,液,2406,0.5003389716148376,9152,3,0,0,0,0.0009469696969696,0.8847120533275052,0,0,0,0.0004156275976724,0.7371871926565403,-1350,0,0,0,0,0,0
qwen3_0.6b_1024d,en_gloss_unihan,EDGE-05391,ROOT-4F59,余,彳,彳,徐,qwen3_0.6b_1024d__en_gloss_unihan__EDGE-05391,13,12,呎,7152,0.367174744606018,呎,7787,0.3658254742622375,9152,3,0,0,0,0.0001398210290827,0.2185553491421702,0,0,0,0.0001284191601386,0.1491640257895312,-635,0,0,0,0,0,0
qwen3_0.6b_1024d,en_gloss_unihan,EDGE-05392,ROOT-4F59,余,心,心,悆,qwen3_0.6b_1024d__en_gloss_unihan__EDGE-05392,13,12,星,4336,0.3156566619873047,星,2642,0.390650987625122,9152,3,0,0,0,0.000230627306273,0.526281280734346,0,0,0,0.0003785011355034,0.7113976614577642,1694,0,0,0,0,0,0
qwen3_0.6b_1024d,en_gloss_unihan,EDGE-05394,ROOT-4F59,余,斗,斗,斜,qwen3_0.6b_1024d__en_gloss_unihan__EDGE-05394,13,12,矛,1553,0.3429678976535797,舀,707,0.4473901093006134,9152,3,0,0,0,0.0006439150032195,0.8304010490656759,0,0,0,0.0014144271570014,0.922849961752814,846,0,0,0,0,0,0
qwen3_0.6b_1024d,en_gloss_unihan,EDGE-05396,ROOT-4F59,余,田,田,畬,qwen3_0.6b_1024d__en_gloss_unihan__EDGE-05396,13,12,疇,18,0.7387213110923767,疇,24,0.7190794944763184,9152,3,0,0,0,0.0555555555555555,0.9981422795322916,0,0,0,0.0416666666666666,0.997486613484865,-6,0,0,0,0,0,0
qwen3_0.6b_1024d,en_gloss_unihan,EDGE-05397,ROOT-4F59,余,禾,禾,稌,qwen3_0.6b_1024d__en_gloss_unihan__EDGE-05397,13,12,稻,6,0.7464138865470886,稈,12,0.7212921380996704,9152,3,0,0,1,0.1666666666666666,0.9994536116271444,0,0,0,0.0833333333333333,0.998797945579718,-6,0,0,0,0,0,1
qwen3_0.6b_1024d,en_gloss_unihan,EDGE-05399,ROOT-4F59,余,舟,舟,艅,qwen3_0.6b_1024d__en_gloss_unihan__EDGE-05399,13,12,身,126,0.5325247645378113,舡,11,0.6566523909568787,9152,3,0,0,0,0.0079365079365079,0.9863402906786144,0,0,0,0.0909090909090909,0.9989072232542892,115,0,0,0,0,0,0
qwen3_0.6b_1024d,en_gloss_unihan,EDGE-05400,ROOT-4F59,余,艹,艸,荼,qwen3_0.6b_1024d__en_gloss_unihan__EDGE-05400,13,12,髟,4751,0.3577005267143249,萹,7234,0.4288298785686493,9152,3,0,0,0,0.0002104820037886,0.4809310457873457,0,0,0,0.0001382361072712,0.2095945798273413,-2483,0,0,0,0,0,0
qwen3_0.6b_1024d,en_gloss_unihan,EDGE-05401,ROOT-4F59,余,虫,虫,蜍,qwen3_0.6b_1024d__en_gloss_unihan__EDGE-05401,13,12,豸,6362,0.3622112274169922,豸,6795,0.465917706489563,9152,3,0,0,0,0.0001571832756994,0.3048847120533274,0,0,0,0.0001471670345842,0.2575674789640476,-433,0,0,0,0,0,0
qwen3_0.6b_1024d,en_gloss_unihan,EDGE-05403,ROOT-4F59,余,酉,酉,酴,qwen3_0.6b_1024d__en_gloss_unihan__EDGE-05403,13,12,鬯,346,0.4587577283382416,榼,200,0.5655773878097534,9152,3,0,0,0,0.0028901734104046,0.9622992022729756,0,0,0,0.005,0.978253742760354,146,0,0,0,0,0,0
qwen3_0.6b_1024d,en_gloss_unihan,EDGE-05408,ROOT-4F59,余,飠,食,餘,qwen3_0.6b_1024d__en_gloss_unihan__EDGE-05408,13,12,肉,4439,0.3646218180656433,餐,5316,0.4616009891033172,9152,3,0,0,0,0.0002252759630547,0.5150256802535242,0,0,0,0.0001881113619262,0.4191891596546825,-877,0,0,0,0,0,0
qwen3_0.6b_1024d,en_gloss_unihan,EDGE-05800,ROOT-8FB0,辰,口,口,唇,qwen3_0.6b_1024d__en_gloss_unihan__EDGE-05800,8,8,闥,2983,0.5268996953964233,闥,1246,0.5396270155906677,9152,3,0,0,0,0.0003352329869259,0.6741339744290242,0,0,0,0.0008025682182985,0.863949295158999,1737,0,0,0,0,0,0
qwen3_0.6b_1024d,en_gloss_unihan,EDGE-05801,ROOT-8FB0,辰,女,女,娠,qwen3_0.6b_1024d__en_gloss_unihan__EDGE-05801,8,8,艮,815,0.3900712430477142,坤,697,0.4432515501976013,9152,3,0,0,0,0.0012269938650306,0.9110479728991367,0,0,0,0.0014347202295552,0.9239427384985248,118,0,0,0,0,0,0
qwen3_0.6b_1024d,en_gloss_unihan,EDGE-05803,ROOT-8FB0,辰,扌,手,振,qwen3_0.6b_1024d__en_gloss_unihan__EDGE-05803,8,8,匊,6119,0.5124513506889343,匊,4110,0.5016429424285889,9152,3,0,0,0,0.0001634253963065,0.3314391869741012,0,0,0,0.000243309002433,0.5509780351874112,2009,0,0,0,0,0,0
qwen3_0.6b_1024d,en_gloss_unihan,EDGE-05804,ROOT-8FB0,辰,日,日,晨,qwen3_0.6b_1024d__en_gloss_unihan__EDGE-05804,8,8,晝,22,0.7477513551712036,晝,15,0.7198944091796875,9152,3,0,0,0,0.0454545454545454,0.9977051688340072,0,0,0,0.0666666666666666,0.9984701125560048,7,0,0,0,0,0,0
qwen3_0.6b_1024d,en_gloss_unihan,EDGE-05807,ROOT-8FB0,辰,肉,肉,脣,qwen3_0.6b_1024d__en_gloss_unihan__EDGE-05807,8,8,食,2822,0.3660115897655487,食,670,0.4754835963249206,9152,3,0,0,0,0.0003543586109142,0.6917276800349689,0,0,0,0.0014925373134328,0.926893235711944,2152,0,0,0,0,0,0
qwen3_0.6b_1024d,en_gloss_unihan,EDGE-05809,ROOT-8FB0,辰,虫,虫,蜃,qwen3_0.6b_1024d__en_gloss_unihan__EDGE-05809,8,8,豸,4237,0.3885403275489807,豸,7083,0.3746812343597412,9152,3,0,0,0,0.0002360160490913,0.5370997705168834,0,0,0,0.0001411831144995,0.2260955086875751,-2846,0,0,0,0,0,0
qwen3_0.6b_1024d,en_gloss_unihan,EDGE-05810,ROOT-8FB0,辰,貝,貝,賑,qwen3_0.6b_1024d__en_gloss_unihan__EDGE-05810,8,8,金,3247,0.3445910811424255,錢,4932,0.3654519915580749,9152,3,0,0,0,0.0003079765937788,0.6452846683422577,0,0,0,0.0002027575020275,0.4611517866899792,-1685,0,0,0,0,0,0
qwen3_0.6b_1024d,en_gloss_unihan,EDGE-05811,ROOT-8FB0,辰,雨,雨,震,qwen3_0.6b_1024d__en_gloss_unihan__EDGE-05811,8,8,曰,546,0.4115117788314819,涷,4053,0.4214542806148529,9152,3,0,0,0,0.0018315018315018,0.9404436673587586,0,0,0,0.000246730816679,0.557206862637963,-3507,0,0,0,0,0,0
qwen3_0.6b_1024d,en_gloss_unihan,EDGE-06206,ROOT-5360,店,扌,手,掂,qwen3_0.6b_1024d__en_gloss_unihan__EDGE-06206,15,15,匊,68,0.7297853231430054,匊,85,0.6845777034759521,9152,3,0,0,0,0.0147058823529411,0.9926783958037372,0,0,0,0.0117647058823529,0.9908206753360288,-17,0,0,0,0,0,0
qwen3_0.6b_1024d,en_gloss_unihan,EDGE-06207,ROOT-5360,店,忄,心,惦,qwen3_0.6b_1024d__en_gloss_unihan__EDGE-06207,16,15,星,219,0.4092386364936828,星,121,0.4593505859375,9152,3,0,0,0,0.0045662100456621,0.9761774669435036,0,0,0,0.0082644628099173,0.9868866790514698,98,0,0,0,0,0,0
qwen3_0.6b_1024d,zh_char,EDGE-00063,ROOT-219CD,賓,亻,人,儐,qwen3_0.6b_1024d__zh_char__EDGE-00063,10,10,者,6604,0.4873233437538147,者,3231,0.5581223368644714,11150,3,0,0,0,0.0001514233797698,0.4077495739528208,0,0,0,0.0003095017022593,0.7102879181989417,3373,0,0,0,0,0,0
qwen3_0.6b_1024d,zh_char,EDGE-00064,ROOT-219CD,賓,女,女,嬪,qwen3_0.6b_1024d__zh_char__EDGE-00064,10,10,婦,39,0.6644327640533447,婦,7,0.7121272087097168,11150,3,0,0,0,0.0256410256410256,0.9965916225670464,0,0,1,0.1428571428571428,0.9994618351421652,32,0,0,0,0,1,0
qwen3_0.6b_1024d,zh_char,EDGE-00065,ROOT-219CD,賓,扌,手,擯,qwen3_0.6b_1024d__zh_char__EDGE-00065,10,10,肢,4759,0.4759691655635834,臂,2673,0.5115558505058289,11150,3,0,0,0,0.0002101281781886,0.5732352677370167,0,0,0,0.0003741114852225,0.7603372499775765,2086,0,0,0,0,0,0
qwen3_0.6b_1024d,zh_char,EDGE-00066,ROOT-219CD,賓,木,木,檳,qwen3_0.6b_1024d__zh_char__EDGE-00066,10,10,梣,2730,0.5489193797111511,梣,535,0.6150281429290771,11150,3,0,0,0,0.0003663003663003,0.755224683828146,0,0,0,0.0018691588785046,0.9521033276527042,2195,0,0,0,0,0,0
qwen3_0.6b_1024d,zh_char,EDGE-00067,ROOT-219CD,賓,歹,歹,殯,qwen3_0.6b_1024d__zh_char__EDGE-00067,10,10,嬖,5861,0.5737640857696533,嬖,3691,0.5792049169540405,11150,3,0,0,0,0.000170619348234,0.4743923221813615,0,0,0,0.0002709292874559,0.6690286124316083,2170,0,0,0,0,0,0
qwen3_0.6b_1024d,zh_char,EDGE-00068,ROOT-219CD,賓,氵,水,濱,qwen3_0.6b_1024d__zh_char__EDGE-00068,10,10,液,376,0.6332050561904907,泉,119,0.6847323179244995,11150,3,0,0,0,0.0026595744680851,0.966364696385326,0,0,0,0.0084033613445378,0.9894160911292492,257,0,0,0,0,0,0
qwen3_0.6b_1024d,zh_char,EDGE-00069,ROOT-219CD,賓,目,目,矉,qwen3_0.6b_1024d__zh_char__EDGE-00069,10,10,眸,869,0.6421428322792053,見,456,0.6203230023384094,11150,3,0,0,0,0.001150747986191,0.9221454838999014,0,0,0,0.0021929824561403,0.9591891649475288,413,0,0,0,0,0,0
qwen3_0.6b_1024d,zh_char,EDGE-00070,ROOT-219CD,賓,糸,糸,繽,qwen3_0.6b_1024d__zh_char__EDGE-00070,10,10,綣,743,0.6246421337127686,綣,336,0.6272757053375244,11150,3,0,0,0,0.0013458950201884,0.9334469459144318,0,0,0,0.0029761904761904,0.9699524621042246,407,0,0,0,0,0,0
qwen3_0.6b_1024d,zh_char,EDGE-00071,ROOT-219CD,賓,虫,虫,蠙,qwen3_0.6b_1024d__zh_char__EDGE-00071,10,10,蛆,2181,0.5472376942634583,蟲,1445,0.5713078379631042,11150,3,0,0,0,0.0004585052728106,0.8044667683200287,0,0,0,0.0006920415224913,0.8704816575477621,736,0,0,0,0,0,0
qwen3_0.6b_1024d,zh_char,EDGE-00072,ROOT-219CD,賓,髟,髟,鬢,qwen3_0.6b_1024d__zh_char__EDGE-00072,10,10,髧,279,0.6903022527694702,髧,201,0.6631264686584473,11150,3,0,0,0,0.003584229390681,0.975065028253655,0,0,0,0.0049751243781094,0.9820611714055072,78,0,0,0,0,0,0
qwen3_0.6b_1024d,zh_char,EDGE-00478,ROOT-4EA5,亥,亻,人,侅,qwen3_0.6b_1024d__zh_char__EDGE-00478,14,14,者,5919,0.4944067597389221,者,5606,0.4969727694988251,11150,3,0,0,0,0.0001689474573407,0.4691900618889586,0,0,0,0.0001783803068141,0.4972643286393399,313,0,0,0,0,0,0
qwen3_0.6b_1024d,zh_char,EDGE-00479,ROOT-4EA5,亥,刂,刀,刻,qwen3_0.6b_1024d__zh_char__EDGE-00479,14,14,刃,201,0.6952643394470215,刃,571,0.6430161595344543,11150,3,0,0,0,0.0049751243781094,0.9820611714055072,0,0,0,0.0017513134851138,0.9488743385056956,-370,0,0,0,0,0,0
qwen3_0.6b_1024d,zh_char,EDGE-00480,ROOT-4EA5,亥,力,力,劾,qwen3_0.6b_1024d__zh_char__EDGE-00480,14,14,功,2081,0.6058372855186462,功,2365,0.5875326991081238,11150,3,0,0,0,0.0004805382027871,0.8134361826172751,0,0,0,0.0004228329809725,0.7879630460130953,-284,0,0,0,0,0,0
qwen3_0.6b_1024d,zh_char,EDGE-00481,ROOT-4EA5,亥,口,口,咳,qwen3_0.6b_1024d__zh_char__EDGE-00481,14,14,嘴,8585,0.5367249846458435,嘴,8110,0.5147362351417542,11150,3,0,0,0,0.0001164822364589,0.2300654767243699,0,0,0,0.0001233045622688,0.2726701946362903,475,0,0,0,0,0,0
qwen3_0.6b_1024d,zh_char,EDGE-00482,ROOT-4EA5,亥,土,土,垓,qwen3_0.6b_1024d__zh_char__EDGE-00482,14,14,田,293,0.6844146251678467,田,148,0.7058072686195374,11150,3,0,0,0,0.0034129692832764,0.9738093102520404,0,0,0,0.0067567567567567,0.9868149609830478,145,0,0,0,0,0,0
qwen3_0.6b_1024d,zh_char,EDGE-00483,ROOT-4EA5,亥,子,子,孩,qwen3_0.6b_1024d__zh_char__EDGE-00483,14,14,之,217,0.75983065366745,佐,337,0.7237503528594971,11150,3,0,0,0,0.0046082949308755,0.9806260651179478,0,0,0,0.0029673590504451,0.969862767961252,-120,0,0,0,0,0,0
qwen3_0.6b_1024d,zh_char,EDGE-00484,ROOT-4EA5,亥,木,木,核,qwen3_0.6b_1024d__zh_char__EDGE-00484,14,14,梣,735,0.6009936928749084,梣,2851,0.5475419759750366,11150,3,0,0,0,0.001360544217687,0.9341644990582116,0,0,0,0.0003507541213609,0.7443716925284779,-2116,0,0,0,0,0,0
qwen3_0.6b_1024d,zh_char,EDGE-00485,ROOT-4EA5,亥,欠,欠,欬,qwen3_0.6b_1024d__zh_char__EDGE-00485,14,14,扣,4059,0.5030636191368103,扣,2465,0.49510258436203,11150,3,0,0,0,0.0002463661000246,0.6360211678177414,0,0,0,0.0004056795131845,0.778993631715849,1594,0,0,0,0,0,0
qwen3_0.6b_1024d,zh_char,EDGE-00487,ROOT-4EA5,亥,肉,肉,胲,qwen3_0.6b_1024d__zh_char__EDGE-00487,14,14,畜,3210,0.5337871313095093,胾,2837,0.5322563052177429,11150,3,0,0,0,0.0003115264797507,0.7121714952013634,0,0,0,0.0003524850193866,0.7456274105300924,373,0,0,0,0,0,0
qwen3_0.6b_1024d,zh_char,EDGE-00488,ROOT-4EA5,亥,艹,艸,荄,qwen3_0.6b_1024d__zh_char__EDGE-00488,14,14,蔒,1242,0.6534229516983032,蔒,1486,0.6311334371566772,11150,3,0,0,0,0.000805152979066,0.8886895685711723,0,0,0,0.0006729475100942,0.8668041976858911,-244,0,0,0,0,0,0
qwen3_0.6b_1024d,zh_char,EDGE-00489,ROOT-4EA5,亥,言,言,該,qwen3_0.6b_1024d__zh_char__EDGE-00489,14,14,曰,2265,0.603118896484375,譬,5625,0.5144975185394287,11150,3,0,0,0,0.0004415011037527,0.7969324603103417,0,0,0,0.0001777777777777,0.4955601399228631,-3360,0,0,0,0,0,0
qwen3_0.6b_1024d,zh_char,EDGE-00490,ROOT-4EA5,亥,門,門,閡,qwen3_0.6b_1024d__zh_char__EDGE-00490,14,14,關,1020,0.6488226652145386,蓋,399,0.6690701842308044,11150,3,0,0,0,0.0009803921568627,0.9086016683110592,0,0,0,0.0025062656641604,0.9643017310969594,621,0,0,0,0,0,0
qwen3_0.6b_1024d,zh_char,EDGE-00492,ROOT-4EA5,亥,頁,頁,頦,qwen3_0.6b_1024d__zh_char__EDGE-00492,14,14,網,6314,0.5058103203773499,網,3584,0.5154898166656494,11150,3,0,0,0,0.0001583782071586,0.4337608754148354,0,0,0,0.0002790178571428,0.6786258857296619,2730,0,0,0,0,0,0
qwen3_0.6b_1024d,zh_char,EDGE-00493,ROOT-4EA5,亥,馬,馬,駭,qwen3_0.6b_1024d__zh_char__EDGE-00493,14,14,龍,728,0.6919997930526733,龍,304,0.716799259185791,11150,3,0,0,0,0.0013736263736263,0.9347923580590188,0,0,0,0.0032894736842105,0.9728226746793436,424,0,0,0,0,0,0
qwen3_0.6b_1024d,zh_char,EDGE-00494,ROOT-4EA5,亥,骨,骨,骸,qwen3_0.6b_1024d__zh_char__EDGE-00494,14,14,骼,423,0.604290246963501,骼,595,0.5776082277297974,11150,3,0,0,0,0.0023640661938534,0.9621490716656202,0,0,0,0.0016806722689075,0.9467216790743564,-172,0,0,0,0,0,0
qwen3_0.6b_1024d,zh_char,EDGE-00734,ROOT-5143,元,刂,刀,刓,qwen3_0.6b_1024d__zh_char__EDGE-00734,16,14,刃,687,0.6521567106246948,刃,523,0.6552281379699707,11150,3,0,0,0,0.0014556040756914,0.9384698179208898,0,0,0,0.0019120458891013,0.9531796573683738,164,0,0,0,0,0,0
qwen3_0.6b_1024d,zh_char,EDGE-00746,ROOT-5143,元,忄,心,忨,qwen3_0.6b_1024d__zh_char__EDGE-00746,16,14,情,5139,0.5306934714317322,情,3251,0.5508050918579102,11150,3,0,0,0,0.0001945903872348,0.5391514934074805,0,0,0,0.0003075976622577,0.7084940353394924,1888,0,0,0,0,0,0
qwen3_0.6b_1024d,zh_char,EDGE-00747,ROOT-5143,元,氵,水,沅,qwen3_0.6b_1024d__zh_char__EDGE-00747,15,14,液,457,0.6254912614822388,泉,278,0.6556351780891418,11150,3,0,0,0,0.0021881838074398,0.9590994708045564,0,0,0,0.0035971223021582,0.9751547223966276,179,0,0,0,0,0,0
qwen3_0.6b_1024d,zh_char,EDGE-00748,ROOT-5143,元,王,玉,玩,qwen3_0.6b_1024d__zh_char__EDGE-00748,16,14,蕤,9851,0.4997256696224212,蕤,10936,0.4435749650001526,11150,3,0,0,0,0.0001015125367982,0.1165126917212305,0,0,0,9.1441111923921e-05,0.0191945465961073,-1085,0,0,0,0,0,0
qwen3_0.6b_1024d,zh_char,EDGE-00749,ROOT-5143,元,習,習,翫,qwen3_0.6b_1024d__zh_char__EDGE-00749,16,14,訓,1817,0.5833540558815002,訓,2170,0.5468132495880127,11150,3,0,0,0,0.0005503577325261,0.8371154363620056,0,0,0,0.0004608294930875,0.8054534038927258,-353,0,0,0,0,0,0
qwen3_0.6b_1024d,zh_char,EDGE-00750,ROOT-5143,元,艹,艸,芫,qwen3_0.6b_1024d__zh_char__EDGE-00750,15,14,蔒,5385,0.5828148722648621,蔒,6392,0.5392643809318542,11150,3,0,0,0,0.0001857010213556,0.5170867342362544,0,0,0,0.0001564455569461,0.4267647322629833,-1007,0,0,0,0,0,0
qwen3_0.6b_1024d,zh_char,EDGE-00751,ROOT-5143,元,虫,虫,蚖,qwen3_0.6b_1024d__zh_char__EDGE-00751,16,14,蛆,356,0.6698971390724182,蛆,260,0.6731861233711243,11150,3,0,0,0,0.0028089887640449,0.9681585792447752,0,0,0,0.0038461538461538,0.976769216970132,96,0,0,0,0,0,0
qwen3_0.6b_1024d,zh_char,EDGE-00754,ROOT-5143,元,頁,頁,頑,qwen3_0.6b_1024d__zh_char__EDGE-00754,16,14,網,3121,0.5460756421089172,網,2168,0.5373632907867432,11150,3,0,0,0,0.0003204101249599,0.7201542739259126,0,0,0,0.0004612546125461,0.8056327921786708,953,0,0,0,0,0,0
qwen3_0.6b_1024d,zh_char,EDGE-00755,ROOT-5143,元,黽,黽,黿,qwen3_0.6b_1024d__zh_char__EDGE-00755,16,14,黤,498,0.6940134763717651,黲,1699,0.612027108669281,11150,3,0,0,0,0.002008032128514,0.9554220109426854,0,0,0,0.0005885815185403,0.8476993452327564,-1201,0,0,0,0,0,0
qwen3_0.6b_1024d,zh_char,EDGE-00807,ROOT-5303,曷,亻,人,偈,qwen3_0.6b_1024d__zh_char__EDGE-00807,27,23,者,10293,0.4386839866638183,者,10353,0.4535566568374634,11150,3,0,0,0,9.71534052268532e-05,0.0768678805274015,0,0,0,9.659036028204386e-05,0.0714862319490536,-60,0,0,0,0,0,0
qwen3_0.6b_1024d,zh_char,EDGE-00808,ROOT-5303,曷,口,口,喝,qwen3_0.6b_1024d__zh_char__EDGE-00808,27,23,嘴,5733,0.5691299438476562,咡,9144,0.5269769430160522,11150,3,0,0,0,0.0001744287458573,0.4858731724818369,0,0,0,0.0001093613298337,0.1799264508027626,-3411,0,0,0,0,0,0
qwen3_0.6b_1024d,zh_char,EDGE-00809,ROOT-5303,曷,土,土,堨,qwen3_0.6b_1024d__zh_char__EDGE-00809,27,23,田,139,0.7046920657157898,田,32,0.73936927318573,11150,3,0,0,0,0.0071942446043165,0.9876222082698,0,0,0,0.03125,0.9972194815678536,107,0,0,0,0,0,0
qwen3_0.6b_1024d,zh_char,EDGE-00810,ROOT-5303,曷,忄,心,愒,qwen3_0.6b_1024d__zh_char__EDGE-00810,27,23,情,2799,0.5720115303993225,情,832,0.6085470914840698,11150,3,0,0,0,0.0003572704537334,0.749035787963046,0,0,0,0.001201923076923,0.9254641671898824,1967,0,0,0,0,0,0
qwen3_0.6b_1024d,zh_char,EDGE-00811,ROOT-5303,曷,扌,手,揭,qwen3_0.6b_1024d__zh_char__EDGE-00811,26,23,肢,3595,0.4882534742355346,握,6587,0.4641753733158111,11150,3,0,0,0,0.0002781641168289,0.6776392501569648,0,0,0,0.0001518141794443,0.4092743743833528,-2992,0,0,0,0,0,0
qwen3_0.6b_1024d,zh_char,EDGE-00812,ROOT-5303,曷,日,日,暍,qwen3_0.6b_1024d__zh_char__EDGE-00812,27,23,天,1517,0.6230844855308533,曜,566,0.6452895998954773,11150,3,0,0,0,0.000659195781147,0.8640236792537448,0,0,0,0.0017667844522968,0.949322809220558,951,0,0,0,0,0,0
qwen3_0.6b_1024d,zh_char,EDGE-00813,ROOT-5303,曷,去,去,朅,qwen3_0.6b_1024d__zh_char__EDGE-00813,27,23,往,3965,0.5543145537376404,往,2052,0.5725219249725342,11150,3,0,0,0,0.0002522068095838,0.6444524172571531,0,0,0,0.0004873294346978,0.8160373127634766,1913,0,0,0,0,0,0
qwen3_0.6b_1024d,zh_char,EDGE-00814,ROOT-5303,曷,木,木,楬,qwen3_0.6b_1024d__zh_char__EDGE-00814,27,23,梣,457,0.6222133636474609,梣,215,0.6617915630340576,11150,3,0,0,0,0.0021881838074398,0.9590994708045564,0,0,0,0.0046511627906976,0.9808054534038928,242,0,0,0,0,0,0
qwen3_0.6b_1024d,zh_char,EDGE-00815,ROOT-5303,曷,欠,欠,歇,qwen3_0.6b_1024d__zh_char__EDGE-00815,27,23,扣,832,0.5990334153175354,褫,837,0.5573751330375671,11150,3,0,0,0,0.001201923076923,0.9254641671898824,0,0,0,0.001194743130227,0.92501569647502,-5,0,0,0,0,0,0
qwen3_0.6b_1024d,zh_char,EDGE-00817,ROOT-5303,曷,氵,水,渴,qwen3_0.6b_1024d__zh_char__EDGE-00817,27,23,液,8376,0.510328471660614,泉,9129,0.4977206289768219,11150,3,0,0,0,0.0001193887297039,0.2488115526056148,0,0,0,0.0001095410231131,0.1812718629473495,-753,0,0,0,0,0,0
qwen3_0.6b_1024d,zh_char,EDGE-00818,ROOT-5303,曷,犭,犬,猲,qwen3_0.6b_1024d__zh_char__EDGE-00818,27,23,狗,537,0.6624822616577148,狗,449,0.6761221289634705,11150,3,0,0,0,0.0018621973929236,0.9519239393667592,0,0,0,0.0022271714922048,0.959817023948336,88,0,0,0,0,0,0
qwen3_0.6b_1024d,zh_char,EDGE-00819,ROOT-5303,曷,石,石,碣,qwen3_0.6b_1024d__zh_char__EDGE-00819,27,23,材,303,0.6602196097373962,鞣,166,0.6770374178886414,11150,3,0,0,0,0.0033003300330033,0.972912368822316,0,0,0,0.0060240963855421,0.9852004664095436,137,0,0,0,0,0,0
qwen3_0.6b_1024d,zh_char,EDGE-00821,ROOT-5303,曷,立,立,竭,qwen3_0.6b_1024d__zh_char__EDGE-00821,27,23,留,2863,0.5996938943862915,峙,5680,0.5524330139160156,11150,3,0,0,0,0.0003492839678658,0.7432953628128083,0,0,0,0.0001760563380281,0.4906269620593775,-2817,0,0,0,0,0,0
qwen3_0.6b_1024d,zh_char,EDGE-00822,ROOT-5303,曷,羊,羊,羯,qwen3_0.6b_1024d__zh_char__EDGE-00822,27,23,鹿,2286,0.5617520809173584,羚,3450,0.5350654721260071,11150,3,0,0,0,0.000437445319335,0.79504888330792,0,0,0,0.0002898550724637,0.690644900887972,-1164,0,0,0,0,0,0
qwen3_0.6b_1024d,zh_char,EDGE-00823,ROOT-5303,曷,艹,艸,葛,qwen3_0.6b_1024d__zh_char__EDGE-00823,26,23,蔒,1217,0.65419602394104,蔒,2586,0.5993053913116455,11150,3,0,0,0,0.000821692686935,0.8909319221454839,0,0,0,0.0003866976024748,0.7681406404161808,-1369,0,0,0,0,0,0
qwen3_0.6b_1024d,zh_char,EDGE-00826,ROOT-5303,曷,虫,虫,蝎,qwen3_0.6b_1024d__zh_char__EDGE-00826,26,23,蛆,27,0.8465262055397034,蛆,27,0.8212674856185913,11150,3,0,0,0,0.037037037037037,0.997667952282716,0,0,0,0.037037037037037,0.997667952282716,0,0,0,0,0,0,0
qwen3_0.6b_1024d,zh_char,EDGE-00827,ROOT-5303,曷,衤,衣,褐,qwen3_0.6b_1024d__zh_char__EDGE-00827,27,23,妝,3976,0.5122116208076477,妝,6502,0.4940550029277801,11150,3,0,0,0,0.0002515090543259,0.643465781684456,0,0,0,0.0001537988311288,0.4168983765360122,-2526,0,0,0,0,0,0
qwen3_0.6b_1024d,zh_char,EDGE-00828,ROOT-5303,曷,言,言,謁,qwen3_0.6b_1024d__zh_char__EDGE-00828,26,23,曰,2358,0.6013512015342712,譬,1234,0.6055902242660522,11150,3,0,0,0,0.0004240882103477,0.7885909050139026,0,0,0,0.0008103727714748,0.889407121714952,1124,0,0,0,0,0,0
qwen3_0.6b_1024d,zh_char,EDGE-00832,ROOT-5303,曷,革,革,鞨,qwen3_0.6b_1024d__zh_char__EDGE-00832,27,23,掣,2556,0.6392473578453064,悛,1325,0.628806471824646,11150,3,0,0,0,0.0003912363067292,0.7708314647053547,0,0,0,0.000754716981132,0.8812449547044579,1231,0,0,0,0,0,0
qwen3_0.6b_1024d,zh_char,EDGE-00833,ROOT-5303,曷,飠,食,餲,qwen3_0.6b_1024d__zh_char__EDGE-00833,27,23,膳,4020,0.5310048460960388,膳,1302,0.5722865462303162,11150,3,0,0,0,0.0002487562189054,0.6395192393936676,0,0,0,0.0007680491551459,0.8833079199928244,2718,0,0,0,0,0,0
qwen3_0.6b_1024d,zh_char,EDGE-00834,ROOT-5303,曷,鳥,鳥,鶡,qwen3_0.6b_1024d__zh_char__EDGE-00834,27,23,雞,351,0.7314350605010986,雞,243,0.7538267970085144,11150,3,0,0,0,0.0028490028490028,0.9686070499596376,0,0,0,0.0041152263374485,0.9782940174006636,108,0,0,0,0,0,0
qwen3_0.6b_1024d,zh_char,EDGE-00835,ROOT-5303,曷,鼻,鼻,齃,qwen3_0.6b_1024d__zh_char__EDGE-00835,27,23,耳,1714,0.6084274649620056,臑,728,0.6184114217758179,11150,3,0,0,0,0.0005834305717619,0.8463539330881693,0,0,0,0.0013736263736263,0.9347923580590188,986,0,0,0,0,0,0
qwen3_0.6b_1024d,zh_char,EDGE-02217,ROOT-572D,圭,亻,人,佳,qwen3_0.6b_1024d__zh_char__EDGE-02217,27,24,者,1652,0.553869903087616,者,2011,0.560187041759491,11150,3,0,0,0,0.0006053268765133,0.8519149699524621,0,0,0,0.0004972650422675,0.8197147726253475,-359,0,0,0,0,0,0
qwen3_0.6b_1024d,zh_char,EDGE-02218,ROOT-572D,圭,刂,刀,刲,qwen3_0.6b_1024d__zh_char__EDGE-02218,27,24,刃,14,0.7925869226455688,刃,10,0.7948526740074158,11150,3,0,0,0,0.0714285714285714,0.998833976141358,0,0,1,0.1,0.9991927527132478,4,0,0,0,0,1,0
qwen3_0.6b_1024d,zh_char,EDGE-02219,ROOT-572D,圭,卜,卜,卦,qwen3_0.6b_1024d__zh_char__EDGE-02219,27,24,捭,1339,0.6585490107536316,捭,1784,0.6091466546058655,11150,3,0,0,0,0.0007468259895444,0.8799892367028433,0,0,0,0.0005605381165919,0.8400753430800969,-445,0,0,0,0,0,0
qwen3_0.6b_1024d,zh_char,EDGE-02226,ROOT-572D,圭,口,口,哇,qwen3_0.6b_1024d__zh_char__EDGE-02226,27,24,嘴,1540,0.632426917552948,嘴,1389,0.6374366283416748,11150,3,0,0,0,0.0006493506493506,0.8619607139653781,0,0,0,0.0007199424046076,0.8755045295542201,151,0,0,0,0,0,0
qwen3_0.6b_1024d,zh_char,EDGE-02227,ROOT-572D,圭,大,大,奎,qwen3_0.6b_1024d__zh_char__EDGE-02227,27,24,巨,592,0.6212925910949707,巨,234,0.6212347745895386,11150,3,0,0,0,0.0016891891891891,0.946990761503274,0,0,0,0.0042735042735042,0.979101264687416,358,0,0,0,0,0,0
qwen3_0.6b_1024d,zh_char,EDGE-02229,ROOT-572D,圭,女,女,娃,qwen3_0.6b_1024d__zh_char__EDGE-02229,27,24,婦,33,0.6691659688949585,婦,32,0.667043924331665,11150,3,0,0,0,0.0303030303030303,0.9971297874248812,0,0,0,0.03125,0.9972194815678536,1,0,0,0,0,0,0
qwen3_0.6b_1024d,zh_char,EDGE-02230,ROOT-572D,圭,心,心,恚,qwen3_0.6b_1024d__zh_char__EDGE-02230,27,24,情,35,0.7064446806907654,情,34,0.7045916318893433,11150,3,0,0,0,0.0285714285714285,0.9969503991389362,0,0,0,0.0294117647058823,0.9970400932819088,1,0,0,0,0,0,0
qwen3_0.6b_1024d,zh_char,EDGE-02231,ROOT-572D,圭,扌,手,挂,qwen3_0.6b_1024d__zh_char__EDGE-02231,26,24,肢,108,0.6047846078872681,肢,111,0.6057178974151611,11150,3,0,0,0,0.0092592592592592,0.9904027267019464,0,0,0,0.009009009009009,0.990133644273029,-3,0,0,0,0,0,0
qwen3_0.6b_1024d,zh_char,EDGE-02232,ROOT-572D,圭,木,木,桂,qwen3_0.6b_1024d__zh_char__EDGE-02232,27,24,梣,190,0.6623570919036865,梣,177,0.6709701418876648,11150,3,0,0,0,0.0052631578947368,0.9830478069782044,0,0,0,0.0056497175141242,0.9842138308368464,13,0,0,0,0,0,0
qwen3_0.6b_1024d,zh_char,EDGE-02233,ROOT-572D,圭,氵,水,洼,qwen3_0.6b_1024d__zh_char__EDGE-02233,26,24,液,1439,0.5882906317710876,泉,1280,0.5969941020011902,11150,3,0,0,0,0.0006949270326615,0.8710198224055969,0,0,0,0.00078125,0.8852811911382187,159,0,0,0,0,0,0
qwen3_0.6b_1024d,zh_char,EDGE-02235,ROOT-572D,圭,火,火,烓,qwen3_0.6b_1024d__zh_char__EDGE-02235,27,24,燃,125,0.6993779540061951,燃,99,0.711478590965271,11150,3,0,0,0,0.008,0.9888779262714144,0,0,0,0.0101010101010101,0.9912099739886986,26,0,0,0,0,0,0
qwen3_0.6b_1024d,zh_char,EDGE-02236,ROOT-572D,圭,王,玉,珪,qwen3_0.6b_1024d__zh_char__EDGE-02236,27,24,蕤,25,0.7758469581604004,蕤,30,0.7629882097244263,11150,3,0,0,0,0.04,0.9978473405686608,0,0,0,0.0333333333333333,0.9973988698537986,-5,0,0,0,0,0,0
qwen3_0.6b_1024d,zh_char,EDGE-02237,ROOT-572D,圭,田,田,畦,qwen3_0.6b_1024d__zh_char__EDGE-02237,27,24,畦,1,0.8298352360725403,畦,1,0.8292312622070312,11150,3,1,1,1,1.0,1.0,1,1,1,1.0,1.0,0,0,0,0,0,0,0
qwen3_0.6b_1024d,zh_char,EDGE-02238,ROOT-572D,圭,目,目,眭,qwen3_0.6b_1024d__zh_char__EDGE-02238,27,24,眸,1211,0.6301072835922241,眸,889,0.6313163042068481,11150,3,0,0,0,0.0008257638315441,0.8914700870033186,0,0,0,0.0011248593925759,0.920351601040452,322,0,0,0,0,0,0
qwen3_0.6b_1024d,zh_char,EDGE-02239,ROOT-572D,圭,穴,穴,窐,qwen3_0.6b_1024d__zh_char__EDGE-02239,26,24,孔,1892,0.6692208647727966,罘,1825,0.6571826338768005,11150,3,0,0,0,0.0005285412262156,0.8303883756390708,0,0,0,0.0005479452054794,0.8363978832182258,67,0,0,0,0,0,0
qwen3_0.6b_1024d,zh_char,EDGE-02241,ROOT-572D,圭,糸,糸,絓,qwen3_0.6b_1024d__zh_char__EDGE-02241,27,24,綣,22,0.7472749948501587,綣,33,0.7118151187896729,11150,3,0,0,0,0.0454545454545454,0.9981164229975784,0,0,0,0.0303030303030303,0.9971297874248812,-11,0,0,0,0,0,0
qwen3_0.6b_1024d,zh_char,EDGE-02242,ROOT-572D,圭,艹,艸,茥,qwen3_0.6b_1024d__zh_char__EDGE-02242,27,24,蔒,1240,0.6534737348556519,蔒,730,0.6590765714645386,11150,3,0,0,0,0.0008064516129032,0.8888689568571172,0,0,0,0.0013698630136986,0.9346129697730738,510,0,0,0,0,0,0
qwen3_0.6b_1024d,zh_char,EDGE-02243,ROOT-572D,圭,虫,虫,蛙,qwen3_0.6b_1024d__zh_char__EDGE-02243,27,24,蛆,53,0.8068445324897766,蛆,51,0.7935191988945007,11150,3,0,0,0,0.0188679245283018,0.995335904565432,0,0,0,0.0196078431372549,0.9955152928513769,2,0,0,0,0,0,0
qwen3_0.6b_1024d,zh_char,EDGE-02244,ROOT-572D,圭,行,行,街,qwen3_0.6b_1024d__zh_char__EDGE-02244,27,24,途,755,0.6413233876228333,途,858,0.6367939710617065,11150,3,0,0,0,0.0013245033112582,0.9323706161987622,0,0,0,0.0011655011655011,0.9231321194725984,-103,0,0,0,0,0,0
qwen3_0.6b_1024d,zh_char,EDGE-02245,ROOT-572D,圭,角,角,觟,qwen3_0.6b_1024d__zh_char__EDGE-02245,27,24,矩,45,0.7599194645881653,矩,32,0.7614321708679199,11150,3,0,0,0,0.0222222222222222,0.9960534577092116,0,0,0,0.03125,0.9972194815678536,13,0,0,0,0,0,0
qwen3_0.6b_1024d,zh_char,EDGE-02246,ROOT-572D,圭,言,言,詿,qwen3_0.6b_1024d__zh_char__EDGE-02246,27,24,曰,940,0.6385524272918701,譬,390,0.6549646854400635,11150,3,0,0,0,0.001063829787234,0.9157771997488564,0,0,0,0.0025641025641025,0.9651089783837116,550,0,0,0,0,0,0
qwen3_0.6b_1024d,zh_char,EDGE-02248,ROOT-572D,圭,門,門,閨,qwen3_0.6b_1024d__zh_char__EDGE-02248,27,24,關,1819,0.6234663724899292,蓋,1607,0.6308276057243347,11150,3,0,0,0,0.0005497526113249,0.8369360480760606,0,0,0,0.0006222775357809,0.855951206386223,212,0,0,0,0,0,0
qwen3_0.6b_1024d,zh_char,EDGE-02249,ROOT-572D,圭,革,革,鞋,qwen3_0.6b_1024d__zh_char__EDGE-02249,27,24,掣,10226,0.5058427453041077,掎,11067,0.4345128834247589,11150,3,0,0,0,9.778994719342852e-05,0.0828773881065566,0,0,0,9.03587241348152e-05,0.0074446138667144,-841,0,0,0,0,0,0
qwen3_0.6b_1024d,zh_char,EDGE-02266,ROOT-582F,堯,亻,人,僥,qwen3_0.6b_1024d__zh_char__EDGE-02266,21,21,者,2563,0.5359867215156555,者,155,0.6062699556350708,11150,3,0,0,0,0.000390167772142,0.7702036057045475,0,0,0,0.0064516129032258,0.9861871019822406,2408,0,0,0,0,0,0
qwen3_0.6b_1024d,zh_char,EDGE-02267,ROOT-582F,堯,口,口,嘵,qwen3_0.6b_1024d__zh_char__EDGE-02267,21,21,嘴,5583,0.5710389614105225,咡,1848,0.6065565347671509,11150,3,0,0,0,0.0001791151710549,0.4993272939277065,0,0,0,0.0005411255411255,0.8343349179298591,3735,0,0,0,0,0,0
qwen3_0.6b_1024d,zh_char,EDGE-02268,ROOT-582F,堯,女,女,嬈,qwen3_0.6b_1024d__zh_char__EDGE-02268,21,21,婦,933,0.5320015549659729,婦,182,0.5660982728004456,11150,3,0,0,0,0.0010718113612004,0.9164050587496636,0,0,0,0.0054945054945054,0.983765360121984,751,0,0,0,0,0,0
qwen3_0.6b_1024d,zh_char,EDGE-02269,ROOT-582F,堯,山,山,嶢,qwen3_0.6b_1024d__zh_char__EDGE-02269,21,21,壑,992,0.6228703260421753,壑,201,0.6829944252967834,11150,3,0,0,0,0.001008064516129,0.9111131043142884,0,0,0,0.0049751243781094,0.9820611714055072,791,0,0,0,0,0,0
qwen3_0.6b_1024d,zh_char,EDGE-02270,ROOT-582F,堯,扌,手,撓,qwen3_0.6b_1024d__zh_char__EDGE-02270,21,21,肢,264,0.572348415851593,臂,53,0.6166126728057861,11150,3,0,0,0,0.0037878787878787,0.976410440398242,0,0,0,0.0188679245283018,0.995335904565432,211,0,0,0,0,0,0
qwen3_0.6b_1024d,zh_char,EDGE-02271,ROOT-582F,堯,日,日,曉,qwen3_0.6b_1024d__zh_char__EDGE-02271,21,21,天,1132,0.6346639394760132,曜,1908,0.6064498424530029,11150,3,0,0,0,0.0008833922261484,0.8985559242981433,0,0,0,0.000524109014675,0.8289532693515114,-776,0,0,0,0,0,0
qwen3_0.6b_1024d,zh_char,EDGE-02272,ROOT-582F,堯,木,木,橈,qwen3_0.6b_1024d__zh_char__EDGE-02272,21,21,梣,4126,0.5302409529685974,梣,2278,0.5685999393463135,11150,3,0,0,0,0.0002423654871546,0.6300116602385863,0,0,0,0.0004389815627743,0.7957664364516996,1848,0,0,0,0,0,0
qwen3_0.6b_1024d,zh_char,EDGE-02273,ROOT-582F,堯,氵,水,澆,qwen3_0.6b_1024d__zh_char__EDGE-02273,21,21,液,57,0.6977952718734741,液,13,0.7448081970214844,11150,3,0,0,0,0.0175438596491228,0.994977127993542,0,0,0,0.0769230769230769,0.9989236702843304,44,0,0,0,0,0,0
qwen3_0.6b_1024d,zh_char,EDGE-02274,ROOT-582F,堯,火,火,燒,qwen3_0.6b_1024d__zh_char__EDGE-02274,21,21,燃,6,0.8495997786521912,焮,5,0.8373658657073975,11150,3,0,0,1,0.1666666666666666,0.9995515292851376,0,1,1,0.2,0.99964122342811,1,0,0,1,0,0,0
qwen3_0.6b_1024d,zh_char,EDGE-02275,ROOT-582F,堯,犭,犬,獟,qwen3_0.6b_1024d__zh_char__EDGE-02275,21,21,狗,136,0.731736958026886,狗,43,0.7588694095611572,11150,3,0,0,0,0.0073529411764705,0.9878912906987174,0,0,0,0.0232558139534883,0.9962328459951564,93,0,0,0,0,0,0
qwen3_0.6b_1024d,zh_char,EDGE-02276,ROOT-582F,堯,石,石,磽,qwen3_0.6b_1024d__zh_char__EDGE-02276,21,21,材,3676,0.5674260258674622,鞣,1907,0.6048911213874817,11150,3,0,0,0,0.000272034820457,0.6703740245761951,0,0,0,0.0005243838489774,0.8290429634944838,1769,0,0,0,0,0,0
qwen3_0.6b_1024d,zh_char,EDGE-02277,ROOT-582F,堯,糸,糸,繞,qwen3_0.6b_1024d__zh_char__EDGE-02277,21,21,綣,4534,0.5356552004814148,綣,5540,0.4375635683536529,11150,3,0,0,0,0.0002205558006175,0.5934164499058212,0,0,0,0.0001805054151624,0.5031841420755225,-1006,0,0,0,0,0,0
qwen3_0.6b_1024d,zh_char,EDGE-02278,ROOT-582F,堯,羽,羽,翹,qwen3_0.6b_1024d__zh_char__EDGE-02278,21,21,燕,1173,0.6789478659629822,鳳,325,0.7029508352279663,11150,3,0,0,0,0.000852514919011,0.8948784644362723,0,0,0,0.003076923076923,0.9709390976769215,848,0,0,0,0,0,0
qwen3_0.6b_1024d,zh_char,EDGE-02279,ROOT-582F,堯,肉,肉,膮,qwen3_0.6b_1024d__zh_char__EDGE-02279,21,21,畜,1345,0.5772860646247864,胾,610,0.6272937655448914,11150,3,0,0,0,0.0007434944237918,0.8794510718450085,0,0,0,0.001639344262295,0.9453762669297696,735,0,0,0,0,0,0
qwen3_0.6b_1024d,zh_char,EDGE-02280,ROOT-582F,堯,艹,艸,蕘,qwen3_0.6b_1024d__zh_char__EDGE-02280,21,21,蔒,1481,0.6477583050727844,篔,487,0.6490828394889832,11150,3,0,0,0,0.00067521944632,0.8672526684007534,0,0,0,0.002053388090349,0.9564086465153824,994,0,0,0,0,0,0
qwen3_0.6b_1024d,zh_char,EDGE-02281,ROOT-582F,堯,虫,虫,蟯,qwen3_0.6b_1024d__zh_char__EDGE-02281,21,21,蛆,425,0.6557497382164001,蛆,258,0.6647934913635254,11150,3,0,0,0,0.0023529411764705,0.9619696833796751,0,0,0,0.003875968992248,0.9769486052560769,167,0,0,0,0,0,0
qwen3_0.6b_1024d,zh_char,EDGE-02282,ROOT-582F,堯,言,言,譊,qwen3_0.6b_1024d__zh_char__EDGE-02282,21,21,曰,4250,0.5681157112121582,譬,810,0.6040570139884949,11150,3,0,0,0,0.000235294117647,0.6188895865100009,0,0,0,0.0012345679012345,0.9274374383352768,3440,0,0,0,0,0,0
qwen3_0.6b_1024d,zh_char,EDGE-02283,ROOT-582F,堯,走,走,趬,qwen3_0.6b_1024d__zh_char__EDGE-02283,21,21,逃,929,0.6090306639671326,逃,107,0.6501748561859131,11150,3,0,0,0,0.0010764262648008,0.9167638353215536,0,0,0,0.0093457943925233,0.9904924208449188,822,0,0,0,0,0,0
qwen3_0.6b_1024d,zh_char,EDGE-02285,ROOT-582F,堯,釒,金,鐃,qwen3_0.6b_1024d__zh_char__EDGE-02285,21,21,銀,9905,0.4878504574298858,銀,4212,0.5627967715263367,11150,3,0,0,0,0.0001009591115598,0.1116692080007175,0,0,0,0.0002374169040835,0.6222979639429544,5693,0,0,0,0,0,0
qwen3_0.6b_1024d,zh_char,EDGE-02286,ROOT-582F,堯,頁,頁,顤,qwen3_0.6b_1024d__zh_char__EDGE-02286,21,21,網,5983,0.5097823739051819,網,2707,0.5182399749755859,11150,3,0,0,0,0.0001671402306535,0.4634496367387209,0,0,0,0.000369412633912,0.7572876491165127,3276,0,0,0,0,0,0
qwen3_0.6b_1024d,zh_char,EDGE-02287,ROOT-582F,堯,飠,食,饒,qwen3_0.6b_1024d__zh_char__EDGE-02287,21,21,膳,2422,0.5561066269874573,膳,326,0.6123219132423401,11150,3,0,0,0,0.000412881915772,0.7828504798636648,0,0,0,0.0030674846625766,0.9708494035339492,2096,0,0,0,0,0,0
qwen3_0.6b_1024d,zh_char,EDGE-02288,ROOT-582F,堯,馬,馬,驍,qwen3_0.6b_1024d__zh_char__EDGE-02288,21,21,龍,63,0.7732844948768616,驂,11,0.7800135016441345,11150,3,0,0,0,0.0158730158730158,0.9944389631357072,0,0,0,0.0909090909090909,0.9991030585702754,52,0,0,0,0,0,0
qwen3_0.6b_1024d,zh_char,EDGE-03012,ROOT-382F,台,亻,人,佁,qwen3_0.6b_1024d__zh_char__EDGE-03012,25,23,者,486,0.5983940362930298,者,209,0.61474609375,11150,3,0,0,0,0.0020576131687242,0.956498340658355,0,0,0,0.0047846889952153,0.9813436182617276,277,0,0,0,0,0,0
qwen3_0.6b_1024d,zh_char,EDGE-03014,ROOT-382F,台,女,女,始,qwen3_0.6b_1024d__zh_char__EDGE-03014,25,23,婦,3333,0.4810567200183868,婦,5288,0.4505510330200195,11150,3,0,0,0,0.0003000300030003,0.7011391156157503,0,0,0,0.0001891074130105,0.5257870661045834,-1955,0,0,0,0,0,0
qwen3_0.6b_1024d,zh_char,EDGE-03015,ROOT-382F,台,心,心,怠,qwen3_0.6b_1024d__zh_char__EDGE-03015,25,23,情,240,0.6644766330718994,情,146,0.6808493733406067,11150,3,0,0,0,0.0041666666666666,0.9785630998295812,0,0,0,0.0068493150684931,0.9869943492689928,94,0,0,0,0,0,0
qwen3_0.6b_1024d,zh_char,EDGE-03016,ROOT-382F,台,忄,心,怡,qwen3_0.6b_1024d__zh_char__EDGE-03016,25,23,情,15,0.7312557101249695,情,11,0.7370450496673584,11150,3,0,0,0,0.0666666666666666,0.9987442819983856,0,0,0,0.0909090909090909,0.9991030585702754,4,0,0,0,0,0,0
qwen3_0.6b_1024d,zh_char,EDGE-03017,ROOT-382F,台,木,木,枲,qwen3_0.6b_1024d__zh_char__EDGE-03017,25,23,梣,901,0.5935049057006836,梣,750,0.6071025729179382,11150,3,0,0,0,0.0011098779134295,0.9192752713247824,0,0,0,0.0013333333333333,0.9328190869136246,151,0,0,0,0,0,0
qwen3_0.6b_1024d,zh_char,EDGE-03018,ROOT-382F,台,歹,歹,殆,qwen3_0.6b_1024d__zh_char__EDGE-03018,25,23,嬖,1714,0.649589478969574,嬖,1690,0.60533607006073,11150,3,0,0,0,0.0005834305717619,0.8463539330881693,0,0,0,0.0005917159763313,0.8485065925195084,24,0,0,0,0,0,0
qwen3_0.6b_1024d,zh_char,EDGE-03019,ROOT-382F,台,氵,水,治,qwen3_0.6b_1024d__zh_char__EDGE-03019,24,23,液,6978,0.5243220329284668,液,8932,0.5087591409683228,11150,3,0,0,0,0.0001433075379764,0.3742039644811193,0,0,0,0.0001119570085087,0.1989416091129249,-1954,0,0,0,0,0,0
qwen3_0.6b_1024d,zh_char,EDGE-03020,ROOT-382F,台,火,火,炱,qwen3_0.6b_1024d__zh_char__EDGE-03020,25,23,燃,671,0.6253399848937988,燃,464,0.6400925517082214,11150,3,0,0,0,0.0014903129657228,0.9399049242084492,0,0,0,0.0021551724137931,0.9584716118037492,207,0,0,0,0,0,0
qwen3_0.6b_1024d,zh_char,EDGE-03021,ROOT-382F,台,瓦,瓦,瓵,qwen3_0.6b_1024d__zh_char__EDGE-03021,25,23,沃,1649,0.6597301959991455,沃,1520,0.6362684369087219,11150,3,0,0,0,0.0006064281382656,0.8521840523813795,0,0,0,0.0006578947368421,0.8637545968248274,129,0,0,0,0,0,0
qwen3_0.6b_1024d,zh_char,EDGE-03022,ROOT-382F,台,目,目,眙,qwen3_0.6b_1024d__zh_char__EDGE-03022,25,23,眸,2245,0.605375349521637,眸,1623,0.6092010140419006,11150,3,0,0,0,0.0004454342984409,0.7987263431697911,0,0,0,0.0006161429451632,0.8545161000986635,622,0,0,0,0,0,0
qwen3_0.6b_1024d,zh_char,EDGE-03023,ROOT-382F,台,竹,竹,笞,qwen3_0.6b_1024d__zh_char__EDGE-03023,25,23,杉,4181,0.5440810322761536,槭,3396,0.5491982102394104,11150,3,0,0,0,0.0002391772303276,0.6250784823751009,0,0,0,0.0002944640753828,0.695488384608485,785,0,0,0,0,0,0
qwen3_0.6b_1024d,zh_char,EDGE-03024,ROOT-382F,台,糸,糸,紿,qwen3_0.6b_1024d__zh_char__EDGE-03024,25,23,綣,2768,0.5667145252227783,綣,1925,0.5591182112693787,11150,3,0,0,0,0.0003612716763005,0.7518163063951924,0,0,0,0.0005194805194805,0.8274284689209794,843,0,0,0,0,0,0
qwen3_0.6b_1024d,zh_char,EDGE-03025,ROOT-382F,台,肉,肉,胎,qwen3_0.6b_1024d__zh_char__EDGE-03025,25,23,畜,712,0.6074499487876892,胾,1043,0.5969511270523071,11150,3,0,0,0,0.0014044943820224,0.9362274643465782,0,0,0,0.0009587727708533,0.9065387030226926,-331,0,0,0,0,0,0
qwen3_0.6b_1024d,zh_char,EDGE-03026,ROOT-382F,台,艹,艸,苔,qwen3_0.6b_1024d__zh_char__EDGE-03026,25,23,蔒,293,0.6959704160690308,蔒,1231,0.6503864526748657,11150,3,0,0,0,0.0034129692832764,0.9738093102520404,0,0,0,0.000812347684809,0.8896762041438694,-938,0,0,0,0,0,0
qwen3_0.6b_1024d,zh_char,EDGE-03027,ROOT-382F,台,言,言,詒,qwen3_0.6b_1024d__zh_char__EDGE-03027,25,23,曰,6308,0.5400563478469849,譬,6527,0.5238282680511475,11150,3,0,0,0,0.0001585288522511,0.4342990402726702,0,0,0,0.0001532097441397,0.4146560229617005,-219,0,0,0,0,0,0
qwen3_0.6b_1024d,zh_char,EDGE-03028,ROOT-382F,台,貝,貝,貽,qwen3_0.6b_1024d__zh_char__EDGE-03028,25,23,賓,2348,0.6668215990066528,賓,1806,0.6559540033340454,11150,3,0,0,0,0.0004258943781942,0.7894878464436272,0,0,0,0.0005537098560354,0.8381020719347027,542,0,0,0,0,0,0
qwen3_0.6b_1024d,zh_char,EDGE-03030,ROOT-382F,台,釒,金,鈶,qwen3_0.6b_1024d__zh_char__EDGE-03030,25,23,銀,4623,0.5597051978111267,鑫,4347,0.558879554271698,11150,3,0,0,0,0.0002163097555699,0.5854336711812719,0,0,0,0.0002300437083045,0.6101892546416718,276,0,0,0,0,0,0
qwen3_0.6b_1024d,zh_char,EDGE-03031,ROOT-382F,台,風,風,颱,qwen3_0.6b_1024d__zh_char__EDGE-03031,25,23,氣,47,0.7317470908164978,氣,15,0.7428808212280273,11150,3,0,0,0,0.0212765957446808,0.9958740694232666,0,0,0,0.0666666666666666,0.9987442819983856,32,0,0,0,0,0,0
qwen3_0.6b_1024d,zh_char,EDGE-03032,ROOT-382F,台,飠,食,飴,qwen3_0.6b_1024d__zh_char__EDGE-03032,25,23,膳,77,0.6693034172058105,膳,36,0.685057520866394,11150,3,0,0,0,0.0129870129870129,0.9931832451340928,0,0,0,0.0277777777777777,0.9968607049959638,41,0,0,0,0,0,0
qwen3_0.6b_1024d,zh_char,EDGE-03033,ROOT-382F,台,馬,馬,駘,qwen3_0.6b_1024d__zh_char__EDGE-03033,25,23,龍,175,0.7426846027374268,騎,60,0.7649602293968201,11150,3,0,0,0,0.0057142857142857,0.9843932191227912,0,0,0,0.0166666666666666,0.9947080455646248,115,0,0,0,0,0,0
qwen3_0.6b_1024d,zh_char,EDGE-03034,ROOT-382F,台,魚,魚,鮐,qwen3_0.6b_1024d__zh_char__EDGE-03034,25,23,獸,1991,0.5764603018760681,蚪,2209,0.5627704858779907,11150,3,0,0,0,0.0005022601707684,0.8215086554847968,0,0,0,0.0004526935264825,0.8019553323167997,-218,0,0,0,0,0,0
qwen3_0.6b_1024d,zh_char,EDGE-03035,ROOT-382F,台,齒,齒,齝,qwen3_0.6b_1024d__zh_char__EDGE-03035,25,23,針,177,0.734055757522583,針,41,0.7505697011947632,11150,3,0,0,0,0.0056497175141242,0.9842138308368464,0,0,0,0.024390243902439,0.9964122342811016,136,0,0,0,0,0,0
qwen3_0.6b_1024d,zh_char,EDGE-03085,ROOT-5E1D,帝,口,口,啻,qwen3_0.6b_1024d__zh_char__EDGE-03085,5,5,嘴,806,0.653235912322998,嘴,784,0.6525006890296936,11150,3,0,0,0,0.0012406947890818,0.9277962149071666,0,0,0,0.0012755102040816,0.9297694860525608,22,0,0,0,0,0,0
qwen3_0.6b_1024d,zh_char,EDGE-03087,ROOT-5E1D,帝,口,口,啼,qwen3_0.6b_1024d__zh_char__EDGE-03087,5,5,嘴,792,0.6535136699676514,嘴,540,0.662749171257019,11150,3,0,0,0,0.0012626262626262,0.9290519329087812,0,0,0,0.0018518518518518,0.951654856937842,252,0,0,0,0,0,0
qwen3_0.6b_1024d,zh_char,EDGE-03088,ROOT-5E1D,帝,礻,示,禘,qwen3_0.6b_1024d__zh_char__EDGE-03088,6,5,式,3702,0.5752052664756775,特,2495,0.5959721803665161,11150,3,0,0,0,0.0002701242571582,0.6680419768589111,0,0,0,0.0004008016032064,0.776302807426675,1207,0,0,0,0,0,0
qwen3_0.6b_1024d,zh_char,EDGE-03089,ROOT-5E1D,帝,糸,糸,締,qwen3_0.6b_1024d__zh_char__EDGE-03089,6,5,綣,260,0.6609143614768982,綣,155,0.6307387351989746,11150,3,0,0,0,0.0038461538461538,0.976769216970132,0,0,0,0.0064516129032258,0.9861871019822406,105,0,0,0,0,0,0
qwen3_0.6b_1024d,zh_char,EDGE-03090,ROOT-5E1D,帝,艹,艸,蒂,qwen3_0.6b_1024d__zh_char__EDGE-03090,6,5,蔒,2738,0.6233518123626709,鷢,2906,0.5909826755523682,11150,3,0,0,0,0.0003652300949598,0.7545071306843663,0,0,0,0.0003441156228492,0.7394385146649924,-168,0,0,0,0,0,0
qwen3_0.6b_1024d,zh_char,EDGE-03091,ROOT-5E1D,帝,言,言,諦,qwen3_0.6b_1024d__zh_char__EDGE-03091,6,5,曰,2164,0.6053144335746765,譬,2736,0.600479006767273,11150,3,0,0,0,0.0004621072088724,0.8059915687505605,0,0,0,0.0003654970760233,0.7546865189703112,-572,0,0,0,0,0,0
qwen3_0.6b_1024d,zh_char,EDGE-03092,ROOT-5E1D,帝,𧾷,足,蹄,qwen3_0.6b_1024d__zh_char__EDGE-03092,6,5,趺,113,0.7024090886116028,趺,143,0.6669556498527527,11150,3,0,0,0,0.0088495575221238,0.989954255987084,0,0,0,0.0069930069930069,0.98726343169791,-30,0,0,0,0,0,0
qwen3_0.6b_1024d,zh_char,EDGE-03943,ROOT-67EC,闌,木,木,欄,qwen3_0.6b_1024d__zh_char__EDGE-03943,24,17,梣,6508,0.5038315057754517,梣,5838,0.5197131037712097,11150,3,0,0,0,0.0001536570374923,0.4163602116781774,0,0,0,0.000171291538198,0.4764552874697282,670,0,0,0,0,0,0
qwen3_0.6b_1024d,zh_char,EDGE-03944,ROOT-67EC,闌,氵,水,瀾,qwen3_0.6b_1024d__zh_char__EDGE-03944,22,17,液,335,0.6378526091575623,液,116,0.6774578094482422,11150,3,0,0,0,0.0029850746268656,0.970042156247197,0,0,0,0.0086206896551724,0.9896851735581668,219,0,0,0,0,0,0
qwen3_0.6b_1024d,zh_char,EDGE-03945,ROOT-67EC,闌,火,火,爛,qwen3_0.6b_1024d__zh_char__EDGE-03945,24,17,燃,4706,0.5426462888717651,燃,2394,0.5673673152923584,11150,3,0,0,0,0.0002124946876328,0.5779890573145574,0,0,0,0.0004177109440267,0.7853619158668939,2312,0,0,0,0,0,0
qwen3_0.6b_1024d,zh_char,EDGE-03946,ROOT-67EC,闌,竹,竹,籣,qwen3_0.6b_1024d__zh_char__EDGE-03946,24,17,杉,3034,0.5603853464126587,楝,815,0.6129584312438965,11150,3,0,0,0,0.0003295978905735,0.7279576643645169,0,0,0,0.0012269938650306,0.9269889676204144,2219,0,0,0,0,0,0
qwen3_0.6b_1024d,zh_char,EDGE-03947,ROOT-67EC,闌,艹,艸,蘭,qwen3_0.6b_1024d__zh_char__EDGE-03947,24,17,蔒,153,0.7126415371894836,蔾,125,0.6869271993637085,11150,3,0,0,0,0.0065359477124183,0.9863664902681856,0,0,0,0.008,0.9888779262714144,28,0,0,0,0,0,0
qwen3_0.6b_1024d,zh_char,EDGE-03949,ROOT-67EC,闌,衤,衣,襴,qwen3_0.6b_1024d__zh_char__EDGE-03949,25,17,妝,311,0.6040937304496765,妝,110,0.6364628076553345,11150,3,0,0,0,0.0032154340836012,0.9721948156785362,0,0,0,0.009090909090909,0.9902233384160014,201,0,0,0,0,0,0
qwen3_0.6b_1024d,zh_char,EDGE-03950,ROOT-67EC,闌,言,言,讕,qwen3_0.6b_1024d__zh_char__EDGE-03950,24,17,曰,3253,0.5844040513038635,說,1382,0.5873982906341553,11150,3,0,0,0,0.0003074085459575,0.7083146470535474,0,0,0,0.0007235890014471,0.8761323885550274,1871,0,0,0,0,0,0
qwen3_0.6b_1024d,zh_char,EDGE-04481,ROOT-9752,青,亻,人,倩,qwen3_0.6b_1024d__zh_char__EDGE-04481,16,16,者,548,0.5947318077087402,者,171,0.6227898001670837,11150,3,0,0,0,0.0018248175182481,0.9509373037940624,0,0,0,0.0058479532163742,0.9847519956946812,377,0,0,0,0,0,0
qwen3_0.6b_1024d,zh_char,EDGE-04483,ROOT-9752,青,女,女,婧,qwen3_0.6b_1024d__zh_char__EDGE-04483,16,16,婦,12,0.7158491611480713,婦,3,0.7417040467262268,11150,3,0,0,0,0.0833333333333333,0.9990133644273028,0,1,1,0.3333333333333333,0.9998206117140552,9,0,0,1,0,1,0
qwen3_0.6b_1024d,zh_char,EDGE-04484,ROOT-9752,青,山,山,崝,qwen3_0.6b_1024d__zh_char__EDGE-04484,16,16,壑,1524,0.6011810302734375,壑,1825,0.5832928419113159,11150,3,0,0,0,0.0006561679790026,0.8633958202529375,0,0,0,0.0005479452054794,0.8363978832182258,-301,0,0,0,0,0,0
qwen3_0.6b_1024d,zh_char,EDGE-04485,ROOT-9752,青,忄,心,情,qwen3_0.6b_1024d__zh_char__EDGE-04485,16,16,情,1,0.8361542224884033,情,1,0.8102146983146667,11150,3,1,1,1,1.0,1.0,1,1,1,1.0,1.0,0,0,0,0,0,0,0
qwen3_0.6b_1024d,zh_char,EDGE-04486,ROOT-9752,青,日,日,晴,qwen3_0.6b_1024d__zh_char__EDGE-04486,16,16,天,112,0.7057216763496399,天,56,0.7103232145309448,11150,3,0,0,0,0.0089285714285714,0.9900439501300564,0,0,0,0.0178571428571428,0.9950668221365144,56,0,0,0,0,0,0
qwen3_0.6b_1024d,zh_char,EDGE-04487,ROOT-9752,青,犭,犬,猜,qwen3_0.6b_1024d__zh_char__EDGE-04487,16,16,狗,8808,0.4752787053585052,狗,10093,0.4429237246513366,11150,3,0,0,0,0.0001135331516802,0.2100636828415104,0,0,0,9.907856930545922e-05,0.0948067091218943,-1285,0,0,0,0,0,0
qwen3_0.6b_1024d,zh_char,EDGE-04488,ROOT-9752,青,目,目,睛,qwen3_0.6b_1024d__zh_char__EDGE-04488,16,16,眸,18,0.7371774911880493,眸,10,0.73909592628479,11150,3,0,0,0,0.0555555555555555,0.998475199569468,0,0,1,0.1,0.9991927527132478,8,0,0,0,0,1,0
qwen3_0.6b_1024d,zh_char,EDGE-04489,ROOT-9752,青,米,米,精,qwen3_0.6b_1024d__zh_char__EDGE-04489,16,16,寸,651,0.659609317779541,寸,573,0.650568962097168,11150,3,0,0,0,0.0015360983102918,0.9416988070678984,0,0,0,0.0017452006980802,0.9486949502197508,78,0,0,0,0,0,0
qwen3_0.6b_1024d,zh_char,EDGE-04490,ROOT-9752,青,糸,糸,綪,qwen3_0.6b_1024d__zh_char__EDGE-04490,16,16,綣,49,0.7198668122291565,綣,50,0.7060790657997131,11150,3,0,0,0,0.0204081632653061,0.9956946811373216,0,0,0,0.02,0.9956049869943492,-1,0,0,0,0,0,0
qwen3_0.6b_1024d,zh_char,EDGE-04491,ROOT-9752,青,艹,艸,菁,qwen3_0.6b_1024d__zh_char__EDGE-04491,16,16,蔒,7425,0.5487375855445862,蔒,7277,0.5221059918403625,11150,3,0,0,0,0.0001346801346801,0.334110682572428,0,0,0,0.0001374192661811,0.3473854157323527,148,0,0,0,0,0,0
qwen3_0.6b_1024d,zh_char,EDGE-04492,ROOT-9752,青,虫,虫,蜻,qwen3_0.6b_1024d__zh_char__EDGE-04492,16,16,蛆,59,0.7972769141197205,蛆,41,0.8046509027481079,11150,3,0,0,0,0.0169491525423728,0.9947977397075972,0,0,0,0.024390243902439,0.9964122342811016,18,0,0,0,0,0,0
qwen3_0.6b_1024d,zh_char,EDGE-04493,ROOT-9752,青,言,言,請,qwen3_0.6b_1024d__zh_char__EDGE-04493,16,16,曰,1456,0.6228744387626648,譬,2764,0.5725998282432556,11150,3,0,0,0,0.0006868131868131,0.869495021975065,0,0,0,0.0003617945007235,0.7521750829670822,-1308,0,0,0,0,0,0
qwen3_0.6b_1024d,zh_char,EDGE-04494,ROOT-9752,青,釒,金,錆,qwen3_0.6b_1024d__zh_char__EDGE-04494,16,16,銀,1457,0.6201244592666626,銀,770,0.6275718212127686,11150,3,0,0,0,0.0006863417982155,0.8694053278320926,0,0,0,0.0012987012987012,0.9310252040541752,687,0,0,0,0,0,0
qwen3_0.6b_1024d,zh_char,EDGE-04495,ROOT-9752,青,立,立,靖,qwen3_0.6b_1024d__zh_char__EDGE-04495,16,16,留,718,0.6675746440887451,留,218,0.6853935718536377,11150,3,0,0,0,0.0013927576601671,0.9356892994887434,0,0,0,0.0045871559633027,0.9805363709749754,500,0,0,0,0,0,0
qwen3_0.6b_1024d,zh_char,EDGE-04496,ROOT-9752,青,見,見,靚,qwen3_0.6b_1024d__zh_char__EDGE-04496,16,16,觀,1544,0.6502171158790588,觀,430,0.6730592250823975,11150,3,0,0,0,0.0006476683937823,0.8616019373934882,0,0,0,0.0023255813953488,0.9615212126648128,1114,0,0,0,0,0,0
qwen3_0.6b_1024d,zh_char,EDGE-04497,ROOT-9752,青,爭,爭,靜,qwen3_0.6b_1024d__zh_char__EDGE-04497,16,16,對,1687,0.5922502875328064,對,1850,0.5628544092178345,11150,3,0,0,0,0.0005927682276229,0.8487756749484259,0,0,0,0.0005405405405405,0.8341555296439143,-163,0,0,0,0,0,0
qwen3_0.6b_1024d,zh_char,EDGE-04498,ROOT-9752,青,魚,魚,鯖,qwen3_0.6b_1024d__zh_char__EDGE-04498,16,16,獸,132,0.7656398415565491,鳥,151,0.7500393986701965,11150,3,0,0,0,0.0075757575757575,0.9882500672706072,0,0,0,0.0066225165562913,0.9865458785541305,-19,0,0,0,0,0,0
qwen3_0.6b_1024d,zh_char,EDGE-05389,ROOT-4F59,余,氵,水,涂,qwen3_0.6b_1024d__zh_char__EDGE-05389,15,13,液,3816,0.5547000169754028,液,2874,0.5589468479156494,11150,3,0,0,0,0.0002620545073375,0.6578168445600503,0,0,0,0.0003479471120389,0.7423087272401112,942,0,0,0,0,0,0
qwen3_0.6b_1024d,zh_char,EDGE-05391,ROOT-4F59,余,彳,彳,徐,qwen3_0.6b_1024d__zh_char__EDGE-05391,16,13,亍,681,0.6794212460517883,亍,628,0.6256805658340454,11150,3,0,0,0,0.0014684287812041,0.9390079827787244,0,0,0,0.001592356687898,0.9437617723562652,53,0,0,0,0,0,0
qwen3_0.6b_1024d,zh_char,EDGE-05392,ROOT-4F59,余,心,心,悆,qwen3_0.6b_1024d__zh_char__EDGE-05392,16,13,情,12,0.7340112328529358,情,12,0.7082052826881409,11150,3,0,0,0,0.0833333333333333,0.9990133644273028,0,0,0,0.0833333333333333,0.9990133644273028,0,0,0,0,0,0,0
qwen3_0.6b_1024d,zh_char,EDGE-05394,ROOT-4F59,余,斗,斗,斜,qwen3_0.6b_1024d__zh_char__EDGE-05394,16,13,鬥,1173,0.6692383885383606,鬥,2813,0.6164416670799255,11150,3,0,0,0,0.000852514919011,0.8948784644362723,0,0,0,0.0003554923569143,0.7477800699614315,-1640,0,0,0,0,0,0
qwen3_0.6b_1024d,zh_char,EDGE-05396,ROOT-4F59,余,田,田,畬,qwen3_0.6b_1024d__zh_char__EDGE-05396,16,13,畦,154,0.7209511995315552,畦,154,0.7010989189147949,11150,3,0,0,0,0.0064935064935064,0.986276796125213,0,0,0,0.0064935064935064,0.986276796125213,0,0,0,0,0,0,0
qwen3_0.6b_1024d,zh_char,EDGE-05397,ROOT-4F59,余,禾,禾,稌,qwen3_0.6b_1024d__zh_char__EDGE-05397,16,13,稻,574,0.7129661440849304,稻,214,0.7442096471786499,11150,3,0,0,0,0.0017421602787456,0.948605256076778,0,0,0,0.0046728971962616,0.9808951475468652,360,0,0,0,0,0,0
qwen3_0.6b_1024d,zh_char,EDGE-05398,ROOT-4F59,余,竹,竹,筡,qwen3_0.6b_1024d__zh_char__EDGE-05398,15,13,杉,1017,0.6083372235298157,枝,749,0.5963419675827026,11150,3,0,0,0,0.0009832841691248,0.9088707507399768,0,0,0,0.0013351134846461,0.932908781056597,268,0,0,0,0,0,0
qwen3_0.6b_1024d,zh_char,EDGE-05399,ROOT-4F59,余,舟,舟,艅,qwen3_0.6b_1024d__zh_char__EDGE-05399,16,13,船,106,0.6719498634338379,船,88,0.6530216932296753,11150,3,0,0,0,0.0094339622641509,0.9905821149878912,0,0,0,0.0113636363636363,0.9921966095613955,18,0,0,0,0,0,0
qwen3_0.6b_1024d,zh_char,EDGE-05400,ROOT-4F59,余,艹,艸,荼,qwen3_0.6b_1024d__zh_char__EDGE-05400,15,13,蔒,8534,0.5250193476676941,蔒,7983,0.4931704998016357,11150,3,0,0,0,0.0001171783454417,0.2346398780159655,0,0,0,0.0001252661906551,0.2840613507937931,551,0,0,0,0,0,0
qwen3_0.6b_1024d,zh_char,EDGE-05401,ROOT-4F59,余,虫,虫,蜍,qwen3_0.6b_1024d__zh_char__EDGE-05401,16,13,蛆,24,0.8492891788482666,蛆,17,0.8332225680351257,11150,3,0,0,0,0.0416666666666666,0.9979370347116332,0,0,0,0.0588235294117647,0.9985648937124406,7,0,0,0,0,0,0
qwen3_0.6b_1024d,zh_char,EDGE-05403,ROOT-4F59,余,酉,酉,酴,qwen3_0.6b_1024d__zh_char__EDGE-05403,16,13,亥,184,0.7508517503738403,敔,151,0.7032674551010132,11150,3,0,0,0,0.0054347826086956,0.9835859718360392,0,0,0,0.0066225165562913,0.9865458785541305,33,0,0,0,0,0,0
qwen3_0.6b_1024d,zh_char,EDGE-05408,ROOT-4F59,余,飠,食,餘,qwen3_0.6b_1024d__zh_char__EDGE-05408,16,13,膳,2611,0.5528049468994141,膳,3235,0.5352941751480103,11150,3,0,0,0,0.0003829950210647,0.7658982868418692,0,0,0,0.0003091190108191,0.7099291416270517,-624,0,0,0,0,0,0
qwen3_0.6b_1024d,zh_char,EDGE-05409,ROOT-4F59,余,馬,馬,駼,qwen3_0.6b_1024d__zh_char__EDGE-05409,16,13,龍,989,0.6796377897262573,龍,1229,0.6554805040359497,11150,3,0,0,0,0.0010111223458038,0.9113821867432056,0,0,0,0.000813669650122,0.8898555924298144,-240,0,0,0,0,0,0
qwen3_0.6b_1024d,zh_char,EDGE-05721,ROOT-8FB0,辰,衤,衣,裖,qwen3_0.6b_1024d__zh_char__EDGE-05721,13,13,妝,9338,0.4574618339538574,妝,7388,0.483638197183609,11150,3,0,0,0,0.0001070893124866,0.1625257870661045,0,0,0,0.0001353546291283,0.3374293658624092,1950,0,0,0,0,0,0
qwen3_0.6b_1024d,zh_char,EDGE-05799,ROOT-8FB0,辰,亻,人,侲,qwen3_0.6b_1024d__zh_char__EDGE-05799,13,13,者,5046,0.5029963254928589,者,7181,0.4970502257347107,11150,3,0,0,0,0.0001981767736821,0.5474930487039196,0,0,0,0.0001392563709789,0.3559960534577092,-2135,0,0,0,0,0,0
qwen3_0.6b_1024d,zh_char,EDGE-05800,ROOT-8FB0,辰,口,口,唇,qwen3_0.6b_1024d__zh_char__EDGE-05800,13,13,嘴,2,0.7867434024810791,嘴,4,0.7413777112960815,11150,3,0,1,1,0.5,0.9999103058570276,0,1,1,0.25,0.9997309175710826,-2,0,0,0,0,0,0
qwen3_0.6b_1024d,zh_char,EDGE-05801,ROOT-8FB0,辰,女,女,娠,qwen3_0.6b_1024d__zh_char__EDGE-05801,13,13,婦,515,0.5533694624900818,婦,589,0.5391160845756531,11150,3,0,0,0,0.0019417475728155,0.9538972105121536,0,0,0,0.0016977928692699,0.9472598439321912,-74,0,0,0,0,0,0
qwen3_0.6b_1024d,zh_char,EDGE-05803,ROOT-8FB0,辰,扌,手,振,qwen3_0.6b_1024d__zh_char__EDGE-05803,13,13,肢,2122,0.5082442164421082,趾,3135,0.4837949573993683,11150,3,0,0,0,0.0004712535344015,0.8097587227554041,0,0,0,0.0003189792663476,0.7188985559242982,-1013,0,0,0,0,0,0
qwen3_0.6b_1024d,zh_char,EDGE-05804,ROOT-8FB0,辰,日,日,晨,qwen3_0.6b_1024d__zh_char__EDGE-05804,13,13,天,188,0.692031979560852,曜,785,0.6287768483161926,11150,3,0,0,0,0.0053191489361702,0.9832271952641491,0,0,0,0.0012738853503184,0.9296797919095884,-597,0,0,0,0,0,0
qwen3_0.6b_1024d,zh_char,EDGE-05806,ROOT-8FB0,辰,礻,示,祳,qwen3_0.6b_1024d__zh_char__EDGE-05806,13,13,式,9662,0.5001686811447144,呈,9805,0.4758290946483612,11150,3,0,0,0,0.0001034982405299,0.1334648847430263,0,0,0,0.000101988781234,0.1206386222979639,-143,0,0,0,0,0,0
qwen3_0.6b_1024d,zh_char,EDGE-05807,ROOT-8FB0,辰,肉,肉,脣,qwen3_0.6b_1024d__zh_char__EDGE-05807,13,13,畜,4431,0.5161912441253662,胊,5491,0.5031787157058716,11150,3,0,0,0,0.0002256826901376,0.6026549466319849,0,0,0,0.0001821161901293,0.5075791550811732,-1060,0,0,0,0,0,0
qwen3_0.6b_1024d,zh_char,EDGE-05809,ROOT-8FB0,辰,虫,虫,蜃,qwen3_0.6b_1024d__zh_char__EDGE-05809,13,13,蛆,297,0.6830421686172485,蛆,434,0.6409932971000671,11150,3,0,0,0,0.0033670033670033,0.9734505336801508,0,0,0,0.0023041474654377,0.9611624360929232,-137,0,0,0,0,0,0
qwen3_0.6b_1024d,zh_char,EDGE-05810,ROOT-8FB0,辰,貝,貝,賑,qwen3_0.6b_1024d__zh_char__EDGE-05810,13,13,賓,3484,0.6507852673530579,賓,3552,0.5984969735145569,11150,3,0,0,0,0.0002870264064293,0.6875953000269082,0,0,0,0.0002815315315315,0.6814960983047806,-68,0,0,0,0,0,0
qwen3_0.6b_1024d,zh_char,EDGE-05811,ROOT-8FB0,辰,雨,雨,震,qwen3_0.6b_1024d__zh_char__EDGE-05811,13,13,霪,40,0.6656782031059265,霪,45,0.6371477246284485,11150,3,0,0,0,0.025,0.996501928424074,0,0,0,0.0222222222222222,0.9960534577092116,-5,0,0,0,0,0,0
qwen3_0.6b_1024d,zh_char,EDGE-05812,ROOT-8FB0,辰,鹿,鹿,麎,qwen3_0.6b_1024d__zh_char__EDGE-05812,13,13,羊,5567,0.5606902837753296,羚,5441,0.5511436462402344,11150,3,0,0,0,0.0001796299622777,0.500762400215266,0,0,0,0.0001837897445322,0.5120638622297964,126,0,0,0,0,0,0
qwen3_0.6b_1024d,zh_char,EDGE-06206,ROOT-5360,店,扌,手,掂,qwen3_0.6b_1024d__zh_char__EDGE-06206,18,18,肢,236,0.577235758304596,握,97,0.5882174372673035,11150,3,0,0,0,0.0042372881355932,0.978921876401471,0,0,0,0.0103092783505154,0.9913893622746436,139,0,0,0,0,0,0
qwen3_0.6b_1024d,zh_char,EDGE-06207,ROOT-5360,店,忄,心,惦,qwen3_0.6b_1024d__zh_char__EDGE-06207,19,18,情,113,0.6863073110580444,情,19,0.7114158868789673,11150,3,0,0,0,0.0088495575221238,0.989954255987084,0,0,0,0.0526315789473684,0.9983855054264956,94,0,0,0,0,0,0
qwen3_4b_2560d_int8,cn_def,EDGE-00063,ROOT-219CD,賓,亻,人,儐,qwen3_4b_2560d_int8__cn_def__EDGE-00063,8,8,黠,4043,0.3382868766784668,俊,1080,0.3868845403194427,6039,3,0,0,0,0.0002473410833539,0.3305730374296124,0,0,0,0.0009259259259259,0.8212984431931103,2963,0,0,0,0,0,0
qwen3_4b_2560d_int8,cn_def,EDGE-00064,ROOT-219CD,賓,女,女,嬪,qwen3_4b_2560d_int8__cn_def__EDGE-00064,8,8,男,1485,0.458035409450531,男,990,0.4433488249778747,6039,3,0,0,0,0.0006734006734006,0.754223252732693,0,0,0,0.001010101010101,0.836204041073203,495,0,0,0,0,0,0
qwen3_4b_2560d_int8,cn_def,EDGE-00065,ROOT-219CD,賓,扌,手,擯,qwen3_4b_2560d_int8__cn_def__EDGE-00065,8,8,臂,2529,0.4004034399986267,臂,2506,0.3652579486370086,6039,3,0,0,0,0.0003954132068011,0.5813183173236172,0,0,0,0.0003990422984836,0.5851275256707519,23,0,0,0,0,0,0
qwen3_4b_2560d_int8,cn_def,EDGE-00066,ROOT-219CD,賓,木,木,檳,qwen3_4b_2560d_int8__cn_def__EDGE-00066,8,8,樹,273,0.4897549450397491,樹,518,0.4368602335453033,6039,3,0,0,0,0.0036630036630036,0.9549519708512751,0,0,0,0.0019305019305019,0.9143756210665784,-245,0,0,0,0,0,0
qwen3_4b_2560d_int8,cn_def,EDGE-00067,ROOT-219CD,賓,歹,歹,殯,qwen3_4b_2560d_int8__cn_def__EDGE-00067,8,8,壞,4059,0.413797914981842,害,4177,0.3656542599201202,6039,3,0,0,0,0.0002463661000246,0.3279231533620403,0,0,0,0.0002394062724443,0.3083802583636965,-118,0,0,0,0,0,0
qwen3_4b_2560d_int8,cn_def,EDGE-00068,ROOT-219CD,賓,氵,水,濱,qwen3_4b_2560d_int8__cn_def__EDGE-00068,8,8,鹽,495,0.503601610660553,鹽,575,0.4610061943531036,6039,3,0,0,0,0.002020202020202,0.9181848294137132,0,0,0,0.0017391304347826,0.9049354090758528,-80,0,0,0,0,0,0
qwen3_4b_2560d_int8,cn_def,EDGE-00070,ROOT-219CD,賓,糸,糸,繽,qwen3_4b_2560d_int8__cn_def__EDGE-00070,8,8,緬,2284,0.4706079959869385,緬,2852,0.4232427477836609,6039,3,0,0,0,0.0004378283712784,0.6218946671083141,0,0,0,0.0003506311360448,0.5278237827095065,-568,0,0,0,0,0,0
qwen3_4b_2560d_int8,cn_def,EDGE-00072,ROOT-219CD,賓,髟,髟,鬢,qwen3_4b_2560d_int8__cn_def__EDGE-00072,8,8,娓,74,0.5926427245140076,酊,129,0.5210103988647461,6039,3,0,0,0,0.0135135135135135,0.9879099039417024,0,0,0,0.0077519379844961,0.9788009274594236,-55,0,0,0,0,0,0
qwen3_4b_2560d_int8,cn_def,EDGE-00479,ROOT-4EA5,亥,刂,刀,刻,qwen3_4b_2560d_int8__cn_def__EDGE-00479,11,11,斧,1329,0.4857818484306335,斧,1417,0.4809205234050751,6039,3,0,0,0,0.000752445447705,0.7800596223915204,0,0,0,0.0007057163020465,0.7654852600198742,-88,0,0,0,0,0,0
qwen3_4b_2560d_int8,cn_def,EDGE-00480,ROOT-4EA5,亥,力,力,劾,qwen3_4b_2560d_int8__cn_def__EDGE-00480,11,11,動,2223,0.4479832351207733,動,1912,0.4549067318439483,6039,3,0,0,0,0.0004498425551057,0.6319973501159324,0,0,0,0.0005230125523012,0.683504471679364,311,0,0,0,0,0,0
qwen3_4b_2560d_int8,cn_def,EDGE-00481,ROOT-4EA5,亥,口,口,咳,qwen3_4b_2560d_int8__cn_def__EDGE-00481,11,11,齒,349,0.4415058493614197,舌,279,0.4383881390094757,6039,3,0,0,0,0.0028653295128939,0.942365021530308,0,0,0,0.003584229390681,0.9539582643259358,70,0,0,0,0,0,0
qwen3_4b_2560d_int8,cn_def,EDGE-00482,ROOT-4EA5,亥,土,土,垓,qwen3_4b_2560d_int8__cn_def__EDGE-00482,11,11,泥,1185,0.3945041000843048,泥,1147,0.3828385472297668,6039,3,0,0,0,0.00084388185654,0.8039085789996687,0,0,0,0.000871839581517,0.8102020536601524,38,0,0,0,0,0,0
qwen3_4b_2560d_int8,cn_def,EDGE-00483,ROOT-4EA5,亥,子,子,孩,qwen3_4b_2560d_int8__cn_def__EDGE-00483,11,11,甲,2380,0.4019286632537842,甲,2342,0.3901738822460174,6039,3,0,0,0,0.0004201680672268,0.6059953627028818,0,0,0,0.0004269854824935,0.6122888373633654,38,0,0,0,0,0,0
qwen3_4b_2560d_int8,cn_def,EDGE-00484,ROOT-4EA5,亥,木,木,核,qwen3_4b_2560d_int8__cn_def__EDGE-00484,11,11,樹,201,0.5063313841819763,樹,276,0.479915589094162,6039,3,0,0,0,0.0049751243781094,0.9668764491553494,0,0,0,0.0036231884057971,0.9544551175886056,-75,0,0,0,0,0,0
qwen3_4b_2560d_int8,cn_def,EDGE-00485,ROOT-4EA5,亥,欠,欠,欬,qwen3_4b_2560d_int8__cn_def__EDGE-00485,11,11,哈,411,0.5212899446487427,哈,140,0.5376936793327332,6039,3,0,0,0,0.0024330900243309,0.9320967207684664,0,0,0,0.0071428571428571,0.9769791321629678,271,0,0,0,0,0,0
qwen3_4b_2560d_int8,cn_def,EDGE-00489,ROOT-4EA5,亥,言,言,該,qwen3_4b_2560d_int8__cn_def__EDGE-00489,11,11,講,146,0.6209827661514282,講,121,0.6085798144340515,6039,3,0,0,0,0.0068493150684931,0.9759854256376284,0,0,0,0.0082644628099173,0.9801258694932096,25,0,0,0,0,0,0
qwen3_4b_2560d_int8,cn_def,EDGE-00490,ROOT-4EA5,亥,門,門,閡,qwen3_4b_2560d_int8__cn_def__EDGE-00490,11,11,栓,105,0.525073230266571,戶,48,0.5268808603286743,6039,3,0,0,0,0.0095238095238095,0.9827757535607816,0,0,0,0.0208333333333333,0.9922159655515072,57,0,0,0,0,0,0
qwen3_4b_2560d_int8,cn_def,EDGE-00492,ROOT-4EA5,亥,頁,頁,頦,qwen3_4b_2560d_int8__cn_def__EDGE-00492,11,11,票,3444,0.4185359179973602,票,3011,0.4052751660346985,6039,3,0,0,0,0.0002903600464576,0.4297780722093408,0,0,0,0.0003321155762205,0.5014905597880093,433,0,0,0,0,0,0
qwen3_4b_2560d_int8,cn_def,EDGE-00493,ROOT-4EA5,亥,馬,馬,駭,qwen3_4b_2560d_int8__cn_def__EDGE-00493,11,11,犀,1420,0.3989558815956116,犀,657,0.4190174639225006,6039,3,0,0,0,0.0007042253521126,0.7649884067572044,0,0,0,0.0015220700152207,0.8913547532295462,763,0,0,0,0,0,0
qwen3_4b_2560d_int8,cn_def,EDGE-00494,ROOT-4EA5,亥,骨,骨,骸,qwen3_4b_2560d_int8__cn_def__EDGE-00494,11,11,蓓,834,0.4468289613723755,蓓,1974,0.3977039456367492,6039,3,0,0,0,0.001199040767386,0.8620404107320305,0,0,0,0.0005065856129685,0.6732361709175223,-1140,0,0,0,0,0,0
qwen3_4b_2560d_int8,cn_def,EDGE-00747,ROOT-5143,元,氵,水,沅,qwen3_4b_2560d_int8__cn_def__EDGE-00747,6,6,鹽,2277,0.4354956448078155,鹽,1366,0.4197275936603546,6039,3,0,0,0,0.0004391743522178,0.6230539913878768,0,0,0,0.0007320644216691,0.77393176548526,911,0,0,0,0,0,0
qwen3_4b_2560d_int8,cn_def,EDGE-00748,ROOT-5143,元,王,玉,玩,qwen3_4b_2560d_int8__cn_def__EDGE-00748,7,6,鈺,3668,0.3598876297473907,鈺,4463,0.2965401709079742,6039,3,0,0,0,0.0002726281352235,0.3926796952633322,0,0,0,0.0002240645305848,0.2610135806558463,-795,0,0,0,0,0,0
qwen3_4b_2560d_int8,cn_def,EDGE-00749,ROOT-5143,元,習,習,翫,qwen3_4b_2560d_int8__cn_def__EDGE-00749,7,6,又,1648,0.4458001554012298,又,970,0.4288162291049957,6039,3,0,0,0,0.0006067961165048,0.7272275587943027,0,0,0,0.0010309278350515,0.8395163961576682,678,0,0,0,0,0,0
qwen3_4b_2560d_int8,cn_def,EDGE-00754,ROOT-5143,元,頁,頁,頑,qwen3_4b_2560d_int8__cn_def__EDGE-00754,7,6,票,2185,0.4540643692016601,票,4036,0.3607595264911651,6039,3,0,0,0,0.0004576659038901,0.6382908247764161,0,0,0,0.0002477700693756,0.3317323617091752,-1851,0,0,0,0,0,0
qwen3_4b_2560d_int8,cn_def,EDGE-00755,ROOT-5143,元,黽,黽,黿,qwen3_4b_2560d_int8__cn_def__EDGE-00755,7,6,懨,5888,0.2730620205402374,懨,5715,0.2484315931797027,6039,3,0,0,0,0.0001698369565217,0.0250082808877111,0,0,0,0.000174978127734,0.0536601523683338,173,0,0,0,0,0,0
qwen3_4b_2560d_int8,cn_def,EDGE-00807,ROOT-5303,曷,亻,人,偈,qwen3_4b_2560d_int8__cn_def__EDGE-00807,13,13,黠,3397,0.3529611527919769,黠,2529,0.3798201084136963,6039,3,0,0,0,0.0002943773918163,0.4375621066578337,0,0,0,0.0003954132068011,0.5813183173236172,868,0,0,0,0,0,0
qwen3_4b_2560d_int8,cn_def,EDGE-00808,ROOT-5303,曷,口,口,喝,qwen3_4b_2560d_int8__cn_def__EDGE-00808,13,13,齒,66,0.5167023539543152,胃,135,0.4856129288673401,6039,3,0,0,0,0.0151515151515151,0.9892348459754886,0,0,0,0.0074074074074074,0.977807220934084,-69,0,0,0,0,0,0
qwen3_4b_2560d_int8,cn_def,EDGE-00810,ROOT-5303,曷,忄,心,愒,qwen3_4b_2560d_int8__cn_def__EDGE-00810,13,13,肓,1508,0.3496076464653015,膛,316,0.4067580997943878,6039,3,0,0,0,0.0006631299734748,0.7504140443855581,0,0,0,0.0031645569620253,0.9478304074196754,1192,0,0,0,0,0,0
qwen3_4b_2560d_int8,cn_def,EDGE-00811,ROOT-5303,曷,扌,手,揭,qwen3_4b_2560d_int8__cn_def__EDGE-00811,13,13,臂,107,0.5407179594039917,臂,81,0.5508631467819214,6039,3,0,0,0,0.0093457943925233,0.9824445180523352,0,0,0,0.0123456790123456,0.9867505796621396,26,0,0,0,0,0,0
qwen3_4b_2560d_int8,cn_def,EDGE-00815,ROOT-5303,曷,欠,欠,歇,qwen3_4b_2560d_int8__cn_def__EDGE-00815,13,13,哈,14,0.641165018081665,哈,11,0.6318954229354858,6039,3,0,0,0,0.0714285714285714,0.9978469691950976,0,0,0,0.0909090909090909,0.9983438224577674,3,0,0,0,0,0,0
qwen3_4b_2560d_int8,cn_def,EDGE-00817,ROOT-5303,曷,氵,水,渴,qwen3_4b_2560d_int8__cn_def__EDGE-00817,13,13,鹽,865,0.4805868864059448,鹽,1538,0.4645716249942779,6039,3,0,0,0,0.0011560693641618,0.8569062603511096,0,0,0,0.0006501950585175,0.7454455117588605,-673,0,0,0,0,0,0
qwen3_4b_2560d_int8,cn_def,EDGE-00819,ROOT-5303,曷,石,石,碣,qwen3_4b_2560d_int8__cn_def__EDGE-00819,13,13,合,4779,0.3637809753417969,合,5206,0.3360456228256225,6039,3,0,0,0,0.0002092487968194,0.2086783703212984,0,0,0,0.0001920860545524,0.1379595892679694,-427,0,0,0,0,0,0
qwen3_4b_2560d_int8,cn_def,EDGE-00821,ROOT-5303,曷,立,立,竭,qwen3_4b_2560d_int8__cn_def__EDGE-00821,13,13,挺,3411,0.3852953314781189,挺,2789,0.3964832425117492,6039,3,0,0,0,0.0002931691586045,0.4352434580987082,0,0,0,0.0003585514521333,0.5382577012255714,622,0,0,0,0,0,0
qwen3_4b_2560d_int8,cn_def,EDGE-00822,ROOT-5303,曷,羊,羊,羯,qwen3_4b_2560d_int8__cn_def__EDGE-00822,13,13,祥,2709,0.3258583545684814,祥,2724,0.3118671774864197,6039,3,0,0,0,0.0003691399040236,0.5515071215634316,0,0,0,0.000367107195301,0.5490228552500829,-15,0,0,0,0,0,0
qwen3_4b_2560d_int8,cn_def,EDGE-00827,ROOT-5303,曷,衤,衣,褐,qwen3_4b_2560d_int8__cn_def__EDGE-00827,13,13,襖,192,0.547684907913208,襖,166,0.5501236319541931,6039,3,0,0,0,0.0052083333333333,0.9683670089433588,0,0,0,0.0060240963855421,0.9726730705531632,26,0,0,0,0,0,0
qwen3_4b_2560d_int8,cn_def,EDGE-00828,ROOT-5303,曷,言,言,謁,qwen3_4b_2560d_int8__cn_def__EDGE-00828,13,13,講,1062,0.5486661791801453,講,1073,0.55443274974823,6039,3,0,0,0,0.0009416195856873,0.8242795627691288,0,0,0,0.0009319664492078,0.8224577674726731,-11,0,0,0,0,0,0
qwen3_4b_2560d_int8,cn_def,EDGE-02217,ROOT-572D,圭,亻,人,佳,qwen3_4b_2560d_int8__cn_def__EDGE-02217,15,15,黠,1505,0.3933770954608917,黠,1933,0.3911576569080353,6039,3,0,0,0,0.0006644518272425,0.7509108976482279,0,0,0,0.0005173305742369,0.6800264988406757,-428,0,0,0,0,0,0
qwen3_4b_2560d_int8,cn_def,EDGE-02219,ROOT-572D,圭,卜,卜,卦,qwen3_4b_2560d_int8__cn_def__EDGE-02219,15,15,兆,4,0.6280449628829956,兆,4,0.6045703887939453,6039,3,0,1,1,0.25,0.9995031467373302,0,1,1,0.25,0.9995031467373302,0,0,0,0,0,0,0
qwen3_4b_2560d_int8,cn_def,EDGE-02226,ROOT-572D,圭,口,口,哇,qwen3_4b_2560d_int8__cn_def__EDGE-02226,15,15,齒,1625,0.3741513788700104,胃,1317,0.3901942670345306,6039,3,0,0,0,0.0006153846153846,0.7310367671414375,0,0,0,0.0007593014426727,0.7820470354421994,308,0,0,0,0,0,0
qwen3_4b_2560d_int8,cn_def,EDGE-02227,ROOT-572D,圭,大,大,奎,qwen3_4b_2560d_int8__cn_def__EDGE-02227,15,15,小,5382,0.3209573030471802,小,5424,0.3019691407680511,6039,3,0,0,0,0.0001858045336306,0.108810864524677,0,0,0,0.0001843657817109,0.1018549188473004,-42,0,0,0,0,0,0
qwen3_4b_2560d_int8,cn_def,EDGE-02229,ROOT-572D,圭,女,女,娃,qwen3_4b_2560d_int8__cn_def__EDGE-02229,15,15,男,1723,0.4505871534347534,男,1387,0.4467276632785797,6039,3,0,0,0,0.0005803830528148,0.7148062272275588,0,0,0,0.0007209805335255,0.7704537926465718,336,0,0,0,0,0,0
qwen3_4b_2560d_int8,cn_def,EDGE-02230,ROOT-572D,圭,心,心,恚,qwen3_4b_2560d_int8__cn_def__EDGE-02230,15,15,肓,1233,0.3563515543937683,膛,1484,0.3433152139186859,6039,3,0,0,0,0.0008110300081103,0.7959589267969527,0,0,0,0.0006738544474393,0.7543888704869162,-251,0,0,0,0,0,0
qwen3_4b_2560d_int8,cn_def,EDGE-02232,ROOT-572D,圭,木,木,桂,qwen3_4b_2560d_int8__cn_def__EDGE-02232,15,15,樹,204,0.5054121017456055,樹,176,0.5079135894775391,6039,3,0,0,0,0.0049019607843137,0.9663795958926796,0,0,0,0.0056818181818181,0.9710168930109307,28,0,0,0,0,0,0
qwen3_4b_2560d_int8,cn_def,EDGE-02236,ROOT-572D,圭,王,玉,珪,qwen3_4b_2560d_int8__cn_def__EDGE-02236,15,15,鈺,4363,0.3414522409439087,鈺,4103,0.3460237383842468,6039,3,0,0,0,0.00022920009168,0.2775753560781716,0,0,0,0.0002437241043139,0.3206359721762173,260,0,0,0,0,0,0
qwen3_4b_2560d_int8,cn_def,EDGE-02237,ROOT-572D,圭,田,田,畦,qwen3_4b_2560d_int8__cn_def__EDGE-02237,15,15,墾,14,0.6676969528198242,墾,10,0.6684038639068604,6039,3,0,0,0,0.0714285714285714,0.9978469691950976,0,0,1,0.1,0.9985094402119908,4,0,0,0,0,1,0
qwen3_4b_2560d_int8,cn_def,EDGE-02243,ROOT-572D,圭,虫,虫,蛙,qwen3_4b_2560d_int8__cn_def__EDGE-02243,15,15,虺,26,0.5006923079490662,虺,139,0.4417767226696014,6039,3,0,0,0,0.0384615384615384,0.9958595561444188,0,0,0,0.0071942446043165,0.9771447499171912,-113,0,0,0,0,0,0
qwen3_4b_2560d_int8,cn_def,EDGE-02244,ROOT-572D,圭,行,行,街,qwen3_4b_2560d_int8__cn_def__EDGE-02244,15,15,隊,4711,0.3676944673061371,隊,4831,0.3409244418144226,6039,3,0,0,0,0.0002122691572914,0.2199403776084796,0,0,0,0.0002069964810598,0.2000662471016893,-120,0,0,0,0,0,0
qwen3_4b_2560d_int8,cn_def,EDGE-02248,ROOT-572D,圭,門,門,閨,qwen3_4b_2560d_int8__cn_def__EDGE-02248,15,15,栓,2355,0.3962495028972626,戶,2905,0.3778562843799591,6039,3,0,0,0,0.0004246284501061,0.610135806558463,0,0,0,0.0003442340791738,0.5190460417356741,-550,0,0,0,0,0,0
qwen3_4b_2560d_int8,cn_def,EDGE-02249,ROOT-572D,圭,革,革,鞋,qwen3_4b_2560d_int8__cn_def__EDGE-02249,15,15,韋,804,0.4090421795845032,韋,2009,0.3743321597576141,6039,3,0,0,0,0.0012437810945273,0.867008943358728,0,0,0,0.0004977600796416,0.6674395495197085,-1205,0,0,0,0,0,0
qwen3_4b_2560d_int8,cn_def,EDGE-02266,ROOT-582F,堯,亻,人,僥,qwen3_4b_2560d_int8__cn_def__EDGE-02266,12,12,黠,4817,0.3171064555644989,黠,3120,0.3571895062923431,6039,3,0,0,0,0.0002075980900975,0.2023848956608148,0,0,0,0.0003205128205128,0.4834382245776747,1697,0,0,0,0,0,0
qwen3_4b_2560d_int8,cn_def,EDGE-02268,ROOT-582F,堯,女,女,嬈,qwen3_4b_2560d_int8__cn_def__EDGE-02268,12,12,男,1982,0.4430873692035675,男,2719,0.417062759399414,6039,3,0,0,0,0.0005045408678102,0.6719112288837363,0,0,0,0.0003677822728944,0.549850944021199,-737,0,0,0,0,0,0
qwen3_4b_2560d_int8,cn_def,EDGE-02270,ROOT-582F,堯,扌,手,撓,qwen3_4b_2560d_int8__cn_def__EDGE-02270,12,12,臂,2817,0.3945395350456238,臂,1078,0.4312626719474792,6039,3,0,0,0,0.0003549875754348,0.5336204041073203,0,0,0,0.0009276437847866,0.8216296787015568,1739,0,0,0,0,0,0
qwen3_4b_2560d_int8,cn_def,EDGE-02271,ROOT-582F,堯,日,日,曉,qwen3_4b_2560d_int8__cn_def__EDGE-02271,12,12,景,39,0.6016649603843689,景,57,0.5911460518836975,6039,3,0,0,0,0.0256410256410256,0.9937065253395164,0,0,0,0.0175438596491228,0.990725405763498,-18,0,0,0,0,0,0
qwen3_4b_2560d_int8,cn_def,EDGE-02272,ROOT-582F,堯,木,木,橈,qwen3_4b_2560d_int8__cn_def__EDGE-02272,12,12,樹,3317,0.379873514175415,樹,4299,0.3547709882259369,6039,3,0,0,0,0.0003014772384684,0.4508115269956939,0,0,0,0.0002326122354035,0.2881748923484597,-982,0,0,0,0,0,0
qwen3_4b_2560d_int8,cn_def,EDGE-02273,ROOT-582F,堯,氵,水,澆,qwen3_4b_2560d_int8__cn_def__EDGE-02273,12,12,鹽,200,0.5340479612350464,鹽,299,0.5257261991500854,6039,3,0,0,0,0.005,0.9670420669095728,0,0,0,0.0033444816053511,0.9506459092414709,-99,0,0,0,0,0,0
qwen3_4b_2560d_int8,cn_def,EDGE-02274,ROOT-582F,堯,火,火,燒,qwen3_4b_2560d_int8__cn_def__EDGE-02274,12,12,燄,8,0.7146670818328857,焰,5,0.7157976031303406,6039,3,0,0,1,0.125,0.9988406757204372,0,1,1,0.2,0.999337528983107,3,0,0,1,0,0,0
qwen3_4b_2560d_int8,cn_def,EDGE-02277,ROOT-582F,堯,糸,糸,繞,qwen3_4b_2560d_int8__cn_def__EDGE-02277,12,12,緬,35,0.6527659893035889,緬,15,0.6608867049217224,6039,3,0,0,0,0.0285714285714285,0.9943689963564094,0,0,0,0.0666666666666666,0.9976813514408744,20,0,0,0,0,0,0
qwen3_4b_2560d_int8,cn_def,EDGE-02278,ROOT-582F,堯,羽,羽,翹,qwen3_4b_2560d_int8__cn_def__EDGE-02278,12,12,毳,1917,0.4203199446201324,毳,1510,0.4307346642017364,6039,3,0,0,0,0.0005216484089723,0.6826763829082478,0,0,0,0.0006622516556291,0.7500828088771117,407,0,0,0,0,0,0
qwen3_4b_2560d_int8,cn_def,EDGE-02281,ROOT-582F,堯,虫,虫,蟯,qwen3_4b_2560d_int8__cn_def__EDGE-02281,12,12,虺,89,0.4664070010185241,虺,3242,0.3557123839855194,6039,3,0,0,0,0.0112359550561797,0.9854256376283538,0,0,0,0.000308451573103,0.4632328585624379,-3153,0,0,0,0,0,0
qwen3_4b_2560d_int8,cn_def,EDGE-02285,ROOT-582F,堯,釒,金,鐃,qwen3_4b_2560d_int8__cn_def__EDGE-02285,12,12,銀,5655,0.288106620311737,銀,5203,0.3134441077709198,6039,3,0,0,0,0.0001768346595932,0.0635972176217291,0,0,0,0.0001921968095329,0.1384564425306392,452,0,0,0,0,0,0
qwen3_4b_2560d_int8,cn_def,EDGE-02287,ROOT-582F,堯,飠,食,饒,qwen3_4b_2560d_int8__cn_def__EDGE-02287,12,12,餔,2268,0.5138987898826599,啖,1669,0.5242125391960144,6039,3,0,0,0,0.0004409171075837,0.624544551175886,0,0,0,0.0005991611743559,0.7237495859556144,599,0,0,0,0,0,0
qwen3_4b_2560d_int8,cn_def,EDGE-02288,ROOT-582F,堯,馬,馬,驍,qwen3_4b_2560d_int8__cn_def__EDGE-02288,12,12,犀,4233,0.3393044173717499,犀,3612,0.3588683903217315,6039,3,0,0,0,0.0002362390739428,0.2991056641271944,0,0,0,0.0002768549280177,0.4019542894998343,621,0,0,0,0,0,0
qwen3_4b_2560d_int8,cn_def,EDGE-03014,ROOT-382F,台,女,女,始,qwen3_4b_2560d_int8__cn_def__EDGE-03014,14,13,男,4320,0.3842539191246032,男,4229,0.3480814695358276,6039,3,0,0,0,0.0002314814814814,0.2846969195097715,0,0,0,0.0002364625206904,0.2997681351440874,91,0,0,0,0,0,0
qwen3_4b_2560d_int8,cn_def,EDGE-03015,ROOT-382F,台,心,心,怠,qwen3_4b_2560d_int8__cn_def__EDGE-03015,14,13,肓,2175,0.336155354976654,肓,948,0.3876669108867645,6039,3,0,0,0,0.0004597701149425,0.6399470023186485,0,0,0,0.0010548523206751,0.8431599867505797,1227,0,0,0,0,0,0
qwen3_4b_2560d_int8,cn_def,EDGE-03016,ROOT-382F,台,忄,心,怡,qwen3_4b_2560d_int8__cn_def__EDGE-03016,14,13,肓,4926,0.2866724729537964,肓,3983,0.3282102942466736,6039,3,0,0,0,0.0002030044660982,0.1843325604504803,0,0,0,0.0002510670348983,0.3405101026830076,943,0,0,0,0,0,0
qwen3_4b_2560d_int8,cn_def,EDGE-03018,ROOT-382F,台,歹,歹,殆,qwen3_4b_2560d_int8__cn_def__EDGE-03018,14,13,壞,98,0.6175843477249146,獠,196,0.5786545872688293,6039,3,0,0,0,0.010204081632653,0.9839350778403444,0,0,0,0.0051020408163265,0.9677045379264656,-98,0,0,0,0,0,0
qwen3_4b_2560d_int8,cn_def,EDGE-03019,ROOT-382F,台,氵,水,治,qwen3_4b_2560d_int8__cn_def__EDGE-03019,14,13,鹽,2505,0.4308910369873047,鹽,2452,0.4316952228546142,6039,3,0,0,0,0.0003992015968063,0.5852931434249752,0,0,0,0.0004078303425774,0.5940708843988076,53,0,0,0,0,0,0
qwen3_4b_2560d_int8,cn_def,EDGE-03023,ROOT-382F,台,竹,竹,笞,qwen3_4b_2560d_int8__cn_def__EDGE-03023,14,13,藤,2444,0.305512934923172,藤,2749,0.3090246915817261,6039,3,0,0,0,0.0004091653027823,0.5953958264325936,0,0,0,0.0003637686431429,0.5448824113945014,-305,0,0,0,0,0,0
qwen3_4b_2560d_int8,cn_def,EDGE-03024,ROOT-382F,台,糸,糸,紿,qwen3_4b_2560d_int8__cn_def__EDGE-03024,14,13,緬,3703,0.4346587657928467,緬,2425,0.4631146490573883,6039,3,0,0,0,0.0002700513097488,0.3868830738655183,0,0,0,0.0004123711340206,0.5985425637628354,1278,0,0,0,0,0,0
qwen3_4b_2560d_int8,cn_def,EDGE-03025,ROOT-382F,台,肉,肉,胎,qwen3_4b_2560d_int8__cn_def__EDGE-03025,14,13,腱,443,0.413566529750824,腱,1552,0.3650846779346466,6039,3,0,0,0,0.0022573363431151,0.9267969526333224,0,0,0,0.0006443298969072,0.743126863199735,-1109,0,0,0,0,0,0
qwen3_4b_2560d_int8,cn_def,EDGE-03028,ROOT-382F,台,貝,貝,貽,qwen3_4b_2560d_int8__cn_def__EDGE-03028,14,13,蚌,1852,0.3265740275382995,蛤,1280,0.3412026166915893,6039,3,0,0,0,0.0005399568034557,0.6934415369327591,0,0,0,0.00078125,0.7881748923484597,572,0,0,0,0,0,0
qwen3_4b_2560d_int8,cn_def,EDGE-03031,ROOT-382F,台,風,風,颱,qwen3_4b_2560d_int8__cn_def__EDGE-03031,14,13,波,299,0.5298715829849243,颭,794,0.4997538924217224,6039,3,0,0,0,0.0033444816053511,0.9506459092414709,0,0,0,0.0012594458438287,0.8686651209009606,-495,0,0,0,0,0,0
qwen3_4b_2560d_int8,cn_def,EDGE-03032,ROOT-382F,台,飠,食,飴,qwen3_4b_2560d_int8__cn_def__EDGE-03032,14,13,餔,1836,0.5242874026298523,餔,3485,0.4776543378829956,6039,3,0,0,0,0.0005446623093681,0.6960914210003313,0,0,0,0.000286944045911,0.4229877442861874,-1649,0,0,0,0,0,0
qwen3_4b_2560d_int8,cn_def,EDGE-03033,ROOT-382F,台,馬,馬,駘,qwen3_4b_2560d_int8__cn_def__EDGE-03033,14,13,犀,1700,0.3925867974758148,犀,1159,0.4151358902454376,6039,3,0,0,0,0.0005882352941176,0.7186154355746937,0,0,0,0.0008628127696289,0.8082146406094733,541,0,0,0,0,0,0
qwen3_4b_2560d_int8,cn_def,EDGE-03085,ROOT-5E1D,帝,口,口,啻,qwen3_4b_2560d_int8__cn_def__EDGE-03085,3,3,齒,4034,0.3221978545188904,胃,3710,0.2633713781833648,6039,3,0,0,0,0.0002478929102627,0.3320635972176217,0,0,0,0.0002695417789757,0.3857237495859555,324,0,0,0,0,0,0
qwen3_4b_2560d_int8,cn_def,EDGE-03087,ROOT-5E1D,帝,口,口,啼,qwen3_4b_2560d_int8__cn_def__EDGE-03087,3,3,齒,3185,0.3394214212894439,胃,4506,0.2449737638235092,6039,3,0,0,0,0.0003139717425431,0.4726730705531633,0,0,0,0.0002219263204616,0.2538920172242465,-1321,0,0,0,0,0,0
qwen3_4b_2560d_int8,cn_def,EDGE-03089,ROOT-5E1D,帝,糸,糸,締,qwen3_4b_2560d_int8__cn_def__EDGE-03089,4,3,緬,1032,0.5072674751281738,緬,1577,0.4036295711994171,6039,3,0,0,0,0.000968992248062,0.8292480953958264,0,0,0,0.0006341154090044,0.7389864193441538,-545,0,0,0,0,0,0
qwen3_4b_2560d_int8,cn_def,EDGE-03091,ROOT-5E1D,帝,言,言,諦,qwen3_4b_2560d_int8__cn_def__EDGE-03091,4,3,講,357,0.5909507870674133,講,681,0.5102274417877197,6039,3,0,0,0,0.0028011204481792,0.941040079496522,0,0,0,0.0014684287812041,0.8873799271281881,-324,0,0,0,0,0,0
qwen3_4b_2560d_int8,cn_def,EDGE-03092,ROOT-5E1D,帝,𧾷,足,蹄,qwen3_4b_2560d_int8__cn_def__EDGE-03092,4,3,忒,4382,0.3816548585891723,忒,5189,0.2550294101238251,6039,3,0,0,0,0.0002282062984938,0.2744286187479298,0,0,0,0.0001927153594141,0.1407750910897648,-807,0,0,0,0,0,0
qwen3_4b_2560d_int8,cn_def,EDGE-03943,ROOT-67EC,闌,木,木,欄,qwen3_4b_2560d_int8__cn_def__EDGE-03943,16,14,樹,1981,0.407634437084198,樹,2808,0.3999642133712768,6039,3,0,0,0,0.000504795557799,0.6720768466379596,0,0,0,0.0003561253561253,0.5351109638953295,-827,0,0,0,0,0,0
qwen3_4b_2560d_int8,cn_def,EDGE-03944,ROOT-67EC,闌,氵,水,瀾,qwen3_4b_2560d_int8__cn_def__EDGE-03944,16,14,鹽,5219,0.3528128862380981,鹽,5477,0.3410668969154358,6039,3,0,0,0,0.0001916075876604,0.1358065584630672,0,0,0,0.0001825817053131,0.093077177873468,-258,0,0,0,0,0,0
qwen3_4b_2560d_int8,cn_def,EDGE-03945,ROOT-67EC,闌,火,火,爛,qwen3_4b_2560d_int8__cn_def__EDGE-03945,16,14,燄,178,0.5217077732086182,燄,235,0.5131312012672424,6039,3,0,0,0,0.0056179775280898,0.9706856575024844,0,0,0,0.0042553191489361,0.9612454455117588,-57,0,0,0,0,0,0
qwen3_4b_2560d_int8,cn_def,EDGE-04481,ROOT-9752,青,亻,人,倩,qwen3_4b_2560d_int8__cn_def__EDGE-04481,11,11,黠,5139,0.3056988418102264,黠,4699,0.2725115716457367,6039,3,0,0,0,0.0001945903872348,0.1490559788009274,0,0,0,0.0002128112364332,0.2219277906591586,440,0,0,0,0,0,0
qwen3_4b_2560d_int8,cn_def,EDGE-04485,ROOT-9752,青,忄,心,情,qwen3_4b_2560d_int8__cn_def__EDGE-04485,11,11,肓,1752,0.3443816006183624,肓,764,0.3555174171924591,6039,3,0,0,0,0.0005707762557077,0.7100033123550844,0,0,0,0.0013089005235602,0.8736336535276582,988,0,0,0,0,0,0
qwen3_4b_2560d_int8,cn_def,EDGE-04486,ROOT-9752,青,日,日,晴,qwen3_4b_2560d_int8__cn_def__EDGE-04486,11,11,景,28,0.615877628326416,景,9,0.6207258105278015,6039,3,0,0,0,0.0357142857142857,0.9955283206359722,0,0,1,0.1111111111111111,0.998675057966214,19,0,0,0,0,1,0
qwen3_4b_2560d_int8,cn_def,EDGE-04487,ROOT-9752,青,犭,犬,猜,qwen3_4b_2560d_int8__cn_def__EDGE-04487,11,11,吠,2087,0.4001733064651489,吠,1817,0.3969956934452057,6039,3,0,0,0,0.0004791566842357,0.6545213646902948,0,0,0,0.0005503577325261,0.699238158330573,270,0,0,0,0,0,0
qwen3_4b_2560d_int8,cn_def,EDGE-04488,ROOT-9752,青,目,目,睛,qwen3_4b_2560d_int8__cn_def__EDGE-04488,11,11,睛,1,0.8920071125030518,睛,1,0.8319222927093506,6039,3,1,1,1,1.0,1.0,1,1,1,1.0,1.0,0,0,0,0,0,0,0
qwen3_4b_2560d_int8,cn_def,EDGE-04489,ROOT-9752,青,米,米,精,qwen3_4b_2560d_int8__cn_def__EDGE-04489,11,11,糠,581,0.4639845490455627,糠,204,0.4722917079925537,6039,3,0,0,0,0.0017211703958691,0.9039417025505134,0,0,0,0.0049019607843137,0.9663795958926796,377,0,0,0,0,0,0
qwen3_4b_2560d_int8,cn_def,EDGE-04492,ROOT-9752,青,虫,虫,蜻,qwen3_4b_2560d_int8__cn_def__EDGE-04492,11,11,虺,1150,0.404227077960968,虺,2053,0.368388831615448,6039,3,0,0,0,0.0008695652173913,0.8097052003974826,0,0,0,0.0004870920603994,0.6601523683338855,-903,0,0,0,0,0,0
qwen3_4b_2560d_int8,cn_def,EDGE-04493,ROOT-9752,青,言,言,請,qwen3_4b_2560d_int8__cn_def__EDGE-04493,11,11,講,3536,0.4532853364944458,講,3224,0.4365538954734802,6039,3,0,0,0,0.0002828054298642,0.4145412388208016,0,0,0,0.0003101736972704,0.4662139781384564,312,0,0,0,0,0,0
qwen3_4b_2560d_int8,cn_def,EDGE-04495,ROOT-9752,青,立,立,靖,qwen3_4b_2560d_int8__cn_def__EDGE-04495,11,11,挺,5085,0.33064866065979,挺,4700,0.3270537257194519,6039,3,0,0,0,0.0001966568338249,0.1579993375289831,0,0,0,0.0002127659574468,0.2217621729049353,385,0,0,0,0,0,0
qwen3_4b_2560d_int8,cn_def,EDGE-04496,ROOT-9752,青,見,見,靚,qwen3_4b_2560d_int8__cn_def__EDGE-04496,11,11,盼,1851,0.4789967834949493,盼,870,0.5063590407371521,6039,3,0,0,0,0.0005402485143165,0.6936071546869824,0,0,0,0.0011494252873563,0.8560781715799934,981,0,0,0,0,0,0
qwen3_4b_2560d_int8,cn_def,EDGE-04497,ROOT-9752,青,爭,爭,靜,qwen3_4b_2560d_int8__cn_def__EDGE-04497,11,11,賽,1245,0.5318031311035156,競,1303,0.4905295670032501,6039,3,0,0,0,0.0008032128514056,0.7939715137462736,0,0,0,0.0007674597083653,0.7843656840013249,-58,0,0,0,0,0,0
qwen3_4b_2560d_int8,cn_def,EDGE-04498,ROOT-9752,青,魚,魚,鯖,qwen3_4b_2560d_int8__cn_def__EDGE-04498,11,11,蛙,320,0.4916030764579773,蛙,355,0.4773253798484802,6039,3,0,0,0,0.003125,0.9471679364027824,0,0,0,0.0028169014084507,0.9413713150049684,-35,0,0,0,0,0,0
qwen3_4b_2560d_int8,cn_def,EDGE-05389,ROOT-4F59,余,氵,水,涂,qwen3_4b_2560d_int8__cn_def__EDGE-05389,6,6,鹽,5513,0.3376070261001587,鹽,5308,0.3263546824455261,6039,3,0,0,0,0.0001813894431344,0.0871149387214309,0,0,0,0.0001883948756593,0.1210665783371977,205,0,0,0,0,0,0
qwen3_4b_2560d_int8,cn_def,EDGE-05391,ROOT-4F59,余,彳,彳,徐,qwen3_4b_2560d_int8__cn_def__EDGE-05391,6,6,亍,419,0.5058106184005737,亍,533,0.449987530708313,6039,3,0,0,0,0.0023866348448687,0.9307717787346804,0,0,0,0.0018761726078799,0.9118913547532296,-114,0,0,0,0,0,0
qwen3_4b_2560d_int8,cn_def,EDGE-05394,ROOT-4F59,余,斗,斗,斜,qwen3_4b_2560d_int8__cn_def__EDGE-05394,6,6,樽,3812,0.3722001016139984,樽,3455,0.3890537917613983,6039,3,0,0,0,0.0002623294858342,0.3688307386551838,0,0,0,0.0002894356005788,0.427956276912885,357,0,0,0,0,0,0
qwen3_4b_2560d_int8,cn_def,EDGE-05396,ROOT-4F59,余,田,田,畬,qwen3_4b_2560d_int8__cn_def__EDGE-05396,6,6,墾,19,0.6565566062927246,墾,12,0.6420542001724243,6039,3,0,0,0,0.0526315789473684,0.9970188804239816,0,0,0,0.0833333333333333,0.9981782047035442,7,0,0,0,0,0,0
qwen3_4b_2560d_int8,cn_def,EDGE-05401,ROOT-4F59,余,虫,虫,蜍,qwen3_4b_2560d_int8__cn_def__EDGE-05401,6,6,虺,57,0.4778441488742828,虺,106,0.4532630145549774,6039,3,0,0,0,0.0175438596491228,0.990725405763498,0,0,0,0.0094339622641509,0.9826101358065584,-49,0,0,0,0,0,0
qwen3_4b_2560d_int8,cn_def,EDGE-05408,ROOT-4F59,余,飠,食,餘,qwen3_4b_2560d_int8__cn_def__EDGE-05408,6,6,餔,2068,0.5186588168144226,餔,1965,0.521101713180542,6039,3,0,0,0,0.0004835589941972,0.6576681020205366,0,0,0,0.0005089058524173,0.6747267307055316,103,0,0,0,0,0,0
qwen3_4b_2560d_int8,cn_def,EDGE-05801,ROOT-8FB0,辰,女,女,娠,qwen3_4b_2560d_int8__cn_def__EDGE-05801,6,6,男,995,0.4736385941505432,男,1575,0.464689552783966,6039,3,0,0,0,0.0010050251256281,0.8353759523020867,0,0,0,0.0006349206349206,0.7393176548526001,-580,0,0,0,0,0,0
qwen3_4b_2560d_int8,cn_def,EDGE-05803,ROOT-8FB0,辰,扌,手,振,qwen3_4b_2560d_int8__cn_def__EDGE-05803,6,6,臂,89,0.5480401515960693,臂,31,0.589270293712616,6039,3,0,0,0,0.0112359550561797,0.9854256376283538,0,0,0,0.032258064516129,0.9950314673733024,58,0,0,0,0,0,0
qwen3_4b_2560d_int8,cn_def,EDGE-05804,ROOT-8FB0,辰,日,日,晨,qwen3_4b_2560d_int8__cn_def__EDGE-05804,6,6,景,10,0.6491643786430359,景,32,0.6023342609405518,6039,3,0,0,1,0.1,0.9985094402119908,0,0,0,0.03125,0.9948658496190792,-22,0,0,0,0,0,1
qwen3_4b_2560d_int8,cn_def,EDGE-05807,ROOT-8FB0,辰,肉,肉,脣,qwen3_4b_2560d_int8__cn_def__EDGE-05807,6,6,腱,33,0.5104522705078125,腱,73,0.4731995165348053,6039,3,0,0,0,0.0303030303030303,0.994700231864856,0,0,0,0.0136986301369863,0.9880755216959258,-40,0,0,0,0,0,0
qwen3_4b_2560d_int8,cn_def,EDGE-05809,ROOT-8FB0,辰,虫,虫,蜃,qwen3_4b_2560d_int8__cn_def__EDGE-05809,6,6,虺,133,0.4567424058914184,虺,3070,0.3629027903079986,6039,3,0,0,0,0.0075187969924812,0.9781384564425306,0,0,0,0.0003257328990228,0.4917191122888373,-2937,0,0,0,0,0,0
qwen3_4b_2560d_int8,cn_def,EDGE-05810,ROOT-8FB0,辰,貝,貝,賑,qwen3_4b_2560d_int8__cn_def__EDGE-05810,6,6,蚌,4060,0.2839863300323486,蜃,2922,0.3047102093696594,6039,3,0,0,0,0.0002463054187192,0.3277575356078172,0,0,0,0.0003422313483915,0.5162305399138788,1138,0,0,0,0,0,0
qwen3_4b_2560d_int8,cn_def,EDGE-05811,ROOT-8FB0,辰,雨,雨,震,qwen3_4b_2560d_int8__cn_def__EDGE-05811,6,6,雹,563,0.4376312792301178,雹,554,0.4347079992294311,6039,3,0,0,0,0.0017761989342806,0.906922822126532,0,0,0,0.0018050541516245,0.9084133819145412,9,0,0,0,0,0,0
qwen3_4b_2560d_int8,cn_def,EDGE-06206,ROOT-5360,店,扌,手,掂,qwen3_4b_2560d_int8__cn_def__EDGE-06206,10,10,臂,328,0.4932761788368225,臂,174,0.5248937606811523,6039,3,0,0,0,0.0030487804878048,0.9458429943689964,0,0,0,0.0057471264367816,0.9713481285193772,154,0,0,0,0,0,0
qwen3_4b_2560d_int8,cn_def,EDGE-06207,ROOT-5360,店,忄,心,惦,qwen3_4b_2560d_int8__cn_def__EDGE-06207,11,10,肓,1251,0.3556347489356994,肓,373,0.4075619280338287,6039,3,0,0,0,0.0007993605115907,0.7929778072209341,0,0,0,0.002680965147453,0.93839019542895,878,0,0,0,0,0,0
qwen3_4b_2560d_int8,en_def_translated_cn_def,EDGE-00063,ROOT-219CD,賓,亻,人,儐,qwen3_4b_2560d_int8__en_def_translated_cn_def__EDGE-00063,8,8,慧,5320,0.3244070708751678,慧,2232,0.3911179602146148,6039,3,0,0,0,0.000187969924812,0.1190791652865187,0,0,0,0.0004480286738351,0.6305067903279231,3088,0,0,0,0,0,0
qwen3_4b_2560d_int8,en_def_translated_cn_def,EDGE-00064,ROOT-219CD,賓,女,女,嬪,qwen3_4b_2560d_int8__en_def_translated_cn_def__EDGE-00064,8,8,男,1220,0.4989267587661743,男,489,0.474555492401123,6039,3,0,0,0,0.0008196721311475,0.7981119576018549,0,0,0,0.0020449897750511,0.9191785359390526,731,0,0,0,0,0,0
qwen3_4b_2560d_int8,en_def_translated_cn_def,EDGE-00065,ROOT-219CD,賓,扌,手,擯,qwen3_4b_2560d_int8__en_def_translated_cn_def__EDGE-00065,8,8,臂,2120,0.4545764029026031,臂,2147,0.3972730636596679,6039,3,0,0,0,0.0004716981132075,0.6490559788009275,0,0,0,0.0004657661853749,0.6445842994368997,-27,0,0,0,0,0,0
qwen3_4b_2560d_int8,en_def_translated_cn_def,EDGE-00066,ROOT-219CD,賓,木,木,檳,qwen3_4b_2560d_int8__en_def_translated_cn_def__EDGE-00066,8,8,樹,672,0.4785227179527282,樹,932,0.4286688566207886,6039,3,0,0,0,0.0014880952380952,0.8888704869161974,0,0,0,0.0010729613733905,0.8458098708181517,-260,0,0,0,0,0,0
qwen3_4b_2560d_int8,en_def_translated_cn_def,EDGE-00067,ROOT-219CD,賓,歹,歹,殯,qwen3_4b_2560d_int8__en_def_translated_cn_def__EDGE-00067,8,8,凶,5686,0.3225418329238891,凶,5383,0.314883142709732,6039,3,0,0,0,0.0001758705592683,0.0584630672408081,0,0,0,0.0001857700167193,0.1086452467704538,303,0,0,0,0,0,0
qwen3_4b_2560d_int8,en_def_translated_cn_def,EDGE-00068,ROOT-219CD,賓,氵,水,濱,qwen3_4b_2560d_int8__en_def_translated_cn_def__EDGE-00068,8,8,鹽,1280,0.4953884482383728,鹽,869,0.4564546346664428,6039,3,0,0,0,0.00078125,0.7881748923484597,0,0,0,0.001150747986191,0.8562437893342166,411,0,0,0,0,0,0
qwen3_4b_2560d_int8,en_def_translated_cn_def,EDGE-00070,ROOT-219CD,賓,糸,糸,繽,qwen3_4b_2560d_int8__en_def_translated_cn_def__EDGE-00070,8,8,緬,981,0.5323240160942078,緬,1093,0.4756619334220886,6039,3,0,0,0,0.001019367991845,0.8376946008612123,0,0,0,0.000914913083257,0.819145412388208,-112,0,0,0,0,0,0
qwen3_4b_2560d_int8,en_def_translated_cn_def,EDGE-00072,ROOT-219CD,賓,髟,髟,鬢,qwen3_4b_2560d_int8__en_def_translated_cn_def__EDGE-00072,8,8,毫,16,0.663871705532074,毫,16,0.5862073302268982,6039,3,0,0,0,0.0625,0.9975157336866513,0,0,0,0.0625,0.9975157336866513,0,0,0,0,0,0,0
qwen3_4b_2560d_int8,en_def_translated_cn_def,EDGE-00479,ROOT-4EA5,亥,刂,刀,刻,qwen3_4b_2560d_int8__en_def_translated_cn_def__EDGE-00479,11,11,割,76,0.646131157875061,殛,67,0.6437655687332153,6039,3,0,0,0,0.0131578947368421,0.987578668433256,0,0,0,0.0149253731343283,0.9890692282212652,9,0,0,0,0,0,0
qwen3_4b_2560d_int8,en_def_translated_cn_def,EDGE-00480,ROOT-4EA5,亥,力,力,劾,qwen3_4b_2560d_int8__en_def_translated_cn_def__EDGE-00480,11,11,動,4333,0.3824731111526489,動,3766,0.3984595239162445,6039,3,0,0,0,0.0002307869836141,0.2825438887048691,0,0,0,0.0002655337227827,0.3764491553494534,567,0,0,0,0,0,0
qwen3_4b_2560d_int8,en_def_translated_cn_def,EDGE-00481,ROOT-4EA5,亥,口,口,咳,qwen3_4b_2560d_int8__en_def_translated_cn_def__EDGE-00481,11,11,舌,690,0.4277831017971039,舌,962,0.43719682097435,6039,3,0,0,0,0.0014492753623188,0.8858893673401789,0,0,0,0.001039501039501,0.8408413381914541,-272,0,0,0,0,0,0
qwen3_4b_2560d_int8,en_def_translated_cn_def,EDGE-00482,ROOT-4EA5,亥,土,土,垓,qwen3_4b_2560d_int8__en_def_translated_cn_def__EDGE-00482,11,11,泥,206,0.5779076814651489,泥,187,0.5694482922554016,6039,3,0,0,0,0.0048543689320388,0.9660483603842333,0,0,0,0.0053475935828877,0.969195097714475,19,0,0,0,0,0,0
qwen3_4b_2560d_int8,en_def_translated_cn_def,EDGE-00483,ROOT-4EA5,亥,子,子,孩,qwen3_4b_2560d_int8__en_def_translated_cn_def__EDGE-00483,11,11,亥,1484,0.4765580594539642,亥,2177,0.466687947511673,6039,3,0,0,0,0.0006738544474393,0.7543888704869162,0,0,0,0.0004593477262287,0.639615766810202,-693,0,0,0,0,0,0
qwen3_4b_2560d_int8,en_def_translated_cn_def,EDGE-00484,ROOT-4EA5,亥,木,木,核,qwen3_4b_2560d_int8__en_def_translated_cn_def__EDGE-00484,11,11,樹,94,0.588737428188324,樹,87,0.5685456991195679,6039,3,0,0,0,0.0106382978723404,0.9845975488572376,0,0,0,0.0114942528735632,0.9857568731368004,7,0,0,0,0,0,0
qwen3_4b_2560d_int8,en_def_translated_cn_def,EDGE-00485,ROOT-4EA5,亥,欠,欠,欬,qwen3_4b_2560d_int8__en_def_translated_cn_def__EDGE-00485,11,11,哈,221,0.5361388325691223,哈,92,0.5672757029533386,6039,3,0,0,0,0.004524886877828,0.9635640940708844,0,0,0,0.0108695652173913,0.984928784365684,129,0,0,0,0,0,0
qwen3_4b_2560d_int8,en_def_translated_cn_def,EDGE-00489,ROOT-4EA5,亥,言,言,該,qwen3_4b_2560d_int8__en_def_translated_cn_def__EDGE-00489,11,11,語,1601,0.4854423701763153,語,1206,0.5018731355667114,6039,3,0,0,0,0.0006246096189881,0.7350115932427956,0,0,0,0.0008291873963515,0.8004306061609805,395,0,0,0,0,0,0
qwen3_4b_2560d_int8,en_def_translated_cn_def,EDGE-00490,ROOT-4EA5,亥,門,門,閡,qwen3_4b_2560d_int8__en_def_translated_cn_def__EDGE-00490,11,11,戶,137,0.4539821147918701,戶,230,0.4376337826251983,6039,3,0,0,0,0.0072992700729927,0.9774759854256376,0,0,0,0.0043478260869565,0.9620735342828752,-93,0,0,0,0,0,0
qwen3_4b_2560d_int8,en_def_translated_cn_def,EDGE-00492,ROOT-4EA5,亥,頁,頁,頦,qwen3_4b_2560d_int8__en_def_translated_cn_def__EDGE-00492,11,11,票,957,0.5626178979873657,票,1176,0.5369051694869995,6039,3,0,0,0,0.0010449320794148,0.8416694269625704,0,0,0,0.0008503401360544,0.805399138787678,-219,0,0,0,0,0,0
qwen3_4b_2560d_int8,en_def_translated_cn_def,EDGE-00493,ROOT-4EA5,亥,馬,馬,駭,qwen3_4b_2560d_int8__en_def_translated_cn_def__EDGE-00493,11,11,犀,2703,0.3546976149082184,犀,2170,0.3697308599948883,6039,3,0,0,0,0.0003699593044765,0.5525008280887711,0,0,0,0.0004608294930875,0.6407750910897648,533,0,0,0,0,0,0
qwen3_4b_2560d_int8,en_def_translated_cn_def,EDGE-00494,ROOT-4EA5,亥,骨,骨,骸,qwen3_4b_2560d_int8__en_def_translated_cn_def__EDGE-00494,11,11,蓓,429,0.4359751939773559,冇,1945,0.3862234354019165,6039,3,0,0,0,0.0023310023310023,0.9291156011924478,0,0,0,0.0005141388174807,0.6780390857899967,-1516,0,0,0,0,0,0
qwen3_4b_2560d_int8,en_def_translated_cn_def,EDGE-00747,ROOT-5143,元,氵,水,沅,qwen3_4b_2560d_int8__en_def_translated_cn_def__EDGE-00747,6,6,鹽,445,0.5344743132591248,礬,248,0.4664956331253052,6039,3,0,0,0,0.0022471910112359,0.9264657171248758,0,0,0,0.0040322580645161,0.9590924147068566,197,0,0,0,0,0,0
qwen3_4b_2560d_int8,en_def_translated_cn_def,EDGE-00748,ROOT-5143,元,王,玉,玩,qwen3_4b_2560d_int8__en_def_translated_cn_def__EDGE-00748,7,6,珂,3894,0.4222545325756073,珂,4869,0.3179828226566314,6039,3,0,0,0,0.0002568053415511,0.3552500828088771,0,0,0,0.000205380981721,0.1937727724412057,-975,0,0,0,0,0,0
qwen3_4b_2560d_int8,en_def_translated_cn_def,EDGE-00749,ROOT-5143,元,習,習,翫,qwen3_4b_2560d_int8__en_def_translated_cn_def__EDGE-00749,7,6,勞,1727,0.4761103689670563,勞,1284,0.3994924426078796,6039,3,0,0,0,0.0005790387955993,0.7141437562106658,0,0,0,0.0007788161993769,0.7875124213315667,443,0,0,0,0,0,0
qwen3_4b_2560d_int8,en_def_translated_cn_def,EDGE-00754,ROOT-5143,元,頁,頁,頑,qwen3_4b_2560d_int8__en_def_translated_cn_def__EDGE-00754,7,6,票,728,0.5730323195457458,票,1610,0.439178466796875,6039,3,0,0,0,0.0013736263736263,0.8795958926796953,0,0,0,0.0006211180124223,0.7335210334547864,-882,0,0,0,0,0,0
qwen3_4b_2560d_int8,en_def_translated_cn_def,EDGE-00755,ROOT-5143,元,黽,黽,黿,qwen3_4b_2560d_int8__en_def_translated_cn_def__EDGE-00755,7,6,擻,5981,0.220290407538414,擻,5957,0.1971141695976257,6039,3,0,0,0,0.0001671961210499,0.0096058297449486,0,0,0,0.0001678697330871,0.0135806558463067,24,0,0,0,0,0,0
qwen3_4b_2560d_int8,en_def_translated_cn_def,EDGE-00807,ROOT-5303,曷,亻,人,偈,qwen3_4b_2560d_int8__en_def_translated_cn_def__EDGE-00807,13,13,慧,3123,0.4021659791469574,慧,2336,0.4340204894542694,6039,3,0,0,0,0.0003202049311559,0.4829413713150049,0,0,0,0.0004280821917808,0.6132825438887048,787,0,0,0,0,0,0
qwen3_4b_2560d_int8,en_def_translated_cn_def,EDGE-00808,ROOT-5303,曷,口,口,喝,qwen3_4b_2560d_int8__en_def_translated_cn_def__EDGE-00808,13,13,舌,64,0.5407420992851257,舌,106,0.5219698548316956,6039,3,0,0,0,0.015625,0.9895660814839352,0,0,0,0.0094339622641509,0.9826101358065584,-42,0,0,0,0,0,0
qwen3_4b_2560d_int8,en_def_translated_cn_def,EDGE-00810,ROOT-5303,曷,忄,心,愒,qwen3_4b_2560d_int8__en_def_translated_cn_def__EDGE-00810,13,13,腎,4242,0.3087363541126251,膽,2599,0.3683077692985534,6039,3,0,0,0,0.0002357378595002,0.2976151043391851,0,0,0,0.0003847633705271,0.5697250745279894,1643,0,0,0,0,0,0
qwen3_4b_2560d_int8,en_def_translated_cn_def,EDGE-00811,ROOT-5303,曷,扌,手,揭,qwen3_4b_2560d_int8__en_def_translated_cn_def__EDGE-00811,13,13,臂,380,0.5150536298751831,臂,1125,0.5035713315010071,6039,3,0,0,0,0.0026315789473684,0.9372308711493872,0,0,0,0.0008888888888888,0.8138456442530639,-745,0,0,0,0,0,0
qwen3_4b_2560d_int8,en_def_translated_cn_def,EDGE-00815,ROOT-5303,曷,欠,欠,歇,qwen3_4b_2560d_int8__en_def_translated_cn_def__EDGE-00815,13,13,哈,767,0.4944928884506225,哈,478,0.5262265801429749,6039,3,0,0,0,0.0013037809647979,0.8731368002649884,0,0,0,0.002092050209205,0.9210003312355084,289,0,0,0,0,0,0
qwen3_4b_2560d_int8,en_def_translated_cn_def,EDGE-00817,ROOT-5303,曷,氵,水,渴,qwen3_4b_2560d_int8__en_def_translated_cn_def__EDGE-00817,13,13,鹽,140,0.5708378553390503,液,284,0.5597165822982788,6039,3,0,0,0,0.0071428571428571,0.9769791321629678,0,0,0,0.0035211267605633,0.9531301755548196,-144,0,0,0,0,0,0
qwen3_4b_2560d_int8,en_def_translated_cn_def,EDGE-00819,ROOT-5303,曷,石,石,碣,qwen3_4b_2560d_int8__en_def_translated_cn_def__EDGE-00819,13,13,合,2412,0.3591018915176391,合,3837,0.3387271165847778,6039,3,0,0,0,0.0004145936981757,0.6006955945677377,0,0,0,0.0002606202762574,0.3646902947996024,-1425,0,0,0,0,0,0
qwen3_4b_2560d_int8,en_def_translated_cn_def,EDGE-00821,ROOT-5303,曷,立,立,竭,qwen3_4b_2560d_int8__en_def_translated_cn_def__EDGE-00821,13,13,聳,4131,0.4280445873737335,聳,4226,0.4168054759502411,6039,3,0,0,0,0.0002420721374969,0.3159986750579662,0,0,0,0.0002366303833412,0.3002649884067572,-95,0,0,0,0,0,0
qwen3_4b_2560d_int8,en_def_translated_cn_def,EDGE-00822,ROOT-5303,曷,羊,羊,羯,qwen3_4b_2560d_int8__en_def_translated_cn_def__EDGE-00822,13,13,瑞,3485,0.3641071021556854,瑞,3204,0.3681744933128357,6039,3,0,0,0,0.000286944045911,0.4229877442861874,0,0,0,0.0003121098626716,0.4695263332229215,281,0,0,0,0,0,0
qwen3_4b_2560d_int8,en_def_translated_cn_def,EDGE-00827,ROOT-5303,曷,衤,衣,褐,qwen3_4b_2560d_int8__en_def_translated_cn_def__EDGE-00827,13,13,襪,15,0.6959784626960754,襪,10,0.7024784684181213,6039,3,0,0,0,0.0666666666666666,0.9976813514408744,0,0,1,0.1,0.9985094402119908,5,0,0,0,0,1,0
qwen3_4b_2560d_int8,en_def_translated_cn_def,EDGE-00828,ROOT-5303,曷,言,言,謁,qwen3_4b_2560d_int8__en_def_translated_cn_def__EDGE-00828,13,13,語,1056,0.506438136100769,語,1722,0.5069850087165833,6039,3,0,0,0,0.0009469696969696,0.8252732692944684,0,0,0,0.0005807200929152,0.7149718449817821,-666,0,0,0,0,0,0
qwen3_4b_2560d_int8,en_def_translated_cn_def,EDGE-02217,ROOT-572D,圭,亻,人,佳,qwen3_4b_2560d_int8__en_def_translated_cn_def__EDGE-02217,15,15,慧,1597,0.4373410046100616,慧,1472,0.4533287584781647,6039,3,0,0,0,0.0006261740763932,0.7356740642596886,0,0,0,0.0006793478260869,0.7563762835375952,125,0,0,0,0,0,0
qwen3_4b_2560d_int8,en_def_translated_cn_def,EDGE-02219,ROOT-572D,圭,卜,卜,卦,qwen3_4b_2560d_int8__en_def_translated_cn_def__EDGE-02219,15,15,兆,3,0.7365185022354126,兆,3,0.6873675584793091,6039,3,0,1,1,0.3333333333333333,0.9996687644915536,0,1,1,0.3333333333333333,0.9996687644915536,0,0,0,0,0,0,0
qwen3_4b_2560d_int8,en_def_translated_cn_def,EDGE-02226,ROOT-572D,圭,口,口,哇,qwen3_4b_2560d_int8__en_def_translated_cn_def__EDGE-02226,15,15,舌,3818,0.3492143750190735,舌,4022,0.3545607924461365,6039,3,0,0,0,0.000261917234154,0.3678370321298443,0,0,0,0.0002486325211337,0.3340510102683007,-204,0,0,0,0,0,0
qwen3_4b_2560d_int8,en_def_translated_cn_def,EDGE-02227,ROOT-572D,圭,大,大,奎,qwen3_4b_2560d_int8__en_def_translated_cn_def__EDGE-02227,15,15,小,5432,0.3340949416160583,諸,5425,0.3132724463939667,6039,3,0,0,0,0.0001840942562592,0.1005299768135143,0,0,0,0.000184331797235,0.1016893010930771,7,0,0,0,0,0,0
qwen3_4b_2560d_int8,en_def_translated_cn_def,EDGE-02229,ROOT-572D,圭,女,女,娃,qwen3_4b_2560d_int8__en_def_translated_cn_def__EDGE-02229,15,15,男,122,0.5689480304718018,男,80,0.5685731172561646,6039,3,0,0,0,0.0081967213114754,0.9799602517389864,0,0,0,0.0125,0.986916197416363,42,0,0,0,0,0,0
qwen3_4b_2560d_int8,en_def_translated_cn_def,EDGE-02230,ROOT-572D,圭,心,心,恚,qwen3_4b_2560d_int8__en_def_translated_cn_def__EDGE-02230,15,15,腎,3195,0.3301051259040832,脾,3146,0.332984447479248,6039,3,0,0,0,0.0003129890453834,0.4710168930109307,0,0,0,0.0003178639542275,0.4791321629678702,49,0,0,0,0,0,0
qwen3_4b_2560d_int8,en_def_translated_cn_def,EDGE-02232,ROOT-572D,圭,木,木,桂,qwen3_4b_2560d_int8__en_def_translated_cn_def__EDGE-02232,15,15,樹,1620,0.4381189942359924,樹,1481,0.460038274526596,6039,3,0,0,0,0.0006172839506172,0.7318648559125538,0,0,0,0.00067521944632,0.754885723749586,139,0,0,0,0,0,0
qwen3_4b_2560d_int8,en_def_translated_cn_def,EDGE-02236,ROOT-572D,圭,王,玉,珪,qwen3_4b_2560d_int8__en_def_translated_cn_def__EDGE-02236,15,15,珂,5690,0.31600022315979,煒,5563,0.3248894810676574,6039,3,0,0,0,0.0001757469244288,0.0578005962239152,0,0,0,0.0001797591227754,0.0788340510102683,127,0,0,0,0,0,0
qwen3_4b_2560d_int8,en_def_translated_cn_def,EDGE-02237,ROOT-572D,圭,田,田,畦,qwen3_4b_2560d_int8__en_def_translated_cn_def__EDGE-02237,15,15,墾,17,0.6723691821098328,墾,17,0.6559784412384033,6039,3,0,0,0,0.0588235294117647,0.997350115932428,0,0,0,0.0588235294117647,0.997350115932428,0,0,0,0,0,0,0
qwen3_4b_2560d_int8,en_def_translated_cn_def,EDGE-02243,ROOT-572D,圭,虫,虫,蛙,qwen3_4b_2560d_int8__en_def_translated_cn_def__EDGE-02243,15,15,虺,36,0.5293363332748413,虺,321,0.4543088674545288,6039,3,0,0,0,0.0277777777777777,0.994203378602186,0,0,0,0.0031152647975077,0.9470023186485592,-285,0,0,0,0,0,0
qwen3_4b_2560d_int8,en_def_translated_cn_def,EDGE-02244,ROOT-572D,圭,行,行,街,qwen3_4b_2560d_int8__en_def_translated_cn_def__EDGE-02244,15,15,砌,4354,0.3777839839458465,砌,4065,0.3617610037326813,6039,3,0,0,0,0.0002296738631143,0.2790659158661809,0,0,0,0.0002460024600246,0.3269294468367009,289,0,0,0,0,0,0
qwen3_4b_2560d_int8,en_def_translated_cn_def,EDGE-02248,ROOT-572D,圭,門,門,閨,qwen3_4b_2560d_int8__en_def_translated_cn_def__EDGE-02248,15,15,戶,2987,0.3313829898834228,戶,3273,0.3234022557735443,6039,3,0,0,0,0.0003347840642785,0.5054653858893674,0,0,0,0.0003055300947143,0.4580987081815171,-286,0,0,0,0,0,0
qwen3_4b_2560d_int8,en_def_translated_cn_def,EDGE-02249,ROOT-572D,圭,革,革,鞋,qwen3_4b_2560d_int8__en_def_translated_cn_def__EDGE-02249,15,15,韋,1951,0.4429939985275268,韋,3781,0.4079433381557464,6039,3,0,0,0,0.000512557662737,0.6770453792646571,0,0,0,0.0002644802962179,0.3739648890361047,-1830,0,0,0,0,0,0
qwen3_4b_2560d_int8,en_def_translated_cn_def,EDGE-02266,ROOT-582F,堯,亻,人,僥,qwen3_4b_2560d_int8__en_def_translated_cn_def__EDGE-02266,12,12,慧,3145,0.4015060067176819,慧,1688,0.4456064701080322,6039,3,0,0,0,0.0003179650238473,0.4792977807220934,0,0,0,0.0005924170616113,0.7206028486253726,1457,0,0,0,0,0,0
qwen3_4b_2560d_int8,en_def_translated_cn_def,EDGE-02268,ROOT-582F,堯,女,女,嬈,qwen3_4b_2560d_int8__en_def_translated_cn_def__EDGE-02268,12,12,男,1753,0.4870188236236572,男,2287,0.4694192409515381,6039,3,0,0,0,0.0005704506560182,0.7098376946008612,0,0,0,0.0004372540445999,0.6213978138456442,-534,0,0,0,0,0,0
qwen3_4b_2560d_int8,en_def_translated_cn_def,EDGE-02270,ROOT-582F,堯,扌,手,撓,qwen3_4b_2560d_int8__en_def_translated_cn_def__EDGE-02270,12,12,臂,4120,0.3977657854557037,臂,2577,0.4442051947116852,6039,3,0,0,0,0.0002427184466019,0.3178204703544219,0,0,0,0.0003880481179666,0.5733686651209009,1543,0,0,0,0,0,0
qwen3_4b_2560d_int8,en_def_translated_cn_def,EDGE-02271,ROOT-582F,堯,日,日,曉,qwen3_4b_2560d_int8__en_def_translated_cn_def__EDGE-02271,12,12,昀,797,0.5983047485351562,昀,518,0.6115289330482483,6039,3,0,0,0,0.001254705144291,0.8681682676382908,0,0,0,0.0019305019305019,0.9143756210665784,279,0,0,0,0,0,0
qwen3_4b_2560d_int8,en_def_translated_cn_def,EDGE-02272,ROOT-582F,堯,木,木,橈,qwen3_4b_2560d_int8__en_def_translated_cn_def__EDGE-02272,12,12,樹,3530,0.3946387767791748,樹,4017,0.3961572349071502,6039,3,0,0,0,0.0002832861189801,0.4155349453461411,0,0,0,0.0002489419965148,0.334879099039417,-487,0,0,0,0,0,0
qwen3_4b_2560d_int8,en_def_translated_cn_def,EDGE-02273,ROOT-582F,堯,氵,水,澆,qwen3_4b_2560d_int8__en_def_translated_cn_def__EDGE-02273,12,12,鹽,25,0.6210455894470215,液,42,0.6069076657295227,6039,3,0,0,0,0.04,0.996025173898642,0,0,0,0.0238095238095238,0.9932096720768466,-17,0,0,0,0,0,0
qwen3_4b_2560d_int8,en_def_translated_cn_def,EDGE-02274,ROOT-582F,堯,火,火,燒,qwen3_4b_2560d_int8__en_def_translated_cn_def__EDGE-02274,12,12,燄,6,0.729839563369751,燄,4,0.740397572517395,6039,3,0,0,1,0.1666666666666666,0.9991719112288836,0,1,1,0.25,0.9995031467373302,2,0,0,1,0,0,0
qwen3_4b_2560d_int8,en_def_translated_cn_def,EDGE-02277,ROOT-582F,堯,糸,糸,繞,qwen3_4b_2560d_int8__en_def_translated_cn_def__EDGE-02277,12,12,緬,556,0.5507268905639648,緬,616,0.5363290905952454,6039,3,0,0,0,0.0017985611510791,0.9080821464060947,0,0,0,0.0016233766233766,0.8981450811526995,-60,0,0,0,0,0,0
qwen3_4b_2560d_int8,en_def_translated_cn_def,EDGE-02278,ROOT-582F,堯,羽,羽,翹,qwen3_4b_2560d_int8__en_def_translated_cn_def__EDGE-02278,12,12,毳,3906,0.4443263709545135,毳,3066,0.4828343391418457,6039,3,0,0,0,0.0002560163850486,0.3532626697581981,0,0,0,0.0003261578604044,0.4923815833057303,840,0,0,0,0,0,0
qwen3_4b_2560d_int8,en_def_translated_cn_def,EDGE-02281,ROOT-582F,堯,虫,虫,蟯,qwen3_4b_2560d_int8__en_def_translated_cn_def__EDGE-02281,12,12,虺,248,0.4698423743247986,虺,2124,0.400994598865509,6039,3,0,0,0,0.0040322580645161,0.9590924147068566,0,0,0,0.0004708097928436,0.6483935077840344,-1876,0,0,0,0,0,0
qwen3_4b_2560d_int8,en_def_translated_cn_def,EDGE-02285,ROOT-582F,堯,釒,金,鐃,qwen3_4b_2560d_int8__en_def_translated_cn_def__EDGE-02285,12,12,銀,5485,0.293762058019638,鉑,5462,0.2887166440486908,6039,3,0,0,0,0.0001823154056517,0.091752235839682,0,0,0,0.0001830831197363,0.0955614441868167,23,0,0,0,0,0,0
qwen3_4b_2560d_int8,en_def_translated_cn_def,EDGE-02287,ROOT-582F,堯,飠,食,饒,qwen3_4b_2560d_int8__en_def_translated_cn_def__EDGE-02287,12,12,膳,2409,0.4981854856014251,膳,1193,0.5419321656227112,6039,3,0,0,0,0.0004151100041511,0.6011924478304074,0,0,0,0.0008382229673093,0.8025836369658828,1216,0,0,0,0,0,0
qwen3_4b_2560d_int8,en_def_translated_cn_def,EDGE-02288,ROOT-582F,堯,馬,馬,驍,qwen3_4b_2560d_int8__en_def_translated_cn_def__EDGE-02288,12,12,犀,2262,0.3630553483963012,犀,1642,0.3836557567119598,6039,3,0,0,0,0.0004420866489832,0.6255382577012256,0,0,0,0.0006090133982947,0.7282212653196423,620,0,0,0,0,0,0
qwen3_4b_2560d_int8,en_def_translated_cn_def,EDGE-03014,ROOT-382F,台,女,女,始,qwen3_4b_2560d_int8__en_def_translated_cn_def__EDGE-03014,14,13,男,4689,0.404652327299118,男,3929,0.4110632538795471,6039,3,0,0,0,0.000213265088505,0.2235839682013911,0,0,0,0.0002545176889793,0.3494534614110632,760,0,0,0,0,0,0
qwen3_4b_2560d_int8,en_def_translated_cn_def,EDGE-03015,ROOT-382F,台,心,心,怠,qwen3_4b_2560d_int8__en_def_translated_cn_def__EDGE-03015,14,13,腎,1622,0.3634675145149231,膽,861,0.4099408090114593,6039,3,0,0,0,0.000616522811344,0.7315336204041073,0,0,0,0.0011614401858304,0.8575687313680027,761,0,0,0,0,0,0
qwen3_4b_2560d_int8,en_def_translated_cn_def,EDGE-03016,ROOT-382F,台,忄,心,怡,qwen3_4b_2560d_int8__en_def_translated_cn_def__EDGE-03016,14,13,腎,3047,0.3328045606613159,膽,2267,0.3793016374111175,6039,3,0,0,0,0.0003281916639317,0.4955283206359722,0,0,0,0.0004411116012351,0.6247101689301093,780,0,0,0,0,0,0
qwen3_4b_2560d_int8,en_def_translated_cn_def,EDGE-03018,ROOT-382F,台,歹,歹,殆,qwen3_4b_2560d_int8__en_def_translated_cn_def__EDGE-03018,14,13,凶,53,0.645715594291687,凶,90,0.6122225522994995,6039,3,0,0,0,0.0188679245283018,0.9913878767803908,0,0,0,0.0111111111111111,0.9852600198741304,-37,0,0,0,0,0,0
qwen3_4b_2560d_int8,en_def_translated_cn_def,EDGE-03019,ROOT-382F,台,氵,水,治,qwen3_4b_2560d_int8__en_def_translated_cn_def__EDGE-03019,14,13,鹽,4482,0.4018394649028778,液,4316,0.4076274931430816,6039,3,0,0,0,0.000223114680946,0.2578668433256045,0,0,0,0.0002316960148285,0.2853593905266645,166,0,0,0,0,0,0
qwen3_4b_2560d_int8,en_def_translated_cn_def,EDGE-03023,ROOT-382F,台,竹,竹,笞,qwen3_4b_2560d_int8__en_def_translated_cn_def__EDGE-03023,14,13,藤,255,0.4578234553337097,藤,214,0.4555025398731231,6039,3,0,0,0,0.0039215686274509,0.9579330904272938,0,0,0,0.0046728971962616,0.9647234183504472,41,0,0,0,0,0,0
qwen3_4b_2560d_int8,en_def_translated_cn_def,EDGE-03024,ROOT-382F,台,糸,糸,紿,qwen3_4b_2560d_int8__en_def_translated_cn_def__EDGE-03024,14,13,緬,4231,0.4009518921375274,緬,3765,0.4076332449913025,6039,3,0,0,0,0.0002363507445048,0.2994368996356409,0,0,0,0.0002656042496679,0.3766147731036767,466,0,0,0,0,0,0
qwen3_4b_2560d_int8,en_def_translated_cn_def,EDGE-03025,ROOT-382F,台,肉,肉,胎,qwen3_4b_2560d_int8__en_def_translated_cn_def__EDGE-03025,14,13,髓,213,0.4948684871196747,髓,658,0.4538018107414245,6039,3,0,0,0,0.0046948356807511,0.9648890361046704,0,0,0,0.0015197568389057,0.891189135475323,-445,0,0,0,0,0,0
qwen3_4b_2560d_int8,en_def_translated_cn_def,EDGE-03028,ROOT-382F,台,貝,貝,貽,qwen3_4b_2560d_int8__en_def_translated_cn_def__EDGE-03028,14,13,螺,2507,0.3816420435905456,螺,2315,0.3960984349250793,6039,3,0,0,0,0.0003988831272437,0.5849619079165287,0,0,0,0.0004319654427645,0.6167605167273932,192,0,0,0,0,0,0
qwen3_4b_2560d_int8,en_def_translated_cn_def,EDGE-03031,ROOT-382F,台,風,風,颱,qwen3_4b_2560d_int8__en_def_translated_cn_def__EDGE-03031,14,13,息,385,0.536543071269989,息,755,0.5167644619941711,6039,3,0,0,0,0.0025974025974025,0.9364027823782708,0,0,0,0.0013245033112582,0.8751242133156675,-370,0,0,0,0,0,0
qwen3_4b_2560d_int8,en_def_translated_cn_def,EDGE-03032,ROOT-382F,台,飠,食,飴,qwen3_4b_2560d_int8__en_def_translated_cn_def__EDGE-03032,14,13,膳,1392,0.5347702503204346,膳,2745,0.4820936918258667,6039,3,0,0,0,0.0007183908045977,0.7696257038754555,0,0,0,0.0003642987249544,0.5455448824113944,-1353,0,0,0,0,0,0
qwen3_4b_2560d_int8,en_def_translated_cn_def,EDGE-03033,ROOT-382F,台,馬,馬,駘,qwen3_4b_2560d_int8__en_def_translated_cn_def__EDGE-03033,14,13,犀,942,0.3977856934070587,犀,1125,0.4022579491138458,6039,3,0,0,0,0.0010615711252653,0.8441536932759192,0,0,0,0.0008888888888888,0.8138456442530639,-183,0,0,0,0,0,0
qwen3_4b_2560d_int8,en_def_translated_cn_def,EDGE-03085,ROOT-5E1D,帝,口,口,啻,qwen3_4b_2560d_int8__en_def_translated_cn_def__EDGE-03085,3,3,舌,3006,0.3664903342723846,舌,3466,0.2810852527618408,6039,3,0,0,0,0.0003326679973386,0.5023186485591256,0,0,0,0.0002885170225043,0.4261344816164293,-460,0,0,0,0,0,0
qwen3_4b_2560d_int8,en_def_translated_cn_def,EDGE-03087,ROOT-5E1D,帝,口,口,啼,qwen3_4b_2560d_int8__en_def_translated_cn_def__EDGE-03087,3,3,舌,893,0.4183574914932251,舌,2744,0.2965888977050781,6039,3,0,0,0,0.0011198208286674,0.8522689632328586,0,0,0,0.0003644314868804,0.5457105001656177,-1851,0,0,0,0,0,0
qwen3_4b_2560d_int8,en_def_translated_cn_def,EDGE-03089,ROOT-5E1D,帝,糸,糸,締,qwen3_4b_2560d_int8__en_def_translated_cn_def__EDGE-03089,4,3,緬,3270,0.4459173381328583,緬,3785,0.3645448982715606,6039,3,0,0,0,0.0003058103975535,0.4585955614441868,0,0,0,0.0002642007926023,0.3733024180192117,-515,0,0,0,0,0,0
qwen3_4b_2560d_int8,en_def_translated_cn_def,EDGE-03091,ROOT-5E1D,帝,言,言,諦,qwen3_4b_2560d_int8__en_def_translated_cn_def__EDGE-03091,4,3,語,1077,0.5054610967636108,語,1295,0.4236438572406769,6039,3,0,0,0,0.000928505106778,0.8217952964557801,0,0,0,0.0007722007722007,0.785690626035111,-218,0,0,0,0,0,0
qwen3_4b_2560d_int8,en_def_translated_cn_def,EDGE-03092,ROOT-5E1D,帝,𧾷,足,蹄,qwen3_4b_2560d_int8__en_def_translated_cn_def__EDGE-03092,4,3,忒,4573,0.4034280478954315,忒,5399,0.2842652201652527,6039,3,0,0,0,0.000218674830527,0.2427956276912884,0,0,0,0.0001852194850898,0.1059953627028817,-826,0,0,0,0,0,0
qwen3_4b_2560d_int8,en_def_translated_cn_def,EDGE-03943,ROOT-67EC,闌,木,木,欄,qwen3_4b_2560d_int8__en_def_translated_cn_def__EDGE-03943,16,14,樹,277,0.5200712084770203,樹,344,0.5006093978881836,6039,3,0,0,0,0.003610108303249,0.9542894998343824,0,0,0,0.002906976744186,0.9431931103014244,-67,0,0,0,0,0,0
qwen3_4b_2560d_int8,en_def_translated_cn_def,EDGE-03944,ROOT-67EC,闌,氵,水,瀾,qwen3_4b_2560d_int8__en_def_translated_cn_def__EDGE-03944,16,14,鹽,3433,0.4375335574150085,礬,3949,0.4213072657585144,6039,3,0,0,0,0.0002912904165452,0.4315998675057966,0,0,0,0.0002532286654849,0.3461411063265982,-516,0,0,0,0,0,0
qwen3_4b_2560d_int8,en_def_translated_cn_def,EDGE-03945,ROOT-67EC,闌,火,火,爛,qwen3_4b_2560d_int8__en_def_translated_cn_def__EDGE-03945,16,14,燄,1169,0.4622359275817871,燄,2452,0.4230941534042358,6039,3,0,0,0,0.0008554319931565,0.8065584630672408,0,0,0,0.0004078303425774,0.5940708843988076,-1283,0,0,0,0,0,0
qwen3_4b_2560d_int8,en_def_translated_cn_def,EDGE-04481,ROOT-9752,青,亻,人,倩,qwen3_4b_2560d_int8__en_def_translated_cn_def__EDGE-04481,11,11,慧,2420,0.4177359044551849,慧,1236,0.3922927975654602,6039,3,0,0,0,0.0004132231404958,0.5993706525339517,0,0,0,0.0008090614886731,0.7954620735342829,1184,0,0,0,0,0,0
qwen3_4b_2560d_int8,en_def_translated_cn_def,EDGE-04485,ROOT-9752,青,忄,心,情,qwen3_4b_2560d_int8__en_def_translated_cn_def__EDGE-04485,11,11,腎,4577,0.300731748342514,脾,3856,0.2730246782302856,6039,3,0,0,0,0.0002184837229626,0.2421331566743955,0,0,0,0.000259336099585,0.3615435574693607,721,0,0,0,0,0,0
qwen3_4b_2560d_int8,en_def_translated_cn_def,EDGE-04486,ROOT-9752,青,日,日,晴,qwen3_4b_2560d_int8__en_def_translated_cn_def__EDGE-04486,11,11,昀,385,0.6386664509773254,昀,114,0.6366609930992126,6039,3,0,0,0,0.0025974025974025,0.9364027823782708,0,0,0,0.0087719298245614,0.9812851937727723,271,0,0,0,0,0,0
qwen3_4b_2560d_int8,en_def_translated_cn_def,EDGE-04487,ROOT-9752,青,犭,犬,猜,qwen3_4b_2560d_int8__en_def_translated_cn_def__EDGE-04487,11,11,牯,3549,0.4448767304420471,牯,3488,0.421821117401123,6039,3,0,0,0,0.0002817695125387,0.4123882080158992,0,0,0,0.0002866972477064,0.4224908910235176,61,0,0,0,0,0,0
qwen3_4b_2560d_int8,en_def_translated_cn_def,EDGE-04488,ROOT-9752,青,目,目,睛,qwen3_4b_2560d_int8__en_def_translated_cn_def__EDGE-04488,11,11,睛,1,0.8556786179542542,睛,1,0.8083681464195251,6039,3,1,1,1,1.0,1.0,1,1,1,1.0,1.0,0,0,0,0,0,0,0
qwen3_4b_2560d_int8,en_def_translated_cn_def,EDGE-04489,ROOT-9752,青,米,米,精,qwen3_4b_2560d_int8__en_def_translated_cn_def__EDGE-04489,11,11,核,1777,0.4197278022766113,糠,765,0.4144209027290344,6039,3,0,0,0,0.0005627462014631,0.7058628684995032,0,0,0,0.0013071895424836,0.8734680357734349,1012,0,0,0,0,0,0
qwen3_4b_2560d_int8,en_def_translated_cn_def,EDGE-04492,ROOT-9752,青,虫,虫,蜻,qwen3_4b_2560d_int8__en_def_translated_cn_def__EDGE-04492,11,11,虺,368,0.4572121202945709,虺,461,0.4134905934333801,6039,3,0,0,0,0.0027173913043478,0.9392182842000664,0,0,0,0.0021691973969631,0.9238158330573036,-93,0,0,0,0,0,0
qwen3_4b_2560d_int8,en_def_translated_cn_def,EDGE-04493,ROOT-9752,青,言,言,請,qwen3_4b_2560d_int8__en_def_translated_cn_def__EDGE-04493,11,11,語,5114,0.3557377457618713,語,4985,0.3235664069652557,6039,3,0,0,0,0.0001955416503715,0.1531964226565088,0,0,0,0.0002006018054162,0.1745611129513083,129,0,0,0,0,0,0
qwen3_4b_2560d_int8,en_def_translated_cn_def,EDGE-04495,ROOT-9752,青,立,立,靖,qwen3_4b_2560d_int8__en_def_translated_cn_def__EDGE-04495,11,11,聳,4339,0.4172204732894897,聳,4497,0.3595243394374847,6039,3,0,0,0,0.0002304678497349,0.2815501821795296,0,0,0,0.0002223704692016,0.2553825770122557,-158,0,0,0,0,0,0
qwen3_4b_2560d_int8,en_def_translated_cn_def,EDGE-04496,ROOT-9752,青,見,見,靚,qwen3_4b_2560d_int8__en_def_translated_cn_def__EDGE-04496,11,11,睹,1220,0.5840136408805847,睹,327,0.6061358451843262,6039,3,0,0,0,0.0008196721311475,0.7981119576018549,0,0,0,0.0030581039755351,0.9460086121232196,893,0,0,0,0,0,0
qwen3_4b_2560d_int8,en_def_translated_cn_def,EDGE-04497,ROOT-9752,青,爭,爭,靜,qwen3_4b_2560d_int8__en_def_translated_cn_def__EDGE-04497,11,11,戰,4745,0.377551257610321,戰,4832,0.3202689588069916,6039,3,0,0,0,0.0002107481559536,0.214309373964889,0,0,0,0.0002069536423841,0.199900629347466,-87,0,0,0,0,0,0
qwen3_4b_2560d_int8,en_def_translated_cn_def,EDGE-04498,ROOT-9752,青,魚,魚,鯖,qwen3_4b_2560d_int8__en_def_translated_cn_def__EDGE-04498,11,11,蛙,2205,0.4220895171165466,蛙,1795,0.4035094082355499,6039,3,0,0,0,0.000453514739229,0.6349784696919509,0,0,0,0.0005571030640668,0.7028817489234847,410,0,0,0,0,0,0
qwen3_4b_2560d_int8,en_def_translated_cn_def,EDGE-05389,ROOT-4F59,余,氵,水,涂,qwen3_4b_2560d_int8__en_def_translated_cn_def__EDGE-05389,6,6,鹽,5659,0.31160569190979,液,5520,0.2945764064788818,6039,3,0,0,0,0.0001767096660187,0.062934746604836,0,0,0,0.0001811594202898,0.0859556144418681,139,0,0,0,0,0,0
qwen3_4b_2560d_int8,en_def_translated_cn_def,EDGE-05391,ROOT-4F59,余,彳,彳,徐,qwen3_4b_2560d_int8__en_def_translated_cn_def__EDGE-05391,6,6,亍,390,0.6317782998085022,亍,423,0.574688196182251,6039,3,0,0,0,0.0025641025641025,0.9355746936071548,0,0,0,0.0023640661938534,0.9301093077177872,-33,0,0,0,0,0,0
qwen3_4b_2560d_int8,en_def_translated_cn_def,EDGE-05394,ROOT-4F59,余,斗,斗,斜,qwen3_4b_2560d_int8__en_def_translated_cn_def__EDGE-05394,6,6,盦,2344,0.4861533641815185,盦,2081,0.4856020510196686,6039,3,0,0,0,0.0004266211604095,0.6119576018549189,0,0,0,0.0004805382027871,0.6555150712156343,263,0,0,0,0,0,0
qwen3_4b_2560d_int8,en_def_translated_cn_def,EDGE-05396,ROOT-4F59,余,田,田,畬,qwen3_4b_2560d_int8__en_def_translated_cn_def__EDGE-05396,6,6,墾,12,0.693902850151062,墾,12,0.6587901711463928,6039,3,0,0,0,0.0833333333333333,0.9981782047035442,0,0,0,0.0833333333333333,0.9981782047035442,0,0,0,0,0,0,0
qwen3_4b_2560d_int8,en_def_translated_cn_def,EDGE-05401,ROOT-4F59,余,虫,虫,蜍,qwen3_4b_2560d_int8__en_def_translated_cn_def__EDGE-05401,6,6,虺,842,0.4334369301795959,虺,503,0.4116469621658325,6039,3,0,0,0,0.001187648456057,0.8607154686982444,0,0,0,0.0019880715705765,0.9168598873799272,339,0,0,0,0,0,0
qwen3_4b_2560d_int8,en_def_translated_cn_def,EDGE-05408,ROOT-4F59,余,飠,食,餘,qwen3_4b_2560d_int8__en_def_translated_cn_def__EDGE-05408,6,6,膳,478,0.5799337029457092,膳,455,0.5610048770904541,6039,3,0,0,0,0.002092050209205,0.9210003312355084,0,0,0,0.0021978021978021,0.9248095395826432,23,0,0,0,0,0,0
qwen3_4b_2560d_int8,en_def_translated_cn_def,EDGE-05801,ROOT-8FB0,辰,女,女,娠,qwen3_4b_2560d_int8__en_def_translated_cn_def__EDGE-05801,6,6,男,1814,0.4857797026634216,男,2551,0.4843122959136963,6039,3,0,0,0,0.0005512679162072,0.6997350115932428,0,0,0,0.000392003136025,0.5776747267307055,-737,0,0,0,0,0,0
qwen3_4b_2560d_int8,en_def_translated_cn_def,EDGE-05803,ROOT-8FB0,辰,扌,手,振,qwen3_4b_2560d_int8__en_def_translated_cn_def__EDGE-05803,6,6,臂,296,0.5232340693473816,臂,129,0.548681378364563,6039,3,0,0,0,0.0033783783783783,0.9511427625041404,0,0,0,0.0077519379844961,0.9788009274594236,167,0,0,0,0,0,0
qwen3_4b_2560d_int8,en_def_translated_cn_def,EDGE-05804,ROOT-8FB0,辰,日,日,晨,qwen3_4b_2560d_int8__en_def_translated_cn_def__EDGE-05804,6,6,昀,83,0.6859904527664185,昀,288,0.636620044708252,6039,3,0,0,0,0.0120481927710843,0.9864193441536931,0,0,0,0.0034722222222222,0.9524677045379264,-205,0,0,0,0,0,0
qwen3_4b_2560d_int8,en_def_translated_cn_def,EDGE-05807,ROOT-8FB0,辰,肉,肉,脣,qwen3_4b_2560d_int8__en_def_translated_cn_def__EDGE-05807,6,6,髓,46,0.5548535585403442,髓,67,0.5278438925743103,6039,3,0,0,0,0.0217391304347826,0.9925472010599536,0,0,0,0.0149253731343283,0.9890692282212652,-21,0,0,0,0,0,0
qwen3_4b_2560d_int8,en_def_translated_cn_def,EDGE-05809,ROOT-8FB0,辰,虫,虫,蜃,qwen3_4b_2560d_int8__en_def_translated_cn_def__EDGE-05809,6,6,虺,181,0.4788860976696014,虺,642,0.4525182545185089,6039,3,0,0,0,0.005524861878453,0.9701888042398144,0,0,0,0.0015576323987538,0.893839019542895,-461,0,0,0,0,0,0
qwen3_4b_2560d_int8,en_def_translated_cn_def,EDGE-05810,ROOT-8FB0,辰,貝,貝,賑,qwen3_4b_2560d_int8__en_def_translated_cn_def__EDGE-05810,6,6,螺,2735,0.3764850497245788,蜊,2106,0.4058537483215332,6039,3,0,0,0,0.0003656307129798,0.547201059953627,0,0,0,0.0004748338081671,0.6513746273600529,629,0,0,0,0,0,0
qwen3_4b_2560d_int8,en_def_translated_cn_def,EDGE-05811,ROOT-8FB0,辰,雨,雨,震,qwen3_4b_2560d_int8__en_def_translated_cn_def__EDGE-05811,6,6,雹,569,0.3722202181816101,霜,291,0.406413197517395,6039,3,0,0,0,0.0017574692442882,0.9059291156011924,0,0,0,0.0034364261168384,0.9519708512752568,278,0,0,0,0,0,0
qwen3_4b_2560d_int8,en_def_translated_cn_def,EDGE-06206,ROOT-5360,店,扌,手,掂,qwen3_4b_2560d_int8__en_def_translated_cn_def__EDGE-06206,10,10,臂,314,0.5212465524673462,臂,523,0.5228354930877686,6039,3,0,0,0,0.0031847133757961,0.948161642928122,0,0,0,0.0019120458891013,0.913547532295462,-209,0,0,0,0,0,0
qwen3_4b_2560d_int8,en_def_translated_cn_def,EDGE-06207,ROOT-5360,店,忄,心,惦,qwen3_4b_2560d_int8__en_def_translated_cn_def__EDGE-06207,11,10,腎,907,0.385970801115036,膽,845,0.4210005700588226,6039,3,0,0,0,0.0011025358324145,0.849950314673733,0,0,0,0.0011834319526627,0.8602186154355747,62,0,0,0,0,0,0
qwen3_4b_2560d_int8,en_gloss_unihan,EDGE-00063,ROOT-219CD,賓,亻,人,儐,qwen3_4b_2560d_int8__en_gloss_unihan__EDGE-00063,10,10,某,5720,0.48436039686203,某,1892,0.5206425786018372,9152,3,0,0,0,0.0001748251748251,0.3750409791279642,0,0,0,0.0005285412262156,0.793355917386078,3828,0,0,0,0,0,0
qwen3_4b_2560d_int8,en_gloss_unihan,EDGE-00064,ROOT-219CD,賓,女,女,嬪,qwen3_4b_2560d_int8__en_gloss_unihan__EDGE-00064,10,10,坤,241,0.4088096022605896,嬙,75,0.4711290299892425,9152,3,0,0,0,0.0041493775933609,0.9737733581029396,0,0,0,0.0133333333333333,0.9919134520817398,166,0,0,0,0,0,0
qwen3_4b_2560d_int8,en_gloss_unihan,EDGE-00065,ROOT-219CD,賓,扌,手,擯,qwen3_4b_2560d_int8__en_gloss_unihan__EDGE-00065,10,10,蕝,7460,0.4247766137123108,蕝,7013,0.4077557325363159,9152,3,0,0,0,0.0001340482573726,0.184897825374276,0,0,0,0.0001425923285327,0.2337449459075511,447,0,0,0,0,0,0
qwen3_4b_2560d_int8,en_gloss_unihan,EDGE-00066,ROOT-219CD,賓,木,木,檳,qwen3_4b_2560d_int8__en_gloss_unihan__EDGE-00066,10,10,榾,383,0.5660459995269775,榾,697,0.5417470932006836,9152,3,0,0,0,0.0026109660574412,0.9582559283138454,0,0,0,0.0014347202295552,0.9239427384985248,-314,0,0,0,0,0,0
qwen3_4b_2560d_int8,en_gloss_unihan,EDGE-00067,ROOT-219CD,賓,歹,歹,殯,qwen3_4b_2560d_int8__en_gloss_unihan__EDGE-00067,10,10,惡,2033,0.493664801120758,惡,1648,0.4953457415103912,9152,3,0,0,0,0.0004918839153959,0.777947765271555,0,0,0,0.0006067961165048,0.8200196699814228,385,0,0,0,0,0,0
qwen3_4b_2560d_int8,en_gloss_unihan,EDGE-00068,ROOT-219CD,賓,氵,水,濱,qwen3_4b_2560d_int8__en_gloss_unihan__EDGE-00068,10,10,液,1375,0.5284964442253113,液,2009,0.5093094110488892,9152,3,0,0,0,0.0007272727272727,0.849852475139329,0,0,0,0.0004977600796416,0.7805704294612611,-634,0,0,0,0,0,0
qwen3_4b_2560d_int8,en_gloss_unihan,EDGE-00069,ROOT-219CD,賓,目,目,矉,qwen3_4b_2560d_int8__en_gloss_unihan__EDGE-00069,10,10,見,208,0.485123872756958,看,99,0.5389034748077393,9152,3,0,0,0,0.0048076923076923,0.9773795213637854,0,0,0,0.0101010101010101,0.9892907878920336,109,0,0,0,0,0,0
qwen3_4b_2560d_int8,en_gloss_unihan,EDGE-00070,ROOT-219CD,賓,糸,糸,繽,qwen3_4b_2560d_int8__en_gloss_unihan__EDGE-00070,10,10,曰,8075,0.3196413218975067,繒,8551,0.3601365983486175,9152,3,0,0,0,0.0001238390092879,0.1176920555130587,0,0,0,0.0001169453865045,0.0656758824172221,-476,0,0,0,0,0,0
qwen3_4b_2560d_int8,en_gloss_unihan,EDGE-00071,ROOT-219CD,賓,虫,虫,蠙,qwen3_4b_2560d_int8__en_gloss_unihan__EDGE-00071,10,10,豸,691,0.4697093069553375,蟲,401,0.5230770111083984,9152,3,0,0,0,0.0014471780028943,0.9245984045459512,0,0,0,0.0024937655860349,0.956288930171566,290,0,0,0,0,0,0
qwen3_4b_2560d_int8,en_gloss_unihan,EDGE-00072,ROOT-219CD,賓,髟,髟,鬢,qwen3_4b_2560d_int8__en_gloss_unihan__EDGE-00072,10,10,鳥,110,0.5272853374481201,蓻,16,0.6038022041320801,9152,3,0,0,0,0.009090909090909,0.9880887334717516,0,0,0,0.0625,0.9983608348814336,94,0,0,0,0,0,0
qwen3_4b_2560d_int8,en_gloss_unihan,EDGE-00478,ROOT-4EA5,亥,亻,人,侅,qwen3_4b_2560d_int8__en_gloss_unihan__EDGE-00478,14,14,某,6271,0.476633608341217,另,6511,0.4522892534732818,9152,3,0,0,0,0.000159464200287,0.3148289804392963,0,0,0,0.000153586238673,0.2886023385422358,-240,0,0,0,0,0,0
qwen3_4b_2560d_int8,en_gloss_unihan,EDGE-00479,ROOT-4EA5,亥,刂,刀,刻,qwen3_4b_2560d_int8__en_gloss_unihan__EDGE-00479,14,14,鍰,167,0.609511137008667,鍰,922,0.5638285279273987,9152,3,0,0,0,0.0059880239520958,0.9818599060212,0,0,0,0.0010845986984815,0.8993552617200306,-755,0,0,0,0,0,0
qwen3_4b_2560d_int8,en_gloss_unihan,EDGE-00480,ROOT-4EA5,亥,力,力,劾,qwen3_4b_2560d_int8__en_gloss_unihan__EDGE-00480,14,14,勢,474,0.4867584705352783,權,332,0.5626436471939087,9152,3,0,0,0,0.0021097046413502,0.9483116599278768,0,0,0,0.003012048192771,0.9638290897169708,142,0,0,0,0,0,0
qwen3_4b_2560d_int8,en_gloss_unihan,EDGE-00481,ROOT-4EA5,亥,口,口,咳,qwen3_4b_2560d_int8__en_gloss_unihan__EDGE-00481,14,14,谽,4927,0.4509658217430115,谽,1004,0.5345544815063477,9152,3,0,0,0,0.0002029632636492,0.4616981750628346,0,0,0,0.0009960159362549,0.8903944924052016,3923,0,0,0,0,0,0
qwen3_4b_2560d_int8,en_gloss_unihan,EDGE-00482,ROOT-4EA5,亥,土,土,垓,qwen3_4b_2560d_int8__en_gloss_unihan__EDGE-00482,14,14,坷,1584,0.4920460879802704,坷,2117,0.497566670179367,9152,3,0,0,0,0.0006313131313131,0.8270134411539722,0,0,0,0.0004723665564478,0.7687684406075839,-533,0,0,0,0,0,0
qwen3_4b_2560d_int8,en_gloss_unihan,EDGE-00483,ROOT-4EA5,亥,子,子,孩,qwen3_4b_2560d_int8__en_gloss_unihan__EDGE-00483,14,14,種,10,0.6168586611747742,裔,6,0.6377942562103271,9152,3,0,0,1,0.1,0.9990165009288602,0,0,1,0.1666666666666666,0.9994536116271444,4,0,0,0,0,0,0
qwen3_4b_2560d_int8,en_gloss_unihan,EDGE-00484,ROOT-4EA5,亥,木,木,核,qwen3_4b_2560d_int8__en_gloss_unihan__EDGE-00484,14,14,榾,146,0.601899266242981,楟,1209,0.5499871969223022,9152,3,0,0,0,0.0068493150684931,0.9841547371871928,0,0,0,0.0008271298593879,0.8679925691181292,-1063,0,0,0,0,0,0
qwen3_4b_2560d_int8,en_gloss_unihan,EDGE-00485,ROOT-4EA5,亥,欠,欠,欬,qwen3_4b_2560d_int8__en_gloss_unihan__EDGE-00485,14,14,歉,4367,0.4184409379959106,匱,4096,0.4801373481750488,9152,3,0,0,0,0.0002289901534234,0.5228936728226423,0,0,0,0.000244140625,0.5525079226314065,271,0,0,0,0,0,0
qwen3_4b_2560d_int8,en_gloss_unihan,EDGE-00487,ROOT-4EA5,亥,肉,肉,胲,qwen3_4b_2560d_int8__en_gloss_unihan__EDGE-00487,14,14,食,7556,0.3004185557365417,腶,6570,0.3905996680259704,9152,3,0,0,0,0.0001323451561672,0.1744071686154519,0,0,0,0.000152207001522,0.2821549557425418,986,0,0,0,0,0,0
qwen3_4b_2560d_int8,en_gloss_unihan,EDGE-00488,ROOT-4EA5,亥,艹,艸,荄,qwen3_4b_2560d_int8__en_gloss_unihan__EDGE-00488,14,14,襾,42,0.5981338024139404,萹,4,0.6768008470535278,9152,3,0,0,0,0.0238095238095238,0.9955196153425856,0,1,1,0.25,0.9996721669762868,38,0,0,1,0,1,0
qwen3_4b_2560d_int8,en_gloss_unihan,EDGE-00489,ROOT-4EA5,亥,言,言,該,qwen3_4b_2560d_int8__en_gloss_unihan__EDGE-00489,14,14,曰,5416,0.3256358504295349,云,3657,0.4306958615779876,9152,3,0,0,0,0.0001846381093057,0.408261392197574,0,0,0,0.0002734481815695,0.6004808217681128,1759,0,0,0,0,0,0
qwen3_4b_2560d_int8,en_gloss_unihan,EDGE-00490,ROOT-4EA5,亥,門,門,閡,qwen3_4b_2560d_int8__en_gloss_unihan__EDGE-00490,14,14,閽,2407,0.4048254489898681,闥,1340,0.5110976099967957,9152,3,0,0,0,0.0004154549231408,0.7370779149819692,0,0,0,0.0007462686567164,0.853677193749317,1067,0,0,0,0,0,0
qwen3_4b_2560d_int8,en_gloss_unihan,EDGE-00492,ROOT-4EA5,亥,頁,頁,頦,qwen3_4b_2560d_int8__en_gloss_unihan__EDGE-00492,14,14,葉,233,0.4597817659378052,葉,26,0.5526708960533142,9152,3,0,0,0,0.0042918454935622,0.9746475794995082,0,0,0,0.0384615384615384,0.9972680581357228,207,0,0,0,0,0,0
qwen3_4b_2560d_int8,en_gloss_unihan,EDGE-00493,ROOT-4EA5,亥,馬,馬,駭,qwen3_4b_2560d_int8__en_gloss_unihan__EDGE-00493,14,14,鹿,8541,0.3084848821163177,鹿,8690,0.3513447046279907,9152,3,0,0,0,0.0001170823088631,0.066768659162933,0,0,0,0.0001150747986191,0.0504862856518413,-149,0,0,0,0,0,0
qwen3_4b_2560d_int8,en_gloss_unihan,EDGE-00494,ROOT-4EA5,亥,骨,骨,骸,qwen3_4b_2560d_int8__en_gloss_unihan__EDGE-00494,14,14,骸,1,0.6010735034942627,骷,5,0.6342155933380127,9152,3,1,1,1,1.0,1.0,0,1,1,0.2,0.9995628893017156,-4,0,1,0,0,0,0
qwen3_4b_2560d_int8,en_gloss_unihan,EDGE-00734,ROOT-5143,元,刂,刀,刓,qwen3_4b_2560d_int8__en_gloss_unihan__EDGE-00734,14,12,鍰,766,0.567442774772644,鍰,483,0.5778912901878357,9152,3,0,0,0,0.0013054830287206,0.9164025789531198,0,0,0,0.0020703933747412,0.947328160856737,283,0,0,0,0,0,0
qwen3_4b_2560d_int8,en_gloss_unihan,EDGE-00747,ROOT-5143,元,氵,水,沅,qwen3_4b_2560d_int8__en_gloss_unihan__EDGE-00747,13,12,液,6683,0.4404150545597076,液,5922,0.4399697780609131,9152,3,0,0,0,0.0001496333981744,0.2698065785160092,0,0,0,0.0001688618709895,0.3529668888646049,761,0,0,0,0,0,0
qwen3_4b_2560d_int8,en_gloss_unihan,EDGE-00748,ROOT-5143,元,王,玉,玩,qwen3_4b_2560d_int8__en_gloss_unihan__EDGE-00748,14,12,琦,3711,0.4822167158126831,琦,3266,0.4944885373115539,9152,3,0,0,0,0.0002694691457828,0.5945798273412741,0,0,0,0.0003061849357011,0.6432083925254071,445,0,0,0,0,0,0
qwen3_4b_2560d_int8,en_gloss_unihan,EDGE-00749,ROOT-5143,元,習,習,翫,qwen3_4b_2560d_int8__en_gloss_unihan__EDGE-00749,14,12,翩,2291,0.5362639427185059,翩,3720,0.4874002933502197,9152,3,0,0,0,0.0004364906154517,0.7497541252322151,0,0,0,0.000268817204301,0.5935963282701344,-1429,0,0,0,0,0,0
qwen3_4b_2560d_int8,en_gloss_unihan,EDGE-00750,ROOT-5143,元,艹,艸,芫,qwen3_4b_2560d_int8__en_gloss_unihan__EDGE-00750,13,12,襾,1096,0.4410311579704284,萹,314,0.5484651923179626,9152,3,0,0,0,0.000912408759124,0.8803409463446618,0,0,0,0.0031847133757961,0.9657960878592504,782,0,0,0,0,0,0
qwen3_4b_2560d_int8,en_gloss_unihan,EDGE-00754,ROOT-5143,元,頁,頁,頑,qwen3_4b_2560d_int8__en_gloss_unihan__EDGE-00754,14,12,葉,6755,0.3523869216442108,葉,7986,0.3697846829891205,9152,3,0,0,0,0.0001480384900074,0.261938585946891,0,0,0,0.0001252191334835,0.1274177685498853,-1231,0,0,0,0,0,0
qwen3_4b_2560d_int8,en_gloss_unihan,EDGE-00755,ROOT-5143,元,黽,黽,黿,qwen3_4b_2560d_int8__en_gloss_unihan__EDGE-00755,14,12,掙,7175,0.3431347012519836,勱,7205,0.3806082308292389,9152,3,0,0,0,0.0001393728222996,0.2160419626270353,0,0,0,0.0001387925052047,0.2127636323899027,-30,0,0,0,0,0,0
qwen3_4b_2560d_int8,en_gloss_unihan,EDGE-00807,ROOT-5303,曷,亻,人,偈,qwen3_4b_2560d_int8__en_gloss_unihan__EDGE-00807,25,22,某,2369,0.5255955457687378,某,2822,0.5251855850219727,9152,3,0,0,0,0.0004221190375685,0.7412304666156704,0,0,0,0.0003543586109142,0.6917276800349689,-453,0,0,0,0,0,0
qwen3_4b_2560d_int8,en_gloss_unihan,EDGE-00808,ROOT-5303,曷,口,口,喝,qwen3_4b_2560d_int8__en_gloss_unihan__EDGE-00808,25,22,谽,2639,0.4822164475917816,谽,2789,0.5045313835144043,9152,3,0,0,0,0.0003789314134141,0.7117254944814775,0,0,0,0.0003585514521333,0.6953338432958147,-150,0,0,0,0,0,0
qwen3_4b_2560d_int8,en_gloss_unihan,EDGE-00809,ROOT-5303,曷,土,土,堨,qwen3_4b_2560d_int8__en_gloss_unihan__EDGE-00809,25,22,坷,2409,0.478474885225296,坷,550,0.5372600555419922,9152,3,0,0,0,0.0004151100041511,0.736859359632827,0,0,0,0.0018181818181818,0.9400065566604744,1859,0,0,0,0,0,0
qwen3_4b_2560d_int8,en_gloss_unihan,EDGE-00810,ROOT-5303,曷,忄,心,愒,qwen3_4b_2560d_int8__en_gloss_unihan__EDGE-00810,25,22,尾,6832,0.2575398087501526,星,4170,0.3213646411895752,9152,3,0,0,0,0.0001463700234192,0.2535242050049174,0,0,0,0.0002398081534772,0.5444213747131461,2662,0,0,0,0,0,0
qwen3_4b_2560d_int8,en_gloss_unihan,EDGE-00811,ROOT-5303,曷,扌,手,揭,qwen3_4b_2560d_int8__en_gloss_unihan__EDGE-00811,24,22,蕝,6781,0.4406761825084686,蕝,7446,0.4082246422767639,9152,3,0,0,0,0.0001474708745022,0.2590973664080428,0,0,0,0.0001343002954606,0.1864277128182712,-665,0,0,0,0,0,0
qwen3_4b_2560d_int8,en_gloss_unihan,EDGE-00812,ROOT-5303,曷,日,日,暍,qwen3_4b_2560d_int8__en_gloss_unihan__EDGE-00812,25,22,晝,11,0.7743507027626038,晝,6,0.7786428332328796,9152,3,0,0,0,0.0909090909090909,0.9989072232542892,0,0,1,0.1666666666666666,0.9994536116271444,5,0,0,0,0,1,0
qwen3_4b_2560d_int8,en_gloss_unihan,EDGE-00813,ROOT-5303,曷,去,去,朅,qwen3_4b_2560d_int8__en_gloss_unihan__EDGE-00813,25,22,訣,2518,0.5274634957313538,訣,553,0.5800974369049072,9152,3,0,0,0,0.000397140587768,0.7249480931045788,0,0,0,0.0018083182640144,0.939678723636761,1965,0,0,0,0,0,0
qwen3_4b_2560d_int8,en_gloss_unihan,EDGE-00814,ROOT-5303,曷,木,木,楬,qwen3_4b_2560d_int8__en_gloss_unihan__EDGE-00814,25,22,榾,379,0.5662814974784851,榾,415,0.5841394066810608,9152,3,0,0,0,0.0026385224274406,0.9586930390121298,0,0,0,0.0024096385542168,0.9547590427275708,-36,0,0,0,0,0,0
qwen3_4b_2560d_int8,en_gloss_unihan,EDGE-00815,ROOT-5303,曷,欠,欠,歇,qwen3_4b_2560d_int8__en_gloss_unihan__EDGE-00815,25,22,歉,1715,0.4544299840927124,匱,1249,0.5333712697029114,9152,3,0,0,0,0.0005830903790087,0.8126980657851601,0,0,0,0.0008006405124099,0.8636214621352858,466,0,0,0,0,0,0
qwen3_4b_2560d_int8,en_gloss_unihan,EDGE-00817,ROOT-5303,曷,氵,水,渴,qwen3_4b_2560d_int8__en_gloss_unihan__EDGE-00817,25,22,液,3966,0.4834078550338745,液,5662,0.4565549790859222,9152,3,0,0,0,0.0002521432173474,0.5667140203256475,0,0,0,0.0001766160367361,0.3813790842530871,-1696,0,0,0,0,0,0
qwen3_4b_2560d_int8,en_gloss_unihan,EDGE-00818,ROOT-5303,曷,犭,犬,猲,qwen3_4b_2560d_int8__en_gloss_unihan__EDGE-00818,25,22,獫,5445,0.3348400592803955,獫,5081,0.3886138498783111,9152,3,0,0,0,0.0001836547291092,0.4050923396350125,0,0,0,0.0001968116512497,0.4448694131788875,364,0,0,0,0,0,0
qwen3_4b_2560d_int8,en_gloss_unihan,EDGE-00819,ROOT-5303,曷,石,石,碣,qwen3_4b_2560d_int8__en_gloss_unihan__EDGE-00819,25,22,穴,177,0.4768996238708496,礓,43,0.5882897973060608,9152,3,0,0,0,0.0056497175141242,0.980767129275489,0,0,0,0.0232558139534883,0.9954103376680145,134,0,0,0,0,0,0
qwen3_4b_2560d_int8,en_gloss_unihan,EDGE-00821,ROOT-5303,曷,立,立,竭,qwen3_4b_2560d_int8__en_gloss_unihan__EDGE-00821,25,22,站,1343,0.530430018901825,站,1562,0.5332699418067932,9152,3,0,0,0,0.0007446016381236,0.8533493607256037,0,0,0,0.0006402048655569,0.8294175499945361,-219,0,0,0,0,0,0
qwen3_4b_2560d_int8,en_gloss_unihan,EDGE-00822,ROOT-5303,曷,羊,羊,羯,qwen3_4b_2560d_int8__en_gloss_unihan__EDGE-00822,25,22,羱,82,0.5326374173164368,羱,33,0.6027594208717346,9152,3,0,0,0,0.0121951219512195,0.991148508359742,0,0,0,0.0303030303030303,0.9965031144137252,49,0,0,0,0,0,0
qwen3_4b_2560d_int8,en_gloss_unihan,EDGE-00823,ROOT-5303,曷,艹,艸,葛,qwen3_4b_2560d_int8__en_gloss_unihan__EDGE-00823,24,22,襾,690,0.4563553035259247,萹,2210,0.517257034778595,9152,3,0,0,0,0.0014492753623188,0.9247076822205224,0,0,0,0.0004524886877828,0.758605616872473,-1520,0,0,0,0,0,0
qwen3_4b_2560d_int8,en_gloss_unihan,EDGE-00826,ROOT-5303,曷,虫,虫,蝎,qwen3_4b_2560d_int8__en_gloss_unihan__EDGE-00826,24,22,豸,149,0.5395590662956238,蟲,72,0.6630250215530396,9152,3,0,0,0,0.0067114093959731,0.9838269041634794,0,0,0,0.0138888888888888,0.992241285105453,77,0,0,0,0,0,0
qwen3_4b_2560d_int8,en_gloss_unihan,EDGE-00827,ROOT-5303,曷,衤,衣,褐,qwen3_4b_2560d_int8__en_gloss_unihan__EDGE-00827,25,22,服,231,0.466499924659729,服,115,0.5586482882499695,9152,3,0,0,0,0.0043290043290043,0.9748661348486504,0,0,0,0.008695652173913,0.9875423450988964,116,0,0,0,0,0,0
qwen3_4b_2560d_int8,en_gloss_unihan,EDGE-00828,ROOT-5303,曷,言,言,謁,qwen3_4b_2560d_int8__en_gloss_unihan__EDGE-00828,25,22,曰,4075,0.3440504074096679,云,3118,0.4488195478916168,9152,3,0,0,0,0.0002453987730061,0.5548027537973992,0,0,0,0.0003207184092366,0.6593814883619277,957,0,0,0,0,0,0
qwen3_4b_2560d_int8,en_gloss_unihan,EDGE-00832,ROOT-5303,曷,革,革,鞨,qwen3_4b_2560d_int8__en_gloss_unihan__EDGE-00832,25,22,韋,1952,0.4034807384014129,韋,940,0.5183342099189758,9152,3,0,0,0,0.0005122950819672,0.786799256911813,0,0,0,0.001063829787234,0.897388263577751,1012,0,0,0,0,0,0
qwen3_4b_2560d_int8,en_gloss_unihan,EDGE-00833,ROOT-5303,曷,飠,食,餲,qwen3_4b_2560d_int8__en_gloss_unihan__EDGE-00833,25,22,餐,3094,0.3711715936660766,餐,1600,0.4721867442131042,9152,3,0,0,0,0.0003232062055591,0.6620041525516337,0,0,0,0.000625,0.8252649983608349,1494,0,0,0,0,0,0
qwen3_4b_2560d_int8,en_gloss_unihan,EDGE-00834,ROOT-5303,曷,鳥,鳥,鶡,qwen3_4b_2560d_int8__en_gloss_unihan__EDGE-00834,25,22,隹,180,0.5252417325973511,鴾,194,0.5948993563652039,9152,3,0,0,0,0.0055555555555555,0.9804392962517756,0,0,0,0.0051546391752577,0.9789094088077804,-14,0,0,0,0,0,0
qwen3_4b_2560d_int8,en_gloss_unihan,EDGE-02217,ROOT-572D,圭,亻,人,佳,qwen3_4b_2560d_int8__en_gloss_unihan__EDGE-02217,24,22,某,7224,0.4581932127475738,某,8109,0.4209911227226257,9152,3,0,0,0,0.0001384274640088,0.2106873565730521,0,0,0,0.0001233197681588,0.1139766145776417,-885,0,0,0,0,0,0
qwen3_4b_2560d_int8,en_gloss_unihan,EDGE-02218,ROOT-572D,圭,刂,刀,刲,qwen3_4b_2560d_int8__en_gloss_unihan__EDGE-02218,24,22,鍰,107,0.6241047382354736,鍰,100,0.6305904984474182,9152,3,0,0,0,0.0093457943925233,0.9884165664954648,0,0,0,0.01,0.9891815102174626,7,0,0,0,0,0,0
qwen3_4b_2560d_int8,en_gloss_unihan,EDGE-02219,ROOT-572D,圭,卜,卜,卦,qwen3_4b_2560d_int8__en_gloss_unihan__EDGE-02219,24,22,讖,2,0.8380392789840698,卦,1,0.8143132328987122,9152,3,0,1,1,0.5,0.9998907223254287,1,1,1,1.0,1.0,1,1,0,0,0,0,0
qwen3_4b_2560d_int8,en_gloss_unihan,EDGE-02226,ROOT-572D,圭,口,口,哇,qwen3_4b_2560d_int8__en_gloss_unihan__EDGE-02226,24,22,谽,2493,0.4843046069145202,谽,1884,0.5153831839561462,9152,3,0,0,0,0.0004011231448054,0.7276800349688559,0,0,0,0.0005307855626326,0.7942301387826467,609,0,0,0,0,0,0
qwen3_4b_2560d_int8,en_gloss_unihan,EDGE-02227,ROOT-572D,圭,大,大,奎,qwen3_4b_2560d_int8__en_gloss_unihan__EDGE-02227,24,22,灝,8989,0.3006370961666107,灝,8996,0.2548006474971771,9152,3,0,0,0,0.0001112470797641,0.0178122609550869,0,0,0,0.0001111605157847,0.0170473172330892,-7,0,0,0,0,0,0
qwen3_4b_2560d_int8,en_gloss_unihan,EDGE-02229,ROOT-572D,圭,女,女,娃,qwen3_4b_2560d_int8__en_gloss_unihan__EDGE-02229,24,22,坤,412,0.391393631696701,嫈,302,0.4552462697029114,9152,3,0,0,0,0.0024271844660194,0.955086875751284,0,0,0,0.0033112582781456,0.9671074199541034,110,0,0,0,0,0,0
qwen3_4b_2560d_int8,en_gloss_unihan,EDGE-02230,ROOT-572D,圭,心,心,恚,qwen3_4b_2560d_int8__en_gloss_unihan__EDGE-02230,24,22,尾,2417,0.2983869612216949,房,2285,0.3449449837207794,9152,3,0,0,0,0.0004137360364087,0.7359851382362583,0,0,0,0.0004376367614879,0.7504097912796416,132,0,0,0,0,0,0
qwen3_4b_2560d_int8,en_gloss_unihan,EDGE-02231,ROOT-572D,圭,扌,手,挂,qwen3_4b_2560d_int8__en_gloss_unihan__EDGE-02231,23,22,蕝,2726,0.5254719257354736,蕝,3464,0.4969584047794342,9152,3,0,0,0,0.0003668378576669,0.7022183367937931,0,0,0,0.0002886836027713,0.6215714129603322,-738,0,0,0,0,0,0
qwen3_4b_2560d_int8,en_gloss_unihan,EDGE-02232,ROOT-572D,圭,木,木,桂,qwen3_4b_2560d_int8__en_gloss_unihan__EDGE-02232,24,22,榾,468,0.5589902400970459,榾,745,0.5717734098434448,9152,3,0,0,0,0.0021367521367521,0.9489673259753032,0,0,0,0.0013422818791946,0.9186974101191128,-277,0,0,0,0,0,0
qwen3_4b_2560d_int8,en_gloss_unihan,EDGE-02233,ROOT-572D,圭,氵,水,洼,qwen3_4b_2560d_int8__en_gloss_unihan__EDGE-02233,23,22,液,1889,0.5175955891609192,液,2820,0.5114687085151672,9152,3,0,0,0,0.0005293806246691,0.7936837504097913,0,0,0,0.000354609929078,0.691946235384111,-931,0,0,0,0,0,0
qwen3_4b_2560d_int8,en_gloss_unihan,EDGE-02235,ROOT-572D,圭,火,火,烓,qwen3_4b_2560d_int8__en_gloss_unihan__EDGE-02235,24,22,炎,3394,0.4637492895126343,炎,2111,0.5070260167121887,9152,3,0,0,0,0.0002946375957572,0.6292208501803082,0,0,0,0.0004737091425864,0.7694241066550104,1283,0,0,0,0,0,0
qwen3_4b_2560d_int8,en_gloss_unihan,EDGE-02236,ROOT-572D,圭,王,玉,珪,qwen3_4b_2560d_int8__en_gloss_unihan__EDGE-02236,24,22,琦,89,0.652901828289032,琦,137,0.6329858899116516,9152,3,0,0,0,0.0112359550561797,0.9903835646377444,0,0,0,0.0072992700729927,0.9851382362583324,-48,0,0,0,0,0,0
qwen3_4b_2560d_int8,en_gloss_unihan,EDGE-02237,ROOT-572D,圭,田,田,畦,qwen3_4b_2560d_int8__en_gloss_unihan__EDGE-02237,24,22,疇,43,0.6113411784172058,疇,38,0.6184211373329163,9152,3,0,0,0,0.0232558139534883,0.9954103376680145,0,0,0,0.0263157894736842,0.9959567260408698,5,0,0,0,0,0,0
qwen3_4b_2560d_int8,en_gloss_unihan,EDGE-02238,ROOT-572D,圭,目,目,眭,qwen3_4b_2560d_int8__en_gloss_unihan__EDGE-02238,24,22,見,201,0.4872966110706329,瞷,44,0.6028706431388855,9152,3,0,0,0,0.0049751243781094,0.978144465085783,0,0,0,0.0227272727272727,0.9953010599934432,157,0,0,0,0,0,0
qwen3_4b_2560d_int8,en_gloss_unihan,EDGE-02241,ROOT-572D,圭,糸,糸,絓,qwen3_4b_2560d_int8__en_gloss_unihan__EDGE-02241,24,22,曰,6335,0.345304012298584,紽,3967,0.4420105814933777,9152,3,0,0,0,0.0001578531965272,0.3078352092667468,0,0,0,0.0002520796571716,0.5666047426510764,2368,0,0,0,0,0,0
qwen3_4b_2560d_int8,en_gloss_unihan,EDGE-02243,ROOT-572D,圭,虫,虫,蛙,qwen3_4b_2560d_int8__en_gloss_unihan__EDGE-02243,24,22,豸,208,0.5210211277008057,蟲,118,0.6171553730964661,9152,3,0,0,0,0.0048076923076923,0.9773795213637854,0,0,0,0.0084745762711864,0.9872145120751832,90,0,0,0,0,0,0
qwen3_4b_2560d_int8,en_gloss_unihan,EDGE-02244,ROOT-572D,圭,行,行,街,qwen3_4b_2560d_int8__en_gloss_unihan__EDGE-02244,24,22,走,1216,0.4231428503990173,走,1245,0.4824556112289428,9152,3,0,0,0,0.0008223684210526,0.8672276253961315,0,0,0,0.0008032128514056,0.8640585728335701,-29,0,0,0,0,0,0
qwen3_4b_2560d_int8,en_gloss_unihan,EDGE-02246,ROOT-572D,圭,言,言,詿,qwen3_4b_2560d_int8__en_gloss_unihan__EDGE-02246,24,22,曰,4756,0.3346392512321472,云,6516,0.3983426094055176,9152,3,0,0,0,0.0002102607232968,0.4803846574144902,0,0,0,0.0001534683855125,0.2880559501693803,-1760,0,0,0,0,0,0
qwen3_4b_2560d_int8,en_gloss_unihan,EDGE-02248,ROOT-572D,圭,門,門,閨,qwen3_4b_2560d_int8__en_gloss_unihan__EDGE-02248,24,22,閽,178,0.507114589214325,闥,39,0.5937161445617676,9152,3,0,0,0,0.0056179775280898,0.980657851600918,0,0,0,0.0256410256410256,0.9958474483662988,139,0,0,0,0,0,0
qwen3_4b_2560d_int8,en_gloss_unihan,EDGE-02249,ROOT-572D,圭,革,革,鞋,qwen3_4b_2560d_int8__en_gloss_unihan__EDGE-02249,24,22,韋,1521,0.4120470881462097,韋,1602,0.4897709488868713,9152,3,0,0,0,0.0006574621959237,0.8338979346519506,0,0,0,0.0006242197253433,0.8250464430116927,-81,0,0,0,0,0,0
qwen3_4b_2560d_int8,en_gloss_unihan,EDGE-02266,ROOT-582F,堯,亻,人,僥,qwen3_4b_2560d_int8__en_gloss_unihan__EDGE-02266,17,17,某,7272,0.457369714975357,某,6931,0.4500617682933807,9152,3,0,0,0,0.0001375137513751,0.20544202819364,0,0,0,0.0001442793247727,0.24270571522238,341,0,0,0,0,0,0
qwen3_4b_2560d_int8,en_gloss_unihan,EDGE-02267,ROOT-582F,堯,口,口,嘵,qwen3_4b_2560d_int8__en_gloss_unihan__EDGE-02267,17,17,谽,2677,0.4816072583198547,谽,564,0.536236047744751,9152,3,0,0,0,0.000373552484124,0.7075729428477762,0,0,0,0.00177304964539,0.9384766692164792,2113,0,0,0,0,0,0
qwen3_4b_2560d_int8,en_gloss_unihan,EDGE-02268,ROOT-582F,堯,女,女,嬈,qwen3_4b_2560d_int8__en_gloss_unihan__EDGE-02268,17,17,坤,626,0.3779800534248352,坤,112,0.4543963372707367,9152,3,0,0,0,0.0015974440894568,0.9317014533930718,0,0,0,0.0089285714285714,0.9878701781226096,514,0,0,0,0,0,0
qwen3_4b_2560d_int8,en_gloss_unihan,EDGE-02269,ROOT-582F,堯,山,山,嶢,qwen3_4b_2560d_int8__en_gloss_unihan__EDGE-02269,17,17,嶽,65,0.6921765804290771,嶽,49,0.6851474642753601,9152,3,0,0,0,0.0153846153846153,0.9930062288274506,0,0,0,0.0204081632653061,0.994754671620588,16,0,0,0,0,0,0
qwen3_4b_2560d_int8,en_gloss_unihan,EDGE-02270,ROOT-582F,堯,扌,手,撓,qwen3_4b_2560d_int8__en_gloss_unihan__EDGE-02270,17,17,蕝,6356,0.4490629434585571,蕝,4773,0.4724473357200622,9152,3,0,0,0,0.000157331655129,0.3055403781007539,0,0,0,0.0002095118374188,0.4785269369467817,1583,0,0,0,0,0,0
qwen3_4b_2560d_int8,en_gloss_unihan,EDGE-02271,ROOT-582F,堯,日,日,曉,qwen3_4b_2560d_int8__en_gloss_unihan__EDGE-02271,17,17,晝,57,0.652684211730957,晝,114,0.6147717833518982,9152,3,0,0,0,0.0175438596491228,0.9938804502240192,0,0,0,0.0087719298245614,0.9876516227734674,-57,0,0,0,0,0,0
qwen3_4b_2560d_int8,en_gloss_unihan,EDGE-02272,ROOT-582F,堯,木,木,橈,qwen3_4b_2560d_int8__en_gloss_unihan__EDGE-02272,17,17,榾,92,0.6277391910552979,榾,124,0.5934038758277893,9152,3,0,0,0,0.0108695652173913,0.9900557316140312,0,0,0,0.0080645161290322,0.9865588460277566,-32,0,0,0,0,0,0
qwen3_4b_2560d_int8,en_gloss_unihan,EDGE-02273,ROOT-582F,堯,氵,水,澆,qwen3_4b_2560d_int8__en_gloss_unihan__EDGE-02273,17,17,液,6,0.6988866329193115,液,5,0.6784761548042297,9152,3,0,0,1,0.1666666666666666,0.9994536116271444,0,1,1,0.2,0.9995628893017156,1,0,0,1,0,0,0
qwen3_4b_2560d_int8,en_gloss_unihan,EDGE-02274,ROOT-582F,堯,火,火,燒,qwen3_4b_2560d_int8__en_gloss_unihan__EDGE-02274,17,17,炎,49,0.6393578052520752,炎,73,0.62638920545578,9152,3,0,0,0,0.0204081632653061,0.994754671620588,0,0,0,0.0136986301369863,0.992132007430882,-24,0,0,0,0,0,0
qwen3_4b_2560d_int8,en_gloss_unihan,EDGE-02276,ROOT-582F,堯,石,石,磽,qwen3_4b_2560d_int8__en_gloss_unihan__EDGE-02276,17,17,穴,5877,0.3407418131828308,礓,5884,0.4061673879623413,9152,3,0,0,0,0.0001701548409052,0.3578843842203038,0,0,0,0.0001699524133242,0.3571194404983062,-7,0,0,0,0,0,0
qwen3_4b_2560d_int8,en_gloss_unihan,EDGE-02277,ROOT-582F,堯,糸,糸,繞,qwen3_4b_2560d_int8__en_gloss_unihan__EDGE-02277,17,17,曰,354,0.4495548903942108,絁,146,0.5384914875030518,9152,3,0,0,0,0.0028248587570621,0.9614249808764068,0,0,0,0.0068493150684931,0.9841547371871928,208,0,0,0,0,0,0
qwen3_4b_2560d_int8,en_gloss_unihan,EDGE-02278,ROOT-582F,堯,羽,羽,翹,qwen3_4b_2560d_int8__en_gloss_unihan__EDGE-02278,17,17,翎,5897,0.3507620394229889,翎,4830,0.4288942813873291,9152,3,0,0,0,0.000169577751399,0.3556988307288821,0,0,0,0.0002070393374741,0.4722981094962299,1067,0,0,0,0,0,0
qwen3_4b_2560d_int8,en_gloss_unihan,EDGE-02280,ROOT-582F,堯,艹,艸,蕘,qwen3_4b_2560d_int8__en_gloss_unihan__EDGE-02280,17,17,襾,339,0.4841698408126831,萹,481,0.5348988771438599,9152,3,0,0,0,0.0029498525073746,0.9630641459949733,0,0,0,0.002079002079002,0.9475467162058792,-142,0,0,0,0,0,0
qwen3_4b_2560d_int8,en_gloss_unihan,EDGE-02281,ROOT-582F,堯,虫,虫,蟯,qwen3_4b_2560d_int8__en_gloss_unihan__EDGE-02281,17,17,豸,156,0.538275957107544,蟲,119,0.5904772281646729,9152,3,0,0,0,0.0064102564102564,0.9830619604414818,0,0,0,0.0084033613445378,0.987105234400612,37,0,0,0,0,0,0
qwen3_4b_2560d_int8,en_gloss_unihan,EDGE-02282,ROOT-582F,堯,言,言,譊,qwen3_4b_2560d_int8__en_gloss_unihan__EDGE-02282,17,17,曰,4910,0.3324775099754333,云,3626,0.4246080815792084,9152,3,0,0,0,0.00020366598778,0.4635558955305431,0,0,0,0.0002757859900717,0.6038684296798165,1284,0,0,0,0,0,0
qwen3_4b_2560d_int8,en_gloss_unihan,EDGE-02285,ROOT-582F,堯,釒,金,鐃,qwen3_4b_2560d_int8__en_gloss_unihan__EDGE-02285,17,17,貝,3278,0.3478548228740692,鐶,3268,0.4111033678054809,9152,3,0,0,0,0.0003050640634533,0.6418970604305541,0,0,0,0.0003059975520195,0.6429898371762649,10,0,0,0,0,0,0
qwen3_4b_2560d_int8,en_gloss_unihan,EDGE-02287,ROOT-582F,堯,飠,食,饒,qwen3_4b_2560d_int8__en_gloss_unihan__EDGE-02287,17,17,餐,1110,0.4028392732143402,餐,562,0.4925349354743957,9152,3,0,0,0,0.0009009009009009,0.8788110589006666,0,0,0,0.0017793594306049,0.9386952245656212,548,0,0,0,0,0,0
qwen3_4b_2560d_int8,en_gloss_unihan,EDGE-02288,ROOT-582F,堯,馬,馬,驍,qwen3_4b_2560d_int8__en_gloss_unihan__EDGE-02288,17,17,鹿,291,0.4811860620975494,鹿,140,0.5555934309959412,9152,3,0,0,0,0.0034364261168384,0.9683094743743852,0,0,0,0.0071428571428571,0.9848104032346192,151,0,0,0,0,0,0
qwen3_4b_2560d_int8,en_gloss_unihan,EDGE-03014,ROOT-382F,台,女,女,始,qwen3_4b_2560d_int8__en_gloss_unihan__EDGE-03014,22,20,坤,7339,0.2905661165714264,嫈,6468,0.3900031149387359,9152,3,0,0,0,0.0001362583458236,0.1981204239973772,0,0,0,0.0001546072974644,0.2933012785487925,871,0,0,0,0,0,0
qwen3_4b_2560d_int8,en_gloss_unihan,EDGE-03015,ROOT-382F,台,心,心,怠,qwen3_4b_2560d_int8__en_gloss_unihan__EDGE-03015,22,20,尾,4288,0.2804288566112518,魂,5458,0.3482336699962616,9152,3,0,0,0,0.0002332089552238,0.531526609113758,0,0,0,0.0001832172957127,0.4036717298655884,-1170,0,0,0,0,0,0
qwen3_4b_2560d_int8,en_gloss_unihan,EDGE-03016,ROOT-382F,台,忄,心,怡,qwen3_4b_2560d_int8__en_gloss_unihan__EDGE-03016,22,20,尾,3886,0.2841758131980896,魂,7361,0.3240658044815063,9152,3,0,0,0,0.0002573340195573,0.5754562342913343,0,0,0,0.0001358511071865,0.1957163151568134,-3475,0,0,0,0,0,0
qwen3_4b_2560d_int8,en_gloss_unihan,EDGE-03017,ROOT-382F,台,木,木,枲,qwen3_4b_2560d_int8__en_gloss_unihan__EDGE-03017,22,20,榾,6967,0.4459953606128692,榾,6697,0.4731120467185974,9152,3,0,0,0,0.0001435338022104,0.238771718937821,0,0,0,0.0001493205913095,0.268276691072014,270,0,0,0,0,0,0
qwen3_4b_2560d_int8,en_gloss_unihan,EDGE-03018,ROOT-382F,台,歹,歹,殆,qwen3_4b_2560d_int8__en_gloss_unihan__EDGE-03018,22,20,惡,204,0.6021119356155396,惡,384,0.5737122297286987,9152,3,0,0,0,0.0049019607843137,0.9778166320620696,0,0,0,0.0026041666666666,0.9581466506392744,-180,0,0,0,0,0,0
qwen3_4b_2560d_int8,en_gloss_unihan,EDGE-03019,ROOT-382F,台,氵,水,治,qwen3_4b_2560d_int8__en_gloss_unihan__EDGE-03019,21,20,液,3843,0.4851887822151184,液,3977,0.488069474697113,9152,3,0,0,0,0.0002602133749674,0.580155174297891,0,0,0,0.0002514458134272,0.5655119659053656,-134,0,0,0,0,0,0
qwen3_4b_2560d_int8,en_gloss_unihan,EDGE-03020,ROOT-382F,台,火,火,炱,qwen3_4b_2560d_int8__en_gloss_unihan__EDGE-03020,22,20,炎,2887,0.4743744730949402,炎,1483,0.5342851281166077,9152,3,0,0,0,0.0003463803255975,0.6846246311878483,0,0,0,0.0006743088334457,0.8380504862856518,1404,0,0,0,0,0,0
qwen3_4b_2560d_int8,en_gloss_unihan,EDGE-03022,ROOT-382F,台,目,目,眙,qwen3_4b_2560d_int8__en_gloss_unihan__EDGE-03022,22,20,見,109,0.5226865410804749,視,21,0.6522858738899231,9152,3,0,0,0,0.0091743119266055,0.9881980111463228,0,0,0,0.0476190476190476,0.9978144465085784,88,0,0,0,0,0,0
qwen3_4b_2560d_int8,en_gloss_unihan,EDGE-03023,ROOT-382F,台,竹,竹,笞,qwen3_4b_2560d_int8__en_gloss_unihan__EDGE-03023,22,20,笛,49,0.5941952466964722,笛,32,0.6925128698348999,9152,3,0,0,0,0.0204081632653061,0.994754671620588,0,0,0,0.03125,0.9966123920882964,17,0,0,0,0,0,0
qwen3_4b_2560d_int8,en_gloss_unihan,EDGE-03024,ROOT-382F,台,糸,糸,紿,qwen3_4b_2560d_int8__en_gloss_unihan__EDGE-03024,22,20,曰,6527,0.3429289758205414,紽,5300,0.4631454646587372,9152,3,0,0,0,0.0001532097441397,0.2868538957490985,0,0,0,0.000188679245283,0.4209376024478198,1227,0,0,0,0,0,0
qwen3_4b_2560d_int8,en_gloss_unihan,EDGE-03025,ROOT-382F,台,肉,肉,胎,qwen3_4b_2560d_int8__en_gloss_unihan__EDGE-03025,22,20,食,2573,0.3611518144607544,腶,2230,0.4843003451824188,9152,3,0,0,0,0.0003886513797123,0.718937821003169,0,0,0,0.0004484304932735,0.7564200633810513,343,0,0,0,0,0,0
qwen3_4b_2560d_int8,en_gloss_unihan,EDGE-03026,ROOT-382F,台,艹,艸,苔,qwen3_4b_2560d_int8__en_gloss_unihan__EDGE-03026,22,20,襾,1939,0.422265350818634,萹,2273,0.5330935716629028,9152,3,0,0,0,0.000515729757607,0.788219866681237,0,0,0,0.0004399472063352,0.7517211233744946,-334,0,0,0,0,0,0
qwen3_4b_2560d_int8,en_gloss_unihan,EDGE-03027,ROOT-382F,台,言,言,詒,qwen3_4b_2560d_int8__en_gloss_unihan__EDGE-03027,22,20,曰,2531,0.3664405643939972,云,411,0.5272344350814819,9152,3,0,0,0,0.0003951007506914,0.7235274833351546,0,0,0,0.0024330900243309,0.9551961534258552,2120,0,0,0,0,0,0
qwen3_4b_2560d_int8,en_gloss_unihan,EDGE-03028,ROOT-382F,台,貝,貝,貽,qwen3_4b_2560d_int8__en_gloss_unihan__EDGE-03028,22,20,金,2160,0.3376177847385406,錢,931,0.4623193144798279,9152,3,0,0,0,0.0004629629629629,0.7640695006010272,0,0,0,0.0010741138560687,0.8983717626488908,1229,0,0,0,0,0,0
qwen3_4b_2560d_int8,en_gloss_unihan,EDGE-03031,ROOT-382F,台,風,風,颱,qwen3_4b_2560d_int8__en_gloss_unihan__EDGE-03031,22,20,气,633,0.4544394016265869,繆,856,0.5462955236434937,9152,3,0,0,0,0.0015797788309636,0.9309365096710742,0,0,0,0.0011682242990654,0.9065675882417222,-223,0,0,0,0,0,0
qwen3_4b_2560d_int8,en_gloss_unihan,EDGE-03032,ROOT-382F,台,飠,食,飴,qwen3_4b_2560d_int8__en_gloss_unihan__EDGE-03032,22,20,餐,713,0.4161017537117004,餐,605,0.5314171314239502,9152,3,0,0,0,0.0014025245441795,0.9221942957053874,0,0,0,0.0016528925619834,0.9339962845590646,108,0,0,0,0,0,0
qwen3_4b_2560d_int8,en_gloss_unihan,EDGE-03033,ROOT-382F,台,馬,馬,駘,qwen3_4b_2560d_int8__en_gloss_unihan__EDGE-03033,22,20,鹿,164,0.5161492824554443,騕,169,0.5826090574264526,9152,3,0,0,0,0.0060975609756097,0.9821877390449132,0,0,0,0.0059171597633136,0.9816413506720576,-5,0,0,0,0,0,0
qwen3_4b_2560d_int8,en_gloss_unihan,EDGE-03034,ROOT-382F,台,魚,魚,鮐,qwen3_4b_2560d_int8__en_gloss_unihan__EDGE-03034,22,20,鹿,87,0.5118998289108276,五,29,0.6255499720573425,9152,3,0,0,0,0.0114942528735632,0.9906021199868866,0,0,0,0.0344827586206896,0.9969402251120096,58,0,0,0,0,0,0
qwen3_4b_2560d_int8,en_gloss_unihan,EDGE-03035,ROOT-382F,台,齒,齒,齝,qwen3_4b_2560d_int8__en_gloss_unihan__EDGE-03035,22,20,龍,204,0.4306826889514923,齯,16,0.5749964714050293,9152,3,0,0,0,0.0049019607843137,0.9778166320620696,0,0,0,0.0625,0.9983608348814336,188,0,0,0,0,0,0
qwen3_4b_2560d_int8,en_gloss_unihan,EDGE-03085,ROOT-5E1D,帝,口,口,啻,qwen3_4b_2560d_int8__en_gloss_unihan__EDGE-03085,5,5,谽,2179,0.4895807206630707,谽,3925,0.4616196453571319,9152,3,0,0,0,0.0004589261128958,0.7619932247841765,0,0,0,0.0002547770700636,0.571194404983062,-1746,0,0,0,0,0,0
qwen3_4b_2560d_int8,en_gloss_unihan,EDGE-03087,ROOT-5E1D,帝,口,口,啼,qwen3_4b_2560d_int8__en_gloss_unihan__EDGE-03087,5,5,谽,1937,0.493522971868515,谽,4000,0.4608696401119232,9152,3,0,0,0,0.0005162622612287,0.7884384220303792,0,0,0,0.00025,0.5629985793902306,-2063,0,0,0,0,0,0
qwen3_4b_2560d_int8,en_gloss_unihan,EDGE-03088,ROOT-5E1D,帝,礻,示,禘,qwen3_4b_2560d_int8__en_gloss_unihan__EDGE-03088,6,5,表,5017,0.330641508102417,表,5992,0.4111664891242981,9152,3,0,0,0,0.0001993223041658,0.451863184351437,0,0,0,0.0001668891855807,0.345317451644629,-975,0,0,0,0,0,0
qwen3_4b_2560d_int8,en_gloss_unihan,EDGE-03089,ROOT-5E1D,帝,糸,糸,締,qwen3_4b_2560d_int8__en_gloss_unihan__EDGE-03089,6,5,曰,670,0.4290100932121277,繒,2696,0.4753796756267547,9152,3,0,0,0,0.0014925373134328,0.926893235711944,0,0,0,0.0003709198813056,0.7054966670309255,-2026,0,0,0,0,0,0
qwen3_4b_2560d_int8,en_gloss_unihan,EDGE-03090,ROOT-5E1D,帝,艹,艸,蒂,qwen3_4b_2560d_int8__en_gloss_unihan__EDGE-03090,6,5,襾,945,0.4460291266441345,萹,1087,0.5439587831497192,9152,3,0,0,0,0.001058201058201,0.8968418752048957,0,0,0,0.0009199632014719,0.8813244454158016,-142,0,0,0,0,0,0
qwen3_4b_2560d_int8,en_gloss_unihan,EDGE-03091,ROOT-5E1D,帝,言,言,諦,qwen3_4b_2560d_int8__en_gloss_unihan__EDGE-03091,6,5,曰,5777,0.3206467628479004,云,3934,0.4473389387130737,9152,3,0,0,0,0.0001731002250302,0.3688121516774123,0,0,0,0.0002541942043721,0.5702109059119223,1843,0,0,0,0,0,0
qwen3_4b_2560d_int8,en_gloss_unihan,EDGE-03092,ROOT-5E1D,帝,𧾷,足,蹄,qwen3_4b_2560d_int8__en_gloss_unihan__EDGE-03092,6,5,走,231,0.4687603712081909,呎,183,0.5234827399253845,9152,3,0,0,0,0.0043290043290043,0.9748661348486504,0,0,0,0.0054644808743169,0.9801114632280624,48,0,0,0,0,0,0
qwen3_4b_2560d_int8,en_gloss_unihan,EDGE-03943,ROOT-67EC,闌,木,木,欄,qwen3_4b_2560d_int8__en_gloss_unihan__EDGE-03943,23,17,榾,743,0.5452781915664673,榾,1924,0.5372962951660156,9152,3,0,0,0,0.0013458950201884,0.9189159654682548,0,0,0,0.0005197505197505,0.7898590317998033,-1181,0,0,0,0,0,0
qwen3_4b_2560d_int8,en_gloss_unihan,EDGE-03944,ROOT-67EC,闌,氵,水,瀾,qwen3_4b_2560d_int8__en_gloss_unihan__EDGE-03944,22,17,液,103,0.6083770394325256,液,69,0.6143479347229004,9152,3,0,0,0,0.0097087378640776,0.9888536771937492,0,0,0,0.0144927536231884,0.9925691181291664,34,0,0,0,0,0,0
qwen3_4b_2560d_int8,en_gloss_unihan,EDGE-03945,ROOT-67EC,闌,火,火,爛,qwen3_4b_2560d_int8__en_gloss_unihan__EDGE-03945,23,17,炎,2130,0.4912126064300537,炎,1736,0.520094633102417,9152,3,0,0,0,0.0004694835680751,0.7673478308381598,0,0,0,0.0005760368663594,0.8104032346191673,394,0,0,0,0,0,0
qwen3_4b_2560d_int8,en_gloss_unihan,EDGE-03946,ROOT-67EC,闌,竹,竹,籣,qwen3_4b_2560d_int8__en_gloss_unihan__EDGE-03946,23,17,笛,859,0.4323347508907318,笛,646,0.5214585661888123,9152,3,0,0,0,0.0011641443538998,0.9062397552180088,0,0,0,0.001547987616099,0.92951589990165,213,0,0,0,0,0,0
qwen3_4b_2560d_int8,en_gloss_unihan,EDGE-03947,ROOT-67EC,闌,艹,艸,蘭,qwen3_4b_2560d_int8__en_gloss_unihan__EDGE-03947,23,17,襾,362,0.4802513718605041,萹,463,0.564900279045105,9152,3,0,0,0,0.0027624309392265,0.9605507594798384,0,0,0,0.0021598272138228,0.9495137143481588,-101,0,0,0,0,0,0
qwen3_4b_2560d_int8,en_gloss_unihan,EDGE-03949,ROOT-67EC,闌,衤,衣,襴,qwen3_4b_2560d_int8__en_gloss_unihan__EDGE-03949,24,17,服,40,0.5402026176452637,服,24,0.6219559907913208,9152,3,0,0,0,0.025,0.9957381706917277,0,0,0,0.0416666666666666,0.997486613484865,16,0,0,0,0,0,0
qwen3_4b_2560d_int8,en_gloss_unihan,EDGE-03950,ROOT-67EC,闌,言,言,讕,qwen3_4b_2560d_int8__en_gloss_unihan__EDGE-03950,23,17,曰,1413,0.3865206837654114,辭,522,0.5085076689720154,9152,3,0,0,0,0.0007077140835102,0.8456999235056278,0,0,0,0.0019157088122605,0.9430663315484646,891,0,0,0,0,0,0
qwen3_4b_2560d_int8,en_gloss_unihan,EDGE-04481,ROOT-9752,青,亻,人,倩,qwen3_4b_2560d_int8__en_gloss_unihan__EDGE-04481,15,15,某,4443,0.501166820526123,某,4086,0.5017558336257935,9152,3,0,0,0,0.0002250731487733,0.5145885695552399,0,0,0,0.0002447381302006,0.5536006993771172,357,0,0,0,0,0,0
qwen3_4b_2560d_int8,en_gloss_unihan,EDGE-04483,ROOT-9752,青,女,女,婧,qwen3_4b_2560d_int8__en_gloss_unihan__EDGE-04483,15,15,坤,1342,0.3559848368167877,雌,118,0.4821573793888092,9152,3,0,0,0,0.0007451564828614,0.8534586384001749,0,0,0,0.0084745762711864,0.9872145120751832,1224,0,0,0,0,0,0
qwen3_4b_2560d_int8,en_gloss_unihan,EDGE-04485,ROOT-9752,青,忄,心,情,qwen3_4b_2560d_int8__en_gloss_unihan__EDGE-04485,15,15,尾,1537,0.3088518977165222,星,344,0.3893427550792694,9152,3,0,0,0,0.0006506180871828,0.8321494918588133,0,0,0,0.002906976744186,0.9625177576221178,1193,0,0,0,0,0,0
qwen3_4b_2560d_int8,en_gloss_unihan,EDGE-04486,ROOT-9752,青,日,日,晴,qwen3_4b_2560d_int8__en_gloss_unihan__EDGE-04486,15,15,晝,84,0.6306882500648499,晝,119,0.6171941161155701,9152,3,0,0,0,0.0119047619047619,0.9909299530106,0,0,0,0.0084033613445378,0.987105234400612,-35,0,0,0,0,0,0
qwen3_4b_2560d_int8,en_gloss_unihan,EDGE-04487,ROOT-9752,青,犭,犬,猜,qwen3_4b_2560d_int8__en_gloss_unihan__EDGE-04487,15,15,獫,8766,0.2749953866004944,獫,8221,0.3354184925556183,9152,3,0,0,0,0.0001140771161305,0.0421811823844389,0,0,0,0.0001216397031991,0.1017375150256802,545,0,0,0,0,0,0
qwen3_4b_2560d_int8,en_gloss_unihan,EDGE-04488,ROOT-9752,青,目,目,睛,qwen3_4b_2560d_int8__en_gloss_unihan__EDGE-04488,15,15,見,155,0.5062686800956726,看,94,0.5729635953903198,9152,3,0,0,0,0.0064516129032258,0.9831712381160528,0,0,0,0.0106382978723404,0.9898371762648892,61,0,0,0,0,0,0
qwen3_4b_2560d_int8,en_gloss_unihan,EDGE-04489,ROOT-9752,青,米,米,精,qwen3_4b_2560d_int8__en_gloss_unihan__EDGE-04489,15,15,粺,3279,0.4440173804759979,粺,3927,0.442409485578537,9152,3,0,0,0,0.0003049710277523,0.641787782755983,0,0,0,0.0002546473134708,0.5709758496339198,-648,0,0,0,0,0,0
qwen3_4b_2560d_int8,en_gloss_unihan,EDGE-04490,ROOT-9752,青,糸,糸,綪,qwen3_4b_2560d_int8__en_gloss_unihan__EDGE-04490,15,15,曰,7226,0.3341304659843445,繒,5347,0.4367197751998901,9152,3,0,0,0,0.0001383891502906,0.2104688012239099,0,0,0,0.0001870207593042,0.4158015517429789,1879,0,0,0,0,0,0
qwen3_4b_2560d_int8,en_gloss_unihan,EDGE-04491,ROOT-9752,青,艹,艸,菁,qwen3_4b_2560d_int8__en_gloss_unihan__EDGE-04491,15,15,襾,3879,0.3955352902412414,萹,7091,0.4574394226074219,9152,3,0,0,0,0.0002577984016499,0.576221178013332,0,0,0,0.0001410238330277,0.2252212872910064,-3212,0,0,0,0,0,0
qwen3_4b_2560d_int8,en_gloss_unihan,EDGE-04492,ROOT-9752,青,虫,虫,蜻,qwen3_4b_2560d_int8__en_gloss_unihan__EDGE-04492,15,15,豸,155,0.5383215546607971,蟲,80,0.6394449472427368,9152,3,0,0,0,0.0064516129032258,0.9831712381160528,0,0,0,0.0125,0.9913670637088844,75,0,0,0,0,0,0
qwen3_4b_2560d_int8,en_gloss_unihan,EDGE-04493,ROOT-9752,青,言,言,請,qwen3_4b_2560d_int8__en_gloss_unihan__EDGE-04493,15,15,曰,1039,0.3959839344024658,辭,829,0.4836445152759552,9152,3,0,0,0,0.0009624639076034,0.8865697737952136,0,0,0,0.0012062726176115,0.9095180854551416,210,0,0,0,0,0,0
qwen3_4b_2560d_int8,en_gloss_unihan,EDGE-04494,ROOT-9752,青,釒,金,錆,qwen3_4b_2560d_int8__en_gloss_unihan__EDGE-04494,15,15,貝,1842,0.3644609451293945,璗,1487,0.4485067725181579,9152,3,0,0,0,0.000542888165038,0.7988198011146322,0,0,0,0.0006724949562878,0.8376133755873675,355,0,0,0,0,0,0
qwen3_4b_2560d_int8,en_gloss_unihan,EDGE-04495,ROOT-9752,青,立,立,靖,qwen3_4b_2560d_int8__en_gloss_unihan__EDGE-04495,15,15,站,509,0.5596975684165955,站,282,0.57296222448349,9152,3,0,0,0,0.0019646365422396,0.9444869413178888,0,0,0,0.0035460992907801,0.9692929734455252,227,0,0,0,0,0,0
qwen3_4b_2560d_int8,en_gloss_unihan,EDGE-04496,ROOT-9752,青,見,見,靚,qwen3_4b_2560d_int8__en_gloss_unihan__EDGE-04496,15,15,觀,1379,0.3905654847621918,觀,809,0.4864961206912994,9152,3,0,0,0,0.0007251631617113,0.8494153644410447,0,0,0,0.0012360939431396,0.9117036389465633,570,0,0,0,0,0,0
qwen3_4b_2560d_int8,en_gloss_unihan,EDGE-04497,ROOT-9752,青,爭,爭,靜,qwen3_4b_2560d_int8__en_gloss_unihan__EDGE-04497,15,15,辯,1877,0.5195813179016113,辯,928,0.5443617701530457,9152,3,0,0,0,0.0005327650506126,0.7949950825046443,0,0,0,0.0010775862068965,0.898699595672604,949,0,0,0,0,0,0
qwen3_4b_2560d_int8,en_gloss_unihan,EDGE-04498,ROOT-9752,青,魚,魚,鯖,qwen3_4b_2560d_int8__en_gloss_unihan__EDGE-04498,15,15,鹿,185,0.4764610230922699,五,65,0.565910279750824,9152,3,0,0,0,0.0054054054054054,0.9798929078789204,0,0,0,0.0153846153846153,0.9930062288274506,120,0,0,0,0,0,0
qwen3_4b_2560d_int8,en_gloss_unihan,EDGE-05389,ROOT-4F59,余,氵,水,涂,qwen3_4b_2560d_int8__en_gloss_unihan__EDGE-05389,12,12,液,4921,0.469574362039566,液,5754,0.4639687240123749,9152,3,0,0,0,0.0002032107295265,0.4623538411102611,0,0,0,0.000173792144595,0.3713255381925472,-833,0,0,0,0,0,0
qwen3_4b_2560d_int8,en_gloss_unihan,EDGE-05391,ROOT-4F59,余,彳,彳,徐,qwen3_4b_2560d_int8__en_gloss_unihan__EDGE-05391,13,12,踩,7240,0.372915655374527,踩,7200,0.3883479237556457,9152,3,0,0,0,0.0001381215469613,0.2089389137799148,0,0,0,0.0001388888888888,0.2133100207627581,40,0,0,0,0,0,0
qwen3_4b_2560d_int8,en_gloss_unihan,EDGE-05392,ROOT-4F59,余,心,心,悆,qwen3_4b_2560d_int8__en_gloss_unihan__EDGE-05392,13,12,尾,8057,0.241861879825592,星,3264,0.3435564339160919,9152,3,0,0,0,0.0001241156758098,0.1196590536553382,0,0,0,0.0003063725490196,0.6434269478745492,4793,0,0,0,0,0,0
qwen3_4b_2560d_int8,en_gloss_unihan,EDGE-05394,ROOT-4F59,余,斗,斗,斜,qwen3_4b_2560d_int8__en_gloss_unihan__EDGE-05394,13,12,舀,1674,0.3506226241588592,舀,1597,0.422523021697998,9152,3,0,0,0,0.0005973715651135,0.8171784504425745,0,0,0,0.0006261740763932,0.8255928313845482,77,0,0,0,0,0,0
qwen3_4b_2560d_int8,en_gloss_unihan,EDGE-05396,ROOT-4F59,余,田,田,畬,qwen3_4b_2560d_int8__en_gloss_unihan__EDGE-05396,13,12,疇,30,0.6253407001495361,疇,21,0.632305920124054,9152,3,0,0,0,0.0333333333333333,0.9968309474374384,0,0,0,0.0476190476190476,0.9978144465085784,9,0,0,0,0,0,0
qwen3_4b_2560d_int8,en_gloss_unihan,EDGE-05397,ROOT-4F59,余,禾,禾,稌,qwen3_4b_2560d_int8__en_gloss_unihan__EDGE-05397,13,12,稈,21,0.7250238060951233,稈,19,0.6975023150444031,9152,3,0,0,0,0.0476190476190476,0.9978144465085784,0,0,0,0.0526315789473684,0.9980330018577204,2,0,0,0,0,0,0
qwen3_4b_2560d_int8,en_gloss_unihan,EDGE-05399,ROOT-4F59,余,舟,舟,艅,qwen3_4b_2560d_int8__en_gloss_unihan__EDGE-05399,13,12,曰,60,0.5686147809028625,船,6,0.6626416444778442,9152,3,0,0,0,0.0166666666666666,0.993552617200306,0,0,1,0.1666666666666666,0.9994536116271444,54,0,0,0,0,1,0
qwen3_4b_2560d_int8,en_gloss_unihan,EDGE-05400,ROOT-4F59,余,艹,艸,荼,qwen3_4b_2560d_int8__en_gloss_unihan__EDGE-05400,13,12,襾,687,0.4564067721366882,萹,1992,0.5080728530883789,9152,3,0,0,0,0.0014556040756914,0.9250355152442356,0,0,0,0.0005020080321285,0.7824281499289695,-1305,0,0,0,0,0,0
qwen3_4b_2560d_int8,en_gloss_unihan,EDGE-05401,ROOT-4F59,余,虫,虫,蜍,qwen3_4b_2560d_int8__en_gloss_unihan__EDGE-05401,13,12,豸,809,0.4634938836097717,蟲,543,0.5491438508033752,9152,3,0,0,0,0.0012360939431396,0.9117036389465633,0,0,0,0.001841620626151,0.9407715003824718,266,0,0,0,0,0,0
qwen3_4b_2560d_int8,en_gloss_unihan,EDGE-05403,ROOT-4F59,余,酉,酉,酴,qwen3_4b_2560d_int8__en_gloss_unihan__EDGE-05403,13,12,鬯,213,0.4902015924453735,鈃,134,0.558964192867279,9152,3,0,0,0,0.0046948356807511,0.97683313299093,0,0,0,0.0074626865671641,0.9854660692820456,79,0,0,0,0,0,0
qwen3_4b_2560d_int8,en_gloss_unihan,EDGE-05408,ROOT-4F59,余,飠,食,餘,qwen3_4b_2560d_int8__en_gloss_unihan__EDGE-05408,13,12,餐,2109,0.3842262029647827,餐,1465,0.4723125696182251,9152,3,0,0,0,0.0004741583688952,0.7696426620041525,0,0,0,0.0006825938566552,0.8400174844279313,644,0,0,0,0,0,0
qwen3_4b_2560d_int8,en_gloss_unihan,EDGE-05800,ROOT-8FB0,辰,口,口,唇,qwen3_4b_2560d_int8__en_gloss_unihan__EDGE-05800,8,8,谽,704,0.523207426071167,谽,149,0.5574665069580078,9152,3,0,0,0,0.0014204545454545,0.9231777947765272,0,0,0,0.0067114093959731,0.9838269041634794,555,0,0,0,0,0,0
qwen3_4b_2560d_int8,en_gloss_unihan,EDGE-05801,ROOT-8FB0,辰,女,女,娠,qwen3_4b_2560d_int8__en_gloss_unihan__EDGE-05801,8,8,坤,1605,0.3515491783618927,坤,532,0.4070895910263061,9152,3,0,0,0,0.0006230529595015,0.8247186099879795,0,0,0,0.0018796992481203,0.9419735548027538,1073,0,0,0,0,0,0
qwen3_4b_2560d_int8,en_gloss_unihan,EDGE-05803,ROOT-8FB0,辰,扌,手,振,qwen3_4b_2560d_int8__en_gloss_unihan__EDGE-05803,8,8,蕝,6692,0.4425497651100158,蕝,5365,0.4316820800304413,9152,3,0,0,0,0.0001494321578003,0.2688230794448694,0,0,0,0.0001863932898415,0.4138345536006994,1327,0,0,0,0,0,0
qwen3_4b_2560d_int8,en_gloss_unihan,EDGE-05804,ROOT-8FB0,辰,日,日,晨,qwen3_4b_2560d_int8__en_gloss_unihan__EDGE-05804,8,8,晝,29,0.70655357837677,晝,30,0.6714164614677429,9152,3,0,0,0,0.0344827586206896,0.9969402251120096,0,0,0,0.0333333333333333,0.9968309474374384,-1,0,0,0,0,0,0
qwen3_4b_2560d_int8,en_gloss_unihan,EDGE-05807,ROOT-8FB0,辰,肉,肉,脣,qwen3_4b_2560d_int8__en_gloss_unihan__EDGE-05807,8,8,食,2389,0.3637250363826751,腶,358,0.4601343274116516,9152,3,0,0,0,0.0004185851820845,0.7390449131242487,0,0,0,0.0027932960893854,0.9609878701781226,2031,0,0,0,0,0,0
qwen3_4b_2560d_int8,en_gloss_unihan,EDGE-05809,ROOT-8FB0,辰,虫,虫,蜃,qwen3_4b_2560d_int8__en_gloss_unihan__EDGE-05809,8,8,豸,3942,0.397649884223938,蟲,7490,0.394592821598053,9152,3,0,0,0,0.0002536783358701,0.5693366845153536,0,0,0,0.0001335113484646,0.1816194951371434,-3548,0,0,0,0,0,0
qwen3_4b_2560d_int8,en_gloss_unihan,EDGE-05810,ROOT-8FB0,辰,貝,貝,賑,qwen3_4b_2560d_int8__en_gloss_unihan__EDGE-05810,8,8,金,2142,0.3379358053207397,錢,4166,0.3462498188018799,9152,3,0,0,0,0.0004668534080298,0.7660364987433067,0,0,0,0.0002400384061449,0.5448584854114304,-2024,0,0,0,0,0,0
qwen3_4b_2560d_int8,en_gloss_unihan,EDGE-05811,ROOT-8FB0,辰,雨,雨,震,qwen3_4b_2560d_int8__en_gloss_unihan__EDGE-05811,8,8,曰,214,0.4795828461647033,涷,1215,0.4829624891281128,9152,3,0,0,0,0.0046728971962616,0.9767238553163587,0,0,0,0.0008230452674897,0.8673369030707027,-1001,0,0,0,0,0,0
qwen3_4b_2560d_int8,en_gloss_unihan,EDGE-06206,ROOT-5360,店,扌,手,掂,qwen3_4b_2560d_int8__en_gloss_unihan__EDGE-06206,15,15,蕝,25,0.7160148024559021,蕝,60,0.6690980195999146,9152,3,0,0,0,0.04,0.997377335810294,0,0,0,0.0166666666666666,0.993552617200306,-35,0,0,0,0,0,0
qwen3_4b_2560d_int8,en_gloss_unihan,EDGE-06207,ROOT-5360,店,忄,心,惦,qwen3_4b_2560d_int8__en_gloss_unihan__EDGE-06207,16,15,尾,373,0.3399049341678619,星,410,0.4021279215812683,9152,3,0,0,0,0.002680965147453,0.9593487050595564,0,0,0,0.0024390243902439,0.9553054311004262,-37,0,0,0,0,0,0
qwen3_4b_2560d_int8,zh_char,EDGE-00063,ROOT-219CD,賓,亻,人,儐,qwen3_4b_2560d_int8__zh_char__EDGE-00063,10,10,者,450,0.6559721231460571,者,19,0.7219532132148743,11150,3,0,0,0,0.0022222222222222,0.9597273298053636,0,0,0,0.0526315789473684,0.9983855054264956,431,0,0,0,0,0,0
qwen3_4b_2560d_int8,zh_char,EDGE-00064,ROOT-219CD,賓,女,女,嬪,qwen3_4b_2560d_int8__zh_char__EDGE-00064,10,10,雌,109,0.6670331954956055,雌,22,0.7330434322357178,11150,3,0,0,0,0.0091743119266055,0.9903130325589738,0,0,0,0.0454545454545454,0.9981164229975784,87,0,0,0,0,0,0
qwen3_4b_2560d_int8,zh_char,EDGE-00065,ROOT-219CD,賓,扌,手,擯,qwen3_4b_2560d_int8__zh_char__EDGE-00065,10,10,掌,1149,0.5917569398880005,掌,297,0.6501861214637756,11150,3,0,0,0,0.000870322019147,0.8970311238676114,0,0,0,0.0033670033670033,0.9734505336801508,852,0,0,0,0,0,0
qwen3_4b_2560d_int8,zh_char,EDGE-00066,ROOT-219CD,賓,木,木,檳,qwen3_4b_2560d_int8__zh_char__EDGE-00066,10,10,樅,713,0.6993800401687622,樅,269,0.7537582516670227,11150,3,0,0,0,0.0014025245441795,0.9361377702036056,0,0,0,0.0037174721189591,0.9759619696833796,444,0,0,0,0,0,0
qwen3_4b_2560d_int8,zh_char,EDGE-00067,ROOT-219CD,賓,歹,歹,殯,qwen3_4b_2560d_int8__zh_char__EDGE-00067,10,10,煞,2549,0.6565325260162354,劼,2078,0.667815625667572,11150,3,0,0,0,0.0003923107100823,0.771459323706162,0,0,0,0.0004812319538017,0.8137052650461924,471,0,0,0,0,0,0
qwen3_4b_2560d_int8,zh_char,EDGE-00068,ROOT-219CD,賓,氵,水,濱,qwen3_4b_2560d_int8__zh_char__EDGE-00068,10,10,灄,236,0.7073515057563782,灄,59,0.7650790214538574,11150,3,0,0,0,0.0042372881355932,0.978921876401471,0,0,0,0.0169491525423728,0.9947977397075972,177,0,0,0,0,0,0
qwen3_4b_2560d_int8,zh_char,EDGE-00069,ROOT-219CD,賓,目,目,矉,qwen3_4b_2560d_int8__zh_char__EDGE-00069,10,10,眼,674,0.6308731436729431,眼,328,0.6633384227752686,11150,3,0,0,0,0.0014836795252225,0.939635841779532,0,0,0,0.0030487804878048,0.9706700152480044,346,0,0,0,0,0,0
qwen3_4b_2560d_int8,zh_char,EDGE-00070,ROOT-219CD,賓,糸,糸,繽,qwen3_4b_2560d_int8__zh_char__EDGE-00070,10,10,絹,1899,0.6651984453201294,繸,477,0.7004876136779785,11150,3,0,0,0,0.0005265929436545,0.8297605166382636,0,0,0,0.0020964360587002,0.9573055879451072,1422,0,0,0,0,0,0
qwen3_4b_2560d_int8,zh_char,EDGE-00071,ROOT-219CD,賓,虫,虫,蠙,qwen3_4b_2560d_int8__zh_char__EDGE-00071,10,10,蟲,179,0.729726254940033,蟲,133,0.7653399109840393,11150,3,0,0,0,0.0055865921787709,0.9840344425509014,0,0,0,0.0075187969924812,0.9881603731276348,46,0,0,0,0,0,0
qwen3_4b_2560d_int8,zh_char,EDGE-00072,ROOT-219CD,賓,髟,髟,鬢,qwen3_4b_2560d_int8__zh_char__EDGE-00072,10,10,髳,4593,0.6744036674499512,轛,4792,0.6311736702919006,11150,3,0,0,0,0.0002177226213803,0.5881244954704458,0,0,0,0.0002086811352253,0.5702753610189255,-199,0,0,0,0,0,0
qwen3_4b_2560d_int8,zh_char,EDGE-00478,ROOT-4EA5,亥,亻,人,侅,qwen3_4b_2560d_int8__zh_char__EDGE-00478,14,14,者,5537,0.5917679667472839,者,5819,0.6028257608413696,11150,3,0,0,0,0.0001806032147372,0.5034532245044399,0,0,0,0.0001718508334765,0.478159476186205,-282,0,0,0,0,0,0
qwen3_4b_2560d_int8,zh_char,EDGE-00479,ROOT-4EA5,亥,刂,刀,刻,qwen3_4b_2560d_int8__zh_char__EDGE-00479,14,14,刃,251,0.6858296394348145,刃,253,0.6867082715034485,11150,3,0,0,0,0.0039840637450199,0.977576464256884,0,0,0,0.0039525691699604,0.977397075970939,-2,0,0,0,0,0,0
qwen3_4b_2560d_int8,zh_char,EDGE-00480,ROOT-4EA5,亥,力,力,劾,qwen3_4b_2560d_int8__zh_char__EDGE-00480,14,14,能,3120,0.5702711343765259,能,1885,0.5997761487960815,11150,3,0,0,0,0.0003205128205128,0.720243968068885,0,0,0,0.0005305039787798,0.831016234639878,1235,0,0,0,0,0,0
qwen3_4b_2560d_int8,zh_char,EDGE-00481,ROOT-4EA5,亥,口,口,咳,qwen3_4b_2560d_int8__zh_char__EDGE-00481,14,14,嘴,1924,0.6171509623527527,嘴,1900,0.6329216361045837,11150,3,0,0,0,0.0005197505197505,0.8275181630639519,0,0,0,0.0005263157894736,0.8296708224952911,24,0,0,0,0,0,0
qwen3_4b_2560d_int8,zh_char,EDGE-00482,ROOT-4EA5,亥,土,土,垓,qwen3_4b_2560d_int8__zh_char__EDGE-00482,14,14,壤,169,0.6911384463310242,壤,81,0.7302625179290771,11150,3,0,0,0,0.0059171597633136,0.984931383980626,0,0,0,0.0123456790123456,0.9928244685622029,88,0,0,0,0,0,0
qwen3_4b_2560d_int8,zh_char,EDGE-00483,ROOT-4EA5,亥,子,子,孩,qwen3_4b_2560d_int8__zh_char__EDGE-00483,14,14,孑,13,0.8215737342834473,孑,246,0.7770541310310364,11150,3,0,0,0,0.0769230769230769,0.9989236702843304,0,0,0,0.0040650406504065,0.9780249349717464,-233,0,0,0,0,0,0
qwen3_4b_2560d_int8,zh_char,EDGE-00484,ROOT-4EA5,亥,木,木,核,qwen3_4b_2560d_int8__zh_char__EDGE-00484,14,14,樅,7099,0.6021166443824768,樅,8894,0.5958384871482849,11150,3,0,0,0,0.0001408649105507,0.3633509731814512,0,0,0,0.0001124353496739,0.2023499865458785,-1795,0,0,0,0,0,0
qwen3_4b_2560d_int8,zh_char,EDGE-00485,ROOT-4EA5,亥,欠,欠,欬,qwen3_4b_2560d_int8__zh_char__EDGE-00485,14,14,款,1615,0.5644709467887878,償,520,0.5954306125640869,11150,3,0,0,0,0.0006191950464396,0.8552336532424433,0,0,0,0.0019230769230769,0.9534487397972912,1095,0,0,0,0,0,0
qwen3_4b_2560d_int8,zh_char,EDGE-00487,ROOT-4EA5,亥,肉,肉,胲,qwen3_4b_2560d_int8__zh_char__EDGE-00487,14,14,腩,242,0.6273258924484253,腩,96,0.666121780872345,11150,3,0,0,0,0.0041322314049586,0.9783837115436362,0,0,0,0.0104166666666666,0.991479056417616,146,0,0,0,0,0,0
qwen3_4b_2560d_int8,zh_char,EDGE-00488,ROOT-4EA5,亥,艹,艸,荄,qwen3_4b_2560d_int8__zh_char__EDGE-00488,14,14,蒮,63,0.8117021322250366,蒮,91,0.7913761734962463,11150,3,0,0,0,0.0158730158730158,0.9944389631357072,0,0,0,0.0109890109890109,0.9919275271324782,-28,0,0,0,0,0,0
qwen3_4b_2560d_int8,zh_char,EDGE-00489,ROOT-4EA5,亥,言,言,該,qwen3_4b_2560d_int8__zh_char__EDGE-00489,14,14,說,4014,0.5679481029510498,說,5815,0.554336667060852,11150,3,0,0,0,0.0002491280518186,0.6400574042515024,0,0,0,0.0001719690455717,0.4785182527580949,-1801,0,0,0,0,0,0
qwen3_4b_2560d_int8,zh_char,EDGE-00490,ROOT-4EA5,亥,門,門,閡,qwen3_4b_2560d_int8__zh_char__EDGE-00490,14,14,閘,29,0.7117806673049927,閘,19,0.733917772769928,11150,3,0,0,0,0.0344827586206896,0.997488563996771,0,0,0,0.0526315789473684,0.9983855054264956,10,0,0,0,0,0,0
qwen3_4b_2560d_int8,zh_char,EDGE-00492,ROOT-4EA5,亥,頁,頁,頦,qwen3_4b_2560d_int8__zh_char__EDGE-00492,14,14,葉,4844,0.5234535336494446,蓋,5463,0.5264259576797485,11150,3,0,0,0,0.000206440957886,0.5656112655843573,0,0,0,0.0001830496064433,0.5100905910844022,-619,0,0,0,0,0,0
qwen3_4b_2560d_int8,zh_char,EDGE-00493,ROOT-4EA5,亥,馬,馬,駭,qwen3_4b_2560d_int8__zh_char__EDGE-00493,14,14,驢,1618,0.6752321124076843,驢,1019,0.7010440230369568,11150,3,0,0,0,0.0006180469715698,0.8549645708135258,0,0,0,0.000981354268891,0.9086913624540316,599,0,0,0,0,0,0
qwen3_4b_2560d_int8,zh_char,EDGE-00494,ROOT-4EA5,亥,骨,骨,骸,qwen3_4b_2560d_int8__zh_char__EDGE-00494,14,14,脊,100,0.6530036330223083,脊,104,0.6617244482040405,11150,3,0,0,0,0.01,0.991120279845726,0,0,0,0.0096153846153846,0.9907615032738362,-4,0,0,0,0,0,0
qwen3_4b_2560d_int8,zh_char,EDGE-00734,ROOT-5143,元,刂,刀,刓,qwen3_4b_2560d_int8__zh_char__EDGE-00734,16,14,刃,655,0.6384940147399902,刃,365,0.6774250864982605,11150,3,0,0,0,0.0015267175572519,0.9413400304960086,0,0,0,0.0027397260273972,0.9673513319580233,290,0,0,0,0,0,0
qwen3_4b_2560d_int8,zh_char,EDGE-00746,ROOT-5143,元,忄,心,忨,qwen3_4b_2560d_int8__zh_char__EDGE-00746,16,14,情,313,0.6439870595932007,惄,158,0.6667994856834412,11150,3,0,0,0,0.0031948881789137,0.9720154273925912,0,0,0,0.0063291139240506,0.9859180195533233,155,0,0,0,0,0,0
qwen3_4b_2560d_int8,zh_char,EDGE-00747,ROOT-5143,元,氵,水,沅,qwen3_4b_2560d_int8__zh_char__EDGE-00747,15,14,灄,126,0.735552191734314,滫,206,0.7386064529418945,11150,3,0,0,0,0.0079365079365079,0.988788232128442,0,0,0,0.0048543689320388,0.9816127006906448,-80,0,0,0,0,0,0
qwen3_4b_2560d_int8,zh_char,EDGE-00748,ROOT-5143,元,王,玉,玩,qwen3_4b_2560d_int8__zh_char__EDGE-00748,16,14,玊,10141,0.5385888814926147,玊,10612,0.4871694147586822,11150,3,0,0,0,9.860960457548564e-05,0.0905013902592161,0,0,0,9.423294383716548e-05,0.0482554489191855,-471,0,0,0,0,0,0
qwen3_4b_2560d_int8,zh_char,EDGE-00749,ROOT-5143,元,習,習,翫,qwen3_4b_2560d_int8__zh_char__EDGE-00749,16,14,練,261,0.6764844059944153,練,71,0.7048206329345703,11150,3,0,0,0,0.003831417624521,0.9766795228271594,0,0,0,0.0140845070422535,0.9937214099919276,190,0,0,0,0,0,0
qwen3_4b_2560d_int8,zh_char,EDGE-00750,ROOT-5143,元,艹,艸,芫,qwen3_4b_2560d_int8__zh_char__EDGE-00750,15,14,蒮,76,0.8076629638671875,蒮,151,0.7806400656700134,11150,3,0,0,0,0.0131578947368421,0.9932729392770652,0,0,0,0.0066225165562913,0.9865458785541305,-75,0,0,0,0,0,0
qwen3_4b_2560d_int8,zh_char,EDGE-00751,ROOT-5143,元,虫,虫,蚖,qwen3_4b_2560d_int8__zh_char__EDGE-00751,16,14,蟲,441,0.6509921550750732,蛆,259,0.7017273306846619,11150,3,0,0,0,0.0022675736961451,0.960534577092116,0,0,0,0.0038610038610038,0.9768589111131044,182,0,0,0,0,0,0
qwen3_4b_2560d_int8,zh_char,EDGE-00754,ROOT-5143,元,頁,頁,頑,qwen3_4b_2560d_int8__zh_char__EDGE-00754,16,14,葉,3117,0.5381544828414917,蓋,1789,0.5642930269241333,11150,3,0,0,0,0.0003208213025344,0.7205130504978026,0,0,0,0.0005589714924538,0.8396268723652346,1328,0,0,0,0,0,0
qwen3_4b_2560d_int8,zh_char,EDGE-00755,ROOT-5143,元,黽,黽,黿,qwen3_4b_2560d_int8__zh_char__EDGE-00755,16,14,黰,645,0.7353916764259338,黐,2813,0.6796808838844299,11150,3,0,0,0,0.0015503875968992,0.9422369719257332,0,0,0,0.0003554923569143,0.7477800699614315,-2168,0,0,0,0,0,0
qwen3_4b_2560d_int8,zh_char,EDGE-00807,ROOT-5303,曷,亻,人,偈,qwen3_4b_2560d_int8__zh_char__EDGE-00807,27,23,者,11119,0.4898300766944885,者,11097,0.495839774608612,11150,3,0,0,0,8.993614533681087e-05,0.0027805184321463,0,0,0,9.01144453455889e-05,0.0047537895775405,22,0,0,0,0,0,0
qwen3_4b_2560d_int8,zh_char,EDGE-00808,ROOT-5303,曷,口,口,喝,qwen3_4b_2560d_int8__zh_char__EDGE-00808,27,23,嘴,1318,0.6271663308143616,嘴,5468,0.605605959892273,11150,3,0,0,0,0.0007587253414264,0.881872813705265,0,0,0,0.0001828822238478,0.5096421203695398,-4150,0,0,0,0,0,0
qwen3_4b_2560d_int8,zh_char,EDGE-00809,ROOT-5303,曷,土,土,堨,qwen3_4b_2560d_int8__zh_char__EDGE-00809,27,23,壤,377,0.665008544921875,壤,270,0.7012860774993896,11150,3,0,0,0,0.0026525198938992,0.9662750022423536,0,0,0,0.0037037037037037,0.9758722755404072,107,0,0,0,0,0,0
qwen3_4b_2560d_int8,zh_char,EDGE-00810,ROOT-5303,曷,忄,心,愒,qwen3_4b_2560d_int8__zh_char__EDGE-00810,27,23,情,3940,0.5683405995368958,惄,1695,0.6210296154022217,11150,3,0,0,0,0.0002538071065989,0.6466947708314648,0,0,0,0.0005899705014749,0.8480581218046461,2245,0,0,0,0,0,0
qwen3_4b_2560d_int8,zh_char,EDGE-00811,ROOT-5303,曷,扌,手,揭,qwen3_4b_2560d_int8__zh_char__EDGE-00811,26,23,掌,7669,0.5245060920715332,掌,9186,0.5219137072563171,11150,3,0,0,0,0.0001303950971443,0.3122253116871468,0,0,0,0.0001088613106901,0.176159296797919,-1517,0,0,0,0,0,0
qwen3_4b_2560d_int8,zh_char,EDGE-00812,ROOT-5303,曷,日,日,暍,qwen3_4b_2560d_int8__zh_char__EDGE-00812,27,23,週,1030,0.6176372766494751,穌,1017,0.6427943110466003,11150,3,0,0,0,0.0009708737864077,0.9077047268813346,0,0,0,0.0009832841691248,0.9088707507399768,13,0,0,0,0,0,0
qwen3_4b_2560d_int8,zh_char,EDGE-00813,ROOT-5303,曷,去,去,朅,qwen3_4b_2560d_int8__zh_char__EDGE-00813,27,23,到,5032,0.5766371488571167,赴,2682,0.6201916933059692,11150,3,0,0,0,0.0001987281399046,0.5487487667055342,0,0,0,0.000372856077554,0.7595300026908243,2350,0,0,0,0,0,0
qwen3_4b_2560d_int8,zh_char,EDGE-00814,ROOT-5303,曷,木,木,楬,qwen3_4b_2560d_int8__zh_char__EDGE-00814,27,23,樅,5779,0.6158649325370789,樅,4662,0.657117486000061,11150,3,0,0,0,0.0001730403183941,0.4817472419051036,0,0,0,0.0002145002145002,0.5819355996053457,1117,0,0,0,0,0,0
qwen3_4b_2560d_int8,zh_char,EDGE-00815,ROOT-5303,曷,欠,欠,歇,qwen3_4b_2560d_int8__zh_char__EDGE-00815,27,23,款,280,0.6178460121154785,償,191,0.6247923374176025,11150,3,0,0,0,0.0035714285714285,0.9749753341106826,0,0,0,0.0052356020942408,0.9829581128352318,89,0,0,0,0,0,0
qwen3_4b_2560d_int8,zh_char,EDGE-00817,ROOT-5303,曷,氵,水,渴,qwen3_4b_2560d_int8__zh_char__EDGE-00817,27,23,灄,686,0.6546093225479126,滫,1088,0.660896360874176,11150,3,0,0,0,0.0014577259475218,0.9385595120638622,0,0,0,0.0009191176470588,0.9025024665889316,-402,0,0,0,0,0,0
qwen3_4b_2560d_int8,zh_char,EDGE-00818,ROOT-5303,曷,犭,犬,猲,qwen3_4b_2560d_int8__zh_char__EDGE-00818,27,23,狗,188,0.6718735098838806,狗,109,0.7276583909988403,11150,3,0,0,0,0.0053191489361702,0.9832271952641491,0,0,0,0.0091743119266055,0.9903130325589738,79,0,0,0,0,0,0
qwen3_4b_2560d_int8,zh_char,EDGE-00819,ROOT-5303,曷,石,石,碣,qwen3_4b_2560d_int8__zh_char__EDGE-00819,27,23,岩,35,0.7719767689704895,磎,37,0.7913795709609985,11150,3,0,0,0,0.0285714285714285,0.9969503991389362,0,0,0,0.027027027027027,0.9967710108529912,-2,0,0,0,0,0,0
qwen3_4b_2560d_int8,zh_char,EDGE-00821,ROOT-5303,曷,立,立,竭,qwen3_4b_2560d_int8__zh_char__EDGE-00821,27,23,峙,7244,0.6081632375717163,跱,6455,0.6246111392974854,11150,3,0,0,0,0.0001380452788514,0.350345322450444,0,0,0,0.0001549186676994,0.4211140012557179,789,0,0,0,0,0,0
qwen3_4b_2560d_int8,zh_char,EDGE-00822,ROOT-5303,曷,羊,羊,羯,qwen3_4b_2560d_int8__zh_char__EDGE-00822,27,23,羔,310,0.6939477920532227,羔,224,0.7236664891242981,11150,3,0,0,0,0.0032258064516129,0.9722845098215086,0,0,0,0.0044642857142857,0.9799982061171404,86,0,0,0,0,0,0
qwen3_4b_2560d_int8,zh_char,EDGE-00823,ROOT-5303,曷,艹,艸,葛,qwen3_4b_2560d_int8__zh_char__EDGE-00823,26,23,蒮,171,0.7848573327064514,蒮,291,0.7638006210327148,11150,3,0,0,0,0.0058479532163742,0.9847519956946812,0,0,0,0.0034364261168384,0.9739886985379854,-120,0,0,0,0,0,0
qwen3_4b_2560d_int8,zh_char,EDGE-00826,ROOT-5303,曷,虫,虫,蝎,qwen3_4b_2560d_int8__zh_char__EDGE-00826,26,23,蟲,44,0.8511043190956116,蟑,51,0.8440749645233154,11150,3,0,0,0,0.0227272727272727,0.996143151852184,0,0,0,0.0196078431372549,0.9955152928513769,-7,0,0,0,0,0,0
qwen3_4b_2560d_int8,zh_char,EDGE-00827,ROOT-5303,曷,衤,衣,褐,qwen3_4b_2560d_int8__zh_char__EDGE-00827,27,23,衫,2605,0.5781742334365845,衫,7661,0.5632506608963013,11150,3,0,0,0,0.000383877159309,0.766436451699704,0,0,0,0.0001305312622373,0.3129428648309266,-5056,0,0,0,0,0,0
qwen3_4b_2560d_int8,zh_char,EDGE-00828,ROOT-5303,曷,言,言,謁,qwen3_4b_2560d_int8__zh_char__EDGE-00828,26,23,說,6888,0.5453783273696899,訕,6458,0.5693266987800598,11150,3,0,0,0,0.0001451800232288,0.3822764373486411,0,0,0,0.0001548467017652,0.4208449188268006,430,0,0,0,0,0,0
qwen3_4b_2560d_int8,zh_char,EDGE-00832,ROOT-5303,曷,革,革,鞨,qwen3_4b_2560d_int8__zh_char__EDGE-00832,27,23,剕,1766,0.6481610536575317,褫,1181,0.6590355634689331,11150,3,0,0,0,0.0005662514156285,0.8416898376536013,0,0,0,0.0008467400508044,0.8941609112924926,585,0,0,0,0,0,0
qwen3_4b_2560d_int8,zh_char,EDGE-00833,ROOT-5303,曷,飠,食,餲,qwen3_4b_2560d_int8__zh_char__EDGE-00833,27,23,吃,63,0.725229024887085,餚,31,0.775526225566864,11150,3,0,0,0,0.0158730158730158,0.9944389631357072,0,0,0,0.032258064516129,0.997309175710826,32,0,0,0,0,0,0
qwen3_4b_2560d_int8,zh_char,EDGE-00834,ROOT-5303,曷,鳥,鳥,鶡,qwen3_4b_2560d_int8__zh_char__EDGE-00834,27,23,鸉,189,0.7355426549911499,鸉,167,0.77849942445755,11150,3,0,0,0,0.0052910052910052,0.9831375011211768,0,0,0,0.0059880239520958,0.985110772266571,22,0,0,0,0,0,0
qwen3_4b_2560d_int8,zh_char,EDGE-00835,ROOT-5303,曷,鼻,鼻,齃,qwen3_4b_2560d_int8__zh_char__EDGE-00835,27,23,顴,1931,0.6392780542373657,顐,958,0.67193204164505,11150,3,0,0,0,0.0005178663904712,0.8268903040631447,0,0,0,0.0010438413361169,0.914162705175352,973,0,0,0,0,0,0
qwen3_4b_2560d_int8,zh_char,EDGE-02217,ROOT-572D,圭,亻,人,佳,qwen3_4b_2560d_int8__zh_char__EDGE-02217,27,24,者,6096,0.5876547694206238,者,7052,0.6026418805122375,11150,3,0,0,0,0.0001640419947506,0.4533141985828325,0,0,0,0.0001418037436188,0.3675665979011571,-956,0,0,0,0,0,0
qwen3_4b_2560d_int8,zh_char,EDGE-02218,ROOT-572D,圭,刂,刀,刲,qwen3_4b_2560d_int8__zh_char__EDGE-02218,27,24,刃,55,0.7538745403289795,刃,63,0.7572813630104065,11150,3,0,0,0,0.0181818181818181,0.995156516279487,0,0,0,0.0158730158730158,0.9944389631357072,-8,0,0,0,0,0,0
qwen3_4b_2560d_int8,zh_char,EDGE-02219,ROOT-572D,圭,卜,卜,卦,qwen3_4b_2560d_int8__zh_char__EDGE-02219,27,24,筮,2,0.9319170117378236,筮,2,0.896496057510376,11150,3,0,1,1,0.5,0.9999103058570276,0,1,1,0.5,0.9999103058570276,0,0,0,0,0,0,0
qwen3_4b_2560d_int8,zh_char,EDGE-02226,ROOT-572D,圭,口,口,哇,qwen3_4b_2560d_int8__zh_char__EDGE-02226,27,24,嘴,993,0.6351677179336548,嘴,1500,0.6462995409965515,11150,3,0,0,0,0.0010070493454179,0.9110234101713158,0,0,0,0.0006666666666666,0.8655484796842766,-507,0,0,0,0,0,0
qwen3_4b_2560d_int8,zh_char,EDGE-02227,ROOT-572D,圭,大,大,奎,qwen3_4b_2560d_int8__zh_char__EDGE-02227,27,24,巨,1466,0.5892080664634705,巨,728,0.610114336013794,11150,3,0,0,0,0.0006821282401091,0.8685980805453404,0,0,0,0.0013736263736263,0.9347923580590188,738,0,0,0,0,0,0
qwen3_4b_2560d_int8,zh_char,EDGE-02229,ROOT-572D,圭,女,女,娃,qwen3_4b_2560d_int8__zh_char__EDGE-02229,27,24,雌,382,0.6207362413406372,雌,412,0.6324906945228577,11150,3,0,0,0,0.0026178010471204,0.9658265315274912,0,0,0,0.0024271844660194,0.9631357072383172,-30,0,0,0,0,0,0
qwen3_4b_2560d_int8,zh_char,EDGE-02230,ROOT-572D,圭,心,心,恚,qwen3_4b_2560d_int8__zh_char__EDGE-02230,27,24,情,168,0.6603091359138489,惄,337,0.667248547077179,11150,3,0,0,0,0.0059523809523809,0.9850210781235984,0,0,0,0.0029673590504451,0.969862767961252,-169,0,0,0,0,0,0
qwen3_4b_2560d_int8,zh_char,EDGE-02231,ROOT-572D,圭,扌,手,挂,qwen3_4b_2560d_int8__zh_char__EDGE-02231,26,24,掌,2252,0.572609543800354,掌,5483,0.5712748169898987,11150,3,0,0,0,0.0004440497335701,0.7980984841689838,0,0,0,0.0001823819077147,0.508296708224953,-3231,0,0,0,0,0,0
qwen3_4b_2560d_int8,zh_char,EDGE-02232,ROOT-572D,圭,木,木,桂,qwen3_4b_2560d_int8__zh_char__EDGE-02232,27,24,樅,312,0.7367088198661804,橉,315,0.7572211623191833,11150,3,0,0,0,0.0032051282051282,0.9721051215355636,0,0,0,0.0031746031746031,0.9718360391066464,-3,0,0,0,0,0,0
qwen3_4b_2560d_int8,zh_char,EDGE-02233,ROOT-572D,圭,氵,水,洼,qwen3_4b_2560d_int8__zh_char__EDGE-02233,26,24,灄,1244,0.6289068460464478,滫,1432,0.6436322331428528,11150,3,0,0,0,0.0008038585209003,0.8885101802852273,0,0,0,0.0006983240223463,0.8716476814064041,-188,0,0,0,0,0,0
qwen3_4b_2560d_int8,zh_char,EDGE-02235,ROOT-572D,圭,火,火,烓,qwen3_4b_2560d_int8__zh_char__EDGE-02235,27,24,焰,2485,0.5788099765777588,焰,952,0.627533495426178,11150,3,0,0,0,0.0004024144869215,0.7771997488563996,0,0,0,0.0010504201680672,0.9147008700331868,1533,0,0,0,0,0,0
qwen3_4b_2560d_int8,zh_char,EDGE-02236,ROOT-572D,圭,王,玉,珪,qwen3_4b_2560d_int8__zh_char__EDGE-02236,27,24,玊,97,0.743842363357544,玊,116,0.7446627020835876,11150,3,0,0,0,0.0103092783505154,0.9913893622746436,0,0,0,0.0086206896551724,0.9896851735581668,-19,0,0,0,0,0,0
qwen3_4b_2560d_int8,zh_char,EDGE-02237,ROOT-572D,圭,田,田,畦,qwen3_4b_2560d_int8__zh_char__EDGE-02237,27,24,畇,12,0.7945929765701294,畇,16,0.7946687340736389,11150,3,0,0,0,0.0833333333333333,0.9990133644273028,0,0,0,0.0625,0.9986545878554132,-4,0,0,0,0,0,0
qwen3_4b_2560d_int8,zh_char,EDGE-02238,ROOT-572D,圭,目,目,眭,qwen3_4b_2560d_int8__zh_char__EDGE-02238,27,24,眼,4867,0.5792943239212036,眼,2258,0.626864492893219,11150,3,0,0,0,0.0002054653790836,0.5635483002959907,0,0,0,0.0004428697962798,0.797560319311149,2609,0,0,0,0,0,0
qwen3_4b_2560d_int8,zh_char,EDGE-02239,ROOT-572D,圭,穴,穴,窐,qwen3_4b_2560d_int8__zh_char__EDGE-02239,26,24,窿,206,0.7126019597053528,窿,201,0.7199419140815735,11150,3,0,0,0,0.0048543689320388,0.9816127006906448,0,0,0,0.0049751243781094,0.9820611714055072,5,0,0,0,0,0,0
qwen3_4b_2560d_int8,zh_char,EDGE-02241,ROOT-572D,圭,糸,糸,絓,qwen3_4b_2560d_int8__zh_char__EDGE-02241,27,24,絹,47,0.7855209112167358,絹,42,0.7925477027893066,11150,3,0,0,0,0.0212765957446808,0.9958740694232666,0,0,0,0.0238095238095238,0.9963225401381288,5,0,0,0,0,0,0
qwen3_4b_2560d_int8,zh_char,EDGE-02242,ROOT-572D,圭,艹,艸,茥,qwen3_4b_2560d_int8__zh_char__EDGE-02242,27,24,蒮,146,0.7890608310699463,蒮,96,0.8009204864501953,11150,3,0,0,0,0.0068493150684931,0.9869943492689928,0,0,0,0.0104166666666666,0.991479056417616,50,0,0,0,0,0,0
qwen3_4b_2560d_int8,zh_char,EDGE-02243,ROOT-572D,圭,虫,虫,蛙,qwen3_4b_2560d_int8__zh_char__EDGE-02243,27,24,蟲,66,0.8216156959533691,蟑,68,0.8212749361991882,11150,3,0,0,0,0.0151515151515151,0.9941698807067898,0,0,0,0.0147058823529411,0.9939904924208448,-2,0,0,0,0,0,0
qwen3_4b_2560d_int8,zh_char,EDGE-02244,ROOT-572D,圭,行,行,街,qwen3_4b_2560d_int8__zh_char__EDGE-02244,27,24,走,427,0.6765450835227966,徉,3929,0.6375434994697571,11150,3,0,0,0,0.0023419203747072,0.9617902950937304,0,0,0,0.0002545176889793,0.6476814064041618,-3502,0,0,0,0,0,0
qwen3_4b_2560d_int8,zh_char,EDGE-02245,ROOT-572D,圭,角,角,觟,qwen3_4b_2560d_int8__zh_char__EDGE-02245,27,24,棱,733,0.644684910774231,棱,954,0.6503888964653015,11150,3,0,0,0,0.0013642564802182,0.9343438873441564,0,0,0,0.0010482180293501,0.914521481747242,-221,0,0,0,0,0,0
qwen3_4b_2560d_int8,zh_char,EDGE-02246,ROOT-572D,圭,言,言,詿,qwen3_4b_2560d_int8__zh_char__EDGE-02246,27,24,說,2974,0.5772382020950317,說,1037,0.622412383556366,11150,3,0,0,0,0.0003362474781439,0.7333393129428648,0,0,0,0.0009643201542912,0.9070768678805274,1937,0,0,0,0,0,0
qwen3_4b_2560d_int8,zh_char,EDGE-02248,ROOT-572D,圭,門,門,閨,qwen3_4b_2560d_int8__zh_char__EDGE-02248,27,24,閘,6,0.7604538202285767,閘,6,0.7637783288955688,11150,3,0,0,1,0.1666666666666666,0.9995515292851376,0,0,1,0.1666666666666666,0.9995515292851376,0,0,0,0,0,0,0
qwen3_4b_2560d_int8,zh_char,EDGE-02249,ROOT-572D,圭,革,革,鞋,qwen3_4b_2560d_int8__zh_char__EDGE-02249,27,24,剕,7535,0.5836077332496643,褫,10431,0.5128061175346375,11150,3,0,0,0,0.0001327140013271,0.324244326845457,0,0,0,9.586808551433228e-05,0.0644900887972015,-2896,0,0,0,0,0,0
qwen3_4b_2560d_int8,zh_char,EDGE-02266,ROOT-582F,堯,亻,人,僥,qwen3_4b_2560d_int8__zh_char__EDGE-02266,21,21,者,10392,0.5416988134384155,者,6741,0.6241370439529419,11150,3,0,0,0,9.62278675904542e-05,0.0679881603731276,0,0,0,0.0001483459427384,0.3954614763655933,3651,0,0,0,0,0,0
qwen3_4b_2560d_int8,zh_char,EDGE-02267,ROOT-582F,堯,口,口,嘵,qwen3_4b_2560d_int8__zh_char__EDGE-02267,21,21,嘴,209,0.6790276765823364,囗,136,0.7253373861312866,11150,3,0,0,0,0.0047846889952153,0.9813436182617276,0,0,0,0.0073529411764705,0.9878912906987174,73,0,0,0,0,0,0
qwen3_4b_2560d_int8,zh_char,EDGE-02268,ROOT-582F,堯,女,女,嬈,qwen3_4b_2560d_int8__zh_char__EDGE-02268,21,21,雌,564,0.6064010262489319,雌,86,0.7035388946533203,11150,3,0,0,0,0.00177304964539,0.9495021975065028,0,0,0,0.0116279069767441,0.9923759978473404,478,0,0,0,0,0,0
qwen3_4b_2560d_int8,zh_char,EDGE-02269,ROOT-582F,堯,山,山,嶢,qwen3_4b_2560d_int8__zh_char__EDGE-02269,21,21,岭,159,0.6891735792160034,嶱,44,0.7852031588554382,11150,3,0,0,0,0.0062893081761006,0.9858283254103508,0,0,0,0.0227272727272727,0.996143151852184,115,0,0,0,0,0,0
qwen3_4b_2560d_int8,zh_char,EDGE-02270,ROOT-582F,堯,扌,手,撓,qwen3_4b_2560d_int8__zh_char__EDGE-02270,21,21,掌,29,0.7206218838691711,掌,9,0.7854693531990051,11150,3,0,0,0,0.0344827586206896,0.997488563996771,0,0,1,0.1111111111111111,0.9992824468562204,20,0,0,0,0,1,0
qwen3_4b_2560d_int8,zh_char,EDGE-02271,ROOT-582F,堯,日,日,曉,qwen3_4b_2560d_int8__zh_char__EDGE-02271,21,21,週,777,0.6237526535987854,穌,1628,0.6511784195899963,11150,3,0,0,0,0.0012870012870012,0.930397345053368,0,0,0,0.0006142506142506,0.8540676293838012,-851,0,0,0,0,0,0
qwen3_4b_2560d_int8,zh_char,EDGE-02272,ROOT-582F,堯,木,木,橈,qwen3_4b_2560d_int8__zh_char__EDGE-02272,21,21,樅,122,0.7759840488433838,橉,56,0.8169201612472534,11150,3,0,0,0,0.0081967213114754,0.989147008700332,0,0,0,0.0178571428571428,0.9950668221365144,66,0,0,0,0,0,0
qwen3_4b_2560d_int8,zh_char,EDGE-02273,ROOT-582F,堯,氵,水,澆,qwen3_4b_2560d_int8__zh_char__EDGE-02273,21,21,灄,272,0.7007555365562439,灄,165,0.758202850818634,11150,3,0,0,0,0.0036764705882352,0.9756928872544622,0,0,0,0.006060606060606,0.985290160552516,107,0,0,0,0,0,0
qwen3_4b_2560d_int8,zh_char,EDGE-02274,ROOT-582F,堯,火,火,燒,qwen3_4b_2560d_int8__zh_char__EDGE-02274,21,21,焰,12,0.7416784167289734,焰,35,0.7321556806564331,11150,3,0,0,0,0.0833333333333333,0.9990133644273028,0,0,0,0.0285714285714285,0.9969503991389362,-23,0,0,0,0,0,0
qwen3_4b_2560d_int8,zh_char,EDGE-02275,ROOT-582F,堯,犭,犬,獟,qwen3_4b_2560d_int8__zh_char__EDGE-02275,21,21,狗,39,0.7687047123908997,狗,17,0.8045541048049927,11150,3,0,0,0,0.0256410256410256,0.9965916225670464,0,0,0,0.0588235294117647,0.9985648937124406,22,0,0,0,0,0,0
qwen3_4b_2560d_int8,zh_char,EDGE-02276,ROOT-582F,堯,石,石,磽,qwen3_4b_2560d_int8__zh_char__EDGE-02276,21,21,岩,63,0.7560732364654541,礧,26,0.8042218685150146,11150,3,0,0,0,0.0158730158730158,0.9944389631357072,0,0,0,0.0384615384615384,0.9977576464256884,37,0,0,0,0,0,0
qwen3_4b_2560d_int8,zh_char,EDGE-02277,ROOT-582F,堯,糸,糸,繞,qwen3_4b_2560d_int8__zh_char__EDGE-02277,21,21,絹,230,0.7320185303688049,縸,298,0.7281544208526611,11150,3,0,0,0,0.0043478260869565,0.9794600412593056,0,0,0,0.0033557046979865,0.9733608395371782,-68,0,0,0,0,0,0
qwen3_4b_2560d_int8,zh_char,EDGE-02278,ROOT-582F,堯,羽,羽,翹,qwen3_4b_2560d_int8__zh_char__EDGE-02278,21,21,翎,1809,0.6909133791923523,鳳,485,0.7434503436088562,11150,3,0,0,0,0.0005527915975677,0.8378329895057852,0,0,0,0.002061855670103,0.9565880348013276,1324,0,0,0,0,0,0
qwen3_4b_2560d_int8,zh_char,EDGE-02279,ROOT-582F,堯,肉,肉,膮,qwen3_4b_2560d_int8__zh_char__EDGE-02279,21,21,腩,413,0.6114211678504944,腩,91,0.6878421306610107,11150,3,0,0,0,0.0024213075060532,0.9630460130953448,0,0,0,0.0109890109890109,0.9919275271324782,322,0,0,0,0,0,0
qwen3_4b_2560d_int8,zh_char,EDGE-02280,ROOT-582F,堯,艹,艸,蕘,qwen3_4b_2560d_int8__zh_char__EDGE-02280,21,21,蒮,68,0.8103678822517395,蒮,43,0.8096493482589722,11150,3,0,0,0,0.0147058823529411,0.9939904924208448,0,0,0,0.0232558139534883,0.9962328459951564,25,0,0,0,0,0,0
qwen3_4b_2560d_int8,zh_char,EDGE-02281,ROOT-582F,堯,虫,虫,蟯,qwen3_4b_2560d_int8__zh_char__EDGE-02281,21,21,蟲,207,0.715574324131012,蟲,127,0.7922888994216919,11150,3,0,0,0,0.0048309178743961,0.9815230065476724,0,0,0,0.0078740157480314,0.9886985379854696,80,0,0,0,0,0,0
qwen3_4b_2560d_int8,zh_char,EDGE-02282,ROOT-582F,堯,言,言,譊,qwen3_4b_2560d_int8__zh_char__EDGE-02282,21,21,說,172,0.6431357860565186,訕,90,0.6959138512611389,11150,3,0,0,0,0.005813953488372,0.9846623015517086,0,0,0,0.0111111111111111,0.9920172212754508,82,0,0,0,0,0,0
qwen3_4b_2560d_int8,zh_char,EDGE-02283,ROOT-582F,堯,走,走,趬,qwen3_4b_2560d_int8__zh_char__EDGE-02283,21,21,遛,84,0.6985000967979431,遛,19,0.7718228697776794,11150,3,0,0,0,0.0119047619047619,0.9925553861332856,0,0,0,0.0526315789473684,0.9983855054264956,65,0,0,0,0,0,0
qwen3_4b_2560d_int8,zh_char,EDGE-02285,ROOT-582F,堯,釒,金,鐃,qwen3_4b_2560d_int8__zh_char__EDGE-02285,21,21,銀,333,0.6497591137886047,銀,327,0.6905556917190552,11150,3,0,0,0,0.003003003003003,0.970221544533142,0,0,0,0.0030581039755351,0.9707597093909768,6,0,0,0,0,0,0
qwen3_4b_2560d_int8,zh_char,EDGE-02286,ROOT-582F,堯,頁,頁,顤,qwen3_4b_2560d_int8__zh_char__EDGE-02286,21,21,葉,5705,0.5165448784828186,葉,2631,0.5686887502670288,11150,3,0,0,0,0.0001752848378615,0.4883846084850659,0,0,0,0.000380083618396,0.76410440398242,3074,0,0,0,0,0,0
qwen3_4b_2560d_int8,zh_char,EDGE-02287,ROOT-582F,堯,飠,食,饒,qwen3_4b_2560d_int8__zh_char__EDGE-02287,21,21,吃,5216,0.5755933523178101,餚,982,0.6662650108337402,11150,3,0,0,0,0.000191717791411,0.5322450443986008,0,0,0,0.0010183299389002,0.9120100457440128,4234,0,0,0,0,0,0
qwen3_4b_2560d_int8,zh_char,EDGE-02288,ROOT-582F,堯,馬,馬,驍,qwen3_4b_2560d_int8__zh_char__EDGE-02288,21,21,驢,652,0.7186991572380066,驢,244,0.7750453948974609,11150,3,0,0,0,0.0015337423312883,0.941609112924926,0,0,0,0.0040983606557377,0.9782043232576912,408,0,0,0,0,0,0
qwen3_4b_2560d_int8,zh_char,EDGE-03012,ROOT-382F,台,亻,人,佁,qwen3_4b_2560d_int8__zh_char__EDGE-03012,25,23,者,8472,0.5683487057685852,者,4258,0.6292310357093811,11150,3,0,0,0,0.0001180358829084,0.2402009148802583,0,0,0,0.0002348520432127,0.6181720333662212,4214,0,0,0,0,0,0
qwen3_4b_2560d_int8,zh_char,EDGE-03014,ROOT-382F,台,女,女,始,qwen3_4b_2560d_int8__zh_char__EDGE-03014,25,23,雌,3147,0.5580905675888062,雌,5837,0.5610653162002563,11150,3,0,0,0,0.0003177629488401,0.7178222262086286,0,0,0,0.0001713208840157,0.4765449816127006,-2690,0,0,0,0,0,0
qwen3_4b_2560d_int8,zh_char,EDGE-03015,ROOT-382F,台,心,心,怠,qwen3_4b_2560d_int8__zh_char__EDGE-03015,25,23,情,1023,0.6119500398635864,惄,820,0.653217613697052,11150,3,0,0,0,0.0009775171065493,0.908332585882142,0,0,0,0.0012195121951219,0.926540496905552,203,0,0,0,0,0,0
qwen3_4b_2560d_int8,zh_char,EDGE-03016,ROOT-382F,台,忄,心,怡,qwen3_4b_2560d_int8__zh_char__EDGE-03016,25,23,情,1835,0.5950281620025635,惄,1098,0.6448079943656921,11150,3,0,0,0,0.0005449591280653,0.8355009417885012,0,0,0,0.0009107468123861,0.9016055251592072,737,0,0,0,0,0,0
qwen3_4b_2560d_int8,zh_char,EDGE-03017,ROOT-382F,台,木,木,枲,qwen3_4b_2560d_int8__zh_char__EDGE-03017,25,23,樅,138,0.7699337601661682,樅,246,0.7632133364677429,11150,3,0,0,0,0.0072463768115942,0.9877119024127724,0,0,0,0.0040650406504065,0.9780249349717464,-108,0,0,0,0,0,0
qwen3_4b_2560d_int8,zh_char,EDGE-03018,ROOT-382F,台,歹,歹,殆,qwen3_4b_2560d_int8__zh_char__EDGE-03018,25,23,煞,25,0.8010901212692261,慝,10,0.806609034538269,11150,3,0,0,0,0.04,0.9978473405686608,0,0,1,0.1,0.9991927527132478,15,0,0,0,0,1,0
qwen3_4b_2560d_int8,zh_char,EDGE-03019,ROOT-382F,台,氵,水,治,qwen3_4b_2560d_int8__zh_char__EDGE-03019,24,23,灄,9394,0.5320664644241333,滫,10509,0.5176277160644531,11150,3,0,0,0,0.000106450926123,0.1575029150596466,0,0,0,9.515653249595584e-05,0.0574939456453493,-1115,0,0,0,0,0,0
qwen3_4b_2560d_int8,zh_char,EDGE-03020,ROOT-382F,台,火,火,炱,qwen3_4b_2560d_int8__zh_char__EDGE-03020,25,23,焰,201,0.6433195471763611,焰,73,0.6888749003410339,11150,3,0,0,0,0.0049751243781094,0.9820611714055072,0,0,0,0.0136986301369863,0.9935420217059826,128,0,0,0,0,0,0
qwen3_4b_2560d_int8,zh_char,EDGE-03021,ROOT-382F,台,瓦,瓦,瓵,qwen3_4b_2560d_int8__zh_char__EDGE-03021,25,23,沃,468,0.7338694930076599,璺,536,0.7349215149879456,11150,3,0,0,0,0.0021367521367521,0.9581128352318592,0,0,0,0.001865671641791,0.9520136335097318,-68,0,0,0,0,0,0
qwen3_4b_2560d_int8,zh_char,EDGE-03022,ROOT-382F,台,目,目,眙,qwen3_4b_2560d_int8__zh_char__EDGE-03022,25,23,眼,1202,0.6175409555435181,眼,621,0.6549505591392517,11150,3,0,0,0,0.0008319467554076,0.8922773342900708,0,0,0,0.001610305958132,0.9443896313570724,581,0,0,0,0,0,0
qwen3_4b_2560d_int8,zh_char,EDGE-03023,ROOT-382F,台,竹,竹,笞,qwen3_4b_2560d_int8__zh_char__EDGE-03023,25,23,篁,5100,0.5821441411972046,篁,5209,0.585224449634552,11150,3,0,0,0,0.0001960784313725,0.5426495649834067,0,0,0,0.0001919754271453,0.532872903399408,-109,0,0,0,0,0,0
qwen3_4b_2560d_int8,zh_char,EDGE-03024,ROOT-382F,台,糸,糸,紿,qwen3_4b_2560d_int8__zh_char__EDGE-03024,25,23,絹,5470,0.6207994818687439,繘,5533,0.6213968396186829,11150,3,0,0,0,0.0001828153564899,0.5094627320835949,0,0,0,0.0001807337791433,0.5038120010763297,-63,0,0,0,0,0,0
qwen3_4b_2560d_int8,zh_char,EDGE-03025,ROOT-382F,台,肉,肉,胎,qwen3_4b_2560d_int8__zh_char__EDGE-03025,25,23,腩,1549,0.5673667192459106,腩,3859,0.5722342729568481,11150,3,0,0,0,0.0006455777921239,0.8611534666786259,0,0,0,0.0002591344908007,0.6539599964122342,-2310,0,0,0,0,0,0
qwen3_4b_2560d_int8,zh_char,EDGE-03026,ROOT-382F,台,艹,艸,苔,qwen3_4b_2560d_int8__zh_char__EDGE-03026,25,23,蒮,408,0.7505599856376648,蒮,486,0.741864025592804,11150,3,0,0,0,0.0024509803921568,0.9634944838102072,0,0,0,0.0020576131687242,0.956498340658355,-78,0,0,0,0,0,0
qwen3_4b_2560d_int8,zh_char,EDGE-03027,ROOT-382F,台,言,言,詒,qwen3_4b_2560d_int8__zh_char__EDGE-03027,25,23,說,1672,0.5922719836235046,說,234,0.6554555296897888,11150,3,0,0,0,0.0005980861244019,0.8501210870930128,0,0,0,0.0042735042735042,0.979101264687416,1438,0,0,0,0,0,0
qwen3_4b_2560d_int8,zh_char,EDGE-03028,ROOT-382F,台,貝,貝,貽,qwen3_4b_2560d_int8__zh_char__EDGE-03028,25,23,苾,7222,0.6058213710784912,苾,2825,0.6475566029548645,11150,3,0,0,0,0.0001384657989476,0.3523185935958381,0,0,0,0.0003539823008849,0.7467037402457619,4397,0,0,0,0,0,0
qwen3_4b_2560d_int8,zh_char,EDGE-03030,ROOT-382F,台,釒,金,鈶,qwen3_4b_2560d_int8__zh_char__EDGE-03030,25,23,銀,10,0.7674963474273682,銀,10,0.7744579911231995,11150,3,0,0,1,0.1,0.9991927527132478,0,0,1,0.1,0.9991927527132478,0,0,0,0,0,0,0
qwen3_4b_2560d_int8,zh_char,EDGE-03031,ROOT-382F,台,風,風,颱,qwen3_4b_2560d_int8__zh_char__EDGE-03031,25,23,飉,3,0.7701658606529236,飁,4,0.7745565176010132,11150,3,0,1,1,0.3333333333333333,0.9998206117140552,0,1,1,0.25,0.9997309175710826,-1,0,0,0,0,0,0
qwen3_4b_2560d_int8,zh_char,EDGE-03032,ROOT-382F,台,飠,食,飴,qwen3_4b_2560d_int8__zh_char__EDGE-03032,25,23,吃,401,0.6512835621833801,膳,770,0.661232054233551,11150,3,0,0,0,0.0024937655860349,0.9641223428110144,0,0,0,0.0012987012987012,0.9310252040541752,-369,0,0,0,0,0,0
qwen3_4b_2560d_int8,zh_char,EDGE-03033,ROOT-382F,台,馬,馬,駘,qwen3_4b_2560d_int8__zh_char__EDGE-03033,25,23,驢,628,0.7202017307281494,驢,403,0.7500483393669128,11150,3,0,0,0,0.001592356687898,0.9437617723562652,0,0,0,0.0024813895781637,0.9639429545250696,225,0,0,0,0,0,0
qwen3_4b_2560d_int8,zh_char,EDGE-03034,ROOT-382F,台,魚,魚,鮐,qwen3_4b_2560d_int8__zh_char__EDGE-03034,25,23,鯛,78,0.784528911113739,鯛,66,0.8067156672477722,11150,3,0,0,0,0.0128205128205128,0.9930935509911204,0,0,0,0.0151515151515151,0.9941698807067898,12,0,0,0,0,0,0
qwen3_4b_2560d_int8,zh_char,EDGE-03035,ROOT-382F,台,齒,齒,齝,qwen3_4b_2560d_int8__zh_char__EDGE-03035,25,23,齱,56,0.7469418048858643,齴,32,0.7712522745132446,11150,3,0,0,0,0.0178571428571428,0.9950668221365144,0,0,0,0.03125,0.9972194815678536,24,0,0,0,0,0,0
qwen3_4b_2560d_int8,zh_char,EDGE-03085,ROOT-5E1D,帝,口,口,啻,qwen3_4b_2560d_int8__zh_char__EDGE-03085,5,5,嘴,2289,0.6121090650558472,嘴,1016,0.6319413781166077,11150,3,0,0,0,0.000436871996505,0.7947798008790026,0,0,0,0.0009842519685039,0.9089604448829492,1273,0,0,0,0,0,0
qwen3_4b_2560d_int8,zh_char,EDGE-03087,ROOT-5E1D,帝,口,口,啼,qwen3_4b_2560d_int8__zh_char__EDGE-03087,5,5,嘴,753,0.6421737670898438,嘴,695,0.6425023674964905,11150,3,0,0,0,0.0013280212483399,0.9325500044847072,0,0,0,0.0014388489208633,0.93775226477711,58,0,0,0,0,0,0
qwen3_4b_2560d_int8,zh_char,EDGE-03088,ROOT-5E1D,帝,礻,示,禘,qwen3_4b_2560d_int8__zh_char__EDGE-03088,6,5,施,2865,0.6337419748306274,啻,950,0.6393552422523499,11150,3,0,0,0,0.000349040139616,0.7431159745268634,0,0,0,0.0010526315789473,0.9148802583191318,1915,0,0,0,0,0,0
qwen3_4b_2560d_int8,zh_char,EDGE-03089,ROOT-5E1D,帝,糸,糸,締,qwen3_4b_2560d_int8__zh_char__EDGE-03089,6,5,絹,521,0.7059306502342224,絹,288,0.6782835125923157,11150,3,0,0,0,0.0019193857965451,0.9533590456543188,0,0,0,0.0034722222222222,0.9742577809669029,233,0,0,0,0,0,0
qwen3_4b_2560d_int8,zh_char,EDGE-03090,ROOT-5E1D,帝,艹,艸,蒂,qwen3_4b_2560d_int8__zh_char__EDGE-03090,6,5,蒮,6018,0.6307594180107117,蒮,4475,0.6375773549079895,11150,3,0,0,0,0.0001661681621801,0.4603103417346847,0,0,0,0.0002234636871508,0.5987084043411965,1543,0,0,0,0,0,0
qwen3_4b_2560d_int8,zh_char,EDGE-03091,ROOT-5E1D,帝,言,言,諦,qwen3_4b_2560d_int8__zh_char__EDGE-03091,6,5,說,1404,0.5966393947601318,說,476,0.6288942098617554,11150,3,0,0,0,0.0007122507122507,0.8741591174096331,0,0,0,0.0021008403361344,0.9573952820880796,928,0,0,0,0,0,0
qwen3_4b_2560d_int8,zh_char,EDGE-03092,ROOT-5E1D,帝,𧾷,足,蹄,qwen3_4b_2560d_int8__zh_char__EDGE-03092,6,5,腳,6,0.8271788358688354,腳,9,0.7752819061279297,11150,3,0,0,1,0.1666666666666666,0.9995515292851376,0,0,1,0.1111111111111111,0.9992824468562204,-3,0,0,0,0,0,0
qwen3_4b_2560d_int8,zh_char,EDGE-03943,ROOT-67EC,闌,木,木,欄,qwen3_4b_2560d_int8__zh_char__EDGE-03943,24,17,樅,4537,0.6290568113327026,橉,4651,0.6541092395782471,11150,3,0,0,0,0.0002204099625303,0.5931473674769038,0,0,0,0.0002150075252633,0.5829222351780429,-114,0,0,0,0,0,0
qwen3_4b_2560d_int8,zh_char,EDGE-03944,ROOT-67EC,闌,氵,水,瀾,qwen3_4b_2560d_int8__zh_char__EDGE-03944,22,17,灄,170,0.7230398058891296,灄,34,0.7842808365821838,11150,3,0,0,0,0.0058823529411764,0.9848416898376536,0,0,0,0.0294117647058823,0.9970400932819088,136,0,0,0,0,0,0
qwen3_4b_2560d_int8,zh_char,EDGE-03945,ROOT-67EC,闌,火,火,爛,qwen3_4b_2560d_int8__zh_char__EDGE-03945,24,17,焰,5184,0.5519452691078186,焰,1640,0.6138185262680054,11150,3,0,0,0,0.0001929012345679,0.5351152569737196,0,0,0,0.0006097560975609,0.8529912996681317,3544,0,0,0,0,0,0
qwen3_4b_2560d_int8,zh_char,EDGE-03946,ROOT-67EC,闌,竹,竹,籣,qwen3_4b_2560d_int8__zh_char__EDGE-03946,24,17,篁,1272,0.6416847109794617,篁,549,0.6880393624305725,11150,3,0,0,0,0.0007861635220125,0.8859987442819984,0,0,0,0.0018214936247723,0.9508476096510898,723,0,0,0,0,0,0
qwen3_4b_2560d_int8,zh_char,EDGE-03947,ROOT-67EC,闌,艹,艸,蘭,qwen3_4b_2560d_int8__zh_char__EDGE-03947,24,17,蒮,3062,0.6671355366706848,蒮,2949,0.6716907620429993,11150,3,0,0,0,0.0003265839320705,0.725446228361288,0,0,0,0.0003390979993218,0.7355816665171764,113,0,0,0,0,0,0
qwen3_4b_2560d_int8,zh_char,EDGE-03949,ROOT-67EC,闌,衤,衣,襴,qwen3_4b_2560d_int8__zh_char__EDGE-03949,25,17,衫,76,0.7093461155891418,衫,61,0.7354873418807983,11150,3,0,0,0,0.0131578947368421,0.9932729392770652,0,0,0,0.0163934426229508,0.994618351421652,15,0,0,0,0,0,0
qwen3_4b_2560d_int8,zh_char,EDGE-03950,ROOT-67EC,闌,言,言,讕,qwen3_4b_2560d_int8__zh_char__EDGE-03950,24,17,說,20,0.6876510977745056,說,8,0.7256097197532654,11150,3,0,0,0,0.05,0.9982958112835232,0,0,1,0.125,0.9993721409991928,12,0,0,0,0,1,0
qwen3_4b_2560d_int8,zh_char,EDGE-04481,ROOT-9752,青,亻,人,倩,qwen3_4b_2560d_int8__zh_char__EDGE-04481,16,16,者,2563,0.6167013645172119,者,112,0.7037469744682312,11150,3,0,0,0,0.000390167772142,0.7702036057045475,0,0,0,0.0089285714285714,0.9900439501300564,2451,0,0,0,0,0,0
qwen3_4b_2560d_int8,zh_char,EDGE-04483,ROOT-9752,青,女,女,婧,qwen3_4b_2560d_int8__zh_char__EDGE-04483,16,16,雌,61,0.6889142394065857,雌,15,0.761032223701477,11150,3,0,0,0,0.0163934426229508,0.994618351421652,0,0,0,0.0666666666666666,0.9987442819983856,46,0,0,0,0,0,0
qwen3_4b_2560d_int8,zh_char,EDGE-04484,ROOT-9752,青,山,山,崝,qwen3_4b_2560d_int8__zh_char__EDGE-04484,16,16,岭,6331,0.551960825920105,麓,2808,0.6047723889350891,11150,3,0,0,0,0.0001579529300268,0.4322360749843035,0,0,0,0.0003561253561253,0.7482285406762939,3523,0,0,0,0,0,0
qwen3_4b_2560d_int8,zh_char,EDGE-04485,ROOT-9752,青,忄,心,情,qwen3_4b_2560d_int8__zh_char__EDGE-04485,16,16,情,1,0.7708856463432312,忱,4,0.756858766078949,11150,3,1,1,1,1.0,1.0,0,1,1,0.25,0.9997309175710826,-3,0,1,0,0,0,0
qwen3_4b_2560d_int8,zh_char,EDGE-04486,ROOT-9752,青,日,日,晴,qwen3_4b_2560d_int8__zh_char__EDGE-04486,16,16,週,29,0.6842377781867981,昨,13,0.7142529487609863,11150,3,0,0,0,0.0344827586206896,0.997488563996771,0,0,0,0.0769230769230769,0.9989236702843304,16,0,0,0,0,0,0
qwen3_4b_2560d_int8,zh_char,EDGE-04487,ROOT-9752,青,犭,犬,猜,qwen3_4b_2560d_int8__zh_char__EDGE-04487,16,16,狗,1891,0.57030189037323,狗,4863,0.554318368434906,11150,3,0,0,0,0.0005288207297726,0.8304780697820432,0,0,0,0.0002056343820686,0.5639070768678806,-2972,0,0,0,0,0,0
qwen3_4b_2560d_int8,zh_char,EDGE-04488,ROOT-9752,青,目,目,睛,qwen3_4b_2560d_int8__zh_char__EDGE-04488,16,16,眼,2,0.9175071716308594,睛,1,0.9146064519882202,11150,3,0,1,1,0.5,0.9999103058570276,1,1,1,1.0,1.0,1,1,0,0,0,0,0
qwen3_4b_2560d_int8,zh_char,EDGE-04489,ROOT-9752,青,米,米,精,qwen3_4b_2560d_int8__zh_char__EDGE-04489,16,16,丈,3825,0.5885130167007446,丈,1291,0.6401324272155762,11150,3,0,0,0,0.0002614379084967,0.6570095972732981,0,0,0,0.0007745933384972,0.8842945555655216,2534,0,0,0,0,0,0
qwen3_4b_2560d_int8,zh_char,EDGE-04490,ROOT-9752,青,糸,糸,綪,qwen3_4b_2560d_int8__zh_char__EDGE-04490,16,16,絹,70,0.7696477174758911,絲,41,0.785446047782898,11150,3,0,0,0,0.0142857142857142,0.9938111041349,0,0,0,0.024390243902439,0.9964122342811016,29,0,0,0,0,0,0
qwen3_4b_2560d_int8,zh_char,EDGE-04491,ROOT-9752,青,艹,艸,菁,qwen3_4b_2560d_int8__zh_char__EDGE-04491,16,16,蒮,367,0.7542486786842346,蒮,64,0.7960389256477356,11150,3,0,0,0,0.0027247956403269,0.9671719436720784,0,0,0,0.015625,0.9943492689927348,303,0,0,0,0,0,0
qwen3_4b_2560d_int8,zh_char,EDGE-04492,ROOT-9752,青,虫,虫,蜻,qwen3_4b_2560d_int8__zh_char__EDGE-04492,16,16,蟲,67,0.8210091590881348,蟑,42,0.8285016417503357,11150,3,0,0,0,0.0149253731343283,0.9940801865638174,0,0,0,0.0238095238095238,0.9963225401381288,25,0,0,0,0,0,0
qwen3_4b_2560d_int8,zh_char,EDGE-04493,ROOT-9752,青,言,言,請,qwen3_4b_2560d_int8__zh_char__EDGE-04493,16,16,說,2819,0.5787461996078491,說,3418,0.5798056721687317,11150,3,0,0,0,0.0003547357218871,0.7472419051035968,0,0,0,0.0002925687536571,0.6935151134630908,-599,0,0,0,0,0,0
qwen3_4b_2560d_int8,zh_char,EDGE-04494,ROOT-9752,青,釒,金,錆,qwen3_4b_2560d_int8__zh_char__EDGE-04494,16,16,銀,193,0.6719762086868286,銀,710,0.6376978754997253,11150,3,0,0,0,0.005181347150259,0.9827787245492868,0,0,0,0.0014084507042253,0.9364068526325232,-517,0,0,0,0,0,0
qwen3_4b_2560d_int8,zh_char,EDGE-04495,ROOT-9752,青,立,立,靖,qwen3_4b_2560d_int8__zh_char__EDGE-04495,16,16,峙,1448,0.6675254702568054,峙,61,0.7286727428436279,11150,3,0,0,0,0.0006906077348066,0.8702125751188448,0,0,0,0.0163934426229508,0.994618351421652,1387,0,0,0,0,0,0
qwen3_4b_2560d_int8,zh_char,EDGE-04496,ROOT-9752,青,見,見,靚,qwen3_4b_2560d_int8__zh_char__EDGE-04496,16,16,視,1707,0.6407150030136108,睹,135,0.7028413414955139,11150,3,0,0,0,0.0005858230814294,0.8469817920889766,0,0,0,0.0074074074074074,0.9879809848416898,1572,0,0,0,0,0,0
qwen3_4b_2560d_int8,zh_char,EDGE-04497,ROOT-9752,青,爭,爭,靜,qwen3_4b_2560d_int8__zh_char__EDGE-04497,16,16,鬥,1560,0.6089044809341431,諍,567,0.6337364315986633,11150,3,0,0,0,0.0006410256410256,0.8601668311059287,0,0,0,0.001763668430335,0.9492331150775856,993,0,0,0,0,0,0
qwen3_4b_2560d_int8,zh_char,EDGE-04498,ROOT-9752,青,魚,魚,鯖,qwen3_4b_2560d_int8__zh_char__EDGE-04498,16,16,鯛,17,0.8580005764961243,鱒,22,0.8311687707901001,11150,3,0,0,0,0.0588235294117647,0.9985648937124406,0,0,0,0.0454545454545454,0.9981164229975784,-5,0,0,0,0,0,0
qwen3_4b_2560d_int8,zh_char,EDGE-05389,ROOT-4F59,余,氵,水,涂,qwen3_4b_2560d_int8__zh_char__EDGE-05389,15,13,灄,1945,0.6132789254188538,滫,2885,0.6160053610801697,11150,3,0,0,0,0.0005141388174807,0.8256345860615302,0,0,0,0.0003466204506065,0.7413220916674141,-940,0,0,0,0,0,0
qwen3_4b_2560d_int8,zh_char,EDGE-05391,ROOT-4F59,余,彳,彳,徐,qwen3_4b_2560d_int8__zh_char__EDGE-05391,16,13,亍,1119,0.7412265539169312,亍,1742,0.7155486941337585,11150,3,0,0,0,0.000893655049151,0.8997219481567853,0,0,0,0.0005740528128587,0.8438424970849403,-623,0,0,0,0,0,0
qwen3_4b_2560d_int8,zh_char,EDGE-05392,ROOT-4F59,余,心,心,悆,qwen3_4b_2560d_int8__zh_char__EDGE-05392,16,13,情,4972,0.5587459802627563,惄,1588,0.6096830368041992,11150,3,0,0,0,0.0002011263073209,0.554130415283882,0,0,0,0.0006297229219143,0.8576553951026997,3384,0,0,0,0,0,0
qwen3_4b_2560d_int8,zh_char,EDGE-05394,ROOT-4F59,余,斗,斗,斜,qwen3_4b_2560d_int8__zh_char__EDGE-05394,16,13,鬥,3995,0.6227867007255554,鬥,6675,0.6023066639900208,11150,3,0,0,0,0.0002503128911138,0.6417615929679792,0,0,0,0.0001498127340823,0.4013812898017759,-2680,0,0,0,0,0,0
qwen3_4b_2560d_int8,zh_char,EDGE-05396,ROOT-4F59,余,田,田,畬,qwen3_4b_2560d_int8__zh_char__EDGE-05396,16,13,畇,248,0.7083027362823486,畇,117,0.7488415241241455,11150,3,0,0,0,0.0040322580645161,0.9778455466858014,0,0,0,0.0085470085470085,0.9895954794151942,131,0,0,0,0,0,0
qwen3_4b_2560d_int8,zh_char,EDGE-05397,ROOT-4F59,余,禾,禾,稌,qwen3_4b_2560d_int8__zh_char__EDGE-05397,16,13,稼,62,0.7818433046340942,稼,48,0.7797468900680542,11150,3,0,0,0,0.0161290322580645,0.9945286572786796,0,0,0,0.0208333333333333,0.9957843752802942,14,0,0,0,0,0,0
qwen3_4b_2560d_int8,zh_char,EDGE-05398,ROOT-4F59,余,竹,竹,筡,qwen3_4b_2560d_int8__zh_char__EDGE-05398,15,13,篁,473,0.6875661611557007,篁,356,0.6965928077697754,11150,3,0,0,0,0.0021141649048625,0.957664364516997,0,0,0,0.0028089887640449,0.9681585792447752,117,0,0,0,0,0,0
qwen3_4b_2560d_int8,zh_char,EDGE-05399,ROOT-4F59,余,舟,舟,艅,qwen3_4b_2560d_int8__zh_char__EDGE-05399,16,13,船,27,0.7766838669776917,船,27,0.7647830247879028,11150,3,0,0,0,0.037037037037037,0.997667952282716,0,0,0,0.037037037037037,0.997667952282716,0,0,0,0,0,0,0
qwen3_4b_2560d_int8,zh_char,EDGE-05400,ROOT-4F59,余,艹,艸,荼,qwen3_4b_2560d_int8__zh_char__EDGE-05400,15,13,蒮,432,0.7482419013977051,蒮,416,0.752605676651001,11150,3,0,0,0,0.0023148148148148,0.961341824378868,0,0,0,0.0024038461538461,0.9627769306664274,16,0,0,0,0,0,0
qwen3_4b_2560d_int8,zh_char,EDGE-05401,ROOT-4F59,余,虫,虫,蜍,qwen3_4b_2560d_int8__zh_char__EDGE-05401,16,13,蟲,92,0.7922666072845459,蟑,89,0.7976800203323364,11150,3,0,0,0,0.0108695652173913,0.9918378329895058,0,0,0,0.0112359550561797,0.9921069154184232,3,0,0,0,0,0,0
qwen3_4b_2560d_int8,zh_char,EDGE-05403,ROOT-4F59,余,酉,酉,酴,qwen3_4b_2560d_int8__zh_char__EDGE-05403,16,13,戊,4417,0.6800328493118286,戌,4681,0.652006983757019,11150,3,0,0,0,0.0002263980076975,0.6039106646335994,0,0,0,0.0002136295663319,0.580231410888869,-264,0,0,0,0,0,0
qwen3_4b_2560d_int8,zh_char,EDGE-05408,ROOT-4F59,余,飠,食,餘,qwen3_4b_2560d_int8__zh_char__EDGE-05408,16,13,吃,1762,0.6097635626792908,膳,1299,0.6235270500183105,11150,3,0,0,0,0.0005675368898978,0.842048614225491,0,0,0,0.0007698229407236,0.8835770024217419,463,0,0,0,0,0,0
qwen3_4b_2560d_int8,zh_char,EDGE-05409,ROOT-4F59,余,馬,馬,駼,qwen3_4b_2560d_int8__zh_char__EDGE-05409,16,13,驢,94,0.7974990606307983,驢,50,0.8020980954170227,11150,3,0,0,0,0.0106382978723404,0.9916584447035608,0,0,0,0.02,0.9956049869943492,44,0,0,0,0,0,0
qwen3_4b_2560d_int8,zh_char,EDGE-05721,ROOT-8FB0,辰,衤,衣,裖,qwen3_4b_2560d_int8__zh_char__EDGE-05721,13,13,衫,16,0.7887263894081116,衫,7,0.8358217477798462,11150,3,0,0,0,0.0625,0.9986545878554132,0,0,1,0.1428571428571428,0.9994618351421652,9,0,0,0,0,1,0
qwen3_4b_2560d_int8,zh_char,EDGE-05799,ROOT-8FB0,辰,亻,人,侲,qwen3_4b_2560d_int8__zh_char__EDGE-05799,13,13,者,2738,0.6147693991661072,者,532,0.6853004693984985,11150,3,0,0,0,0.0003652300949598,0.7545071306843663,0,0,0,0.0018796992481203,0.9523724100816215,2206,0,0,0,0,0,0
qwen3_4b_2560d_int8,zh_char,EDGE-05800,ROOT-8FB0,辰,口,口,唇,qwen3_4b_2560d_int8__zh_char__EDGE-05800,13,13,嘴,7,0.7949967980384827,囗,24,0.7581667304039001,11150,3,0,0,1,0.1428571428571428,0.9994618351421652,0,0,0,0.0416666666666666,0.9979370347116332,-17,0,0,0,0,0,1
qwen3_4b_2560d_int8,zh_char,EDGE-05801,ROOT-8FB0,辰,女,女,娠,qwen3_4b_2560d_int8__zh_char__EDGE-05801,13,13,雌,328,0.6260163187980652,雌,1476,0.6193597912788391,11150,3,0,0,0,0.0030487804878048,0.9706700152480044,0,0,0,0.0006775067750677,0.8677011391156157,-1148,0,0,0,0,0,0
qwen3_4b_2560d_int8,zh_char,EDGE-05803,ROOT-8FB0,辰,扌,手,振,qwen3_4b_2560d_int8__zh_char__EDGE-05803,13,13,掌,4518,0.5502631664276123,掌,5079,0.5697627067565918,11150,3,0,0,0,0.0002213368747233,0.5948515561933806,0,0,0,0.0001968891514077,0.5445331419858284,-561,0,0,0,0,0,0
qwen3_4b_2560d_int8,zh_char,EDGE-05804,ROOT-8FB0,辰,日,日,晨,qwen3_4b_2560d_int8__zh_char__EDGE-05804,13,13,週,34,0.6802529692649841,穌,613,0.6534290909767151,11150,3,0,0,0,0.0294117647058823,0.9970400932819088,0,0,0,0.0016313213703099,0.945107184500852,-579,0,0,0,0,0,0
qwen3_4b_2560d_int8,zh_char,EDGE-05806,ROOT-8FB0,辰,礻,示,祳,qwen3_4b_2560d_int8__zh_char__EDGE-05806,13,13,施,3473,0.6273661851882935,申,2553,0.6500812768936157,11150,3,0,0,0,0.0002879355024474,0.6885819355996053,0,0,0,0.0003916960438699,0.7711005471342721,920,0,0,0,0,0,0
qwen3_4b_2560d_int8,zh_char,EDGE-05807,ROOT-8FB0,辰,肉,肉,脣,qwen3_4b_2560d_int8__zh_char__EDGE-05807,13,13,腩,1407,0.5702653527259827,腩,661,0.6223437190055847,11150,3,0,0,0,0.0007107320540156,0.8738900349807157,0,0,0,0.0015128593040847,0.9408018656381738,746,0,0,0,0,0,0
qwen3_4b_2560d_int8,zh_char,EDGE-05809,ROOT-8FB0,辰,虫,虫,蜃,qwen3_4b_2560d_int8__zh_char__EDGE-05809,13,13,蟲,200,0.7170370221138,蟲,229,0.7151588797569275,11150,3,0,0,0,0.005,0.9821508655484796,0,0,0,0.0043668122270742,0.9795497354022782,-29,0,0,0,0,0,0
qwen3_4b_2560d_int8,zh_char,EDGE-05810,ROOT-8FB0,辰,貝,貝,賑,qwen3_4b_2560d_int8__zh_char__EDGE-05810,13,13,苾,3778,0.6410689949989319,苾,3187,0.654202938079834,11150,3,0,0,0,0.0002646903123345,0.6612252219930039,0,0,0,0.0003137747097583,0.7142344604897299,591,0,0,0,0,0,0
qwen3_4b_2560d_int8,zh_char,EDGE-05811,ROOT-8FB0,辰,雨,雨,震,qwen3_4b_2560d_int8__zh_char__EDGE-05811,13,13,霖,527,0.6074046492576599,霖,1812,0.5989091396331787,11150,3,0,0,0,0.0018975332068311,0.952820880796484,0,0,0,0.0005518763796909,0.8375639070768679,-1285,0,0,0,0,0,0
qwen3_4b_2560d_int8,zh_char,EDGE-05812,ROOT-8FB0,辰,鹿,鹿,麎,qwen3_4b_2560d_int8__zh_char__EDGE-05812,13,13,麂,6118,0.6087019443511963,狻,4597,0.633324384689331,11150,3,0,0,0,0.0001634521085322,0.4513409274374383,0,0,0,0.000217533173809,0.5877657188985559,1521,0,0,0,0,0,0
qwen3_4b_2560d_int8,zh_char,EDGE-06206,ROOT-5360,店,扌,手,掂,qwen3_4b_2560d_int8__zh_char__EDGE-06206,18,18,掌,2072,0.5753328800201416,掌,1807,0.6041287779808044,11150,3,0,0,0,0.0004826254826254,0.8142434299040273,0,0,0,0.0005534034311012,0.8380123777917302,265,0,0,0,0,0,0
qwen3_4b_2560d_int8,zh_char,EDGE-06207,ROOT-5360,店,忄,心,惦,qwen3_4b_2560d_int8__zh_char__EDGE-06207,19,18,情,87,0.673073410987854,惄,70,0.7091829776763916,11150,3,0,0,0,0.0114942528735632,0.992286303704368,0,0,0,0.0142857142857142,0.9938111041349,17,0,0,0,0,0,0
