model,channel,edge_row,C,P,S,anchor_family,other_training_family_count,baseline_predicted_P,baseline_rank_true_P,baseline_top1_correct,baseline_top5_correct,baseline_top10_correct,candidate_anchor_count,offset_predicted_P,offset_rank_true_P,true_P_offset_top1,true_P_offset_top5,true_P_offset_top10,rank_change,top1_rescued,top1_lost,true_anchor_rank,baseline_cosine,adjusted_cosine,residual_improvement_over_raw_cosine
bge_m3_1024d,cn_def,31,儐,賓,亻,ROOT-219CD,126,郎,10,0,0,1,1053,郎,9,0,0,1,1,0,0,9,0.672084,0.6715555787086487,-0.0005283951759338
bge_m3_1024d,cn_def,32,嬪,賓,女,ROOT-219CD,68,家,107,0,0,0,1053,郎,134,0,0,0,-27,0,0,134,0.5078236,0.5286622047424316,0.0208386182785034
bge_m3_1024d,cn_def,33,擯,賓,扌,ROOT-219CD,138,蔑,453,0,0,0,1053,蔑,396,0,0,0,57,0,0,396,0.5394821,0.5282350182533264,-0.0112470984458923
bge_m3_1024d,cn_def,34,檳,賓,木,ROOT-219CD,139,葛,951,0,0,0,1053,葛,587,0,0,0,364,0,0,587,0.3737674,0.46613210439682,0.0923646986484527
bge_m3_1024d,cn_def,35,殯,賓,歹,ROOT-219CD,10,骨,714,0,0,0,1053,骨,417,0,0,0,297,0,0,417,0.4034365,0.4138050079345703,0.0103684961795806
bge_m3_1024d,cn_def,36,濱,賓,氵,ROOT-219CD,185,浦,550,0,0,0,1053,浦,434,0,0,0,116,0,0,434,0.5498055,0.6167278289794922,0.0669223070144653
bge_m3_1024d,cn_def,37,繽,賓,糸,ROOT-219CD,97,夭,690,0,0,0,1053,夭,513,0,0,0,177,0,0,513,0.52055955,0.5569421052932739,0.0363825559616088
bge_m3_1024d,cn_def,38,鬢,賓,髟,ROOT-219CD,10,眉,492,0,0,0,1053,即,293,0,0,0,199,0,0,293,0.50822735,0.5867785215377808,0.078551173210144
bge_m3_1024d,cn_def,252,刻,亥,刂,ROOT-4EA5,19,造,956,0,0,0,1053,造,889,0,0,0,67,0,0,889,0.45147884,0.4575675427913666,0.0060887038707733
bge_m3_1024d,cn_def,253,劾,亥,力,ROOT-4EA5,15,干,978,0,0,0,1053,姦,949,0,0,0,29,0,0,949,0.40924063,0.4206568002700805,0.0114161670207977
bge_m3_1024d,cn_def,254,咳,亥,口,ROOT-4EA5,113,息,804,0,0,0,1053,息,545,0,0,0,259,0,0,545,0.4139271,0.4720916748046875,0.0581645667552948
bge_m3_1024d,cn_def,255,垓,亥,土,ROOT-4EA5,65,野,669,0,0,0,1053,久,738,0,0,0,-69,0,0,738,0.48341045,0.4833963811397552,-1.4066696166992188e-05
bge_m3_1024d,cn_def,256,孩,亥,子,ROOT-4EA5,5,幼,987,0,0,0,1053,幼,1029,0,0,0,-42,0,0,1029,0.42310837,0.4178446829319,-0.0052636861801147
bge_m3_1024d,cn_def,257,核,亥,木,ROOT-4EA5,139,固,905,0,0,0,1053,固,952,0,0,0,-47,0,0,952,0.41587454,0.41881263256073,0.0029380917549133
bge_m3_1024d,cn_def,258,欬,亥,欠,ROOT-4EA5,13,臭,727,0,0,0,1053,臭,695,0,0,0,32,0,0,695,0.49412706,0.5161545276641846,0.0220274627208709
bge_m3_1024d,cn_def,259,該,亥,言,ROOT-4EA5,95,宜,799,0,0,0,1053,宜,716,0,0,0,83,0,0,716,0.47360247,0.4964503049850464,0.022847831249237
bge_m3_1024d,cn_def,260,閡,亥,門,ROOT-4EA5,19,絕,937,0,0,0,1053,絕,868,0,0,0,69,0,0,868,0.47149926,0.4801904559135437,0.0086911916732788
bge_m3_1024d,cn_def,261,頦,亥,頁,ROOT-4EA5,27,面,741,0,0,0,1053,面,782,0,0,0,-41,0,0,782,0.4743872,0.4858643114566803,0.0114771127700805
bge_m3_1024d,cn_def,262,駭,亥,馬,ROOT-4EA5,34,畏,975,0,0,0,1053,畏,955,0,0,0,20,0,0,955,0.4378057,0.4375800788402557,-0.0002256333827972
bge_m3_1024d,cn_def,263,骸,亥,骨,ROOT-4EA5,5,品,809,0,0,0,1053,扇,634,0,0,0,175,0,0,634,0.4718535,0.5515051484107971,0.079651653766632
bge_m3_1024d,cn_def,398,完,元,宀,ROOT-5143,19,完,94,0,0,0,1053,完,32,0,0,0,62,0,0,32,0.68281287,0.6714171767234802,-0.0113956928253173
bge_m3_1024d,cn_def,404,沅,元,氵,ROOT-5143,185,沮,421,0,0,0,1053,沮,218,0,0,0,203,0,0,218,0.52331746,0.5895649194717407,0.0662474632263183
bge_m3_1024d,cn_def,405,玩,元,王,ROOT-5143,44,敖,641,0,0,0,1053,敖,507,0,0,0,134,0,0,507,0.53831965,0.5475590825080872,0.0092394351959228
bge_m3_1024d,cn_def,407,阮,元,阝,ROOT-5143,47,潘,368,0,0,0,1053,任,256,0,0,0,112,0,0,256,0.58066326,0.6170592308044434,0.0363959670066833
bge_m3_1024d,cn_def,408,頑,元,頁,ROOT-5143,27,堅,329,0,0,0,1053,堅,368,0,0,0,-39,0,0,368,0.5677726,0.5308822393417358,-0.0368903875350952
bge_m3_1024d,cn_def,433,偈,曷,亻,ROOT-5303,126,敏,775,0,0,0,1053,敏,783,0,0,0,-8,0,0,783,0.48741448,0.4842194318771362,-0.00319504737854
bge_m3_1024d,cn_def,434,喝,曷,口,ROOT-5303,113,舀,790,0,0,0,1053,湯,784,0,0,0,6,0,0,784,0.46331343,0.4793881475925445,0.0160747170448303
bge_m3_1024d,cn_def,435,愒,曷,忄,ROOT-5303,79,需,873,0,0,0,1053,需,818,0,0,0,55,0,0,818,0.47201577,0.4994357228279114,0.0274199545383453
bge_m3_1024d,cn_def,436,揭,曷,扌,ROOT-5303,138,陟,803,0,0,0,1053,陟,763,0,0,0,40,0,0,763,0.5155067,0.5417428612709045,0.0262361764907836
bge_m3_1024d,cn_def,437,歇,曷,欠,ROOT-5303,13,歇,947,0,0,0,1053,歇,916,0,0,0,31,0,0,916,0.4093523,0.4371913075447082,0.0278390049934387
bge_m3_1024d,cn_def,439,渴,曷,氵,ROOT-5303,185,味,716,0,0,0,1053,味,664,0,0,0,52,0,0,664,0.44456196,0.472137451171875,0.0275754928588867
bge_m3_1024d,cn_def,440,碣,曷,石,ROOT-5303,38,札,205,0,0,0,1053,章,282,0,0,0,-77,0,0,282,0.5028025,0.5325436592102051,0.0297411680221557
bge_m3_1024d,cn_def,441,竭,曷,立,ROOT-5303,3,匱,845,0,0,0,1053,匱,637,0,0,0,208,0,0,637,0.4619056,0.4641153812408447,0.0022097826004028
bge_m3_1024d,cn_def,443,葛,曷,艹,ROOT-5303,150,葛,161,0,0,0,1053,葛,268,0,0,0,-107,0,0,268,0.4870597,0.5435653924942017,0.0565056800842285
bge_m3_1024d,cn_def,444,褐,曷,衤,ROOT-5303,33,喬,905,0,0,0,1053,豐,846,0,0,0,59,0,0,846,0.4549714,0.5214394330978394,0.0664680302143096
bge_m3_1024d,cn_def,445,謁,曷,言,ROOT-5303,95,謁,692,0,0,0,1053,謁,671,0,0,0,21,0,0,671,0.51692647,0.5196672677993774,0.0027408003807067
bge_m3_1024d,cn_def,448,遏,曷,辶,ROOT-5303,51,絕,784,0,0,0,1053,絕,615,0,0,0,169,0,0,615,0.5006788,0.5161742568016052,0.015495479106903
bge_m3_1024d,cn_def,1158,佳,圭,亻,ROOT-572D,126,臧,738,0,0,0,1053,臧,730,0,0,0,8,0,0,730,0.50328314,0.5024889707565308,-0.0007941722869873
bge_m3_1024d,cn_def,1162,哇,圭,口,ROOT-572D,113,於,906,0,0,0,1053,斯,895,0,0,0,11,0,0,895,0.43155852,0.4681175649166107,0.0365590453147888
bge_m3_1024d,cn_def,1163,奎,圭,大,ROOT-572D,3,婁,20,0,0,0,1053,婁,23,0,0,0,-3,0,0,23,0.49890968,0.4841645359992981,-0.014745146036148
bge_m3_1024d,cn_def,1164,娃,圭,女,ROOT-572D,68,幼,1012,0,0,0,1053,幼,1008,0,0,0,4,0,0,1008,0.41366637,0.4132289886474609,-0.0004373788833618
bge_m3_1024d,cn_def,1165,恚,圭,心,ROOT-572D,43,冤,911,0,0,0,1053,冤,875,0,0,0,36,0,0,875,0.46522242,0.5188961625099182,0.0536737442016601
bge_m3_1024d,cn_def,1166,桂,圭,木,ROOT-572D,139,栗,853,0,0,0,1053,栗,963,0,0,0,-110,0,0,963,0.40157887,0.433531105518341,0.0319522321224212
bge_m3_1024d,cn_def,1167,珪,圭,王,ROOT-572D,44,濕,642,0,0,0,1053,濕,948,0,0,0,-306,0,0,948,0.45665285,0.4287838339805603,-0.0278690159320831
bge_m3_1024d,cn_def,1168,畦,圭,田,ROOT-572D,9,田,1031,0,0,0,1053,里,1031,0,0,0,0,0,0,1031,0.41337258,0.3895922899246216,-0.0237802863121032
bge_m3_1024d,cn_def,1169,蛙,圭,虫,ROOT-572D,76,魚,729,0,0,0,1053,魚,819,0,0,0,-90,0,0,819,0.43845925,0.4873455464839935,0.0488862991333007
bge_m3_1024d,cn_def,1170,街,圭,行,ROOT-572D,4,里,879,0,0,0,1053,邑,1038,0,0,0,-159,0,0,1038,0.42036635,0.2959333062171936,-0.1244330406188964
bge_m3_1024d,cn_def,1171,閨,圭,門,ROOT-572D,19,堂,982,0,0,0,1053,覺,961,0,0,0,21,0,0,961,0.39395177,0.3965584635734558,0.0026066899299621
bge_m3_1024d,cn_def,1172,鞋,圭,革,ROOT-572D,12,衣,336,0,0,0,1053,走,902,0,0,0,-566,0,0,902,0.50475717,0.4284486174583435,-0.0763085484504699
bge_m3_1024d,cn_def,1176,僥,堯,亻,ROOT-582F,126,幸,534,0,0,0,1053,幸,461,0,0,0,73,0,0,461,0.50771844,0.5150648355484009,0.0073463916778564
bge_m3_1024d,cn_def,1177,嬈,堯,女,ROOT-582F,68,旖,37,0,0,0,1053,旖,34,0,0,0,3,0,0,34,0.6637542,0.6888120770454407,0.0250578522682189
bge_m3_1024d,cn_def,1178,撓,堯,扌,ROOT-582F,138,絕,563,0,0,0,1053,窒,510,0,0,0,53,0,0,510,0.5370851,0.5476434826850891,0.0105583667755126
bge_m3_1024d,cn_def,1179,曉,堯,日,ROOT-582F,42,旦,45,0,0,0,1053,旦,28,0,0,0,17,0,0,28,0.63505924,0.6495323181152344,0.0144730806350708
bge_m3_1024d,cn_def,1180,橈,堯,木,ROOT-582F,139,舟,105,0,0,0,1053,舟,75,0,0,0,30,0,0,75,0.62014097,0.6481372714042664,0.0279963016510009
bge_m3_1024d,cn_def,1181,澆,堯,氵,ROOT-582F,185,沾,120,0,0,0,1053,即,93,0,0,0,27,0,0,93,0.584794,0.6176840662956238,0.0328900814056396
bge_m3_1024d,cn_def,1182,燒,堯,火,ROOT-582F,34,烝,152,0,0,0,1053,烝,241,0,0,0,-89,0,0,241,0.58341396,0.6204761862754822,0.0370622277259826
bge_m3_1024d,cn_def,1183,繞,堯,糸,ROOT-582F,97,繫,249,0,0,0,1053,逮,250,0,0,0,-1,0,0,250,0.63971806,0.659650981426239,0.0199329257011413
bge_m3_1024d,cn_def,1184,翹,堯,羽,ROOT-582F,13,陟,23,0,0,0,1053,陟,75,0,0,0,-52,0,0,75,0.7220749,0.6629974842071533,-0.0590774416923522
bge_m3_1024d,cn_def,1185,蟯,堯,虫,ROOT-582F,76,兔,437,0,0,0,1053,顥,344,0,0,0,93,0,0,344,0.5052388,0.611016035079956,0.1057772636413574
bge_m3_1024d,cn_def,1186,遶,堯,辶,ROOT-582F,51,折,705,0,0,0,1053,折,827,0,0,0,-122,0,0,827,0.5066214,0.4580727219581604,-0.0485486984252929
bge_m3_1024d,cn_def,1187,鐃,堯,釒,ROOT-582F,85,咎,489,0,0,0,1053,弭,433,0,0,0,56,0,0,433,0.46274796,0.4963918030261993,0.0336438417434692
bge_m3_1024d,cn_def,1188,饒,堯,飠,ROOT-582F,21,禁,724,0,0,0,1053,禁,624,0,0,0,100,0,0,624,0.49486166,0.4981311559677124,0.0032694935798645
bge_m3_1024d,cn_def,1189,驍,堯,馬,ROOT-582F,34,賁,97,0,0,0,1053,賁,140,0,0,0,-43,0,0,140,0.6162082,0.5932908058166504,-0.0229173898696899
bge_m3_1024d,cn_def,1536,冶,台,冫,ROOT-382F,5,戎,815,0,0,0,1053,戎,634,0,0,0,181,0,0,634,0.46601874,0.4517872333526611,-0.0142315030097961
bge_m3_1024d,cn_def,1537,始,台,女,ROOT-382F,68,原,768,0,0,0,1053,原,730,0,0,0,38,0,0,730,0.47280976,0.4589089453220367,-0.0139008164405822
bge_m3_1024d,cn_def,1538,怠,台,心,ROOT-382F,43,魯,867,0,0,0,1053,魯,873,0,0,0,-6,0,0,873,0.491593,0.5080817937850952,0.0164887905120849
bge_m3_1024d,cn_def,1539,怡,台,忄,ROOT-382F,79,樂,642,0,0,0,1053,欣,599,0,0,0,43,0,0,599,0.53889155,0.5470554232597351,0.0081638693809509
bge_m3_1024d,cn_def,1540,殆,台,歹,ROOT-382F,10,畏,862,0,0,0,1053,畏,683,0,0,0,179,0,0,683,0.47380495,0.5181505680084229,0.0443456172943115
bge_m3_1024d,cn_def,1541,治,台,氵,ROOT-382F,185,宰,688,0,0,0,1053,宰,571,0,0,0,117,0,0,571,0.5037827,0.5123608112335205,0.0085781216621398
bge_m3_1024d,cn_def,1542,笞,台,竹,ROOT-382F,60,卸,1013,0,0,0,1053,伐,920,0,0,0,93,0,0,920,0.40936118,0.4802073240280151,0.070846140384674
bge_m3_1024d,cn_def,1543,紿,台,糸,ROOT-382F,97,欺,456,0,0,0,1053,欺,293,0,0,0,163,0,0,293,0.56419677,0.5876848697662354,0.0234881043434143
bge_m3_1024d,cn_def,1544,胎,台,肉,ROOT-382F,69,胃,913,0,0,0,1053,名,714,0,0,0,199,0,0,714,0.42607927,0.5038367509841919,0.0777574777603149
bge_m3_1024d,cn_def,1545,苔,台,艹,ROOT-382F,150,朮,629,0,0,0,1053,朮,653,0,0,0,-24,0,0,653,0.44365436,0.5201171636581421,0.0764628052711486
bge_m3_1024d,cn_def,1546,貽,台,貝,ROOT-382F,28,畀,583,0,0,0,1053,畀,471,0,0,0,112,0,0,471,0.54561794,0.59879070520401,0.053172767162323
bge_m3_1024d,cn_def,1547,邰,台,阝,ROOT-382F,47,滕,966,0,0,0,1053,吳,853,0,0,0,113,0,0,853,0.33917293,0.3839257359504699,0.0447528064250946
bge_m3_1024d,cn_def,1548,颱,台,風,ROOT-382F,3,炎,852,0,0,0,1053,立,783,0,0,0,69,0,0,783,0.31223974,0.334939032793045,0.0226992964744567
bge_m3_1024d,cn_def,1549,飴,台,飠,ROOT-382F,21,秀,936,0,0,0,1053,產,706,0,0,0,230,0,0,706,0.39904365,0.4780936241149902,0.0790499746799469
bge_m3_1024d,cn_def,1550,駘,台,馬,ROOT-382F,34,魯,848,0,0,0,1053,亞,619,0,0,0,229,0,0,619,0.38953888,0.4484077095985412,0.0588688254356384
bge_m3_1024d,cn_def,1579,啻,帝,口,ROOT-5E1D,113,其,901,0,0,0,1053,兮,735,0,0,0,166,0,0,735,0.3844742,0.4114728569984436,0.0269986689090728
bge_m3_1024d,cn_def,1580,啼,帝,口,ROOT-5E1D,113,音,662,0,0,0,1053,辱,550,0,0,0,112,0,0,550,0.4873739,0.547325611114502,0.0599517226219177
bge_m3_1024d,cn_def,1581,締,帝,糸,ROOT-5E1D,97,雜,369,0,0,0,1053,雜,334,0,0,0,35,0,0,334,0.5996939,0.6082074642181396,0.0085135698318481
bge_m3_1024d,cn_def,1582,蒂,帝,艹,ROOT-5E1D,150,毛,875,0,0,0,1053,肩,662,0,0,0,213,0,0,662,0.4474964,0.5158886313438416,0.0683922171592712
bge_m3_1024d,cn_def,1583,諦,帝,言,ROOT-5E1D,95,制,225,0,0,0,1053,侖,144,0,0,0,81,0,0,144,0.6052183,0.6154632568359375,0.0102449655532836
bge_m3_1024d,cn_def,1584,蹄,帝,𧾷,ROOT-5E1D,47,毳,1037,0,0,0,1053,毳,1016,0,0,0,21,0,0,1016,0.34199035,0.3646847605705261,0.0226944088935852
bge_m3_1024d,cn_def,2028,欄,闌,木,ROOT-67EC,139,監,63,0,0,0,1053,監,222,0,0,0,-159,0,0,222,0.58193004,0.5414719581604004,-0.0404580831527709
bge_m3_1024d,cn_def,2029,瀾,闌,氵,ROOT-67EC,185,咎,128,0,0,0,1053,咎,143,0,0,0,-15,0,0,143,0.6053456,0.6136156320571899,0.0082700252532958
bge_m3_1024d,cn_def,2030,爛,闌,火,ROOT-67EC,34,肴,577,0,0,0,1053,柔,652,0,0,0,-75,0,0,652,0.5154704,0.5226830244064331,0.0072126388549804
bge_m3_1024d,cn_def,2031,蘭,闌,艹,ROOT-67EC,150,蘭,395,0,0,0,1053,蘭,629,0,0,0,-234,0,0,629,0.49240118,0.536918580532074,0.0445173978805542
bge_m3_1024d,cn_def,2305,倩,青,亻,ROOT-9752,126,旖,255,0,0,0,1053,旖,210,0,0,0,45,0,0,210,0.6037889,0.6034576892852783,-0.0003312230110168
bge_m3_1024d,cn_def,2306,情,青,忄,ROOT-9752,79,意,161,0,0,0,1053,產,83,0,0,0,78,0,0,83,0.542165,0.5444011688232422,0.0022361874580383
bge_m3_1024d,cn_def,2307,晴,青,日,ROOT-9752,42,風,34,0,0,0,1053,風,12,0,0,0,22,0,0,12,0.583825,0.59539794921875,0.0115729570388793
bge_m3_1024d,cn_def,2308,猜,青,犭,ROOT-9752,27,意,593,0,0,0,1053,意,475,0,0,0,118,0,0,475,0.56066155,0.5653977394104004,0.0047361850738525
bge_m3_1024d,cn_def,2309,睛,青,目,ROOT-9752,31,面,549,0,0,0,1053,面,435,0,0,0,114,0,0,435,0.52535343,0.5914441347122192,0.066090703010559
bge_m3_1024d,cn_def,2310,精,青,米,ROOT-9752,16,廣,35,0,0,0,1053,廣,100,0,0,0,-65,0,0,100,0.67980635,0.647628664970398,-0.0321776866912841
bge_m3_1024d,cn_def,2311,菁,青,艹,ROOT-9752,150,臧,279,0,0,0,1053,臧,587,0,0,0,-308,0,0,587,0.5975159,0.5200459957122803,-0.0774698853492736
bge_m3_1024d,cn_def,2312,蜻,青,虫,ROOT-9752,76,豬,106,0,0,0,1053,豬,132,0,0,0,-26,0,0,132,0.5444272,0.6339391469955444,0.0895119309425354
bge_m3_1024d,cn_def,2313,請,青,言,ROOT-9752,95,貢,225,0,0,0,1053,廷,92,0,0,0,133,0,0,92,0.49789023,0.5113195180892944,0.0134292840957641
bge_m3_1024d,cn_def,2314,靖,青,立,ROOT-9752,3,寧,210,0,0,0,1053,寧,98,0,0,0,112,0,0,98,0.5981685,0.5393824577331543,-0.0587860345840454
bge_m3_1024d,cn_def,2315,靚,青,見,ROOT-9752,3,晃,327,0,0,0,1053,晃,156,0,0,0,171,0,0,156,0.6084217,0.5740565657615662,-0.0343651175498962
bge_m3_1024d,cn_def,2317,鯖,青,魚,ROOT-9752,19,龜,52,0,0,0,1053,晃,40,0,0,0,12,0,0,40,0.49804598,0.6059170961380005,0.1078711152076721
bge_m3_1024d,cn_def,2725,涂,余,氵,ROOT-4F59,185,涂,931,0,0,0,1053,涂,806,0,0,0,125,0,0,806,0.4484255,0.4664235115051269,0.0179980099201202
bge_m3_1024d,cn_def,2726,徐,余,彳,ROOT-4F59,13,冉,666,0,0,0,1053,冉,603,0,0,0,63,0,0,603,0.5255937,0.5021682977676392,-0.0234254002571105
bge_m3_1024d,cn_def,2727,斜,余,斗,ROOT-4F59,4,仄,780,0,0,0,1053,仄,1011,0,0,0,-231,0,0,1011,0.5320053,0.3968700170516968,-0.1351352930068969
bge_m3_1024d,cn_def,2729,畬,余,田,ROOT-4F59,9,農,610,0,0,0,1053,半,422,0,0,0,188,0,0,422,0.48899466,0.5108246207237244,0.0218299627304077
bge_m3_1024d,cn_def,2730,荼,余,艹,ROOT-4F59,150,艾,848,0,0,0,1053,困,762,0,0,0,86,0,0,762,0.41650105,0.4860563278198242,0.0695552825927734
bge_m3_1024d,cn_def,2731,蜍,余,虫,ROOT-4F59,76,黽,673,0,0,0,1053,亢,523,0,0,0,150,0,0,523,0.41439205,0.4888182580471039,0.0744262039661407
bge_m3_1024d,cn_def,2732,途,余,辶,ROOT-4F59,51,軌,668,0,0,0,1053,道,723,0,0,0,-55,0,0,723,0.5263147,0.5184088349342346,-0.0079058408737182
bge_m3_1024d,cn_def,2733,除,余,阝,ROOT-4F59,47,除,596,0,0,0,1053,除,487,0,0,0,109,0,0,487,0.4877435,0.514693021774292,0.0269495248794555
bge_m3_1024d,cn_def,2734,餘,余,飠,ROOT-4F59,21,愈,635,0,0,0,1053,愈,359,0,0,0,276,0,0,359,0.54315794,0.5769671201705933,0.0338091850280761
bge_m3_1024d,cn_def,2919,娠,辰,女,ROOT-8FB0,68,育,921,0,0,0,1053,厭,865,0,0,0,56,0,0,865,0.45905396,0.4913708567619324,0.0323168933391571
bge_m3_1024d,cn_def,2920,宸,辰,宀,ROOT-8FB0,19,奧,683,0,0,0,1053,奧,216,0,0,0,467,0,0,216,0.485525,0.5516759753227234,0.066150963306427
bge_m3_1024d,cn_def,2921,振,辰,扌,ROOT-8FB0,138,拾,764,0,0,0,1053,陟,717,0,0,0,47,0,0,717,0.49951142,0.5332379341125488,0.0337265133857727
bge_m3_1024d,cn_def,2922,晨,辰,日,ROOT-8FB0,42,晨,967,0,0,0,1053,晨,970,0,0,0,-3,0,0,970,0.40238947,0.4530276954174042,0.0506382286548614
bge_m3_1024d,cn_def,2923,脣,辰,肉,ROOT-8FB0,69,脣,890,0,0,0,1053,脣,926,0,0,0,-36,0,0,926,0.4281532,0.4552277326583862,0.0270745456218719
bge_m3_1024d,cn_def,2924,蜃,辰,虫,ROOT-8FB0,76,丕,835,0,0,0,1053,巨,850,0,0,0,-15,0,0,850,0.47440723,0.4803747236728668,0.0059674978256225
bge_m3_1024d,cn_def,2925,賑,辰,貝,ROOT-8FB0,28,畀,856,0,0,0,1053,亟,851,0,0,0,5,0,0,851,0.48006138,0.4720048904418945,-0.008056491613388
bge_m3_1024d,cn_def,2926,震,辰,雨,ROOT-8FB0,21,發,743,0,0,0,1053,打,755,0,0,0,-12,0,0,755,0.46708894,0.4705313444137573,0.0034424066543579
bge_m3_1024d,cn_def,3158,掂,店,扌,ROOT-5360,138,量,404,0,0,0,1053,量,497,0,0,0,-93,0,0,497,0.5340689,0.5338531732559204,-0.0002157092094421
bge_m3_1024d,cn_def,3159,惦,店,忄,ROOT-5360,79,念,707,0,0,0,1053,念,612,0,0,0,95,0,0,612,0.5402421,0.5771023035049438,0.0368602275848388
bge_m3_1024d,en_def_translated_cn_def,31,儐,賓,亻,ROOT-219CD,126,王,10,0,0,1,1053,王,11,0,0,0,-1,0,0,11,0.6858876,0.6866123676300049,0.0007247924804687
bge_m3_1024d,en_def_translated_cn_def,32,嬪,賓,女,ROOT-219CD,68,士,597,0,0,0,1053,士,665,0,0,0,-68,0,0,665,0.49635392,0.5180693864822388,0.0217154622077941
bge_m3_1024d,en_def_translated_cn_def,33,擯,賓,扌,ROOT-219CD,138,冤,304,0,0,0,1053,乏,180,0,0,0,124,0,0,180,0.58426476,0.5760529041290283,-0.0082118511199951
bge_m3_1024d,en_def_translated_cn_def,34,檳,賓,木,ROOT-219CD,139,朮,1013,0,0,0,1053,朮,980,0,0,0,33,0,0,980,0.33705693,0.3938725292682647,0.0568155944347381
bge_m3_1024d,en_def_translated_cn_def,35,殯,賓,歹,ROOT-219CD,10,介,695,0,0,0,1053,平,293,0,0,0,402,0,0,293,0.37763762,0.4020344614982605,0.0243968367576599
bge_m3_1024d,en_def_translated_cn_def,36,濱,賓,氵,ROOT-219CD,185,浦,790,0,0,0,1053,浦,687,0,0,0,103,0,0,687,0.5025453,0.5674718618392944,0.0649265646934509
bge_m3_1024d,en_def_translated_cn_def,37,繽,賓,糸,ROOT-219CD,97,亂,906,0,0,0,1053,昌,780,0,0,0,126,0,0,780,0.42975584,0.4777949452400207,0.0480391085147857
bge_m3_1024d,en_def_translated_cn_def,38,鬢,賓,髟,ROOT-219CD,10,眉,657,0,0,0,1053,眉,585,0,0,0,72,0,0,585,0.48926976,0.548336386680603,0.0590666234493255
bge_m3_1024d,en_def_translated_cn_def,252,刻,亥,刂,ROOT-4EA5,19,翰,665,0,0,0,1053,相,626,0,0,0,39,0,0,626,0.5530335,0.5416562557220459,-0.011377215385437
bge_m3_1024d,en_def_translated_cn_def,253,劾,亥,力,ROOT-4EA5,15,干,774,0,0,0,1053,干,744,0,0,0,30,0,0,744,0.4485402,0.4388757050037384,-0.0096645057201385
bge_m3_1024d,en_def_translated_cn_def,254,咳,亥,口,ROOT-4EA5,113,欠,756,0,0,0,1053,風,580,0,0,0,176,0,0,580,0.37401026,0.4241817593574524,0.0501714944839477
bge_m3_1024d,en_def_translated_cn_def,255,垓,亥,土,ROOT-4EA5,65,蕭,687,0,0,0,1053,蕭,709,0,0,0,-22,0,0,709,0.51035535,0.5199783444404602,0.0096229910850524
bge_m3_1024d,en_def_translated_cn_def,256,孩,亥,子,ROOT-4EA5,5,童,714,0,0,0,1053,相,904,0,0,0,-190,0,0,904,0.50599766,0.5297768115997314,0.0237791538238525
bge_m3_1024d,en_def_translated_cn_def,257,核,亥,木,ROOT-4EA5,139,果,506,0,0,0,1053,守,797,0,0,0,-291,0,0,797,0.4598158,0.4417377412319183,-0.0180780589580535
bge_m3_1024d,en_def_translated_cn_def,258,欬,亥,欠,ROOT-4EA5,13,臭,755,0,0,0,1053,臭,776,0,0,0,-21,0,0,776,0.50306094,0.5211790800094604,0.018118143081665
bge_m3_1024d,en_def_translated_cn_def,259,該,亥,言,ROOT-4EA5,95,宜,870,0,0,0,1053,宜,803,0,0,0,67,0,0,803,0.47666007,0.4977978765964508,0.0211378037929534
bge_m3_1024d,en_def_translated_cn_def,260,閡,亥,門,ROOT-4EA5,19,絕,910,0,0,0,1053,絕,814,0,0,0,96,0,0,814,0.48411855,0.4938622713088989,0.009743720293045
bge_m3_1024d,en_def_translated_cn_def,261,頦,亥,頁,ROOT-4EA5,27,領,739,0,0,0,1053,翼,684,0,0,0,55,0,0,684,0.5073382,0.5353351831436157,0.0279969573020935
bge_m3_1024d,en_def_translated_cn_def,262,駭,亥,馬,ROOT-4EA5,34,迷,912,0,0,0,1053,迷,942,0,0,0,-30,0,0,942,0.43942034,0.4453445971012115,0.005924254655838
bge_m3_1024d,en_def_translated_cn_def,263,骸,亥,骨,ROOT-4EA5,5,品,931,0,0,0,1053,品,851,0,0,0,80,0,0,851,0.46808207,0.5332953333854675,0.0652132630348205
bge_m3_1024d,en_def_translated_cn_def,398,完,元,宀,ROOT-5143,19,完,226,0,0,0,1053,完,145,0,0,0,81,0,0,145,0.634943,0.6188637018203735,-0.016079306602478
bge_m3_1024d,en_def_translated_cn_def,404,沅,元,氵,ROOT-5143,185,沮,305,0,0,0,1053,贛,235,0,0,0,70,0,0,235,0.59671426,0.6368553638458252,0.0401411056518554
bge_m3_1024d,en_def_translated_cn_def,405,玩,元,王,ROOT-5143,44,敖,445,0,0,0,1053,敖,394,0,0,0,51,0,0,394,0.62635463,0.6179785132408142,-0.008376121520996
bge_m3_1024d,en_def_translated_cn_def,407,阮,元,阝,ROOT-5143,47,彭,481,0,0,0,1053,彭,398,0,0,0,83,0,0,398,0.56118315,0.5820142030715942,0.0208310484886169
bge_m3_1024d,en_def_translated_cn_def,408,頑,元,頁,ROOT-5143,27,魯,709,0,0,0,1053,魯,860,0,0,0,-151,0,0,860,0.4462986,0.3966461420059204,-0.0496524572372436
bge_m3_1024d,en_def_translated_cn_def,433,偈,曷,亻,ROOT-5303,126,犬,1044,0,0,0,1053,犬,1038,0,0,0,6,0,0,1038,0.3605992,0.3707799911499023,0.0101808011531829
bge_m3_1024d,en_def_translated_cn_def,434,喝,曷,口,ROOT-5303,113,舀,1014,0,0,0,1053,湯,999,0,0,0,15,0,0,999,0.4212113,0.4503126740455627,0.0291013717651367
bge_m3_1024d,en_def_translated_cn_def,435,愒,曷,忄,ROOT-5303,79,奈,996,0,0,0,1053,奈,937,0,0,0,59,0,0,937,0.41388682,0.4504444599151611,0.0365576446056366
bge_m3_1024d,en_def_translated_cn_def,436,揭,曷,扌,ROOT-5303,138,拾,1001,0,0,0,1053,延,966,0,0,0,35,0,0,966,0.46330512,0.5012075304985046,0.0379024147987365
bge_m3_1024d,en_def_translated_cn_def,437,歇,曷,欠,ROOT-5303,13,歇,1039,0,0,0,1053,歇,1024,0,0,0,15,0,0,1024,0.36403054,0.3968060612678528,0.0327755212783813
bge_m3_1024d,en_def_translated_cn_def,439,渴,曷,氵,ROOT-5303,185,味,1039,0,0,0,1053,味,1033,0,0,0,6,0,0,1033,0.39896184,0.4264214038848877,0.0274595618247985
bge_m3_1024d,en_def_translated_cn_def,440,碣,曷,石,ROOT-5303,38,札,726,0,0,0,1053,史,845,0,0,0,-119,0,0,845,0.46275777,0.4744864106178283,0.0117286443710327
bge_m3_1024d,en_def_translated_cn_def,441,竭,曷,立,ROOT-5303,3,足,1004,0,0,0,1053,足,791,0,0,0,213,0,0,791,0.4178858,0.433239221572876,0.0153534114360809
bge_m3_1024d,en_def_translated_cn_def,443,葛,曷,艹,ROOT-5303,150,葛,431,0,0,0,1053,葛,774,0,0,0,-343,0,0,774,0.45496324,0.4977056384086609,0.0427424013614654
bge_m3_1024d,en_def_translated_cn_def,444,褐,曷,衤,ROOT-5303,33,綿,1046,0,0,0,1053,豐,1039,0,0,0,7,0,0,1039,0.38396248,0.4466575384140014,0.0626950562000274
bge_m3_1024d,en_def_translated_cn_def,445,謁,曷,言,ROOT-5303,95,謁,1016,0,0,0,1053,謁,1013,0,0,0,3,0,0,1013,0.43532595,0.4438847303390503,0.0085587799549102
bge_m3_1024d,en_def_translated_cn_def,448,遏,曷,辶,ROOT-5303,51,絕,1005,0,0,0,1053,絕,933,0,0,0,72,0,0,933,0.43669474,0.4562703967094421,0.0195756554603576
bge_m3_1024d,en_def_translated_cn_def,1158,佳,圭,亻,ROOT-572D,126,卓,843,0,0,0,1053,卓,856,0,0,0,-13,0,0,856,0.45483845,0.451201319694519,-0.0036371350288391
bge_m3_1024d,en_def_translated_cn_def,1162,哇,圭,口,ROOT-572D,113,音,1046,0,0,0,1053,音,1046,0,0,0,0,0,0,1046,0.34009975,0.376971423625946,0.0368716716766357
bge_m3_1024d,en_def_translated_cn_def,1163,奎,圭,大,ROOT-572D,3,婁,407,0,0,0,1053,婁,215,0,0,0,192,0,0,215,0.41543946,0.4305457174777984,0.0151062607765197
bge_m3_1024d,en_def_translated_cn_def,1164,娃,圭,女,ROOT-572D,68,幼,1014,0,0,0,1053,幼,1022,0,0,0,-8,0,0,1022,0.41092378,0.3956577181816101,-0.0152660608291625
bge_m3_1024d,en_def_translated_cn_def,1165,恚,圭,心,ROOT-572D,43,尤,1034,0,0,0,1053,尤,1022,0,0,0,12,0,0,1022,0.3911089,0.4538046717643738,0.0626957714557647
bge_m3_1024d,en_def_translated_cn_def,1166,桂,圭,木,ROOT-572D,139,楚,1017,0,0,0,1053,朵,1026,0,0,0,-9,0,0,1026,0.36171544,0.3901689052581787,0.0284534692764282
bge_m3_1024d,en_def_translated_cn_def,1167,珪,圭,王,ROOT-572D,44,嬴,1012,0,0,0,1053,嬴,1018,0,0,0,-6,0,0,1018,0.40413457,0.3749907314777374,-0.0291438400745391
bge_m3_1024d,en_def_translated_cn_def,1168,畦,圭,田,ROOT-572D,9,農,1039,0,0,0,1053,榮,1038,0,0,0,1,0,0,1038,0.3743135,0.3432885706424713,-0.0310249328613281
bge_m3_1024d,en_def_translated_cn_def,1169,蛙,圭,虫,ROOT-572D,76,魚,946,0,0,0,1053,魚,913,0,0,0,33,0,0,913,0.444793,0.4920732378959656,0.0472802519798278
bge_m3_1024d,en_def_translated_cn_def,1170,街,圭,行,ROOT-572D,4,閻,935,0,0,0,1053,朮,1042,0,0,0,-107,0,0,1042,0.4187933,0.2824489772319793,-0.136344313621521
bge_m3_1024d,en_def_translated_cn_def,1171,閨,圭,門,ROOT-572D,19,宅,749,0,0,0,1053,堂,635,0,0,0,114,0,0,635,0.43687624,0.439293622970581,0.0024173855781555
bge_m3_1024d,en_def_translated_cn_def,1172,鞋,圭,革,ROOT-572D,12,走,801,0,0,0,1053,走,1002,0,0,0,-201,0,0,1002,0.47951823,0.3956805765628814,-0.0838376581668853
bge_m3_1024d,en_def_translated_cn_def,1176,僥,堯,亻,ROOT-582F,126,免,822,0,0,0,1053,免,822,0,0,0,0,0,0,822,0.47011602,0.4692272543907165,-0.0008887648582458
bge_m3_1024d,en_def_translated_cn_def,1177,嬈,堯,女,ROOT-582F,68,旖,113,0,0,0,1053,旖,147,0,0,0,-34,0,0,147,0.69452924,0.7004367709159851,0.0059075355529785
bge_m3_1024d,en_def_translated_cn_def,1178,撓,堯,扌,ROOT-582F,138,絕,738,0,0,0,1053,絕,687,0,0,0,51,0,0,687,0.53041005,0.5380969643592834,0.0076869130134582
bge_m3_1024d,en_def_translated_cn_def,1179,曉,堯,日,ROOT-582F,42,旦,288,0,0,0,1053,旦,392,0,0,0,-104,0,0,392,0.5501124,0.5320671796798706,-0.0180452466011047
bge_m3_1024d,en_def_translated_cn_def,1180,橈,堯,木,ROOT-582F,139,舟,538,0,0,0,1053,舟,585,0,0,0,-47,0,0,585,0.5731834,0.5506974458694458,-0.0224859714508056
bge_m3_1024d,en_def_translated_cn_def,1181,澆,堯,氵,ROOT-582F,185,湯,115,0,0,0,1053,即,99,0,0,0,16,0,0,99,0.6273327,0.6489706635475159,0.0216379761695861
bge_m3_1024d,en_def_translated_cn_def,1182,燒,堯,火,ROOT-582F,34,刺,404,0,0,0,1053,拾,589,0,0,0,-185,0,0,589,0.5804459,0.5863841772079468,0.0059382915496826
bge_m3_1024d,en_def_translated_cn_def,1183,繞,堯,糸,ROOT-582F,97,迷,340,0,0,0,1053,迷,403,0,0,0,-63,0,0,403,0.6294638,0.6190468072891235,-0.0104169845581054
bge_m3_1024d,en_def_translated_cn_def,1184,翹,堯,羽,ROOT-582F,13,拾,292,0,0,0,1053,拾,442,0,0,0,-150,0,0,442,0.63713783,0.5733321905136108,-0.0638056397438049
bge_m3_1024d,en_def_translated_cn_def,1185,蟯,堯,虫,ROOT-582F,76,兔,152,0,0,0,1053,微,401,0,0,0,-249,0,0,401,0.5695629,0.606951892375946,0.0373889803886413
bge_m3_1024d,en_def_translated_cn_def,1186,遶,堯,辶,ROOT-582F,51,嬴,950,0,0,0,1053,嬴,871,0,0,0,79,0,0,871,0.42683697,0.390963464975357,-0.0358735024929046
bge_m3_1024d,en_def_translated_cn_def,1187,鐃,堯,釒,ROOT-582F,85,龠,416,0,0,0,1053,咎,521,0,0,0,-105,0,0,521,0.45026416,0.4761712551116943,0.0259070992469787
bge_m3_1024d,en_def_translated_cn_def,1188,饒,堯,飠,ROOT-582F,21,歇,778,0,0,0,1053,歇,775,0,0,0,3,0,0,775,0.44209084,0.4309548437595367,-0.011135995388031
bge_m3_1024d,en_def_translated_cn_def,1189,驍,堯,馬,ROOT-582F,34,勇,199,0,0,0,1053,勇,358,0,0,0,-159,0,0,358,0.63183963,0.590532660484314,-0.0413069725036621
bge_m3_1024d,en_def_translated_cn_def,1536,冶,台,冫,ROOT-382F,5,條,907,0,0,0,1053,軍,813,0,0,0,94,0,0,813,0.49184257,0.4754869639873504,-0.0163556039333343
bge_m3_1024d,en_def_translated_cn_def,1537,始,台,女,ROOT-382F,68,前,747,0,0,0,1053,前,746,0,0,0,1,0,0,746,0.55137336,0.5425318479537964,-0.0088415145874023
bge_m3_1024d,en_def_translated_cn_def,1538,怠,台,心,ROOT-382F,43,魯,910,0,0,0,1053,匱,909,0,0,0,1,0,0,909,0.45241657,0.4819430708885193,0.0295265018939971
bge_m3_1024d,en_def_translated_cn_def,1539,怡,台,忄,ROOT-382F,79,欣,854,0,0,0,1053,欣,825,0,0,0,29,0,0,825,0.50580764,0.5162428021430969,0.0104351639747619
bge_m3_1024d,en_def_translated_cn_def,1540,殆,台,歹,ROOT-382F,10,畏,853,0,0,0,1053,畏,732,0,0,0,121,0,0,732,0.4923992,0.5255553126335144,0.0331561267375946
bge_m3_1024d,en_def_translated_cn_def,1541,治,台,氵,ROOT-382F,185,乂,701,0,0,0,1053,宰,618,0,0,0,83,0,0,618,0.5280768,0.5296028256416321,0.0015259981155395
bge_m3_1024d,en_def_translated_cn_def,1542,笞,台,竹,ROOT-382F,60,舀,995,0,0,0,1053,舀,951,0,0,0,44,0,0,951,0.37335092,0.4375206232070923,0.064169704914093
bge_m3_1024d,en_def_translated_cn_def,1543,紿,台,糸,ROOT-382F,97,欺,770,0,0,0,1053,欺,690,0,0,0,80,0,0,690,0.47563034,0.4887188673019409,0.0130885243415832
bge_m3_1024d,en_def_translated_cn_def,1544,胎,台,肉,ROOT-382F,69,胤,995,0,0,0,1053,胤,922,0,0,0,73,0,0,922,0.4077066,0.4670878648757934,0.0593812763690948
bge_m3_1024d,en_def_translated_cn_def,1545,苔,台,艹,ROOT-382F,150,竹,797,0,0,0,1053,竹,772,0,0,0,25,0,0,772,0.44142857,0.5126197338104248,0.0711911618709564
bge_m3_1024d,en_def_translated_cn_def,1546,貽,台,貝,ROOT-382F,28,致,761,0,0,0,1053,榮,734,0,0,0,27,0,0,734,0.5271733,0.567319393157959,0.0401461124420166
bge_m3_1024d,en_def_translated_cn_def,1547,邰,台,阝,ROOT-382F,47,滕,1011,0,0,0,1053,滕,945,0,0,0,66,0,0,945,0.305063,0.3470893502235412,0.0420263409614563
bge_m3_1024d,en_def_translated_cn_def,1548,颱,台,風,ROOT-382F,3,炎,963,0,0,0,1053,立,934,0,0,0,29,0,0,934,0.3452408,0.3462395668029785,0.0009987652301788
bge_m3_1024d,en_def_translated_cn_def,1549,飴,台,飠,ROOT-382F,21,秀,1008,0,0,0,1053,產,869,0,0,0,139,0,0,869,0.38254017,0.4459152817726135,0.0633751153945922
bge_m3_1024d,en_def_translated_cn_def,1550,駘,台,馬,ROOT-382F,34,凡,990,0,0,0,1053,凡,913,0,0,0,77,0,0,913,0.39058566,0.4524363279342651,0.0618506669998168
bge_m3_1024d,en_def_translated_cn_def,1579,啻,帝,口,ROOT-5E1D,113,不,879,0,0,0,1053,奇,864,0,0,0,15,0,0,864,0.37651104,0.3890681266784668,0.0125570893287658
bge_m3_1024d,en_def_translated_cn_def,1580,啼,帝,口,ROOT-5E1D,113,遷,477,0,0,0,1053,遷,463,0,0,0,14,0,0,463,0.5751622,0.5824192762374878,0.0072571039199829
bge_m3_1024d,en_def_translated_cn_def,1581,締,帝,糸,ROOT-5E1D,97,翕,547,0,0,0,1053,翕,462,0,0,0,85,0,0,462,0.5613289,0.557497501373291,-0.0038313865661621
bge_m3_1024d,en_def_translated_cn_def,1582,蒂,帝,艹,ROOT-5E1D,150,肩,737,0,0,0,1053,肩,410,0,0,0,327,0,0,410,0.47315103,0.5493159890174866,0.076164960861206
bge_m3_1024d,en_def_translated_cn_def,1583,諦,帝,言,ROOT-5E1D,95,由,361,0,0,0,1053,由,308,0,0,0,53,0,0,308,0.5975902,0.6031817197799683,0.0055915117263793
bge_m3_1024d,en_def_translated_cn_def,1584,蹄,帝,𧾷,ROOT-5E1D,47,末,741,0,0,0,1053,末,625,0,0,0,116,0,0,625,0.46646374,0.4738263189792633,0.0073625743389129
bge_m3_1024d,en_def_translated_cn_def,2028,欄,闌,木,ROOT-67EC,139,聿,135,0,0,0,1053,聿,91,0,0,0,44,0,0,91,0.5684171,0.601374626159668,0.0329575538635253
bge_m3_1024d,en_def_translated_cn_def,2029,瀾,闌,氵,ROOT-67EC,185,丕,64,0,0,0,1053,巨,67,0,0,0,-3,0,0,67,0.68142104,0.6882737278938293,0.0068526864051818
bge_m3_1024d,en_def_translated_cn_def,2030,爛,闌,火,ROOT-67EC,34,艮,270,0,0,0,1053,艮,341,0,0,0,-71,0,0,341,0.5783051,0.5846387147903442,0.006333589553833
bge_m3_1024d,en_def_translated_cn_def,2031,蘭,闌,艹,ROOT-67EC,150,蘭,774,0,0,0,1053,蘭,538,0,0,0,236,0,0,538,0.44852012,0.546967089176178,0.0984469652175903
bge_m3_1024d,en_def_translated_cn_def,2305,倩,青,亻,ROOT-9752,126,旖,647,0,0,0,1053,旖,599,0,0,0,48,0,0,599,0.5542168,0.5621893405914307,0.0079725384712219
bge_m3_1024d,en_def_translated_cn_def,2306,情,青,忄,ROOT-9752,79,有,489,0,0,0,1053,度,347,0,0,0,142,0,0,347,0.4696387,0.4618593454360962,-0.0077793598175048
bge_m3_1024d,en_def_translated_cn_def,2307,晴,青,日,ROOT-9752,42,晷,103,0,0,0,1053,風,59,0,0,0,44,0,0,59,0.5982312,0.6075953245162964,0.0093641281127929
bge_m3_1024d,en_def_translated_cn_def,2308,猜,青,犭,ROOT-9752,27,意,649,0,0,0,1053,意,545,0,0,0,104,0,0,545,0.5471328,0.5545583963394165,0.0074256062507629
bge_m3_1024d,en_def_translated_cn_def,2309,睛,青,目,ROOT-9752,31,面,694,0,0,0,1053,面,722,0,0,0,-28,0,0,722,0.54044724,0.5774310827255249,0.036983847618103
bge_m3_1024d,en_def_translated_cn_def,2310,精,青,米,ROOT-9752,16,勤,293,0,0,0,1053,勤,518,0,0,0,-225,0,0,518,0.5596654,0.5233747959136963,-0.0362905859947204
bge_m3_1024d,en_def_translated_cn_def,2311,菁,青,艹,ROOT-9752,150,卓,782,0,0,0,1053,卓,920,0,0,0,-138,0,0,920,0.4645232,0.4050121307373047,-0.0595110654830932
bge_m3_1024d,en_def_translated_cn_def,2312,蜻,青,虫,ROOT-9752,76,豬,402,0,0,0,1053,豬,641,0,0,0,-239,0,0,641,0.4924661,0.5656467080116272,0.073180615901947
bge_m3_1024d,en_def_translated_cn_def,2313,請,青,言,ROOT-9752,95,丞,673,0,0,0,1053,丞,409,0,0,0,264,0,0,409,0.442477,0.4547692537307739,0.0122922658920288
bge_m3_1024d,en_def_translated_cn_def,2314,靖,青,立,ROOT-9752,3,康,834,0,0,0,1053,助,435,0,0,0,399,0,0,435,0.48758927,0.4622898399829864,-0.0252994298934936
bge_m3_1024d,en_def_translated_cn_def,2315,靚,青,見,ROOT-9752,3,旖,662,0,0,0,1053,旖,633,0,0,0,29,0,0,633,0.5475384,0.453711986541748,-0.093826413154602
bge_m3_1024d,en_def_translated_cn_def,2317,鯖,青,魚,ROOT-9752,19,馬,566,0,0,0,1053,串,813,0,0,0,-247,0,0,813,0.4592054,0.5239696502685547,0.0647642612457275
bge_m3_1024d,en_def_translated_cn_def,2725,涂,余,氵,ROOT-4F59,185,涂,723,0,0,0,1053,涂,620,0,0,0,103,0,0,620,0.43834087,0.4345706105232239,-0.0037702620029449
bge_m3_1024d,en_def_translated_cn_def,2726,徐,余,彳,ROOT-4F59,13,冉,640,0,0,0,1053,冉,669,0,0,0,-29,0,0,669,0.5466825,0.5074703693389893,-0.0392121076583862
bge_m3_1024d,en_def_translated_cn_def,2727,斜,余,斗,ROOT-4F59,4,句,738,0,0,0,1053,扁,913,0,0,0,-175,0,0,913,0.52673495,0.4168005287647247,-0.1099344193935394
bge_m3_1024d,en_def_translated_cn_def,2729,畬,余,田,ROOT-4F59,9,田,957,0,0,0,1053,田,852,0,0,0,105,0,0,852,0.43532944,0.4670444428920746,0.0317150056362152
bge_m3_1024d,en_def_translated_cn_def,2730,荼,余,艹,ROOT-4F59,150,艾,873,0,0,0,1053,百,805,0,0,0,68,0,0,805,0.46988627,0.5294072031974792,0.0595209300518035
bge_m3_1024d,en_def_translated_cn_def,2731,蜍,余,虫,ROOT-4F59,76,甚,766,0,0,0,1053,仄,676,0,0,0,90,0,0,676,0.4174527,0.4685641229152679,0.0511114299297332
bge_m3_1024d,en_def_translated_cn_def,2732,途,余,辶,ROOT-4F59,51,道,522,0,0,0,1053,道,468,0,0,0,54,0,0,468,0.5807145,0.5915091037750244,0.0107945799827575
bge_m3_1024d,en_def_translated_cn_def,2733,除,余,阝,ROOT-4F59,47,除,761,0,0,0,1053,除,603,0,0,0,158,0,0,603,0.46552128,0.5000091195106506,0.0344878435134887
bge_m3_1024d,en_def_translated_cn_def,2734,餘,余,飠,ROOT-4F59,21,諸,798,0,0,0,1053,諸,709,0,0,0,89,0,0,709,0.51625997,0.5241271257400513,0.007867157459259
bge_m3_1024d,en_def_translated_cn_def,2919,娠,辰,女,ROOT-8FB0,68,育,827,0,0,0,1053,執,777,0,0,0,50,0,0,777,0.48851454,0.5157326459884644,0.0272181034088134
bge_m3_1024d,en_def_translated_cn_def,2920,宸,辰,宀,ROOT-8FB0,19,屋,629,0,0,0,1053,屋,256,0,0,0,373,0,0,256,0.49817267,0.5338408350944519,0.0356681644916534
bge_m3_1024d,en_def_translated_cn_def,2921,振,辰,扌,ROOT-8FB0,138,畜,854,0,0,0,1053,亢,793,0,0,0,61,0,0,793,0.48913804,0.5261146426200867,0.0369766056537628
bge_m3_1024d,en_def_translated_cn_def,2922,晨,辰,日,ROOT-8FB0,42,晨,765,0,0,0,1053,晨,761,0,0,0,4,0,0,761,0.46905532,0.494588702917099,0.025533378124237
bge_m3_1024d,en_def_translated_cn_def,2923,脣,辰,肉,ROOT-8FB0,69,脣,894,0,0,0,1053,脣,972,0,0,0,-78,0,0,972,0.45053267,0.4582958519458771,0.0077631771564483
bge_m3_1024d,en_def_translated_cn_def,2924,蜃,辰,虫,ROOT-8FB0,76,丕,781,0,0,0,1053,巨,903,0,0,0,-122,0,0,903,0.49201125,0.4500937163829803,-0.0419175326824188
bge_m3_1024d,en_def_translated_cn_def,2925,賑,辰,貝,ROOT-8FB0,28,惠,876,0,0,0,1053,襄,880,0,0,0,-4,0,0,880,0.4842639,0.4927364885807037,0.008472591638565
bge_m3_1024d,en_def_translated_cn_def,2926,震,辰,雨,ROOT-8FB0,21,炎,749,0,0,0,1053,打,814,0,0,0,-65,0,0,814,0.48488912,0.4935525059700012,0.008663386106491
bge_m3_1024d,en_def_translated_cn_def,3158,掂,店,扌,ROOT-5360,138,絜,321,0,0,0,1053,量,230,0,0,0,91,0,0,230,0.51906985,0.5372610092163086,0.0181911587715148
bge_m3_1024d,en_def_translated_cn_def,3159,惦,店,忄,ROOT-5360,79,念,451,0,0,0,1053,念,311,0,0,0,140,0,0,311,0.6193785,0.6494550704956055,0.0300765633583068
bge_m3_1024d,en_gloss_unihan,52,儐,賓,亻,ROOT-219CD,172,賓,1,1,1,1,1155,賓,1,1,1,1,0,0,0,1,0.6833292,0.69315105676651,0.0098218321800231
bge_m3_1024d,en_gloss_unihan,53,嬪,賓,女,ROOT-219CD,99,殿,63,0,0,0,1155,殿,124,0,0,0,-61,0,0,124,0.58787477,0.6027140617370605,0.0148392915725708
bge_m3_1024d,en_gloss_unihan,54,擯,賓,扌,ROOT-219CD,189,推,340,0,0,0,1155,推,266,0,0,0,74,0,0,266,0.5824317,0.583930492401123,0.0014988183975219
bge_m3_1024d,en_gloss_unihan,55,檳,賓,木,ROOT-219CD,238,杏,450,0,0,0,1155,甘,419,0,0,0,31,0,0,419,0.46095765,0.5044432878494263,0.0434856414794921
bge_m3_1024d,en_gloss_unihan,56,殯,賓,歹,ROOT-219CD,16,冢,146,0,0,0,1155,契,26,0,0,0,120,0,0,26,0.5574135,0.5905295610427856,0.0331160426139831
bge_m3_1024d,en_gloss_unihan,57,濱,賓,氵,ROOT-219CD,277,浦,523,0,0,0,1155,浦,375,0,0,0,148,0,0,375,0.54886395,0.5936504602432251,0.044786512851715
bge_m3_1024d,en_gloss_unihan,58,矉,賓,目,ROOT-219CD,50,昜,604,0,0,0,1155,火,722,0,0,0,-118,0,0,722,0.5022395,0.5104556679725647,0.0082161426544189
bge_m3_1024d,en_gloss_unihan,59,繽,賓,糸,ROOT-219CD,153,殷,836,0,0,0,1155,殷,683,0,0,0,153,0,0,683,0.49595097,0.5140367746353149,0.0180858075618743
bge_m3_1024d,en_gloss_unihan,60,蠙,賓,虫,ROOT-219CD,116,島,436,0,0,0,1155,島,314,0,0,0,122,0,0,314,0.4139958,0.5127644538879395,0.0987686514854431
bge_m3_1024d,en_gloss_unihan,61,鬢,賓,髟,ROOT-219CD,15,毳,398,0,0,0,1155,殿,326,0,0,0,72,0,0,326,0.4481948,0.521588146686554,0.0733933448791503
bge_m3_1024d,en_gloss_unihan,383,侅,亥,亻,ROOT-4EA5,172,預,1136,0,0,0,1155,預,1134,0,0,0,2,0,0,1134,0.38219157,0.3833853602409363,0.0011937916278839
bge_m3_1024d,en_gloss_unihan,384,刻,亥,刂,ROOT-4EA5,32,切,1120,0,0,0,1155,日,1131,0,0,0,-11,0,0,1131,0.40876153,0.3940302729606628,-0.0147312581539154
bge_m3_1024d,en_gloss_unihan,385,劾,亥,力,ROOT-4EA5,21,審,1067,0,0,0,1155,審,1018,0,0,0,49,0,0,1018,0.35587114,0.3570133447647095,0.0011422038078308
bge_m3_1024d,en_gloss_unihan,386,咳,亥,口,ROOT-4EA5,149,臭,945,0,0,0,1155,濕,1007,0,0,0,-62,0,0,1007,0.39842856,0.4305288791656494,0.0321003198623657
bge_m3_1024d,en_gloss_unihan,387,垓,亥,土,ROOT-4EA5,86,戍,1136,0,0,0,1155,戍,1140,0,0,0,-4,0,0,1140,0.3874302,0.3857578933238983,-0.0016722977161407
bge_m3_1024d,en_gloss_unihan,388,孩,亥,子,ROOT-4EA5,5,嬰,1144,0,0,0,1155,嬰,1152,0,0,0,-8,0,0,1152,0.36237818,0.3391163945198059,-0.0232617855072021
bge_m3_1024d,en_gloss_unihan,389,核,亥,木,ROOT-4EA5,238,節,1129,0,0,0,1155,意,1135,0,0,0,-6,0,0,1135,0.37692523,0.3491348028182983,-0.0277904272079467
bge_m3_1024d,en_gloss_unihan,390,欬,亥,欠,ROOT-4EA5,23,虖,1143,0,0,0,1155,翏,1143,0,0,0,0,0,0,1143,0.34480798,0.3732249736785888,0.0284169912338256
bge_m3_1024d,en_gloss_unihan,391,痎,亥,疒,ROOT-4EA5,68,寒,879,0,0,0,1155,寒,1102,0,0,0,-223,0,0,1102,0.31076646,0.3323145508766174,0.0215480923652648
bge_m3_1024d,en_gloss_unihan,392,胲,亥,肉,ROOT-4EA5,99,需,1014,0,0,0,1155,需,1089,0,0,0,-75,0,0,1089,0.34011662,0.3363613486289978,-0.0037552714347839
bge_m3_1024d,en_gloss_unihan,393,荄,亥,艹,ROOT-4EA5,241,芻,548,0,0,0,1155,本,1067,0,0,0,-519,0,0,1067,0.4489271,0.4480904936790466,-0.0008366107940673
bge_m3_1024d,en_gloss_unihan,394,該,亥,言,ROOT-4EA5,142,務,1137,0,0,0,1155,務,1140,0,0,0,-3,0,0,1140,0.35779577,0.3627533912658691,0.0049576163291931
bge_m3_1024d,en_gloss_unihan,395,閡,亥,門,ROOT-4EA5,30,滯,1142,0,0,0,1155,沮,1146,0,0,0,-4,0,0,1146,0.3678726,0.3621999025344848,-0.0056726932525634
bge_m3_1024d,en_gloss_unihan,396,陔,亥,阝,ROOT-4EA5,109,梯,1099,0,0,0,1155,梯,1108,0,0,0,-9,0,0,1108,0.40700805,0.3942350149154663,-0.0127730369567871
bge_m3_1024d,en_gloss_unihan,397,頦,亥,頁,ROOT-4EA5,41,阞,1097,0,0,0,1155,廷,1086,0,0,0,11,0,0,1086,0.36372942,0.363330215215683,-0.0003992021083831
bge_m3_1024d,en_gloss_unihan,398,駭,亥,馬,ROOT-4EA5,56,畏,1127,0,0,0,1155,畏,1129,0,0,0,-2,0,0,1129,0.40402704,0.3775092363357544,-0.0265178084373474
bge_m3_1024d,en_gloss_unihan,399,骸,亥,骨,ROOT-4EA5,12,脊,1144,0,0,0,1155,步,1140,0,0,0,4,0,0,1140,0.38349164,0.3950281143188476,0.0115364789962768
bge_m3_1024d,en_gloss_unihan,585,刓,元,刂,ROOT-5143,32,削,759,0,0,0,1155,咢,623,0,0,0,136,0,0,623,0.43876255,0.4487380385398865,0.0099754929542541
bge_m3_1024d,en_gloss_unihan,586,完,元,宀,ROOT-5143,26,完,701,0,0,0,1155,完,545,0,0,0,156,0,0,545,0.57424676,0.5746095180511475,0.000362753868103
bge_m3_1024d,en_gloss_unihan,596,沅,元,氵,ROOT-5143,277,沂,527,0,0,0,1155,沂,288,0,0,0,239,0,0,288,0.2559833,0.312625527381897,0.0566422343254089
bge_m3_1024d,en_gloss_unihan,597,玩,元,王,ROOT-5143,75,喜,923,0,0,0,1155,博,871,0,0,0,52,0,0,871,0.4658151,0.4915975928306579,0.0257824957370758
bge_m3_1024d,en_gloss_unihan,599,芫,元,艹,ROOT-5143,241,扐,739,0,0,0,1155,扐,551,0,0,0,188,0,0,551,0.30770484,0.3739786148071289,0.0662737786769867
bge_m3_1024d,en_gloss_unihan,600,邧,元,阝,ROOT-5143,109,洛,1031,0,0,0,1155,洛,986,0,0,0,45,0,0,986,0.351621,0.4791893064975738,0.1275683045387268
bge_m3_1024d,en_gloss_unihan,601,阮,元,阝,ROOT-5143,109,呂,467,0,0,0,1155,呂,452,0,0,0,15,0,0,452,0.44542164,0.5057502388954163,0.0603286027908325
bge_m3_1024d,en_gloss_unihan,602,頑,元,頁,ROOT-5143,41,嚴,818,0,0,0,1155,堅,877,0,0,0,-59,0,0,877,0.53642094,0.5103174448013306,-0.0261034965515136
bge_m3_1024d,en_gloss_unihan,647,偈,曷,亻,ROOT-5303,172,武,1039,0,0,0,1155,武,1055,0,0,0,-16,0,0,1055,0.47702822,0.4713132679462433,-0.0057149529457092
bge_m3_1024d,en_gloss_unihan,648,喝,曷,口,ROOT-5303,149,虖,911,0,0,0,1155,出,984,0,0,0,-73,0,0,984,0.5003359,0.5148745775222778,0.0145387053489685
bge_m3_1024d,en_gloss_unihan,649,堨,曷,土,ROOT-5303,86,扐,387,0,0,0,1155,扐,683,0,0,0,-296,0,0,683,0.38174027,0.3722847700119018,-0.0094555020332336
bge_m3_1024d,en_gloss_unihan,650,愒,曷,忄,ROOT-5303,124,息,805,0,0,0,1155,息,883,0,0,0,-78,0,0,883,0.49337253,0.4687173366546631,-0.0246551930904388
bge_m3_1024d,en_gloss_unihan,651,揭,曷,扌,ROOT-5303,189,崔,1047,0,0,0,1155,崔,1043,0,0,0,4,0,0,1043,0.43376452,0.4425300359725952,0.0087655186653137
bge_m3_1024d,en_gloss_unihan,652,暍,曷,日,ROOT-5303,60,句,919,0,0,0,1155,句,853,0,0,0,66,0,0,853,0.3718001,0.3797733187675476,0.0079732239246368
bge_m3_1024d,en_gloss_unihan,654,楬,曷,木,ROOT-5303,238,扁,971,0,0,0,1155,扁,986,0,0,0,-15,0,0,986,0.47633088,0.4867475032806396,0.0104166269302368
bge_m3_1024d,en_gloss_unihan,655,歇,曷,欠,ROOT-5303,23,歇,908,0,0,0,1155,歇,972,0,0,0,-64,0,0,972,0.46673334,0.4386491179466247,-0.0280842185020446
bge_m3_1024d,en_gloss_unihan,657,渴,曷,氵,ROOT-5303,277,嗇,945,0,0,0,1155,欲,972,0,0,0,-27,0,0,972,0.4856853,0.4867470860481262,0.0010617971420288
bge_m3_1024d,en_gloss_unihan,658,猲,曷,犭,ROOT-5303,38,炎,1069,0,0,0,1155,炎,1098,0,0,0,-29,0,0,1098,0.4234013,0.3938861191272735,-0.0295151770114898
bge_m3_1024d,en_gloss_unihan,659,碣,曷,石,ROOT-5303,52,扁,710,0,0,0,1155,扁,682,0,0,0,28,0,0,682,0.4010555,0.444657951593399,0.0436024367809295
bge_m3_1024d,en_gloss_unihan,660,竭,曷,立,ROOT-5303,4,盡,991,0,0,0,1155,盡,1081,0,0,0,-90,0,0,1081,0.45595807,0.3862818479537964,-0.0696762204170227
bge_m3_1024d,en_gloss_unihan,661,羯,曷,羊,ROOT-5303,7,皮,1047,0,0,0,1155,皮,1070,0,0,0,-23,0,0,1070,0.4319922,0.3903214335441589,-0.0416707694530487
bge_m3_1024d,en_gloss_unihan,662,葛,曷,艹,ROOT-5303,241,葛,1082,0,0,0,1155,葛,1047,0,0,0,35,0,0,1047,0.42143822,0.4543718695640564,0.0329336524009704
bge_m3_1024d,en_gloss_unihan,664,蝎,曷,虫,ROOT-5303,116,雀,299,0,0,0,1155,蠆,835,0,0,0,-536,0,0,835,0.44155034,0.4833666682243347,0.0418163239955902
bge_m3_1024d,en_gloss_unihan,665,褐,曷,衤,ROOT-5303,55,冥,1045,0,0,0,1155,冥,1022,0,0,0,23,0,0,1022,0.42751545,0.4557666182518005,0.0282511711120605
bge_m3_1024d,en_gloss_unihan,666,謁,曷,言,ROOT-5303,142,謁,492,0,0,0,1155,謁,556,0,0,0,-64,0,0,556,0.5269237,0.5136284232139587,-0.013295292854309
bge_m3_1024d,en_gloss_unihan,669,遏,曷,辶,ROOT-5303,68,止,957,0,0,0,1155,止,1046,0,0,0,-89,0,0,1046,0.5107743,0.4707472622394562,-0.0400270521640777
bge_m3_1024d,en_gloss_unihan,670,鞨,曷,革,ROOT-5303,29,酋,561,0,0,0,1155,族,842,0,0,0,-281,0,0,842,0.46615428,0.4822754263877868,0.0161211490631103
bge_m3_1024d,en_gloss_unihan,671,餲,曷,飠,ROOT-5303,35,嗇,772,0,0,0,1155,耎,833,0,0,0,-61,0,0,833,0.49240828,0.504915714263916,0.0125074386596679
bge_m3_1024d,en_gloss_unihan,672,鶡,曷,鳥,ROOT-5303,59,蠆,1075,0,0,0,1155,夜,1055,0,0,0,20,0,0,1055,0.33355618,0.4042297303676605,0.0706735551357269
bge_m3_1024d,en_gloss_unihan,1769,佳,圭,亻,ROOT-572D,172,吉,994,0,0,0,1155,吉,1039,0,0,0,-45,0,0,1039,0.4726618,0.4534823298454284,-0.0191794633865356
bge_m3_1024d,en_gloss_unihan,1770,刲,圭,刂,ROOT-572D,32,絕,1023,0,0,0,1155,絕,1030,0,0,0,-7,0,0,1030,0.45578137,0.5092700123786926,0.0534886419773101
bge_m3_1024d,en_gloss_unihan,1775,哇,圭,口,ROOT-572D,149,虖,1091,0,0,0,1155,幼,1140,0,0,0,-49,0,0,1140,0.38236448,0.3824578821659088,9.340047836303712e-05
bge_m3_1024d,en_gloss_unihan,1776,奎,圭,大,ROOT-572D,5,星,173,0,0,0,1155,星,200,0,0,0,-27,0,0,200,0.45014143,0.4002297818660736,-0.0499116480350494
bge_m3_1024d,en_gloss_unihan,1777,娃,圭,女,ROOT-572D,99,嬰,906,0,0,0,1155,嬰,1026,0,0,0,-120,0,0,1026,0.47283316,0.450046181678772,-0.0227869749069213
bge_m3_1024d,en_gloss_unihan,1778,恚,圭,心,ROOT-572D,53,火,975,0,0,0,1155,火,1036,0,0,0,-61,0,0,1036,0.47962534,0.5028750896453857,0.0232497453689575
bge_m3_1024d,en_gloss_unihan,1779,挂,圭,扌,ROOT-572D,189,垂,980,0,0,0,1155,止,1049,0,0,0,-69,0,0,1049,0.5000187,0.4764378368854522,-0.0235808789730072
bge_m3_1024d,en_gloss_unihan,1780,桂,圭,木,ROOT-572D,238,朱,222,0,0,0,1155,朱,793,0,0,0,-571,0,0,793,0.40307206,0.3941872715950012,-0.0088847875595092
bge_m3_1024d,en_gloss_unihan,1781,洼,圭,氵,ROOT-572D,277,洼,1135,0,0,0,1155,洼,1129,0,0,0,6,0,0,1129,0.34241596,0.3635752201080322,0.0211592614650726
bge_m3_1024d,en_gloss_unihan,1783,烓,圭,火,ROOT-572D,58,朿,578,0,0,0,1155,朿,742,0,0,0,-164,0,0,742,0.43314505,0.4276784658432007,-0.0054665803909301
bge_m3_1024d,en_gloss_unihan,1784,珪,圭,王,ROOT-572D,75,袞,7,0,0,1,1155,皇,488,0,0,0,-481,0,0,488,0.5420784,0.4623832702636719,-0.0796951055526733
bge_m3_1024d,en_gloss_unihan,1785,畦,圭,田,ROOT-572D,12,段,801,0,0,0,1155,段,1034,0,0,0,-233,0,0,1034,0.357185,0.3617733716964721,0.0045883655548095
bge_m3_1024d,en_gloss_unihan,1786,眭,圭,目,ROOT-572D,50,瞀,230,0,0,0,1155,冥,878,0,0,0,-648,0,0,878,0.47062927,0.4220063090324402,-0.0486229658126831
bge_m3_1024d,en_gloss_unihan,1787,絓,圭,糸,ROOT-572D,153,滯,993,0,0,0,1155,滯,1046,0,0,0,-53,0,0,1046,0.48797846,0.4642947018146515,-0.0236837565898895
bge_m3_1024d,en_gloss_unihan,1788,蛙,圭,虫,ROOT-572D,116,豬,757,0,0,0,1155,豬,1085,0,0,0,-328,0,0,1085,0.41170746,0.4330842792987823,0.0213768184185028
bge_m3_1024d,en_gloss_unihan,1789,街,圭,行,ROOT-572D,6,路,989,0,0,0,1155,道,1073,0,0,0,-84,0,0,1073,0.4406848,0.3793508410453796,-0.061333954334259
bge_m3_1024d,en_gloss_unihan,1790,詿,圭,言,ROOT-572D,142,咎,1098,0,0,0,1155,咎,1131,0,0,0,-33,0,0,1131,0.42162,0.4052439928054809,-0.0163760185241699
bge_m3_1024d,en_gloss_unihan,1791,邽,圭,阝,ROOT-572D,109,巂,987,0,0,0,1155,巂,1116,0,0,0,-129,0,0,1116,0.3162207,0.4009756445884704,0.0847549438476562
bge_m3_1024d,en_gloss_unihan,1792,閨,圭,門,ROOT-572D,30,入,852,0,0,0,1155,入,985,0,0,0,-133,0,0,985,0.43634766,0.435626208782196,-0.0007214546203613
bge_m3_1024d,en_gloss_unihan,1793,鞋,圭,革,ROOT-572D,29,舄,992,0,0,0,1155,凡,1065,0,0,0,-73,0,0,1065,0.44362462,0.4230576157569885,-0.0205669999122619
bge_m3_1024d,en_gloss_unihan,1798,僥,堯,亻,ROOT-582F,172,幸,1006,0,0,0,1155,幸,1058,0,0,0,-52,0,0,1058,0.4863392,0.4710417091846466,-0.0152975022792816
bge_m3_1024d,en_gloss_unihan,1799,嘵,堯,口,ROOT-582F,149,卞,1063,0,0,0,1155,卞,1063,0,0,0,0,0,0,1063,0.44570914,0.4561618268489837,0.0104526877403259
bge_m3_1024d,en_gloss_unihan,1800,嬈,堯,女,ROOT-582F,99,麗,596,0,0,0,1155,麗,890,0,0,0,-294,0,0,890,0.49116623,0.4745035767555237,-0.0166626572608947
bge_m3_1024d,en_gloss_unihan,1801,嶢,堯,山,ROOT-582F,49,喬,946,0,0,0,1155,喬,1057,0,0,0,-111,0,0,1057,0.43189445,0.4253513216972351,-0.0065431296825408
bge_m3_1024d,en_gloss_unihan,1802,撓,堯,扌,ROOT-582F,189,累,1150,0,0,0,1155,累,1150,0,0,0,0,0,0,1150,0.33332306,0.3503057360649109,0.0169826745986938
bge_m3_1024d,en_gloss_unihan,1803,曉,堯,日,ROOT-582F,60,明,1115,0,0,0,1155,明,1136,0,0,0,-21,0,0,1136,0.40809608,0.3959280848503113,-0.0121679902076721
bge_m3_1024d,en_gloss_unihan,1804,橈,堯,木,ROOT-582F,238,木,1076,0,0,0,1155,折,1089,0,0,0,-13,0,0,1089,0.430392,0.4433380961418152,0.0129460990428924
bge_m3_1024d,en_gloss_unihan,1805,澆,堯,氵,ROOT-582F,277,沾,1110,0,0,0,1155,沾,1119,0,0,0,-9,0,0,1119,0.40635067,0.4221919775009155,0.0158413052558898
bge_m3_1024d,en_gloss_unihan,1806,燒,堯,火,ROOT-582F,58,炎,1133,0,0,0,1155,炎,1130,0,0,0,3,0,0,1130,0.39310595,0.425402820110321,0.0322968661785125
bge_m3_1024d,en_gloss_unihan,1807,磽,堯,石,ROOT-582F,52,旱,1070,0,0,0,1155,旱,1083,0,0,0,-13,0,0,1083,0.4214639,0.4356876611709595,0.0142237544059753
bge_m3_1024d,en_gloss_unihan,1808,繞,堯,糸,ROOT-582F,153,雜,1032,0,0,0,1155,雜,1031,0,0,0,1,0,0,1031,0.46266395,0.4620635509490967,-0.0006003975868225
bge_m3_1024d,en_gloss_unihan,1809,翹,堯,羽,ROOT-582F,19,養,1099,0,0,0,1155,養,1126,0,0,0,-27,0,0,1126,0.4115004,0.3711551427841186,-0.0403452515602111
bge_m3_1024d,en_gloss_unihan,1810,蕘,堯,艹,ROOT-582F,241,木,1149,0,0,0,1155,火,1145,0,0,0,4,0,0,1145,0.3383086,0.3504564464092254,0.012147843837738
bge_m3_1024d,en_gloss_unihan,1811,蟯,堯,虫,ROOT-582F,116,蟲,1151,0,0,0,1155,內,1153,0,0,0,-2,0,0,1153,0.25262493,0.256940484046936,0.0043155550956726
bge_m3_1024d,en_gloss_unihan,1812,譊,堯,言,ROOT-582F,142,爭,1097,0,0,0,1155,爭,1112,0,0,0,-15,0,0,1112,0.43264514,0.4353272616863251,0.0026821196079254
bge_m3_1024d,en_gloss_unihan,1813,遶,堯,辶,ROOT-582F,68,雜,1032,0,0,0,1155,雜,1012,0,0,0,20,0,0,1012,0.462664,0.4763975143432617,0.0137335062026977
bge_m3_1024d,en_gloss_unihan,1814,鐃,堯,釒,ROOT-582F,129,咢,1138,0,0,0,1155,咢,1140,0,0,0,-2,0,0,1140,0.37762547,0.3824152946472168,0.0047898292541503
bge_m3_1024d,en_gloss_unihan,1815,饒,堯,飠,ROOT-582F,35,丰,985,0,0,0,1155,丰,1011,0,0,0,-26,0,0,1011,0.46688926,0.4397642016410827,-0.027125060558319
bge_m3_1024d,en_gloss_unihan,1816,驍,堯,馬,ROOT-582F,56,豪,603,0,0,0,1155,旨,924,0,0,0,-321,0,0,924,0.5346611,0.5194799900054932,-0.0151811242103576
bge_m3_1024d,en_gloss_unihan,2353,冶,台,冫,ROOT-382F,12,雜,867,0,0,0,1155,雜,743,0,0,0,124,0,0,743,0.50243396,0.4987165629863739,-0.0037173926830291
bge_m3_1024d,en_gloss_unihan,2354,始,台,女,ROOT-382F,99,只,793,0,0,0,1155,爰,651,0,0,0,142,0,0,651,0.52115077,0.5296111106872559,0.0084603428840637
bge_m3_1024d,en_gloss_unihan,2355,怠,台,心,ROOT-382F,53,疏,913,0,0,0,1155,疏,764,0,0,0,149,0,0,764,0.47780955,0.5108306407928467,0.0330210924148559
bge_m3_1024d,en_gloss_unihan,2356,怡,台,忄,ROOT-382F,124,樂,838,0,0,0,1155,雍,594,0,0,0,244,0,0,594,0.52585495,0.5630848407745361,0.0372298955917358
bge_m3_1024d,en_gloss_unihan,2357,枲,台,木,ROOT-382F,238,郎,1058,0,0,0,1155,郎,1098,0,0,0,-40,0,0,1098,0.3212278,0.3498276174068451,0.0285998284816741
bge_m3_1024d,en_gloss_unihan,2358,殆,台,歹,ROOT-382F,16,毒,954,0,0,0,1155,毒,802,0,0,0,152,0,0,802,0.5016675,0.5459904074668884,0.0443229079246521
bge_m3_1024d,en_gloss_unihan,2359,治,台,氵,ROOT-382F,277,乂,612,0,0,0,1155,乂,436,0,0,0,176,0,0,436,0.5429194,0.5631977319717407,0.0202783346176147
bge_m3_1024d,en_gloss_unihan,2360,炱,台,火,ROOT-382F,58,欶,857,0,0,0,1155,欶,643,0,0,0,214,0,0,643,0.37214386,0.3814685046672821,0.0093246400356292
bge_m3_1024d,en_gloss_unihan,2361,眙,台,目,ROOT-382F,50,覽,865,0,0,0,1155,畀,720,0,0,0,145,0,0,720,0.47535834,0.5597057342529297,0.0843473970890045
bge_m3_1024d,en_gloss_unihan,2362,笞,台,竹,ROOT-382F,100,筍,864,0,0,0,1155,筍,958,0,0,0,-94,0,0,958,0.34810978,0.4281252026557922,0.0800154209136962
bge_m3_1024d,en_gloss_unihan,2363,紿,台,糸,ROOT-382F,153,欺,1006,0,0,0,1155,欺,923,0,0,0,83,0,0,923,0.42837405,0.4539549946784973,0.0255809426307678
bge_m3_1024d,en_gloss_unihan,2364,胎,台,肉,ROOT-382F,99,幼,815,0,0,0,1155,幼,748,0,0,0,67,0,0,748,0.44061744,0.4696056246757507,0.0289881825447082
bge_m3_1024d,en_gloss_unihan,2365,苔,台,艹,ROOT-382F,241,灰,1056,0,0,0,1155,灰,986,0,0,0,70,0,0,986,0.4131794,0.4741944968700409,0.061015099287033
bge_m3_1024d,en_gloss_unihan,2366,詒,台,言,ROOT-382F,142,貢,939,0,0,0,1155,胤,940,0,0,0,-1,0,0,940,0.44795588,0.4341434836387634,-0.0138123929500579
bge_m3_1024d,en_gloss_unihan,2367,貽,台,貝,ROOT-382F,41,付,973,0,0,0,1155,付,951,0,0,0,22,0,0,951,0.46310335,0.4961463212966919,0.0330429673194885
bge_m3_1024d,en_gloss_unihan,2368,邰,台,阝,ROOT-382F,109,鄭,913,0,0,0,1155,鄭,964,0,0,0,-51,0,0,964,0.37543786,0.4465180039405823,0.0710801482200622
bge_m3_1024d,en_gloss_unihan,2369,颱,台,風,ROOT-382F,8,雷,1054,0,0,0,1155,造,657,0,0,0,397,0,0,657,0.38539183,0.4989296793937683,0.113537847995758
bge_m3_1024d,en_gloss_unihan,2370,飴,台,飠,ROOT-382F,35,甘,917,0,0,0,1155,甘,857,0,0,0,60,0,0,857,0.44937092,0.4906585216522217,0.0412876009941101
bge_m3_1024d,en_gloss_unihan,2371,駘,台,馬,ROOT-382F,56,盡,970,0,0,0,1155,盡,860,0,0,0,110,0,0,860,0.46014115,0.5288355350494385,0.06869438290596
bge_m3_1024d,en_gloss_unihan,2372,鮐,台,魚,ROOT-382F,46,衍,935,0,0,0,1155,斬,670,0,0,0,265,0,0,670,0.38402128,0.5142408609390259,0.1302195787429809
bge_m3_1024d,en_gloss_unihan,2373,齝,台,齒,ROOT-382F,14,欶,1071,0,0,0,1155,欶,975,0,0,0,96,0,0,975,0.3627108,0.428718090057373,0.0660072863101959
bge_m3_1024d,en_gloss_unihan,2413,啻,帝,口,ROOT-5E1D,149,只,674,0,0,0,1155,只,499,0,0,0,175,0,0,499,0.5190318,0.534162700176239,0.015130877494812
bge_m3_1024d,en_gloss_unihan,2415,啼,帝,口,ROOT-5E1D,149,虖,830,0,0,0,1155,虖,715,0,0,0,115,0,0,715,0.4755371,0.5352506637573242,0.0597135722637176
bge_m3_1024d,en_gloss_unihan,2416,禘,帝,礻,ROOT-5E1D,35,祭,5,0,1,1,1155,桀,3,0,1,1,2,0,0,3,0.57380897,0.5815725326538086,0.0077635645866394
bge_m3_1024d,en_gloss_unihan,2417,締,帝,糸,ROOT-5E1D,153,兼,609,0,0,0,1155,兼,443,0,0,0,166,0,0,443,0.5986628,0.6301745176315308,0.0315117239952087
bge_m3_1024d,en_gloss_unihan,2418,蒂,帝,艹,ROOT-5E1D,241,幹,984,0,0,0,1155,幹,755,0,0,0,229,0,0,755,0.41291666,0.5074055790901184,0.0944889187812805
bge_m3_1024d,en_gloss_unihan,2419,諦,帝,言,ROOT-5E1D,142,勤,802,0,0,0,1155,勤,725,0,0,0,77,0,0,725,0.55126774,0.5522132515907288,0.000945508480072
bge_m3_1024d,en_gloss_unihan,2420,蹄,帝,𧾷,ROOT-5E1D,63,毛,139,0,0,0,1155,毛,31,0,0,0,108,0,0,31,0.6454581,0.6728880405426025,0.0274299383163452
bge_m3_1024d,en_gloss_unihan,3134,欄,闌,木,ROOT-67EC,238,闌,1,1,1,1,1155,闌,1,1,1,1,0,0,0,1,0.73782676,0.7280948162078857,-0.0097319483757019
bge_m3_1024d,en_gloss_unihan,3135,瀾,闌,氵,ROOT-67EC,277,氾,463,0,0,0,1155,盈,541,0,0,0,-78,0,0,541,0.5842267,0.6116466522216797,0.0274199247360229
bge_m3_1024d,en_gloss_unihan,3136,爛,闌,火,ROOT-67EC,58,敝,861,0,0,0,1155,孱,936,0,0,0,-75,0,0,936,0.47673535,0.4480358958244324,-0.0286994576454162
bge_m3_1024d,en_gloss_unihan,3137,籣,闌,竹,ROOT-67EC,100,弋,256,0,0,0,1155,弋,937,0,0,0,-681,0,0,937,0.42560226,0.4246053695678711,-0.0009968876838684
bge_m3_1024d,en_gloss_unihan,3138,蘭,闌,艹,ROOT-67EC,241,蘭,659,0,0,0,1155,蘭,766,0,0,0,-107,0,0,766,0.5394229,0.550677478313446,0.0112545490264892
bge_m3_1024d,en_gloss_unihan,3139,襴,闌,衤,ROOT-67EC,55,罽,228,0,0,0,1155,一,417,0,0,0,-189,0,0,417,0.53643167,0.5772232413291931,0.0407915711402893
bge_m3_1024d,en_gloss_unihan,3140,讕,闌,言,ROOT-67EC,142,賴,760,0,0,0,1155,賴,725,0,0,0,35,0,0,725,0.52956295,0.5612825155258179,0.0317195653915405
bge_m3_1024d,en_gloss_unihan,3553,倩,青,亻,ROOT-9752,172,俊,854,0,0,0,1155,俊,693,0,0,0,161,0,0,693,0.49006113,0.5192035436630249,0.0291424095630645
bge_m3_1024d,en_gloss_unihan,3554,凊,青,冫,ROOT-9752,12,瞿,1098,0,0,0,1155,瞿,1026,0,0,0,72,0,0,1026,0.35505292,0.3276320993900299,-0.0274208188056945
bge_m3_1024d,en_gloss_unihan,3555,婧,青,女,ROOT-9752,99,柔,994,0,0,0,1155,冉,954,0,0,0,40,0,0,954,0.4714819,0.4992470145225525,0.0277651250362396
bge_m3_1024d,en_gloss_unihan,3556,情,青,忄,ROOT-9752,124,感,996,0,0,0,1155,感,897,0,0,0,99,0,0,897,0.468036,0.5158352851867676,0.0477992892265319
bge_m3_1024d,en_gloss_unihan,3557,晴,青,日,ROOT-9752,60,明,999,0,0,0,1155,景,1006,0,0,0,-7,0,0,1006,0.45740584,0.4846740365028381,0.0272682011127471
bge_m3_1024d,en_gloss_unihan,3558,猜,青,犭,ROOT-9752,38,若,996,0,0,0,1155,若,920,0,0,0,76,0,0,920,0.4860155,0.5015460848808289,0.0155305862426757
bge_m3_1024d,en_gloss_unihan,3559,睛,青,目,ROOT-9752,50,眉,961,0,0,0,1155,果,865,0,0,0,96,0,0,865,0.47125673,0.4986856281757355,0.0274288952350616
bge_m3_1024d,en_gloss_unihan,3560,精,青,米,ROOT-9752,25,氣,910,0,0,0,1155,氣,845,0,0,0,65,0,0,845,0.4761299,0.4735150337219238,-0.0026148557662963
bge_m3_1024d,en_gloss_unihan,3561,綪,青,糸,ROOT-9752,153,綦,171,0,0,0,1155,綦,273,0,0,0,-102,0,0,273,0.47911444,0.4925556778907776,0.0134412348270416
bge_m3_1024d,en_gloss_unihan,3562,菁,青,艹,ROOT-9752,241,楙,371,0,0,0,1155,戶,764,0,0,0,-393,0,0,764,0.49738145,0.5064575672149658,0.0090761184692382
bge_m3_1024d,en_gloss_unihan,3563,蜻,青,虫,ROOT-9752,116,扐,432,0,0,0,1155,扐,779,0,0,0,-347,0,0,779,0.40630317,0.4851640462875366,0.0788608789443969
bge_m3_1024d,en_gloss_unihan,3564,請,青,言,ROOT-9752,142,乞,1059,0,0,0,1155,乞,985,0,0,0,74,0,0,985,0.46504247,0.507814347743988,0.0427718758583068
bge_m3_1024d,en_gloss_unihan,3565,錆,青,釒,ROOT-9752,129,色,67,0,0,0,1155,色,87,0,0,0,-20,0,0,87,0.48480383,0.5060508251190186,0.021246999502182
bge_m3_1024d,en_gloss_unihan,3566,靖,青,立,ROOT-9752,4,寧,1009,0,0,0,1155,宁,965,0,0,0,44,0,0,965,0.44933558,0.4181621968746185,-0.0311733782291412
bge_m3_1024d,en_gloss_unihan,3567,靚,青,見,ROOT-9752,7,康,953,0,0,0,1155,康,746,0,0,0,207,0,0,746,0.4615552,0.4468325972557068,-0.0147226154804229
bge_m3_1024d,en_gloss_unihan,3569,鯖,青,魚,ROOT-9752,46,肴,857,0,0,0,1155,雜,1010,0,0,0,-153,0,0,1010,0.38419908,0.4596284031867981,0.0754293203353881
bge_m3_1024d,en_gloss_unihan,4239,涂,余,氵,ROOT-4F59,277,涂,57,0,0,0,1155,涂,39,0,0,0,18,0,0,39,0.6221256,0.6704657077789307,0.0483400821685791
bge_m3_1024d,en_gloss_unihan,4240,徐,余,彳,ROOT-4F59,16,寧,704,0,0,0,1155,閒,655,0,0,0,49,0,0,655,0.5586957,0.5290094614028931,-0.0296862125396728
bge_m3_1024d,en_gloss_unihan,4241,悆,余,心,ROOT-4F59,53,欣,550,0,0,0,1155,爽,376,0,0,0,174,0,0,376,0.47579446,0.4713368415832519,-0.0044576227664947
bge_m3_1024d,en_gloss_unihan,4243,斜,余,斗,ROOT-4F59,6,仄,732,0,0,0,1155,仄,814,0,0,0,-82,0,0,814,0.5522755,0.4847697019577026,-0.0675057768821716
bge_m3_1024d,en_gloss_unihan,4245,畬,余,田,ROOT-4F59,12,田,778,0,0,0,1155,田,697,0,0,0,81,0,0,697,0.38580263,0.4271935820579529,0.0413909554481506
bge_m3_1024d,en_gloss_unihan,4246,稌,余,禾,ROOT-4F59,43,米,652,0,0,0,1155,米,474,0,0,0,178,0,0,474,0.3420608,0.4105666279792785,0.0685058236122131
bge_m3_1024d,en_gloss_unihan,4247,艅,余,舟,ROOT-4F59,15,遣,966,0,0,0,1155,遣,583,0,0,0,383,0,0,583,0.389194,0.5303311944007874,0.1411371827125549
bge_m3_1024d,en_gloss_unihan,4248,荼,余,艹,ROOT-4F59,241,苦,671,0,0,0,1155,苦,598,0,0,0,73,0,0,598,0.54737383,0.5887208580970764,0.0413470268249511
bge_m3_1024d,en_gloss_unihan,4249,蜍,余,虫,ROOT-4F59,116,雷,986,0,0,0,1155,肩,797,0,0,0,189,0,0,797,0.37752008,0.4987763166427612,0.1212562322616577
bge_m3_1024d,en_gloss_unihan,4250,途,余,辶,ROOT-4F59,68,路,696,0,0,0,1155,路,610,0,0,0,86,0,0,610,0.57681817,0.5794562101364136,0.002638041973114
bge_m3_1024d,en_gloss_unihan,4251,酴,余,酉,ROOT-4F59,30,木,626,0,0,0,1155,木,561,0,0,0,65,0,0,561,0.55533326,0.5982786417007446,0.042945384979248
bge_m3_1024d,en_gloss_unihan,4252,除,余,阝,ROOT-4F59,109,除,597,0,0,0,1155,除,611,0,0,0,-14,0,0,611,0.5095056,0.5189439058303833,0.0094382762908935
bge_m3_1024d,en_gloss_unihan,4255,餘,余,飠,ROOT-4F59,35,贏,4,0,1,1,1155,贏,3,0,1,1,1,0,0,3,0.71537477,0.7030943632125854,-0.0122804045677185
bge_m3_1024d,en_gloss_unihan,4536,唇,辰,口,ROOT-8FB0,149,脣,1088,0,0,0,1155,脣,1012,0,0,0,76,0,0,1012,0.37243885,0.4211779832839966,0.0487391352653503
bge_m3_1024d,en_gloss_unihan,4537,娠,辰,女,ROOT-8FB0,99,妻,891,0,0,0,1155,肥,751,0,0,0,140,0,0,751,0.42106006,0.483825147151947,0.0627650916576385
bge_m3_1024d,en_gloss_unihan,4538,宸,辰,宀,ROOT-8FB0,26,殿,763,0,0,0,1155,殿,377,0,0,0,386,0,0,377,0.4931077,0.5285686254501343,0.0354609191417694
bge_m3_1024d,en_gloss_unihan,4539,振,辰,扌,ROOT-8FB0,189,養,996,0,0,0,1155,加,953,0,0,0,43,0,0,953,0.4621901,0.489281564950943,0.0270914733409881
bge_m3_1024d,en_gloss_unihan,4540,晨,辰,日,ROOT-8FB0,60,晨,17,0,0,0,1155,晨,13,0,0,0,4,0,0,13,0.6542264,0.6762699484825134,0.0220435261726379
bge_m3_1024d,en_gloss_unihan,4541,脣,辰,肉,ROOT-8FB0,99,脣,1088,0,0,0,1155,脣,1040,0,0,0,48,0,0,1040,0.37243885,0.420619785785675,0.0481809377670288
bge_m3_1024d,en_gloss_unihan,4543,蜃,辰,虫,ROOT-8FB0,116,波,940,0,0,0,1155,化,955,0,0,0,-15,0,0,955,0.4110921,0.4496325850486755,0.0385404825210571
bge_m3_1024d,en_gloss_unihan,4544,賑,辰,貝,ROOT-8FB0,41,襄,956,0,0,0,1155,爽,872,0,0,0,84,0,0,872,0.49110764,0.527228593826294,0.0361209511756897
bge_m3_1024d,en_gloss_unihan,4545,震,辰,雨,ROOT-8FB0,25,離,542,0,0,0,1155,兌,802,0,0,0,-260,0,0,802,0.53455126,0.4793835878372192,-0.0551676750183105
bge_m3_1024d,en_gloss_unihan,4878,掂,店,扌,ROOT-5360,189,執,816,0,0,0,1155,執,788,0,0,0,28,0,0,788,0.45542014,0.4722292423248291,0.0168091058731079
bge_m3_1024d,en_gloss_unihan,4879,惦,店,忄,ROOT-5360,124,念,497,0,0,0,1155,念,238,0,0,0,259,0,0,238,0.54232675,0.5707056522369385,0.0283789038658142
bge_m3_1024d,zh_char,54,儐,賓,亻,ROOT-219CD,183,雩,453,0,0,0,1171,忝,445,0,0,0,8,0,0,445,0.48674494,0.5304288864135742,0.0436839461326599
bge_m3_1024d,zh_char,55,嬪,賓,女,ROOT-219CD,115,妾,5,0,1,1,1171,妾,2,0,1,1,3,0,0,2,0.59007585,0.6059725284576416,0.0158966779708862
bge_m3_1024d,zh_char,56,擯,賓,扌,ROOT-219CD,202,雩,453,0,0,0,1171,雩,346,0,0,0,107,0,0,346,0.48674494,0.5096471309661865,0.0229021906852722
bge_m3_1024d,zh_char,57,檳,賓,木,ROOT-219CD,256,贛,323,0,0,0,1171,貢,179,0,0,0,144,0,0,179,0.44966868,0.4299556612968445,-0.0197130143642425
bge_m3_1024d,zh_char,58,殯,賓,歹,ROOT-219CD,17,弔,14,0,0,0,1171,弔,30,0,0,0,-16,0,0,30,0.5842414,0.5320266485214233,-0.0522147417068481
bge_m3_1024d,zh_char,59,濱,賓,氵,ROOT-219CD,307,番,7,0,0,1,1171,番,3,0,1,1,4,0,0,3,0.5611274,0.5578537583351135,-0.0032736659049987
bge_m3_1024d,zh_char,60,矉,賓,目,ROOT-219CD,59,忝,453,0,0,0,1171,忝,370,0,0,0,83,0,0,370,0.48674494,0.5433898568153381,0.0566449165344238
bge_m3_1024d,zh_char,61,繽,賓,糸,ROOT-219CD,170,夸,312,0,0,0,1171,夸,159,0,0,0,153,0,0,159,0.42053154,0.3988012075424194,-0.0217303335666656
bge_m3_1024d,zh_char,62,蠙,賓,虫,ROOT-219CD,139,忝,453,0,0,0,1171,忝,340,0,0,0,113,0,0,340,0.48674494,0.5741438865661621,0.0873989462852478
bge_m3_1024d,zh_char,63,鬢,賓,髟,ROOT-219CD,19,忝,453,0,0,0,1171,忝,342,0,0,0,111,0,0,342,0.48674494,0.5906480550765991,0.1039031147956848
bge_m3_1024d,zh_char,416,侅,亥,亻,ROOT-4EA5,183,忝,880,0,0,0,1171,忝,853,0,0,0,27,0,0,853,0.42611802,0.4704970717430115,0.0443790555000305
bge_m3_1024d,zh_char,417,刻,亥,刂,ROOT-4EA5,36,習,575,0,0,0,1171,制,210,0,0,0,365,0,0,210,0.42343932,0.4425339102745056,0.0190945863723754
bge_m3_1024d,zh_char,418,劾,亥,力,ROOT-4EA5,21,蔑,912,0,0,0,1171,蔑,778,0,0,0,134,0,0,778,0.3662901,0.3471726179122925,-0.0191174745559692
bge_m3_1024d,zh_char,419,咳,亥,口,ROOT-4EA5,156,窒,17,0,0,0,1171,窒,4,0,1,1,13,0,0,4,0.5827913,0.6037774682044983,0.0209861397743225
bge_m3_1024d,zh_char,420,垓,亥,土,ROOT-4EA5,91,匈,2,0,1,1,1171,匈,2,0,1,1,0,0,0,2,0.5860112,0.5901477932929993,0.0041366219520568
bge_m3_1024d,zh_char,421,孩,亥,子,ROOT-4EA5,5,嬰,337,0,0,0,1171,幼,427,0,0,0,-90,0,0,427,0.4413967,0.4042448401451111,-0.0371518731117248
bge_m3_1024d,zh_char,422,核,亥,木,ROOT-4EA5,256,微,673,0,0,0,1171,微,439,0,0,0,234,0,0,439,0.42074555,0.4179027676582336,-0.0028427839279174
bge_m3_1024d,zh_char,423,欬,亥,欠,ROOT-4EA5,28,雩,880,0,0,0,1171,忝,745,0,0,0,135,0,0,745,0.42611802,0.500937819480896,0.074819803237915
bge_m3_1024d,zh_char,424,痎,亥,疒,ROOT-4EA5,71,忝,880,0,0,0,1171,忝,782,0,0,0,98,0,0,782,0.42611802,0.4767493605613708,0.0506313443183898
bge_m3_1024d,zh_char,425,胲,亥,肉,ROOT-4EA5,108,忝,880,0,0,0,1171,忝,848,0,0,0,32,0,0,848,0.42611802,0.449614942073822,0.023496925830841
bge_m3_1024d,zh_char,426,荄,亥,艹,ROOT-4EA5,292,忝,880,0,0,0,1171,忝,791,0,0,0,89,0,0,791,0.42611802,0.5136128664016724,0.0874948501586914
bge_m3_1024d,zh_char,427,該,亥,言,ROOT-4EA5,155,此,627,0,0,0,1171,此,356,0,0,0,271,0,0,356,0.47751245,0.4665802121162414,-0.0109322369098663
bge_m3_1024d,zh_char,428,閡,亥,門,ROOT-4EA5,34,滯,313,0,0,0,1171,滯,166,0,0,0,147,0,0,166,0.48257476,0.460288405418396,-0.0222863554954528
bge_m3_1024d,zh_char,429,陔,亥,阝,ROOT-4EA5,125,忝,880,0,0,0,1171,忝,796,0,0,0,84,0,0,796,0.42611802,0.538414478302002,0.112296462059021
bge_m3_1024d,zh_char,430,頦,亥,頁,ROOT-4EA5,45,忝,880,0,0,0,1171,忝,820,0,0,0,60,0,0,820,0.42611802,0.4617394208908081,0.0356214046478271
bge_m3_1024d,zh_char,431,駭,亥,馬,ROOT-4EA5,65,釁,650,0,0,0,1171,釁,381,0,0,0,269,0,0,381,0.42852327,0.4154831171035766,-0.013040155172348
bge_m3_1024d,zh_char,432,骸,亥,骨,ROOT-4EA5,13,尸,950,0,0,0,1171,尸,773,0,0,0,177,0,0,773,0.35566413,0.3466701507568359,-0.0089939832687377
bge_m3_1024d,zh_char,641,刓,元,刂,ROOT-5143,36,雩,724,0,0,0,1171,忝,501,0,0,0,223,0,0,501,0.45133469,0.4963590502738952,0.0450243651866912
bge_m3_1024d,zh_char,642,完,元,宀,ROOT-5143,27,完,689,0,0,0,1171,完,701,0,0,0,-12,0,0,701,0.4279621,0.4074316322803497,-0.0205304622650146
bge_m3_1024d,zh_char,652,忨,元,忄,ROOT-5143,132,雩,724,0,0,0,1171,忝,502,0,0,0,222,0,0,502,0.45133469,0.5258601903915405,0.0745255053043365
bge_m3_1024d,zh_char,653,沅,元,氵,ROOT-5143,307,耒,989,0,0,0,1171,邕,741,0,0,0,248,0,0,741,0.27163094,0.2877142131328583,0.0160832703113555
bge_m3_1024d,zh_char,654,玩,元,王,ROOT-5143,79,打,876,0,0,0,1171,打,635,0,0,0,241,0,0,635,0.41527534,0.4131343960762024,-0.0021409392356872
bge_m3_1024d,zh_char,656,芫,元,艹,ROOT-5143,292,闌,1078,0,0,0,1171,闌,922,0,0,0,156,0,0,922,0.32304937,0.323335587978363,0.0002862215042114
bge_m3_1024d,zh_char,657,蚖,元,虫,ROOT-5143,139,雩,724,0,0,0,1171,雩,554,0,0,0,170,0,0,554,0.45133469,0.537976861000061,0.086642175912857
bge_m3_1024d,zh_char,658,邧,元,阝,ROOT-5143,125,忝,724,0,0,0,1171,忝,633,0,0,0,91,0,0,633,0.45133469,0.5665585994720459,0.1152239143848419
bge_m3_1024d,zh_char,659,阮,元,阝,ROOT-5143,125,維,549,0,0,0,1171,余,323,0,0,0,226,0,0,323,0.347557,0.3311540186405182,-0.0164029896259307
bge_m3_1024d,zh_char,660,頑,元,頁,ROOT-5143,45,堅,755,0,0,0,1171,堅,503,0,0,0,252,0,0,503,0.40800017,0.386616587638855,-0.0213835835456848
bge_m3_1024d,zh_char,711,偈,曷,亻,ROOT-5303,183,句,150,0,0,0,1171,句,886,0,0,0,-736,0,0,886,0.48501462,0.3604987263679504,-0.1245158910751342
bge_m3_1024d,zh_char,712,喝,曷,口,ROOT-5303,156,聽,100,0,0,0,1171,聽,389,0,0,0,-289,0,0,389,0.5531366,0.4831920266151428,-0.0699445605278015
bge_m3_1024d,zh_char,713,堨,曷,土,ROOT-5303,91,豈,10,0,0,1,1171,豈,32,0,0,0,-22,0,0,32,0.65620965,0.5528339147567749,-0.1033757328987121
bge_m3_1024d,zh_char,714,愒,曷,忄,ROOT-5303,132,雩,9,0,0,1,1171,忝,3,0,1,1,6,0,0,3,1.0,0.9706391096115112,-0.0293608903884887
bge_m3_1024d,zh_char,715,揭,曷,扌,ROOT-5303,202,解,125,0,0,0,1171,解,457,0,0,0,-332,0,0,457,0.4853998,0.4244962632656097,-0.0609035491943359
bge_m3_1024d,zh_char,716,暍,曷,日,ROOT-5303,63,忝,3,0,1,1,1171,忝,3,0,1,1,0,0,0,3,1.0,0.9759913682937622,-0.0240086317062377
bge_m3_1024d,zh_char,718,楬,曷,木,ROOT-5303,256,忝,3,0,1,1,1171,忝,3,0,1,1,0,0,0,3,1.0,0.9735898375511168,-0.026410162448883
bge_m3_1024d,zh_char,719,歇,曷,欠,ROOT-5303,28,歇,407,0,0,0,1171,歇,1039,0,0,0,-632,0,0,1039,0.40677142,0.1844300776720047,-0.2223413437604904
bge_m3_1024d,zh_char,721,渴,曷,氵,ROOT-5303,307,旱,397,0,0,0,1171,乏,1011,0,0,0,-614,0,0,1011,0.44115213,0.3071320056915283,-0.1340201199054718
bge_m3_1024d,zh_char,722,猲,曷,犭,ROOT-5303,44,雩,9,0,0,1,1171,忝,3,0,1,1,6,0,0,3,1.0,0.9680721163749696,-0.0319278836250305
bge_m3_1024d,zh_char,723,碣,曷,石,ROOT-5303,57,斛,490,0,0,0,1171,乍,1044,0,0,0,-554,0,0,1044,0.36371619,0.1915090084075927,-0.1722071766853332
bge_m3_1024d,zh_char,724,竭,曷,立,ROOT-5303,6,乏,183,0,0,0,1171,乏,986,0,0,0,-803,0,0,986,0.47712472,0.2934070825576782,-0.1837176382541656
bge_m3_1024d,zh_char,725,羯,曷,羊,ROOT-5303,9,闌,244,0,0,0,1171,闌,1044,0,0,0,-800,0,0,1044,0.4376691,0.179760068655014,-0.2579090297222137
bge_m3_1024d,zh_char,726,葛,曷,艹,ROOT-5303,292,葛,996,0,0,0,1171,葛,1045,0,0,0,-49,0,0,1045,0.2555081,0.0543892122805118,-0.2011188827455043
bge_m3_1024d,zh_char,729,蝎,曷,虫,ROOT-5303,139,梟,210,0,0,0,1171,梟,1039,0,0,0,-829,0,0,1039,0.4258123,0.210599198937416,-0.2152131050825119
bge_m3_1024d,zh_char,730,褐,曷,衤,ROOT-5303,70,堇,326,0,0,0,1171,灰,1039,0,0,0,-713,0,0,1039,0.39738277,0.1250292062759399,-0.2723535597324371
bge_m3_1024d,zh_char,731,謁,曷,言,ROOT-5303,155,謁,319,0,0,0,1171,謁,1025,0,0,0,-706,0,0,1025,0.44630924,0.2683222889900207,-0.1779869496822357
bge_m3_1024d,zh_char,734,遏,曷,辶,ROOT-5303,69,止,294,0,0,0,1171,止,689,0,0,0,-395,0,0,689,0.44044897,0.3756647408008575,-0.0647842288017273
bge_m3_1024d,zh_char,735,鞨,曷,革,ROOT-5303,32,忝,3,0,1,1,1171,忝,3,0,1,1,0,0,0,3,1.0,0.9441301822662354,-0.0558698177337646
bge_m3_1024d,zh_char,736,餲,曷,飠,ROOT-5303,38,忝,3,0,1,1,1171,忝,3,0,1,1,0,0,0,3,1.0,0.9503483772277832,-0.0496516227722168
bge_m3_1024d,zh_char,737,鶡,曷,鳥,ROOT-5303,67,忝,3,0,1,1,1171,忝,3,0,1,1,0,0,0,3,1.0,0.9492846727371216,-0.0507153272628784
bge_m3_1024d,zh_char,1967,佳,圭,亻,ROOT-572D,183,活,556,0,0,0,1171,活,503,0,0,0,53,0,0,503,0.3567402,0.3264852166175842,-0.030254989862442
bge_m3_1024d,zh_char,1968,刲,圭,刂,ROOT-572D,36,忝,754,0,0,0,1171,忝,775,0,0,0,-21,0,0,775,0.447042,0.4594870209693908,0.0124450325965881
bge_m3_1024d,zh_char,1973,哇,圭,口,ROOT-572D,156,耶,932,0,0,0,1171,耶,987,0,0,0,-55,0,0,987,0.3949325,0.383908599615097,-0.0110239088535308
bge_m3_1024d,zh_char,1974,奎,圭,大,ROOT-572D,5,圭,1,1,1,1,1171,圭,1,1,1,1,0,0,0,1,0.71495855,0.6341413259506226,-0.0808172225952148
bge_m3_1024d,zh_char,1976,娃,圭,女,ROOT-572D,115,維,1156,0,0,0,1171,維,1163,0,0,0,-7,0,0,1163,0.22279908,0.2021089643239975,-0.0206901133060455
bge_m3_1024d,zh_char,1977,恚,圭,心,ROOT-572D,59,瓠,754,0,0,0,1171,忝,906,0,0,0,-152,0,0,906,0.447042,0.4670088589191437,0.0199668705463409
bge_m3_1024d,zh_char,1978,挂,圭,扌,ROOT-572D,202,卸,1094,0,0,0,1171,退,1123,0,0,0,-29,0,0,1123,0.30626115,0.3050651252269745,-0.0011960268020629
bge_m3_1024d,zh_char,1979,桂,圭,木,ROOT-572D,256,木,987,0,0,0,1171,木,953,0,0,0,34,0,0,953,0.32498932,0.2817539274692535,-0.0432353913784027
bge_m3_1024d,zh_char,1980,洼,圭,氵,ROOT-572D,307,洼,693,0,0,0,1171,洼,690,0,0,0,3,0,0,690,0.35985518,0.3388914465904236,-0.0209637284278869
bge_m3_1024d,zh_char,1982,烓,圭,火,ROOT-572D,62,雩,754,0,0,0,1171,忝,810,0,0,0,-56,0,0,810,0.447042,0.4647929668426513,0.0177509784698486
bge_m3_1024d,zh_char,1983,珪,圭,王,ROOT-572D,79,閏,2,0,1,1,1171,戌,3,0,1,1,-1,0,0,3,0.56866413,0.5543983578681946,-0.0142657756805419
bge_m3_1024d,zh_char,1984,畦,圭,田,ROOT-572D,12,箸,1135,0,0,0,1171,箸,1020,0,0,0,115,0,0,1020,0.31271762,0.245615467429161,-0.0671021491289138
bge_m3_1024d,zh_char,1985,眭,圭,目,ROOT-572D,59,雩,754,0,0,0,1171,忝,948,0,0,0,-194,0,0,948,0.447042,0.4479180872440338,0.000876098871231
bge_m3_1024d,zh_char,1986,窐,圭,穴,ROOT-572D,28,雩,754,0,0,0,1171,忝,872,0,0,0,-118,0,0,872,0.447042,0.4767751395702362,0.0297331511974334
bge_m3_1024d,zh_char,1988,絓,圭,糸,ROOT-572D,170,忝,754,0,0,0,1171,忝,889,0,0,0,-135,0,0,889,0.447042,0.479401171207428,0.0323591828346252
bge_m3_1024d,zh_char,1989,茥,圭,艹,ROOT-572D,292,忝,754,0,0,0,1171,忝,948,0,0,0,-194,0,0,948,0.447042,0.4846496880054474,0.0376076996326446
bge_m3_1024d,zh_char,1990,蛙,圭,虫,ROOT-572D,139,泥,579,0,0,0,1171,泥,664,0,0,0,-85,0,0,664,0.41499162,0.3796353936195373,-0.0353562235832214
bge_m3_1024d,zh_char,1991,街,圭,行,ROOT-572D,6,牆,1100,0,0,0,1171,某,1150,0,0,0,-50,0,0,1150,0.32002282,0.2567246556282043,-0.0632981657981872
bge_m3_1024d,zh_char,1992,觟,圭,角,ROOT-572D,13,忝,754,0,0,0,1171,忝,1013,0,0,0,-259,0,0,1013,0.447042,0.5030595660209656,0.0560175776481628
bge_m3_1024d,zh_char,1993,詿,圭,言,ROOT-572D,155,忝,754,0,0,0,1171,忝,764,0,0,0,-10,0,0,764,0.447042,0.489527940750122,0.0424859523773193
bge_m3_1024d,zh_char,1994,邽,圭,阝,ROOT-572D,125,雩,754,0,0,0,1171,忝,992,0,0,0,-238,0,0,992,0.447042,0.4961981773376465,0.0491561889648437
bge_m3_1024d,zh_char,1995,閨,圭,門,ROOT-572D,34,宅,974,0,0,0,1171,宅,904,0,0,0,70,0,0,904,0.35840407,0.3041549921035766,-0.0542490780353546
bge_m3_1024d,zh_char,1996,鞋,圭,革,ROOT-572D,32,足,1138,0,0,0,1171,足,1019,0,0,0,119,0,0,1019,0.32155505,0.269397884607315,-0.0521571636199951
bge_m3_1024d,zh_char,2002,僥,堯,亻,ROOT-582F,183,貪,548,0,0,0,1171,貪,387,0,0,0,161,0,0,387,0.44073045,0.4355542063713074,-0.0051762461662292
bge_m3_1024d,zh_char,2003,嘵,堯,口,ROOT-582F,156,忝,1015,0,0,0,1171,忝,975,0,0,0,40,0,0,975,0.39641225,0.4141023159027099,0.0176900625228881
bge_m3_1024d,zh_char,2004,嬈,堯,女,ROOT-582F,115,貍,60,0,0,0,1171,貍,46,0,0,0,14,0,0,46,0.5116472,0.534766674041748,0.0231194496154785
bge_m3_1024d,zh_char,2005,嶢,堯,山,ROOT-582F,53,忝,1015,0,0,0,1171,忝,1042,0,0,0,-27,0,0,1042,0.39641225,0.4163156151771545,0.0199033617973327
bge_m3_1024d,zh_char,2006,撓,堯,扌,ROOT-582F,202,削,293,0,0,0,1171,煩,169,0,0,0,124,0,0,169,0.47744328,0.5097981691360474,0.0323548913002014
bge_m3_1024d,zh_char,2007,曉,堯,日,ROOT-582F,63,贔,58,0,0,0,1171,贔,66,0,0,0,-8,0,0,66,0.4806906,0.4589092135429382,-0.0217813849449157
bge_m3_1024d,zh_char,2008,橈,堯,木,ROOT-582F,256,瓠,1015,0,0,0,1171,忝,969,0,0,0,46,0,0,969,0.39641225,0.4647504985332489,0.0683382451534271
bge_m3_1024d,zh_char,2009,澆,堯,氵,ROOT-582F,307,舀,683,0,0,0,1171,舀,562,0,0,0,121,0,0,562,0.43499708,0.4312896728515625,-0.0037074089050292
bge_m3_1024d,zh_char,2010,燒,堯,火,ROOT-582F,62,火,545,0,0,0,1171,火,438,0,0,0,107,0,0,438,0.45141762,0.4479812681674957,-0.0034363567829132
bge_m3_1024d,zh_char,2011,獟,堯,犭,ROOT-582F,44,瓠,1015,0,0,0,1171,忝,1069,0,0,0,-54,0,0,1069,0.39641225,0.4100278615951538,0.013615608215332
bge_m3_1024d,zh_char,2012,磽,堯,石,ROOT-582F,57,瓠,1015,0,0,0,1171,忝,1058,0,0,0,-43,0,0,1058,0.39641225,0.4237099289894104,0.0272976756095886
bge_m3_1024d,zh_char,2013,繞,堯,糸,ROOT-582F,170,旋,822,0,0,0,1171,旋,714,0,0,0,108,0,0,714,0.40586394,0.378242552280426,-0.0276213884353637
bge_m3_1024d,zh_char,2014,翹,堯,羽,ROOT-582F,22,折,778,0,0,0,1171,折,622,0,0,0,156,0,0,622,0.42403185,0.4091218113899231,-0.0149100422859191
bge_m3_1024d,zh_char,2015,膮,堯,肉,ROOT-582F,108,雩,1015,0,0,0,1171,忝,959,0,0,0,56,0,0,959,0.39641225,0.426326036453247,0.0299137830734252
bge_m3_1024d,zh_char,2016,蕘,堯,艹,ROOT-582F,292,雩,1015,0,0,0,1171,雩,1012,0,0,0,3,0,0,1012,0.39641225,0.4672839045524597,0.0708716511726379
bge_m3_1024d,zh_char,2017,蟯,堯,虫,ROOT-582F,139,雩,1015,0,0,0,1171,雩,991,0,0,0,24,0,0,991,0.39641225,0.4610456228256225,0.0646333694458007
bge_m3_1024d,zh_char,2018,譊,堯,言,ROOT-582F,155,雩,1015,0,0,0,1171,雩,1060,0,0,0,-45,0,0,1060,0.39641225,0.4299264550209045,0.0335142016410827
bge_m3_1024d,zh_char,2019,趬,堯,走,ROOT-582F,19,雩,1015,0,0,0,1171,忝,976,0,0,0,39,0,0,976,0.39641225,0.4667246043682098,0.070312350988388
bge_m3_1024d,zh_char,2020,遶,堯,辶,ROOT-582F,69,顛,102,0,0,0,1171,顛,77,0,0,0,25,0,0,77,0.50356734,0.5118319988250732,0.0082646608352661
bge_m3_1024d,zh_char,2021,鐃,堯,釒,ROOT-582F,141,忝,1015,0,0,0,1171,忝,1103,0,0,0,-88,0,0,1103,0.39641225,0.4064780175685882,0.0100657641887664
bge_m3_1024d,zh_char,2022,顤,堯,頁,ROOT-582F,45,忝,1015,0,0,0,1171,忝,1096,0,0,0,-81,0,0,1096,0.39641225,0.3918347060680389,-0.0045775473117828
bge_m3_1024d,zh_char,2023,饒,堯,飠,ROOT-582F,38,贛,190,0,0,0,1171,昌,167,0,0,0,23,0,0,167,0.46078736,0.4174974858760834,-0.0432898700237274
bge_m3_1024d,zh_char,2024,驍,堯,馬,ROOT-582F,65,技,26,0,0,0,1171,技,27,0,0,0,-1,0,0,27,0.50162053,0.4547497928142547,-0.0468707382678985
bge_m3_1024d,zh_char,2641,佁,台,亻,ROOT-382F,183,瓠,555,0,0,0,1171,忝,583,0,0,0,-28,0,0,583,0.47270232,0.5125823616981506,0.0398800373077392
bge_m3_1024d,zh_char,2642,冶,台,冫,ROOT-382F,12,爻,1153,0,0,0,1171,爻,1135,0,0,0,18,0,0,1135,0.24611531,0.2244690954685211,-0.0216462165117263
bge_m3_1024d,zh_char,2643,始,台,女,ROOT-382F,115,幵,1058,0,0,0,1171,先,1042,0,0,0,16,0,0,1042,0.34165668,0.3209031224250793,-0.0207535624504089
bge_m3_1024d,zh_char,2644,怠,台,心,ROOT-382F,59,昏,970,0,0,0,1171,乏,824,0,0,0,146,0,0,824,0.37656164,0.3674193620681762,-0.0091422796249389
bge_m3_1024d,zh_char,2645,怡,台,忄,ROOT-382F,132,宜,1050,0,0,0,1171,宜,891,0,0,0,159,0,0,891,0.29992723,0.277322769165039,-0.0226044654846191
bge_m3_1024d,zh_char,2646,枲,台,木,ROOT-382F,256,雩,555,0,0,0,1171,雩,679,0,0,0,-124,0,0,679,0.47270232,0.5176055431365967,0.0449032187461853
bge_m3_1024d,zh_char,2647,殆,台,歹,ROOT-382F,17,厭,790,0,0,0,1171,厭,728,0,0,0,62,0,0,728,0.38686988,0.3392175734043121,-0.0476523041725158
bge_m3_1024d,zh_char,2648,治,台,氵,ROOT-382F,307,愈,793,0,0,0,1171,效,680,0,0,0,113,0,0,680,0.37510347,0.351975530385971,-0.023127943277359
bge_m3_1024d,zh_char,2649,炱,台,火,ROOT-382F,62,忝,555,0,0,0,1171,忝,625,0,0,0,-70,0,0,625,0.47270232,0.4921445250511169,0.0194422006607055
bge_m3_1024d,zh_char,2650,瓵,台,瓦,ROOT-382F,12,忝,555,0,0,0,1171,忝,759,0,0,0,-204,0,0,759,0.47270232,0.5506786108016968,0.0779762864112854
bge_m3_1024d,zh_char,2651,眙,台,目,ROOT-382F,59,贛,396,0,0,0,1171,贛,314,0,0,0,82,0,0,314,0.38551274,0.354341447353363,-0.031171292066574
bge_m3_1024d,zh_char,2652,笞,台,竹,ROOT-382F,109,戕,608,0,0,0,1171,虐,462,0,0,0,146,0,0,462,0.44006023,0.4180954098701477,-0.021964818239212
bge_m3_1024d,zh_char,2653,紿,台,糸,ROOT-382F,170,忝,555,0,0,0,1171,忝,562,0,0,0,-7,0,0,562,0.47270232,0.5270634293556213,0.0543611049652099
bge_m3_1024d,zh_char,2654,胎,台,肉,ROOT-382F,108,軌,1024,0,0,0,1171,軌,1042,0,0,0,-18,0,0,1042,0.34322256,0.3342054486274719,-0.0090171098709106
bge_m3_1024d,zh_char,2655,苔,台,艹,ROOT-382F,292,闌,243,0,0,0,1171,闌,343,0,0,0,-100,0,0,343,0.43671957,0.4088602364063263,-0.0278593301773071
bge_m3_1024d,zh_char,2656,詒,台,言,ROOT-382F,155,雩,555,0,0,0,1171,忝,599,0,0,0,-44,0,0,599,0.47270232,0.510866105556488,0.0381637811660766
bge_m3_1024d,zh_char,2657,貽,台,貝,ROOT-382F,41,戕,1018,0,0,0,1171,聿,1074,0,0,0,-56,0,0,1074,0.3347612,0.2993192970752716,-0.035441905260086
bge_m3_1024d,zh_char,2658,邰,台,阝,ROOT-382F,125,雩,555,0,0,0,1171,雩,686,0,0,0,-131,0,0,686,0.47270232,0.555734395980835,0.0830320715904235
bge_m3_1024d,zh_char,2659,鈶,台,釒,ROOT-382F,141,雩,555,0,0,0,1171,忝,585,0,0,0,-30,0,0,585,0.47270232,0.5094369649887085,0.0367346405982971
bge_m3_1024d,zh_char,2660,颱,台,風,ROOT-382F,8,風,626,0,0,0,1171,旱,667,0,0,0,-41,0,0,667,0.4441521,0.446980357170105,0.0028282701969146
bge_m3_1024d,zh_char,2661,飴,台,飠,ROOT-382F,38,贔,954,0,0,0,1171,贔,887,0,0,0,67,0,0,887,0.3618255,0.321410596370697,-0.0404148995876312
bge_m3_1024d,zh_char,2662,駘,台,馬,ROOT-382F,65,忝,555,0,0,0,1171,忝,633,0,0,0,-78,0,0,633,0.47270232,0.535680890083313,0.0629785656929016
bge_m3_1024d,zh_char,2663,鮐,台,魚,ROOT-382F,58,忝,555,0,0,0,1171,忝,792,0,0,0,-237,0,0,792,0.47270232,0.5624181628227234,0.089715838432312
bge_m3_1024d,zh_char,2664,齝,台,齒,ROOT-382F,20,忝,555,0,0,0,1171,忝,802,0,0,0,-247,0,0,802,0.47270232,0.5896105766296387,0.1169082522392273
bge_m3_1024d,zh_char,2707,啻,帝,口,ROOT-5E1D,156,茍,971,0,0,0,1171,茍,820,0,0,0,151,0,0,820,0.35923612,0.348034918308258,-0.0112012028694152
bge_m3_1024d,zh_char,2709,啼,帝,口,ROOT-5E1D,156,芻,518,0,0,0,1171,雀,430,0,0,0,88,0,0,430,0.39284942,0.398790180683136,0.0059407651424407
bge_m3_1024d,zh_char,2710,禘,帝,礻,ROOT-5E1D,40,忝,573,0,0,0,1171,忝,720,0,0,0,-147,0,0,720,0.47067872,0.4983298182487488,0.0276511013507843
bge_m3_1024d,zh_char,2711,締,帝,糸,ROOT-5E1D,170,執,1077,0,0,0,1171,封,982,0,0,0,95,0,0,982,0.3482608,0.3142484724521637,-0.0340123176574707
bge_m3_1024d,zh_char,2712,蒂,帝,艹,ROOT-5E1D,292,狄,2,0,1,1,1171,狄,5,0,1,1,-3,0,0,5,0.57021517,0.5362153053283691,-0.0339998602867126
bge_m3_1024d,zh_char,2713,諦,帝,言,ROOT-5E1D,155,恆,483,0,0,0,1171,恆,359,0,0,0,124,0,0,359,0.46151176,0.4268074631690979,-0.0347042977809906
bge_m3_1024d,zh_char,2714,蹄,帝,𧾷,ROOT-5E1D,68,足,1035,0,0,0,1171,爪,943,0,0,0,92,0,0,943,0.3423211,0.3055535554885864,-0.0367675423622131
bge_m3_1024d,zh_char,3503,欄,闌,木,ROOT-67EC,256,朮,421,0,0,0,1171,煩,421,0,0,0,0,0,0,421,0.46736473,0.4251174926757812,-0.0422472357749938
bge_m3_1024d,zh_char,3504,瀾,闌,氵,ROOT-67EC,307,雋,42,0,0,0,1171,侖,80,0,0,0,-38,0,0,80,0.5183418,0.4761220812797546,-0.0422196984291076
bge_m3_1024d,zh_char,3505,爛,闌,火,ROOT-67EC,62,負,220,0,0,0,1171,負,371,0,0,0,-151,0,0,371,0.48185012,0.433896005153656,-0.047954112291336
bge_m3_1024d,zh_char,3506,籣,闌,竹,ROOT-67EC,109,忝,710,0,0,0,1171,忝,902,0,0,0,-192,0,0,902,0.45403072,0.4783596098423004,0.0243288874626159
bge_m3_1024d,zh_char,3507,蘭,闌,艹,ROOT-67EC,292,蘭,192,0,0,0,1171,蘭,357,0,0,0,-165,0,0,357,0.41871214,0.3742883801460266,-0.044423758983612
bge_m3_1024d,zh_char,3509,襴,闌,衤,ROOT-67EC,70,忝,710,0,0,0,1171,忝,934,0,0,0,-224,0,0,934,0.45403072,0.4987204670906067,0.0446897447109222
bge_m3_1024d,zh_char,3510,讕,闌,言,ROOT-67EC,155,雩,710,0,0,0,1171,忝,865,0,0,0,-155,0,0,865,0.45403072,0.4742323160171509,0.0202015936374664
bge_m3_1024d,zh_char,3975,倩,青,亻,ROOT-9752,183,女,636,0,0,0,1171,女,523,0,0,0,113,0,0,523,0.36074042,0.3421169519424438,-0.0186234712600708
bge_m3_1024d,zh_char,3976,凊,青,冫,ROOT-9752,12,瓠,662,0,0,0,1171,忝,904,0,0,0,-242,0,0,904,0.46021923,0.4351708889007568,-0.0250483453273773
bge_m3_1024d,zh_char,3977,婧,青,女,ROOT-9752,115,冉,52,0,0,0,1171,冉,59,0,0,0,-7,0,0,59,0.4454664,0.4422611892223358,-0.0032052099704742
bge_m3_1024d,zh_char,3978,崝,青,山,ROOT-9752,53,瓠,662,0,0,0,1171,瓠,838,0,0,0,-176,0,0,838,0.46021923,0.4675647020339966,0.0073454678058624
bge_m3_1024d,zh_char,3979,情,青,忄,ROOT-9752,132,心,66,0,0,0,1171,愛,109,0,0,0,-43,0,0,109,0.51749754,0.4788101613521576,-0.038687378168106
bge_m3_1024d,zh_char,3980,晴,青,日,ROOT-9752,63,雲,271,0,0,0,1171,星,170,0,0,0,101,0,0,170,0.46477342,0.4527359008789062,-0.0120375156402587
bge_m3_1024d,zh_char,3981,猜,青,犭,ROOT-9752,44,算,913,0,0,0,1171,算,819,0,0,0,94,0,0,819,0.38605827,0.3621634840965271,-0.0238947868347167
bge_m3_1024d,zh_char,3982,睛,青,目,ROOT-9752,59,見,175,0,0,0,1171,屯,14,0,0,0,161,0,0,14,0.5155281,0.5272228717803955,0.0116947889328002
bge_m3_1024d,zh_char,3983,精,青,米,ROOT-9752,27,父,1002,0,0,0,1171,父,955,0,0,0,47,0,0,955,0.3550353,0.3008207082748413,-0.054214596748352
bge_m3_1024d,zh_char,3984,綪,青,糸,ROOT-9752,170,雩,662,0,0,0,1171,雩,723,0,0,0,-61,0,0,723,0.46021923,0.5073691606521606,0.0471499264240264
bge_m3_1024d,zh_char,3985,菁,青,艹,ROOT-9752,292,婁,246,0,0,0,1171,婁,196,0,0,0,50,0,0,196,0.44455516,0.4138676524162292,-0.0306875109672546
bge_m3_1024d,zh_char,3986,蜻,青,虫,ROOT-9752,139,匍,128,0,0,0,1171,匍,204,0,0,0,-76,0,0,204,0.44766772,0.4128957688808441,-0.0347719490528106
bge_m3_1024d,zh_char,3987,請,青,言,ROOT-9752,155,求,847,0,0,0,1171,求,724,0,0,0,123,0,0,724,0.4374303,0.4076546430587768,-0.0297756493091583
bge_m3_1024d,zh_char,3988,錆,青,釒,ROOT-9752,141,彎,576,0,0,0,1171,肘,487,0,0,0,89,0,0,487,0.4155804,0.3933477401733398,-0.0222326517105102
bge_m3_1024d,zh_char,3989,靖,青,立,ROOT-9752,6,亭,1007,0,0,0,1171,推,1118,0,0,0,-111,0,0,1118,0.30235866,0.2375454604625702,-0.0648131966590881
bge_m3_1024d,zh_char,3990,靚,青,見,ROOT-9752,11,畀,976,0,0,0,1171,畀,786,0,0,0,190,0,0,786,0.38641512,0.3764224052429199,-0.0099927186965942
bge_m3_1024d,zh_char,3992,鯖,青,魚,ROOT-9752,58,魚,974,0,0,0,1171,箸,968,0,0,0,6,0,0,968,0.34411708,0.2616772949695587,-0.0824397802352905
bge_m3_1024d,zh_char,4753,涂,余,氵,ROOT-4F59,307,涂,1077,0,0,0,1171,涂,1070,0,0,0,7,0,0,1070,0.3309292,0.3213648796081543,-0.0095643103122711
bge_m3_1024d,zh_char,4755,徐,余,彳,ROOT-4F59,18,許,118,0,0,0,1171,肖,74,0,0,0,44,0,0,74,0.3972813,0.3654156923294067,-0.0318655967712402
bge_m3_1024d,zh_char,4756,悆,余,心,ROOT-4F59,59,忝,968,0,0,0,1171,忝,979,0,0,0,-11,0,0,979,0.40957966,0.4497140645980835,0.0401344001293182
bge_m3_1024d,zh_char,4758,斜,余,斗,ROOT-4F59,6,彎,1148,0,0,0,1171,彎,1148,0,0,0,0,0,0,1148,0.28301144,0.2595939338207245,-0.0234175026416778
bge_m3_1024d,zh_char,4760,畬,余,田,ROOT-4F59,12,忝,968,0,0,0,1171,忝,907,0,0,0,61,0,0,907,0.40957966,0.4488160610198974,0.0392363965511322
bge_m3_1024d,zh_char,4761,稌,余,禾,ROOT-4F59,46,雩,968,0,0,0,1171,雩,994,0,0,0,-26,0,0,994,0.40957966,0.463607519865036,0.0540278553962707
bge_m3_1024d,zh_char,4762,筡,余,竹,ROOT-4F59,109,雩,968,0,0,0,1171,忝,932,0,0,0,36,0,0,932,0.40957966,0.4715017080307007,0.0619220435619354
bge_m3_1024d,zh_char,4763,艅,余,舟,ROOT-4F59,15,雩,968,0,0,0,1171,忝,765,0,0,0,203,0,0,765,0.40957966,0.4762287139892578,0.0666490495204925
bge_m3_1024d,zh_char,4764,荼,余,艹,ROOT-4F59,292,沙,1103,0,0,0,1171,沙,962,0,0,0,141,0,0,962,0.29695296,0.2792714238166809,-0.0176815390586853
bge_m3_1024d,zh_char,4765,蜍,余,虫,ROOT-4F59,139,棘,1082,0,0,0,1171,棘,946,0,0,0,136,0,0,946,0.30365378,0.2982357442378998,-0.0054180324077606
bge_m3_1024d,zh_char,4766,途,余,辶,ROOT-4F59,69,脈,1068,0,0,0,1171,脈,902,0,0,0,166,0,0,902,0.28329527,0.3109907507896423,0.0276954770088195
bge_m3_1024d,zh_char,4767,酴,余,酉,ROOT-4F59,34,忝,968,0,0,0,1171,忝,861,0,0,0,107,0,0,861,0.40957966,0.47451251745224,0.0649328529834747
bge_m3_1024d,zh_char,4768,除,余,阝,ROOT-4F59,125,除,1151,0,0,0,1171,除,1022,0,0,0,129,0,0,1022,0.29884297,0.2542015314102173,-0.0446414351463317
bge_m3_1024d,zh_char,4772,餘,余,飠,ROOT-4F59,38,余,1,1,1,1,1171,余,1,1,1,1,0,0,0,1,0.76368785,0.7348094582557678,-0.0288783907890319
bge_m3_1024d,zh_char,4773,駼,余,馬,ROOT-4F59,65,雩,968,0,0,0,1171,忝,949,0,0,0,19,0,0,949,0.40957966,0.4852483868598938,0.0756687223911285
bge_m3_1024d,zh_char,5032,裖,辰,衤,ROOT-8FB0,70,忝,723,0,0,0,1171,忝,824,0,0,0,-101,0,0,824,0.45149076,0.5188003182411194,0.067309558391571
bge_m3_1024d,zh_char,5096,侲,辰,亻,ROOT-8FB0,183,忝,723,0,0,0,1171,忝,780,0,0,0,-57,0,0,780,0.45149076,0.4830319285392761,0.0315411686897277
bge_m3_1024d,zh_char,5097,唇,辰,口,ROOT-8FB0,156,脣,971,0,0,0,1171,脣,1006,0,0,0,-35,0,0,1006,0.37004498,0.3605726361274719,-0.0094723403453826
bge_m3_1024d,zh_char,5098,娠,辰,女,ROOT-8FB0,115,厥,378,0,0,0,1171,厥,284,0,0,0,94,0,0,284,0.47387946,0.476040631532669,0.0021611750125885
bge_m3_1024d,zh_char,5099,宸,辰,宀,ROOT-8FB0,27,朕,2,0,1,1,1171,辰,1,1,1,1,1,1,0,1,0.5364191,0.5300958156585693,-0.0063232779502868
bge_m3_1024d,zh_char,5100,振,辰,扌,ROOT-8FB0,202,鼓,461,0,0,0,1171,鼓,179,0,0,0,282,0,0,179,0.44614497,0.4501867890357971,0.0040418207645416
bge_m3_1024d,zh_char,5101,晨,辰,日,ROOT-8FB0,63,晨,5,0,1,1,1171,晨,9,0,0,1,-4,0,0,9,0.5264459,0.4987644851207733,-0.0276814401149749
bge_m3_1024d,zh_char,5103,祳,辰,礻,ROOT-8FB0,40,雩,723,0,0,0,1171,忝,742,0,0,0,-19,0,0,742,0.45149076,0.4943340420722961,0.0428432822227478
bge_m3_1024d,zh_char,5104,脣,辰,肉,ROOT-8FB0,108,脣,1001,0,0,0,1171,脣,852,0,0,0,149,0,0,852,0.36396378,0.3743769526481628,0.0104131698608398
bge_m3_1024d,zh_char,5106,蜃,辰,虫,ROOT-8FB0,139,仄,505,0,0,0,1171,仄,365,0,0,0,140,0,0,365,0.40244466,0.3850257694721222,-0.0174188911914825
bge_m3_1024d,zh_char,5107,賑,辰,貝,ROOT-8FB0,41,雜,954,0,0,0,1171,雜,957,0,0,0,-3,0,0,957,0.36616302,0.3487816452980041,-0.0173813700675964
bge_m3_1024d,zh_char,5108,震,辰,雨,ROOT-8FB0,25,動,676,0,0,0,1171,動,687,0,0,0,-11,0,0,687,0.39036596,0.3581317663192749,-0.0322341918945312
bge_m3_1024d,zh_char,5109,麎,辰,鹿,ROOT-8FB0,10,忝,723,0,0,0,1171,忝,822,0,0,0,-99,0,0,822,0.45149076,0.5365673303604126,0.0850765705108642
bge_m3_1024d,zh_char,5479,掂,店,扌,ROOT-5360,202,舀,493,0,0,0,1171,斤,490,0,0,0,3,0,0,490,0.4418254,0.4458609819412231,0.0040355920791625
bge_m3_1024d,zh_char,5480,惦,店,忄,ROOT-5360,132,念,217,0,0,0,1171,念,115,0,0,0,102,0,0,115,0.46769613,0.4685573577880859,0.0008612275123596
gte_multilingual_base_768d,cn_def,31,儐,賓,亻,ROOT-219CD,126,賓,1,1,1,1,1053,賓,1,1,1,1,0,0,0,1,0.8437763,0.8413190841674805,-0.0024572014808654
gte_multilingual_base_768d,cn_def,32,嬪,賓,女,ROOT-219CD,68,王,169,0,0,0,1053,王,232,0,0,0,-63,0,0,232,0.52799964,0.5440866947174072,0.0160870552062988
gte_multilingual_base_768d,cn_def,33,擯,賓,扌,ROOT-219CD,138,卻,221,0,0,0,1053,忌,111,0,0,0,110,0,0,111,0.6337886,0.641412079334259,0.0076234936714172
gte_multilingual_base_768d,cn_def,34,檳,賓,木,ROOT-219CD,139,葛,242,0,0,0,1053,蘭,139,0,0,0,103,0,0,139,0.5358173,0.5702983140945435,0.0344809889793396
gte_multilingual_base_768d,cn_def,35,殯,賓,歹,ROOT-219CD,10,弔,220,0,0,0,1053,奉,80,0,0,0,140,0,0,80,0.53043836,0.5442147850990295,0.013776421546936
gte_multilingual_base_768d,cn_def,36,濱,賓,氵,ROOT-219CD,185,浦,314,0,0,0,1053,浦,133,0,0,0,181,0,0,133,0.6378201,0.7001544237136841,0.0623342990875244
gte_multilingual_base_768d,cn_def,37,繽,賓,糸,ROOT-219CD,97,夭,512,0,0,0,1053,夭,379,0,0,0,133,0,0,379,0.632994,0.6428368091583252,0.0098428130149841
gte_multilingual_base_768d,cn_def,38,鬢,賓,髟,ROOT-219CD,10,眉,130,0,0,0,1053,眉,92,0,0,0,38,0,0,92,0.6723788,0.718230128288269,0.0458513498306274
gte_multilingual_base_768d,cn_def,252,刻,亥,刂,ROOT-4EA5,19,舂,793,0,0,0,1053,遂,587,0,0,0,206,0,0,587,0.5239856,0.5553146600723267,0.0313290357589721
gte_multilingual_base_768d,cn_def,253,劾,亥,力,ROOT-4EA5,15,姦,1038,0,0,0,1053,姦,1017,0,0,0,21,0,0,1017,0.44015154,0.4555404186248779,0.0153888761997222
gte_multilingual_base_768d,cn_def,254,咳,亥,口,ROOT-4EA5,113,息,997,0,0,0,1053,息,951,0,0,0,46,0,0,951,0.42705747,0.4842638075351715,0.0572063326835632
gte_multilingual_base_768d,cn_def,255,垓,亥,土,ROOT-4EA5,65,野,257,0,0,0,1053,冥,450,0,0,0,-193,0,0,450,0.551161,0.5452735424041748,-0.0058874487876892
gte_multilingual_base_768d,cn_def,256,孩,亥,子,ROOT-4EA5,5,嬰,974,0,0,0,1053,包,1008,0,0,0,-34,0,0,1008,0.51800025,0.5003581047058105,-0.0176421403884887
gte_multilingual_base_768d,cn_def,257,核,亥,木,ROOT-4EA5,139,米,856,0,0,0,1053,固,871,0,0,0,-15,0,0,871,0.51132035,0.5401100516319275,0.0287896990776062
gte_multilingual_base_768d,cn_def,258,欬,亥,欠,ROOT-4EA5,13,至,949,0,0,0,1053,虞,986,0,0,0,-37,0,0,986,0.4860933,0.4990751445293426,0.0129818320274353
gte_multilingual_base_768d,cn_def,259,該,亥,言,ROOT-4EA5,95,宜,986,0,0,0,1053,宜,907,0,0,0,79,0,0,907,0.52724373,0.5659894943237305,0.0387457609176635
gte_multilingual_base_768d,cn_def,260,閡,亥,門,ROOT-4EA5,19,絕,969,0,0,0,1053,絕,873,0,0,0,96,0,0,873,0.5199597,0.5505720376968384,0.0306123495101928
gte_multilingual_base_768d,cn_def,261,頦,亥,頁,ROOT-4EA5,27,脣,288,0,0,0,1053,脣,245,0,0,0,43,0,0,245,0.5729163,0.584987461566925,0.0120711326599121
gte_multilingual_base_768d,cn_def,262,駭,亥,馬,ROOT-4EA5,34,畏,999,0,0,0,1053,畏,997,0,0,0,2,0,0,997,0.4951562,0.4970598220825195,0.001903623342514
gte_multilingual_base_768d,cn_def,263,骸,亥,骨,ROOT-4EA5,5,節,696,0,0,0,1053,廣,545,0,0,0,151,0,0,545,0.5985422,0.6639578342437744,0.065415620803833
gte_multilingual_base_768d,cn_def,398,完,元,宀,ROOT-5143,19,完,195,0,0,0,1053,完,91,0,0,0,104,0,0,91,0.6742352,0.6669694185256958,-0.0072658061981201
gte_multilingual_base_768d,cn_def,404,沅,元,氵,ROOT-5143,185,沮,353,0,0,0,1053,贛,261,0,0,0,92,0,0,261,0.4817937,0.532223105430603,0.0504294037818908
gte_multilingual_base_768d,cn_def,405,玩,元,王,ROOT-5143,44,敖,399,0,0,0,1053,敖,334,0,0,0,65,0,0,334,0.6043902,0.5805903673171997,-0.0237998366355896
gte_multilingual_base_768d,cn_def,407,阮,元,阝,ROOT-5143,47,潘,298,0,0,0,1053,潘,288,0,0,0,10,0,0,288,0.540358,0.549924373626709,0.0095663666725158
gte_multilingual_base_768d,cn_def,408,頑,元,頁,ROOT-5143,27,固,333,0,0,0,1053,固,544,0,0,0,-211,0,0,544,0.65916544,0.6079196929931641,-0.0512457489967346
gte_multilingual_base_768d,cn_def,433,偈,曷,亻,ROOT-5303,126,敏,602,0,0,0,1053,敏,606,0,0,0,-4,0,0,606,0.5925293,0.5945269465446472,0.0019976496696472
gte_multilingual_base_768d,cn_def,434,喝,曷,口,ROOT-5303,113,湯,640,0,0,0,1053,湯,642,0,0,0,-2,0,0,642,0.58703554,0.5997295379638672,0.0126940011978149
gte_multilingual_base_768d,cn_def,435,愒,曷,忄,ROOT-5303,79,乞,861,0,0,0,1053,乞,848,0,0,0,13,0,0,848,0.56710076,0.568962812423706,0.0018620491027832
gte_multilingual_base_768d,cn_def,436,揭,曷,扌,ROOT-5303,138,陟,535,0,0,0,1053,昌,469,0,0,0,66,0,0,469,0.60016716,0.6120097637176514,0.0118426084518432
gte_multilingual_base_768d,cn_def,437,歇,曷,欠,ROOT-5303,13,歇,930,0,0,0,1053,歇,889,0,0,0,41,0,0,889,0.47662202,0.4977791309356689,0.0211571156978607
gte_multilingual_base_768d,cn_def,439,渴,曷,氵,ROOT-5303,185,味,775,0,0,0,1053,味,762,0,0,0,13,0,0,762,0.5505044,0.5592897534370422,0.0087853670120239
gte_multilingual_base_768d,cn_def,440,碣,曷,石,ROOT-5303,38,札,265,0,0,0,1053,奉,220,0,0,0,45,0,0,220,0.6182405,0.6475685834884644,0.0293281078338623
gte_multilingual_base_768d,cn_def,441,竭,曷,立,ROOT-5303,3,匱,402,0,0,0,1053,匱,373,0,0,0,29,0,0,373,0.6396653,0.5960535407066345,-0.0436117649078369
gte_multilingual_base_768d,cn_def,443,葛,曷,艹,ROOT-5303,150,葛,727,0,0,0,1053,葛,748,0,0,0,-21,0,0,748,0.5113034,0.5554230809211731,0.044119656085968
gte_multilingual_base_768d,cn_def,444,褐,曷,衤,ROOT-5303,33,豐,998,0,0,0,1053,豐,893,0,0,0,105,0,0,893,0.4421256,0.5233699083328247,0.0812443196773529
gte_multilingual_base_768d,cn_def,445,謁,曷,言,ROOT-5303,95,謁,345,0,0,0,1053,謁,366,0,0,0,-21,0,0,366,0.61328804,0.6086036562919617,-0.0046843886375427
gte_multilingual_base_768d,cn_def,448,遏,曷,辶,ROOT-5303,51,弭,510,0,0,0,1053,絕,436,0,0,0,74,0,0,436,0.52492374,0.5442683100700378,0.0193445682525634
gte_multilingual_base_768d,cn_def,1158,佳,圭,亻,ROOT-572D,126,臧,854,0,0,0,1053,臧,852,0,0,0,2,0,0,852,0.4489527,0.4500871896743774,0.0011344850063323
gte_multilingual_base_768d,cn_def,1162,哇,圭,口,ROOT-572D,113,憂,514,0,0,0,1053,憂,510,0,0,0,4,0,0,510,0.57760245,0.627423882484436,0.0498214364051818
gte_multilingual_base_768d,cn_def,1163,奎,圭,大,ROOT-572D,3,婁,71,0,0,0,1053,婁,55,0,0,0,16,0,0,55,0.5692992,0.5053055882453918,-0.0639936327934265
gte_multilingual_base_768d,cn_def,1164,娃,圭,女,ROOT-572D,68,幼,1008,0,0,0,1053,幼,1032,0,0,0,-24,0,0,1032,0.46077913,0.4541139602661133,-0.0066651701927185
gte_multilingual_base_768d,cn_def,1165,恚,圭,心,ROOT-572D,43,忌,789,0,0,0,1053,忌,745,0,0,0,44,0,0,745,0.5486791,0.5960797071456909,0.0474005937576293
gte_multilingual_base_768d,cn_def,1166,桂,圭,木,ROOT-572D,139,棘,285,0,0,0,1053,棘,513,0,0,0,-228,0,0,513,0.5808042,0.5879151821136475,0.0071109533309936
gte_multilingual_base_768d,cn_def,1167,珪,圭,王,ROOT-572D,44,雝,108,0,0,0,1053,雝,755,0,0,0,-647,0,0,755,0.58968586,0.5282282829284668,-0.0614575743675231
gte_multilingual_base_768d,cn_def,1168,畦,圭,田,ROOT-572D,9,荒,896,0,0,0,1053,荒,991,0,0,0,-95,0,0,991,0.5051477,0.5023146867752075,-0.0028330087661743
gte_multilingual_base_768d,cn_def,1169,蛙,圭,虫,ROOT-572D,76,魚,630,0,0,0,1053,魚,708,0,0,0,-78,0,0,708,0.5747915,0.5806877017021179,0.0058962106704711
gte_multilingual_base_768d,cn_def,1170,街,圭,行,ROOT-572D,4,店,553,0,0,0,1053,店,918,0,0,0,-365,0,0,918,0.53020245,0.4124089181423187,-0.1177935302257537
gte_multilingual_base_768d,cn_def,1171,閨,圭,門,ROOT-572D,19,宅,577,0,0,0,1053,宅,616,0,0,0,-39,0,0,616,0.5152637,0.4893931448459625,-0.025870531797409
gte_multilingual_base_768d,cn_def,1172,鞋,圭,革,ROOT-572D,12,衣,229,0,0,0,1053,走,803,0,0,0,-574,0,0,803,0.6350392,0.5605726838111877,-0.0744665265083313
gte_multilingual_base_768d,cn_def,1176,僥,堯,亻,ROOT-582F,126,幸,187,0,0,0,1053,幸,122,0,0,0,65,0,0,122,0.6010982,0.6144136190414429,0.0133154392242431
gte_multilingual_base_768d,cn_def,1177,嬈,堯,女,ROOT-582F,68,旖,98,0,0,0,1053,旖,66,0,0,0,32,0,0,66,0.6781852,0.7085091471672058,0.0303239226341247
gte_multilingual_base_768d,cn_def,1178,撓,堯,扌,ROOT-582F,138,絕,699,0,0,0,1053,迷,690,0,0,0,9,0,0,690,0.5754581,0.5804489254951477,0.004990816116333
gte_multilingual_base_768d,cn_def,1179,曉,堯,日,ROOT-582F,42,旦,92,0,0,0,1053,旦,78,0,0,0,14,0,0,78,0.6779455,0.7036060094833374,0.0256605148315429
gte_multilingual_base_768d,cn_def,1180,橈,堯,木,ROOT-582F,139,舟,60,0,0,0,1053,舟,145,0,0,0,-85,0,0,145,0.69328856,0.6707675457000732,-0.0225210189819335
gte_multilingual_base_768d,cn_def,1181,澆,堯,氵,ROOT-582F,185,沾,50,0,0,0,1053,垂,42,0,0,0,8,0,0,42,0.70171016,0.7335608005523682,0.0318506360054016
gte_multilingual_base_768d,cn_def,1182,燒,堯,火,ROOT-582F,34,烝,182,0,0,0,1053,烝,262,0,0,0,-80,0,0,262,0.66377854,0.6774516105651855,0.0136730670928955
gte_multilingual_base_768d,cn_def,1183,繞,堯,糸,ROOT-582F,97,繫,449,0,0,0,1053,連,566,0,0,0,-117,0,0,566,0.61822265,0.6125776767730713,-0.0056449770927429
gte_multilingual_base_768d,cn_def,1184,翹,堯,羽,ROOT-582F,13,展,12,0,0,0,1053,益,19,0,0,0,-7,0,0,19,0.75674284,0.6923584342002869,-0.0643844008445739
gte_multilingual_base_768d,cn_def,1185,蟯,堯,虫,ROOT-582F,76,蚤,391,0,0,0,1053,微,537,0,0,0,-146,0,0,537,0.588112,0.6226977705955505,0.0345857739448547
gte_multilingual_base_768d,cn_def,1186,遶,堯,辶,ROOT-582F,51,旋,741,0,0,0,1053,旋,749,0,0,0,-8,0,0,749,0.55451274,0.5619226694107056,0.007409930229187
gte_multilingual_base_768d,cn_def,1187,鐃,堯,釒,ROOT-582F,85,奏,344,0,0,0,1053,奏,490,0,0,0,-146,0,0,490,0.61357975,0.614640474319458,0.0010607242584228
gte_multilingual_base_768d,cn_def,1188,饒,堯,飠,ROOT-582F,21,禁,528,0,0,0,1053,禁,427,0,0,0,101,0,0,427,0.6073431,0.6039031744003296,-0.0034399032592773
gte_multilingual_base_768d,cn_def,1189,驍,堯,馬,ROOT-582F,34,賁,120,0,0,0,1053,賁,214,0,0,0,-94,0,0,214,0.64061534,0.601873517036438,-0.0387418270111084
gte_multilingual_base_768d,cn_def,1536,冶,台,冫,ROOT-382F,5,斗,854,0,0,0,1053,鬲,646,0,0,0,208,0,0,646,0.52934617,0.5248464345932007,-0.0044997334480285
gte_multilingual_base_768d,cn_def,1537,始,台,女,ROOT-382F,68,夕,556,0,0,0,1053,夕,595,0,0,0,-39,0,0,595,0.6060686,0.5773613452911377,-0.0287072658538818
gte_multilingual_base_768d,cn_def,1538,怠,台,心,ROOT-382F,43,勤,778,0,0,0,1053,勤,789,0,0,0,-11,0,0,789,0.5842222,0.5828174352645874,-0.0014047622680664
gte_multilingual_base_768d,cn_def,1539,怡,台,忄,ROOT-382F,79,欣,570,0,0,0,1053,欣,637,0,0,0,-67,0,0,637,0.58114105,0.5867160558700562,0.0055750012397766
gte_multilingual_base_768d,cn_def,1540,殆,台,歹,ROOT-382F,10,畏,759,0,0,0,1053,畏,655,0,0,0,104,0,0,655,0.5846588,0.5788300037384033,-0.0058287978172302
gte_multilingual_base_768d,cn_def,1541,治,台,氵,ROOT-382F,185,則,708,0,0,0,1053,則,512,0,0,0,196,0,0,512,0.5712657,0.5726752281188965,0.0014095306396484
gte_multilingual_base_768d,cn_def,1542,笞,台,竹,ROOT-382F,60,打,915,0,0,0,1053,打,965,0,0,0,-50,0,0,965,0.525813,0.5492603778839111,0.0234473943710327
gte_multilingual_base_768d,cn_def,1543,紿,台,糸,ROOT-382F,97,欺,683,0,0,0,1053,欺,416,0,0,0,267,0,0,416,0.56080276,0.5653859972953796,0.0045832395553588
gte_multilingual_base_768d,cn_def,1544,胎,台,肉,ROOT-382F,69,母,655,0,0,0,1053,母,547,0,0,0,108,0,0,547,0.5558716,0.5909071564674377,0.0350355505943298
gte_multilingual_base_768d,cn_def,1545,苔,台,艹,ROOT-382F,150,竹,750,0,0,0,1053,幾,733,0,0,0,17,0,0,733,0.50586677,0.568558931350708,0.0626921653747558
gte_multilingual_base_768d,cn_def,1546,貽,台,貝,ROOT-382F,28,畀,621,0,0,0,1053,畀,494,0,0,0,127,0,0,494,0.57690257,0.6274513006210327,0.0505487322807312
gte_multilingual_base_768d,cn_def,1547,邰,台,阝,ROOT-382F,47,燕,935,0,0,0,1053,燕,848,0,0,0,87,0,0,848,0.463806,0.5126978754997253,0.0488918721675872
gte_multilingual_base_768d,cn_def,1548,颱,台,風,ROOT-382F,3,炎,704,0,0,0,1053,占,502,0,0,0,202,0,0,502,0.49339086,0.5104825496673584,0.017091691493988
gte_multilingual_base_768d,cn_def,1549,飴,台,飠,ROOT-382F,21,甘,803,0,0,0,1053,甘,704,0,0,0,99,0,0,704,0.52938944,0.5749375820159912,0.045548141002655
gte_multilingual_base_768d,cn_def,1550,駘,台,馬,ROOT-382F,34,弱,802,0,0,0,1053,弱,754,0,0,0,48,0,0,754,0.5133969,0.5399430394172668,0.0265461206436157
gte_multilingual_base_768d,cn_def,1579,啻,帝,口,ROOT-5E1D,113,只,1017,0,0,0,1053,只,1013,0,0,0,4,0,0,1013,0.42367256,0.4281330108642578,0.0044604539871215
gte_multilingual_base_768d,cn_def,1580,啼,帝,口,ROOT-5E1D,113,害,936,0,0,0,1053,害,903,0,0,0,33,0,0,903,0.4988106,0.5287001729011536,0.0298895835876464
gte_multilingual_base_768d,cn_def,1581,締,帝,糸,ROOT-5E1D,97,建,961,0,0,0,1053,分,933,0,0,0,28,0,0,933,0.5242617,0.525628387928009,0.0013666749000549
gte_multilingual_base_768d,cn_def,1582,蒂,帝,艹,ROOT-5E1D,150,節,1050,0,0,0,1053,末,1038,0,0,0,12,0,0,1038,0.39965928,0.44876629114151,0.049107015132904
gte_multilingual_base_768d,cn_def,1583,諦,帝,言,ROOT-5E1D,95,知,903,0,0,0,1053,侖,920,0,0,0,-17,0,0,920,0.521811,0.5266323089599609,0.0048213005065917
gte_multilingual_base_768d,cn_def,1584,蹄,帝,𧾷,ROOT-5E1D,47,爪,1042,0,0,0,1053,角,1040,0,0,0,2,0,0,1040,0.43147835,0.4316486120223999,0.0001702606678009
gte_multilingual_base_768d,cn_def,2028,欄,闌,木,ROOT-67EC,139,樊,14,0,0,0,1053,樊,58,0,0,0,-44,0,0,58,0.7388623,0.6795454025268555,-0.059316873550415
gte_multilingual_base_768d,cn_def,2029,瀾,闌,氵,ROOT-67EC,185,丕,140,0,0,0,1053,丕,133,0,0,0,7,0,0,133,0.56517726,0.5879549384117126,0.0227776765823364
gte_multilingual_base_768d,cn_def,2030,爛,闌,火,ROOT-67EC,34,艮,431,0,0,0,1053,艮,392,0,0,0,39,0,0,392,0.61761093,0.6434648036956787,0.0258538722991943
gte_multilingual_base_768d,cn_def,2031,蘭,闌,艹,ROOT-67EC,150,蘭,434,0,0,0,1053,蘭,495,0,0,0,-61,0,0,495,0.5885312,0.6366903781890869,0.0481591820716857
gte_multilingual_base_768d,cn_def,2305,倩,青,亻,ROOT-9752,126,旨,340,0,0,0,1053,旨,293,0,0,0,47,0,0,293,0.5241093,0.5308651924133301,0.0067558884620666
gte_multilingual_base_768d,cn_def,2306,情,青,忄,ROOT-9752,79,欲,104,0,0,0,1053,波,77,0,0,0,27,0,0,77,0.6113881,0.6247844696044922,0.0133963823318481
gte_multilingual_base_768d,cn_def,2307,晴,青,日,ROOT-9752,42,景,22,0,0,0,1053,風,16,0,0,0,6,0,0,16,0.7300167,0.7409846782684326,0.0109679698944091
gte_multilingual_base_768d,cn_def,2308,猜,青,犭,ROOT-9752,27,知,652,0,0,0,1053,知,700,0,0,0,-48,0,0,700,0.5606713,0.5304514765739441,-0.0302198529243469
gte_multilingual_base_768d,cn_def,2309,睛,青,目,ROOT-9752,31,見,835,0,0,0,1053,盧,902,0,0,0,-67,0,0,902,0.4891011,0.547748327255249,0.0586472153663635
gte_multilingual_base_768d,cn_def,2310,精,青,米,ROOT-9752,16,扁,106,0,0,0,1053,廣,116,0,0,0,-10,0,0,116,0.69754755,0.6719295978546143,-0.0256179571151733
gte_multilingual_base_768d,cn_def,2311,菁,青,艹,ROOT-9752,150,臧,233,0,0,0,1053,臧,762,0,0,0,-529,0,0,762,0.56198096,0.4695494174957275,-0.0924315452575683
gte_multilingual_base_768d,cn_def,2312,蜻,青,虫,ROOT-9752,76,蚤,127,0,0,0,1053,單,183,0,0,0,-56,0,0,183,0.6234704,0.6475342512130737,0.0240638256072998
gte_multilingual_base_768d,cn_def,2313,請,青,言,ROOT-9752,95,臣,529,0,0,0,1053,臣,453,0,0,0,76,0,0,453,0.5821142,0.5776424407958984,-0.0044717788696289
gte_multilingual_base_768d,cn_def,2314,靖,青,立,ROOT-9752,3,寧,494,0,0,0,1053,寧,556,0,0,0,-62,0,0,556,0.49067932,0.421943187713623,-0.0687361359596252
gte_multilingual_base_768d,cn_def,2315,靚,青,見,ROOT-9752,3,丰,73,0,0,0,1053,赫,52,0,0,0,21,0,0,52,0.69110966,0.6401377320289612,-0.0509719252586364
gte_multilingual_base_768d,cn_def,2317,鯖,青,魚,ROOT-9752,19,尾,195,0,0,0,1053,前,314,0,0,0,-119,0,0,314,0.52672464,0.5547417402267456,0.0280171036720275
gte_multilingual_base_768d,cn_def,2725,涂,余,氵,ROOT-4F59,185,涂,601,0,0,0,1053,涂,448,0,0,0,153,0,0,448,0.5731987,0.591712474822998,0.018513798713684
gte_multilingual_base_768d,cn_def,2726,徐,余,彳,ROOT-4F59,13,冉,775,0,0,0,1053,冉,746,0,0,0,29,0,0,746,0.57825714,0.5691134929656982,-0.0091436505317687
gte_multilingual_base_768d,cn_def,2727,斜,余,斗,ROOT-4F59,4,仄,790,0,0,0,1053,句,806,0,0,0,-16,0,0,806,0.5410985,0.4907816052436828,-0.0503168702125549
gte_multilingual_base_768d,cn_def,2729,畬,余,田,ROOT-4F59,9,農,785,0,0,0,1053,代,525,0,0,0,260,0,0,525,0.5393102,0.5808110237121582,0.0415008068084716
gte_multilingual_base_768d,cn_def,2730,荼,余,艹,ROOT-4F59,150,禾,1036,0,0,0,1053,禾,1014,0,0,0,22,0,0,1014,0.3980875,0.4714331030845642,0.0733456015586853
gte_multilingual_base_768d,cn_def,2731,蜍,余,虫,ROOT-4F59,76,貝,826,0,0,0,1053,淫,755,0,0,0,71,0,0,755,0.4758556,0.5051209926605225,0.0292654037475585
gte_multilingual_base_768d,cn_def,2732,途,余,辶,ROOT-4F59,51,涂,994,0,0,0,1053,涂,1011,0,0,0,-17,0,0,1011,0.4554495,0.4825228750705719,0.0270733833312988
gte_multilingual_base_768d,cn_def,2733,除,余,阝,ROOT-4F59,47,除,782,0,0,0,1053,除,662,0,0,0,120,0,0,662,0.48191705,0.484055608510971,0.0021385550498962
gte_multilingual_base_768d,cn_def,2734,餘,余,飠,ROOT-4F59,21,沓,692,0,0,0,1053,豐,302,0,0,0,390,0,0,302,0.46032327,0.4970654249191284,0.0367421507835388
gte_multilingual_base_768d,cn_def,2919,娠,辰,女,ROOT-8FB0,68,養,918,0,0,0,1053,及,876,0,0,0,42,0,0,876,0.54409856,0.5608606338500977,0.0167620778083801
gte_multilingual_base_768d,cn_def,2920,宸,辰,宀,ROOT-8FB0,19,冥,273,0,0,0,1053,冥,33,0,0,0,240,0,0,33,0.5137074,0.567323625087738,0.0536162257194519
gte_multilingual_base_768d,cn_def,2921,振,辰,扌,ROOT-8FB0,138,拾,1043,0,0,0,1053,張,1031,0,0,0,12,0,0,1031,0.4757025,0.5038312673568726,0.0281287729740142
gte_multilingual_base_768d,cn_def,2922,晨,辰,日,ROOT-8FB0,42,晨,882,0,0,0,1053,晨,867,0,0,0,15,0,0,867,0.49827778,0.5301381349563599,0.0318603515625
gte_multilingual_base_768d,cn_def,2923,脣,辰,肉,ROOT-8FB0,69,脣,964,0,0,0,1053,脣,973,0,0,0,-9,0,0,973,0.48057956,0.5250247716903687,0.0444452166557312
gte_multilingual_base_768d,cn_def,2924,蜃,辰,虫,ROOT-8FB0,76,條,960,0,0,0,1053,溥,1004,0,0,0,-44,0,0,1004,0.4833786,0.4926634728908539,0.009284883737564
gte_multilingual_base_768d,cn_def,2925,賑,辰,貝,ROOT-8FB0,28,養,1027,0,0,0,1053,宣,1003,0,0,0,24,0,0,1003,0.47416723,0.496697723865509,0.0225304961204528
gte_multilingual_base_768d,cn_def,2926,震,辰,雨,ROOT-8FB0,21,害,832,0,0,0,1053,打,860,0,0,0,-28,0,0,860,0.55462205,0.5721539258956909,0.0175318717956542
gte_multilingual_base_768d,cn_def,3158,掂,店,扌,ROOT-5360,138,輕,482,0,0,0,1053,輕,597,0,0,0,-115,0,0,597,0.6221745,0.6230905652046204,0.0009160637855529
gte_multilingual_base_768d,cn_def,3159,惦,店,忄,ROOT-5360,79,念,752,0,0,0,1053,念,561,0,0,0,191,0,0,561,0.5522404,0.5907077789306641,0.0384674072265625
gte_multilingual_base_768d,en_def_translated_cn_def,31,儐,賓,亻,ROOT-219CD,126,貢,3,0,1,1,1053,客,2,0,1,1,1,0,0,2,0.7519869,0.7556736469268799,0.0036867260932922
gte_multilingual_base_768d,en_def_translated_cn_def,32,嬪,賓,女,ROOT-219CD,68,羲,197,0,0,0,1053,羲,283,0,0,0,-86,0,0,283,0.5442949,0.5481059551239014,0.0038110613822937
gte_multilingual_base_768d,en_def_translated_cn_def,33,擯,賓,扌,ROOT-219CD,138,別,118,0,0,0,1053,別,73,0,0,0,45,0,0,73,0.63789487,0.6463068723678589,0.0084120035171508
gte_multilingual_base_768d,en_def_translated_cn_def,34,檳,賓,木,ROOT-219CD,139,青,715,0,0,0,1053,青,738,0,0,0,-23,0,0,738,0.4750294,0.5095416903495789,0.0345122814178466
gte_multilingual_base_768d,en_def_translated_cn_def,35,殯,賓,歹,ROOT-219CD,10,尸,378,0,0,0,1053,平,306,0,0,0,72,0,0,306,0.36791682,0.3383674323558807,-0.0295493900775909
gte_multilingual_base_768d,en_def_translated_cn_def,36,濱,賓,氵,ROOT-219CD,185,浦,161,0,0,0,1053,浦,63,0,0,0,98,0,0,63,0.56653726,0.6164976358413696,0.0499603748321533
gte_multilingual_base_768d,en_def_translated_cn_def,37,繽,賓,糸,ROOT-219CD,97,亂,626,0,0,0,1053,昌,473,0,0,0,153,0,0,473,0.53358066,0.5502378940582275,0.0166572332382202
gte_multilingual_base_768d,en_def_translated_cn_def,38,鬢,賓,髟,ROOT-219CD,10,眉,282,0,0,0,1053,眉,242,0,0,0,40,0,0,242,0.57859945,0.6312592625617981,0.0526598095893859
gte_multilingual_base_768d,en_def_translated_cn_def,252,刻,亥,刂,ROOT-4EA5,19,翰,717,0,0,0,1053,翰,311,0,0,0,406,0,0,311,0.5423623,0.5952447652816772,0.0528824925422668
gte_multilingual_base_768d,en_def_translated_cn_def,253,劾,亥,力,ROOT-4EA5,15,姦,688,0,0,0,1053,姦,587,0,0,0,101,0,0,587,0.4763301,0.4595851302146911,-0.0167449712753295
gte_multilingual_base_768d,en_def_translated_cn_def,254,咳,亥,口,ROOT-4EA5,113,息,302,0,0,0,1053,息,107,0,0,0,195,0,0,107,0.5095379,0.5656495690345764,0.0561116933822631
gte_multilingual_base_768d,en_def_translated_cn_def,255,垓,亥,土,ROOT-4EA5,65,蕭,89,0,0,0,1053,蕭,67,0,0,0,22,0,0,67,0.6065275,0.6264986395835876,0.0199711322784423
gte_multilingual_base_768d,en_def_translated_cn_def,256,孩,亥,子,ROOT-4EA5,5,嬰,314,0,0,0,1053,丸,719,0,0,0,-405,0,0,719,0.5416031,0.541883111000061,0.0002800226211547
gte_multilingual_base_768d,en_def_translated_cn_def,257,核,亥,木,ROOT-4EA5,139,米,79,0,0,0,1053,秀,90,0,0,0,-11,0,0,90,0.6255992,0.6244814395904541,-0.0011177659034729
gte_multilingual_base_768d,en_def_translated_cn_def,258,欬,亥,欠,ROOT-4EA5,13,息,776,0,0,0,1053,息,637,0,0,0,139,0,0,637,0.530699,0.544593870639801,0.0138948559761047
gte_multilingual_base_768d,en_def_translated_cn_def,259,該,亥,言,ROOT-4EA5,95,宜,452,0,0,0,1053,宜,195,0,0,0,257,0,0,195,0.5308001,0.5586113333702087,0.0278112292289733
gte_multilingual_base_768d,en_def_translated_cn_def,260,閡,亥,門,ROOT-4EA5,19,免,832,0,0,0,1053,免,651,0,0,0,181,0,0,651,0.4980794,0.5103899836540222,0.0123105943202972
gte_multilingual_base_768d,en_def_translated_cn_def,261,頦,亥,頁,ROOT-4EA5,27,領,450,0,0,0,1053,牙,455,0,0,0,-5,0,0,455,0.5631485,0.5760558843612671,0.0129073858261108
gte_multilingual_base_768d,en_def_translated_cn_def,262,駭,亥,馬,ROOT-4EA5,34,畏,498,0,0,0,1053,迷,379,0,0,0,119,0,0,379,0.5205057,0.5329411029815674,0.0124353766441345
gte_multilingual_base_768d,en_def_translated_cn_def,263,骸,亥,骨,ROOT-4EA5,5,肉,204,0,0,0,1053,寬,396,0,0,0,-192,0,0,396,0.578743,0.642757773399353,0.0640147924423217
gte_multilingual_base_768d,en_def_translated_cn_def,398,完,元,宀,ROOT-5143,19,完,165,0,0,0,1053,完,92,0,0,0,73,0,0,92,0.5688971,0.5800787210464478,0.0111815929412841
gte_multilingual_base_768d,en_def_translated_cn_def,404,沅,元,氵,ROOT-5143,185,贛,228,0,0,0,1053,贛,272,0,0,0,-44,0,0,272,0.57239705,0.6040833592414856,0.0316863059997558
gte_multilingual_base_768d,en_def_translated_cn_def,405,玩,元,王,ROOT-5143,44,敖,342,0,0,0,1053,敖,330,0,0,0,12,0,0,330,0.5647548,0.5480306148529053,-0.0167241692543029
gte_multilingual_base_768d,en_def_translated_cn_def,407,阮,元,阝,ROOT-5143,47,彭,662,0,0,0,1053,彭,654,0,0,0,8,0,0,654,0.5158655,0.523098349571228,0.0072328448295593
gte_multilingual_base_768d,en_def_translated_cn_def,408,頑,元,頁,ROOT-5143,27,虐,756,0,0,0,1053,虐,940,0,0,0,-184,0,0,940,0.49638098,0.445700466632843,-0.0506805181503295
gte_multilingual_base_768d,en_def_translated_cn_def,433,偈,曷,亻,ROOT-5303,126,畜,997,0,0,0,1053,畜,1003,0,0,0,-6,0,0,1003,0.4823053,0.4833219647407532,0.0010166764259338
gte_multilingual_base_768d,en_def_translated_cn_def,434,喝,曷,口,ROOT-5303,113,舀,733,0,0,0,1053,舀,849,0,0,0,-116,0,0,849,0.5241426,0.5281839370727539,0.004041314125061
gte_multilingual_base_768d,en_def_translated_cn_def,435,愒,曷,忄,ROOT-5303,79,夸,909,0,0,0,1053,夸,861,0,0,0,48,0,0,861,0.49846727,0.4936631321907043,-0.0048041343688964
gte_multilingual_base_768d,en_def_translated_cn_def,436,揭,曷,扌,ROOT-5303,138,畜,307,0,0,0,1053,畜,305,0,0,0,2,0,0,305,0.56848824,0.5820449590682983,0.0135567188262939
gte_multilingual_base_768d,en_def_translated_cn_def,437,歇,曷,欠,ROOT-5303,13,歇,742,0,0,0,1053,歇,769,0,0,0,-27,0,0,769,0.53470874,0.5240426659584045,-0.0106660723686218
gte_multilingual_base_768d,en_def_translated_cn_def,439,渴,曷,氵,ROOT-5303,185,味,689,0,0,0,1053,味,685,0,0,0,4,0,0,685,0.5445601,0.5632857084274292,0.0187256336212158
gte_multilingual_base_768d,en_def_translated_cn_def,440,碣,曷,石,ROOT-5303,38,札,648,0,0,0,1053,豪,627,0,0,0,21,0,0,627,0.5401589,0.5700255632400513,0.0298666357994079
gte_multilingual_base_768d,en_def_translated_cn_def,441,竭,曷,立,ROOT-5303,3,匱,895,0,0,0,1053,匱,191,0,0,0,704,0,0,191,0.5055587,0.5335674285888672,0.0280086994171142
gte_multilingual_base_768d,en_def_translated_cn_def,443,葛,曷,艹,ROOT-5303,150,葛,449,0,0,0,1053,葛,624,0,0,0,-175,0,0,624,0.48318517,0.5335149168968201,0.0503297448158264
gte_multilingual_base_768d,en_def_translated_cn_def,444,褐,曷,衤,ROOT-5303,33,布,1026,0,0,0,1053,土,1013,0,0,0,13,0,0,1013,0.46729726,0.5081027150154114,0.0408054590225219
gte_multilingual_base_768d,en_def_translated_cn_def,445,謁,曷,言,ROOT-5303,95,謁,418,0,0,0,1053,謁,357,0,0,0,61,0,0,357,0.5683075,0.581386923789978,0.0130794048309326
gte_multilingual_base_768d,en_def_translated_cn_def,448,遏,曷,辶,ROOT-5303,51,蒙,612,0,0,0,1053,蒙,454,0,0,0,158,0,0,454,0.5555821,0.5545240044593811,-0.0010581016540527
gte_multilingual_base_768d,en_def_translated_cn_def,1158,佳,圭,亻,ROOT-572D,126,卓,927,0,0,0,1053,卓,949,0,0,0,-22,0,0,949,0.46767876,0.4580911993980407,-0.0095875561237335
gte_multilingual_base_768d,en_def_translated_cn_def,1162,哇,圭,口,ROOT-572D,113,呂,1003,0,0,0,1053,呂,997,0,0,0,6,0,0,997,0.47247982,0.5159130692481995,0.0434332489967346
gte_multilingual_base_768d,en_def_translated_cn_def,1163,奎,圭,大,ROOT-572D,3,婁,68,0,0,0,1053,婁,14,0,0,0,54,0,0,14,0.5617981,0.5524555444717407,-0.0093425512313842
gte_multilingual_base_768d,en_def_translated_cn_def,1164,娃,圭,女,ROOT-572D,68,幼,1017,0,0,0,1053,幼,1018,0,0,0,-1,0,0,1018,0.4817341,0.4756441116333008,-0.0060899853706359
gte_multilingual_base_768d,en_def_translated_cn_def,1165,恚,圭,心,ROOT-572D,43,尤,1015,0,0,0,1053,尤,995,0,0,0,20,0,0,995,0.4594937,0.5003460645675659,0.0408523678779602
gte_multilingual_base_768d,en_def_translated_cn_def,1166,桂,圭,木,ROOT-572D,139,棘,864,0,0,0,1053,棘,921,0,0,0,-57,0,0,921,0.45675692,0.4888097643852234,0.0320528447628021
gte_multilingual_base_768d,en_def_translated_cn_def,1167,珪,圭,王,ROOT-572D,44,敏,998,0,0,0,1053,敏,1042,0,0,0,-44,0,0,1042,0.46370214,0.4013956785202026,-0.0623064637184143
gte_multilingual_base_768d,en_def_translated_cn_def,1168,畦,圭,田,ROOT-572D,9,荒,1046,0,0,0,1053,瓠,1036,0,0,0,10,0,0,1036,0.38818607,0.401724249124527,0.0135381817817687
gte_multilingual_base_768d,en_def_translated_cn_def,1169,蛙,圭,虫,ROOT-572D,76,魚,1015,0,0,0,1053,魚,1017,0,0,0,-2,0,0,1017,0.42323017,0.478105753660202,0.0548755824565887
gte_multilingual_base_768d,en_def_translated_cn_def,1170,街,圭,行,ROOT-572D,4,閻,989,0,0,0,1053,里,1050,0,0,0,-61,0,0,1050,0.35313624,0.243802011013031,-0.1093342304229736
gte_multilingual_base_768d,en_def_translated_cn_def,1171,閨,圭,門,ROOT-572D,19,殿,601,0,0,0,1053,堂,381,0,0,0,220,0,0,381,0.4683681,0.4848760962486267,0.0165079832077026
gte_multilingual_base_768d,en_def_translated_cn_def,1172,鞋,圭,革,ROOT-572D,12,走,1045,0,0,0,1053,走,1051,0,0,0,-6,0,0,1051,0.38715297,0.3191559612751007,-0.067997008562088
gte_multilingual_base_768d,en_def_translated_cn_def,1176,僥,堯,亻,ROOT-582F,126,幸,952,0,0,0,1053,幸,926,0,0,0,26,0,0,926,0.4230672,0.435217797756195,0.0121505856513977
gte_multilingual_base_768d,en_def_translated_cn_def,1177,嬈,堯,女,ROOT-582F,68,旖,565,0,0,0,1053,旖,559,0,0,0,6,0,0,559,0.5407571,0.5656992197036743,0.0249421000480651
gte_multilingual_base_768d,en_def_translated_cn_def,1178,撓,堯,扌,ROOT-582F,138,徹,1025,0,0,0,1053,徹,1004,0,0,0,21,0,0,1004,0.43073225,0.4673546552658081,0.036622405052185
gte_multilingual_base_768d,en_def_translated_cn_def,1179,曉,堯,日,ROOT-582F,42,旦,1006,0,0,0,1053,旦,1034,0,0,0,-28,0,0,1034,0.46062908,0.4671618342399597,0.0065327584743499
gte_multilingual_base_768d,en_def_translated_cn_def,1180,橈,堯,木,ROOT-582F,139,舟,898,0,0,0,1053,舟,982,0,0,0,-84,0,0,982,0.50505495,0.4650172293186188,-0.0400377213954925
gte_multilingual_base_768d,en_def_translated_cn_def,1181,澆,堯,氵,ROOT-582F,185,舀,143,0,0,0,1053,舀,214,0,0,0,-71,0,0,214,0.57881665,0.5940413475036621,0.0152246952056884
gte_multilingual_base_768d,en_def_translated_cn_def,1182,燒,堯,火,ROOT-582F,34,火,1005,0,0,0,1053,弄,1023,0,0,0,-18,0,0,1023,0.45704573,0.4644336104393005,0.0073878765106201
gte_multilingual_base_768d,en_def_translated_cn_def,1183,繞,堯,糸,ROOT-582F,97,屬,916,0,0,0,1053,連,946,0,0,0,-30,0,0,946,0.49978626,0.4999604523181915,0.000174194574356
gte_multilingual_base_768d,en_def_translated_cn_def,1184,翹,堯,羽,ROOT-582F,13,陟,584,0,0,0,1053,陟,669,0,0,0,-85,0,0,669,0.5653448,0.5242121815681458,-0.041132628917694
gte_multilingual_base_768d,en_def_translated_cn_def,1185,蟯,堯,虫,ROOT-582F,76,蟲,1047,0,0,0,1053,糞,1051,0,0,0,-4,0,0,1051,0.39394063,0.4361655116081238,0.0422248840332031
gte_multilingual_base_768d,en_def_translated_cn_def,1186,遶,堯,辶,ROOT-582F,51,回,1047,0,0,0,1053,旋,1047,0,0,0,0,0,0,1047,0.40036443,0.3904723823070526,-0.0098920464515686
gte_multilingual_base_768d,en_def_translated_cn_def,1187,鐃,堯,釒,ROOT-582F,85,咎,672,0,0,0,1053,咎,798,0,0,0,-126,0,0,798,0.49770758,0.5079386234283447,0.0102310478687286
gte_multilingual_base_768d,en_def_translated_cn_def,1188,饒,堯,飠,ROOT-582F,21,辜,1043,0,0,0,1053,別,1040,0,0,0,3,0,0,1040,0.4167522,0.4092986583709717,-0.0074535310268402
gte_multilingual_base_768d,en_def_translated_cn_def,1189,驍,堯,馬,ROOT-582F,34,勇,855,0,0,0,1053,勇,887,0,0,0,-32,0,0,887,0.52827954,0.5231557488441467,-0.0051237940788269
gte_multilingual_base_768d,en_def_translated_cn_def,1536,冶,台,冫,ROOT-382F,5,斗,911,0,0,0,1053,悉,872,0,0,0,39,0,0,872,0.5076939,0.4775461554527282,-0.0301477313041687
gte_multilingual_base_768d,en_def_translated_cn_def,1537,始,台,女,ROOT-382F,68,原,344,0,0,0,1053,原,456,0,0,0,-112,0,0,456,0.55544174,0.5224024653434753,-0.0330392718315124
gte_multilingual_base_768d,en_def_translated_cn_def,1538,怠,台,心,ROOT-382F,43,匱,919,0,0,0,1053,匱,839,0,0,0,80,0,0,839,0.5004638,0.5285844206809998,0.0281206369400024
gte_multilingual_base_768d,en_def_translated_cn_def,1539,怡,台,忄,ROOT-382F,79,欣,793,0,0,0,1053,欣,738,0,0,0,55,0,0,738,0.5218562,0.5409692525863647,0.0191130638122558
gte_multilingual_base_768d,en_def_translated_cn_def,1540,殆,台,歹,ROOT-382F,10,畏,870,0,0,0,1053,畏,575,0,0,0,295,0,0,575,0.49899822,0.526691198348999,0.027692973613739
gte_multilingual_base_768d,en_def_translated_cn_def,1541,治,台,氵,ROOT-382F,185,宰,881,0,0,0,1053,宰,724,0,0,0,157,0,0,724,0.49160463,0.4988279342651367,0.0072233080863952
gte_multilingual_base_768d,en_def_translated_cn_def,1542,笞,台,竹,ROOT-382F,60,筍,1038,0,0,0,1053,壯,994,0,0,0,44,0,0,994,0.44236395,0.5059462785720825,0.0635823309421539
gte_multilingual_base_768d,en_def_translated_cn_def,1543,紿,台,糸,ROOT-382F,97,欺,722,0,0,0,1053,干,555,0,0,0,167,0,0,555,0.520201,0.5281639695167542,0.007962942123413
gte_multilingual_base_768d,en_def_translated_cn_def,1544,胎,台,肉,ROOT-382F,69,嬰,266,0,0,0,1053,胤,280,0,0,0,-14,0,0,280,0.5486997,0.5831660032272339,0.0344663262367248
gte_multilingual_base_768d,en_def_translated_cn_def,1545,苔,台,艹,ROOT-382F,150,竹,593,0,0,0,1053,竹,530,0,0,0,63,0,0,530,0.4927993,0.563732385635376,0.0709330737590789
gte_multilingual_base_768d,en_def_translated_cn_def,1546,貽,台,貝,ROOT-382F,28,致,395,0,0,0,1053,致,168,0,0,0,227,0,0,168,0.5869984,0.6430435180664062,0.056045114994049
gte_multilingual_base_768d,en_def_translated_cn_def,1547,邰,台,阝,ROOT-382F,47,滕,906,0,0,0,1053,滕,731,0,0,0,175,0,0,731,0.41963843,0.482035219669342,0.0623967945575714
gte_multilingual_base_768d,en_def_translated_cn_def,1548,颱,台,風,ROOT-382F,3,波,784,0,0,0,1053,具,612,0,0,0,172,0,0,612,0.4569366,0.457753986120224,0.0008173882961273
gte_multilingual_base_768d,en_def_translated_cn_def,1549,飴,台,飠,ROOT-382F,21,禾,953,0,0,0,1053,禾,789,0,0,0,164,0,0,789,0.4833073,0.5376579165458679,0.0543506145477294
gte_multilingual_base_768d,en_def_translated_cn_def,1550,駘,台,馬,ROOT-382F,34,凡,891,0,0,0,1053,凡,673,0,0,0,218,0,0,673,0.49125856,0.5528097748756409,0.0615512132644653
gte_multilingual_base_768d,en_def_translated_cn_def,1579,啻,帝,口,ROOT-5E1D,113,只,623,0,0,0,1053,只,607,0,0,0,16,0,0,607,0.51489925,0.5212844014167786,0.0063851475715637
gte_multilingual_base_768d,en_def_translated_cn_def,1580,啼,帝,口,ROOT-5E1D,113,覺,565,0,0,0,1053,覺,557,0,0,0,8,0,0,557,0.5848194,0.609815776348114,0.0249963998794555
gte_multilingual_base_768d,en_def_translated_cn_def,1581,締,帝,糸,ROOT-5E1D,97,建,703,0,0,0,1053,建,693,0,0,0,10,0,0,693,0.53843856,0.521501898765564,-0.0169366598129272
gte_multilingual_base_768d,en_def_translated_cn_def,1582,蒂,帝,艹,ROOT-5E1D,150,節,590,0,0,0,1053,肩,418,0,0,0,172,0,0,418,0.5406116,0.581734299659729,0.0411226749420166
gte_multilingual_base_768d,en_def_translated_cn_def,1583,諦,帝,言,ROOT-5E1D,95,因,179,0,0,0,1053,因,149,0,0,0,30,0,0,149,0.59670925,0.60352623462677,0.0068169832229614
gte_multilingual_base_768d,en_def_translated_cn_def,1584,蹄,帝,𧾷,ROOT-5E1D,47,爪,607,0,0,0,1053,睪,470,0,0,0,137,0,0,470,0.5452155,0.5568699240684509,0.0116544365882873
gte_multilingual_base_768d,en_def_translated_cn_def,2028,欄,闌,木,ROOT-67EC,139,聿,237,0,0,0,1053,聿,393,0,0,0,-156,0,0,393,0.5868083,0.5743243098258972,-0.0124840140342712
gte_multilingual_base_768d,en_def_translated_cn_def,2029,瀾,闌,氵,ROOT-67EC,185,波,271,0,0,0,1053,弘,360,0,0,0,-89,0,0,360,0.55203664,0.5626490116119385,0.0106123685836792
gte_multilingual_base_768d,en_def_translated_cn_def,2030,爛,闌,火,ROOT-67EC,34,艮,446,0,0,0,1053,艮,466,0,0,0,-20,0,0,466,0.5105971,0.5109613537788391,0.0003642439842224
gte_multilingual_base_768d,en_def_translated_cn_def,2031,蘭,闌,艹,ROOT-67EC,150,蘭,611,0,0,0,1053,蘭,513,0,0,0,98,0,0,513,0.4893099,0.5735235214233398,0.0842136144638061
gte_multilingual_base_768d,en_def_translated_cn_def,2305,倩,青,亻,ROOT-9752,126,旨,295,0,0,0,1053,旨,227,0,0,0,68,0,0,227,0.5884387,0.5961180329322815,0.0076793432235717
gte_multilingual_base_768d,en_def_translated_cn_def,2306,情,青,忄,ROOT-9752,79,夢,98,0,0,0,1053,夢,51,0,0,0,47,0,0,51,0.55977744,0.5745006203651428,0.0147231817245483
gte_multilingual_base_768d,en_def_translated_cn_def,2307,晴,青,日,ROOT-9752,42,景,23,0,0,0,1053,風,14,0,0,0,9,0,0,14,0.6647466,0.6819950342178345,0.0172484517097473
gte_multilingual_base_768d,en_def_translated_cn_def,2308,猜,青,犭,ROOT-9752,27,巴,373,0,0,0,1053,巴,206,0,0,0,167,0,0,206,0.5730926,0.5734051465988159,0.0003125667572021
gte_multilingual_base_768d,en_def_translated_cn_def,2309,睛,青,目,ROOT-9752,31,丸,758,0,0,0,1053,丸,692,0,0,0,66,0,0,692,0.51266485,0.5605252981185913,0.0478604435920715
gte_multilingual_base_768d,en_def_translated_cn_def,2310,精,青,米,ROOT-9752,16,悉,248,0,0,0,1053,悉,378,0,0,0,-130,0,0,378,0.5901431,0.569840669631958,-0.020302414894104
gte_multilingual_base_768d,en_def_translated_cn_def,2311,菁,青,艹,ROOT-9752,150,卓,297,0,0,0,1053,卓,965,0,0,0,-668,0,0,965,0.5618292,0.4451349973678589,-0.1166942119598388
gte_multilingual_base_768d,en_def_translated_cn_def,2312,蜻,青,虫,ROOT-9752,76,豬,179,0,0,0,1053,翼,598,0,0,0,-419,0,0,598,0.51988757,0.531521201133728,0.0116336345672607
gte_multilingual_base_768d,en_def_translated_cn_def,2313,請,青,言,ROOT-9752,95,丞,923,0,0,0,1053,丞,743,0,0,0,180,0,0,743,0.41862518,0.4396044909954071,0.0209793150424957
gte_multilingual_base_768d,en_def_translated_cn_def,2314,靖,青,立,ROOT-9752,3,雍,787,0,0,0,1053,雍,299,0,0,0,488,0,0,299,0.5254669,0.5350045561790466,0.0095376372337341
gte_multilingual_base_768d,en_def_translated_cn_def,2315,靚,青,見,ROOT-9752,3,旖,72,0,0,0,1053,旖,72,0,0,0,0,0,0,72,0.64068115,0.5632917881011963,-0.0773893594741821
gte_multilingual_base_768d,en_def_translated_cn_def,2317,鯖,青,魚,ROOT-9752,19,魚,314,0,0,0,1053,幾,851,0,0,0,-537,0,0,851,0.48865408,0.5118662714958191,0.023212194442749
gte_multilingual_base_768d,en_def_translated_cn_def,2725,涂,余,氵,ROOT-4F59,185,涂,995,0,0,0,1053,涂,909,0,0,0,86,0,0,909,0.44210073,0.4582868218421936,0.0161860883235931
gte_multilingual_base_768d,en_def_translated_cn_def,2726,徐,余,彳,ROOT-4F59,13,冉,848,0,0,0,1053,冉,894,0,0,0,-46,0,0,894,0.51789737,0.4917910099029541,-0.0261063575744628
gte_multilingual_base_768d,en_def_translated_cn_def,2727,斜,余,斗,ROOT-4F59,4,仄,983,0,0,0,1053,仄,1005,0,0,0,-22,0,0,1005,0.49231818,0.4235584139823913,-0.0687597692012786
gte_multilingual_base_768d,en_def_translated_cn_def,2729,畬,余,田,ROOT-4F59,9,田,986,0,0,0,1053,田,711,0,0,0,275,0,0,711,0.3901489,0.4504992961883545,0.0603503882884979
gte_multilingual_base_768d,en_def_translated_cn_def,2730,荼,余,艹,ROOT-4F59,150,瓠,1014,0,0,0,1053,瓠,974,0,0,0,40,0,0,974,0.42106736,0.4911664724349975,0.0700991153717041
gte_multilingual_base_768d,en_def_translated_cn_def,2731,蜍,余,虫,ROOT-4F59,76,犬,857,0,0,0,1053,取,589,0,0,0,268,0,0,589,0.46193957,0.509018063545227,0.0470784902572631
gte_multilingual_base_768d,en_def_translated_cn_def,2732,途,余,辶,ROOT-4F59,51,道,635,0,0,0,1053,對,665,0,0,0,-30,0,0,665,0.5496229,0.5536489486694336,0.0040260553359985
gte_multilingual_base_768d,en_def_translated_cn_def,2733,除,余,阝,ROOT-4F59,47,除,929,0,0,0,1053,除,792,0,0,0,137,0,0,792,0.4749316,0.4924306571483612,0.0174990594387054
gte_multilingual_base_768d,en_def_translated_cn_def,2734,餘,余,飠,ROOT-4F59,21,足,787,0,0,0,1053,異,536,0,0,0,251,0,0,536,0.51283747,0.533463180065155,0.0206257104873657
gte_multilingual_base_768d,en_def_translated_cn_def,2919,娠,辰,女,ROOT-8FB0,68,育,583,0,0,0,1053,嬰,467,0,0,0,116,0,0,467,0.5576241,0.576858401298523,0.019234299659729
gte_multilingual_base_768d,en_def_translated_cn_def,2920,宸,辰,宀,ROOT-8FB0,19,屋,381,0,0,0,1053,屋,127,0,0,0,254,0,0,127,0.5116689,0.5524570941925049,0.0407881736755371
gte_multilingual_base_768d,en_def_translated_cn_def,2921,振,辰,扌,ROOT-8FB0,138,畜,798,0,0,0,1053,畜,576,0,0,0,222,0,0,576,0.51453817,0.5559442043304443,0.0414060354232788
gte_multilingual_base_768d,en_def_translated_cn_def,2922,晨,辰,日,ROOT-8FB0,42,晨,200,0,0,0,1053,晨,163,0,0,0,37,0,0,163,0.5835206,0.5981751680374146,0.0146545767784118
gte_multilingual_base_768d,en_def_translated_cn_def,2923,脣,辰,肉,ROOT-8FB0,69,脣,312,0,0,0,1053,脣,636,0,0,0,-324,0,0,636,0.5495033,0.5637075901031494,0.0142042636871337
gte_multilingual_base_768d,en_def_translated_cn_def,2924,蜃,辰,虫,ROOT-8FB0,76,貝,361,0,0,0,1053,弘,625,0,0,0,-264,0,0,625,0.5554153,0.5358023047447205,-0.019612967967987
gte_multilingual_base_768d,en_def_translated_cn_def,2925,賑,辰,貝,ROOT-8FB0,28,惠,632,0,0,0,1053,惠,569,0,0,0,63,0,0,569,0.49699974,0.522987961769104,0.025988221168518
gte_multilingual_base_768d,en_def_translated_cn_def,2926,震,辰,雨,ROOT-8FB0,21,雷,49,0,0,0,1053,害,90,0,0,0,-41,0,0,90,0.6391337,0.6386990547180176,-0.0004346370697021
gte_multilingual_base_768d,en_def_translated_cn_def,3158,掂,店,扌,ROOT-5360,138,量,269,0,0,0,1053,量,238,0,0,0,31,0,0,238,0.5463151,0.5698459148406982,0.0235308408737182
gte_multilingual_base_768d,en_def_translated_cn_def,3159,惦,店,忄,ROOT-5360,79,隻,635,0,0,0,1053,求,612,0,0,0,23,0,0,612,0.55857605,0.5761408805847168,0.017564833164215
gte_multilingual_base_768d,en_gloss_unihan,52,儐,賓,亻,ROOT-219CD,172,客,2,0,1,1,1155,客,2,0,1,1,0,0,0,2,0.6208321,0.6294299364089966,0.0085978507995605
gte_multilingual_base_768d,en_gloss_unihan,53,嬪,賓,女,ROOT-219CD,99,殿,58,0,0,0,1155,殿,81,0,0,0,-23,0,0,81,0.6317469,0.6399781703948975,0.0082312822341918
gte_multilingual_base_768d,en_gloss_unihan,54,擯,賓,扌,ROOT-219CD,189,除,57,0,0,0,1155,除,28,0,0,0,29,0,0,28,0.64296156,0.6495305299758911,0.006568968296051
gte_multilingual_base_768d,en_gloss_unihan,55,檳,賓,木,ROOT-219CD,238,杏,548,0,0,0,1155,杏,356,0,0,0,192,0,0,356,0.4784152,0.5139230489730835,0.03550785779953
gte_multilingual_base_768d,en_gloss_unihan,56,殯,賓,歹,ROOT-219CD,16,肅,178,0,0,0,1155,耴,47,0,0,0,131,0,0,47,0.62133074,0.648317813873291,0.026987075805664
gte_multilingual_base_768d,en_gloss_unihan,57,濱,賓,氵,ROOT-219CD,277,浦,295,0,0,0,1155,浦,124,0,0,0,171,0,0,124,0.54116213,0.6027734875679016,0.0616113543510437
gte_multilingual_base_768d,en_gloss_unihan,58,矉,賓,目,ROOT-219CD,50,火,1042,0,0,0,1155,火,980,0,0,0,62,0,0,980,0.43283588,0.4772057831287384,0.0443699061870574
gte_multilingual_base_768d,en_gloss_unihan,59,繽,賓,糸,ROOT-219CD,153,隆,971,0,0,0,1155,隆,832,0,0,0,139,0,0,832,0.49735677,0.5031393766403198,0.0057826042175292
gte_multilingual_base_768d,en_gloss_unihan,60,蠙,賓,虫,ROOT-219CD,116,箸,864,0,0,0,1155,倉,594,0,0,0,270,0,0,594,0.47265038,0.5437065362930298,0.0710561573505401
gte_multilingual_base_768d,en_gloss_unihan,61,鬢,賓,髟,ROOT-219CD,15,毳,515,0,0,0,1155,寺,331,0,0,0,184,0,0,331,0.4749101,0.5544732213020325,0.0795631110668182
gte_multilingual_base_768d,en_gloss_unihan,383,侅,亥,亻,ROOT-4EA5,172,畀,742,0,0,0,1155,畀,661,0,0,0,81,0,0,661,0.5351102,0.5472451448440552,0.0121349692344665
gte_multilingual_base_768d,en_gloss_unihan,384,刻,亥,刂,ROOT-4EA5,32,契,975,0,0,0,1155,契,709,0,0,0,266,0,0,709,0.5049648,0.5251352787017822,0.0201704502105712
gte_multilingual_base_768d,en_gloss_unihan,385,劾,亥,力,ROOT-4EA5,21,審,796,0,0,0,1155,審,539,0,0,0,257,0,0,539,0.49812493,0.5187518000602722,0.0206268727779388
gte_multilingual_base_768d,en_gloss_unihan,386,咳,亥,口,ROOT-4EA5,149,熏,902,0,0,0,1155,熏,644,0,0,0,258,0,0,644,0.4921771,0.546626091003418,0.0544489920139312
gte_multilingual_base_768d,en_gloss_unihan,387,垓,亥,土,ROOT-4EA5,86,戍,802,0,0,0,1155,戍,868,0,0,0,-66,0,0,868,0.52455324,0.5253044962882996,0.000751256942749
gte_multilingual_base_768d,en_gloss_unihan,388,孩,亥,子,ROOT-4EA5,5,嬰,1001,0,0,0,1155,嬰,1084,0,0,0,-83,0,0,1084,0.52387357,0.4921289086341858,-0.0317446589469909
gte_multilingual_base_768d,en_gloss_unihan,389,核,亥,木,ROOT-4EA5,238,杏,493,0,0,0,1155,豆,860,0,0,0,-367,0,0,860,0.5354592,0.513034462928772,-0.0224247574806213
gte_multilingual_base_768d,en_gloss_unihan,390,欬,亥,欠,ROOT-4EA5,23,蚩,1059,0,0,0,1155,蚩,996,0,0,0,63,0,0,996,0.46179733,0.503865122795105,0.0420677959918975
gte_multilingual_base_768d,en_gloss_unihan,391,痎,亥,疒,ROOT-4EA5,68,濕,633,0,0,0,1155,二,651,0,0,0,-18,0,0,651,0.4426573,0.5090630650520325,0.0664057731628418
gte_multilingual_base_768d,en_gloss_unihan,392,胲,亥,肉,ROOT-4EA5,99,丹,665,0,0,0,1155,气,712,0,0,0,-47,0,0,712,0.45144764,0.4532926082611084,0.001844972372055
gte_multilingual_base_768d,en_gloss_unihan,393,荄,亥,艹,ROOT-4EA5,241,芻,103,0,0,0,1155,芻,393,0,0,0,-290,0,0,393,0.517443,0.5277538299560547,0.0103108286857604
gte_multilingual_base_768d,en_gloss_unihan,394,該,亥,言,ROOT-4EA5,142,務,926,0,0,0,1155,務,709,0,0,0,217,0,0,709,0.49693897,0.5224527716636658,0.0255137979984283
gte_multilingual_base_768d,en_gloss_unihan,395,閡,亥,門,ROOT-4EA5,30,別,985,0,0,0,1155,別,972,0,0,0,13,0,0,972,0.50076497,0.5043132305145264,0.003548264503479
gte_multilingual_base_768d,en_gloss_unihan,396,陔,亥,阝,ROOT-4EA5,109,梯,519,0,0,0,1155,梯,800,0,0,0,-281,0,0,800,0.55961645,0.5500146150588989,-0.0096018314361572
gte_multilingual_base_768d,en_gloss_unihan,397,頦,亥,頁,ROOT-4EA5,41,秦,1039,0,0,0,1155,秦,889,0,0,0,150,0,0,889,0.5004872,0.5321964025497437,0.0317091941833496
gte_multilingual_base_768d,en_gloss_unihan,398,駭,亥,馬,ROOT-4EA5,56,焦,1040,0,0,0,1155,焦,949,0,0,0,91,0,0,949,0.41872922,0.4338629245758056,0.0151337087154388
gte_multilingual_base_768d,en_gloss_unihan,399,骸,亥,骨,ROOT-4EA5,12,脊,920,0,0,0,1155,木,1012,0,0,0,-92,0,0,1012,0.54928327,0.5666818618774414,0.0173985958099365
gte_multilingual_base_768d,en_gloss_unihan,585,刓,元,刂,ROOT-5143,32,削,244,0,0,0,1155,削,151,0,0,0,93,0,0,151,0.5861345,0.6205800771713257,0.034445583820343
gte_multilingual_base_768d,en_gloss_unihan,586,完,元,宀,ROOT-5143,26,完,283,0,0,0,1155,完,168,0,0,0,115,0,0,168,0.6192535,0.6250274777412415,0.0057739615440368
gte_multilingual_base_768d,en_gloss_unihan,596,沅,元,氵,ROOT-5143,277,淮,682,0,0,0,1155,邕,464,0,0,0,218,0,0,464,0.3985135,0.4566843509674072,0.0581708550453186
gte_multilingual_base_768d,en_gloss_unihan,597,玩,元,王,ROOT-5143,75,喜,607,0,0,0,1155,喜,527,0,0,0,80,0,0,527,0.5049425,0.5079514980316162,0.003009021282196
gte_multilingual_base_768d,en_gloss_unihan,599,芫,元,艹,ROOT-5143,241,扐,448,0,0,0,1155,余,240,0,0,0,208,0,0,240,0.5259535,0.5729584693908691,0.0470049977302551
gte_multilingual_base_768d,en_gloss_unihan,600,邧,元,阝,ROOT-5143,109,洛,974,0,0,0,1155,洛,958,0,0,0,16,0,0,958,0.36706963,0.482472687959671,0.1154030561447143
gte_multilingual_base_768d,en_gloss_unihan,601,阮,元,阝,ROOT-5143,109,呂,397,0,0,0,1155,呂,318,0,0,0,79,0,0,318,0.5047543,0.5423445105552673,0.037590205669403
gte_multilingual_base_768d,en_gloss_unihan,602,頑,元,頁,ROOT-5143,41,扈,943,0,0,0,1155,扈,1089,0,0,0,-146,0,0,1089,0.47680146,0.4450421333312988,-0.0317593216896057
gte_multilingual_base_768d,en_gloss_unihan,647,偈,曷,亻,ROOT-5303,172,豪,1024,0,0,0,1155,豪,1006,0,0,0,18,0,0,1006,0.497498,0.5075404644012451,0.0100424587726593
gte_multilingual_base_768d,en_gloss_unihan,648,喝,曷,口,ROOT-5303,149,虖,700,0,0,0,1155,虖,818,0,0,0,-118,0,0,818,0.551957,0.5701955556869507,0.0182385444641113
gte_multilingual_base_768d,en_gloss_unihan,649,堨,曷,土,ROOT-5303,86,畟,208,0,0,0,1155,朿,448,0,0,0,-240,0,0,448,0.55460435,0.5406723618507385,-0.0139319896697998
gte_multilingual_base_768d,en_gloss_unihan,650,愒,曷,忄,ROOT-5303,124,息,530,0,0,0,1155,息,491,0,0,0,39,0,0,491,0.5588316,0.5535832643508911,-0.0052483081817626
gte_multilingual_base_768d,en_gloss_unihan,651,揭,曷,扌,ROOT-5303,189,養,973,0,0,0,1155,崔,931,0,0,0,42,0,0,931,0.5272976,0.5383126735687256,0.0110150575637817
gte_multilingual_base_768d,en_gloss_unihan,652,暍,曷,日,ROOT-5303,60,晷,145,0,0,0,1155,晷,197,0,0,0,-52,0,0,197,0.5173645,0.534561812877655,0.01719731092453
gte_multilingual_base_768d,en_gloss_unihan,654,楬,曷,木,ROOT-5303,238,扁,479,0,0,0,1155,扁,629,0,0,0,-150,0,0,629,0.55353564,0.5463579893112183,-0.0071776509284973
gte_multilingual_base_768d,en_gloss_unihan,655,歇,曷,欠,ROOT-5303,23,歇,782,0,0,0,1155,歇,937,0,0,0,-155,0,0,937,0.5458319,0.5090582370758057,-0.036773681640625
gte_multilingual_base_768d,en_gloss_unihan,657,渴,曷,氵,ROOT-5303,277,松,669,0,0,0,1155,松,855,0,0,0,-186,0,0,855,0.5361656,0.5339085459709167,-0.0022570490837097
gte_multilingual_base_768d,en_gloss_unihan,658,猲,曷,犭,ROOT-5303,38,炎,543,0,0,0,1155,炎,645,0,0,0,-102,0,0,645,0.5491028,0.542064905166626,-0.007037878036499
gte_multilingual_base_768d,en_gloss_unihan,659,碣,曷,石,ROOT-5303,52,扁,620,0,0,0,1155,扁,653,0,0,0,-33,0,0,653,0.4685624,0.4915687441825866,0.0230063498020172
gte_multilingual_base_768d,en_gloss_unihan,660,竭,曷,立,ROOT-5303,4,盡,958,0,0,0,1155,耑,923,0,0,0,35,0,0,923,0.5085392,0.4755898416042328,-0.0329493582248687
gte_multilingual_base_768d,en_gloss_unihan,661,羯,曷,羊,ROOT-5303,7,豦,642,0,0,0,1155,厲,661,0,0,0,-19,0,0,661,0.5524594,0.5806625485420227,0.0282031297683715
gte_multilingual_base_768d,en_gloss_unihan,662,葛,曷,艹,ROOT-5303,241,葛,991,0,0,0,1155,葛,1043,0,0,0,-52,0,0,1043,0.47653645,0.4891092479228973,0.0125727951526641
gte_multilingual_base_768d,en_gloss_unihan,664,蝎,曷,虫,ROOT-5303,116,蠆,565,0,0,0,1155,蠆,900,0,0,0,-335,0,0,900,0.5026767,0.5218119025230408,0.0191351771354675
gte_multilingual_base_768d,en_gloss_unihan,665,褐,曷,衤,ROOT-5303,55,綿,940,0,0,0,1155,綿,943,0,0,0,-3,0,0,943,0.4963285,0.5188113451004028,0.0224828422069549
gte_multilingual_base_768d,en_gloss_unihan,666,謁,曷,言,ROOT-5303,142,謁,635,0,0,0,1155,謁,751,0,0,0,-116,0,0,751,0.5414312,0.5340474247932434,-0.0073837637901306
gte_multilingual_base_768d,en_gloss_unihan,669,遏,曷,辶,ROOT-5303,68,窒,640,0,0,0,1155,止,743,0,0,0,-103,0,0,743,0.5496526,0.5414776802062988,-0.0081748962402343
gte_multilingual_base_768d,en_gloss_unihan,670,鞨,曷,革,ROOT-5303,29,壯,422,0,0,0,1155,壯,663,0,0,0,-241,0,0,663,0.55031955,0.545590877532959,-0.0047286748886108
gte_multilingual_base_768d,en_gloss_unihan,671,餲,曷,飠,ROOT-5303,35,臭,620,0,0,0,1155,臭,789,0,0,0,-169,0,0,789,0.4778226,0.4955610334873199,0.0177384316921234
gte_multilingual_base_768d,en_gloss_unihan,672,鶡,曷,鳥,ROOT-5303,59,隹,820,0,0,0,1155,舌,986,0,0,0,-166,0,0,986,0.40801674,0.4682159721851349,0.0601992309093475
gte_multilingual_base_768d,en_gloss_unihan,1769,佳,圭,亻,ROOT-572D,172,吉,837,0,0,0,1155,吉,837,0,0,0,0,0,0,837,0.5164561,0.5148952603340149,-0.0015608668327331
gte_multilingual_base_768d,en_gloss_unihan,1770,刲,圭,刂,ROOT-572D,32,切,1055,0,0,0,1155,切,1071,0,0,0,-16,0,0,1071,0.4814258,0.5474685430526733,0.0660427510738372
gte_multilingual_base_768d,en_gloss_unihan,1775,哇,圭,口,ROOT-572D,149,幼,740,0,0,0,1155,幼,766,0,0,0,-26,0,0,766,0.5178164,0.5484516620635986,0.0306352376937866
gte_multilingual_base_768d,en_gloss_unihan,1776,奎,圭,大,ROOT-572D,5,婁,80,0,0,0,1155,婁,209,0,0,0,-129,0,0,209,0.54251635,0.4843914806842804,-0.0581248700618743
gte_multilingual_base_768d,en_gloss_unihan,1777,娃,圭,女,ROOT-572D,99,嬰,698,0,0,0,1155,嬰,857,0,0,0,-159,0,0,857,0.5471737,0.5590825080871582,0.0119088292121887
gte_multilingual_base_768d,en_gloss_unihan,1778,恚,圭,心,ROOT-572D,53,火,1004,0,0,0,1155,火,897,0,0,0,107,0,0,897,0.494523,0.5272971987724304,0.0327742099761962
gte_multilingual_base_768d,en_gloss_unihan,1779,挂,圭,扌,ROOT-572D,189,垂,866,0,0,0,1155,弔,974,0,0,0,-108,0,0,974,0.53073823,0.5194464325904846,-0.0112918019294738
gte_multilingual_base_768d,en_gloss_unihan,1780,桂,圭,木,ROOT-572D,238,庚,318,0,0,0,1155,味,710,0,0,0,-392,0,0,710,0.49720883,0.4902374446392059,-0.006971389055252
gte_multilingual_base_768d,en_gloss_unihan,1781,洼,圭,氵,ROOT-572D,277,洼,974,0,0,0,1155,洼,927,0,0,0,47,0,0,927,0.5227083,0.5464307069778442,0.0237224102020263
gte_multilingual_base_768d,en_gloss_unihan,1783,烓,圭,火,ROOT-572D,58,匕,393,0,0,0,1155,勺,406,0,0,0,-13,0,0,406,0.5306251,0.5471129417419434,0.0164878368377685
gte_multilingual_base_768d,en_gloss_unihan,1784,珪,圭,王,ROOT-572D,75,袞,3,0,1,1,1155,爵,49,0,0,0,-46,0,0,49,0.68429124,0.5939404964447021,-0.0903507471084594
gte_multilingual_base_768d,en_gloss_unihan,1785,畦,圭,田,ROOT-572D,12,部,496,0,0,0,1155,部,545,0,0,0,-49,0,0,545,0.45745397,0.4879146814346313,0.0304607152938842
gte_multilingual_base_768d,en_gloss_unihan,1786,眭,圭,目,ROOT-572D,50,宛,27,0,0,0,1155,黑,46,0,0,0,-19,0,0,46,0.58252394,0.6008442640304565,0.0183203220367431
gte_multilingual_base_768d,en_gloss_unihan,1787,絓,圭,糸,ROOT-572D,153,滯,960,0,0,0,1155,滯,1042,0,0,0,-82,0,0,1042,0.5204503,0.5001333951950073,-0.0203168988227844
gte_multilingual_base_768d,en_gloss_unihan,1788,蛙,圭,虫,ROOT-572D,116,貍,339,0,0,0,1155,貍,993,0,0,0,-654,0,0,993,0.53766465,0.5512362718582153,0.0135716199874877
gte_multilingual_base_768d,en_gloss_unihan,1789,街,圭,行,ROOT-572D,6,路,1004,0,0,0,1155,路,887,0,0,0,117,0,0,887,0.5090847,0.510062575340271,0.000977873802185
gte_multilingual_base_768d,en_gloss_unihan,1790,詿,圭,言,ROOT-572D,142,咎,929,0,0,0,1155,咎,966,0,0,0,-37,0,0,966,0.4628888,0.4967047572135925,0.0338159501552581
gte_multilingual_base_768d,en_gloss_unihan,1791,邽,圭,阝,ROOT-572D,109,贛,152,0,0,0,1155,贛,234,0,0,0,-82,0,0,234,0.49418563,0.5668215155601501,0.0726358890533447
gte_multilingual_base_768d,en_gloss_unihan,1792,閨,圭,門,ROOT-572D,30,口,199,0,0,0,1155,戔,303,0,0,0,-104,0,0,303,0.55796367,0.5608991384506226,0.0029354691505432
gte_multilingual_base_768d,en_gloss_unihan,1793,鞋,圭,革,ROOT-572D,29,適,963,0,0,0,1155,將,1090,0,0,0,-127,0,0,1090,0.47714037,0.4702402949333191,-0.0069000720977783
gte_multilingual_base_768d,en_gloss_unihan,1798,僥,堯,亻,ROOT-582F,172,幸,1131,0,0,0,1155,幸,1140,0,0,0,-9,0,0,1140,0.4349016,0.4319767653942108,-0.0029248297214508
gte_multilingual_base_768d,en_gloss_unihan,1799,嘵,堯,口,ROOT-582F,149,狂,1141,0,0,0,1155,狂,1126,0,0,0,15,0,0,1126,0.43285835,0.4589597582817077,0.0261014103889465
gte_multilingual_base_768d,en_gloss_unihan,1800,嬈,堯,女,ROOT-582F,99,迷,552,0,0,0,1155,迷,756,0,0,0,-204,0,0,756,0.5243739,0.5382005572319031,0.0138266682624816
gte_multilingual_base_768d,en_gloss_unihan,1801,嶢,堯,山,ROOT-582F,49,喬,1147,0,0,0,1155,喬,1143,0,0,0,4,0,0,1143,0.43566227,0.4406963884830475,0.0050341188907623
gte_multilingual_base_768d,en_gloss_unihan,1802,撓,堯,扌,ROOT-582F,189,刺,1143,0,0,0,1155,賓,1135,0,0,0,8,0,0,1135,0.44635552,0.4743659198284149,0.0280103981494903
gte_multilingual_base_768d,en_gloss_unihan,1803,曉,堯,日,ROOT-582F,60,旦,1135,0,0,0,1155,旦,1144,0,0,0,-9,0,0,1144,0.4570731,0.4708962440490722,0.0138231515884399
gte_multilingual_base_768d,en_gloss_unihan,1804,橈,堯,木,ROOT-582F,238,木,1152,0,0,0,1155,屈,1148,0,0,0,4,0,0,1148,0.4178052,0.4410977363586426,0.0232925415039062
gte_multilingual_base_768d,en_gloss_unihan,1805,澆,堯,氵,ROOT-582F,277,沐,1147,0,0,0,1155,沐,1140,0,0,0,7,0,0,1140,0.38005203,0.4102324247360229,0.0301803946495056
gte_multilingual_base_768d,en_gloss_unihan,1806,燒,堯,火,ROOT-582F,58,炎,1153,0,0,0,1155,肴,1151,0,0,0,2,0,0,1151,0.37330946,0.4325374364852905,0.0592279732227325
gte_multilingual_base_768d,en_gloss_unihan,1807,磽,堯,石,ROOT-582F,52,荒,1094,0,0,0,1155,旱,1105,0,0,0,-11,0,0,1105,0.484211,0.4915591180324554,0.0073481202125549
gte_multilingual_base_768d,en_gloss_unihan,1808,繞,堯,糸,ROOT-582F,153,肙,1152,0,0,0,1155,肙,1148,0,0,0,4,0,0,1148,0.40844092,0.4251572787761688,0.0167163610458374
gte_multilingual_base_768d,en_gloss_unihan,1809,翹,堯,羽,ROOT-582F,19,養,1148,0,0,0,1155,養,1139,0,0,0,9,0,0,1139,0.41595855,0.3901768326759338,-0.0257817208766937
gte_multilingual_base_768d,en_gloss_unihan,1810,蕘,堯,艹,ROOT-582F,241,木,1150,0,0,0,1155,木,1149,0,0,0,1,0,0,1149,0.40420192,0.4040451645851135,-0.0001567602157592
gte_multilingual_base_768d,en_gloss_unihan,1811,蟯,堯,虫,ROOT-582F,116,蟲,436,0,0,0,1155,蟲,1078,0,0,0,-642,0,0,1078,0.47253424,0.497551292181015,0.0250170528888702
gte_multilingual_base_768d,en_gloss_unihan,1812,譊,堯,言,ROOT-582F,142,厲,1151,0,0,0,1155,厲,1151,0,0,0,0,0,0,1151,0.42235386,0.4475425183773041,0.0251886546611785
gte_multilingual_base_768d,en_gloss_unihan,1813,遶,堯,辶,ROOT-582F,68,肙,1152,0,0,0,1155,肙,1146,0,0,0,6,0,0,1146,0.40844092,0.4394271373748779,0.0309862196445465
gte_multilingual_base_768d,en_gloss_unihan,1814,鐃,堯,釒,ROOT-582F,129,咢,1150,0,0,0,1155,咢,1150,0,0,0,0,0,0,1150,0.41943693,0.4166209995746612,-0.0028159320354461
gte_multilingual_base_768d,en_gloss_unihan,1815,饒,堯,飠,ROOT-582F,35,丰,1147,0,0,0,1155,丰,1142,0,0,0,5,0,0,1142,0.42300683,0.4094150066375732,-0.0135918259620666
gte_multilingual_base_768d,en_gloss_unihan,1816,驍,堯,馬,ROOT-582F,56,豪,252,0,0,0,1155,豪,768,0,0,0,-516,0,0,768,0.5700424,0.5772735476493835,0.0072311758995056
gte_multilingual_base_768d,en_gloss_unihan,2353,冶,台,冫,ROOT-382F,12,泥,520,0,0,0,1155,泥,309,0,0,0,211,0,0,309,0.5427518,0.5319176316261292,-0.0108341574668884
gte_multilingual_base_768d,en_gloss_unihan,2354,始,台,女,ROOT-382F,99,此,423,0,0,0,1155,此,304,0,0,0,119,0,0,304,0.586587,0.5915917158126831,0.0050047039985656
gte_multilingual_base_768d,en_gloss_unihan,2355,怠,台,心,ROOT-382F,53,疏,877,0,0,0,1155,疏,543,0,0,0,334,0,0,543,0.5335562,0.5902976393699646,0.0567414164543151
gte_multilingual_base_768d,en_gloss_unihan,2356,怡,台,忄,ROOT-382F,124,雍,914,0,0,0,1155,雍,485,0,0,0,429,0,0,485,0.49040383,0.5443911552429199,0.0539873242378234
gte_multilingual_base_768d,en_gloss_unihan,2357,枲,台,木,ROOT-382F,238,縕,504,0,0,0,1155,縕,741,0,0,0,-237,0,0,741,0.49016067,0.5017973780632019,0.0116367042064666
gte_multilingual_base_768d,en_gloss_unihan,2358,殆,台,歹,ROOT-382F,16,毒,907,0,0,0,1155,胡,687,0,0,0,220,0,0,687,0.48105654,0.5188940763473511,0.0378375351428985
gte_multilingual_base_768d,en_gloss_unihan,2359,治,台,氵,ROOT-382F,277,尹,467,0,0,0,1155,尹,407,0,0,0,60,0,0,407,0.5513193,0.5538086295127869,0.0024893283843994
gte_multilingual_base_768d,en_gloss_unihan,2360,炱,台,火,ROOT-382F,58,灰,690,0,0,0,1155,孛,375,0,0,0,315,0,0,375,0.5064512,0.5374606847763062,0.0310094952583313
gte_multilingual_base_768d,en_gloss_unihan,2361,眙,台,目,ROOT-382F,50,覽,808,0,0,0,1155,覽,471,0,0,0,337,0,0,471,0.49378952,0.6075960397720337,0.1138065159320831
gte_multilingual_base_768d,en_gloss_unihan,2362,笞,台,竹,ROOT-382F,100,筍,683,0,0,0,1155,打,741,0,0,0,-58,0,0,741,0.45287734,0.5178312659263611,0.0649539232254028
gte_multilingual_base_768d,en_gloss_unihan,2363,紿,台,糸,ROOT-382F,153,欺,1069,0,0,0,1155,欺,953,0,0,0,116,0,0,953,0.45708454,0.4819799661636352,0.024895429611206
gte_multilingual_base_768d,en_gloss_unihan,2364,胎,台,肉,ROOT-382F,99,嬰,529,0,0,0,1155,嬰,431,0,0,0,98,0,0,431,0.5217447,0.5425962805747986,0.0208515524864196
gte_multilingual_base_768d,en_gloss_unihan,2365,苔,台,艹,ROOT-382F,241,蒿,702,0,0,0,1155,秋,590,0,0,0,112,0,0,590,0.46568364,0.5469919443130493,0.0813083052635192
gte_multilingual_base_768d,en_gloss_unihan,2366,詒,台,言,ROOT-382F,142,胤,358,0,0,0,1155,胤,256,0,0,0,102,0,0,256,0.55343866,0.5498595237731934,-0.0035791397094726
gte_multilingual_base_768d,en_gloss_unihan,2367,貽,台,貝,ROOT-382F,41,畀,562,0,0,0,1155,畀,434,0,0,0,128,0,0,434,0.569338,0.6035270094871521,0.0341889858245849
gte_multilingual_base_768d,en_gloss_unihan,2368,邰,台,阝,ROOT-382F,109,鄭,339,0,0,0,1155,鄭,578,0,0,0,-239,0,0,578,0.524451,0.583037257194519,0.0585862398147583
gte_multilingual_base_768d,en_gloss_unihan,2369,颱,台,風,ROOT-382F,8,雷,429,0,0,0,1155,雷,180,0,0,0,249,0,0,180,0.49830824,0.5845160484313965,0.0862078070640564
gte_multilingual_base_768d,en_gloss_unihan,2370,飴,台,飠,ROOT-382F,35,甘,397,0,0,0,1155,甘,196,0,0,0,201,0,0,196,0.5895747,0.6229780912399292,0.0334033966064453
gte_multilingual_base_768d,en_gloss_unihan,2371,駘,台,馬,ROOT-382F,56,累,1061,0,0,0,1155,累,899,0,0,0,162,0,0,899,0.50516486,0.5562468767166138,0.0510820150375366
gte_multilingual_base_768d,en_gloss_unihan,2372,鮐,台,魚,ROOT-382F,46,翼,696,0,0,0,1155,廣,237,0,0,0,459,0,0,237,0.44456026,0.590404748916626,0.1458444893360138
gte_multilingual_base_768d,en_gloss_unihan,2373,齝,台,齒,ROOT-382F,14,欶,1042,0,0,0,1155,狃,806,0,0,0,236,0,0,806,0.48477498,0.5245216488838196,0.0397466719150543
gte_multilingual_base_768d,en_gloss_unihan,2413,啻,帝,口,ROOT-5E1D,149,只,694,0,0,0,1155,只,508,0,0,0,186,0,0,508,0.54606366,0.5574447512626648,0.0113810896873474
gte_multilingual_base_768d,en_gloss_unihan,2415,啼,帝,口,ROOT-5E1D,149,虖,920,0,0,0,1155,虖,813,0,0,0,107,0,0,813,0.50378966,0.5577122569084167,0.0539225935935974
gte_multilingual_base_768d,en_gloss_unihan,2416,禘,帝,礻,ROOT-5E1D,35,奏,7,0,0,1,1155,宗,12,0,0,0,-5,0,0,12,0.62690693,0.6123156547546387,-0.0145912766456604
gte_multilingual_base_768d,en_gloss_unihan,2417,締,帝,糸,ROOT-5E1D,153,沓,729,0,0,0,1155,沓,548,0,0,0,181,0,0,548,0.54990226,0.5796209573745728,0.0297186970710754
gte_multilingual_base_768d,en_gloss_unihan,2418,蒂,帝,艹,ROOT-5E1D,241,筮,500,0,0,0,1155,幹,327,0,0,0,173,0,0,327,0.49949986,0.5632951259613037,0.063795268535614
gte_multilingual_base_768d,en_gloss_unihan,2419,諦,帝,言,ROOT-5E1D,142,勤,868,0,0,0,1155,勤,810,0,0,0,58,0,0,810,0.5131729,0.5197047591209412,0.0065318346023559
gte_multilingual_base_768d,en_gloss_unihan,2420,蹄,帝,𧾷,ROOT-5E1D,63,彖,378,0,0,0,1155,巨,211,0,0,0,167,0,0,211,0.5932487,0.6108180284500122,0.0175693035125732
gte_multilingual_base_768d,en_gloss_unihan,3134,欄,闌,木,ROOT-67EC,238,樊,2,0,1,1,1155,樊,4,0,1,1,-2,0,0,4,0.71152616,0.6862576603889465,-0.0252684950828552
gte_multilingual_base_768d,en_gloss_unihan,3135,瀾,闌,氵,ROOT-67EC,277,氾,888,0,0,0,1155,波,979,0,0,0,-91,0,0,979,0.51853967,0.5468796491622925,0.0283399820327758
gte_multilingual_base_768d,en_gloss_unihan,3136,爛,闌,火,ROOT-67EC,58,歹,1010,0,0,0,1155,嗇,1002,0,0,0,8,0,0,1002,0.47883737,0.4853370189666748,0.0064996480941772
gte_multilingual_base_768d,en_gloss_unihan,3137,籣,闌,竹,ROOT-67EC,100,弋,73,0,0,0,1155,弋,618,0,0,0,-545,0,0,618,0.5045149,0.4849315285682678,-0.0195833444595336
gte_multilingual_base_768d,en_gloss_unihan,3138,蘭,闌,艹,ROOT-67EC,241,蘭,1102,0,0,0,1155,蘭,1102,0,0,0,0,0,0,1102,0.45657247,0.4910829663276672,0.0345104932785034
gte_multilingual_base_768d,en_gloss_unihan,3139,襴,闌,衤,ROOT-67EC,55,一,262,0,0,0,1155,一,611,0,0,0,-349,0,0,611,0.5350355,0.558280348777771,0.0232448577880859
gte_multilingual_base_768d,en_gloss_unihan,3140,讕,闌,言,ROOT-67EC,142,罔,918,0,0,0,1155,罔,960,0,0,0,-42,0,0,960,0.48863393,0.5318185091018677,0.0431845784187316
gte_multilingual_base_768d,en_gloss_unihan,3553,倩,青,亻,ROOT-9752,172,翁,447,0,0,0,1155,翁,250,0,0,0,197,0,0,250,0.5850668,0.60976243019104,0.0246956348419189
gte_multilingual_base_768d,en_gloss_unihan,3554,凊,青,冫,ROOT-9752,12,瞿,915,0,0,0,1155,瞿,754,0,0,0,161,0,0,754,0.4920677,0.4558477997779846,-0.0362198948860168
gte_multilingual_base_768d,en_gloss_unihan,3555,婧,青,女,ROOT-9752,99,妥,776,0,0,0,1155,泥,774,0,0,0,2,0,0,774,0.5374178,0.5489723682403564,0.0115545392036437
gte_multilingual_base_768d,en_gloss_unihan,3556,情,青,忄,ROOT-9752,124,感,805,0,0,0,1155,感,635,0,0,0,170,0,0,635,0.5102085,0.5669825077056885,0.0567740201950073
gte_multilingual_base_768d,en_gloss_unihan,3557,晴,青,日,ROOT-9752,60,亨,205,0,0,0,1155,亨,149,0,0,0,56,0,0,149,0.54407287,0.5733764171600342,0.0293035507202148
gte_multilingual_base_768d,en_gloss_unihan,3558,猜,青,犭,ROOT-9752,38,感,830,0,0,0,1155,感,678,0,0,0,152,0,0,678,0.51648307,0.5186985731124878,0.0022155046463012
gte_multilingual_base_768d,en_gloss_unihan,3559,睛,青,目,ROOT-9752,50,耴,551,0,0,0,1155,耴,413,0,0,0,138,0,0,413,0.54148775,0.5992743372917175,0.0577865839004516
gte_multilingual_base_768d,en_gloss_unihan,3560,精,青,米,ROOT-9752,25,氣,885,0,0,0,1155,氣,737,0,0,0,148,0,0,737,0.5292859,0.5247780084609985,-0.0045078992843627
gte_multilingual_base_768d,en_gloss_unihan,3561,綪,青,糸,ROOT-9752,153,綦,25,0,0,0,1155,綦,24,0,0,0,1,0,0,24,0.57166237,0.5862359404563904,0.0145735740661621
gte_multilingual_base_768d,en_gloss_unihan,3562,菁,青,艹,ROOT-9752,241,瓠,225,0,0,0,1155,舀,553,0,0,0,-328,0,0,553,0.56364036,0.5831601023674011,0.0195197463035583
gte_multilingual_base_768d,en_gloss_unihan,3563,蜻,青,虫,ROOT-9752,116,龍,123,0,0,0,1155,龍,60,0,0,0,63,0,0,60,0.5194496,0.6085596084594727,0.0891100168228149
gte_multilingual_base_768d,en_gloss_unihan,3564,請,青,言,ROOT-9752,142,乞,741,0,0,0,1155,乞,411,0,0,0,330,0,0,411,0.54105365,0.587020993232727,0.0459673404693603
gte_multilingual_base_768d,en_gloss_unihan,3565,錆,青,釒,ROOT-9752,129,丹,23,0,0,0,1155,石,18,0,0,0,5,0,0,18,0.52473354,0.5426869988441467,0.0179534554481506
gte_multilingual_base_768d,en_gloss_unihan,3566,靖,青,立,ROOT-9752,4,寧,698,0,0,0,1155,寧,516,0,0,0,182,0,0,516,0.4967298,0.4862553775310516,-0.0104744136333465
gte_multilingual_base_768d,en_gloss_unihan,3567,靚,青,見,ROOT-9752,7,容,340,0,0,0,1155,秀,106,0,0,0,234,0,0,106,0.57112694,0.5678240060806274,-0.0033029317855834
gte_multilingual_base_768d,en_gloss_unihan,3569,鯖,青,魚,ROOT-9752,46,犛,999,0,0,0,1155,侯,1041,0,0,0,-42,0,0,1041,0.46043906,0.5316614508628845,0.0712223947048187
gte_multilingual_base_768d,en_gloss_unihan,4239,涂,余,氵,ROOT-4F59,277,涂,20,0,0,0,1155,涂,16,0,0,0,4,0,0,16,0.71589386,0.7512249946594238,0.0353311300277709
gte_multilingual_base_768d,en_gloss_unihan,4240,徐,余,彳,ROOT-4F59,16,安,628,0,0,0,1155,安,507,0,0,0,121,0,0,507,0.55205405,0.5543838143348694,0.0023297667503356
gte_multilingual_base_768d,en_gloss_unihan,4241,悆,余,心,ROOT-4F59,53,欣,331,0,0,0,1155,欣,219,0,0,0,112,0,0,219,0.5607383,0.5762730240821838,0.0155346989631652
gte_multilingual_base_768d,en_gloss_unihan,4243,斜,余,斗,ROOT-4F59,6,夕,583,0,0,0,1155,夕,511,0,0,0,72,0,0,511,0.53295386,0.4771916270256042,-0.055762231349945
gte_multilingual_base_768d,en_gloss_unihan,4245,畬,余,田,ROOT-4F59,12,田,167,0,0,0,1155,匡,97,0,0,0,70,0,0,97,0.5439409,0.5797343254089355,0.0357934236526489
gte_multilingual_base_768d,en_gloss_unihan,4246,稌,余,禾,ROOT-4F59,43,米,303,0,0,0,1155,米,166,0,0,0,137,0,0,166,0.45105332,0.5025707483291626,0.0515174269676208
gte_multilingual_base_768d,en_gloss_unihan,4247,艅,余,舟,ROOT-4F59,15,舟,523,0,0,0,1155,差,227,0,0,0,296,0,0,227,0.49067444,0.6051027774810791,0.1144283413887023
gte_multilingual_base_768d,en_gloss_unihan,4248,荼,余,艹,ROOT-4F59,241,苦,166,0,0,0,1155,苦,59,0,0,0,107,0,0,59,0.60383147,0.6650708913803101,0.0612394213676452
gte_multilingual_base_768d,en_gloss_unihan,4249,蜍,余,虫,ROOT-4F59,116,泙,558,0,0,0,1155,受,41,0,0,0,517,0,0,41,0.52250016,0.6434251070022583,0.1209249496459961
gte_multilingual_base_768d,en_gloss_unihan,4250,途,余,辶,ROOT-4F59,68,路,423,0,0,0,1155,路,300,0,0,0,123,0,0,300,0.5760859,0.587329626083374,0.0112437009811401
gte_multilingual_base_768d,en_gloss_unihan,4251,酴,余,酉,ROOT-4F59,30,舀,105,0,0,0,1155,木,119,0,0,0,-14,0,0,119,0.59605455,0.6450468897819519,0.0489923357963562
gte_multilingual_base_768d,en_gloss_unihan,4252,除,余,阝,ROOT-4F59,109,除,456,0,0,0,1155,除,489,0,0,0,-33,0,0,489,0.5441359,0.5404102802276611,-0.0037256479263305
gte_multilingual_base_768d,en_gloss_unihan,4255,餘,余,飠,ROOT-4F59,35,閏,5,0,1,1,1155,閏,5,0,1,1,0,0,0,5,0.6906507,0.682745635509491,-0.0079050660133361
gte_multilingual_base_768d,en_gloss_unihan,4536,唇,辰,口,ROOT-8FB0,149,脣,1121,0,0,0,1155,脣,939,0,0,0,182,0,0,939,0.4387943,0.4947504699230194,0.0559561550617218
gte_multilingual_base_768d,en_gloss_unihan,4537,娠,辰,女,ROOT-8FB0,99,嬰,943,0,0,0,1155,嬰,680,0,0,0,263,0,0,680,0.47959295,0.5242321491241455,0.0446391999721527
gte_multilingual_base_768d,en_gloss_unihan,4538,宸,辰,宀,ROOT-8FB0,26,殿,928,0,0,0,1155,殿,530,0,0,0,398,0,0,530,0.5137736,0.5574358105659485,0.0436621904373168
gte_multilingual_base_768d,en_gloss_unihan,4539,振,辰,扌,ROOT-8FB0,189,養,858,0,0,0,1155,加,589,0,0,0,269,0,0,589,0.51184314,0.5550577640533447,0.0432146191596984
gte_multilingual_base_768d,en_gloss_unihan,4540,晨,辰,日,ROOT-8FB0,60,晨,18,0,0,0,1155,晨,15,0,0,0,3,0,0,15,0.63325346,0.6564441919326782,0.0231907367706298
gte_multilingual_base_768d,en_gloss_unihan,4541,脣,辰,肉,ROOT-8FB0,99,脣,1121,0,0,0,1155,脣,1001,0,0,0,120,0,0,1001,0.43879426,0.485724538564682,0.0469302833080291
gte_multilingual_base_768d,en_gloss_unihan,4543,蜃,辰,虫,ROOT-8FB0,116,垔,768,0,0,0,1155,垔,814,0,0,0,-46,0,0,814,0.45122486,0.512685239315033,0.0614603757858276
gte_multilingual_base_768d,en_gloss_unihan,4544,賑,辰,貝,ROOT-8FB0,41,丞,915,0,0,0,1155,丞,522,0,0,0,393,0,0,522,0.5282122,0.5809793472290039,0.0527671575546264
gte_multilingual_base_768d,en_gloss_unihan,4545,震,辰,雨,ROOT-8FB0,25,兌,499,0,0,0,1155,兌,638,0,0,0,-139,0,0,638,0.5639192,0.5358272790908813,-0.0280919075012207
gte_multilingual_base_768d,en_gloss_unihan,4878,掂,店,扌,ROOT-5360,189,手,415,0,0,0,1155,手,328,0,0,0,87,0,0,328,0.5433668,0.5555356740951538,0.0121688842773437
gte_multilingual_base_768d,en_gloss_unihan,4879,惦,店,忄,ROOT-5360,124,念,100,0,0,0,1155,念,103,0,0,0,-3,0,0,103,0.5968598,0.5936696529388428,-0.0031901597976684
gte_multilingual_base_768d,zh_char,54,儐,賓,亻,ROOT-219CD,183,忝,1130,0,0,0,1171,忝,1141,0,0,0,-11,0,0,1141,0.6268023,0.6605811715126038,0.0337788462638855
gte_multilingual_base_768d,zh_char,55,嬪,賓,女,ROOT-219CD,115,甄,300,0,0,0,1171,甄,187,0,0,0,113,0,0,187,0.6584513,0.6613858342170715,0.0029345154762268
gte_multilingual_base_768d,zh_char,56,擯,賓,扌,ROOT-219CD,202,忝,1130,0,0,0,1171,忝,1126,0,0,0,4,0,0,1126,0.6268023,0.6442519426345825,0.0174496173858642
gte_multilingual_base_768d,zh_char,57,檳,賓,木,ROOT-219CD,256,寧,369,0,0,0,1171,寧,155,0,0,0,214,0,0,155,0.6702726,0.6710009574890137,0.0007283687591552
gte_multilingual_base_768d,zh_char,58,殯,賓,歹,ROOT-219CD,17,壽,96,0,0,0,1171,壽,74,0,0,0,22,0,0,74,0.63445294,0.6274157762527466,-0.0070371627807617
gte_multilingual_base_768d,zh_char,59,濱,賓,氵,ROOT-219CD,307,魚,782,0,0,0,1171,魚,533,0,0,0,249,0,0,533,0.61752087,0.6351205110549927,0.0175996422767639
gte_multilingual_base_768d,zh_char,60,矉,賓,目,ROOT-219CD,59,忝,1130,0,0,0,1171,忝,1144,0,0,0,-14,0,0,1144,0.6268023,0.6633439660072327,0.0365416407585144
gte_multilingual_base_768d,zh_char,61,繽,賓,糸,ROOT-219CD,170,寧,349,0,0,0,1171,寧,290,0,0,0,59,0,0,290,0.65809536,0.6525113582611084,-0.0055840015411376
gte_multilingual_base_768d,zh_char,62,蠙,賓,虫,ROOT-219CD,139,忝,1130,0,0,0,1171,忝,1126,0,0,0,4,0,0,1126,0.6268023,0.7111959457397461,0.0843936204910278
gte_multilingual_base_768d,zh_char,63,鬢,賓,髟,ROOT-219CD,19,忝,1130,0,0,0,1171,忝,1126,0,0,0,4,0,0,1126,0.6268023,0.7048619389533997,0.0780596137046814
gte_multilingual_base_768d,zh_char,416,侅,亥,亻,ROOT-4EA5,183,忝,489,0,0,0,1171,忝,416,0,0,0,73,0,0,416,0.6925278,0.7391604781150818,0.046632707118988
gte_multilingual_base_768d,zh_char,417,刻,亥,刂,ROOT-4EA5,36,章,331,0,0,0,1171,寫,103,0,0,0,228,0,0,103,0.6730474,0.6953538060188293,0.0223063826560974
gte_multilingual_base_768d,zh_char,418,劾,亥,力,ROOT-4EA5,21,冤,431,0,0,0,1171,冤,251,0,0,0,180,0,0,251,0.64838755,0.6447751522064209,-0.0036123991012573
gte_multilingual_base_768d,zh_char,419,咳,亥,口,ROOT-4EA5,156,窒,420,0,0,0,1171,云,314,0,0,0,106,0,0,314,0.64729613,0.6782640218734741,0.030967891216278
gte_multilingual_base_768d,zh_char,420,垓,亥,土,ROOT-4EA5,91,楚,36,0,0,0,1171,楚,16,0,0,0,20,0,0,16,0.71035504,0.7149431109428406,0.0045880675315856
gte_multilingual_base_768d,zh_char,421,孩,亥,子,ROOT-4EA5,5,童,375,0,0,0,1171,童,502,0,0,0,-127,0,0,502,0.66842085,0.6433759927749634,-0.0250448584556579
gte_multilingual_base_768d,zh_char,422,核,亥,木,ROOT-4EA5,256,骨,278,0,0,0,1171,央,79,0,0,0,199,0,0,79,0.6407487,0.6377849578857422,-0.0029637217521667
gte_multilingual_base_768d,zh_char,423,欬,亥,欠,ROOT-4EA5,28,忝,489,0,0,0,1171,雩,293,0,0,0,196,0,0,293,0.6925278,0.7577387094497681,0.0652109384536743
gte_multilingual_base_768d,zh_char,424,痎,亥,疒,ROOT-4EA5,71,忝,489,0,0,0,1171,忝,357,0,0,0,132,0,0,357,0.6925278,0.7584999799728394,0.0659722089767456
gte_multilingual_base_768d,zh_char,425,胲,亥,肉,ROOT-4EA5,108,忝,489,0,0,0,1171,忝,432,0,0,0,57,0,0,432,0.6925278,0.7345517873764038,0.04202401638031
gte_multilingual_base_768d,zh_char,426,荄,亥,艹,ROOT-4EA5,292,忝,489,0,0,0,1171,忝,417,0,0,0,72,0,0,417,0.6925278,0.7646567821502686,0.0721290111541748
gte_multilingual_base_768d,zh_char,427,該,亥,言,ROOT-4EA5,155,隨,674,0,0,0,1171,隨,417,0,0,0,257,0,0,417,0.6366005,0.6539136171340942,0.0173131227493286
gte_multilingual_base_768d,zh_char,428,閡,亥,門,ROOT-4EA5,34,亂,914,0,0,0,1171,執,682,0,0,0,232,0,0,682,0.5711305,0.548009991645813,-0.0231205224990844
gte_multilingual_base_768d,zh_char,429,陔,亥,阝,ROOT-4EA5,125,忝,489,0,0,0,1171,忝,348,0,0,0,141,0,0,348,0.6925278,0.7790994048118591,0.0865716338157653
gte_multilingual_base_768d,zh_char,430,頦,亥,頁,ROOT-4EA5,45,忝,489,0,0,0,1171,忝,440,0,0,0,49,0,0,440,0.6925278,0.7343333959579468,0.041805624961853
gte_multilingual_base_768d,zh_char,431,駭,亥,馬,ROOT-4EA5,65,卻,293,0,0,0,1171,卻,72,0,0,0,221,0,0,72,0.6631411,0.6743118166923523,0.011170744895935
gte_multilingual_base_768d,zh_char,432,骸,亥,骨,ROOT-4EA5,13,戕,293,0,0,0,1171,辜,284,0,0,0,9,0,0,284,0.68475336,0.6654502749443054,-0.0193030834197998
gte_multilingual_base_768d,zh_char,641,刓,元,刂,ROOT-5143,36,忝,646,0,0,0,1171,雩,320,0,0,0,326,0,0,320,0.679676,0.7356704473495483,0.0559944510459899
gte_multilingual_base_768d,zh_char,642,完,元,宀,ROOT-5143,27,完,224,0,0,0,1171,完,138,0,0,0,86,0,0,138,0.68892187,0.6835185289382935,-0.0054033398628234
gte_multilingual_base_768d,zh_char,652,忨,元,忄,ROOT-5143,132,忝,646,0,0,0,1171,忝,305,0,0,0,341,0,0,305,0.679676,0.759270966053009,0.0795949697494506
gte_multilingual_base_768d,zh_char,653,沅,元,氵,ROOT-5143,307,夭,2,0,1,1,1171,元,1,1,1,1,1,1,0,1,0.757096,0.759695827960968,0.0025998353958129
gte_multilingual_base_768d,zh_char,654,玩,元,王,ROOT-5143,79,打,618,0,0,0,1171,打,408,0,0,0,210,0,0,408,0.6347431,0.6299610733985901,-0.0047820210456848
gte_multilingual_base_768d,zh_char,656,芫,元,艹,ROOT-5143,292,辛,532,0,0,0,1171,辛,228,0,0,0,304,0,0,228,0.64034235,0.6487892866134644,0.0084469318389892
gte_multilingual_base_768d,zh_char,657,蚖,元,虫,ROOT-5143,139,忝,646,0,0,0,1171,雩,244,0,0,0,402,0,0,244,0.679676,0.7892858982086182,0.1096099019050598
gte_multilingual_base_768d,zh_char,658,邧,元,阝,ROOT-5143,125,忝,646,0,0,0,1171,忝,338,0,0,0,308,0,0,338,0.679676,0.780490517616272,0.1008145213127136
gte_multilingual_base_768d,zh_char,659,阮,元,阝,ROOT-5143,125,黎,364,0,0,0,1171,黎,129,0,0,0,235,0,0,129,0.66534066,0.6529641151428223,-0.0123765468597412
gte_multilingual_base_768d,zh_char,660,頑,元,頁,ROOT-5143,45,強,973,0,0,0,1171,敢,515,0,0,0,458,0,0,515,0.608265,0.6376832127571106,0.0294182300567626
gte_multilingual_base_768d,zh_char,711,偈,曷,亻,ROOT-5303,183,寺,413,0,0,0,1171,寺,981,0,0,0,-568,0,0,981,0.63731474,0.5556684732437134,-0.0816462635993957
gte_multilingual_base_768d,zh_char,712,喝,曷,口,ROOT-5303,156,舀,100,0,0,0,1171,舀,709,0,0,0,-609,0,0,709,0.69759166,0.6356738805770874,-0.0619177818298339
gte_multilingual_base_768d,zh_char,713,堨,曷,土,ROOT-5303,91,井,103,0,0,0,1171,泉,879,0,0,0,-776,0,0,879,0.66322047,0.5945627689361572,-0.0686576962471008
gte_multilingual_base_768d,zh_char,714,愒,曷,忄,ROOT-5303,132,忝,3,0,1,1,1171,雩,9,0,0,1,-6,0,0,9,1.0,0.9776107668876648,-0.0223892331123352
gte_multilingual_base_768d,zh_char,715,揭,曷,扌,ROOT-5303,202,推,263,0,0,0,1171,疏,774,0,0,0,-511,0,0,774,0.66752505,0.6325784921646118,-0.0349465608596801
gte_multilingual_base_768d,zh_char,716,暍,曷,日,ROOT-5303,63,忝,3,0,1,1,1171,忝,3,0,1,1,0,0,0,3,1.0,0.983608603477478,-0.0163913965225219
gte_multilingual_base_768d,zh_char,718,楬,曷,木,ROOT-5303,256,忝,3,0,1,1,1171,忝,3,0,1,1,0,0,0,3,1.0,0.9754906296730042,-0.0245093703269958
gte_multilingual_base_768d,zh_char,719,歇,曷,欠,ROOT-5303,28,歇,134,0,0,0,1171,歇,968,0,0,0,-834,0,0,968,0.71376956,0.5837808847427368,-0.1299886703491211
gte_multilingual_base_768d,zh_char,721,渴,曷,氵,ROOT-5303,307,旱,73,0,0,0,1171,旱,832,0,0,0,-759,0,0,832,0.7033659,0.6263841390609741,-0.076981782913208
gte_multilingual_base_768d,zh_char,722,猲,曷,犭,ROOT-5303,44,忝,3,0,1,1,1171,忝,3,0,1,1,0,0,0,3,1.0,0.9731358289718628,-0.0268641710281372
gte_multilingual_base_768d,zh_char,723,碣,曷,石,ROOT-5303,57,泊,31,0,0,0,1171,泊,895,0,0,0,-864,0,0,895,0.7155701,0.6053463220596313,-0.1102237701416015
gte_multilingual_base_768d,zh_char,724,竭,曷,立,ROOT-5303,6,析,305,0,0,0,1171,析,1002,0,0,0,-697,0,0,1002,0.6725974,0.5374944806098938,-0.1351029276847839
gte_multilingual_base_768d,zh_char,725,羯,曷,羊,ROOT-5303,9,巫,52,0,0,0,1171,甄,988,0,0,0,-936,0,0,988,0.7050204,0.5506888031959534,-0.154331624507904
gte_multilingual_base_768d,zh_char,726,葛,曷,艹,ROOT-5303,292,葛,72,0,0,0,1171,葛,999,0,0,0,-927,0,0,999,0.70983267,0.5815649032592773,-0.128267765045166
gte_multilingual_base_768d,zh_char,729,蝎,曷,虫,ROOT-5303,139,虎,21,0,0,0,1171,巫,805,0,0,0,-784,0,0,805,0.7129561,0.5840302109718323,-0.1289258599281311
gte_multilingual_base_768d,zh_char,730,褐,曷,衤,ROOT-5303,70,黑,10,0,0,1,1171,黑,1011,0,0,0,-1001,0,0,1011,0.72805953,0.5645741820335388,-0.1634853482246399
gte_multilingual_base_768d,zh_char,731,謁,曷,言,ROOT-5303,155,謁,183,0,0,0,1171,謁,995,0,0,0,-812,0,0,995,0.65167725,0.564275860786438,-0.0874013900756836
gte_multilingual_base_768d,zh_char,734,遏,曷,辶,ROOT-5303,69,止,87,0,0,0,1171,止,306,0,0,0,-219,0,0,306,0.6960536,0.6599397659301758,-0.0361138582229614
gte_multilingual_base_768d,zh_char,735,鞨,曷,革,ROOT-5303,32,忝,3,0,1,1,1171,忝,3,0,1,1,0,0,0,3,1.0,0.953676164150238,-0.0463238358497619
gte_multilingual_base_768d,zh_char,736,餲,曷,飠,ROOT-5303,38,忝,3,0,1,1,1171,忝,3,0,1,1,0,0,0,3,1.0,0.960232675075531,-0.0397673249244689
gte_multilingual_base_768d,zh_char,737,鶡,曷,鳥,ROOT-5303,67,忝,3,0,1,1,1171,忝,3,0,1,1,0,0,0,3,1.0,0.9513813257217408,-0.0486186742782592
gte_multilingual_base_768d,zh_char,1967,佳,圭,亻,ROOT-572D,183,良,506,0,0,0,1171,良,428,0,0,0,78,0,0,428,0.64861816,0.6332035064697266,-0.0154146552085876
gte_multilingual_base_768d,zh_char,1968,刲,圭,刂,ROOT-572D,36,忝,624,0,0,0,1171,忝,514,0,0,0,110,0,0,514,0.6812651,0.7196112871170044,0.0383461713790893
gte_multilingual_base_768d,zh_char,1973,哇,圭,口,ROOT-572D,156,奐,621,0,0,0,1171,奐,523,0,0,0,98,0,0,523,0.6314437,0.6547937393188477,0.0233500599861145
gte_multilingual_base_768d,zh_char,1974,奎,圭,大,ROOT-572D,5,丘,2,0,1,1,1171,戚,5,0,1,1,-3,0,0,5,0.77086157,0.7061907052993774,-0.0646708607673645
gte_multilingual_base_768d,zh_char,1976,娃,圭,女,ROOT-572D,115,嬰,708,0,0,0,1171,嬰,758,0,0,0,-50,0,0,758,0.6300443,0.6297796964645386,-0.0002645850181579
gte_multilingual_base_768d,zh_char,1977,恚,圭,心,ROOT-572D,59,忝,624,0,0,0,1171,瓠,690,0,0,0,-66,0,0,690,0.6812651,0.7261031866073608,0.0448380708694458
gte_multilingual_base_768d,zh_char,1978,挂,圭,扌,ROOT-572D,202,居,543,0,0,0,1171,居,472,0,0,0,71,0,0,472,0.65818083,0.6810179352760315,0.0228371024131774
gte_multilingual_base_768d,zh_char,1979,桂,圭,木,ROOT-572D,256,覃,42,0,0,0,1171,覃,33,0,0,0,9,0,0,33,0.7123239,0.7065458297729492,-0.0057780742645263
gte_multilingual_base_768d,zh_char,1980,洼,圭,氵,ROOT-572D,307,洼,299,0,0,0,1171,洼,115,0,0,0,184,0,0,115,0.6730727,0.6950472593307495,0.0219745635986328
gte_multilingual_base_768d,zh_char,1982,烓,圭,火,ROOT-572D,62,忝,624,0,0,0,1171,雩,428,0,0,0,196,0,0,428,0.6812651,0.734365701675415,0.0531005859375
gte_multilingual_base_768d,zh_char,1983,珪,圭,王,ROOT-572D,79,圭,1,1,1,1,1171,圭,1,1,1,1,0,0,0,1,0.8614663,0.8463903665542603,-0.0150759220123291
gte_multilingual_base_768d,zh_char,1984,畦,圭,田,ROOT-572D,12,田,537,0,0,0,1171,田,369,0,0,0,168,0,0,369,0.6629494,0.641938328742981,-0.0210110545158386
gte_multilingual_base_768d,zh_char,1985,眭,圭,目,ROOT-572D,59,忝,624,0,0,0,1171,雩,722,0,0,0,-98,0,0,722,0.6812651,0.7252038717269897,0.0439387559890747
gte_multilingual_base_768d,zh_char,1986,窐,圭,穴,ROOT-572D,28,忝,624,0,0,0,1171,忝,729,0,0,0,-105,0,0,729,0.6812651,0.7192206382751465,0.0379555225372314
gte_multilingual_base_768d,zh_char,1988,絓,圭,糸,ROOT-572D,170,忝,624,0,0,0,1171,忝,579,0,0,0,45,0,0,579,0.6812651,0.7499434947967529,0.0686783790588378
gte_multilingual_base_768d,zh_char,1989,茥,圭,艹,ROOT-572D,292,忝,624,0,0,0,1171,忝,657,0,0,0,-33,0,0,657,0.6812651,0.7509220838546753,0.0696569681167602
gte_multilingual_base_768d,zh_char,1990,蛙,圭,虫,ROOT-572D,139,象,518,0,0,0,1171,象,270,0,0,0,248,0,0,270,0.61120653,0.6689057350158691,0.0576992034912109
gte_multilingual_base_768d,zh_char,1991,街,圭,行,ROOT-572D,6,路,1010,0,0,0,1171,路,696,0,0,0,314,0,0,696,0.6146134,0.6200026869773865,0.0053892731666564
gte_multilingual_base_768d,zh_char,1992,觟,圭,角,ROOT-572D,13,忝,624,0,0,0,1171,忝,651,0,0,0,-27,0,0,651,0.6812651,0.7693339586257935,0.0880688428878784
gte_multilingual_base_768d,zh_char,1993,詿,圭,言,ROOT-572D,155,忝,624,0,0,0,1171,忝,563,0,0,0,61,0,0,563,0.6812651,0.7419685125350952,0.0607033967971801
gte_multilingual_base_768d,zh_char,1994,邽,圭,阝,ROOT-572D,125,忝,624,0,0,0,1171,雩,650,0,0,0,-26,0,0,650,0.6812651,0.761520504951477,0.080255389213562
gte_multilingual_base_768d,zh_char,1995,閨,圭,門,ROOT-572D,34,戶,348,0,0,0,1171,畀,198,0,0,0,150,0,0,198,0.6337138,0.6148371696472168,-0.0188766121864318
gte_multilingual_base_768d,zh_char,1996,鞋,圭,革,ROOT-572D,32,足,1037,0,0,0,1171,足,863,0,0,0,174,0,0,863,0.5714805,0.5672721266746521,-0.0042083859443664
gte_multilingual_base_768d,zh_char,2002,僥,堯,亻,ROOT-582F,183,乏,399,0,0,0,1171,乏,342,0,0,0,57,0,0,342,0.6490767,0.664846658706665,0.0157699584960937
gte_multilingual_base_768d,zh_char,2003,嘵,堯,口,ROOT-582F,156,忝,732,0,0,0,1171,忝,646,0,0,0,86,0,0,646,0.6744504,0.7152721881866455,0.0408217906951904
gte_multilingual_base_768d,zh_char,2004,嬈,堯,女,ROOT-582F,115,步,160,0,0,0,1171,步,144,0,0,0,16,0,0,144,0.64996386,0.6405950784683228,-0.0093687772750854
gte_multilingual_base_768d,zh_char,2005,嶢,堯,山,ROOT-582F,53,忝,732,0,0,0,1171,忝,705,0,0,0,27,0,0,705,0.6744504,0.7204996943473816,0.0460492968559265
gte_multilingual_base_768d,zh_char,2006,撓,堯,扌,ROOT-582F,202,足,35,0,0,0,1171,足,13,0,0,0,22,0,0,13,0.6682923,0.6853592395782471,0.0170669555664062
gte_multilingual_base_768d,zh_char,2007,曉,堯,日,ROOT-582F,63,華,13,0,0,0,1171,華,9,0,0,1,4,0,0,9,0.74468535,0.7425923347473145,-0.0020930171012878
gte_multilingual_base_768d,zh_char,2008,橈,堯,木,ROOT-582F,256,忝,732,0,0,0,1171,忝,676,0,0,0,56,0,0,676,0.6744504,0.7457132339477539,0.0712628364562988
gte_multilingual_base_768d,zh_char,2009,澆,堯,氵,ROOT-582F,307,濕,544,0,0,0,1171,濕,344,0,0,0,200,0,0,344,0.60508937,0.6249513626098633,0.0198619961738586
gte_multilingual_base_768d,zh_char,2010,燒,堯,火,ROOT-582F,62,溫,299,0,0,0,1171,溫,104,0,0,0,195,0,0,104,0.6711642,0.7014279365539551,0.0302637219429016
gte_multilingual_base_768d,zh_char,2011,獟,堯,犭,ROOT-582F,44,忝,732,0,0,0,1171,忝,767,0,0,0,-35,0,0,767,0.6744504,0.7234933376312256,0.0490429401397705
gte_multilingual_base_768d,zh_char,2012,磽,堯,石,ROOT-582F,57,忝,732,0,0,0,1171,忝,728,0,0,0,4,0,0,728,0.6744504,0.7300822734832764,0.0556318759918212
gte_multilingual_base_768d,zh_char,2013,繞,堯,糸,ROOT-582F,170,繫,83,0,0,0,1171,隨,86,0,0,0,-3,0,0,86,0.67795503,0.6760552525520325,-0.001899778842926
gte_multilingual_base_768d,zh_char,2014,翹,堯,羽,ROOT-582F,22,豐,328,0,0,0,1171,豐,224,0,0,0,104,0,0,224,0.67435265,0.6552284955978394,-0.019124150276184
gte_multilingual_base_768d,zh_char,2015,膮,堯,肉,ROOT-582F,108,忝,732,0,0,0,1171,雩,864,0,0,0,-132,0,0,864,0.6744504,0.7057876586914062,0.0313372611999511
gte_multilingual_base_768d,zh_char,2016,蕘,堯,艹,ROOT-582F,292,忝,732,0,0,0,1171,忝,847,0,0,0,-115,0,0,847,0.6744504,0.7405606508255005,0.0661102533340454
gte_multilingual_base_768d,zh_char,2017,蟯,堯,虫,ROOT-582F,139,忝,732,0,0,0,1171,忝,645,0,0,0,87,0,0,645,0.6744504,0.7658393979072571,0.091389000415802
gte_multilingual_base_768d,zh_char,2018,譊,堯,言,ROOT-582F,155,忝,732,0,0,0,1171,忝,948,0,0,0,-216,0,0,948,0.6744504,0.7070651650428772,0.0326147675514221
gte_multilingual_base_768d,zh_char,2019,趬,堯,走,ROOT-582F,19,忝,732,0,0,0,1171,雩,582,0,0,0,150,0,0,582,0.6744504,0.7290439605712891,0.0545935630798339
gte_multilingual_base_768d,zh_char,2020,遶,堯,辶,ROOT-582F,69,走,372,0,0,0,1171,走,183,0,0,0,189,0,0,183,0.65248644,0.6739848256111145,0.0214983820915222
gte_multilingual_base_768d,zh_char,2021,鐃,堯,釒,ROOT-582F,141,忝,732,0,0,0,1171,忝,931,0,0,0,-199,0,0,931,0.6744504,0.715535581111908,0.0410851836204528
gte_multilingual_base_768d,zh_char,2022,顤,堯,頁,ROOT-582F,45,忝,732,0,0,0,1171,忝,953,0,0,0,-221,0,0,953,0.6744504,0.6874927282333374,0.0130423307418823
gte_multilingual_base_768d,zh_char,2023,饒,堯,飠,ROOT-582F,38,閑,5,0,1,1,1171,嚴,7,0,0,1,-2,0,0,7,0.75429666,0.7276898622512817,-0.026606798171997
gte_multilingual_base_768d,zh_char,2024,驍,堯,馬,ROOT-582F,65,晉,11,0,0,0,1171,晉,16,0,0,0,-5,0,0,16,0.7225811,0.7044034004211426,-0.0181776881217956
gte_multilingual_base_768d,zh_char,2641,佁,台,亻,ROOT-382F,183,忝,279,0,0,0,1171,瓠,230,0,0,0,49,0,0,230,0.71532476,0.7612770795822144,0.0459523200988769
gte_multilingual_base_768d,zh_char,2642,冶,台,冫,ROOT-382F,12,造,719,0,0,0,1171,造,563,0,0,0,156,0,0,563,0.65019315,0.614387035369873,-0.035806119441986
gte_multilingual_base_768d,zh_char,2643,始,台,女,ROOT-382F,115,先,109,0,0,0,1171,先,169,0,0,0,-60,0,0,169,0.7095871,0.6766386032104492,-0.0329484939575195
gte_multilingual_base_768d,zh_char,2644,怠,台,心,ROOT-382F,59,歇,576,0,0,0,1171,歇,428,0,0,0,148,0,0,428,0.646474,0.6437217593193054,-0.0027522444725036
gte_multilingual_base_768d,zh_char,2645,怡,台,忄,ROOT-382F,132,惠,473,0,0,0,1171,惠,316,0,0,0,157,0,0,316,0.65235376,0.6436344385147095,-0.0087193250656127
gte_multilingual_base_768d,zh_char,2646,枲,台,木,ROOT-382F,256,忝,279,0,0,0,1171,忝,303,0,0,0,-24,0,0,303,0.71532476,0.7680395245552063,0.0527147650718688
gte_multilingual_base_768d,zh_char,2647,殆,台,歹,ROOT-382F,17,疑,669,0,0,0,1171,疑,607,0,0,0,62,0,0,607,0.6311891,0.5935042500495911,-0.0376848578453063
gte_multilingual_base_768d,zh_char,2648,治,台,氵,ROOT-382F,307,朮,687,0,0,0,1171,朮,619,0,0,0,68,0,0,619,0.6616164,0.6361683011054993,-0.0254480838775634
gte_multilingual_base_768d,zh_char,2649,炱,台,火,ROOT-382F,62,忝,279,0,0,0,1171,忝,297,0,0,0,-18,0,0,297,0.71532476,0.7461099624633789,0.0307852029800415
gte_multilingual_base_768d,zh_char,2650,瓵,台,瓦,ROOT-382F,12,忝,279,0,0,0,1171,忝,180,0,0,0,99,0,0,180,0.71532476,0.80910325050354,0.0937784910202026
gte_multilingual_base_768d,zh_char,2651,眙,台,目,ROOT-382F,59,淮,493,0,0,0,1171,淮,460,0,0,0,33,0,0,460,0.66556025,0.667115330696106,0.0015550851821899
gte_multilingual_base_768d,zh_char,2652,笞,台,竹,ROOT-382F,109,刑,879,0,0,0,1171,刑,831,0,0,0,48,0,0,831,0.6060629,0.5807512402534485,-0.0253116488456726
gte_multilingual_base_768d,zh_char,2653,紿,台,糸,ROOT-382F,170,忝,279,0,0,0,1171,忝,233,0,0,0,46,0,0,233,0.71532476,0.7772620916366577,0.0619373321533203
gte_multilingual_base_768d,zh_char,2654,胎,台,肉,ROOT-382F,108,石,396,0,0,0,1171,路,260,0,0,0,136,0,0,260,0.6266967,0.630923867225647,0.0042271614074707
gte_multilingual_base_768d,zh_char,2655,苔,台,艹,ROOT-382F,292,舌,300,0,0,0,1171,舌,199,0,0,0,101,0,0,199,0.67563975,0.6758285164833069,0.0001887679100036
gte_multilingual_base_768d,zh_char,2656,詒,台,言,ROOT-382F,155,忝,279,0,0,0,1171,忝,209,0,0,0,70,0,0,209,0.71532476,0.7773010730743408,0.0619763135910034
gte_multilingual_base_768d,zh_char,2657,貽,台,貝,ROOT-382F,41,茲,615,0,0,0,1171,也,489,0,0,0,126,0,0,489,0.60773337,0.6212106943130493,0.0134773254394531
gte_multilingual_base_768d,zh_char,2658,邰,台,阝,ROOT-382F,125,忝,279,0,0,0,1171,忝,299,0,0,0,-20,0,0,299,0.71532476,0.7830203771591187,0.0676956176757812
gte_multilingual_base_768d,zh_char,2659,鈶,台,釒,ROOT-382F,141,忝,279,0,0,0,1171,雩,222,0,0,0,57,0,0,222,0.71532476,0.773411750793457,0.0580869913101196
gte_multilingual_base_768d,zh_char,2660,颱,台,風,ROOT-382F,8,風,169,0,0,0,1171,風,10,0,0,1,159,0,0,10,0.6829322,0.7225722670555115,0.0396400690078735
gte_multilingual_base_768d,zh_char,2661,飴,台,飠,ROOT-382F,38,脣,234,0,0,0,1171,脣,69,0,0,0,165,0,0,69,0.630486,0.6379397511482239,0.0074537396430969
gte_multilingual_base_768d,zh_char,2662,駘,台,馬,ROOT-382F,65,忝,279,0,0,0,1171,忝,213,0,0,0,66,0,0,213,0.71532476,0.7878477573394775,0.0725229978561401
gte_multilingual_base_768d,zh_char,2663,鮐,台,魚,ROOT-382F,58,忝,279,0,0,0,1171,忝,206,0,0,0,73,0,0,206,0.71532476,0.8149964809417725,0.099671721458435
gte_multilingual_base_768d,zh_char,2664,齝,台,齒,ROOT-382F,20,忝,279,0,0,0,1171,穌,261,0,0,0,18,0,0,261,0.71532476,0.81646329164505,0.1011385321617126
gte_multilingual_base_768d,zh_char,2707,啻,帝,口,ROOT-5E1D,156,犛,165,0,0,0,1171,匈,11,0,0,0,154,0,0,11,0.7078301,0.7228819727897644,0.0150519013404846
gte_multilingual_base_768d,zh_char,2709,啼,帝,口,ROOT-5E1D,156,憂,893,0,0,0,1171,徙,726,0,0,0,167,0,0,726,0.632213,0.6633045077323914,0.0310915112495422
gte_multilingual_base_768d,zh_char,2710,禘,帝,礻,ROOT-5E1D,40,忝,816,0,0,0,1171,忝,944,0,0,0,-128,0,0,944,0.6687261,0.7102444171905518,0.0415183305740356
gte_multilingual_base_768d,zh_char,2711,締,帝,糸,ROOT-5E1D,170,寬,963,0,0,0,1171,寬,659,0,0,0,304,0,0,659,0.6036787,0.6240532398223877,0.0203745365142822
gte_multilingual_base_768d,zh_char,2712,蒂,帝,艹,ROOT-5E1D,292,廷,3,0,1,1,1171,廷,3,0,1,1,0,0,0,3,0.74737483,0.741653561592102,-0.0057212710380554
gte_multilingual_base_768d,zh_char,2713,諦,帝,言,ROOT-5E1D,155,規,820,0,0,0,1171,宗,483,0,0,0,337,0,0,483,0.5871183,0.6106376647949219,0.0235193371772766
gte_multilingual_base_768d,zh_char,2714,蹄,帝,𧾷,ROOT-5E1D,68,馬,375,0,0,0,1171,馬,130,0,0,0,245,0,0,130,0.6596137,0.6858645677566528,0.0262508392333984
gte_multilingual_base_768d,zh_char,3503,欄,闌,木,ROOT-67EC,256,條,240,0,0,0,1171,條,189,0,0,0,51,0,0,189,0.7026835,0.6845440864562988,-0.0181394219398498
gte_multilingual_base_768d,zh_char,3504,瀾,闌,氵,ROOT-67EC,307,臧,391,0,0,0,1171,臧,411,0,0,0,-20,0,0,411,0.6717107,0.6559511423110962,-0.0157595872879028
gte_multilingual_base_768d,zh_char,3505,爛,闌,火,ROOT-67EC,62,毀,335,0,0,0,1171,差,312,0,0,0,23,0,0,312,0.67024565,0.6514955163002014,-0.0187501311302185
gte_multilingual_base_768d,zh_char,3506,籣,闌,竹,ROOT-67EC,109,忝,434,0,0,0,1171,忝,869,0,0,0,-435,0,0,869,0.6969409,0.7348009347915649,0.0378600358963012
gte_multilingual_base_768d,zh_char,3507,蘭,闌,艹,ROOT-67EC,292,蘭,477,0,0,0,1171,蘭,519,0,0,0,-42,0,0,519,0.6010605,0.5792297720909119,-0.0218307375907897
gte_multilingual_base_768d,zh_char,3509,襴,闌,衤,ROOT-67EC,70,忝,434,0,0,0,1171,忝,878,0,0,0,-444,0,0,878,0.6969409,0.747445821762085,0.0505049228668212
gte_multilingual_base_768d,zh_char,3510,讕,闌,言,ROOT-67EC,155,忝,434,0,0,0,1171,忝,812,0,0,0,-378,0,0,812,0.6969409,0.7228494882583618,0.0259085893630981
gte_multilingual_base_768d,zh_char,3975,倩,青,亻,ROOT-9752,183,女,43,0,0,0,1171,女,41,0,0,0,2,0,0,41,0.6848502,0.6814130544662476,-0.0034371614456176
gte_multilingual_base_768d,zh_char,3976,凊,青,冫,ROOT-9752,12,忝,248,0,0,0,1171,瓠,475,0,0,0,-227,0,0,475,0.7194047,0.7203123569488525,0.0009076595306396
gte_multilingual_base_768d,zh_char,3977,婧,青,女,ROOT-9752,115,俊,3,0,1,1,1171,季,3,0,1,1,0,0,0,3,0.75521684,0.7445340752601624,-0.0106827616691589
gte_multilingual_base_768d,zh_char,3978,崝,青,山,ROOT-9752,53,忝,248,0,0,0,1171,瓠,208,0,0,0,40,0,0,208,0.7194047,0.7623195052146912,0.0429148077964782
gte_multilingual_base_768d,zh_char,3979,情,青,忄,ROOT-9752,132,爰,42,0,0,0,1171,爰,44,0,0,0,-2,0,0,44,0.6953494,0.6769014596939087,-0.0184479355812072
gte_multilingual_base_768d,zh_char,3980,晴,青,日,ROOT-9752,63,日,15,0,0,0,1171,日,15,0,0,0,0,0,0,15,0.77627075,0.7671240568161011,-0.0091466903686523
gte_multilingual_base_768d,zh_char,3981,猜,青,犭,ROOT-9752,44,疑,429,0,0,0,1171,疑,352,0,0,0,77,0,0,352,0.64865303,0.6323450803756714,-0.0163079500198364
gte_multilingual_base_768d,zh_char,3982,睛,青,目,ROOT-9752,59,耳,12,0,0,0,1171,耳,4,0,1,1,8,0,0,4,0.7404344,0.7617536783218384,0.0213192701339721
gte_multilingual_base_768d,zh_char,3983,精,青,米,ROOT-9752,27,思,117,0,0,0,1171,施,225,0,0,0,-108,0,0,225,0.6879025,0.655470609664917,-0.0324319005012512
gte_multilingual_base_768d,zh_char,3984,綪,青,糸,ROOT-9752,170,忝,248,0,0,0,1171,忝,238,0,0,0,10,0,0,238,0.7194047,0.7761191129684448,0.0567144155502319
gte_multilingual_base_768d,zh_char,3985,菁,青,艹,ROOT-9752,292,散,7,0,0,1,1171,思,20,0,0,0,-13,0,0,20,0.74336386,0.7088406085968018,-0.0345232486724853
gte_multilingual_base_768d,zh_char,3986,蜻,青,虫,ROOT-9752,139,蟲,261,0,0,0,1171,秋,91,0,0,0,170,0,0,91,0.6635622,0.7086026072502136,0.0450404286384582
gte_multilingual_base_768d,zh_char,3987,請,青,言,ROOT-9752,155,求,925,0,0,0,1171,求,687,0,0,0,238,0,0,687,0.6027794,0.6213444471359253,0.0185650587081909
gte_multilingual_base_768d,zh_char,3988,錆,青,釒,ROOT-9752,141,金,239,0,0,0,1171,石,67,0,0,0,172,0,0,67,0.6366868,0.66264408826828,0.0259572863578796
gte_multilingual_base_768d,zh_char,3989,靖,青,立,ROOT-9752,6,朱,30,0,0,0,1171,朱,46,0,0,0,-16,0,0,46,0.73018587,0.694369912147522,-0.035815954208374
gte_multilingual_base_768d,zh_char,3990,靚,青,見,ROOT-9752,11,鮮,33,0,0,0,1171,豪,37,0,0,0,-4,0,0,37,0.7004958,0.6744859218597412,-0.0260098576545715
gte_multilingual_base_768d,zh_char,3992,鯖,青,魚,ROOT-9752,58,鮮,1029,0,0,0,1171,許,913,0,0,0,116,0,0,913,0.5531081,0.5070505142211914,-0.0460575819015502
gte_multilingual_base_768d,zh_char,4753,涂,余,氵,ROOT-4F59,307,涂,208,0,0,0,1171,涂,49,0,0,0,159,0,0,49,0.68238115,0.6897450685501099,0.0073639154434204
gte_multilingual_base_768d,zh_char,4755,徐,余,彳,ROOT-4F59,18,樊,127,0,0,0,1171,周,72,0,0,0,55,0,0,72,0.70354366,0.6877187490463257,-0.0158249139785766
gte_multilingual_base_768d,zh_char,4756,悆,余,心,ROOT-4F59,59,忝,618,0,0,0,1171,忝,357,0,0,0,261,0,0,357,0.6817496,0.7499805688858032,0.0682309865951538
gte_multilingual_base_768d,zh_char,4758,斜,余,斗,ROOT-4F59,6,彎,193,0,0,0,1171,彎,52,0,0,0,141,0,0,52,0.7131853,0.6935520768165588,-0.0196332335472106
gte_multilingual_base_768d,zh_char,4760,畬,余,田,ROOT-4F59,12,忝,618,0,0,0,1171,忝,482,0,0,0,136,0,0,482,0.6817496,0.7308659553527832,0.0491163730621337
gte_multilingual_base_768d,zh_char,4761,稌,余,禾,ROOT-4F59,46,忝,618,0,0,0,1171,雩,323,0,0,0,295,0,0,323,0.6817496,0.7693380117416382,0.0875884294509887
gte_multilingual_base_768d,zh_char,4762,筡,余,竹,ROOT-4F59,109,忝,618,0,0,0,1171,忝,384,0,0,0,234,0,0,384,0.6817496,0.7632333040237427,0.0814837217330932
gte_multilingual_base_768d,zh_char,4763,艅,余,舟,ROOT-4F59,15,忝,618,0,0,0,1171,雩,400,0,0,0,218,0,0,400,0.6817496,0.7452518939971924,0.0635023117065429
gte_multilingual_base_768d,zh_char,4764,荼,余,艹,ROOT-4F59,292,果,356,0,0,0,1171,臺,123,0,0,0,233,0,0,123,0.6653433,0.6764417886734009,0.0110985040664672
gte_multilingual_base_768d,zh_char,4765,蜍,余,虫,ROOT-4F59,139,象,315,0,0,0,1171,胥,26,0,0,0,289,0,0,26,0.6713751,0.7368029356002808,0.0654278397560119
gte_multilingual_base_768d,zh_char,4766,途,余,辶,ROOT-4F59,69,路,59,0,0,0,1171,路,26,0,0,0,33,0,0,26,0.6999309,0.7177910804748535,0.0178601741790771
gte_multilingual_base_768d,zh_char,4767,酴,余,酉,ROOT-4F59,34,忝,618,0,0,0,1171,忝,448,0,0,0,170,0,0,448,0.6817496,0.7447558641433716,0.0630062818527221
gte_multilingual_base_768d,zh_char,4768,除,余,阝,ROOT-4F59,125,除,28,0,0,0,1171,除,24,0,0,0,4,0,0,24,0.73662245,0.7030349969863892,-0.0335874557495117
gte_multilingual_base_768d,zh_char,4772,餘,余,飠,ROOT-4F59,38,盡,3,0,1,1,1171,末,3,0,1,1,0,0,0,3,0.77306855,0.7567131519317627,-0.0163553953170776
gte_multilingual_base_768d,zh_char,4773,駼,余,馬,ROOT-4F59,65,忝,618,0,0,0,1171,忝,305,0,0,0,313,0,0,305,0.6817496,0.7773762345314026,0.0956266522407531
gte_multilingual_base_768d,zh_char,5032,裖,辰,衤,ROOT-8FB0,70,忝,791,0,0,0,1171,忝,661,0,0,0,130,0,0,661,0.6704129,0.759371817111969,0.0889589190483093
gte_multilingual_base_768d,zh_char,5096,侲,辰,亻,ROOT-8FB0,183,忝,791,0,0,0,1171,忝,642,0,0,0,149,0,0,642,0.6704129,0.7243554592132568,0.0539425611495971
gte_multilingual_base_768d,zh_char,5097,唇,辰,口,ROOT-8FB0,156,脣,530,0,0,0,1171,脣,354,0,0,0,176,0,0,354,0.62307966,0.6560183167457581,0.0329386591911315
gte_multilingual_base_768d,zh_char,5098,娠,辰,女,ROOT-8FB0,115,生,32,0,0,0,1171,生,22,0,0,0,10,0,0,22,0.7003499,0.7011768817901611,0.0008269548416137
gte_multilingual_base_768d,zh_char,5099,宸,辰,宀,ROOT-8FB0,27,丞,6,0,0,1,1171,辰,1,1,1,1,5,1,0,1,0.75079405,0.7588633298873901,0.0080692768096923
gte_multilingual_base_768d,zh_char,5100,振,辰,扌,ROOT-8FB0,202,晃,514,0,0,0,1171,波,185,0,0,0,329,0,0,185,0.66867495,0.6873555779457092,0.0186806321144104
gte_multilingual_base_768d,zh_char,5101,晨,辰,日,ROOT-8FB0,63,晨,5,0,1,1,1171,晨,5,0,1,1,0,0,0,5,0.81101614,0.8035374879837036,-0.007478654384613
gte_multilingual_base_768d,zh_char,5103,祳,辰,礻,ROOT-8FB0,40,忝,791,0,0,0,1171,忝,812,0,0,0,-21,0,0,812,0.6704129,0.7214850783348083,0.0510721802711486
gte_multilingual_base_768d,zh_char,5104,脣,辰,肉,ROOT-8FB0,108,脣,689,0,0,0,1171,脣,310,0,0,0,379,0,0,310,0.6219777,0.6530474424362183,0.0310697555541992
gte_multilingual_base_768d,zh_char,5106,蜃,辰,虫,ROOT-8FB0,139,曳,548,0,0,0,1171,玄,292,0,0,0,256,0,0,292,0.6572779,0.6597012281417847,0.002423346042633
gte_multilingual_base_768d,zh_char,5107,賑,辰,貝,ROOT-8FB0,41,祭,786,0,0,0,1171,祭,309,0,0,0,477,0,0,309,0.60265565,0.6533219218254089,0.0506662726402282
gte_multilingual_base_768d,zh_char,5108,震,辰,雨,ROOT-8FB0,25,晃,536,0,0,0,1171,晃,374,0,0,0,162,0,0,374,0.6681428,0.6668388843536377,-0.0013039112091064
gte_multilingual_base_768d,zh_char,5109,麎,辰,鹿,ROOT-8FB0,10,忝,791,0,0,0,1171,忝,722,0,0,0,69,0,0,722,0.6704129,0.766218364238739,0.0958054661750793
gte_multilingual_base_768d,zh_char,5479,掂,店,扌,ROOT-5360,202,舀,384,0,0,0,1171,量,242,0,0,0,142,0,0,242,0.67491555,0.6873695850372314,0.0124540328979492
gte_multilingual_base_768d,zh_char,5480,惦,店,忄,ROOT-5360,132,勤,235,0,0,0,1171,勤,182,0,0,0,53,0,0,182,0.6599294,0.6579604744911194,-0.0019689202308654
qwen3_0.6b_1024d,cn_def,31,儐,賓,亻,ROOT-219CD,126,后,15,0,0,0,1053,后,15,0,0,0,0,0,0,15,0.6467477,0.6493090987205505,0.0025613903999328
qwen3_0.6b_1024d,cn_def,32,嬪,賓,女,ROOT-219CD,68,侯,119,0,0,0,1053,侯,115,0,0,0,4,0,0,115,0.44728425,0.4664997458457947,0.0192154943943023
qwen3_0.6b_1024d,cn_def,33,擯,賓,扌,ROOT-219CD,138,別,539,0,0,0,1053,別,347,0,0,0,192,0,0,347,0.44086012,0.4859716892242431,0.0451115667819976
qwen3_0.6b_1024d,cn_def,34,檳,賓,木,ROOT-219CD,139,葛,894,0,0,0,1053,葛,651,0,0,0,243,0,0,651,0.23670328,0.3131359815597534,0.0764327049255371
qwen3_0.6b_1024d,cn_def,35,殯,賓,歹,ROOT-219CD,10,鬼,317,0,0,0,1053,止,73,0,0,0,244,0,0,73,0.41389978,0.4524822235107422,0.038582444190979
qwen3_0.6b_1024d,cn_def,36,濱,賓,氵,ROOT-219CD,185,浦,657,0,0,0,1053,浦,507,0,0,0,150,0,0,507,0.4409278,0.4977668225765228,0.0568390190601348
qwen3_0.6b_1024d,cn_def,37,繽,賓,糸,ROOT-219CD,97,散,635,0,0,0,1053,夭,430,0,0,0,205,0,0,430,0.4251406,0.4653603434562683,0.0402197539806366
qwen3_0.6b_1024d,cn_def,38,鬢,賓,髟,ROOT-219CD,10,眉,571,0,0,0,1053,領,301,0,0,0,270,0,0,301,0.3333246,0.417294979095459,0.0839703679084777
qwen3_0.6b_1024d,cn_def,252,刻,亥,刂,ROOT-4EA5,19,刀,808,0,0,0,1053,閑,552,0,0,0,256,0,0,552,0.40119308,0.4611330032348633,0.0599399209022522
qwen3_0.6b_1024d,cn_def,253,劾,亥,力,ROOT-4EA5,15,省,1044,0,0,0,1053,省,1007,0,0,0,37,0,0,1007,0.24823833,0.2812057733535766,0.0329674482345581
qwen3_0.6b_1024d,cn_def,254,咳,亥,口,ROOT-4EA5,113,息,924,0,0,0,1053,息,658,0,0,0,266,0,0,658,0.30416584,0.3828429579734802,0.0786771178245544
qwen3_0.6b_1024d,cn_def,255,垓,亥,土,ROOT-4EA5,65,野,881,0,0,0,1053,敞,885,0,0,0,-4,0,0,885,0.41699058,0.4176669716835022,0.0006763935089111
qwen3_0.6b_1024d,cn_def,256,孩,亥,子,ROOT-4EA5,5,嬰,944,0,0,0,1053,嬰,1025,0,0,0,-81,0,0,1025,0.34710187,0.3471581935882568,5.632638931274414e-05
qwen3_0.6b_1024d,cn_def,257,核,亥,木,ROOT-4EA5,139,米,924,0,0,0,1053,米,937,0,0,0,-13,0,0,937,0.3298071,0.3405499458312988,0.0107428431510925
qwen3_0.6b_1024d,cn_def,258,欬,亥,欠,ROOT-4EA5,13,疾,745,0,0,0,1053,疾,873,0,0,0,-128,0,0,873,0.3253224,0.3247743248939514,-0.0005480647087097
qwen3_0.6b_1024d,cn_def,259,該,亥,言,ROOT-4EA5,95,宜,853,0,0,0,1053,宜,597,0,0,0,256,0,0,597,0.37514964,0.4114965796470642,0.0363469421863555
qwen3_0.6b_1024d,cn_def,260,閡,亥,門,ROOT-4EA5,19,絕,906,0,0,0,1053,絕,659,0,0,0,247,0,0,659,0.3763915,0.4310777187347412,0.0546862185001373
qwen3_0.6b_1024d,cn_def,261,頦,亥,頁,ROOT-4EA5,27,面,299,0,0,0,1053,玄,285,0,0,0,14,0,0,285,0.45644897,0.4779776632785797,0.0215286910533905
qwen3_0.6b_1024d,cn_def,262,駭,亥,馬,ROOT-4EA5,34,畏,952,0,0,0,1053,畏,973,0,0,0,-21,0,0,973,0.3099217,0.313878059387207,0.0039563477039337
qwen3_0.6b_1024d,cn_def,263,骸,亥,骨,ROOT-4EA5,5,節,781,0,0,0,1053,品,650,0,0,0,131,0,0,650,0.44132733,0.4696463048458099,0.0283189713954925
qwen3_0.6b_1024d,cn_def,398,完,元,宀,ROOT-5143,19,完,47,0,0,0,1053,完,31,0,0,0,16,0,0,31,0.5888264,0.5592690706253052,-0.0295573472976684
qwen3_0.6b_1024d,cn_def,404,沅,元,氵,ROOT-5143,185,贛,162,0,0,0,1053,洛,85,0,0,0,77,0,0,85,0.45674562,0.5136539936065674,0.056908369064331
qwen3_0.6b_1024d,cn_def,405,玩,元,王,ROOT-5143,44,敖,665,0,0,0,1053,武,521,0,0,0,144,0,0,521,0.4026606,0.4098432958126068,0.0071826875209808
qwen3_0.6b_1024d,cn_def,407,阮,元,阝,ROOT-5143,47,潘,178,0,0,0,1053,蚩,123,0,0,0,55,0,0,123,0.44045994,0.4743319153785705,0.033871978521347
qwen3_0.6b_1024d,cn_def,408,頑,元,頁,ROOT-5143,27,魯,475,0,0,0,1053,堅,671,0,0,0,-196,0,0,671,0.39800435,0.3482199609279632,-0.0497843921184539
qwen3_0.6b_1024d,cn_def,433,偈,曷,亻,ROOT-5303,126,敏,412,0,0,0,1053,敏,439,0,0,0,-27,0,0,439,0.4632691,0.4628931879997253,-0.0003759264945983
qwen3_0.6b_1024d,cn_def,434,喝,曷,口,ROOT-5303,113,肴,848,0,0,0,1053,肴,911,0,0,0,-63,0,0,911,0.34590557,0.334557294845581,-0.0113482773303985
qwen3_0.6b_1024d,cn_def,435,愒,曷,忄,ROOT-5303,79,仄,852,0,0,0,1053,仄,925,0,0,0,-73,0,0,925,0.39298132,0.387183129787445,-0.005798190832138
qwen3_0.6b_1024d,cn_def,436,揭,曷,扌,ROOT-5303,138,拾,402,0,0,0,1053,益,336,0,0,0,66,0,0,336,0.48770615,0.513720691204071,0.0260145366191864
qwen3_0.6b_1024d,cn_def,437,歇,曷,欠,ROOT-5303,13,歇,840,0,0,0,1053,歇,830,0,0,0,10,0,0,830,0.33514825,0.3467836081981659,0.0116353631019592
qwen3_0.6b_1024d,cn_def,439,渴,曷,氵,ROOT-5303,185,欠,501,0,0,0,1053,欠,425,0,0,0,76,0,0,425,0.33880234,0.3588273227214813,0.0200249850749969
qwen3_0.6b_1024d,cn_def,440,碣,曷,石,ROOT-5303,38,卦,300,0,0,0,1053,聿,294,0,0,0,6,0,0,294,0.42859107,0.4578550159931183,0.0292639434337615
qwen3_0.6b_1024d,cn_def,441,竭,曷,立,ROOT-5303,3,匱,417,0,0,0,1053,匱,262,0,0,0,155,0,0,262,0.49388587,0.4204633235931396,-0.0734225511550903
qwen3_0.6b_1024d,cn_def,443,葛,曷,艹,ROOT-5303,150,葛,808,0,0,0,1053,葛,743,0,0,0,65,0,0,743,0.26226193,0.3476688265800476,0.0854068994522094
qwen3_0.6b_1024d,cn_def,444,褐,曷,衤,ROOT-5303,33,化,834,0,0,0,1053,凡,728,0,0,0,106,0,0,728,0.32171535,0.402692437171936,0.0809770822525024
qwen3_0.6b_1024d,cn_def,445,謁,曷,言,ROOT-5303,95,謁,197,0,0,0,1053,謁,314,0,0,0,-117,0,0,314,0.45493025,0.4314506649971008,-0.0234795808792114
qwen3_0.6b_1024d,cn_def,448,遏,曷,辶,ROOT-5303,51,弭,615,0,0,0,1053,絕,530,0,0,0,85,0,0,530,0.4212451,0.4498286545276642,0.0285835564136505
qwen3_0.6b_1024d,cn_def,1158,佳,圭,亻,ROOT-572D,126,臧,780,0,0,0,1053,旖,722,0,0,0,58,0,0,722,0.35783938,0.3641801178455353,0.006340742111206
qwen3_0.6b_1024d,cn_def,1162,哇,圭,口,ROOT-572D,113,於,826,0,0,0,1053,音,756,0,0,0,70,0,0,756,0.3621109,0.42192143201828,0.0598105192184448
qwen3_0.6b_1024d,cn_def,1163,奎,圭,大,ROOT-572D,3,婁,43,0,0,0,1053,婁,115,0,0,0,-72,0,0,115,0.43399173,0.3487542271614074,-0.0852375030517578
qwen3_0.6b_1024d,cn_def,1164,娃,圭,女,ROOT-572D,68,幼,1000,0,0,0,1053,幼,1008,0,0,0,-8,0,0,1008,0.22342181,0.220410406589508,-0.003011405467987
qwen3_0.6b_1024d,cn_def,1165,恚,圭,心,ROOT-572D,43,尤,960,0,0,0,1053,尤,882,0,0,0,78,0,0,882,0.3038745,0.3773610591888428,0.0734865665435791
qwen3_0.6b_1024d,cn_def,1166,桂,圭,木,ROOT-572D,139,棘,427,0,0,0,1053,棘,783,0,0,0,-356,0,0,783,0.32799092,0.3497629761695862,0.0217720568180084
qwen3_0.6b_1024d,cn_def,1167,珪,圭,王,ROOT-572D,44,予,2,0,1,1,1053,予,150,0,0,0,-148,0,0,150,0.5101787,0.4246654212474823,-0.0855132639408111
qwen3_0.6b_1024d,cn_def,1168,畦,圭,田,ROOT-572D,9,田,1007,0,0,0,1053,田,1012,0,0,0,-5,0,0,1012,0.30721748,0.3266979157924652,0.0194804370403289
qwen3_0.6b_1024d,cn_def,1169,蛙,圭,虫,ROOT-572D,76,魚,859,0,0,0,1053,品,848,0,0,0,11,0,0,848,0.36404082,0.4219710826873779,0.0579302608966827
qwen3_0.6b_1024d,cn_def,1170,街,圭,行,ROOT-572D,4,邑,1033,0,0,0,1053,邑,1049,0,0,0,-16,0,0,1049,0.1931468,0.1010811701416969,-0.0920656248927116
qwen3_0.6b_1024d,cn_def,1171,閨,圭,門,ROOT-572D,19,屋,842,0,0,0,1053,耦,762,0,0,0,80,0,0,762,0.2883606,0.2889817357063293,0.0006211400032043
qwen3_0.6b_1024d,cn_def,1172,鞋,圭,革,ROOT-572D,12,衣,358,0,0,0,1053,走,999,0,0,0,-641,0,0,999,0.3921405,0.2826360762119293,-0.1095044314861297
qwen3_0.6b_1024d,cn_def,1176,僥,堯,亻,ROOT-582F,126,占,301,0,0,0,1053,占,285,0,0,0,16,0,0,285,0.40615052,0.4138736426830292,0.0077231228351593
qwen3_0.6b_1024d,cn_def,1177,嬈,堯,女,ROOT-582F,68,盈,41,0,0,0,1053,盈,54,0,0,0,-13,0,0,54,0.627192,0.6094326972961426,-0.0177593231201171
qwen3_0.6b_1024d,cn_def,1178,撓,堯,扌,ROOT-582F,138,棼,557,0,0,0,1053,棼,519,0,0,0,38,0,0,519,0.43765143,0.461202472448349,0.0235510468482971
qwen3_0.6b_1024d,cn_def,1179,曉,堯,日,ROOT-582F,42,旦,38,0,0,0,1053,旦,39,0,0,0,-1,0,0,39,0.508969,0.5073361396789551,-0.0016328692436218
qwen3_0.6b_1024d,cn_def,1180,橈,堯,木,ROOT-582F,139,舟,274,0,0,0,1053,舟,440,0,0,0,-166,0,0,440,0.46020946,0.4675008058547973,0.0072913467884063
qwen3_0.6b_1024d,cn_def,1181,澆,堯,氵,ROOT-582F,185,泉,246,0,0,0,1053,垂,183,0,0,0,63,0,0,183,0.4185295,0.454707384109497,0.0361778736114501
qwen3_0.6b_1024d,cn_def,1182,燒,堯,火,ROOT-582F,34,烝,149,0,0,0,1053,烝,424,0,0,0,-275,0,0,424,0.5248572,0.503409743309021,-0.021447479724884
qwen3_0.6b_1024d,cn_def,1183,繞,堯,糸,ROOT-582F,97,包,62,0,0,0,1053,逮,103,0,0,0,-41,0,0,103,0.58389926,0.6014870405197144,0.0175877809524536
qwen3_0.6b_1024d,cn_def,1184,翹,堯,羽,ROOT-582F,13,陟,44,0,0,0,1053,陟,173,0,0,0,-129,0,0,173,0.57691145,0.5100092887878418,-0.0669021606445312
qwen3_0.6b_1024d,cn_def,1185,蟯,堯,虫,ROOT-582F,76,兔,162,0,0,0,1053,兔,174,0,0,0,-12,0,0,174,0.43464026,0.5081544518470764,0.0735141932964325
qwen3_0.6b_1024d,cn_def,1186,遶,堯,辶,ROOT-582F,51,折,623,0,0,0,1053,卷,590,0,0,0,33,0,0,590,0.3431301,0.3449155390262604,0.0017854273319244
qwen3_0.6b_1024d,cn_def,1187,鐃,堯,釒,ROOT-582F,85,咎,461,0,0,0,1053,咎,437,0,0,0,24,0,0,437,0.35936698,0.37779301404953,0.0184260308742523
qwen3_0.6b_1024d,cn_def,1188,饒,堯,飠,ROOT-582F,21,函,424,0,0,0,1053,函,344,0,0,0,80,0,0,344,0.44517845,0.4299677908420563,-0.0152106583118438
qwen3_0.6b_1024d,cn_def,1189,驍,堯,馬,ROOT-582F,34,賁,113,0,0,0,1053,賁,289,0,0,0,-176,0,0,289,0.4119588,0.3617050051689148,-0.0502538084983825
qwen3_0.6b_1024d,cn_def,1536,冶,台,冫,ROOT-382F,5,金,969,0,0,0,1053,金,874,0,0,0,95,0,0,874,0.2953914,0.2886511385440826,-0.0067402720451354
qwen3_0.6b_1024d,cn_def,1537,始,台,女,ROOT-382F,68,原,742,0,0,0,1053,原,723,0,0,0,19,0,0,723,0.4121177,0.3855460882186889,-0.0265716016292572
qwen3_0.6b_1024d,cn_def,1538,怠,台,心,ROOT-382F,43,魯,827,0,0,0,1053,魯,765,0,0,0,62,0,0,765,0.3635035,0.3981404900550842,0.0346370041370391
qwen3_0.6b_1024d,cn_def,1539,怡,台,忄,ROOT-382F,79,樂,847,0,0,0,1053,樂,830,0,0,0,17,0,0,830,0.37123927,0.3967950046062469,0.0255557298660278
qwen3_0.6b_1024d,cn_def,1540,殆,台,歹,ROOT-382F,10,虞,1010,0,0,0,1053,危,936,0,0,0,74,0,0,936,0.3212482,0.3364900648593902,0.0152418613433837
qwen3_0.6b_1024d,cn_def,1541,治,台,氵,ROOT-382F,185,宰,938,0,0,0,1053,宰,821,0,0,0,117,0,0,821,0.37774533,0.3907383382320404,0.0129930078983306
qwen3_0.6b_1024d,cn_def,1542,笞,台,竹,ROOT-382F,60,打,1035,0,0,0,1053,伐,999,0,0,0,36,0,0,999,0.28923908,0.3361614942550659,0.0469224154949188
qwen3_0.6b_1024d,cn_def,1543,紿,台,糸,ROOT-382F,97,欺,763,0,0,0,1053,欺,638,0,0,0,125,0,0,638,0.3606757,0.3735752403736114,0.0128995478153228
qwen3_0.6b_1024d,cn_def,1544,胎,台,肉,ROOT-382F,69,嬰,764,0,0,0,1053,嬰,717,0,0,0,47,0,0,717,0.38556325,0.424063116312027,0.0384998619556427
qwen3_0.6b_1024d,cn_def,1545,苔,台,艹,ROOT-382F,150,艾,795,0,0,0,1053,卉,841,0,0,0,-46,0,0,841,0.28784236,0.355523020029068,0.0676806569099426
qwen3_0.6b_1024d,cn_def,1546,貽,台,貝,ROOT-382F,28,付,905,0,0,0,1053,付,712,0,0,0,193,0,0,712,0.37534323,0.4605322480201721,0.085189014673233
qwen3_0.6b_1024d,cn_def,1547,邰,台,阝,ROOT-382F,47,滕,927,0,0,0,1053,晉,737,0,0,0,190,0,0,737,0.25674382,0.3203285932540893,0.0635847747325897
qwen3_0.6b_1024d,cn_def,1548,颱,台,風,ROOT-382F,3,景,1007,0,0,0,1053,具,988,0,0,0,19,0,0,988,0.2380948,0.190406784415245,-0.0476880222558975
qwen3_0.6b_1024d,cn_def,1549,飴,台,飠,ROOT-382F,21,甘,524,0,0,0,1053,甘,294,0,0,0,230,0,0,294,0.36232507,0.4087467789649963,0.0464217066764831
qwen3_0.6b_1024d,cn_def,1550,駘,台,馬,ROOT-382F,34,魯,588,0,0,0,1053,魯,492,0,0,0,96,0,0,492,0.38448355,0.3964454233646393,0.0119618773460388
qwen3_0.6b_1024d,cn_def,1579,啻,帝,口,ROOT-5E1D,113,唯,655,0,0,0,1053,唯,455,0,0,0,200,0,0,455,0.36380595,0.3872209787368774,0.0234150290489196
qwen3_0.6b_1024d,cn_def,1580,啼,帝,口,ROOT-5E1D,113,音,934,0,0,0,1053,聿,775,0,0,0,159,0,0,775,0.36744314,0.4293577671051025,0.0619146227836608
qwen3_0.6b_1024d,cn_def,1581,締,帝,糸,ROOT-5E1D,97,連,584,0,0,0,1053,連,482,0,0,0,102,0,0,482,0.4434595,0.4557701647281647,0.012310653924942
qwen3_0.6b_1024d,cn_def,1582,蒂,帝,艹,ROOT-5E1D,150,節,773,0,0,0,1053,肩,688,0,0,0,85,0,0,688,0.39772642,0.4374494552612304,0.0397230386734008
qwen3_0.6b_1024d,cn_def,1583,諦,帝,言,ROOT-5E1D,95,侖,268,0,0,0,1053,侖,102,0,0,0,166,0,0,102,0.48475066,0.5243735909461975,0.0396229326725006
qwen3_0.6b_1024d,cn_def,1584,蹄,帝,𧾷,ROOT-5E1D,47,尾,622,0,0,0,1053,尾,397,0,0,0,225,0,0,397,0.38178074,0.4382199645042419,0.0564392209053039
qwen3_0.6b_1024d,cn_def,2028,欄,闌,木,ROOT-67EC,139,畜,75,0,0,0,1053,畜,616,0,0,0,-541,0,0,616,0.5071701,0.3864223062992096,-0.1207477748394012
qwen3_0.6b_1024d,cn_def,2029,瀾,闌,氵,ROOT-67EC,185,舟,150,0,0,0,1053,敞,145,0,0,0,5,0,0,145,0.53244054,0.5533897876739502,0.0209492444992065
qwen3_0.6b_1024d,cn_def,2030,爛,闌,火,ROOT-67EC,34,艮,630,0,0,0,1053,艮,688,0,0,0,-58,0,0,688,0.3918482,0.385109543800354,-0.0067386627197265
qwen3_0.6b_1024d,cn_def,2031,蘭,闌,艹,ROOT-67EC,150,蘭,173,0,0,0,1053,蘭,428,0,0,0,-255,0,0,428,0.38335398,0.4117533564567566,0.0283993780612945
qwen3_0.6b_1024d,cn_def,2305,倩,青,亻,ROOT-9752,126,冀,538,0,0,0,1053,冀,568,0,0,0,-30,0,0,568,0.37091076,0.3610932230949402,-0.0098175406455993
qwen3_0.6b_1024d,cn_def,2306,情,青,忄,ROOT-9752,79,意,890,0,0,0,1053,度,930,0,0,0,-40,0,0,930,0.32535517,0.3172535896301269,-0.0081015825271606
qwen3_0.6b_1024d,cn_def,2307,晴,青,日,ROOT-9752,42,景,406,0,0,0,1053,天,449,0,0,0,-43,0,0,449,0.44122717,0.46890389919281,0.0276767313480377
qwen3_0.6b_1024d,cn_def,2308,猜,青,犭,ROOT-9752,27,意,858,0,0,0,1053,慮,918,0,0,0,-60,0,0,918,0.3788889,0.3324858844280243,-0.046403020620346
qwen3_0.6b_1024d,cn_def,2309,睛,青,目,ROOT-9752,31,采,816,0,0,0,1053,聿,850,0,0,0,-34,0,0,850,0.35278296,0.4341051876544952,0.0813222229480743
qwen3_0.6b_1024d,cn_def,2310,精,青,米,ROOT-9752,16,廣,160,0,0,0,1053,廣,172,0,0,0,-12,0,0,172,0.5005451,0.4950687885284424,-0.0054762959480285
qwen3_0.6b_1024d,cn_def,2311,菁,青,艹,ROOT-9752,150,周,197,0,0,0,1053,周,808,0,0,0,-611,0,0,808,0.49234998,0.3293120563030243,-0.1630379259586334
qwen3_0.6b_1024d,cn_def,2312,蜻,青,虫,ROOT-9752,76,龜,718,0,0,0,1053,貌,870,0,0,0,-152,0,0,870,0.3448743,0.4131057262420654,0.0682314336299896
qwen3_0.6b_1024d,cn_def,2313,請,青,言,ROOT-9752,95,后,691,0,0,0,1053,后,594,0,0,0,97,0,0,594,0.37014592,0.3728641271591186,0.0027182102203369
qwen3_0.6b_1024d,cn_def,2314,靖,青,立,ROOT-9752,3,寧,317,0,0,0,1053,寧,343,0,0,0,-26,0,0,343,0.45074296,0.3637898564338684,-0.0869531035423278
qwen3_0.6b_1024d,cn_def,2315,靚,青,見,ROOT-9752,3,旖,328,0,0,0,1053,旖,372,0,0,0,-44,0,0,372,0.47352868,0.4339669346809387,-0.0395617485046386
qwen3_0.6b_1024d,cn_def,2317,鯖,青,魚,ROOT-9752,19,魚,276,0,0,0,1053,完,231,0,0,0,45,0,0,231,0.3473009,0.4231555163860321,0.0758546292781829
qwen3_0.6b_1024d,cn_def,2725,涂,余,氵,ROOT-4F59,185,涂,832,0,0,0,1053,涂,681,0,0,0,151,0,0,681,0.31443667,0.3295171558856964,0.0150804817676544
qwen3_0.6b_1024d,cn_def,2726,徐,余,彳,ROOT-4F59,13,冉,672,0,0,0,1053,冉,634,0,0,0,38,0,0,634,0.46118736,0.4613605141639709,0.0001731514930725
qwen3_0.6b_1024d,cn_def,2727,斜,余,斗,ROOT-4F59,4,仄,559,0,0,0,1053,仄,670,0,0,0,-111,0,0,670,0.472997,0.4115698933601379,-0.0614271163940429
qwen3_0.6b_1024d,cn_def,2729,畬,余,田,ROOT-4F59,9,田,402,0,0,0,1053,頃,331,0,0,0,71,0,0,331,0.36475366,0.3865567445755005,0.021803081035614
qwen3_0.6b_1024d,cn_def,2730,荼,余,艹,ROOT-4F59,150,瓠,831,0,0,0,1053,本,734,0,0,0,97,0,0,734,0.2709627,0.3663785457611084,0.095415860414505
qwen3_0.6b_1024d,cn_def,2731,蜍,余,虫,ROOT-4F59,76,匍,808,0,0,0,1053,阜,804,0,0,0,4,0,0,804,0.32712156,0.3965389132499695,0.0694173574447631
qwen3_0.6b_1024d,cn_def,2732,途,余,辶,ROOT-4F59,51,路,779,0,0,0,1053,路,811,0,0,0,-32,0,0,811,0.3907681,0.4178138375282287,0.027045726776123
qwen3_0.6b_1024d,cn_def,2733,除,余,阝,ROOT-4F59,47,除,622,0,0,0,1053,除,443,0,0,0,179,0,0,443,0.38984028,0.4249918758869171,0.0351516008377075
qwen3_0.6b_1024d,cn_def,2734,餘,余,飠,ROOT-4F59,21,曼,819,0,0,0,1053,曼,535,0,0,0,284,0,0,535,0.3649528,0.3917129933834076,0.0267601907253265
qwen3_0.6b_1024d,cn_def,2919,娠,辰,女,ROOT-8FB0,68,育,522,0,0,0,1053,育,623,0,0,0,-101,0,0,623,0.43555957,0.4253141582012176,-0.0102454125881195
qwen3_0.6b_1024d,cn_def,2920,宸,辰,宀,ROOT-8FB0,19,屋,429,0,0,0,1053,屋,164,0,0,0,265,0,0,164,0.42615426,0.4591546952724457,0.0330004394054412
qwen3_0.6b_1024d,cn_def,2921,振,辰,扌,ROOT-8FB0,138,拾,827,0,0,0,1053,示,763,0,0,0,64,0,0,763,0.4030621,0.4422355592250824,0.0391734540462493
qwen3_0.6b_1024d,cn_def,2922,晨,辰,日,ROOT-8FB0,42,晨,608,0,0,0,1053,晨,670,0,0,0,-62,0,0,670,0.34914035,0.3824848234653473,0.0333444774150848
qwen3_0.6b_1024d,cn_def,2923,脣,辰,肉,ROOT-8FB0,69,脣,656,0,0,0,1053,脣,656,0,0,0,0,0,0,656,0.3591734,0.395081877708435,0.0359084904193878
qwen3_0.6b_1024d,cn_def,2924,蜃,辰,虫,ROOT-8FB0,76,弘,829,0,0,0,1053,弘,836,0,0,0,-7,0,0,836,0.33024198,0.344754159450531,0.0145121812820434
qwen3_0.6b_1024d,cn_def,2925,賑,辰,貝,ROOT-8FB0,28,致,927,0,0,0,1053,養,881,0,0,0,46,0,0,881,0.35166395,0.3924489617347717,0.040785014629364
qwen3_0.6b_1024d,cn_def,2926,震,辰,雨,ROOT-8FB0,21,發,805,0,0,0,1053,打,653,0,0,0,152,0,0,653,0.4013431,0.4562826156616211,0.0549395084381103
qwen3_0.6b_1024d,cn_def,3158,掂,店,扌,ROOT-5360,138,量,180,0,0,0,1053,量,166,0,0,0,14,0,0,166,0.49263453,0.5100268125534058,0.0173922777175903
qwen3_0.6b_1024d,cn_def,3159,惦,店,忄,ROOT-5360,79,念,253,0,0,0,1053,念,132,0,0,0,121,0,0,132,0.48005384,0.5203284025192261,0.0402745604515075
qwen3_0.6b_1024d,en_def_translated_cn_def,31,儐,賓,亻,ROOT-219CD,126,王,24,0,0,0,1053,王,26,0,0,0,-2,0,0,26,0.5665772,0.575992226600647,0.0094150304794311
qwen3_0.6b_1024d,en_def_translated_cn_def,32,嬪,賓,女,ROOT-219CD,68,后,434,0,0,0,1053,后,385,0,0,0,49,0,0,385,0.4126217,0.4454050958156585,0.0327833890914917
qwen3_0.6b_1024d,en_def_translated_cn_def,33,擯,賓,扌,ROOT-219CD,138,別,307,0,0,0,1053,別,114,0,0,0,193,0,0,114,0.5195862,0.5466804504394531,0.0270942449569702
qwen3_0.6b_1024d,en_def_translated_cn_def,34,檳,賓,木,ROOT-219CD,139,葛,939,0,0,0,1053,華,888,0,0,0,51,0,0,888,0.2526217,0.3220651745796203,0.0694434642791748
qwen3_0.6b_1024d,en_def_translated_cn_def,35,殯,賓,歹,ROOT-219CD,10,尸,597,0,0,0,1053,尸,236,0,0,0,361,0,0,236,0.3473265,0.3654044866561889,0.0180779993534088
qwen3_0.6b_1024d,en_def_translated_cn_def,36,濱,賓,氵,ROOT-219CD,185,浦,632,0,0,0,1053,浦,501,0,0,0,131,0,0,501,0.42439795,0.4766203761100769,0.0522224307060241
qwen3_0.6b_1024d,en_def_translated_cn_def,37,繽,賓,糸,ROOT-219CD,97,昌,851,0,0,0,1053,昌,598,0,0,0,253,0,0,598,0.4165449,0.4936383366584778,0.0770934224128723
qwen3_0.6b_1024d,en_def_translated_cn_def,38,鬢,賓,髟,ROOT-219CD,10,眉,912,0,0,0,1053,眉,803,0,0,0,109,0,0,803,0.3491767,0.4190786778926849,0.0699019730091095
qwen3_0.6b_1024d,en_def_translated_cn_def,252,刻,亥,刂,ROOT-4EA5,19,屈,394,0,0,0,1053,矢,163,0,0,0,231,0,0,163,0.48289028,0.5364922285079956,0.0536019504070282
qwen3_0.6b_1024d,en_def_translated_cn_def,253,劾,亥,力,ROOT-4EA5,15,制,576,0,0,0,1053,制,430,0,0,0,146,0,0,430,0.45302862,0.4668392539024353,0.0138106346130371
qwen3_0.6b_1024d,en_def_translated_cn_def,254,咳,亥,口,ROOT-4EA5,113,雷,649,0,0,0,1053,息,390,0,0,0,259,0,0,390,0.28728968,0.3327251374721527,0.0454354584217071
qwen3_0.6b_1024d,en_def_translated_cn_def,255,垓,亥,土,ROOT-4EA5,65,蕭,352,0,0,0,1053,蕭,352,0,0,0,0,0,0,352,0.48720443,0.4958827197551727,0.0086782872676849
qwen3_0.6b_1024d,en_def_translated_cn_def,256,孩,亥,子,ROOT-4EA5,5,幼,593,0,0,0,1053,丸,763,0,0,0,-170,0,0,763,0.3747704,0.3825819194316864,0.0078115165233612
qwen3_0.6b_1024d,en_def_translated_cn_def,257,核,亥,木,ROOT-4EA5,139,果,345,0,0,0,1053,米,671,0,0,0,-326,0,0,671,0.42795613,0.4270227551460266,-0.0009333789348602
qwen3_0.6b_1024d,en_def_translated_cn_def,258,欬,亥,欠,ROOT-4EA5,13,臭,660,0,0,0,1053,臭,642,0,0,0,18,0,0,642,0.43606824,0.4270229935646057,-0.0090452432632446
qwen3_0.6b_1024d,en_def_translated_cn_def,259,該,亥,言,ROOT-4EA5,95,宜,545,0,0,0,1053,宜,387,0,0,0,158,0,0,387,0.5041292,0.5312204957008362,0.0270913243293762
qwen3_0.6b_1024d,en_def_translated_cn_def,260,閡,亥,門,ROOT-4EA5,19,絕,659,0,0,0,1053,絕,455,0,0,0,204,0,0,455,0.45849106,0.4873829483985901,0.0288918912410736
qwen3_0.6b_1024d,en_def_translated_cn_def,261,頦,亥,頁,ROOT-4EA5,27,領,550,0,0,0,1053,戎,550,0,0,0,0,0,0,550,0.4966882,0.5025850534439087,0.0058968663215637
qwen3_0.6b_1024d,en_def_translated_cn_def,262,駭,亥,馬,ROOT-4EA5,34,迷,725,0,0,0,1053,迷,602,0,0,0,123,0,0,602,0.39601707,0.4338148236274719,0.0377977490425109
qwen3_0.6b_1024d,en_def_translated_cn_def,263,骸,亥,骨,ROOT-4EA5,5,脊,502,0,0,0,1053,品,422,0,0,0,80,0,0,422,0.4613846,0.5479097366333008,0.0865251421928405
qwen3_0.6b_1024d,en_def_translated_cn_def,398,完,元,宀,ROOT-5143,19,完,130,0,0,0,1053,完,55,0,0,0,75,0,0,55,0.5889115,0.600629448890686,0.0117179751396179
qwen3_0.6b_1024d,en_def_translated_cn_def,404,沅,元,氵,ROOT-5143,185,贛,93,0,0,0,1053,洛,55,0,0,0,38,0,0,55,0.55354667,0.5910258293151855,0.0374791622161865
qwen3_0.6b_1024d,en_def_translated_cn_def,405,玩,元,王,ROOT-5143,44,敖,158,0,0,0,1053,敖,171,0,0,0,-13,0,0,171,0.5336684,0.5252623558044434,-0.0084060430526733
qwen3_0.6b_1024d,en_def_translated_cn_def,407,阮,元,阝,ROOT-5143,47,袁,167,0,0,0,1053,過,158,0,0,0,9,0,0,158,0.50706947,0.5371622443199158,0.0300927758216857
qwen3_0.6b_1024d,en_def_translated_cn_def,408,頑,元,頁,ROOT-5143,27,固,398,0,0,0,1053,固,599,0,0,0,-201,0,0,599,0.47728533,0.414319097995758,-0.0629662275314331
qwen3_0.6b_1024d,en_def_translated_cn_def,433,偈,曷,亻,ROOT-5303,126,闌,1033,0,0,0,1053,闌,1031,0,0,0,2,0,0,1031,0.2740401,0.2763100266456604,0.0022699236869812
qwen3_0.6b_1024d,en_def_translated_cn_def,434,喝,曷,口,ROOT-5303,113,舀,1012,0,0,0,1053,舀,996,0,0,0,16,0,0,996,0.23784432,0.2576095163822174,0.0197651982307434
qwen3_0.6b_1024d,en_def_translated_cn_def,435,愒,曷,忄,ROOT-5303,79,忌,1027,0,0,0,1053,思,1017,0,0,0,10,0,0,1017,0.27555528,0.3060963749885559,0.0305410921573638
qwen3_0.6b_1024d,en_def_translated_cn_def,436,揭,曷,扌,ROOT-5303,138,畜,1000,0,0,0,1053,顛,975,0,0,0,25,0,0,975,0.343791,0.3929537832736969,0.0491627752780914
qwen3_0.6b_1024d,en_def_translated_cn_def,437,歇,曷,欠,ROOT-5303,13,歇,1008,0,0,0,1053,歇,1007,0,0,0,1,0,0,1007,0.30772594,0.3009940981864929,-0.0067318379878997
qwen3_0.6b_1024d,en_def_translated_cn_def,439,渴,曷,氵,ROOT-5303,185,需,1011,0,0,0,1053,需,995,0,0,0,16,0,0,995,0.29802895,0.3348190784454345,0.036790132522583
qwen3_0.6b_1024d,en_def_translated_cn_def,440,碣,曷,石,ROOT-5303,38,札,592,0,0,0,1053,郎,760,0,0,0,-168,0,0,760,0.41842335,0.4274775683879852,0.0090542137622833
qwen3_0.6b_1024d,en_def_translated_cn_def,441,竭,曷,立,ROOT-5303,3,匱,994,0,0,0,1053,匱,894,0,0,0,100,0,0,894,0.26410177,0.2450750470161438,-0.0190267264842987
qwen3_0.6b_1024d,en_def_translated_cn_def,443,葛,曷,艹,ROOT-5303,150,葛,909,0,0,0,1053,葛,972,0,0,0,-63,0,0,972,0.21947508,0.2743235826492309,0.0548485070466995
qwen3_0.6b_1024d,en_def_translated_cn_def,444,褐,曷,衤,ROOT-5303,33,布,1003,0,0,0,1053,卑,1002,0,0,0,1,0,0,1002,0.3029768,0.3496530652046203,0.0466762781143188
qwen3_0.6b_1024d,en_def_translated_cn_def,445,謁,曷,言,ROOT-5303,95,謁,629,0,0,0,1053,謁,598,0,0,0,31,0,0,598,0.42903954,0.4354667663574219,0.0064272284507751
qwen3_0.6b_1024d,en_def_translated_cn_def,448,遏,曷,辶,ROOT-5303,51,寧,1006,0,0,0,1053,寧,988,0,0,0,18,0,0,988,0.29943377,0.3490112721920013,0.0495775043964386
qwen3_0.6b_1024d,en_def_translated_cn_def,1158,佳,圭,亻,ROOT-572D,126,卓,902,0,0,0,1053,卓,915,0,0,0,-13,0,0,915,0.3451115,0.3360805213451385,-0.0090309679508209
qwen3_0.6b_1024d,en_def_translated_cn_def,1162,哇,圭,口,ROOT-572D,113,於,1035,0,0,0,1053,於,1019,0,0,0,16,0,0,1019,0.26371312,0.3166728317737579,0.0529597103595733
qwen3_0.6b_1024d,en_def_translated_cn_def,1163,奎,圭,大,ROOT-572D,3,婁,49,0,0,0,1053,婁,20,0,0,0,29,0,0,20,0.35244185,0.3857555985450744,0.0333137512207031
qwen3_0.6b_1024d,en_def_translated_cn_def,1164,娃,圭,女,ROOT-572D,68,幼,965,0,0,0,1053,幼,977,0,0,0,-12,0,0,977,0.24716108,0.2341026812791824,-0.0130583941936492
qwen3_0.6b_1024d,en_def_translated_cn_def,1165,恚,圭,心,ROOT-572D,43,尤,982,0,0,0,1053,尤,925,0,0,0,57,0,0,925,0.30749238,0.3854823112487793,0.0779899358749389
qwen3_0.6b_1024d,en_def_translated_cn_def,1166,桂,圭,木,ROOT-572D,139,杏,490,0,0,0,1053,杏,880,0,0,0,-390,0,0,880,0.1928019,0.2054619044065475,0.0126600116491317
qwen3_0.6b_1024d,en_def_translated_cn_def,1167,珪,圭,王,ROOT-572D,44,斌,886,0,0,0,1053,斌,1026,0,0,0,-140,0,0,1026,0.30972946,0.213991492986679,-0.0957379639148712
qwen3_0.6b_1024d,en_def_translated_cn_def,1168,畦,圭,田,ROOT-572D,9,荒,957,0,0,0,1053,華,976,0,0,0,-19,0,0,976,0.25304782,0.2795860767364502,0.0265382528305053
qwen3_0.6b_1024d,en_def_translated_cn_def,1169,蛙,圭,虫,ROOT-572D,76,魚,920,0,0,0,1053,魚,853,0,0,0,67,0,0,853,0.33982643,0.4414235949516296,0.1015971601009368
qwen3_0.6b_1024d,en_def_translated_cn_def,1170,街,圭,行,ROOT-572D,4,閻,974,0,0,0,1053,朮,1048,0,0,0,-74,0,0,1048,0.2646088,0.0963023379445076,-0.1683064624667167
qwen3_0.6b_1024d,en_def_translated_cn_def,1171,閨,圭,門,ROOT-572D,19,宅,536,0,0,0,1053,宅,462,0,0,0,74,0,0,462,0.4085636,0.4131859540939331,0.0046223402023315
qwen3_0.6b_1024d,en_def_translated_cn_def,1172,鞋,圭,革,ROOT-572D,12,走,577,0,0,0,1053,走,1009,0,0,0,-432,0,0,1009,0.36215436,0.2495100498199463,-0.1126443147659301
qwen3_0.6b_1024d,en_def_translated_cn_def,1176,僥,堯,亻,ROOT-582F,126,幸,779,0,0,0,1053,幸,805,0,0,0,-26,0,0,805,0.40026665,0.3965495526790619,-0.0037170946598052
qwen3_0.6b_1024d,en_def_translated_cn_def,1177,嬈,堯,女,ROOT-582F,68,旖,120,0,0,0,1053,旖,163,0,0,0,-43,0,0,163,0.5596232,0.5618496537208557,0.0022264719009399
qwen3_0.6b_1024d,en_def_translated_cn_def,1178,撓,堯,扌,ROOT-582F,138,絕,771,0,0,0,1053,絕,810,0,0,0,-39,0,0,810,0.43504423,0.4401685297489166,0.0051243007183074
qwen3_0.6b_1024d,en_def_translated_cn_def,1179,曉,堯,日,ROOT-582F,42,旦,205,0,0,0,1053,旦,350,0,0,0,-145,0,0,350,0.41366953,0.3898921906948089,-0.0237773358821868
qwen3_0.6b_1024d,en_def_translated_cn_def,1180,橈,堯,木,ROOT-582F,139,闌,253,0,0,0,1053,敖,534,0,0,0,-281,0,0,534,0.46872365,0.417069137096405,-0.0516545176506042
qwen3_0.6b_1024d,en_def_translated_cn_def,1181,澆,堯,氵,ROOT-582F,185,舀,30,0,0,0,1053,舀,32,0,0,0,-2,0,0,32,0.5406101,0.5432589054107666,0.0026488304138183
qwen3_0.6b_1024d,en_def_translated_cn_def,1182,燒,堯,火,ROOT-582F,34,建,334,0,0,0,1053,建,476,0,0,0,-142,0,0,476,0.52086836,0.5229947566986084,0.002126395702362
qwen3_0.6b_1024d,en_def_translated_cn_def,1183,繞,堯,糸,ROOT-582F,97,屬,424,0,0,0,1053,屬,499,0,0,0,-75,0,0,499,0.5430484,0.5208581686019897,-0.0221902132034301
qwen3_0.6b_1024d,en_def_translated_cn_def,1184,翹,堯,羽,ROOT-582F,13,畜,306,0,0,0,1053,畜,446,0,0,0,-140,0,0,446,0.4939297,0.459109216928482,-0.0348204970359802
qwen3_0.6b_1024d,en_def_translated_cn_def,1185,蟯,堯,虫,ROOT-582F,76,兔,320,0,0,0,1053,顥,625,0,0,0,-305,0,0,625,0.40911698,0.4683626890182495,0.0592457056045532
qwen3_0.6b_1024d,en_def_translated_cn_def,1186,遶,堯,辶,ROOT-582F,51,回,936,0,0,0,1053,回,910,0,0,0,26,0,0,910,0.28465453,0.2716505229473114,-0.0130040049552917
qwen3_0.6b_1024d,en_def_translated_cn_def,1187,鐃,堯,釒,ROOT-582F,85,咎,573,0,0,0,1053,咎,571,0,0,0,2,0,0,571,0.36688888,0.39099982380867,0.0241109430789947
qwen3_0.6b_1024d,en_def_translated_cn_def,1188,饒,堯,飠,ROOT-582F,21,休,692,0,0,0,1053,休,666,0,0,0,26,0,0,666,0.3934961,0.3459742665290832,-0.0475218296051025
qwen3_0.6b_1024d,en_def_translated_cn_def,1189,驍,堯,馬,ROOT-582F,34,勇,276,0,0,0,1053,勇,403,0,0,0,-127,0,0,403,0.55528694,0.514831006526947,-0.040455937385559
qwen3_0.6b_1024d,en_def_translated_cn_def,1536,冶,台,冫,ROOT-382F,5,條,1053,0,0,0,1053,表,1052,0,0,0,1,0,0,1052,0.15231867,0.1607798039913177,0.0084611326456069
qwen3_0.6b_1024d,en_def_translated_cn_def,1537,始,台,女,ROOT-382F,68,原,1017,0,0,0,1053,原,1010,0,0,0,7,0,0,1010,0.2586881,0.2540638744831085,-0.0046242177486419
qwen3_0.6b_1024d,en_def_translated_cn_def,1538,怠,台,心,ROOT-382F,43,忽,1049,0,0,0,1053,忽,1047,0,0,0,2,0,0,1047,0.17664535,0.2173465192317962,0.0407011657953262
qwen3_0.6b_1024d,en_def_translated_cn_def,1539,怡,台,忄,ROOT-382F,79,欣,1046,0,0,0,1053,欣,1049,0,0,0,-3,0,0,1049,0.19394296,0.2160146832466125,0.0220717191696167
qwen3_0.6b_1024d,en_def_translated_cn_def,1540,殆,台,歹,ROOT-382F,10,畏,1045,0,0,0,1053,畏,1030,0,0,0,15,0,0,1030,0.19588138,0.2354916781187057,0.0396102964878082
qwen3_0.6b_1024d,en_def_translated_cn_def,1541,治,台,氵,ROOT-382F,185,乂,1045,0,0,0,1053,乂,1034,0,0,0,11,0,0,1034,0.21616408,0.2388985455036163,0.0227344632148742
qwen3_0.6b_1024d,en_def_translated_cn_def,1542,笞,台,竹,ROOT-382F,60,刺,1053,0,0,0,1053,刺,1046,0,0,0,7,0,0,1046,0.14111054,0.1887305974960327,0.0476200580596923
qwen3_0.6b_1024d,en_def_translated_cn_def,1543,紿,台,糸,ROOT-382F,97,欺,1038,0,0,0,1053,欺,1013,0,0,0,25,0,0,1013,0.2392905,0.2827593088150024,0.0434688031673431
qwen3_0.6b_1024d,en_def_translated_cn_def,1544,胎,台,肉,ROOT-382F,69,胤,1044,0,0,0,1053,胤,1034,0,0,0,10,0,0,1034,0.23067376,0.2721034586429596,0.0414296984672546
qwen3_0.6b_1024d,en_def_translated_cn_def,1545,苔,台,艹,ROOT-382F,150,艾,1044,0,0,0,1053,艾,1043,0,0,0,1,0,0,1043,0.11233731,0.1867603212594986,0.0744230076670646
qwen3_0.6b_1024d,en_def_translated_cn_def,1546,貽,台,貝,ROOT-382F,28,致,1043,0,0,0,1053,戎,1027,0,0,0,16,0,0,1027,0.22816733,0.2906583249568939,0.0624909996986389
qwen3_0.6b_1024d,en_def_translated_cn_def,1547,邰,台,阝,ROOT-382F,47,滕,1010,0,0,0,1053,滕,986,0,0,0,24,0,0,986,0.17823641,0.2252346277236938,0.0469982177019119
qwen3_0.6b_1024d,en_def_translated_cn_def,1548,颱,台,風,ROOT-382F,3,氾,1049,0,0,0,1053,具,1045,0,0,0,4,0,0,1045,0.15242794,0.1759223937988281,0.0234944522380828
qwen3_0.6b_1024d,en_def_translated_cn_def,1549,飴,台,飠,ROOT-382F,21,禾,1053,0,0,0,1053,堇,1049,0,0,0,4,0,0,1049,0.17515993,0.2341302335262298,0.0589703023433685
qwen3_0.6b_1024d,en_def_translated_cn_def,1550,駘,台,馬,ROOT-382F,34,凡,1042,0,0,0,1053,凡,1027,0,0,0,15,0,0,1027,0.24561296,0.3029502928256988,0.0573373287916183
qwen3_0.6b_1024d,en_def_translated_cn_def,1579,啻,帝,口,ROOT-5E1D,113,與,519,0,0,0,1053,乎,511,0,0,0,8,0,0,511,0.3040818,0.2991402447223663,-0.0049415528774261
qwen3_0.6b_1024d,en_def_translated_cn_def,1580,啼,帝,口,ROOT-5E1D,113,翼,534,0,0,0,1053,翼,510,0,0,0,24,0,0,510,0.44861865,0.4577465653419494,0.009127914905548
qwen3_0.6b_1024d,en_def_translated_cn_def,1581,締,帝,糸,ROOT-5E1D,97,雜,540,0,0,0,1053,雜,536,0,0,0,4,0,0,536,0.48736426,0.4781902432441711,-0.0091740190982818
qwen3_0.6b_1024d,en_def_translated_cn_def,1582,蒂,帝,艹,ROOT-5E1D,150,節,522,0,0,0,1053,節,426,0,0,0,96,0,0,426,0.433392,0.4848443269729614,0.0514523386955261
qwen3_0.6b_1024d,en_def_translated_cn_def,1583,諦,帝,言,ROOT-5E1D,95,因,416,0,0,0,1053,因,270,0,0,0,146,0,0,270,0.47853354,0.5114766359329224,0.0329430997371673
qwen3_0.6b_1024d,en_def_translated_cn_def,1584,蹄,帝,𧾷,ROOT-5E1D,47,末,197,0,0,0,1053,末,120,0,0,0,77,0,0,120,0.484759,0.5016846060752869,0.0169256031513214
qwen3_0.6b_1024d,en_def_translated_cn_def,2028,欄,闌,木,ROOT-67EC,139,罔,58,0,0,0,1053,樊,88,0,0,0,-30,0,0,88,0.5547619,0.5491095185279846,-0.005652368068695
qwen3_0.6b_1024d,en_def_translated_cn_def,2029,瀾,闌,氵,ROOT-67EC,185,溥,19,0,0,0,1053,溥,21,0,0,0,-2,0,0,21,0.60450137,0.6048142910003662,0.0003129243850708
qwen3_0.6b_1024d,en_def_translated_cn_def,2030,爛,闌,火,ROOT-67EC,34,艮,156,0,0,0,1053,艮,135,0,0,0,21,0,0,135,0.50976026,0.5059199333190918,-0.0038403272628784
qwen3_0.6b_1024d,en_def_translated_cn_def,2031,蘭,闌,艹,ROOT-67EC,150,蘭,138,0,0,0,1053,蘭,47,0,0,0,91,0,0,47,0.4334948,0.5379660129547119,0.104471206665039
qwen3_0.6b_1024d,en_def_translated_cn_def,2305,倩,青,亻,ROOT-9752,126,亮,487,0,0,0,1053,亮,458,0,0,0,29,0,0,458,0.47505575,0.4783731698989868,0.0033174157142639
qwen3_0.6b_1024d,en_def_translated_cn_def,2306,情,青,忄,ROOT-9752,79,品,585,0,0,0,1053,品,421,0,0,0,164,0,0,421,0.38195288,0.3963194787502289,0.0143665969371795
qwen3_0.6b_1024d,en_def_translated_cn_def,2307,晴,青,日,ROOT-9752,42,亮,81,0,0,0,1053,亮,55,0,0,0,26,0,0,55,0.5745251,0.5956007838249207,0.0210756659507751
qwen3_0.6b_1024d,en_def_translated_cn_def,2308,猜,青,犭,ROOT-9752,27,意,779,0,0,0,1053,意,770,0,0,0,9,0,0,770,0.3996456,0.3883907794952392,-0.0112548172473907
qwen3_0.6b_1024d,en_def_translated_cn_def,2309,睛,青,目,ROOT-9752,31,面,653,0,0,0,1053,面,683,0,0,0,-30,0,0,683,0.44681028,0.4803579449653625,0.0335476696491241
qwen3_0.6b_1024d,en_def_translated_cn_def,2310,精,青,米,ROOT-9752,16,周,349,0,0,0,1053,吉,504,0,0,0,-155,0,0,504,0.5048747,0.4734400510787964,-0.0314346551895141
qwen3_0.6b_1024d,en_def_translated_cn_def,2311,菁,青,艹,ROOT-9752,150,卓,476,0,0,0,1053,卓,946,0,0,0,-470,0,0,946,0.44095534,0.282256007194519,-0.1586993336677551
qwen3_0.6b_1024d,en_def_translated_cn_def,2312,蜻,青,虫,ROOT-9752,76,豬,241,0,0,0,1053,扁,473,0,0,0,-232,0,0,473,0.32086754,0.3969940841197967,0.0761265456676483
qwen3_0.6b_1024d,en_def_translated_cn_def,2313,請,青,言,ROOT-9752,95,丞,192,0,0,0,1053,丞,144,0,0,0,48,0,0,144,0.3544417,0.3720072507858276,0.0175655484199523
qwen3_0.6b_1024d,en_def_translated_cn_def,2314,靖,青,立,ROOT-9752,3,寧,754,0,0,0,1053,寧,658,0,0,0,96,0,0,658,0.401092,0.3546200394630432,-0.0464719533920288
qwen3_0.6b_1024d,en_def_translated_cn_def,2315,靚,青,見,ROOT-9752,3,旖,221,0,0,0,1053,旖,228,0,0,0,-7,0,0,228,0.5427749,0.477291464805603,-0.0654834508895874
qwen3_0.6b_1024d,en_def_translated_cn_def,2317,鯖,青,魚,ROOT-9752,19,龜,455,0,0,0,1053,思,821,0,0,0,-366,0,0,821,0.26126078,0.3330081403255462,0.0717473626136779
qwen3_0.6b_1024d,en_def_translated_cn_def,2725,涂,余,氵,ROOT-4F59,185,涂,864,0,0,0,1053,涂,628,0,0,0,236,0,0,628,0.33567995,0.3440543115139007,0.0083743631839752
qwen3_0.6b_1024d,en_def_translated_cn_def,2726,徐,余,彳,ROOT-4F59,13,冉,940,0,0,0,1053,柔,932,0,0,0,8,0,0,932,0.36602035,0.3674986958503723,0.0014783442020416
qwen3_0.6b_1024d,en_def_translated_cn_def,2727,斜,余,斗,ROOT-4F59,4,仄,968,0,0,0,1053,仄,991,0,0,0,-23,0,0,991,0.35564587,0.3114806413650512,-0.0441652238368988
qwen3_0.6b_1024d,en_def_translated_cn_def,2729,畬,余,田,ROOT-4F59,9,田,1001,0,0,0,1053,田,935,0,0,0,66,0,0,935,0.2441434,0.3289274573326111,0.084784060716629
qwen3_0.6b_1024d,en_def_translated_cn_def,2730,荼,余,艹,ROOT-4F59,150,艾,950,0,0,0,1053,局,873,0,0,0,77,0,0,873,0.29942706,0.4044148325920105,0.1049877703189849
qwen3_0.6b_1024d,en_def_translated_cn_def,2731,蜍,余,虫,ROOT-4F59,76,皇,942,0,0,0,1053,巨,843,0,0,0,99,0,0,843,0.33947787,0.4207724332809448,0.0812945663928985
qwen3_0.6b_1024d,en_def_translated_cn_def,2732,途,余,辶,ROOT-4F59,51,法,852,0,0,0,1053,法,866,0,0,0,-14,0,0,866,0.43599254,0.4664109945297241,0.0304184556007385
qwen3_0.6b_1024d,en_def_translated_cn_def,2733,除,余,阝,ROOT-4F59,47,除,579,0,0,0,1053,除,412,0,0,0,167,0,0,412,0.25480807,0.2948679029941559,0.0400598347187042
qwen3_0.6b_1024d,en_def_translated_cn_def,2734,餘,余,飠,ROOT-4F59,21,曼,878,0,0,0,1053,曼,664,0,0,0,214,0,0,664,0.4220173,0.4126230180263519,-0.0093942880630493
qwen3_0.6b_1024d,en_def_translated_cn_def,2919,娠,辰,女,ROOT-8FB0,68,育,608,0,0,0,1053,嬰,471,0,0,0,137,0,0,471,0.4664037,0.5001561045646667,0.0337524116039276
qwen3_0.6b_1024d,en_def_translated_cn_def,2920,宸,辰,宀,ROOT-8FB0,19,屋,338,0,0,0,1053,屋,95,0,0,0,243,0,0,95,0.48793346,0.5393489599227905,0.0514155030250549
qwen3_0.6b_1024d,en_def_translated_cn_def,2921,振,辰,扌,ROOT-8FB0,138,取,557,0,0,0,1053,川,355,0,0,0,202,0,0,355,0.5191326,0.5547820925712585,0.0356494784355163
qwen3_0.6b_1024d,en_def_translated_cn_def,2922,晨,辰,日,ROOT-8FB0,42,晨,426,0,0,0,1053,晨,285,0,0,0,141,0,0,285,0.456162,0.5025345087051392,0.046372503042221
qwen3_0.6b_1024d,en_def_translated_cn_def,2923,脣,辰,肉,ROOT-8FB0,69,脣,277,0,0,0,1053,脣,339,0,0,0,-62,0,0,339,0.4685454,0.4998647570610046,0.0313193500041961
qwen3_0.6b_1024d,en_def_translated_cn_def,2924,蜃,辰,虫,ROOT-8FB0,76,貝,527,0,0,0,1053,溥,660,0,0,0,-133,0,0,660,0.40060005,0.4341929256916046,0.0335928797721862
qwen3_0.6b_1024d,en_def_translated_cn_def,2925,賑,辰,貝,ROOT-8FB0,28,助,541,0,0,0,1053,康,520,0,0,0,21,0,0,520,0.50772,0.5094407796859741,0.0017207860946655
qwen3_0.6b_1024d,en_def_translated_cn_def,2926,震,辰,雨,ROOT-8FB0,21,打,232,0,0,0,1053,打,152,0,0,0,80,0,0,152,0.52530456,0.5611790418624878,0.0358744859695434
qwen3_0.6b_1024d,en_def_translated_cn_def,3158,掂,店,扌,ROOT-5360,138,絜,670,0,0,0,1053,絜,604,0,0,0,66,0,0,604,0.41199183,0.4501070380210876,0.0381152033805847
qwen3_0.6b_1024d,en_def_translated_cn_def,3159,惦,店,忄,ROOT-5360,79,巴,421,0,0,0,1053,巴,254,0,0,0,167,0,0,254,0.47076318,0.5149165391921997,0.0441533625125885
qwen3_0.6b_1024d,en_gloss_unihan,52,儐,賓,亻,ROOT-219CD,172,謁,23,0,0,0,1155,謁,17,0,0,0,6,0,0,17,0.604347,0.6071913242340088,0.0028443336486816
qwen3_0.6b_1024d,en_gloss_unihan,53,嬪,賓,女,ROOT-219CD,99,妾,212,0,0,0,1155,廷,355,0,0,0,-143,0,0,355,0.45907605,0.4480152726173401,-0.0110607743263244
qwen3_0.6b_1024d,en_gloss_unihan,54,擯,賓,扌,ROOT-219CD,189,禁,279,0,0,0,1155,禁,121,0,0,0,158,0,0,121,0.6055873,0.638373076915741,0.0327857732772827
qwen3_0.6b_1024d,en_gloss_unihan,55,檳,賓,木,ROOT-219CD,238,杏,783,0,0,0,1155,杏,785,0,0,0,-2,0,0,785,0.4473198,0.489673376083374,0.0423535704612731
qwen3_0.6b_1024d,en_gloss_unihan,56,殯,賓,歹,ROOT-219CD,16,斬,845,0,0,0,1155,宅,657,0,0,0,188,0,0,657,0.47527826,0.5224473476409912,0.0471690893173217
qwen3_0.6b_1024d,en_gloss_unihan,57,濱,賓,氵,ROOT-219CD,277,皋,890,0,0,0,1155,皋,852,0,0,0,38,0,0,852,0.42095268,0.4540656208992004,0.0331129431724548
qwen3_0.6b_1024d,en_gloss_unihan,58,矉,賓,目,ROOT-219CD,50,火,750,0,0,0,1155,火,835,0,0,0,-85,0,0,835,0.4177,0.4334113597869873,0.0157113671302795
qwen3_0.6b_1024d,en_gloss_unihan,59,繽,賓,糸,ROOT-219CD,153,隆,1000,0,0,0,1155,殷,989,0,0,0,11,0,0,989,0.39923334,0.3961222767829895,-0.0031110644340515
qwen3_0.6b_1024d,en_gloss_unihan,60,蠙,賓,虫,ROOT-219CD,116,泙,703,0,0,0,1155,倉,660,0,0,0,43,0,0,660,0.464413,0.5076745748519897,0.0432615876197814
qwen3_0.6b_1024d,en_gloss_unihan,61,鬢,賓,髟,ROOT-219CD,15,毛,700,0,0,0,1155,阞,659,0,0,0,41,0,0,659,0.4091972,0.4710690379142761,0.0618718266487121
qwen3_0.6b_1024d,en_gloss_unihan,383,侅,亥,亻,ROOT-4EA5,172,入,960,0,0,0,1155,入,979,0,0,0,-19,0,0,979,0.4229757,0.4197034835815429,-0.0032722055912017
qwen3_0.6b_1024d,en_gloss_unihan,384,刻,亥,刂,ROOT-4EA5,32,彔,304,0,0,0,1155,晷,205,0,0,0,99,0,0,205,0.5367152,0.5417386293411255,0.0050234198570251
qwen3_0.6b_1024d,en_gloss_unihan,385,劾,亥,力,ROOT-4EA5,21,審,513,0,0,0,1155,考,296,0,0,0,217,0,0,296,0.5291402,0.5447364449501038,0.0155962705612182
qwen3_0.6b_1024d,en_gloss_unihan,386,咳,亥,口,ROOT-4EA5,149,歊,292,0,0,0,1155,歊,111,0,0,0,181,0,0,111,0.51259273,0.5582756996154785,0.0456829667091369
qwen3_0.6b_1024d,en_gloss_unihan,387,垓,亥,土,ROOT-4EA5,86,戍,229,0,0,0,1155,戍,246,0,0,0,-17,0,0,246,0.5544443,0.5508782267570496,-0.0035660862922668
qwen3_0.6b_1024d,en_gloss_unihan,388,孩,亥,子,ROOT-4EA5,5,幼,313,0,0,0,1155,幼,125,0,0,0,188,0,0,125,0.5127349,0.5151358842849731,0.0024009943008422
qwen3_0.6b_1024d,en_gloss_unihan,389,核,亥,木,ROOT-4EA5,238,號,250,0,0,0,1155,號,505,0,0,0,-255,0,0,505,0.47741112,0.4331679940223694,-0.0442431271076202
qwen3_0.6b_1024d,en_gloss_unihan,390,欬,亥,欠,ROOT-4EA5,23,喿,673,0,0,0,1155,喿,381,0,0,0,292,0,0,381,0.44394332,0.466784805059433,0.0228414833545684
qwen3_0.6b_1024d,en_gloss_unihan,391,痎,亥,疒,ROOT-4EA5,68,蚤,103,0,0,0,1155,二,86,0,0,0,17,0,0,86,0.4526357,0.4978277087211609,0.045192003250122
qwen3_0.6b_1024d,en_gloss_unihan,392,胲,亥,肉,ROOT-4EA5,99,半,92,0,0,0,1155,壹,65,0,0,0,27,0,0,65,0.5427558,0.5304329991340637,-0.0123227834701538
qwen3_0.6b_1024d,en_gloss_unihan,393,荄,亥,艹,ROOT-4EA5,241,艾,21,0,0,0,1155,畟,44,0,0,0,-23,0,0,44,0.6475214,0.6677671670913696,0.0202457904815673
qwen3_0.6b_1024d,en_gloss_unihan,394,該,亥,言,ROOT-4EA5,142,務,589,0,0,0,1155,勿,496,0,0,0,93,0,0,496,0.526713,0.526892364025116,0.0001793503761291
qwen3_0.6b_1024d,en_gloss_unihan,395,閡,亥,門,ROOT-4EA5,30,滯,603,0,0,0,1155,滯,597,0,0,0,6,0,0,597,0.48239803,0.4773014485836029,-0.0050965845584869
qwen3_0.6b_1024d,en_gloss_unihan,396,陔,亥,阝,ROOT-4EA5,109,梯,482,0,0,0,1155,梯,770,0,0,0,-288,0,0,770,0.5062033,0.4612957537174225,-0.0449075400829315
qwen3_0.6b_1024d,en_gloss_unihan,397,頦,亥,頁,ROOT-4EA5,41,半,33,0,0,0,1155,九,16,0,0,0,17,0,0,16,0.68037945,0.6813018321990967,0.0009223818778991
qwen3_0.6b_1024d,en_gloss_unihan,398,駭,亥,馬,ROOT-4EA5,56,矍,715,0,0,0,1155,矍,678,0,0,0,37,0,0,678,0.45000324,0.4351849853992462,-0.014818251132965
qwen3_0.6b_1024d,en_gloss_unihan,399,骸,亥,骨,ROOT-4EA5,12,幹,169,0,0,0,1155,建,426,0,0,0,-257,0,0,426,0.5170816,0.5400704741477966,0.0229888558387756
qwen3_0.6b_1024d,en_gloss_unihan,585,刓,元,刂,ROOT-5143,32,削,528,0,0,0,1155,半,544,0,0,0,-16,0,0,544,0.507693,0.522059440612793,0.0143664479255676
qwen3_0.6b_1024d,en_gloss_unihan,586,完,元,宀,ROOT-5143,26,完,368,0,0,0,1155,完,262,0,0,0,106,0,0,262,0.51258385,0.4913736283779144,-0.0212102234363555
qwen3_0.6b_1024d,en_gloss_unihan,596,沅,元,氵,ROOT-5143,277,淮,778,0,0,0,1155,淮,608,0,0,0,170,0,0,608,0.3588692,0.3995825946331024,0.0407133996486663
qwen3_0.6b_1024d,en_gloss_unihan,597,玩,元,王,ROOT-5143,75,喜,982,0,0,0,1155,喜,1000,0,0,0,-18,0,0,1000,0.36386868,0.342346578836441,-0.0215221047401428
qwen3_0.6b_1024d,en_gloss_unihan,599,芫,元,艹,ROOT-5143,241,妾,258,0,0,0,1155,妾,211,0,0,0,47,0,0,211,0.5558492,0.5927579402923584,0.036908745765686
qwen3_0.6b_1024d,en_gloss_unihan,600,邧,元,阝,ROOT-5143,109,洛,635,0,0,0,1155,洛,708,0,0,0,-73,0,0,708,0.4331175,0.5297673940658569,0.0966498851776123
qwen3_0.6b_1024d,en_gloss_unihan,601,阮,元,阝,ROOT-5143,109,呂,272,0,0,0,1155,呂,307,0,0,0,-35,0,0,307,0.44632015,0.4531534016132355,0.0068332552909851
qwen3_0.6b_1024d,en_gloss_unihan,602,頑,元,頁,ROOT-5143,41,嚴,934,0,0,0,1155,堅,992,0,0,0,-58,0,0,992,0.4455093,0.4170518815517425,-0.0284574329853057
qwen3_0.6b_1024d,en_gloss_unihan,647,偈,曷,亻,ROOT-5303,172,勇,1028,0,0,0,1155,勇,1072,0,0,0,-44,0,0,1072,0.41086158,0.4090790450572967,-0.0017825365066528
qwen3_0.6b_1024d,en_gloss_unihan,648,喝,曷,口,ROOT-5303,149,虖,883,0,0,0,1155,宣,977,0,0,0,-94,0,0,977,0.4381625,0.4373567998409271,-0.0008057057857513
qwen3_0.6b_1024d,en_gloss_unihan,649,堨,曷,土,ROOT-5303,86,妾,1060,0,0,0,1155,妾,1110,0,0,0,-50,0,0,1110,0.38617703,0.3790340423583984,-0.0071429908275604
qwen3_0.6b_1024d,en_gloss_unihan,650,愒,曷,忄,ROOT-5303,124,歇,1006,0,0,0,1155,歇,1029,0,0,0,-23,0,0,1029,0.39214426,0.3437656164169311,-0.0483786463737487
qwen3_0.6b_1024d,en_gloss_unihan,651,揭,曷,扌,ROOT-5303,189,崔,1070,0,0,0,1155,崔,1078,0,0,0,-8,0,0,1078,0.3818742,0.3742070198059082,-0.0076671838760375
qwen3_0.6b_1024d,en_gloss_unihan,652,暍,曷,日,ROOT-5303,60,雷,1016,0,0,0,1155,氾,1075,0,0,0,-59,0,0,1075,0.37461144,0.3632591366767883,-0.0113523006439208
qwen3_0.6b_1024d,en_gloss_unihan,654,楬,曷,木,ROOT-5303,238,扁,992,0,0,0,1155,扁,988,0,0,0,4,0,0,988,0.42084265,0.4321780502796173,0.011335402727127
qwen3_0.6b_1024d,en_gloss_unihan,655,歇,曷,欠,ROOT-5303,23,歇,983,0,0,0,1155,歇,1072,0,0,0,-89,0,0,1072,0.43303683,0.3575184345245361,-0.075518399477005
qwen3_0.6b_1024d,en_gloss_unihan,657,渴,曷,氵,ROOT-5303,277,焦,731,0,0,0,1155,欲,855,0,0,0,-124,0,0,855,0.45264313,0.4318138062953949,-0.0208293199539184
qwen3_0.6b_1024d,en_gloss_unihan,658,猲,曷,犭,ROOT-5303,38,炎,1049,0,0,0,1155,炎,1132,0,0,0,-83,0,0,1132,0.35515463,0.3242175877094269,-0.0309370458126068
qwen3_0.6b_1024d,en_gloss_unihan,659,碣,曷,石,ROOT-5303,52,朿,1109,0,0,0,1155,朿,1125,0,0,0,-16,0,0,1125,0.36059687,0.3986972868442535,0.0381004214286804
qwen3_0.6b_1024d,en_gloss_unihan,660,竭,曷,立,ROOT-5303,4,盡,1112,0,0,0,1155,盡,1146,0,0,0,-34,0,0,1146,0.36478508,0.2792001068592071,-0.0855849683284759
qwen3_0.6b_1024d,en_gloss_unihan,661,羯,曷,羊,ROOT-5303,7,豬,1112,0,0,0,1155,皮,1145,0,0,0,-33,0,0,1145,0.3106439,0.317361444234848,0.0067175328731536
qwen3_0.6b_1024d,en_gloss_unihan,662,葛,曷,艹,ROOT-5303,241,葛,1143,0,0,0,1155,葛,1141,0,0,0,2,0,0,1141,0.30599153,0.3369288742542267,0.0309373438358306
qwen3_0.6b_1024d,en_gloss_unihan,664,蝎,曷,虫,ROOT-5303,116,蠆,1050,0,0,0,1155,蠆,1114,0,0,0,-64,0,0,1114,0.36094394,0.4321965277194977,0.0712525844573974
qwen3_0.6b_1024d,en_gloss_unihan,665,褐,曷,衤,ROOT-5303,55,罽,1071,0,0,0,1155,冥,1085,0,0,0,-14,0,0,1085,0.34249628,0.3792349994182586,0.0367387235164642
qwen3_0.6b_1024d,en_gloss_unihan,666,謁,曷,言,ROOT-5303,142,謁,993,0,0,0,1155,謁,1025,0,0,0,-32,0,0,1025,0.46515137,0.4404442906379699,-0.0247070789337158
qwen3_0.6b_1024d,en_gloss_unihan,669,遏,曷,辶,ROOT-5303,68,止,1027,0,0,0,1155,弭,1139,0,0,0,-112,0,0,1139,0.40696952,0.3558129966259002,-0.0511565208435058
qwen3_0.6b_1024d,en_gloss_unihan,670,鞨,曷,革,ROOT-5303,29,畟,982,0,0,0,1155,入,937,0,0,0,45,0,0,937,0.4364796,0.4579262733459472,0.0214466750621795
qwen3_0.6b_1024d,en_gloss_unihan,671,餲,曷,飠,ROOT-5303,35,臭,1005,0,0,0,1155,臭,1020,0,0,0,-15,0,0,1020,0.33781898,0.3460640907287597,0.0082451105117797
qwen3_0.6b_1024d,en_gloss_unihan,672,鶡,曷,鳥,ROOT-5303,59,雀,953,0,0,0,1155,喿,1044,0,0,0,-91,0,0,1044,0.3670982,0.4382794797420501,0.0711812674999237
qwen3_0.6b_1024d,en_gloss_unihan,1769,佳,圭,亻,ROOT-572D,172,吉,915,0,0,0,1155,吉,938,0,0,0,-23,0,0,938,0.38505316,0.371285080909729,-0.0137680768966674
qwen3_0.6b_1024d,en_gloss_unihan,1770,刲,圭,刂,ROOT-572D,32,切,584,0,0,0,1155,絕,646,0,0,0,-62,0,0,646,0.49894387,0.5572287440299988,0.0582848787307739
qwen3_0.6b_1024d,en_gloss_unihan,1775,哇,圭,口,ROOT-572D,149,虖,488,0,0,0,1155,幼,482,0,0,0,6,0,0,482,0.42265826,0.4337477684020996,0.0110895037651062
qwen3_0.6b_1024d,en_gloss_unihan,1776,奎,圭,大,ROOT-572D,5,星,115,0,0,0,1155,氐,203,0,0,0,-88,0,0,203,0.44332895,0.337764024734497,-0.105564922094345
qwen3_0.6b_1024d,en_gloss_unihan,1777,娃,圭,女,ROOT-572D,99,幼,155,0,0,0,1155,幼,201,0,0,0,-46,0,0,201,0.4219601,0.4164272546768188,-0.005532830953598
qwen3_0.6b_1024d,en_gloss_unihan,1778,恚,圭,心,ROOT-572D,53,虐,618,0,0,0,1155,火,510,0,0,0,108,0,0,510,0.5072503,0.5223778486251831,0.0151275396347045
qwen3_0.6b_1024d,en_gloss_unihan,1779,挂,圭,扌,ROOT-572D,189,止,843,0,0,0,1155,止,875,0,0,0,-32,0,0,875,0.47177058,0.4570278525352478,-0.0147427320480346
qwen3_0.6b_1024d,en_gloss_unihan,1780,桂,圭,木,ROOT-572D,238,艾,654,0,0,0,1155,艾,911,0,0,0,-257,0,0,911,0.4605217,0.4483508467674255,-0.0121708512306213
qwen3_0.6b_1024d,en_gloss_unihan,1781,洼,圭,氵,ROOT-572D,277,洼,829,0,0,0,1155,洼,882,0,0,0,-53,0,0,882,0.45126712,0.4589332044124603,0.0076660811901092
qwen3_0.6b_1024d,en_gloss_unihan,1783,烓,圭,火,ROOT-572D,58,鬵,491,0,0,0,1155,鬵,567,0,0,0,-76,0,0,567,0.48761952,0.4900412261486053,0.0024217069149017
qwen3_0.6b_1024d,en_gloss_unihan,1784,珪,圭,王,ROOT-572D,75,袞,23,0,0,0,1155,袞,162,0,0,0,-139,0,0,162,0.5391168,0.4745908379554748,-0.0645259618759155
qwen3_0.6b_1024d,en_gloss_unihan,1785,畦,圭,田,ROOT-572D,12,畟,386,0,0,0,1155,部,406,0,0,0,-20,0,0,406,0.50898564,0.5121420621871948,0.0031564235687255
qwen3_0.6b_1024d,en_gloss_unihan,1786,眭,圭,目,ROOT-572D,50,眇,207,0,0,0,1155,冥,583,0,0,0,-376,0,0,583,0.5268735,0.5109696388244629,-0.015903890132904
qwen3_0.6b_1024d,en_gloss_unihan,1787,絓,圭,糸,ROOT-572D,153,滯,857,0,0,0,1155,滯,856,0,0,0,1,0,0,856,0.47398615,0.4704248607158661,-0.0035612881183624
qwen3_0.6b_1024d,en_gloss_unihan,1788,蛙,圭,虫,ROOT-572D,116,貍,552,0,0,0,1155,貍,775,0,0,0,-223,0,0,775,0.50419956,0.5408135652542114,0.0366140007972717
qwen3_0.6b_1024d,en_gloss_unihan,1789,街,圭,行,ROOT-572D,6,道,799,0,0,0,1155,道,973,0,0,0,-174,0,0,973,0.49590644,0.4239132404327392,-0.071993201971054
qwen3_0.6b_1024d,en_gloss_unihan,1790,詿,圭,言,ROOT-572D,142,欺,622,0,0,0,1155,欺,709,0,0,0,-87,0,0,709,0.4748061,0.4856676161289215,0.0108615159988403
qwen3_0.6b_1024d,en_gloss_unihan,1791,邽,圭,阝,ROOT-572D,109,洛,480,0,0,0,1155,巂,738,0,0,0,-258,0,0,738,0.42501116,0.4798005819320678,0.0547894239425659
qwen3_0.6b_1024d,en_gloss_unihan,1792,閨,圭,門,ROOT-572D,30,冓,557,0,0,0,1155,戔,774,0,0,0,-217,0,0,774,0.44328105,0.4314968883991241,-0.0117841660976409
qwen3_0.6b_1024d,en_gloss_unihan,1793,鞋,圭,革,ROOT-572D,29,舄,742,0,0,0,1155,服,875,0,0,0,-133,0,0,875,0.45377666,0.4778159558773041,0.0240392982959747
qwen3_0.6b_1024d,en_gloss_unihan,1798,僥,堯,亻,ROOT-582F,172,吉,623,0,0,0,1155,吉,645,0,0,0,-22,0,0,645,0.4740876,0.4637045264244079,-0.0103830695152282
qwen3_0.6b_1024d,en_gloss_unihan,1799,嘵,堯,口,ROOT-582F,149,卞,793,0,0,0,1155,卞,660,0,0,0,133,0,0,660,0.4338774,0.4510166049003601,0.017139196395874
qwen3_0.6b_1024d,en_gloss_unihan,1800,嬈,堯,女,ROOT-582F,99,旖,346,0,0,0,1155,旖,640,0,0,0,-294,0,0,640,0.54106194,0.5036779046058655,-0.037384033203125
qwen3_0.6b_1024d,en_gloss_unihan,1801,嶢,堯,山,ROOT-582F,49,大,103,0,0,0,1155,貌,113,0,0,0,-10,0,0,113,0.6026469,0.6052275896072388,0.00258070230484
qwen3_0.6b_1024d,en_gloss_unihan,1802,撓,堯,扌,ROOT-582F,189,煩,925,0,0,0,1155,煩,773,0,0,0,152,0,0,773,0.44749275,0.487490177154541,0.0399974286556243
qwen3_0.6b_1024d,en_gloss_unihan,1803,曉,堯,日,ROOT-582F,60,旦,833,0,0,0,1155,旦,896,0,0,0,-63,0,0,896,0.49066588,0.5011086463928223,0.0104427635669708
qwen3_0.6b_1024d,en_gloss_unihan,1804,橈,堯,木,ROOT-582F,238,木,765,0,0,0,1155,木,839,0,0,0,-74,0,0,839,0.4418472,0.4517922401428222,0.0099450349807739
qwen3_0.6b_1024d,en_gloss_unihan,1805,澆,堯,氵,ROOT-582F,277,沾,933,0,0,0,1155,散,921,0,0,0,12,0,0,921,0.41127846,0.4393438100814819,0.0280653536319732
qwen3_0.6b_1024d,en_gloss_unihan,1806,燒,堯,火,ROOT-582F,58,炎,704,0,0,0,1155,湯,642,0,0,0,62,0,0,642,0.45508164,0.5037878751754761,0.0487062335014343
qwen3_0.6b_1024d,en_gloss_unihan,1807,磽,堯,石,ROOT-582F,52,荒,483,0,0,0,1155,荒,599,0,0,0,-116,0,0,599,0.47549242,0.4745863676071167,-0.0009060502052307
qwen3_0.6b_1024d,en_gloss_unihan,1808,繞,堯,糸,ROOT-582F,153,巿,1010,0,0,0,1155,巿,1009,0,0,0,1,0,0,1009,0.40984085,0.4231729507446289,0.0133320987224578
qwen3_0.6b_1024d,en_gloss_unihan,1809,翹,堯,羽,ROOT-582F,19,陟,898,0,0,0,1155,尌,836,0,0,0,62,0,0,836,0.45678228,0.4371930360794067,-0.0195892453193664
qwen3_0.6b_1024d,en_gloss_unihan,1810,蕘,堯,艹,ROOT-582F,241,彔,864,0,0,0,1155,彔,930,0,0,0,-66,0,0,930,0.44592002,0.4365554451942444,-0.0093645751476287
qwen3_0.6b_1024d,en_gloss_unihan,1811,蟯,堯,虫,ROOT-582F,116,蚤,308,0,0,0,1155,蚤,622,0,0,0,-314,0,0,622,0.43683594,0.4531083703041076,0.0162724256515502
qwen3_0.6b_1024d,en_gloss_unihan,1812,譊,堯,言,ROOT-582F,142,爭,803,0,0,0,1155,爭,814,0,0,0,-11,0,0,814,0.49775636,0.4978965818881988,0.0001402199268341
qwen3_0.6b_1024d,en_gloss_unihan,1813,遶,堯,辶,ROOT-582F,68,巿,1007,0,0,0,1155,巿,929,0,0,0,78,0,0,929,0.41066343,0.4418731331825256,0.0312097072601318
qwen3_0.6b_1024d,en_gloss_unihan,1814,鐃,堯,釒,ROOT-582F,129,咢,945,0,0,0,1155,弄,987,0,0,0,-42,0,0,987,0.37743372,0.3769361972808838,-0.0004975199699401
qwen3_0.6b_1024d,en_gloss_unihan,1815,饒,堯,飠,ROOT-582F,35,隆,756,0,0,0,1155,隆,738,0,0,0,18,0,0,738,0.5074545,0.4732904136180877,-0.0341641008853912
qwen3_0.6b_1024d,en_gloss_unihan,1816,驍,堯,馬,ROOT-582F,56,勇,188,0,0,0,1155,勇,215,0,0,0,-27,0,0,215,0.5496549,0.5895086526870728,0.0398537516593933
qwen3_0.6b_1024d,en_gloss_unihan,2353,冶,台,冫,ROOT-382F,12,炎,618,0,0,0,1155,建,305,0,0,0,313,0,0,305,0.48307675,0.4627959132194519,-0.0202808380126953
qwen3_0.6b_1024d,en_gloss_unihan,2354,始,台,女,ROOT-382F,99,原,385,0,0,0,1155,原,258,0,0,0,127,0,0,258,0.42208317,0.4095958471298218,-0.0124873220920562
qwen3_0.6b_1024d,en_gloss_unihan,2355,怠,台,心,ROOT-382F,53,疏,623,0,0,0,1155,疏,272,0,0,0,351,0,0,272,0.48509803,0.5176219940185547,0.0325239598751068
qwen3_0.6b_1024d,en_gloss_unihan,2356,怡,台,忄,ROOT-382F,124,欣,548,0,0,0,1155,樂,219,0,0,0,329,0,0,219,0.47850132,0.5080573558807373,0.0295560359954834
qwen3_0.6b_1024d,en_gloss_unihan,2357,枲,台,木,ROOT-382F,238,艾,387,0,0,0,1155,艾,343,0,0,0,44,0,0,343,0.5103056,0.53346848487854,0.0231629014015197
qwen3_0.6b_1024d,en_gloss_unihan,2358,殆,台,歹,ROOT-382F,16,冒,726,0,0,0,1155,冒,588,0,0,0,138,0,0,588,0.48499665,0.500213623046875,0.01521697640419
qwen3_0.6b_1024d,en_gloss_unihan,2359,治,台,氵,ROOT-382F,277,乂,249,0,0,0,1155,乂,165,0,0,0,84,0,0,165,0.5631691,0.5560790300369263,-0.0070900917053222
qwen3_0.6b_1024d,en_gloss_unihan,2360,炱,台,火,ROOT-382F,58,歊,528,0,0,0,1155,歊,309,0,0,0,219,0,0,309,0.5307493,0.5486516356468201,0.0179023146629333
qwen3_0.6b_1024d,en_gloss_unihan,2361,眙,台,目,ROOT-382F,50,覽,746,0,0,0,1155,謁,491,0,0,0,255,0,0,491,0.47700486,0.5669077634811401,0.0899029076099395
qwen3_0.6b_1024d,en_gloss_unihan,2362,笞,台,竹,ROOT-382F,100,筍,783,0,0,0,1155,斬,747,0,0,0,36,0,0,747,0.4531548,0.5185196995735168,0.0653648972511291
qwen3_0.6b_1024d,en_gloss_unihan,2363,紿,台,糸,ROOT-382F,153,欺,770,0,0,0,1155,欺,688,0,0,0,82,0,0,688,0.45605952,0.455753356218338,-0.0003061592578887
qwen3_0.6b_1024d,en_gloss_unihan,2364,胎,台,肉,ROOT-382F,99,幼,670,0,0,0,1155,育,445,0,0,0,225,0,0,445,0.44619483,0.470034122467041,0.0238392949104309
qwen3_0.6b_1024d,en_gloss_unihan,2365,苔,台,艹,ROOT-382F,241,艾,830,0,0,0,1155,登,766,0,0,0,64,0,0,766,0.444723,0.5254127979278564,0.080689787864685
qwen3_0.6b_1024d,en_gloss_unihan,2366,詒,台,言,ROOT-382F,142,胤,552,0,0,0,1155,胤,465,0,0,0,87,0,0,465,0.5075691,0.4954583346843719,-0.0121107399463653
qwen3_0.6b_1024d,en_gloss_unihan,2367,貽,台,貝,ROOT-382F,41,付,420,0,0,0,1155,付,370,0,0,0,50,0,0,370,0.5514529,0.5756932497024536,0.0242403745651245
qwen3_0.6b_1024d,en_gloss_unihan,2368,邰,台,阝,ROOT-382F,109,鄭,246,0,0,0,1155,羲,442,0,0,0,-196,0,0,442,0.49779856,0.5389870405197144,0.0411884784698486
qwen3_0.6b_1024d,en_gloss_unihan,2369,颱,台,風,ROOT-382F,8,雷,589,0,0,0,1155,雷,361,0,0,0,228,0,0,361,0.45409453,0.5139691233634949,0.0598745942115783
qwen3_0.6b_1024d,en_gloss_unihan,2370,飴,台,飠,ROOT-382F,35,甘,607,0,0,0,1155,甘,462,0,0,0,145,0,0,462,0.43822402,0.4787248969078064,0.0405008792877197
qwen3_0.6b_1024d,en_gloss_unihan,2371,駘,台,馬,ROOT-382F,56,奄,687,0,0,0,1155,奄,451,0,0,0,236,0,0,451,0.4483955,0.4839537441730499,0.0355582535266876
qwen3_0.6b_1024d,en_gloss_unihan,2372,鮐,台,魚,ROOT-382F,46,貍,714,0,0,0,1155,諸,190,0,0,0,524,0,0,190,0.4367115,0.5741500854492188,0.1374385952949524
qwen3_0.6b_1024d,en_gloss_unihan,2373,齝,台,齒,ROOT-382F,14,欶,894,0,0,0,1155,欶,761,0,0,0,133,0,0,761,0.49153456,0.5111411213874817,0.0196065604686737
qwen3_0.6b_1024d,en_gloss_unihan,2413,啻,帝,口,ROOT-5E1D,149,只,816,0,0,0,1155,只,598,0,0,0,218,0,0,598,0.47701335,0.4751452505588531,-0.0018680989742279
qwen3_0.6b_1024d,en_gloss_unihan,2415,啼,帝,口,ROOT-5E1D,149,虖,902,0,0,0,1155,虖,793,0,0,0,109,0,0,793,0.3591724,0.4088685810565948,0.0496961772441864
qwen3_0.6b_1024d,en_gloss_unihan,2416,禘,帝,礻,ROOT-5E1D,35,祭,5,0,1,1,1155,堯,6,0,0,1,-1,0,0,6,0.68739855,0.6568741202354431,-0.0305244326591491
qwen3_0.6b_1024d,en_gloss_unihan,2417,締,帝,糸,ROOT-5E1D,153,連,996,0,0,0,1155,連,881,0,0,0,115,0,0,881,0.37725422,0.4069453179836273,0.0296911001205444
qwen3_0.6b_1024d,en_gloss_unihan,2418,蒂,帝,艹,ROOT-5E1D,241,幹,504,0,0,0,1155,幹,323,0,0,0,181,0,0,323,0.48544613,0.5534801483154297,0.0680340230464935
qwen3_0.6b_1024d,en_gloss_unihan,2419,諦,帝,言,ROOT-5E1D,142,勤,776,0,0,0,1155,勤,607,0,0,0,169,0,0,607,0.45953846,0.4787427186965942,0.0192042589187622
qwen3_0.6b_1024d,en_gloss_unihan,2420,蹄,帝,𧾷,ROOT-5E1D,63,豬,411,0,0,0,1155,豬,171,0,0,0,240,0,0,171,0.54017323,0.5721641778945923,0.0319909453392028
qwen3_0.6b_1024d,en_gloss_unihan,3134,欄,闌,木,ROOT-67EC,238,闌,1,1,1,1,1155,樊,2,0,1,1,-1,0,1,2,0.76435125,0.7127201557159424,-0.0516310930252075
qwen3_0.6b_1024d,en_gloss_unihan,3135,瀾,闌,氵,ROOT-67EC,277,氾,457,0,0,0,1155,盈,708,0,0,0,-251,0,0,708,0.54485095,0.5401906967163086,-0.0046602487564086
qwen3_0.6b_1024d,en_gloss_unihan,3136,爛,闌,火,ROOT-67EC,58,敝,642,0,0,0,1155,乏,717,0,0,0,-75,0,0,717,0.47703496,0.4548713564872741,-0.0221635997295379
qwen3_0.6b_1024d,en_gloss_unihan,3137,籣,闌,竹,ROOT-67EC,100,函,334,0,0,0,1155,函,873,0,0,0,-539,0,0,873,0.54419965,0.4784648716449737,-0.0657347738742828
qwen3_0.6b_1024d,en_gloss_unihan,3138,蘭,闌,艹,ROOT-67EC,241,蘭,677,0,0,0,1155,蘭,862,0,0,0,-185,0,0,862,0.48761046,0.476844847202301,-0.0107656121253967
qwen3_0.6b_1024d,en_gloss_unihan,3139,襴,闌,衤,ROOT-67EC,55,罽,141,0,0,0,1155,某,510,0,0,0,-369,0,0,510,0.51914585,0.5347694158554077,0.0156235694885253
qwen3_0.6b_1024d,en_gloss_unihan,3140,讕,闌,言,ROOT-67EC,142,罔,822,0,0,0,1155,罔,808,0,0,0,14,0,0,808,0.42996195,0.4685289263725281,0.0385669767856597
qwen3_0.6b_1024d,en_gloss_unihan,3553,倩,青,亻,ROOT-9752,172,麗,1001,0,0,0,1155,麗,834,0,0,0,167,0,0,834,0.36164147,0.3979650139808655,0.0363235473632812
qwen3_0.6b_1024d,en_gloss_unihan,3554,凊,青,冫,ROOT-9752,12,羲,1072,0,0,0,1155,羲,1080,0,0,0,-8,0,0,1080,0.38511005,0.3088457584381103,-0.0762642920017242
qwen3_0.6b_1024d,en_gloss_unihan,3555,婧,青,女,ROOT-9752,99,柔,1012,0,0,0,1155,柔,982,0,0,0,30,0,0,982,0.41283497,0.4382035434246063,0.0253685712814331
qwen3_0.6b_1024d,en_gloss_unihan,3556,情,青,忄,ROOT-9752,124,感,1048,0,0,0,1155,感,1017,0,0,0,31,0,0,1017,0.35371417,0.3886259496212005,0.0349117815494537
qwen3_0.6b_1024d,en_gloss_unihan,3557,晴,青,日,ROOT-9752,60,景,1041,0,0,0,1155,庸,1034,0,0,0,7,0,0,1034,0.36474532,0.4082030057907104,0.0434576869010925
qwen3_0.6b_1024d,en_gloss_unihan,3558,猜,青,犭,ROOT-9752,38,意,1076,0,0,0,1155,若,873,0,0,0,203,0,0,873,0.36909473,0.4011830389499664,0.0320883095264434
qwen3_0.6b_1024d,en_gloss_unihan,3559,睛,青,目,ROOT-9752,50,眇,1045,0,0,0,1155,朵,1035,0,0,0,10,0,0,1035,0.3732638,0.4371404647827148,0.0638766586780548
qwen3_0.6b_1024d,en_gloss_unihan,3560,精,青,米,ROOT-9752,25,氣,1087,0,0,0,1155,氣,972,0,0,0,115,0,0,972,0.3847149,0.4205269813537597,0.0358120799064636
qwen3_0.6b_1024d,en_gloss_unihan,3561,綪,青,糸,ROOT-9752,153,半,946,0,0,0,1155,半,926,0,0,0,20,0,0,926,0.4384218,0.4603024125099182,0.0218806266784667
qwen3_0.6b_1024d,en_gloss_unihan,3562,菁,青,艹,ROOT-9752,241,韱,991,0,0,0,1155,韱,1056,0,0,0,-65,0,0,1056,0.3406958,0.3649169206619262,0.024221122264862
qwen3_0.6b_1024d,en_gloss_unihan,3563,蜻,青,虫,ROOT-9752,116,習,1049,0,0,0,1155,習,1024,0,0,0,25,0,0,1024,0.382109,0.4832907915115356,0.1011818051338195
qwen3_0.6b_1024d,en_gloss_unihan,3564,請,青,言,ROOT-9752,142,柬,1069,0,0,0,1155,柬,1023,0,0,0,46,0,0,1023,0.3620609,0.4057545065879822,0.0436936020851135
qwen3_0.6b_1024d,en_gloss_unihan,3565,錆,青,釒,ROOT-9752,129,玉,886,0,0,0,1155,質,828,0,0,0,58,0,0,828,0.42114827,0.447728157043457,0.0265798866748809
qwen3_0.6b_1024d,en_gloss_unihan,3566,靖,青,立,ROOT-9752,4,寧,1044,0,0,0,1155,安,1012,0,0,0,32,0,0,1012,0.33364546,0.2905657291412353,-0.0430797338485717
qwen3_0.6b_1024d,en_gloss_unihan,3567,靚,青,見,ROOT-9752,7,粲,1053,0,0,0,1155,粲,829,0,0,0,224,0,0,829,0.2909298,0.3182341456413269,0.0273043513298034
qwen3_0.6b_1024d,en_gloss_unihan,3569,鯖,青,魚,ROOT-9752,46,雀,1078,0,0,0,1155,每,1085,0,0,0,-7,0,0,1085,0.32113194,0.4104704856872558,0.0893385410308837
qwen3_0.6b_1024d,en_gloss_unihan,4239,涂,余,氵,ROOT-4F59,277,涂,49,0,0,0,1155,涂,32,0,0,0,17,0,0,32,0.63355696,0.6693931818008423,0.0358362197875976
qwen3_0.6b_1024d,en_gloss_unihan,4240,徐,余,彳,ROOT-4F59,16,安,855,0,0,0,1155,安,819,0,0,0,36,0,0,819,0.40710685,0.4000813961029053,-0.0070254504680633
qwen3_0.6b_1024d,en_gloss_unihan,4241,悆,余,心,ROOT-4F59,53,欣,729,0,0,0,1155,半,572,0,0,0,157,0,0,572,0.44322613,0.4382075071334839,-0.0050186216831207
qwen3_0.6b_1024d,en_gloss_unihan,4243,斜,余,斗,ROOT-4F59,6,仄,851,0,0,0,1155,仄,886,0,0,0,-35,0,0,886,0.4830122,0.4324618875980377,-0.0505503118038177
qwen3_0.6b_1024d,en_gloss_unihan,4245,畬,余,田,ROOT-4F59,12,田,596,0,0,0,1155,畟,623,0,0,0,-27,0,0,623,0.4939053,0.5111908912658691,0.0172855854034423
qwen3_0.6b_1024d,en_gloss_unihan,4246,稌,余,禾,ROOT-4F59,43,米,653,0,0,0,1155,米,534,0,0,0,119,0,0,534,0.46058708,0.5170786380767822,0.0564915537834167
qwen3_0.6b_1024d,en_gloss_unihan,4247,艅,余,舟,ROOT-4F59,15,泊,713,0,0,0,1155,妾,410,0,0,0,303,0,0,410,0.46932673,0.55881667137146,0.0894899368286132
qwen3_0.6b_1024d,en_gloss_unihan,4248,荼,余,艹,ROOT-4F59,241,艾,844,0,0,0,1155,苦,794,0,0,0,50,0,0,794,0.4137791,0.4817300736904144,0.067950963973999
qwen3_0.6b_1024d,en_gloss_unihan,4249,蜍,余,虫,ROOT-4F59,116,朿,940,0,0,0,1155,助,789,0,0,0,151,0,0,789,0.36366034,0.4040271639823913,0.0403668284416198
qwen3_0.6b_1024d,en_gloss_unihan,4250,途,余,辶,ROOT-4F59,68,路,875,0,0,0,1155,路,767,0,0,0,108,0,0,767,0.4736704,0.4852541089057922,0.0115837156772613
qwen3_0.6b_1024d,en_gloss_unihan,4251,酴,余,酉,ROOT-4F59,30,杏,905,0,0,0,1155,氣,793,0,0,0,112,0,0,793,0.4200543,0.4605572819709778,0.0405029952526092
qwen3_0.6b_1024d,en_gloss_unihan,4252,除,余,阝,ROOT-4F59,109,除,743,0,0,0,1155,除,658,0,0,0,85,0,0,658,0.45064405,0.4431487023830414,-0.0074953436851501
qwen3_0.6b_1024d,en_gloss_unihan,4255,餘,余,飠,ROOT-4F59,35,盈,9,0,0,1,1155,閏,7,0,0,1,2,0,0,7,0.6471391,0.6043921709060669,-0.0427469015121459
qwen3_0.6b_1024d,en_gloss_unihan,4536,唇,辰,口,ROOT-8FB0,149,脣,1146,0,0,0,1155,脣,1102,0,0,0,44,0,0,1102,0.28235102,0.3712212443351745,0.0888702273368835
qwen3_0.6b_1024d,en_gloss_unihan,4537,娠,辰,女,ROOT-8FB0,99,妾,1098,0,0,0,1155,半,1079,0,0,0,19,0,0,1079,0.29848742,0.3433893918991089,0.044901967048645
qwen3_0.6b_1024d,en_gloss_unihan,4538,宸,辰,宀,ROOT-8FB0,26,殿,1128,0,0,0,1155,皇,1051,0,0,0,77,0,0,1051,0.36155844,0.4174525737762451,0.055894136428833
qwen3_0.6b_1024d,en_gloss_unihan,4539,振,辰,扌,ROOT-8FB0,189,動,1036,0,0,0,1155,登,959,0,0,0,77,0,0,959,0.35835198,0.4022673666477203,0.0439153909683227
qwen3_0.6b_1024d,en_gloss_unihan,4540,晨,辰,日,ROOT-8FB0,60,晨,740,0,0,0,1155,晨,674,0,0,0,66,0,0,674,0.44085905,0.481700986623764,0.0408419370651245
qwen3_0.6b_1024d,en_gloss_unihan,4541,脣,辰,肉,ROOT-8FB0,99,脣,1146,0,0,0,1155,脣,1139,0,0,0,7,0,0,1139,0.2815308,0.3413732051849365,0.0598424077033996
qwen3_0.6b_1024d,en_gloss_unihan,4543,蜃,辰,虫,ROOT-8FB0,116,皮,1151,0,0,0,1155,倉,1149,0,0,0,2,0,0,1149,0.18813121,0.2502885460853576,0.0621573328971862
qwen3_0.6b_1024d,en_gloss_unihan,4544,賑,辰,貝,ROOT-8FB0,41,丞,1139,0,0,0,1155,丞,1127,0,0,0,12,0,0,1127,0.30020308,0.327757716178894,0.0275546312332153
qwen3_0.6b_1024d,en_gloss_unihan,4545,震,辰,雨,ROOT-8FB0,25,需,937,0,0,0,1155,離,738,0,0,0,199,0,0,738,0.3429849,0.3502734899520874,0.0072885751724243
qwen3_0.6b_1024d,en_gloss_unihan,4878,掂,店,扌,ROOT-5360,189,匊,290,0,0,0,1155,匊,274,0,0,0,16,0,0,274,0.52919084,0.5378578901290894,0.0086670517921447
qwen3_0.6b_1024d,en_gloss_unihan,4879,惦,店,忄,ROOT-5360,124,念,345,0,0,0,1155,念,290,0,0,0,55,0,0,290,0.5549993,0.53205406665802,-0.0229452252388
qwen3_0.6b_1024d,zh_char,54,儐,賓,亻,ROOT-219CD,183,儵,72,0,0,0,1171,窐,60,0,0,0,12,0,0,60,0.61900485,0.642585277557373,0.0235804319381713
qwen3_0.6b_1024d,zh_char,55,嬪,賓,女,ROOT-219CD,115,貞,18,0,0,0,1171,爾,28,0,0,0,-10,0,0,28,0.68518984,0.7106420993804932,0.0254522562026977
qwen3_0.6b_1024d,zh_char,56,擯,賓,扌,ROOT-219CD,202,殺,56,0,0,0,1171,殺,44,0,0,0,12,0,0,44,0.67016816,0.6974968910217285,0.0273287296295166
qwen3_0.6b_1024d,zh_char,57,檳,賓,木,ROOT-219CD,256,臺,28,0,0,0,1171,臺,21,0,0,0,7,0,0,21,0.6735955,0.7069350481033325,0.0333395600318908
qwen3_0.6b_1024d,zh_char,58,殯,賓,歹,ROOT-219CD,17,亡,26,0,0,0,1171,爾,28,0,0,0,-2,0,0,28,0.6933185,0.7278835773468018,0.0345650911331176
qwen3_0.6b_1024d,zh_char,59,濱,賓,氵,ROOT-219CD,307,島,27,0,0,0,1171,島,15,0,0,0,12,0,0,15,0.6762122,0.7272608280181885,0.0510486364364624
qwen3_0.6b_1024d,zh_char,60,矉,賓,目,ROOT-219CD,59,巟,220,0,0,0,1171,巟,180,0,0,0,40,0,0,180,0.6521311,0.674506664276123,0.0223755836486816
qwen3_0.6b_1024d,zh_char,61,繽,賓,糸,ROOT-219CD,170,繭,23,0,0,0,1171,之,32,0,0,0,-9,0,0,32,0.6635702,0.70564866065979,0.0420784354209899
qwen3_0.6b_1024d,zh_char,62,蠙,賓,虫,ROOT-219CD,139,穌,67,0,0,0,1171,穌,91,0,0,0,-24,0,0,91,0.6560539,0.6638938188552856,0.0078399181365966
qwen3_0.6b_1024d,zh_char,63,鬢,賓,髟,ROOT-219CD,19,袞,133,0,0,0,1171,袞,169,0,0,0,-36,0,0,169,0.626712,0.6521095037460327,0.0253974795341491
qwen3_0.6b_1024d,zh_char,416,侅,亥,亻,ROOT-4EA5,183,艾,115,0,0,0,1171,艾,95,0,0,0,20,0,0,95,0.6421826,0.6662570238113403,0.0240744352340698
qwen3_0.6b_1024d,zh_char,417,刻,亥,刂,ROOT-4EA5,36,切,281,0,0,0,1171,才,242,0,0,0,39,0,0,242,0.6017612,0.637493908405304,0.0357326865196228
qwen3_0.6b_1024d,zh_char,418,劾,亥,力,ROOT-4EA5,21,赦,261,0,0,0,1171,赦,275,0,0,0,-14,0,0,275,0.65275234,0.6318984031677246,-0.0208539366722106
qwen3_0.6b_1024d,zh_char,419,咳,亥,口,ROOT-4EA5,156,炎,365,0,0,0,1171,炎,253,0,0,0,112,0,0,253,0.5147452,0.5621698498725891,0.0474246740341186
qwen3_0.6b_1024d,zh_char,420,垓,亥,土,ROOT-4EA5,91,皋,95,0,0,0,1171,皋,68,0,0,0,27,0,0,68,0.71729267,0.7480751276016235,0.0307824611663818
qwen3_0.6b_1024d,zh_char,421,孩,亥,子,ROOT-4EA5,5,童,49,0,0,0,1171,童,163,0,0,0,-114,0,0,163,0.64337045,0.6208987832069397,-0.0224716663360595
qwen3_0.6b_1024d,zh_char,422,核,亥,木,ROOT-4EA5,256,尼,156,0,0,0,1171,非,182,0,0,0,-26,0,0,182,0.6894108,0.6812747716903687,-0.0081360340118408
qwen3_0.6b_1024d,zh_char,423,欬,亥,欠,ROOT-4EA5,28,欶,134,0,0,0,1171,圭,140,0,0,0,-6,0,0,140,0.5959088,0.6238285303115845,0.0279197096824646
qwen3_0.6b_1024d,zh_char,424,痎,亥,疒,ROOT-4EA5,71,疾,492,0,0,0,1171,之,193,0,0,0,299,0,0,193,0.5464474,0.6809715032577515,0.1345241069793701
qwen3_0.6b_1024d,zh_char,425,胲,亥,肉,ROOT-4EA5,108,狃,7,0,0,1,1171,廷,2,0,1,1,5,0,0,2,0.7463447,0.7660916447639465,0.0197469592094421
qwen3_0.6b_1024d,zh_char,426,荄,亥,艹,ROOT-4EA5,292,蒿,43,0,0,0,1171,穴,17,0,0,0,26,0,0,17,0.71056736,0.7450541257858276,0.0344867706298828
qwen3_0.6b_1024d,zh_char,427,該,亥,言,ROOT-4EA5,155,號,303,0,0,0,1171,之,217,0,0,0,86,0,0,217,0.67238176,0.7106503248214722,0.0382685661315918
qwen3_0.6b_1024d,zh_char,428,閡,亥,門,ROOT-4EA5,34,閵,210,0,0,0,1171,乂,95,0,0,0,115,0,0,95,0.62694156,0.7240831255912781,0.0971415638923645
qwen3_0.6b_1024d,zh_char,429,陔,亥,阝,ROOT-4EA5,125,聿,74,0,0,0,1171,之,78,0,0,0,-4,0,0,78,0.73066616,0.7341601252555847,0.0034939646720886
qwen3_0.6b_1024d,zh_char,430,頦,亥,頁,ROOT-4EA5,45,劦,113,0,0,0,1171,劦,25,0,0,0,88,0,0,25,0.636716,0.7274707555770874,0.090754747390747
qwen3_0.6b_1024d,zh_char,431,駭,亥,馬,ROOT-4EA5,65,閭,506,0,0,0,1171,之,250,0,0,0,256,0,0,250,0.5777054,0.6733794212341309,0.0956740379333496
qwen3_0.6b_1024d,zh_char,432,骸,亥,骨,ROOT-4EA5,13,尸,38,0,0,0,1171,尸,28,0,0,0,10,0,0,28,0.6997957,0.7101565599441528,0.010360836982727
qwen3_0.6b_1024d,zh_char,641,刓,元,刂,ROOT-5143,36,斬,468,0,0,0,1171,冓,366,0,0,0,102,0,0,366,0.5701009,0.6210291385650635,0.0509282350540161
qwen3_0.6b_1024d,zh_char,642,完,元,宀,ROOT-5143,27,完,447,0,0,0,1171,完,347,0,0,0,100,0,0,347,0.58497345,0.5982629656791687,0.0132895112037658
qwen3_0.6b_1024d,zh_char,652,忨,元,忄,ROOT-5143,132,閻,346,0,0,0,1171,貢,171,0,0,0,175,0,0,171,0.6008326,0.6307675838470459,0.0299350023269653
qwen3_0.6b_1024d,zh_char,653,沅,元,氵,ROOT-5143,307,江,242,0,0,0,1171,甬,145,0,0,0,97,0,0,145,0.5898286,0.6593626737594604,0.0695340633392334
qwen3_0.6b_1024d,zh_char,654,玩,元,王,ROOT-5143,79,斗,1065,0,0,0,1171,斗,1035,0,0,0,30,0,0,1035,0.47506326,0.4660121500492096,-0.009051114320755
qwen3_0.6b_1024d,zh_char,656,芫,元,艹,ROOT-5143,292,堇,674,0,0,0,1171,之,579,0,0,0,95,0,0,579,0.5897278,0.6484155654907227,0.0586877465248107
qwen3_0.6b_1024d,zh_char,657,蚖,元,虫,ROOT-5143,139,蠆,748,0,0,0,1171,爾,420,0,0,0,328,0,0,420,0.49700615,0.6660001873970032,0.1689940392971038
qwen3_0.6b_1024d,zh_char,658,邧,元,阝,ROOT-5143,125,翏,516,0,0,0,1171,翏,657,0,0,0,-141,0,0,657,0.5666147,0.5760748386383057,0.0094601511955261
qwen3_0.6b_1024d,zh_char,659,阮,元,阝,ROOT-5143,125,冉,244,0,0,0,1171,翁,368,0,0,0,-124,0,0,368,0.6657336,0.653454065322876,-0.0122795104980468
qwen3_0.6b_1024d,zh_char,660,頑,元,頁,ROOT-5143,45,頡,661,0,0,0,1171,狃,549,0,0,0,112,0,0,549,0.5388237,0.5911334753036499,0.0523097515106201
qwen3_0.6b_1024d,zh_char,711,偈,曷,亻,ROOT-5303,183,句,183,0,0,0,1171,句,247,0,0,0,-64,0,0,247,0.60625565,0.6099210977554321,0.0036654472351074
qwen3_0.6b_1024d,zh_char,712,喝,曷,口,ROOT-5303,156,味,233,0,0,0,1171,服,561,0,0,0,-328,0,0,561,0.5600405,0.5461437106132507,-0.0138967633247375
qwen3_0.6b_1024d,zh_char,713,堨,曷,土,ROOT-5303,91,廛,104,0,0,0,1171,耤,60,0,0,0,44,0,0,60,0.6743232,0.7407257556915283,0.0664025545120239
qwen3_0.6b_1024d,zh_char,714,愒,曷,忄,ROOT-5303,132,嗇,75,0,0,0,1171,閑,330,0,0,0,-255,0,0,330,0.62535274,0.6086568832397461,-0.0166958570480346
qwen3_0.6b_1024d,zh_char,715,揭,曷,扌,ROOT-5303,202,察,53,0,0,0,1171,察,67,0,0,0,-14,0,0,67,0.69047296,0.7015600204467773,0.0110870599746704
qwen3_0.6b_1024d,zh_char,716,暍,曷,日,ROOT-5303,63,歊,215,0,0,0,1171,歊,399,0,0,0,-184,0,0,399,0.6140404,0.6331511735916138,0.0191107988357543
qwen3_0.6b_1024d,zh_char,718,楬,曷,木,ROOT-5303,256,桼,200,0,0,0,1171,桼,109,0,0,0,91,0,0,109,0.5521292,0.6269283294677734,0.0747991204261779
qwen3_0.6b_1024d,zh_char,719,歇,曷,欠,ROOT-5303,28,歇,73,0,0,0,1171,歇,81,0,0,0,-8,0,0,81,0.681382,0.6896106004714966,0.008228600025177
qwen3_0.6b_1024d,zh_char,721,渴,曷,氵,ROOT-5303,307,畏,227,0,0,0,1171,畏,319,0,0,0,-92,0,0,319,0.5393888,0.5430682897567749,0.0036795139312744
qwen3_0.6b_1024d,zh_char,722,猲,曷,犭,ROOT-5303,44,猒,432,0,0,0,1171,耴,434,0,0,0,-2,0,0,434,0.5547285,0.6108371019363403,0.0561085939407348
qwen3_0.6b_1024d,zh_char,723,碣,曷,石,ROOT-5303,57,井,313,0,0,0,1171,井,240,0,0,0,73,0,0,240,0.633047,0.6708998680114746,0.0378528833389282
qwen3_0.6b_1024d,zh_char,724,竭,曷,立,ROOT-5303,6,感,105,0,0,0,1171,感,209,0,0,0,-104,0,0,209,0.64352524,0.5822265148162842,-0.0612987279891967
qwen3_0.6b_1024d,zh_char,725,羯,曷,羊,ROOT-5303,9,昆,269,0,0,0,1171,昆,316,0,0,0,-47,0,0,316,0.65264475,0.6342424750328064,-0.0184022784233093
qwen3_0.6b_1024d,zh_char,726,葛,曷,艹,ROOT-5303,292,葛,123,0,0,0,1171,葛,128,0,0,0,-5,0,0,128,0.66384774,0.6951543092727661,0.0313065648078918
qwen3_0.6b_1024d,zh_char,729,蝎,曷,虫,ROOT-5303,139,蚤,328,0,0,0,1171,犀,386,0,0,0,-58,0,0,386,0.537935,0.6570543050765991,0.1191192865371704
qwen3_0.6b_1024d,zh_char,730,褐,曷,衤,ROOT-5303,70,黑,124,0,0,0,1171,黑,219,0,0,0,-95,0,0,219,0.5923457,0.5965487957000732,0.0042030811309814
qwen3_0.6b_1024d,zh_char,731,謁,曷,言,ROOT-5303,155,謁,300,0,0,0,1171,謁,312,0,0,0,-12,0,0,312,0.6301188,0.6570994853973389,0.026980698108673
qwen3_0.6b_1024d,zh_char,734,遏,曷,辶,ROOT-5303,69,遽,6,0,0,1,1171,仄,4,0,1,1,2,0,0,4,0.7509973,0.7533853054046631,0.0023880004882812
qwen3_0.6b_1024d,zh_char,735,鞨,曷,革,ROOT-5303,32,氐,47,0,0,0,1171,赫,34,0,0,0,13,0,0,34,0.6898626,0.7263798713684082,0.0365172624588012
qwen3_0.6b_1024d,zh_char,736,餲,曷,飠,ROOT-5303,38,歊,284,0,0,0,1171,伊,249,0,0,0,35,0,0,249,0.59739006,0.6573970317840576,0.0600069761276245
qwen3_0.6b_1024d,zh_char,737,鶡,曷,鳥,ROOT-5303,67,咠,238,0,0,0,1171,之,54,0,0,0,184,0,0,54,0.6064211,0.7327772378921509,0.1263561248779297
qwen3_0.6b_1024d,zh_char,1967,佳,圭,亻,ROOT-572D,183,俊,18,0,0,0,1171,良,18,0,0,0,0,0,0,18,0.75898,0.7567589282989502,-0.0022210478782653
qwen3_0.6b_1024d,zh_char,1968,刲,圭,刂,ROOT-572D,36,斬,110,0,0,0,1171,斬,52,0,0,0,58,0,0,52,0.61156875,0.6874618530273438,0.0758931040763855
qwen3_0.6b_1024d,zh_char,1973,哇,圭,口,ROOT-572D,156,吾,119,0,0,0,1171,吾,109,0,0,0,10,0,0,109,0.6332953,0.6800122261047363,0.0467169284820556
qwen3_0.6b_1024d,zh_char,1974,奎,圭,大,ROOT-572D,5,圭,1,1,1,1,1171,之,3,0,1,1,-2,0,1,3,0.826888,0.7664180994033813,-0.0604699254035949
qwen3_0.6b_1024d,zh_char,1976,娃,圭,女,ROOT-572D,115,野,662,0,0,0,1171,野,703,0,0,0,-41,0,0,703,0.55866325,0.5841397643089294,0.0254765152931213
qwen3_0.6b_1024d,zh_char,1977,恚,圭,心,ROOT-572D,59,畏,300,0,0,0,1171,畏,291,0,0,0,9,0,0,291,0.56298035,0.6182546019554138,0.0552742481231689
qwen3_0.6b_1024d,zh_char,1978,挂,圭,扌,ROOT-572D,202,登,241,0,0,0,1171,登,160,0,0,0,81,0,0,160,0.6232743,0.6691501140594482,0.0458757877349853
qwen3_0.6b_1024d,zh_char,1979,桂,圭,木,ROOT-572D,256,瓜,3,0,1,1,1171,吉,2,0,1,1,1,0,0,2,0.8001285,0.8147283792495728,0.014599859714508
qwen3_0.6b_1024d,zh_char,1980,洼,圭,氵,ROOT-572D,307,洼,680,0,0,0,1171,洼,590,0,0,0,90,0,0,590,0.5125874,0.564049482345581,0.0514620542526245
qwen3_0.6b_1024d,zh_char,1982,烓,圭,火,ROOT-572D,62,猋,187,0,0,0,1171,孛,134,0,0,0,53,0,0,134,0.6110485,0.6597174406051636,0.0486689209938049
qwen3_0.6b_1024d,zh_char,1983,珪,圭,王,ROOT-572D,79,圭,1,1,1,1,1171,圭,1,1,1,1,0,0,0,1,0.84224474,0.8270441293716431,-0.0152006149291992
qwen3_0.6b_1024d,zh_char,1984,畦,圭,田,ROOT-572D,12,田,235,0,0,0,1171,禾,185,0,0,0,50,0,0,185,0.5796918,0.6176395416259766,0.0379477143287658
qwen3_0.6b_1024d,zh_char,1985,眭,圭,目,ROOT-572D,59,忝,8,0,0,1,1171,忝,18,0,0,0,-10,0,0,18,0.7682957,0.7544359564781189,-0.013859748840332
qwen3_0.6b_1024d,zh_char,1986,窐,圭,穴,ROOT-572D,28,窐,159,0,0,0,1171,窐,64,0,0,0,95,0,0,64,0.63634914,0.6798893213272095,0.0435401797294616
qwen3_0.6b_1024d,zh_char,1988,絓,圭,糸,ROOT-572D,170,繫,426,0,0,0,1171,系,296,0,0,0,130,0,0,296,0.5781928,0.66817706823349,0.0899842977523803
qwen3_0.6b_1024d,zh_char,1989,茥,圭,艹,ROOT-572D,292,咼,332,0,0,0,1171,斿,433,0,0,0,-101,0,0,433,0.61250204,0.6244938969612122,0.0119918584823608
qwen3_0.6b_1024d,zh_char,1990,蛙,圭,虫,ROOT-572D,139,豚,492,0,0,0,1171,翼,161,0,0,0,331,0,0,161,0.49800977,0.6742939949035645,0.1762842237949371
qwen3_0.6b_1024d,zh_char,1991,街,圭,行,ROOT-572D,6,邑,293,0,0,0,1171,井,177,0,0,0,116,0,0,177,0.5527551,0.6015105247497559,0.048755407333374
qwen3_0.6b_1024d,zh_char,1992,觟,圭,角,ROOT-572D,13,隹,204,0,0,0,1171,之,586,0,0,0,-382,0,0,586,0.6904235,0.6294392347335815,-0.0609842538833618
qwen3_0.6b_1024d,zh_char,1993,詿,圭,言,ROOT-572D,155,棼,221,0,0,0,1171,棼,236,0,0,0,-15,0,0,236,0.5808903,0.6307519674301147,0.0498616695404052
qwen3_0.6b_1024d,zh_char,1994,邽,圭,阝,ROOT-572D,125,冀,10,0,0,1,1171,冀,2,0,1,1,8,0,0,2,0.7718278,0.8050841093063354,0.0332562923431396
qwen3_0.6b_1024d,zh_char,1995,閨,圭,門,ROOT-572D,34,貞,433,0,0,0,1171,之,306,0,0,0,127,0,0,306,0.5778281,0.6704635620117188,0.0926354527473449
qwen3_0.6b_1024d,zh_char,1996,鞋,圭,革,ROOT-572D,32,衣,388,0,0,0,1171,衣,429,0,0,0,-41,0,0,429,0.50712824,0.5346394777297974,0.0275112390518188
qwen3_0.6b_1024d,zh_char,2002,僥,堯,亻,ROOT-582F,183,頡,69,0,0,0,1171,頡,115,0,0,0,-46,0,0,115,0.6619245,0.6639897227287292,0.0020652413368225
qwen3_0.6b_1024d,zh_char,2003,嘵,堯,口,ROOT-582F,156,韱,676,0,0,0,1171,閵,756,0,0,0,-80,0,0,756,0.5618384,0.5812208652496338,0.0193824768066406
qwen3_0.6b_1024d,zh_char,2004,嬈,堯,女,ROOT-582F,115,耴,61,0,0,0,1171,爾,205,0,0,0,-144,0,0,205,0.6554718,0.6525129079818726,-0.0029588937759399
qwen3_0.6b_1024d,zh_char,2005,嶢,堯,山,ROOT-582F,53,頡,414,0,0,0,1171,賓,719,0,0,0,-305,0,0,719,0.569027,0.5943208932876587,0.0252938866615295
qwen3_0.6b_1024d,zh_char,2006,撓,堯,扌,ROOT-582F,202,夾,269,0,0,0,1171,兒,311,0,0,0,-42,0,0,311,0.57099724,0.6093782186508179,0.0383809804916381
qwen3_0.6b_1024d,zh_char,2007,曉,堯,日,ROOT-582F,63,蕭,627,0,0,0,1171,爾,748,0,0,0,-121,0,0,748,0.5919808,0.5953266620635986,0.0033458471298217
qwen3_0.6b_1024d,zh_char,2008,橈,堯,木,ROOT-582F,256,鬵,317,0,0,0,1171,角,750,0,0,0,-433,0,0,750,0.5855478,0.5744935274124146,-0.0110542774200439
qwen3_0.6b_1024d,zh_char,2009,澆,堯,氵,ROOT-582F,307,雚,248,0,0,0,1171,於,277,0,0,0,-29,0,0,277,0.5929959,0.6422119736671448,0.049216091632843
qwen3_0.6b_1024d,zh_char,2010,燒,堯,火,ROOT-582F,62,火,485,0,0,0,1171,火,626,0,0,0,-141,0,0,626,0.5404295,0.5966371893882751,0.0562077164649963
qwen3_0.6b_1024d,zh_char,2011,獟,堯,犭,ROOT-582F,44,貍,473,0,0,0,1171,咠,732,0,0,0,-259,0,0,732,0.51674557,0.5666556358337402,0.0499100685119628
qwen3_0.6b_1024d,zh_char,2012,磽,堯,石,ROOT-582F,57,咢,837,0,0,0,1171,咢,1051,0,0,0,-214,0,0,1051,0.5413042,0.5289599895477295,-0.0123441815376281
qwen3_0.6b_1024d,zh_char,2013,繞,堯,糸,ROOT-582F,170,轉,871,0,0,0,1171,旋,1103,0,0,0,-232,0,0,1103,0.5552194,0.51190584897995,-0.0433135628700256
qwen3_0.6b_1024d,zh_char,2014,翹,堯,羽,ROOT-582F,22,翏,937,0,0,0,1171,將,924,0,0,0,13,0,0,924,0.4991083,0.533171534538269,0.0340632200241088
qwen3_0.6b_1024d,zh_char,2015,膮,堯,肉,ROOT-582F,108,尃,728,0,0,0,1171,黽,884,0,0,0,-156,0,0,884,0.5096477,0.528212308883667,0.0185645818710327
qwen3_0.6b_1024d,zh_char,2016,蕘,堯,艹,ROOT-582F,292,雚,76,0,0,0,1171,爾,111,0,0,0,-35,0,0,111,0.65080845,0.6496747732162476,-0.0011336803436279
qwen3_0.6b_1024d,zh_char,2017,蟯,堯,虫,ROOT-582F,139,麃,130,0,0,0,1171,季,119,0,0,0,11,0,0,119,0.6451621,0.6953071355819702,0.0501450300216674
qwen3_0.6b_1024d,zh_char,2018,譊,堯,言,ROOT-582F,155,坴,351,0,0,0,1171,狊,1096,0,0,0,-745,0,0,1096,0.6167314,0.5909690856933594,-0.0257623195648193
qwen3_0.6b_1024d,zh_char,2019,趬,堯,走,ROOT-582F,19,朁,648,0,0,0,1171,朁,539,0,0,0,109,0,0,539,0.539319,0.6085939407348633,0.0692749619483947
qwen3_0.6b_1024d,zh_char,2020,遶,堯,辶,ROOT-582F,69,過,322,0,0,0,1171,維,219,0,0,0,103,0,0,219,0.5726571,0.61525958776474,0.0426024794578552
qwen3_0.6b_1024d,zh_char,2021,鐃,堯,釒,ROOT-582F,141,夃,112,0,0,0,1171,子,584,0,0,0,-472,0,0,584,0.59385806,0.6063884496688843,0.0125303864479064
qwen3_0.6b_1024d,zh_char,2022,顤,堯,頁,ROOT-582F,45,顥,386,0,0,0,1171,亶,1085,0,0,0,-699,0,0,1085,0.58773005,0.5399985313415527,-0.0477315187454223
qwen3_0.6b_1024d,zh_char,2023,饒,堯,飠,ROOT-582F,38,韱,356,0,0,0,1171,羅,815,0,0,0,-459,0,0,815,0.5934478,0.5835392475128174,-0.0099085569381713
qwen3_0.6b_1024d,zh_char,2024,驍,堯,馬,ROOT-582F,65,貍,196,0,0,0,1171,武,689,0,0,0,-493,0,0,689,0.62931263,0.6187681555747986,-0.01054447889328
qwen3_0.6b_1024d,zh_char,2641,佁,台,亻,ROOT-382F,183,狄,775,0,0,0,1171,狄,782,0,0,0,-7,0,0,782,0.5733757,0.5961818695068359,0.022806167602539
qwen3_0.6b_1024d,zh_char,2642,冶,台,冫,ROOT-382F,12,刃,929,0,0,0,1171,武,851,0,0,0,78,0,0,851,0.5487987,0.5467854142189026,-0.0020132660865783
qwen3_0.6b_1024d,zh_char,2643,始,台,女,ROOT-382F,115,巳,725,0,0,0,1171,先,669,0,0,0,56,0,0,669,0.57466114,0.5639000535011292,-0.0107610821723937
qwen3_0.6b_1024d,zh_char,2644,怠,台,心,ROOT-382F,59,忽,878,0,0,0,1171,乏,706,0,0,0,172,0,0,706,0.4786602,0.5503214597702026,0.0716612637042999
qwen3_0.6b_1024d,zh_char,2645,怡,台,忄,ROOT-382F,132,旖,937,0,0,0,1171,喜,763,0,0,0,174,0,0,763,0.52831364,0.5872861742973328,0.0589725375175476
qwen3_0.6b_1024d,zh_char,2646,枲,台,木,ROOT-382F,256,瓠,898,0,0,0,1171,瓠,980,0,0,0,-82,0,0,980,0.54928684,0.5709365010261536,0.0216496586799621
qwen3_0.6b_1024d,zh_char,2647,殆,台,歹,ROOT-382F,17,敝,971,0,0,0,1171,敝,773,0,0,0,198,0,0,773,0.50609136,0.5348276495933533,0.0287362933158874
qwen3_0.6b_1024d,zh_char,2648,治,台,氵,ROOT-382F,307,厥,739,0,0,0,1171,止,735,0,0,0,4,0,0,735,0.5300089,0.5225111246109009,-0.0074977874755859
qwen3_0.6b_1024d,zh_char,2649,炱,台,火,ROOT-382F,62,殄,331,0,0,0,1171,殄,370,0,0,0,-39,0,0,370,0.62491345,0.6189706325531006,-0.0059428215026855
qwen3_0.6b_1024d,zh_char,2650,瓵,台,瓦,ROOT-382F,12,閵,508,0,0,0,1171,方,412,0,0,0,96,0,0,412,0.53789705,0.6322438716888428,0.0943468213081359
qwen3_0.6b_1024d,zh_char,2651,眙,台,目,ROOT-382F,59,陟,388,0,0,0,1171,冀,609,0,0,0,-221,0,0,609,0.6469681,0.6279623508453369,-0.0190057754516601
qwen3_0.6b_1024d,zh_char,2652,笞,台,竹,ROOT-382F,109,戢,608,0,0,0,1171,歹,724,0,0,0,-116,0,0,724,0.5885041,0.5864511728286743,-0.002052903175354
qwen3_0.6b_1024d,zh_char,2653,紿,台,糸,ROOT-382F,170,縕,858,0,0,0,1171,翕,830,0,0,0,28,0,0,830,0.50079226,0.5673805475234985,0.066588282585144
qwen3_0.6b_1024d,zh_char,2654,胎,台,肉,ROOT-382F,108,嬰,346,0,0,0,1171,于,291,0,0,0,55,0,0,291,0.54046774,0.5973947048187256,0.0569269657135009
qwen3_0.6b_1024d,zh_char,2655,苔,台,艹,ROOT-382F,292,竹,346,0,0,0,1171,林,244,0,0,0,102,0,0,244,0.5923245,0.6507996320724487,0.0584751367568969
qwen3_0.6b_1024d,zh_char,2656,詒,台,言,ROOT-382F,155,貍,894,0,0,0,1171,之,936,0,0,0,-42,0,0,936,0.5174867,0.5959094762802124,0.0784227848052978
qwen3_0.6b_1024d,zh_char,2657,貽,台,貝,ROOT-382F,41,貢,981,0,0,0,1171,胤,877,0,0,0,104,0,0,877,0.52237505,0.5803446769714355,0.0579696297645568
qwen3_0.6b_1024d,zh_char,2658,邰,台,阝,ROOT-382F,125,覃,142,0,0,0,1171,覃,163,0,0,0,-21,0,0,163,0.66063285,0.6673926115036011,0.006759762763977
qwen3_0.6b_1024d,zh_char,2659,鈶,台,釒,ROOT-382F,141,婁,699,0,0,0,1171,麗,874,0,0,0,-175,0,0,874,0.54217833,0.5895068645477295,0.0473285317420959
qwen3_0.6b_1024d,zh_char,2660,颱,台,風,ROOT-382F,8,風,103,0,0,0,1171,之,218,0,0,0,-115,0,0,218,0.590948,0.6420864462852478,0.0511384606361389
qwen3_0.6b_1024d,zh_char,2661,飴,台,飠,ROOT-382F,38,乂,859,0,0,0,1171,乂,635,0,0,0,224,0,0,635,0.5564666,0.6225093007087708,0.0660427212715148
qwen3_0.6b_1024d,zh_char,2662,駘,台,馬,ROOT-382F,65,袞,539,0,0,0,1171,之,411,0,0,0,128,0,0,411,0.5918448,0.6809647083282471,0.0891199111938476
qwen3_0.6b_1024d,zh_char,2663,鮐,台,魚,ROOT-382F,58,戔,453,0,0,0,1171,侯,517,0,0,0,-64,0,0,517,0.5765179,0.6091601252555847,0.0326422452926635
qwen3_0.6b_1024d,zh_char,2664,齝,台,齒,ROOT-382F,20,雝,1078,0,0,0,1171,之,935,0,0,0,143,0,0,935,0.49757618,0.6351702809333801,0.1375941038131714
qwen3_0.6b_1024d,zh_char,2707,啻,帝,口,ROOT-5E1D,156,仄,680,0,0,0,1171,申,544,0,0,0,136,0,0,544,0.58039033,0.6284857988357544,0.0480954647064209
qwen3_0.6b_1024d,zh_char,2709,啼,帝,口,ROOT-5E1D,156,旖,796,0,0,0,1171,忍,720,0,0,0,76,0,0,720,0.48471934,0.5809065103530884,0.0961871743202209
qwen3_0.6b_1024d,zh_char,2710,禘,帝,礻,ROOT-5E1D,40,亥,58,0,0,0,1171,陟,173,0,0,0,-115,0,0,173,0.71585304,0.7014431953430176,-0.0144098401069641
qwen3_0.6b_1024d,zh_char,2711,締,帝,糸,ROOT-5E1D,170,繫,321,0,0,0,1171,廷,158,0,0,0,163,0,0,158,0.61508226,0.6981892585754395,0.0831069946289062
qwen3_0.6b_1024d,zh_char,2712,蒂,帝,艹,ROOT-5E1D,292,之,510,0,0,0,1171,之,378,0,0,0,132,0,0,378,0.677316,0.6993389129638672,0.0220229029655456
qwen3_0.6b_1024d,zh_char,2713,諦,帝,言,ROOT-5E1D,155,斂,523,0,0,0,1171,中,525,0,0,0,-2,0,0,525,0.5852201,0.6368830800056458,0.0516629815101623
qwen3_0.6b_1024d,zh_char,2714,蹄,帝,𧾷,ROOT-5E1D,68,虎,522,0,0,0,1171,虎,332,0,0,0,190,0,0,332,0.5533493,0.6426348686218262,0.0892855525016784
qwen3_0.6b_1024d,zh_char,3503,欄,闌,木,ROOT-67EC,256,爾,759,0,0,0,1171,屬,959,0,0,0,-200,0,0,959,0.5694101,0.53444504737854,-0.0349650382995605
qwen3_0.6b_1024d,zh_char,3504,瀾,闌,氵,ROOT-67EC,307,蘭,112,0,0,0,1171,蘭,209,0,0,0,-97,0,0,209,0.63305897,0.6504672765731812,0.0174083113670349
qwen3_0.6b_1024d,zh_char,3505,爛,闌,火,ROOT-67EC,62,毀,71,0,0,0,1171,絕,148,0,0,0,-77,0,0,148,0.6094384,0.5987127423286438,-0.0107256770133972
qwen3_0.6b_1024d,zh_char,3506,籣,闌,竹,ROOT-67EC,109,侖,53,0,0,0,1171,蘭,89,0,0,0,-36,0,0,89,0.66248703,0.6696426272392273,0.0071555972099304
qwen3_0.6b_1024d,zh_char,3507,蘭,闌,艹,ROOT-67EC,292,蘭,639,0,0,0,1171,蘭,770,0,0,0,-131,0,0,770,0.6111436,0.5895874500274658,-0.0215561389923095
qwen3_0.6b_1024d,zh_char,3509,襴,闌,衤,ROOT-67EC,70,襾,459,0,0,0,1171,襾,832,0,0,0,-373,0,0,832,0.54014397,0.5874327421188354,0.0472887754440307
qwen3_0.6b_1024d,zh_char,3510,讕,闌,言,ROOT-67EC,155,袞,590,0,0,0,1171,子,968,0,0,0,-378,0,0,968,0.5838959,0.5976415276527405,0.0137456059455871
qwen3_0.6b_1024d,zh_char,3975,倩,青,亻,ROOT-9752,183,希,10,0,0,1,1171,秀,6,0,0,1,4,0,0,6,0.7161946,0.7356662154197693,0.0194715857505798
qwen3_0.6b_1024d,zh_char,3976,凊,青,冫,ROOT-9752,12,雚,240,0,0,0,1171,咼,628,0,0,0,-388,0,0,628,0.60164714,0.5671341419219971,-0.0345129966735839
qwen3_0.6b_1024d,zh_char,3977,婧,青,女,ROOT-9752,115,聿,43,0,0,0,1171,宁,31,0,0,0,12,0,0,31,0.714738,0.7494243383407593,0.0346863269805908
qwen3_0.6b_1024d,zh_char,3978,崝,青,山,ROOT-9752,53,侖,399,0,0,0,1171,侖,611,0,0,0,-212,0,0,611,0.57250637,0.5901772975921631,0.0176709294319152
qwen3_0.6b_1024d,zh_char,3979,情,青,忄,ROOT-9752,132,心,496,0,0,0,1171,心,405,0,0,0,91,0,0,405,0.5824919,0.6245839595794678,0.0420920848846435
qwen3_0.6b_1024d,zh_char,3980,晴,青,日,ROOT-9752,63,晨,79,0,0,0,1171,天,128,0,0,0,-49,0,0,128,0.6074364,0.6222190856933594,0.0147826671600341
qwen3_0.6b_1024d,zh_char,3981,猜,青,犭,ROOT-9752,44,之,711,0,0,0,1171,之,711,0,0,0,0,0,0,711,0.55594844,0.5285623073577881,-0.0273861289024353
qwen3_0.6b_1024d,zh_char,3982,睛,青,目,ROOT-9752,59,疾,152,0,0,0,1171,疾,223,0,0,0,-71,0,0,223,0.6279429,0.6701164245605469,0.0421735048294067
qwen3_0.6b_1024d,zh_char,3983,精,青,米,ROOT-9752,27,赤,80,0,0,0,1171,赤,238,0,0,0,-158,0,0,238,0.6820717,0.6328293681144714,-0.0492423176765441
qwen3_0.6b_1024d,zh_char,3984,綪,青,糸,ROOT-9752,170,繫,546,0,0,0,1171,帶,847,0,0,0,-301,0,0,847,0.49340388,0.5671460628509521,0.0737421810626983
qwen3_0.6b_1024d,zh_char,3985,菁,青,艹,ROOT-9752,292,科,332,0,0,0,1171,科,707,0,0,0,-375,0,0,707,0.6400067,0.5789586305618286,-0.0610480904579162
qwen3_0.6b_1024d,zh_char,3986,蜻,青,虫,ROOT-9752,139,雉,170,0,0,0,1171,雀,271,0,0,0,-101,0,0,271,0.60897565,0.6878252029418945,0.0788495540618896
qwen3_0.6b_1024d,zh_char,3987,請,青,言,ROOT-9752,155,預,883,0,0,0,1171,予,709,0,0,0,174,0,0,709,0.54617393,0.5846806764602661,0.0385067462921142
qwen3_0.6b_1024d,zh_char,3988,錆,青,釒,ROOT-9752,141,維,124,0,0,0,1171,維,65,0,0,0,59,0,0,65,0.58789396,0.6782451868057251,0.0903512239456176
qwen3_0.6b_1024d,zh_char,3989,靖,青,立,ROOT-9752,6,隹,40,0,0,0,1171,隹,59,0,0,0,-19,0,0,59,0.75185144,0.699407160282135,-0.0524442791938781
qwen3_0.6b_1024d,zh_char,3990,靚,青,見,ROOT-9752,11,色,3,0,1,1,1171,青,1,1,1,1,2,1,0,1,0.71789217,0.7129781246185303,-0.0049140453338623
qwen3_0.6b_1024d,zh_char,3992,鯖,青,魚,ROOT-9752,58,蠆,601,0,0,0,1171,之,1001,0,0,0,-400,0,0,1001,0.49199992,0.6213991641998291,0.1293992400169372
qwen3_0.6b_1024d,zh_char,4753,涂,余,氵,ROOT-4F59,307,涂,712,0,0,0,1171,涂,534,0,0,0,178,0,0,534,0.5033764,0.5398321151733398,0.0364556908607482
qwen3_0.6b_1024d,zh_char,4755,徐,余,彳,ROOT-4F59,18,孟,11,0,0,0,1171,孟,21,0,0,0,-10,0,0,21,0.7284311,0.7263431549072266,-0.0020879507064819
qwen3_0.6b_1024d,zh_char,4756,悆,余,心,ROOT-4F59,59,盍,133,0,0,0,1171,之,80,0,0,0,53,0,0,80,0.7212782,0.7528846263885498,0.0316064357757568
qwen3_0.6b_1024d,zh_char,4758,斜,余,斗,ROOT-4F59,6,角,595,0,0,0,1171,角,532,0,0,0,63,0,0,532,0.59647185,0.564163088798523,-0.0323087573051452
qwen3_0.6b_1024d,zh_char,4760,畬,余,田,ROOT-4F59,12,耤,302,0,0,0,1171,耤,258,0,0,0,44,0,0,258,0.5886453,0.6160221099853516,0.0273768305778503
qwen3_0.6b_1024d,zh_char,4761,稌,余,禾,ROOT-4F59,46,龠,356,0,0,0,1171,龠,176,0,0,0,180,0,0,176,0.6397592,0.689598560333252,0.0498393774032592
qwen3_0.6b_1024d,zh_char,4762,筡,余,竹,ROOT-4F59,109,筍,736,0,0,0,1171,南,378,0,0,0,358,0,0,378,0.5255767,0.6105409860610962,0.0849642753601074
qwen3_0.6b_1024d,zh_char,4763,艅,余,舟,ROOT-4F59,15,宁,538,0,0,0,1171,宁,354,0,0,0,184,0,0,354,0.66103905,0.6644843816757202,0.0034453272819519
qwen3_0.6b_1024d,zh_char,4764,荼,余,艹,ROOT-4F59,292,矞,607,0,0,0,1171,矞,397,0,0,0,210,0,0,397,0.56798184,0.6231815814971924,0.0551997423171997
qwen3_0.6b_1024d,zh_char,4765,蜍,余,虫,ROOT-4F59,139,蚤,916,0,0,0,1171,之,420,0,0,0,496,0,0,420,0.4937885,0.689025342464447,0.1952368319034576
qwen3_0.6b_1024d,zh_char,4766,途,余,辶,ROOT-4F59,69,路,25,0,0,0,1171,路,26,0,0,0,-1,0,0,26,0.7177984,0.7188889980316162,0.0010905861854553
qwen3_0.6b_1024d,zh_char,4767,酴,余,酉,ROOT-4F59,34,雩,517,0,0,0,1171,兮,345,0,0,0,172,0,0,345,0.6059709,0.6788517236709595,0.0728808045387268
qwen3_0.6b_1024d,zh_char,4768,除,余,阝,ROOT-4F59,125,除,192,0,0,0,1171,除,156,0,0,0,36,0,0,156,0.6795286,0.6817116737365723,0.0021830797195434
qwen3_0.6b_1024d,zh_char,4772,餘,余,飠,ROOT-4F59,38,榮,7,0,0,1,1171,余,1,1,1,1,6,1,0,1,0.8170785,0.8025485277175903,-0.0145299434661865
qwen3_0.6b_1024d,zh_char,4773,駼,余,馬,ROOT-4F59,65,輦,471,0,0,0,1171,之,207,0,0,0,264,0,0,207,0.61876273,0.6904822587966919,0.0717195272445678
qwen3_0.6b_1024d,zh_char,5032,裖,辰,衤,ROOT-8FB0,70,藺,493,0,0,0,1171,藺,408,0,0,0,85,0,0,408,0.5464688,0.596956729888916,0.0504879355430603
qwen3_0.6b_1024d,zh_char,5096,侲,辰,亻,ROOT-8FB0,183,龍,622,0,0,0,1171,龍,660,0,0,0,-38,0,0,660,0.5555234,0.5751398801803589,0.0196164846420288
qwen3_0.6b_1024d,zh_char,5097,唇,辰,口,ROOT-8FB0,156,口,226,0,0,0,1171,口,214,0,0,0,12,0,0,214,0.6000515,0.6339935064315796,0.0339419841766357
qwen3_0.6b_1024d,zh_char,5098,娠,辰,女,ROOT-8FB0,115,嬰,107,0,0,0,1171,疾,191,0,0,0,-84,0,0,191,0.546783,0.5573617815971375,0.0105788111686706
qwen3_0.6b_1024d,zh_char,5099,宸,辰,宀,ROOT-8FB0,27,羲,21,0,0,0,1171,羲,46,0,0,0,-25,0,0,46,0.77051675,0.7373369336128235,-0.0331798195838928
qwen3_0.6b_1024d,zh_char,5100,振,辰,扌,ROOT-8FB0,202,晃,259,0,0,0,1171,晃,162,0,0,0,97,0,0,162,0.6467432,0.6821913719177246,0.0354481935501098
qwen3_0.6b_1024d,zh_char,5101,晨,辰,日,ROOT-8FB0,63,晨,3,0,1,1,1171,晨,3,0,1,1,0,0,0,3,0.71673536,0.7028989195823669,-0.0138364434242248
qwen3_0.6b_1024d,zh_char,5103,祳,辰,礻,ROOT-8FB0,40,袞,553,0,0,0,1171,馬,777,0,0,0,-224,0,0,777,0.547743,0.5379738807678223,-0.0097691416740417
qwen3_0.6b_1024d,zh_char,5104,脣,辰,肉,ROOT-8FB0,108,脣,212,0,0,0,1171,脣,142,0,0,0,70,0,0,142,0.5795356,0.6491786241531372,0.0696430206298828
qwen3_0.6b_1024d,zh_char,5106,蜃,辰,虫,ROOT-8FB0,139,巫,128,0,0,0,1171,冥,50,0,0,0,78,0,0,50,0.6350056,0.7085156440734863,0.0735100507736206
qwen3_0.6b_1024d,zh_char,5107,賑,辰,貝,ROOT-8FB0,41,耴,559,0,0,0,1171,之,312,0,0,0,247,0,0,312,0.5621979,0.6304149627685547,0.0682170391082763
qwen3_0.6b_1024d,zh_char,5108,震,辰,雨,ROOT-8FB0,25,雷,19,0,0,0,1171,畏,44,0,0,0,-25,0,0,44,0.71724373,0.7064341306686401,-0.0108096003532409
qwen3_0.6b_1024d,zh_char,5109,麎,辰,鹿,ROOT-8FB0,10,戔,578,0,0,0,1171,之,572,0,0,0,6,0,0,572,0.5505732,0.5830842852592468,0.0325110554695129
qwen3_0.6b_1024d,zh_char,5479,掂,店,扌,ROOT-5360,202,察,912,0,0,0,1171,覃,871,0,0,0,41,0,0,871,0.5251649,0.5598186254501343,0.0346537232398986
qwen3_0.6b_1024d,zh_char,5480,惦,店,忄,ROOT-5360,132,忽,1130,0,0,0,1171,逢,988,0,0,0,142,0,0,988,0.44879454,0.5378857851028442,0.0890912413597107
qwen3_4b_2560d_int8,cn_def,31,儐,賓,亻,ROOT-219CD,126,王,3,0,1,1,1053,王,3,0,1,1,0,0,0,3,0.65370435,0.6415392160415649,-0.0121651291847229
qwen3_4b_2560d_int8,cn_def,32,嬪,賓,女,ROOT-219CD,68,侯,98,0,0,0,1053,侯,118,0,0,0,-20,0,0,118,0.44598824,0.4610370099544525,0.0150487720966339
qwen3_4b_2560d_int8,cn_def,33,擯,賓,扌,ROOT-219CD,138,免,521,0,0,0,1053,免,320,0,0,0,201,0,0,320,0.4358144,0.4573842883110046,0.0215698778629302
qwen3_4b_2560d_int8,cn_def,34,檳,賓,木,ROOT-219CD,139,葛,619,0,0,0,1053,葛,522,0,0,0,97,0,0,522,0.3208323,0.3901768326759338,0.0693445205688476
qwen3_4b_2560d_int8,cn_def,35,殯,賓,歹,ROOT-219CD,10,冢,658,0,0,0,1053,止,356,0,0,0,302,0,0,356,0.3699128,0.3692893087863922,-0.0006234943866729
qwen3_4b_2560d_int8,cn_def,36,濱,賓,氵,ROOT-219CD,185,浦,721,0,0,0,1053,浦,527,0,0,0,194,0,0,527,0.40511495,0.4735560417175293,0.068441092967987
qwen3_4b_2560d_int8,cn_def,37,繽,賓,糸,ROOT-219CD,97,散,730,0,0,0,1053,夭,514,0,0,0,216,0,0,514,0.37902015,0.4227702021598816,0.0437500476837158
qwen3_4b_2560d_int8,cn_def,38,鬢,賓,髟,ROOT-219CD,10,眉,638,0,0,0,1053,聽,229,0,0,0,409,0,0,229,0.36112714,0.4607987403869629,0.0996716022491455
qwen3_4b_2560d_int8,cn_def,252,刻,亥,刂,ROOT-4EA5,19,伐,553,0,0,0,1053,文,428,0,0,0,125,0,0,428,0.4186407,0.4326882362365722,0.0140475332736969
qwen3_4b_2560d_int8,cn_def,253,劾,亥,力,ROOT-4EA5,15,姦,1017,0,0,0,1053,姦,946,0,0,0,71,0,0,946,0.26781946,0.2677857279777527,-3.3736228942871094e-05
qwen3_4b_2560d_int8,cn_def,254,咳,亥,口,ROOT-4EA5,113,息,872,0,0,0,1053,息,775,0,0,0,97,0,0,775,0.27587563,0.3140518069267273,0.0381761789321899
qwen3_4b_2560d_int8,cn_def,255,垓,亥,土,ROOT-4EA5,65,野,815,0,0,0,1053,野,849,0,0,0,-34,0,0,849,0.38215467,0.3750882148742676,-0.0070664584636688
qwen3_4b_2560d_int8,cn_def,256,孩,亥,子,ROOT-4EA5,5,嬰,831,0,0,0,1053,嬰,896,0,0,0,-65,0,0,896,0.35996526,0.3595390617847442,-0.0004262030124664
qwen3_4b_2560d_int8,cn_def,257,核,亥,木,ROOT-4EA5,139,米,877,0,0,0,1053,米,935,0,0,0,-58,0,0,935,0.32767412,0.3356359899044037,0.0079618692398071
qwen3_4b_2560d_int8,cn_def,258,欬,亥,欠,ROOT-4EA5,13,對,753,0,0,0,1053,對,740,0,0,0,13,0,0,740,0.3550699,0.3665853142738342,0.0115154087543487
qwen3_4b_2560d_int8,cn_def,259,該,亥,言,ROOT-4EA5,95,宜,911,0,0,0,1053,宜,736,0,0,0,175,0,0,736,0.35842553,0.3988603353500366,0.0404348075389862
qwen3_4b_2560d_int8,cn_def,260,閡,亥,門,ROOT-4EA5,19,絕,1000,0,0,0,1053,絕,854,0,0,0,146,0,0,854,0.3408556,0.3952566981315613,0.0544010996818542
qwen3_4b_2560d_int8,cn_def,261,頦,亥,頁,ROOT-4EA5,27,面,221,0,0,0,1053,面,183,0,0,0,38,0,0,183,0.44486836,0.4688348174095154,0.0239664614200592
qwen3_4b_2560d_int8,cn_def,262,駭,亥,馬,ROOT-4EA5,34,畏,992,0,0,0,1053,畏,983,0,0,0,9,0,0,983,0.29405087,0.2980341911315918,0.0039833188056945
qwen3_4b_2560d_int8,cn_def,263,骸,亥,骨,ROOT-4EA5,5,品,663,0,0,0,1053,隨,729,0,0,0,-66,0,0,729,0.4354058,0.4907321035861969,0.0553263127803802
qwen3_4b_2560d_int8,cn_def,398,完,元,宀,ROOT-5143,19,完,279,0,0,0,1053,完,207,0,0,0,72,0,0,207,0.5191974,0.48312708735466,-0.036070317029953
qwen3_4b_2560d_int8,cn_def,404,沅,元,氵,ROOT-5143,185,淮,264,0,0,0,1053,沮,179,0,0,0,85,0,0,179,0.43681225,0.4793651700019836,0.0425529181957244
qwen3_4b_2560d_int8,cn_def,405,玩,元,王,ROOT-5143,44,敖,277,0,0,0,1053,敖,182,0,0,0,95,0,0,182,0.4670455,0.4885666966438293,0.0215212106704711
qwen3_4b_2560d_int8,cn_def,407,阮,元,阝,ROOT-5143,47,蚩,183,0,0,0,1053,彭,133,0,0,0,50,0,0,133,0.47793052,0.5108164548873901,0.0328859388828277
qwen3_4b_2560d_int8,cn_def,408,頑,元,頁,ROOT-5143,27,堅,264,0,0,0,1053,堅,481,0,0,0,-217,0,0,481,0.48942694,0.4251154065132141,-0.064311534166336
qwen3_4b_2560d_int8,cn_def,433,偈,曷,亻,ROOT-5303,126,敏,758,0,0,0,1053,敏,787,0,0,0,-29,0,0,787,0.40034455,0.3894829154014587,-0.0108616352081298
qwen3_4b_2560d_int8,cn_def,434,喝,曷,口,ROOT-5303,113,勺,783,0,0,0,1053,勺,879,0,0,0,-96,0,0,879,0.35979384,0.3492668867111206,-0.010526955127716
qwen3_4b_2560d_int8,cn_def,435,愒,曷,忄,ROOT-5303,79,爭,693,0,0,0,1053,爭,804,0,0,0,-111,0,0,804,0.44555554,0.4242092370986938,-0.0213463008403778
qwen3_4b_2560d_int8,cn_def,436,揭,曷,扌,ROOT-5303,138,拾,602,0,0,0,1053,喜,605,0,0,0,-3,0,0,605,0.45268542,0.4613804221153259,0.0086950063705444
qwen3_4b_2560d_int8,cn_def,437,歇,曷,欠,ROOT-5303,13,歇,803,0,0,0,1053,歇,816,0,0,0,-13,0,0,816,0.3896341,0.3914430737495422,0.0018089711666107
qwen3_4b_2560d_int8,cn_def,439,渴,曷,氵,ROOT-5303,185,味,644,0,0,0,1053,味,545,0,0,0,99,0,0,545,0.35572332,0.3772875368595123,0.0215642154216766
qwen3_4b_2560d_int8,cn_def,440,碣,曷,石,ROOT-5303,38,規,642,0,0,0,1053,寫,596,0,0,0,46,0,0,596,0.31783956,0.3697922229766845,0.0519526600837707
qwen3_4b_2560d_int8,cn_def,441,竭,曷,立,ROOT-5303,3,匱,417,0,0,0,1053,匱,357,0,0,0,60,0,0,357,0.47368714,0.432406485080719,-0.0412806570529937
qwen3_4b_2560d_int8,cn_def,443,葛,曷,艹,ROOT-5303,150,葛,561,0,0,0,1053,葛,596,0,0,0,-35,0,0,596,0.3348418,0.4136891067028045,0.0788473188877105
qwen3_4b_2560d_int8,cn_def,444,褐,曷,衤,ROOT-5303,33,服,858,0,0,0,1053,對,803,0,0,0,55,0,0,803,0.3117997,0.3699276447296142,0.0581279397010803
qwen3_4b_2560d_int8,cn_def,445,謁,曷,言,ROOT-5303,95,謁,306,0,0,0,1053,謁,375,0,0,0,-69,0,0,375,0.47000384,0.4464771449565887,-0.0235266983509063
qwen3_4b_2560d_int8,cn_def,448,遏,曷,辶,ROOT-5303,51,弭,683,0,0,0,1053,絕,691,0,0,0,-8,0,0,691,0.40403345,0.3949639797210693,-0.0090694725513458
qwen3_4b_2560d_int8,cn_def,1158,佳,圭,亻,ROOT-572D,126,善,935,0,0,0,1053,善,932,0,0,0,3,0,0,932,0.33387983,0.3373148441314697,0.0034350156784057
qwen3_4b_2560d_int8,cn_def,1162,哇,圭,口,ROOT-572D,113,於,928,0,0,0,1053,於,894,0,0,0,34,0,0,894,0.31416893,0.3448405861854553,0.0306716561317443
qwen3_4b_2560d_int8,cn_def,1163,奎,圭,大,ROOT-572D,3,婁,38,0,0,0,1053,婁,62,0,0,0,-24,0,0,62,0.41922897,0.3763416409492492,-0.0428873300552368
qwen3_4b_2560d_int8,cn_def,1164,娃,圭,女,ROOT-572D,68,幼,886,0,0,0,1053,幼,875,0,0,0,11,0,0,875,0.32801935,0.337727427482605,0.0097080767154693
qwen3_4b_2560d_int8,cn_def,1165,恚,圭,心,ROOT-572D,43,尤,980,0,0,0,1053,尤,942,0,0,0,38,0,0,942,0.33338773,0.3900886178016662,0.0567008852958679
qwen3_4b_2560d_int8,cn_def,1166,桂,圭,木,ROOT-572D,139,楚,667,0,0,0,1053,楚,953,0,0,0,-286,0,0,953,0.31135684,0.3256094753742218,0.014252632856369
qwen3_4b_2560d_int8,cn_def,1167,珪,圭,王,ROOT-572D,44,斌,119,0,0,0,1053,斌,736,0,0,0,-617,0,0,736,0.3919748,0.3473315238952636,-0.0446432828903198
qwen3_4b_2560d_int8,cn_def,1168,畦,圭,田,ROOT-572D,9,田,1033,0,0,0,1053,榮,1032,0,0,0,1,0,0,1032,0.2730616,0.285819262266159,0.012757658958435
qwen3_4b_2560d_int8,cn_def,1169,蛙,圭,虫,ROOT-572D,76,魚,1039,0,0,0,1053,魚,1032,0,0,0,7,0,0,1032,0.26689586,0.3128826320171356,0.0459867715835571
qwen3_4b_2560d_int8,cn_def,1170,街,圭,行,ROOT-572D,4,甬,970,0,0,0,1053,甬,1036,0,0,0,-66,0,0,1036,0.24203506,0.1508332192897796,-0.0912018418312072
qwen3_4b_2560d_int8,cn_def,1171,閨,圭,門,ROOT-572D,19,育,806,0,0,0,1053,育,472,0,0,0,334,0,0,472,0.3413385,0.3640386760234833,0.0227001905441284
qwen3_4b_2560d_int8,cn_def,1172,鞋,圭,革,ROOT-572D,12,走,407,0,0,0,1053,走,995,0,0,0,-588,0,0,995,0.35911494,0.291526585817337,-0.0675883591175079
qwen3_4b_2560d_int8,cn_def,1176,僥,堯,亻,ROOT-582F,126,成,496,0,0,0,1053,成,493,0,0,0,3,0,0,493,0.36509544,0.3620067238807678,-0.0030887126922607
qwen3_4b_2560d_int8,cn_def,1177,嬈,堯,女,ROOT-582F,68,旨,17,0,0,0,1053,旨,19,0,0,0,-2,0,0,19,0.58814806,0.5964475274085999,0.0082994699478149
qwen3_4b_2560d_int8,cn_def,1178,撓,堯,扌,ROOT-582F,138,干,645,0,0,0,1053,迷,641,0,0,0,4,0,0,641,0.41933525,0.42406165599823,0.0047264099121093
qwen3_4b_2560d_int8,cn_def,1179,曉,堯,日,ROOT-582F,42,旦,290,0,0,0,1053,旦,443,0,0,0,-153,0,0,443,0.4479745,0.4522385895252228,0.004264086484909
qwen3_4b_2560d_int8,cn_def,1180,橈,堯,木,ROOT-582F,139,舟,703,0,0,0,1053,舟,717,0,0,0,-14,0,0,717,0.37080678,0.4029202759265899,0.032113492488861
qwen3_4b_2560d_int8,cn_def,1181,澆,堯,氵,ROOT-582F,185,舀,162,0,0,0,1053,垂,177,0,0,0,-15,0,0,177,0.42196512,0.4339914917945862,0.0120263695716857
qwen3_4b_2560d_int8,cn_def,1182,燒,堯,火,ROOT-582F,34,火,449,0,0,0,1053,對,717,0,0,0,-268,0,0,717,0.46997735,0.4619727432727813,-0.008004605770111
qwen3_4b_2560d_int8,cn_def,1183,繞,堯,糸,ROOT-582F,97,束,441,0,0,0,1053,束,475,0,0,0,-34,0,0,475,0.48411936,0.5188190937042236,0.0346997380256652
qwen3_4b_2560d_int8,cn_def,1184,翹,堯,羽,ROOT-582F,13,拾,255,0,0,0,1053,拾,400,0,0,0,-145,0,0,400,0.5223737,0.4693324565887451,-0.0530412197113037
qwen3_4b_2560d_int8,cn_def,1185,蟯,堯,虫,ROOT-582F,76,雀,439,0,0,0,1053,品,477,0,0,0,-38,0,0,477,0.40060186,0.4691077470779419,0.0685058832168579
qwen3_4b_2560d_int8,cn_def,1186,遶,堯,辶,ROOT-582F,51,旋,848,0,0,0,1053,旋,942,0,0,0,-94,0,0,942,0.32694095,0.2826688289642334,-0.0442721247673034
qwen3_4b_2560d_int8,cn_def,1187,鐃,堯,釒,ROOT-582F,85,咎,609,0,0,0,1053,咎,560,0,0,0,49,0,0,560,0.31848833,0.3594443798065185,0.040956050157547
qwen3_4b_2560d_int8,cn_def,1188,饒,堯,飠,ROOT-582F,21,赦,578,0,0,0,1053,赦,535,0,0,0,43,0,0,535,0.43180165,0.4363109469413757,0.004509299993515
qwen3_4b_2560d_int8,cn_def,1189,驍,堯,馬,ROOT-582F,34,賁,58,0,0,0,1053,賁,90,0,0,0,-32,0,0,90,0.51609606,0.4777715504169464,-0.0383245050907135
qwen3_4b_2560d_int8,cn_def,1536,冶,台,冫,ROOT-382F,5,金,990,0,0,0,1053,金,860,0,0,0,130,0,0,860,0.30105364,0.296014666557312,-0.0050389766693115
qwen3_4b_2560d_int8,cn_def,1537,始,台,女,ROOT-382F,68,先,664,0,0,0,1053,前,738,0,0,0,-74,0,0,738,0.36880785,0.3421147167682647,-0.0266931354999542
qwen3_4b_2560d_int8,cn_def,1538,怠,台,心,ROOT-382F,43,勤,665,0,0,0,1053,勤,656,0,0,0,9,0,0,656,0.39638308,0.4128585457801819,0.0164754688739776
qwen3_4b_2560d_int8,cn_def,1539,怡,台,忄,ROOT-382F,79,樂,868,0,0,0,1053,樂,931,0,0,0,-63,0,0,931,0.3573864,0.3724517226219177,0.015065312385559
qwen3_4b_2560d_int8,cn_def,1540,殆,台,歹,ROOT-382F,10,畏,907,0,0,0,1053,危,734,0,0,0,173,0,0,734,0.3529113,0.3636943101882934,0.0107830166816711
qwen3_4b_2560d_int8,cn_def,1541,治,台,氵,ROOT-382F,185,宰,822,0,0,0,1053,宰,696,0,0,0,126,0,0,696,0.39063033,0.394788384437561,0.0041580498218536
qwen3_4b_2560d_int8,cn_def,1542,笞,台,竹,ROOT-382F,60,刺,972,0,0,0,1053,伐,812,0,0,0,160,0,0,812,0.26097712,0.3073863089084625,0.0464091897010803
qwen3_4b_2560d_int8,cn_def,1543,紿,台,糸,ROOT-382F,97,欺,654,0,0,0,1053,欺,515,0,0,0,139,0,0,515,0.40482455,0.4220264852046966,0.0172019302845001
qwen3_4b_2560d_int8,cn_def,1544,胎,台,肉,ROOT-382F,69,嬰,199,0,0,0,1053,嬰,89,0,0,0,110,0,0,89,0.3751971,0.4365413188934326,0.0613442063331604
qwen3_4b_2560d_int8,cn_def,1545,苔,台,艹,ROOT-382F,150,艾,970,0,0,0,1053,艾,903,0,0,0,67,0,0,903,0.2831996,0.3689819872379303,0.085782378911972
qwen3_4b_2560d_int8,cn_def,1546,貽,台,貝,ROOT-382F,28,致,937,0,0,0,1053,致,840,0,0,0,97,0,0,840,0.36711192,0.4164970517158508,0.049385130405426
qwen3_4b_2560d_int8,cn_def,1547,邰,台,阝,ROOT-382F,47,滕,1022,0,0,0,1053,滕,924,0,0,0,98,0,0,924,0.22207156,0.278219074010849,0.0561475157737731
qwen3_4b_2560d_int8,cn_def,1548,颱,台,風,ROOT-382F,3,日,977,0,0,0,1053,立,881,0,0,0,96,0,0,881,0.2929861,0.2746946811676025,-0.0182914137840271
qwen3_4b_2560d_int8,cn_def,1549,飴,台,飠,ROOT-382F,21,甘,844,0,0,0,1053,甘,540,0,0,0,304,0,0,540,0.30079556,0.355126291513443,0.0543307363986969
qwen3_4b_2560d_int8,cn_def,1550,駘,台,馬,ROOT-382F,34,魯,480,0,0,0,1053,魯,409,0,0,0,71,0,0,409,0.39039323,0.418764054775238,0.0283708274364471
qwen3_4b_2560d_int8,cn_def,1579,啻,帝,口,ROOT-5E1D,113,唯,589,0,0,0,1053,唯,457,0,0,0,132,0,0,457,0.3490585,0.3606221377849579,0.011563628911972
qwen3_4b_2560d_int8,cn_def,1580,啼,帝,口,ROOT-5E1D,113,音,590,0,0,0,1053,粲,479,0,0,0,111,0,0,479,0.39569193,0.4434095323085785,0.0477176010608673
qwen3_4b_2560d_int8,cn_def,1581,締,帝,糸,ROOT-5E1D,97,兼,816,0,0,0,1053,兼,728,0,0,0,88,0,0,728,0.40432978,0.4193310141563415,0.0150012373924255
qwen3_4b_2560d_int8,cn_def,1582,蒂,帝,艹,ROOT-5E1D,150,果,729,0,0,0,1053,肩,603,0,0,0,126,0,0,603,0.3976702,0.4401535987854004,0.0424833893775939
qwen3_4b_2560d_int8,cn_def,1583,諦,帝,言,ROOT-5E1D,95,侖,393,0,0,0,1053,侖,182,0,0,0,211,0,0,182,0.47642234,0.5055738687515259,0.0291515290737152
qwen3_4b_2560d_int8,cn_def,1584,蹄,帝,𧾷,ROOT-5E1D,47,尾,822,0,0,0,1053,角,604,0,0,0,218,0,0,604,0.33492187,0.3602691292762756,0.0253472626209259
qwen3_4b_2560d_int8,cn_def,2028,欄,闌,木,ROOT-67EC,139,樊,45,0,0,0,1053,樊,182,0,0,0,-137,0,0,182,0.48249024,0.4370841383934021,-0.0454061031341552
qwen3_4b_2560d_int8,cn_def,2029,瀾,闌,氵,ROOT-67EC,185,隆,234,0,0,0,1053,隆,315,0,0,0,-81,0,0,315,0.41604742,0.409781277179718,-0.0062661468982696
qwen3_4b_2560d_int8,cn_def,2030,爛,闌,火,ROOT-67EC,34,肴,815,0,0,0,1053,柔,847,0,0,0,-32,0,0,847,0.37667832,0.3808095157146454,0.0041311979293823
qwen3_4b_2560d_int8,cn_def,2031,蘭,闌,艹,ROOT-67EC,150,蘭,530,0,0,0,1053,蘭,862,0,0,0,-332,0,0,862,0.2874148,0.3090782463550567,0.0216634571552276
qwen3_4b_2560d_int8,cn_def,2305,倩,青,亻,ROOT-9752,126,旨,473,0,0,0,1053,旨,477,0,0,0,-4,0,0,477,0.43173695,0.4219628274440765,-0.0097741186618804
qwen3_4b_2560d_int8,cn_def,2306,情,青,忄,ROOT-9752,79,意,622,0,0,0,1053,意,758,0,0,0,-136,0,0,758,0.33248228,0.3145001530647278,-0.0179821252822875
qwen3_4b_2560d_int8,cn_def,2307,晴,青,日,ROOT-9752,42,風,458,0,0,0,1053,風,524,0,0,0,-66,0,0,524,0.4387106,0.4481166899204254,0.0094060897827148
qwen3_4b_2560d_int8,cn_def,2308,猜,青,犭,ROOT-9752,27,念,574,0,0,0,1053,念,661,0,0,0,-87,0,0,661,0.4567839,0.4226010143756866,-0.0341828763484954
qwen3_4b_2560d_int8,cn_def,2309,睛,青,目,ROOT-9752,31,翼,989,0,0,0,1053,翼,936,0,0,0,53,0,0,936,0.3132466,0.3877929747104645,0.0745463669300079
qwen3_4b_2560d_int8,cn_def,2310,精,青,米,ROOT-9752,16,幾,104,0,0,0,1053,分,265,0,0,0,-161,0,0,265,0.548074,0.5007545948028564,-0.0473194122314453
qwen3_4b_2560d_int8,cn_def,2311,菁,青,艹,ROOT-9752,150,周,112,0,0,0,1053,周,546,0,0,0,-434,0,0,546,0.5333651,0.428287148475647,-0.1050779223442077
qwen3_4b_2560d_int8,cn_def,2312,蜻,青,虫,ROOT-9752,76,龜,619,0,0,0,1053,豬,683,0,0,0,-64,0,0,683,0.31782365,0.4091062545776367,0.0912826061248779
qwen3_4b_2560d_int8,cn_def,2313,請,青,言,ROOT-9752,95,謁,587,0,0,0,1053,謁,475,0,0,0,112,0,0,475,0.3899909,0.3887220621109009,-0.0012688338756561
qwen3_4b_2560d_int8,cn_def,2314,靖,青,立,ROOT-9752,3,寧,321,0,0,0,1053,寧,327,0,0,0,-6,0,0,327,0.4379704,0.3808090686798095,-0.0571613311767578
qwen3_4b_2560d_int8,cn_def,2315,靚,青,見,ROOT-9752,3,丰,182,0,0,0,1053,示,277,0,0,0,-95,0,0,277,0.51713437,0.4042673408985138,-0.1128670275211334
qwen3_4b_2560d_int8,cn_def,2317,鯖,青,魚,ROOT-9752,19,龜,309,0,0,0,1053,求,378,0,0,0,-69,0,0,378,0.3071239,0.432981789112091,0.1258578896522522
qwen3_4b_2560d_int8,cn_def,2725,涂,余,氵,ROOT-4F59,185,涂,406,0,0,0,1053,涂,319,0,0,0,87,0,0,319,0.40035254,0.4121561050415039,0.0118035674095153
qwen3_4b_2560d_int8,cn_def,2726,徐,余,彳,ROOT-4F59,13,冉,506,0,0,0,1053,冉,449,0,0,0,57,0,0,449,0.48152843,0.4516217112541199,-0.0299067199230194
qwen3_4b_2560d_int8,cn_def,2727,斜,余,斗,ROOT-4F59,4,仄,412,0,0,0,1053,仄,613,0,0,0,-201,0,0,613,0.46468642,0.4011727273464203,-0.063513696193695
qwen3_4b_2560d_int8,cn_def,2729,畬,余,田,ROOT-4F59,9,田,902,0,0,0,1053,田,721,0,0,0,181,0,0,721,0.3108083,0.3473656475543976,0.0365573465824127
qwen3_4b_2560d_int8,cn_def,2730,荼,余,艹,ROOT-4F59,150,卉,801,0,0,0,1053,卉,660,0,0,0,141,0,0,660,0.28520584,0.3889263868331909,0.1037205457687377
qwen3_4b_2560d_int8,cn_def,2731,蜍,余,虫,ROOT-4F59,76,逮,395,0,0,0,1053,逮,346,0,0,0,49,0,0,346,0.41783866,0.4784426987171173,0.0606040358543396
qwen3_4b_2560d_int8,cn_def,2732,途,余,辶,ROOT-4F59,51,涂,415,0,0,0,1053,川,458,0,0,0,-43,0,0,458,0.46295017,0.4418376386165619,-0.0211125314235687
qwen3_4b_2560d_int8,cn_def,2733,除,余,阝,ROOT-4F59,47,除,264,0,0,0,1053,除,147,0,0,0,117,0,0,147,0.45429313,0.4912437796592712,0.0369506478309631
qwen3_4b_2560d_int8,cn_def,2734,餘,余,飠,ROOT-4F59,21,多,663,0,0,0,1053,多,462,0,0,0,201,0,0,462,0.4206817,0.4408854246139526,0.0202037394046783
qwen3_4b_2560d_int8,cn_def,2919,娠,辰,女,ROOT-8FB0,68,養,809,0,0,0,1053,養,733,0,0,0,76,0,0,733,0.3689543,0.3986725211143493,0.0297182202339172
qwen3_4b_2560d_int8,cn_def,2920,宸,辰,宀,ROOT-8FB0,19,屋,722,0,0,0,1053,屋,201,0,0,0,521,0,0,201,0.36822435,0.4139921069145202,0.0457677543163299
qwen3_4b_2560d_int8,cn_def,2921,振,辰,扌,ROOT-8FB0,138,取,789,0,0,0,1053,取,709,0,0,0,80,0,0,709,0.40767956,0.4532378315925598,0.0455582737922668
qwen3_4b_2560d_int8,cn_def,2922,晨,辰,日,ROOT-8FB0,42,晨,563,0,0,0,1053,晨,437,0,0,0,126,0,0,437,0.39033133,0.4403290152549743,0.0499976873397827
qwen3_4b_2560d_int8,cn_def,2923,脣,辰,肉,ROOT-8FB0,69,脣,396,0,0,0,1053,脣,500,0,0,0,-104,0,0,500,0.3631134,0.3967105746269226,0.0335971713066101
qwen3_4b_2560d_int8,cn_def,2924,蜃,辰,虫,ROOT-8FB0,76,貝,812,0,0,0,1053,溥,938,0,0,0,-126,0,0,938,0.35137898,0.354065477848053,0.0026865005493164
qwen3_4b_2560d_int8,cn_def,2925,賑,辰,貝,ROOT-8FB0,28,致,984,0,0,0,1053,支,914,0,0,0,70,0,0,914,0.3293695,0.3605127334594726,0.0311432480812072
qwen3_4b_2560d_int8,cn_def,2926,震,辰,雨,ROOT-8FB0,21,雷,686,0,0,0,1053,打,621,0,0,0,65,0,0,621,0.40805256,0.4338192045688629,0.0257666409015655
qwen3_4b_2560d_int8,cn_def,3158,掂,店,扌,ROOT-5360,138,執,205,0,0,0,1053,輕,118,0,0,0,87,0,0,118,0.46427387,0.484073281288147,0.0197994112968444
qwen3_4b_2560d_int8,cn_def,3159,惦,店,忄,ROOT-5360,79,念,633,0,0,0,1053,念,453,0,0,0,180,0,0,453,0.41736406,0.4666626453399658,0.0492985844612121
qwen3_4b_2560d_int8,en_def_translated_cn_def,31,儐,賓,亻,ROOT-219CD,126,王,5,0,1,1,1053,王,5,0,1,1,0,0,0,5,0.62118936,0.6173719167709351,-0.0038174390792846
qwen3_4b_2560d_int8,en_def_translated_cn_def,32,嬪,賓,女,ROOT-219CD,68,丞,497,0,0,0,1053,丞,612,0,0,0,-115,0,0,612,0.3721016,0.3783095479011535,0.0062079429626464
qwen3_4b_2560d_int8,en_def_translated_cn_def,33,擯,賓,扌,ROOT-219CD,138,別,446,0,0,0,1053,別,394,0,0,0,52,0,0,394,0.5016246,0.4923729002475738,-0.0092516839504241
qwen3_4b_2560d_int8,en_def_translated_cn_def,34,檳,賓,木,ROOT-219CD,139,朮,855,0,0,0,1053,堯,734,0,0,0,121,0,0,734,0.26874942,0.3549743890762329,0.0862249732017517
qwen3_4b_2560d_int8,en_def_translated_cn_def,35,殯,賓,歹,ROOT-219CD,10,冢,677,0,0,0,1053,含,355,0,0,0,322,0,0,355,0.27504894,0.2616644501686096,-0.0133844912052154
qwen3_4b_2560d_int8,en_def_translated_cn_def,36,濱,賓,氵,ROOT-219CD,185,浦,660,0,0,0,1053,浦,581,0,0,0,79,0,0,581,0.4429583,0.4904103875160217,0.0474520921707153
qwen3_4b_2560d_int8,en_def_translated_cn_def,37,繽,賓,糸,ROOT-219CD,97,夭,787,0,0,0,1053,夭,601,0,0,0,186,0,0,601,0.43885356,0.4729073941707611,0.0340538322925567
qwen3_4b_2560d_int8,en_def_translated_cn_def,38,鬢,賓,髟,ROOT-219CD,10,眉,723,0,0,0,1053,毳,603,0,0,0,120,0,0,603,0.4102576,0.4717797636985779,0.0615221560001373
qwen3_4b_2560d_int8,en_def_translated_cn_def,252,刻,亥,刂,ROOT-4EA5,19,伐,576,0,0,0,1053,矢,519,0,0,0,57,0,0,519,0.48180234,0.4951951801776886,0.013392835855484
qwen3_4b_2560d_int8,en_def_translated_cn_def,253,劾,亥,力,ROOT-4EA5,15,戒,856,0,0,0,1053,姦,728,0,0,0,128,0,0,728,0.28509262,0.2912692725658417,0.0061766505241394
qwen3_4b_2560d_int8,en_def_translated_cn_def,254,咳,亥,口,ROOT-4EA5,113,息,593,0,0,0,1053,息,424,0,0,0,169,0,0,424,0.3187676,0.3668514490127563,0.0480838418006897
qwen3_4b_2560d_int8,en_def_translated_cn_def,255,垓,亥,土,ROOT-4EA5,65,蕭,696,0,0,0,1053,蕭,679,0,0,0,17,0,0,679,0.46087995,0.4697468876838684,0.008866935968399
qwen3_4b_2560d_int8,en_def_translated_cn_def,256,孩,亥,子,ROOT-4EA5,5,幼,342,0,0,0,1053,皿,657,0,0,0,-315,0,0,657,0.44811815,0.4267753362655639,-0.0213428139686584
qwen3_4b_2560d_int8,en_def_translated_cn_def,257,核,亥,木,ROOT-4EA5,139,米,262,0,0,0,1053,米,487,0,0,0,-225,0,0,487,0.45527995,0.4714580774307251,0.0161781311035156
qwen3_4b_2560d_int8,en_def_translated_cn_def,258,欬,亥,欠,ROOT-4EA5,13,粲,650,0,0,0,1053,粲,594,0,0,0,56,0,0,594,0.43010604,0.4358574151992798,0.0057513713836669
qwen3_4b_2560d_int8,en_def_translated_cn_def,259,該,亥,言,ROOT-4EA5,95,宜,625,0,0,0,1053,宜,412,0,0,0,213,0,0,412,0.43146324,0.4702613353729248,0.0387980937957763
qwen3_4b_2560d_int8,en_def_translated_cn_def,260,閡,亥,門,ROOT-4EA5,19,絕,741,0,0,0,1053,蒙,546,0,0,0,195,0,0,546,0.4195746,0.4322325885295868,0.0126579999923706
qwen3_4b_2560d_int8,en_def_translated_cn_def,261,頦,亥,頁,ROOT-4EA5,27,領,535,0,0,0,1053,領,559,0,0,0,-24,0,0,559,0.47137922,0.4742032885551452,0.002824068069458
qwen3_4b_2560d_int8,en_def_translated_cn_def,262,駭,亥,馬,ROOT-4EA5,34,迷,843,0,0,0,1053,迷,857,0,0,0,-14,0,0,857,0.36241916,0.3583469986915588,-0.0040721595287323
qwen3_4b_2560d_int8,en_def_translated_cn_def,263,骸,亥,骨,ROOT-4EA5,5,品,368,0,0,0,1053,品,418,0,0,0,-50,0,0,418,0.47142446,0.5495923757553101,0.0781679153442382
qwen3_4b_2560d_int8,en_def_translated_cn_def,398,完,元,宀,ROOT-5143,19,完,105,0,0,0,1053,完,74,0,0,0,31,0,0,74,0.58024484,0.5580099821090698,-0.0222348570823669
qwen3_4b_2560d_int8,en_def_translated_cn_def,404,沅,元,氵,ROOT-5143,185,沂,139,0,0,0,1053,沂,80,0,0,0,59,0,0,80,0.5279267,0.573620080947876,0.0456933975219726
qwen3_4b_2560d_int8,en_def_translated_cn_def,405,玩,元,王,ROOT-5143,44,敖,236,0,0,0,1053,敖,181,0,0,0,55,0,0,181,0.48480883,0.4881606996059418,0.003351867198944
qwen3_4b_2560d_int8,en_def_translated_cn_def,407,阮,元,阝,ROOT-5143,47,潘,113,0,0,0,1053,彭,93,0,0,0,20,0,0,93,0.56473505,0.587287962436676,0.0225529074668884
qwen3_4b_2560d_int8,en_def_translated_cn_def,408,頑,元,頁,ROOT-5143,27,固,321,0,0,0,1053,固,470,0,0,0,-149,0,0,470,0.53303015,0.4835384488105774,-0.0494917035102844
qwen3_4b_2560d_int8,en_def_translated_cn_def,433,偈,曷,亻,ROOT-5303,126,隆,963,0,0,0,1053,隆,967,0,0,0,-4,0,0,967,0.3651563,0.3592220544815063,-0.0059342384338378
qwen3_4b_2560d_int8,en_def_translated_cn_def,434,喝,曷,口,ROOT-5303,113,舀,970,0,0,0,1053,舀,967,0,0,0,3,0,0,967,0.31517714,0.3444446325302124,0.0292674899101257
qwen3_4b_2560d_int8,en_def_translated_cn_def,435,愒,曷,忄,ROOT-5303,79,奈,844,0,0,0,1053,伐,830,0,0,0,14,0,0,830,0.3956997,0.4080801904201507,0.0123804807662963
qwen3_4b_2560d_int8,en_def_translated_cn_def,436,揭,曷,扌,ROOT-5303,138,升,753,0,0,0,1053,升,697,0,0,0,56,0,0,697,0.4334771,0.4514440894126892,0.0179669857025146
qwen3_4b_2560d_int8,en_def_translated_cn_def,437,歇,曷,欠,ROOT-5303,13,歇,838,0,0,0,1053,歇,774,0,0,0,64,0,0,774,0.41277397,0.4199628829956054,0.0071889162063598
qwen3_4b_2560d_int8,en_def_translated_cn_def,439,渴,曷,氵,ROOT-5303,185,濕,955,0,0,0,1053,念,905,0,0,0,50,0,0,905,0.36705458,0.4024913311004638,0.0354367494583129
qwen3_4b_2560d_int8,en_def_translated_cn_def,440,碣,曷,石,ROOT-5303,38,札,661,0,0,0,1053,札,684,0,0,0,-23,0,0,684,0.3702231,0.3978540301322937,0.0276309251785278
qwen3_4b_2560d_int8,en_def_translated_cn_def,441,竭,曷,立,ROOT-5303,3,匱,833,0,0,0,1053,匱,575,0,0,0,258,0,0,575,0.36402076,0.3526342809200287,-0.0113864839076995
qwen3_4b_2560d_int8,en_def_translated_cn_def,443,葛,曷,艹,ROOT-5303,150,葛,832,0,0,0,1053,葛,912,0,0,0,-80,0,0,912,0.25466377,0.3179763555526733,0.0633125901222229
qwen3_4b_2560d_int8,en_def_translated_cn_def,444,褐,曷,衤,ROOT-5303,33,布,943,0,0,0,1053,布,905,0,0,0,38,0,0,905,0.37783104,0.4281169176101684,0.0502858757972717
qwen3_4b_2560d_int8,en_def_translated_cn_def,445,謁,曷,言,ROOT-5303,95,謁,335,0,0,0,1053,謁,369,0,0,0,-34,0,0,369,0.4292885,0.4206079244613647,-0.0086805820465087
qwen3_4b_2560d_int8,en_def_translated_cn_def,448,遏,曷,辶,ROOT-5303,51,弭,846,0,0,0,1053,弭,808,0,0,0,38,0,0,808,0.4371757,0.4399892091751098,0.0028135180473327
qwen3_4b_2560d_int8,en_def_translated_cn_def,1158,佳,圭,亻,ROOT-572D,126,卓,982,0,0,0,1053,卓,984,0,0,0,-2,0,0,984,0.31715134,0.3126556277275085,-0.0044957101345062
qwen3_4b_2560d_int8,en_def_translated_cn_def,1162,哇,圭,口,ROOT-572D,113,音,1049,0,0,0,1053,音,1049,0,0,0,0,0,0,1049,0.1671491,0.2065541744232177,0.0394050776958465
qwen3_4b_2560d_int8,en_def_translated_cn_def,1163,奎,圭,大,ROOT-572D,3,婁,727,0,0,0,1053,婁,559,0,0,0,168,0,0,559,0.2874629,0.2592971622943878,-0.028165727853775
qwen3_4b_2560d_int8,en_def_translated_cn_def,1164,娃,圭,女,ROOT-572D,68,幼,1010,0,0,0,1053,幼,1012,0,0,0,-2,0,0,1012,0.3373401,0.3329549133777618,-0.0043851733207702
qwen3_4b_2560d_int8,en_def_translated_cn_def,1165,恚,圭,心,ROOT-572D,43,冤,1028,0,0,0,1053,尤,1010,0,0,0,18,0,0,1010,0.2673756,0.3248199820518493,0.0574443936347961
qwen3_4b_2560d_int8,en_def_translated_cn_def,1166,桂,圭,木,ROOT-572D,139,楚,1021,0,0,0,1053,楚,1034,0,0,0,-13,0,0,1034,0.21886098,0.2565499544143677,0.0376889705657959
qwen3_4b_2560d_int8,en_def_translated_cn_def,1167,珪,圭,王,ROOT-572D,44,雝,1031,0,0,0,1053,雝,1046,0,0,0,-15,0,0,1046,0.23891088,0.1879902929067611,-0.0509205907583236
qwen3_4b_2560d_int8,en_def_translated_cn_def,1168,畦,圭,田,ROOT-572D,9,荒,1033,0,0,0,1053,夭,1031,0,0,0,2,0,0,1031,0.2647111,0.2833045721054077,0.0185934603214263
qwen3_4b_2560d_int8,en_def_translated_cn_def,1169,蛙,圭,虫,ROOT-572D,76,魚,1045,0,0,0,1053,魚,1037,0,0,0,8,0,0,1037,0.20904577,0.2798553705215454,0.0708096027374267
qwen3_4b_2560d_int8,en_def_translated_cn_def,1170,街,圭,行,ROOT-572D,4,閻,1036,0,0,0,1053,夭,1051,0,0,0,-15,0,0,1051,0.19038266,0.0914528742432594,-0.0989297851920127
qwen3_4b_2560d_int8,en_def_translated_cn_def,1171,閨,圭,門,ROOT-572D,19,殿,987,0,0,0,1053,殿,909,0,0,0,78,0,0,909,0.30652928,0.3273072838783264,0.0207780003547668
qwen3_4b_2560d_int8,en_def_translated_cn_def,1172,鞋,圭,革,ROOT-572D,12,走,887,0,0,0,1053,走,1018,0,0,0,-131,0,0,1018,0.26523,0.2329487055540084,-0.032281294465065
qwen3_4b_2560d_int8,en_def_translated_cn_def,1176,僥,堯,亻,ROOT-582F,126,幸,417,0,0,0,1053,幸,413,0,0,0,4,0,0,413,0.40924102,0.4091700315475464,-7.098913192749023e-05
qwen3_4b_2560d_int8,en_def_translated_cn_def,1177,嬈,堯,女,ROOT-582F,68,旖,88,0,0,0,1053,旖,115,0,0,0,-27,0,0,115,0.5650067,0.5748732089996338,0.0098665356636047
qwen3_4b_2560d_int8,en_def_translated_cn_def,1178,撓,堯,扌,ROOT-582F,138,絕,699,0,0,0,1053,絕,743,0,0,0,-44,0,0,743,0.41476417,0.4163375794887543,0.0015734136104583
qwen3_4b_2560d_int8,en_def_translated_cn_def,1179,曉,堯,日,ROOT-582F,42,旦,138,0,0,0,1053,旦,250,0,0,0,-112,0,0,250,0.52231884,0.4976013898849487,-0.0247174501419067
qwen3_4b_2560d_int8,en_def_translated_cn_def,1180,橈,堯,木,ROOT-582F,139,聿,271,0,0,0,1053,達,479,0,0,0,-208,0,0,479,0.51146007,0.4962701201438904,-0.0151899456977844
qwen3_4b_2560d_int8,en_def_translated_cn_def,1181,澆,堯,氵,ROOT-582F,185,舀,15,0,0,0,1053,舀,14,0,0,0,1,0,0,14,0.5935712,0.5962457060813904,0.0026745200157165
qwen3_4b_2560d_int8,en_def_translated_cn_def,1182,燒,堯,火,ROOT-582F,34,火,579,0,0,0,1053,建,680,0,0,0,-101,0,0,680,0.47632563,0.4766960740089416,0.000370442867279
qwen3_4b_2560d_int8,en_def_translated_cn_def,1183,繞,堯,糸,ROOT-582F,97,存,376,0,0,0,1053,存,411,0,0,0,-35,0,0,411,0.50720716,0.4932670593261719,-0.0139400959014892
qwen3_4b_2560d_int8,en_def_translated_cn_def,1184,翹,堯,羽,ROOT-582F,13,升,482,0,0,0,1053,拾,671,0,0,0,-189,0,0,671,0.4395629,0.3705183863639831,-0.0690445005893707
qwen3_4b_2560d_int8,en_def_translated_cn_def,1185,蟯,堯,虫,ROOT-582F,76,雀,337,0,0,0,1053,顥,455,0,0,0,-118,0,0,455,0.45348004,0.5147712230682373,0.0612911880016326
qwen3_4b_2560d_int8,en_def_translated_cn_def,1186,遶,堯,辶,ROOT-582F,51,旋,868,0,0,0,1053,旋,984,0,0,0,-116,0,0,984,0.29165685,0.2373956441879272,-0.0542612075805664
qwen3_4b_2560d_int8,en_def_translated_cn_def,1187,鐃,堯,釒,ROOT-582F,85,咎,442,0,0,0,1053,咎,417,0,0,0,25,0,0,417,0.3717335,0.414427787065506,0.0426943004131317
qwen3_4b_2560d_int8,en_def_translated_cn_def,1188,饒,堯,飠,ROOT-582F,21,赦,522,0,0,0,1053,赦,537,0,0,0,-15,0,0,537,0.48019674,0.4556338191032409,-0.0245629251003265
qwen3_4b_2560d_int8,en_def_translated_cn_def,1189,驍,堯,馬,ROOT-582F,34,勇,191,0,0,0,1053,勇,226,0,0,0,-35,0,0,226,0.5671303,0.5489007234573364,-0.018229603767395
qwen3_4b_2560d_int8,en_def_translated_cn_def,1536,冶,台,冫,ROOT-382F,5,固,962,0,0,0,1053,赫,971,0,0,0,-9,0,0,971,0.32771957,0.2807284593582153,-0.0469911098480224
qwen3_4b_2560d_int8,en_def_translated_cn_def,1537,始,台,女,ROOT-382F,68,原,865,0,0,0,1053,原,890,0,0,0,-25,0,0,890,0.3748349,0.3491446673870086,-0.0256902277469635
qwen3_4b_2560d_int8,en_def_translated_cn_def,1538,怠,台,心,ROOT-382F,43,忽,842,0,0,0,1053,休,873,0,0,0,-31,0,0,873,0.4018645,0.4064615070819855,0.004597008228302
qwen3_4b_2560d_int8,en_def_translated_cn_def,1539,怡,台,忄,ROOT-382F,79,欣,898,0,0,0,1053,欣,950,0,0,0,-52,0,0,950,0.37793666,0.3829612731933594,0.0050246119499206
qwen3_4b_2560d_int8,en_def_translated_cn_def,1540,殆,台,歹,ROOT-382F,10,畏,883,0,0,0,1053,畏,888,0,0,0,-5,0,0,888,0.36986375,0.3515762090682983,-0.0182875394821167
qwen3_4b_2560d_int8,en_def_translated_cn_def,1541,治,台,氵,ROOT-382F,185,宰,965,0,0,0,1053,宰,920,0,0,0,45,0,0,920,0.3132299,0.3110364377498626,-0.0021934509277343
qwen3_4b_2560d_int8,en_def_translated_cn_def,1542,笞,台,竹,ROOT-382F,60,條,995,0,0,0,1053,即,929,0,0,0,66,0,0,929,0.30896997,0.3567430377006531,0.0477730631828308
qwen3_4b_2560d_int8,en_def_translated_cn_def,1543,紿,台,糸,ROOT-382F,97,辜,860,0,0,0,1053,辜,692,0,0,0,168,0,0,692,0.34604916,0.366282045841217,0.0202328860759735
qwen3_4b_2560d_int8,en_def_translated_cn_def,1544,胎,台,肉,ROOT-382F,69,胤,910,0,0,0,1053,胤,829,0,0,0,81,0,0,829,0.31824642,0.375947892665863,0.0577014684677124
qwen3_4b_2560d_int8,en_def_translated_cn_def,1545,苔,台,艹,ROOT-382F,150,竹,917,0,0,0,1053,竹,881,0,0,0,36,0,0,881,0.24690847,0.3204413950443268,0.0735329240560531
qwen3_4b_2560d_int8,en_def_translated_cn_def,1546,貽,台,貝,ROOT-382F,28,致,932,0,0,0,1053,致,830,0,0,0,102,0,0,830,0.38119233,0.4330760538578033,0.051883727312088
qwen3_4b_2560d_int8,en_def_translated_cn_def,1547,邰,台,阝,ROOT-382F,47,滕,986,0,0,0,1053,滕,912,0,0,0,74,0,0,912,0.16463533,0.2113459557294845,0.0467106252908706
qwen3_4b_2560d_int8,en_def_translated_cn_def,1548,颱,台,風,ROOT-382F,3,氾,993,0,0,0,1053,具,981,0,0,0,12,0,0,981,0.28773886,0.2762590050697326,-0.0114798545837402
qwen3_4b_2560d_int8,en_def_translated_cn_def,1549,飴,台,飠,ROOT-382F,21,甘,1034,0,0,0,1053,甘,993,0,0,0,41,0,0,993,0.24768555,0.3049542009830475,0.0572686493396759
qwen3_4b_2560d_int8,en_def_translated_cn_def,1550,駘,台,馬,ROOT-382F,34,凡,877,0,0,0,1053,凡,785,0,0,0,92,0,0,785,0.35986483,0.4100589752197265,0.0501941442489624
qwen3_4b_2560d_int8,en_def_translated_cn_def,1579,啻,帝,口,ROOT-5E1D,113,只,396,0,0,0,1053,只,437,0,0,0,-41,0,0,437,0.40264702,0.3966808319091797,-0.0059661865234375
qwen3_4b_2560d_int8,en_def_translated_cn_def,1580,啼,帝,口,ROOT-5E1D,113,翼,282,0,0,0,1053,翼,289,0,0,0,-7,0,0,289,0.5449642,0.5577911138534546,0.012826919555664
qwen3_4b_2560d_int8,en_def_translated_cn_def,1581,締,帝,糸,ROOT-5E1D,97,建,377,0,0,0,1053,建,364,0,0,0,13,0,0,364,0.48430625,0.4633661210536957,-0.0209401249885559
qwen3_4b_2560d_int8,en_def_translated_cn_def,1582,蒂,帝,艹,ROOT-5E1D,150,末,470,0,0,0,1053,末,368,0,0,0,102,0,0,368,0.47764605,0.5231095552444458,0.0454635024070739
qwen3_4b_2560d_int8,en_def_translated_cn_def,1583,諦,帝,言,ROOT-5E1D,95,由,272,0,0,0,1053,由,173,0,0,0,99,0,0,173,0.52912724,0.5438686609268188,0.0147414207458496
qwen3_4b_2560d_int8,en_def_translated_cn_def,1584,蹄,帝,𧾷,ROOT-5E1D,47,末,420,0,0,0,1053,末,454,0,0,0,-34,0,0,454,0.39873824,0.3756354451179504,-0.0231027901172637
qwen3_4b_2560d_int8,en_def_translated_cn_def,2028,欄,闌,木,ROOT-67EC,139,聿,35,0,0,0,1053,聿,93,0,0,0,-58,0,0,93,0.6216784,0.6051836013793945,-0.0164948105812072
qwen3_4b_2560d_int8,en_def_translated_cn_def,2029,瀾,闌,氵,ROOT-67EC,185,溥,246,0,0,0,1053,丕,321,0,0,0,-75,0,0,321,0.51436865,0.5132559537887573,-0.0011126995086669
qwen3_4b_2560d_int8,en_def_translated_cn_def,2030,爛,闌,火,ROOT-67EC,34,艮,425,0,0,0,1053,艮,512,0,0,0,-87,0,0,512,0.4323033,0.4142140746116638,-0.0180892348289489
qwen3_4b_2560d_int8,en_def_translated_cn_def,2031,蘭,闌,艹,ROOT-67EC,150,蘭,171,0,0,0,1053,蘭,301,0,0,0,-130,0,0,301,0.35190374,0.4085649251937866,0.0566611886024475
qwen3_4b_2560d_int8,en_def_translated_cn_def,2305,倩,青,亻,ROOT-9752,126,旖,584,0,0,0,1053,旖,576,0,0,0,8,0,0,576,0.45464808,0.455921471118927,0.0012733936309814
qwen3_4b_2560d_int8,en_def_translated_cn_def,2306,情,青,忄,ROOT-9752,79,意,250,0,0,0,1053,夢,142,0,0,0,108,0,0,142,0.3440314,0.3444317579269409,0.0004003643989562
qwen3_4b_2560d_int8,en_def_translated_cn_def,2307,晴,青,日,ROOT-9752,42,亮,523,0,0,0,1053,風,452,0,0,0,71,0,0,452,0.4720461,0.4899589419364929,0.0179128348827362
qwen3_4b_2560d_int8,en_def_translated_cn_def,2308,猜,青,犭,ROOT-9752,27,意,918,0,0,0,1053,意,905,0,0,0,13,0,0,905,0.36521766,0.3582432866096496,-0.0069743692874908
qwen3_4b_2560d_int8,en_def_translated_cn_def,2309,睛,青,目,ROOT-9752,31,采,998,0,0,0,1053,丸,1006,0,0,0,-8,0,0,1006,0.29517388,0.3307914137840271,0.0356175303459167
qwen3_4b_2560d_int8,en_def_translated_cn_def,2310,精,青,米,ROOT-9752,16,定,530,0,0,0,1053,定,687,0,0,0,-157,0,0,687,0.4490943,0.4062882363796234,-0.0428060591220855
qwen3_4b_2560d_int8,en_def_translated_cn_def,2311,菁,青,艹,ROOT-9752,150,卓,600,0,0,0,1053,卓,933,0,0,0,-333,0,0,933,0.45389223,0.3493854105472564,-0.1045068204402923
qwen3_4b_2560d_int8,en_def_translated_cn_def,2312,蜻,青,虫,ROOT-9752,76,豬,826,0,0,0,1053,條,928,0,0,0,-102,0,0,928,0.3169169,0.3794420957565307,0.0625251829624176
qwen3_4b_2560d_int8,en_def_translated_cn_def,2313,請,青,言,ROOT-9752,95,貢,789,0,0,0,1053,丞,660,0,0,0,129,0,0,660,0.30138206,0.3087716698646545,0.0073896050453186
qwen3_4b_2560d_int8,en_def_translated_cn_def,2314,靖,青,立,ROOT-9752,3,寧,450,0,0,0,1053,寧,248,0,0,0,202,0,0,248,0.4445334,0.4066076278686523,-0.0379257798194885
qwen3_4b_2560d_int8,en_def_translated_cn_def,2315,靚,青,見,ROOT-9752,3,旖,416,0,0,0,1053,旖,624,0,0,0,-208,0,0,624,0.47976708,0.3496608138084411,-0.1301062703132629
qwen3_4b_2560d_int8,en_def_translated_cn_def,2317,鯖,青,魚,ROOT-9752,19,龜,578,0,0,0,1053,攸,893,0,0,0,-315,0,0,893,0.23539987,0.3189300298690796,0.0835301578044891
qwen3_4b_2560d_int8,en_def_translated_cn_def,2725,涂,余,氵,ROOT-4F59,185,涂,503,0,0,0,1053,涂,377,0,0,0,126,0,0,377,0.34616432,0.3434444665908813,-0.0027198493480682
qwen3_4b_2560d_int8,en_def_translated_cn_def,2726,徐,余,彳,ROOT-4F59,13,冉,825,0,0,0,1053,冉,855,0,0,0,-30,0,0,855,0.41474187,0.3889219760894775,-0.0258198976516723
qwen3_4b_2560d_int8,en_def_translated_cn_def,2727,斜,余,斗,ROOT-4F59,4,仄,845,0,0,0,1053,仄,935,0,0,0,-90,0,0,935,0.3783573,0.3332573771476745,-0.045099914073944
qwen3_4b_2560d_int8,en_def_translated_cn_def,2729,畬,余,田,ROOT-4F59,9,田,1044,0,0,0,1053,田,982,0,0,0,62,0,0,982,0.18344866,0.2564994692802429,0.0730508118867874
qwen3_4b_2560d_int8,en_def_translated_cn_def,2730,荼,余,艹,ROOT-4F59,150,麻,937,0,0,0,1053,名,891,0,0,0,46,0,0,891,0.32238483,0.3974641263484955,0.0750792920589447
qwen3_4b_2560d_int8,en_def_translated_cn_def,2731,蜍,余,虫,ROOT-4F59,76,矢,829,0,0,0,1053,矢,783,0,0,0,46,0,0,783,0.39433455,0.4284051954746246,0.0340706408023834
qwen3_4b_2560d_int8,en_def_translated_cn_def,2732,途,余,辶,ROOT-4F59,51,法,842,0,0,0,1053,法,896,0,0,0,-54,0,0,896,0.4378245,0.4306884407997131,-0.007136046886444
qwen3_4b_2560d_int8,en_def_translated_cn_def,2733,除,余,阝,ROOT-4F59,47,除,729,0,0,0,1053,除,584,0,0,0,145,0,0,584,0.2899126,0.3188392519950866,0.0289266407489776
qwen3_4b_2560d_int8,en_def_translated_cn_def,2734,餘,余,飠,ROOT-4F59,21,足,891,0,0,0,1053,足,771,0,0,0,120,0,0,771,0.44128665,0.449923038482666,0.0086363852024078
qwen3_4b_2560d_int8,en_def_translated_cn_def,2919,娠,辰,女,ROOT-8FB0,68,畜,602,0,0,0,1053,畜,476,0,0,0,126,0,0,476,0.4174784,0.4416593611240387,0.0241809487342834
qwen3_4b_2560d_int8,en_def_translated_cn_def,2920,宸,辰,宀,ROOT-8FB0,19,屋,826,0,0,0,1053,屋,523,0,0,0,303,0,0,523,0.4146257,0.4601161181926727,0.04549041390419
qwen3_4b_2560d_int8,en_def_translated_cn_def,2921,振,辰,扌,ROOT-8FB0,138,翼,704,0,0,0,1053,翼,609,0,0,0,95,0,0,609,0.45586407,0.477115660905838,0.0212515890598297
qwen3_4b_2560d_int8,en_def_translated_cn_def,2922,晨,辰,日,ROOT-8FB0,42,晨,286,0,0,0,1053,晨,111,0,0,0,175,0,0,111,0.47948587,0.5183252692222595,0.0388393998146057
qwen3_4b_2560d_int8,en_def_translated_cn_def,2923,脣,辰,肉,ROOT-8FB0,69,脣,333,0,0,0,1053,脣,485,0,0,0,-152,0,0,485,0.43366912,0.4631067514419555,0.029437631368637
qwen3_4b_2560d_int8,en_def_translated_cn_def,2924,蜃,辰,虫,ROOT-8FB0,76,咎,670,0,0,0,1053,溥,789,0,0,0,-119,0,0,789,0.45411867,0.4495437145233154,-0.0045749545097351
qwen3_4b_2560d_int8,en_def_translated_cn_def,2925,賑,辰,貝,ROOT-8FB0,28,助,800,0,0,0,1053,康,688,0,0,0,112,0,0,688,0.40864933,0.4262154400348663,0.0175661146640777
qwen3_4b_2560d_int8,en_def_translated_cn_def,2926,震,辰,雨,ROOT-8FB0,21,乍,607,0,0,0,1053,打,604,0,0,0,3,0,0,604,0.46068013,0.4891489744186401,0.0284688472747802
qwen3_4b_2560d_int8,en_def_translated_cn_def,3158,掂,店,扌,ROOT-5360,138,奉,546,0,0,0,1053,奉,497,0,0,0,49,0,0,497,0.3995717,0.412698745727539,0.0131270587444305
qwen3_4b_2560d_int8,en_def_translated_cn_def,3159,惦,店,忄,ROOT-5360,79,念,827,0,0,0,1053,念,692,0,0,0,135,0,0,692,0.41088533,0.4631550908088684,0.0522697567939758
qwen3_4b_2560d_int8,en_gloss_unihan,52,儐,賓,亻,ROOT-219CD,172,客,10,0,0,1,1155,客,8,0,0,1,2,0,0,8,0.55838466,0.5562803745269775,-0.0021042823791503
qwen3_4b_2560d_int8,en_gloss_unihan,53,嬪,賓,女,ROOT-219CD,99,妾,241,0,0,0,1155,殿,477,0,0,0,-236,0,0,477,0.4939037,0.4777420163154602,-0.0161616802215576
qwen3_4b_2560d_int8,en_gloss_unihan,54,擯,賓,扌,ROOT-219CD,189,推,563,0,0,0,1155,除,364,0,0,0,199,0,0,364,0.49426454,0.5161254405975342,0.0218608975410461
qwen3_4b_2560d_int8,en_gloss_unihan,55,檳,賓,木,ROOT-219CD,238,杏,591,0,0,0,1155,杏,725,0,0,0,-134,0,0,725,0.46736455,0.4893675446510315,0.0220029950141906
qwen3_4b_2560d_int8,en_gloss_unihan,56,殯,賓,歹,ROOT-219CD,16,弔,901,0,0,0,1155,奉,769,0,0,0,132,0,0,769,0.43580067,0.4453855156898498,0.0095848441123962
qwen3_4b_2560d_int8,en_gloss_unihan,57,濱,賓,氵,ROOT-219CD,277,皋,723,0,0,0,1155,浦,672,0,0,0,51,0,0,672,0.43943125,0.4669514298439026,0.0275201797485351
qwen3_4b_2560d_int8,en_gloss_unihan,58,矉,賓,目,ROOT-219CD,50,火,875,0,0,0,1155,火,922,0,0,0,-47,0,0,922,0.3846833,0.4102835059165954,0.0256001949310302
qwen3_4b_2560d_int8,en_gloss_unihan,59,繽,賓,糸,ROOT-219CD,153,隆,942,0,0,0,1155,隆,876,0,0,0,66,0,0,876,0.39329955,0.3772907853126526,-0.0160087645053863
qwen3_4b_2560d_int8,en_gloss_unihan,60,蠙,賓,虫,ROOT-219CD,116,雀,384,0,0,0,1155,倉,617,0,0,0,-233,0,0,617,0.49848467,0.5273995995521545,0.0289149284362792
qwen3_4b_2560d_int8,en_gloss_unihan,61,鬢,賓,髟,ROOT-219CD,15,毳,572,0,0,0,1155,毳,695,0,0,0,-123,0,0,695,0.4470929,0.4901715815067291,0.0430786907672882
qwen3_4b_2560d_int8,en_gloss_unihan,383,侅,亥,亻,ROOT-4EA5,172,畀,616,0,0,0,1155,畀,589,0,0,0,27,0,0,589,0.46225196,0.4561699330806732,-0.0060820281505584
qwen3_4b_2560d_int8,en_gloss_unihan,384,刻,亥,刂,ROOT-4EA5,32,季,338,0,0,0,1155,季,267,0,0,0,71,0,0,267,0.5134069,0.5088006258010864,-0.0046062469482421
qwen3_4b_2560d_int8,en_gloss_unihan,385,劾,亥,力,ROOT-4EA5,21,審,512,0,0,0,1155,審,151,0,0,0,361,0,0,151,0.4958461,0.53101646900177,0.0351703763008117
qwen3_4b_2560d_int8,en_gloss_unihan,386,咳,亥,口,ROOT-4EA5,149,歊,92,0,0,0,1155,歊,41,0,0,0,51,0,0,41,0.5405257,0.5940367579460144,0.0535110831260681
qwen3_4b_2560d_int8,en_gloss_unihan,387,垓,亥,土,ROOT-4EA5,86,戍,52,0,0,0,1155,戍,94,0,0,0,-42,0,0,94,0.57574916,0.562328040599823,-0.0134211182594299
qwen3_4b_2560d_int8,en_gloss_unihan,388,孩,亥,子,ROOT-4EA5,5,幼,67,0,0,0,1155,嬰,31,0,0,0,36,0,0,31,0.5716145,0.5729811191558838,0.0013666152954101
qwen3_4b_2560d_int8,en_gloss_unihan,389,核,亥,木,ROOT-4EA5,238,倉,255,0,0,0,1155,思,746,0,0,0,-491,0,0,746,0.5157474,0.454837441444397,-0.0609099864959716
qwen3_4b_2560d_int8,en_gloss_unihan,390,欬,亥,欠,ROOT-4EA5,23,蚩,683,0,0,0,1155,蚩,242,0,0,0,441,0,0,242,0.41254854,0.4682595431804657,0.0557110011577606
qwen3_4b_2560d_int8,en_gloss_unihan,391,痎,亥,疒,ROOT-4EA5,68,蚤,69,0,0,0,1155,岑,88,0,0,0,-19,0,0,88,0.46121538,0.490668922662735,0.0294535458087921
qwen3_4b_2560d_int8,en_gloss_unihan,392,胲,亥,肉,ROOT-4EA5,99,半,30,0,0,0,1155,半,36,0,0,0,-6,0,0,36,0.53661126,0.5125479102134705,-0.0240633487701416
qwen3_4b_2560d_int8,en_gloss_unihan,393,荄,亥,艹,ROOT-4EA5,241,禾,10,0,0,1,1155,本,8,0,0,1,2,0,0,8,0.6394982,0.6490547060966492,0.0095565319061279
qwen3_4b_2560d_int8,en_gloss_unihan,394,該,亥,言,ROOT-4EA5,142,務,389,0,0,0,1155,務,228,0,0,0,161,0,0,228,0.4829322,0.4889150857925415,0.0059828758239746
qwen3_4b_2560d_int8,en_gloss_unihan,395,閡,亥,門,ROOT-4EA5,30,滯,453,0,0,0,1155,禁,518,0,0,0,-65,0,0,518,0.48463503,0.4776748120784759,-0.0069602131843566
qwen3_4b_2560d_int8,en_gloss_unihan,396,陔,亥,阝,ROOT-4EA5,109,梯,184,0,0,0,1155,梯,707,0,0,0,-523,0,0,707,0.5049634,0.4549307227134704,-0.0500326752662658
qwen3_4b_2560d_int8,en_gloss_unihan,397,頦,亥,頁,ROOT-4EA5,41,箸,28,0,0,0,1155,箸,20,0,0,0,8,0,0,20,0.6653345,0.6632986068725586,-0.002035915851593
qwen3_4b_2560d_int8,en_gloss_unihan,398,駭,亥,馬,ROOT-4EA5,56,畏,898,0,0,0,1155,畏,910,0,0,0,-12,0,0,910,0.37026522,0.3489201068878174,-0.0213451087474823
qwen3_4b_2560d_int8,en_gloss_unihan,399,骸,亥,骨,ROOT-4EA5,12,脊,188,0,0,0,1155,號,763,0,0,0,-575,0,0,763,0.46796036,0.4607752561569214,-0.0071851015090942
qwen3_4b_2560d_int8,en_gloss_unihan,585,刓,元,刂,ROOT-5143,32,削,494,0,0,0,1155,朿,427,0,0,0,67,0,0,427,0.5045662,0.5237084627151489,0.0191422700881958
qwen3_4b_2560d_int8,en_gloss_unihan,586,完,元,宀,ROOT-5143,26,完,671,0,0,0,1155,完,524,0,0,0,147,0,0,524,0.45936987,0.4566239416599273,-0.0027459263801574
qwen3_4b_2560d_int8,en_gloss_unihan,596,沅,元,氵,ROOT-5143,277,淮,638,0,0,0,1155,江,575,0,0,0,63,0,0,575,0.34822828,0.3867431879043579,0.0385149121284484
qwen3_4b_2560d_int8,en_gloss_unihan,597,玩,元,王,ROOT-5143,75,弄,722,0,0,0,1155,弄,816,0,0,0,-94,0,0,816,0.41507766,0.3778828680515289,-0.0371947884559631
qwen3_4b_2560d_int8,en_gloss_unihan,599,芫,元,艹,ROOT-5143,241,亥,249,0,0,0,1155,亥,205,0,0,0,44,0,0,205,0.5549885,0.5955148339271545,0.0405263304710388
qwen3_4b_2560d_int8,en_gloss_unihan,600,邧,元,阝,ROOT-5143,109,洛,442,0,0,0,1155,洛,577,0,0,0,-135,0,0,577,0.38834733,0.4810407757759094,0.0926934480667114
qwen3_4b_2560d_int8,en_gloss_unihan,601,阮,元,阝,ROOT-5143,109,彭,449,0,0,0,1155,呂,590,0,0,0,-141,0,0,590,0.40934002,0.4236020445823669,0.0142620205879211
qwen3_4b_2560d_int8,en_gloss_unihan,602,頑,元,頁,ROOT-5143,41,堅,750,0,0,0,1155,堅,935,0,0,0,-185,0,0,935,0.4526182,0.396367073059082,-0.0562511384487152
qwen3_4b_2560d_int8,en_gloss_unihan,647,偈,曷,亻,ROOT-5303,172,儵,753,0,0,0,1155,儵,773,0,0,0,-20,0,0,773,0.4745331,0.4705629348754883,-0.0039701759815216
qwen3_4b_2560d_int8,en_gloss_unihan,648,喝,曷,口,ROOT-5303,149,虖,257,0,0,0,1155,宣,234,0,0,0,23,0,0,234,0.4982455,0.5183063745498657,0.0200608670711517
qwen3_4b_2560d_int8,en_gloss_unihan,649,堨,曷,土,ROOT-5303,86,朿,232,0,0,0,1155,朿,276,0,0,0,-44,0,0,276,0.5480629,0.5354748368263245,-0.012588083744049
qwen3_4b_2560d_int8,en_gloss_unihan,650,愒,曷,忄,ROOT-5303,124,息,86,0,0,0,1155,息,82,0,0,0,4,0,0,82,0.5698956,0.5525684356689453,-0.0173271894454956
qwen3_4b_2560d_int8,en_gloss_unihan,651,揭,曷,扌,ROOT-5303,189,養,632,0,0,0,1155,崔,515,0,0,0,117,0,0,515,0.47317654,0.4903561472892761,0.0171796083450317
qwen3_4b_2560d_int8,en_gloss_unihan,652,暍,曷,日,ROOT-5303,60,日,165,0,0,0,1155,日,158,0,0,0,7,0,0,158,0.52031386,0.5373339653015137,0.0170201063156127
qwen3_4b_2560d_int8,en_gloss_unihan,654,楬,曷,木,ROOT-5303,238,扁,87,0,0,0,1155,扁,102,0,0,0,-15,0,0,102,0.5437181,0.5376709699630737,-0.0060471296310424
qwen3_4b_2560d_int8,en_gloss_unihan,655,歇,曷,欠,ROOT-5303,23,歇,151,0,0,0,1155,歇,140,0,0,0,11,0,0,140,0.5650807,0.5456656217575073,-0.0194150805473327
qwen3_4b_2560d_int8,en_gloss_unihan,657,渴,曷,氵,ROOT-5303,277,欲,646,0,0,0,1155,欲,691,0,0,0,-45,0,0,691,0.44768935,0.4403606951236725,-0.0073286592960357
qwen3_4b_2560d_int8,en_gloss_unihan,658,猲,曷,犭,ROOT-5303,38,熏,617,0,0,0,1155,熏,615,0,0,0,2,0,0,615,0.44263145,0.4217885434627533,-0.0208429098129272
qwen3_4b_2560d_int8,en_gloss_unihan,659,碣,曷,石,ROOT-5303,52,扁,283,0,0,0,1155,扁,246,0,0,0,37,0,0,246,0.48857886,0.5168361067771912,0.0282572507858276
qwen3_4b_2560d_int8,en_gloss_unihan,660,竭,曷,立,ROOT-5303,4,盡,581,0,0,0,1155,盡,638,0,0,0,-57,0,0,638,0.48734385,0.4038363695144653,-0.0835074782371521
qwen3_4b_2560d_int8,en_gloss_unihan,661,羯,曷,羊,ROOT-5303,7,兔,161,0,0,0,1155,厲,434,0,0,0,-273,0,0,434,0.49536824,0.4473403692245483,-0.0480278730392456
qwen3_4b_2560d_int8,en_gloss_unihan,662,葛,曷,艹,ROOT-5303,241,葛,614,0,0,0,1155,葛,663,0,0,0,-49,0,0,663,0.45885867,0.4870049953460693,0.0281463265419006
qwen3_4b_2560d_int8,en_gloss_unihan,664,蝎,曷,虫,ROOT-5303,116,貍,378,0,0,0,1155,蠆,447,0,0,0,-69,0,0,447,0.5102446,0.569442868232727,0.059198260307312
qwen3_4b_2560d_int8,en_gloss_unihan,665,褐,曷,衤,ROOT-5303,55,罽,629,0,0,0,1155,綦,624,0,0,0,5,0,0,624,0.44470716,0.4678132534027099,0.0231060981750488
qwen3_4b_2560d_int8,en_gloss_unihan,666,謁,曷,言,ROOT-5303,142,謁,65,0,0,0,1155,謁,62,0,0,0,3,0,0,62,0.5524093,0.5359545350074768,-0.0164547562599182
qwen3_4b_2560d_int8,en_gloss_unihan,669,遏,曷,辶,ROOT-5303,68,弭,379,0,0,0,1155,窒,363,0,0,0,16,0,0,363,0.4823491,0.4555026590824127,-0.0268464386463165
qwen3_4b_2560d_int8,en_gloss_unihan,670,鞨,曷,革,ROOT-5303,29,酋,201,0,0,0,1155,族,243,0,0,0,-42,0,0,243,0.55060655,0.5384821891784668,-0.0121243596076965
qwen3_4b_2560d_int8,en_gloss_unihan,671,餲,曷,飠,ROOT-5303,35,臭,635,0,0,0,1155,臭,608,0,0,0,27,0,0,608,0.4511297,0.4779692590236664,0.0268395543098449
qwen3_4b_2560d_int8,en_gloss_unihan,672,鶡,曷,鳥,ROOT-5303,59,雀,607,0,0,0,1155,夜,908,0,0,0,-301,0,0,908,0.36401772,0.4096274971961975,0.0456097722053527
qwen3_4b_2560d_int8,en_gloss_unihan,1769,佳,圭,亻,ROOT-572D,172,吉,919,0,0,0,1155,吉,938,0,0,0,-19,0,0,938,0.404047,0.3914543688297272,-0.0125926434993743
qwen3_4b_2560d_int8,en_gloss_unihan,1770,刲,圭,刂,ROOT-572D,32,削,550,0,0,0,1155,剌,592,0,0,0,-42,0,0,592,0.49814975,0.5417230129241943,0.043573260307312
qwen3_4b_2560d_int8,en_gloss_unihan,1775,哇,圭,口,ROOT-572D,149,虖,1017,0,0,0,1155,幼,1059,0,0,0,-42,0,0,1059,0.3687274,0.3908326029777527,0.0221052169799804
qwen3_4b_2560d_int8,en_gloss_unihan,1776,奎,圭,大,ROOT-572D,5,星,131,0,0,0,1155,星,127,0,0,0,4,0,0,127,0.38700575,0.3511476516723633,-0.0358580946922302
qwen3_4b_2560d_int8,en_gloss_unihan,1777,娃,圭,女,ROOT-572D,99,嬰,167,0,0,0,1155,幼,266,0,0,0,-99,0,0,266,0.4637944,0.4579434990882873,-0.0058509111404418
qwen3_4b_2560d_int8,en_gloss_unihan,1778,恚,圭,心,ROOT-572D,53,火,726,0,0,0,1155,火,378,0,0,0,348,0,0,378,0.42937928,0.4855484664440155,0.056169182062149
qwen3_4b_2560d_int8,en_gloss_unihan,1779,挂,圭,扌,ROOT-572D,189,垂,925,0,0,0,1155,弔,937,0,0,0,-12,0,0,937,0.43100303,0.4280070066452026,-0.002996027469635
qwen3_4b_2560d_int8,en_gloss_unihan,1780,桂,圭,木,ROOT-572D,238,杏,332,0,0,0,1155,朱,822,0,0,0,-490,0,0,822,0.49430037,0.4686730504035949,-0.025627315044403
qwen3_4b_2560d_int8,en_gloss_unihan,1781,洼,圭,氵,ROOT-572D,277,洼,781,0,0,0,1155,洼,923,0,0,0,-142,0,0,923,0.43415952,0.4316511452198028,-0.0025083720684051
qwen3_4b_2560d_int8,en_gloss_unihan,1783,烓,圭,火,ROOT-572D,58,朿,181,0,0,0,1155,朿,235,0,0,0,-54,0,0,235,0.5141585,0.5166974067687988,0.0025389194488525
qwen3_4b_2560d_int8,en_gloss_unihan,1784,珪,圭,王,ROOT-572D,75,袞,9,0,0,1,1155,爵,610,0,0,0,-601,0,0,610,0.56724685,0.4280467629432678,-0.1392000913619995
qwen3_4b_2560d_int8,en_gloss_unihan,1785,畦,圭,田,ROOT-572D,12,畟,187,0,0,0,1155,部,335,0,0,0,-148,0,0,335,0.47484532,0.4569311141967773,-0.017914205789566
qwen3_4b_2560d_int8,en_gloss_unihan,1786,眭,圭,目,ROOT-572D,50,歊,216,0,0,0,1155,七,409,0,0,0,-193,0,0,409,0.51021636,0.5184943675994873,0.0082780122756958
qwen3_4b_2560d_int8,en_gloss_unihan,1787,絓,圭,糸,ROOT-572D,153,窒,945,0,0,0,1155,滯,1005,0,0,0,-60,0,0,1005,0.4524654,0.4174712002277374,-0.0349941849708557
qwen3_4b_2560d_int8,en_gloss_unihan,1788,蛙,圭,虫,ROOT-572D,116,貍,156,0,0,0,1155,貍,664,0,0,0,-508,0,0,664,0.54079175,0.5402853488922119,-0.0005064010620117
qwen3_4b_2560d_int8,en_gloss_unihan,1789,街,圭,行,ROOT-572D,6,道,957,0,0,0,1155,道,1027,0,0,0,-70,0,0,1027,0.41296437,0.3964061737060547,-0.0165582001209259
qwen3_4b_2560d_int8,en_gloss_unihan,1790,詿,圭,言,ROOT-572D,142,咎,911,0,0,0,1155,咎,911,0,0,0,0,0,0,911,0.40254736,0.428036630153656,0.0254892706871032
qwen3_4b_2560d_int8,en_gloss_unihan,1791,邽,圭,阝,ROOT-572D,109,贛,186,0,0,0,1155,贛,425,0,0,0,-239,0,0,425,0.4174413,0.4719155132770538,0.0544742047786712
qwen3_4b_2560d_int8,en_gloss_unihan,1792,閨,圭,門,ROOT-572D,30,几,155,0,0,0,1155,戔,203,0,0,0,-48,0,0,203,0.4895665,0.4921243786811828,0.0025578737258911
qwen3_4b_2560d_int8,en_gloss_unihan,1793,鞋,圭,革,ROOT-572D,29,兀,485,0,0,0,1155,服,968,0,0,0,-483,0,0,968,0.4484575,0.4160025417804718,-0.0324549674987793
qwen3_4b_2560d_int8,en_gloss_unihan,1798,僥,堯,亻,ROOT-582F,172,幸,897,0,0,0,1155,幸,953,0,0,0,-56,0,0,953,0.39102834,0.3810198307037353,-0.0100085139274597
qwen3_4b_2560d_int8,en_gloss_unihan,1799,嘵,堯,口,ROOT-582F,149,焦,989,0,0,0,1155,強,897,0,0,0,92,0,0,897,0.40266573,0.4349083006381988,0.0322425663471221
qwen3_4b_2560d_int8,en_gloss_unihan,1800,嬈,堯,女,ROOT-582F,99,麗,773,0,0,0,1155,麗,921,0,0,0,-148,0,0,921,0.44511807,0.4236948788166046,-0.021423190832138
qwen3_4b_2560d_int8,en_gloss_unihan,1801,嶢,堯,山,ROOT-582F,49,大,442,0,0,0,1155,尌,560,0,0,0,-118,0,0,560,0.51892793,0.5316780805587769,0.0127501487731933
qwen3_4b_2560d_int8,en_gloss_unihan,1802,撓,堯,扌,ROOT-582F,189,煩,1095,0,0,0,1155,煩,1051,0,0,0,44,0,0,1051,0.3444909,0.3836140036582947,0.0391231179237365
qwen3_4b_2560d_int8,en_gloss_unihan,1803,曉,堯,日,ROOT-582F,60,旦,973,0,0,0,1155,旦,1026,0,0,0,-53,0,0,1026,0.38655686,0.4007167816162109,0.0141599178314208
qwen3_4b_2560d_int8,en_gloss_unihan,1804,橈,堯,木,ROOT-582F,238,木,789,0,0,0,1155,析,985,0,0,0,-196,0,0,985,0.4030541,0.3910818099975586,-0.0119722783565521
qwen3_4b_2560d_int8,en_gloss_unihan,1805,澆,堯,氵,ROOT-582F,277,衍,984,0,0,0,1155,散,1004,0,0,0,-20,0,0,1004,0.42231017,0.4309574961662292,0.0086473226547241
qwen3_4b_2560d_int8,en_gloss_unihan,1806,燒,堯,火,ROOT-582F,58,炎,1057,0,0,0,1155,切,1066,0,0,0,-9,0,0,1066,0.3640558,0.4024437069892883,0.0383878946304321
qwen3_4b_2560d_int8,en_gloss_unihan,1807,磽,堯,石,ROOT-582F,52,荒,590,0,0,0,1155,荒,838,0,0,0,-248,0,0,838,0.4077179,0.3933872580528259,-0.01433065533638
qwen3_4b_2560d_int8,en_gloss_unihan,1808,繞,堯,糸,ROOT-582F,153,肙,1030,0,0,0,1155,肙,1057,0,0,0,-27,0,0,1057,0.4005357,0.3913544714450836,-0.0091812312602996
qwen3_4b_2560d_int8,en_gloss_unihan,1809,翹,堯,羽,ROOT-582F,19,養,1052,0,0,0,1155,養,1083,0,0,0,-31,0,0,1083,0.36819977,0.3167534470558166,-0.0514463186264038
qwen3_4b_2560d_int8,en_gloss_unihan,1810,蕘,堯,艹,ROOT-582F,241,糞,868,0,0,0,1155,析,1056,0,0,0,-188,0,0,1056,0.42751163,0.4034383893013,-0.0240732431411743
qwen3_4b_2560d_int8,en_gloss_unihan,1811,蟯,堯,虫,ROOT-582F,116,蚤,148,0,0,0,1155,蚤,497,0,0,0,-349,0,0,497,0.48568076,0.4635748863220215,-0.0221058726310729
qwen3_4b_2560d_int8,en_gloss_unihan,1812,譊,堯,言,ROOT-582F,142,爭,1008,0,0,0,1155,爭,964,0,0,0,44,0,0,964,0.38215137,0.4110545217990875,0.0289031565189361
qwen3_4b_2560d_int8,en_gloss_unihan,1813,遶,堯,辶,ROOT-582F,68,肙,1037,0,0,0,1155,肙,883,0,0,0,154,0,0,883,0.39695355,0.4369048476219177,0.0399512946605682
qwen3_4b_2560d_int8,en_gloss_unihan,1814,鐃,堯,釒,ROOT-582F,129,咢,833,0,0,0,1155,咢,996,0,0,0,-163,0,0,996,0.36208838,0.3555295765399933,-0.0065588057041168
qwen3_4b_2560d_int8,en_gloss_unihan,1815,饒,堯,飠,ROOT-582F,35,丰,1057,0,0,0,1155,丰,1067,0,0,0,-10,0,0,1067,0.3529974,0.3377754688262939,-0.0152219235897064
qwen3_4b_2560d_int8,en_gloss_unihan,1816,驍,堯,馬,ROOT-582F,56,豪,421,0,0,0,1155,豪,460,0,0,0,-39,0,0,460,0.4700033,0.5058386325836182,0.035835325717926
qwen3_4b_2560d_int8,en_gloss_unihan,2353,冶,台,冫,ROOT-382F,12,合,613,0,0,0,1155,合,370,0,0,0,243,0,0,370,0.42272827,0.416017472743988,-0.006710797548294
qwen3_4b_2560d_int8,en_gloss_unihan,2354,始,台,女,ROOT-382F,99,既,154,0,0,0,1155,既,181,0,0,0,-27,0,0,181,0.50691473,0.482704609632492,-0.024210125207901
qwen3_4b_2560d_int8,en_gloss_unihan,2355,怠,台,心,ROOT-382F,53,疏,763,0,0,0,1155,疏,613,0,0,0,150,0,0,613,0.44090587,0.4698880016803741,0.0289821326732635
qwen3_4b_2560d_int8,en_gloss_unihan,2356,怡,台,忄,ROOT-382F,124,樂,321,0,0,0,1155,雍,131,0,0,0,190,0,0,131,0.46679753,0.4901951551437378,0.0233976244926452
qwen3_4b_2560d_int8,en_gloss_unihan,2357,枲,台,木,ROOT-382F,238,艾,451,0,0,0,1155,夫,473,0,0,0,-22,0,0,473,0.42966345,0.4412971138954162,0.0116336643695831
qwen3_4b_2560d_int8,en_gloss_unihan,2358,殆,台,歹,ROOT-382F,16,冒,750,0,0,0,1155,冒,538,0,0,0,212,0,0,538,0.46342403,0.4847598373889923,0.0213358104228973
qwen3_4b_2560d_int8,en_gloss_unihan,2359,治,台,氵,ROOT-382F,277,尹,286,0,0,0,1155,尹,202,0,0,0,84,0,0,202,0.51408356,0.5181822776794434,0.0040987133979797
qwen3_4b_2560d_int8,en_gloss_unihan,2360,炱,台,火,ROOT-382F,58,歊,338,0,0,0,1155,歊,211,0,0,0,127,0,0,211,0.51957446,0.5434396266937256,0.0238651633262634
qwen3_4b_2560d_int8,en_gloss_unihan,2361,眙,台,目,ROOT-382F,50,覽,428,0,0,0,1155,畀,195,0,0,0,233,0,0,195,0.51563156,0.5932406187057495,0.0776090621948242
qwen3_4b_2560d_int8,en_gloss_unihan,2362,笞,台,竹,ROOT-382F,100,筍,539,0,0,0,1155,筍,576,0,0,0,-37,0,0,576,0.448368,0.5114087462425232,0.0630407333374023
qwen3_4b_2560d_int8,en_gloss_unihan,2363,紿,台,糸,ROOT-382F,153,欺,158,0,0,0,1155,欺,133,0,0,0,25,0,0,133,0.5301064,0.5220025181770325,-0.0081039071083068
qwen3_4b_2560d_int8,en_gloss_unihan,2364,胎,台,肉,ROOT-382F,99,幼,125,0,0,0,1155,幼,59,0,0,0,66,0,0,59,0.49571207,0.515889048576355,0.0201769769191741
qwen3_4b_2560d_int8,en_gloss_unihan,2365,苔,台,艹,ROOT-382F,241,松,205,0,0,0,1155,雝,86,0,0,0,119,0,0,86,0.5023507,0.5629904866218567,0.0606397986412048
qwen3_4b_2560d_int8,en_gloss_unihan,2366,詒,台,言,ROOT-382F,142,胤,399,0,0,0,1155,胤,346,0,0,0,53,0,0,346,0.52381533,0.5186138153076172,-0.005201518535614
qwen3_4b_2560d_int8,en_gloss_unihan,2367,貽,台,貝,ROOT-382F,41,畀,192,0,0,0,1155,畀,155,0,0,0,37,0,0,155,0.5673823,0.586915135383606,0.0195328593254089
qwen3_4b_2560d_int8,en_gloss_unihan,2368,邰,台,阝,ROOT-382F,109,鄭,169,0,0,0,1155,羲,114,0,0,0,55,0,0,114,0.43664736,0.5094138979911804,0.0727665424346923
qwen3_4b_2560d_int8,en_gloss_unihan,2369,颱,台,風,ROOT-382F,8,雷,363,0,0,0,1155,尌,207,0,0,0,156,0,0,207,0.46951357,0.5305264592170715,0.0610128939151763
qwen3_4b_2560d_int8,en_gloss_unihan,2370,飴,台,飠,ROOT-382F,35,甘,322,0,0,0,1155,甘,102,0,0,0,220,0,0,102,0.48795176,0.5306234359741211,0.0426716804504394
qwen3_4b_2560d_int8,en_gloss_unihan,2371,駘,台,馬,ROOT-382F,56,犛,637,0,0,0,1155,玉,390,0,0,0,247,0,0,390,0.44062,0.4836573898792267,0.0430373847484588
qwen3_4b_2560d_int8,en_gloss_unihan,2372,鮐,台,魚,ROOT-382F,46,兔,264,0,0,0,1155,貸,40,0,0,0,224,0,0,40,0.49166963,0.6221768856048584,0.1305072605609893
qwen3_4b_2560d_int8,en_gloss_unihan,2373,齝,台,齒,ROOT-382F,14,欶,482,0,0,0,1155,欶,347,0,0,0,135,0,0,347,0.5394113,0.5477585792541504,0.0083472728729248
qwen3_4b_2560d_int8,en_gloss_unihan,2413,啻,帝,口,ROOT-5E1D,149,只,678,0,0,0,1155,只,416,0,0,0,262,0,0,416,0.46392208,0.4737074971199035,0.0097854137420654
qwen3_4b_2560d_int8,en_gloss_unihan,2415,啼,帝,口,ROOT-5E1D,149,虖,1032,0,0,0,1155,虖,986,0,0,0,46,0,0,986,0.37861317,0.4356269240379333,0.0570137500762939
qwen3_4b_2560d_int8,en_gloss_unihan,2416,禘,帝,礻,ROOT-5E1D,35,堯,4,0,1,1,1155,堯,8,0,0,1,-4,0,0,8,0.65787256,0.6254498958587646,-0.032422661781311
qwen3_4b_2560d_int8,en_gloss_unihan,2417,締,帝,糸,ROOT-5E1D,153,連,847,0,0,0,1155,連,727,0,0,0,120,0,0,727,0.46227476,0.4697303771972656,0.0074556171894073
qwen3_4b_2560d_int8,en_gloss_unihan,2418,蒂,帝,艹,ROOT-5E1D,241,筍,693,0,0,0,1155,幹,675,0,0,0,18,0,0,675,0.4495539,0.5015009641647339,0.0519470572471618
qwen3_4b_2560d_int8,en_gloss_unihan,2419,諦,帝,言,ROOT-5E1D,142,勤,964,0,0,0,1155,勤,918,0,0,0,46,0,0,918,0.41881686,0.4278464913368225,0.0090296268463134
qwen3_4b_2560d_int8,en_gloss_unihan,2420,蹄,帝,𧾷,ROOT-5E1D,63,豬,719,0,0,0,1155,豬,475,0,0,0,244,0,0,475,0.45325738,0.4670644700527191,0.0138070881366729
qwen3_4b_2560d_int8,en_gloss_unihan,3134,欄,闌,木,ROOT-67EC,238,樊,2,0,1,1,1155,樊,2,0,1,1,0,0,0,2,0.7373949,0.682765781879425,-0.0546291470527648
qwen3_4b_2560d_int8,en_gloss_unihan,3135,瀾,闌,氵,ROOT-67EC,277,衍,907,0,0,0,1155,衍,988,0,0,0,-81,0,0,988,0.43531826,0.4423209130764007,0.0070026516914367
qwen3_4b_2560d_int8,en_gloss_unihan,3136,爛,闌,火,ROOT-67EC,58,敝,955,0,0,0,1155,敝,1012,0,0,0,-57,0,0,1012,0.40555203,0.3807338774204254,-0.0248181521892547
qwen3_4b_2560d_int8,en_gloss_unihan,3137,籣,闌,竹,ROOT-67EC,100,函,480,0,0,0,1155,函,1025,0,0,0,-545,0,0,1025,0.48836237,0.4119876325130462,-0.076374739408493
qwen3_4b_2560d_int8,en_gloss_unihan,3138,蘭,闌,艹,ROOT-67EC,241,蘭,1050,0,0,0,1155,蘭,1111,0,0,0,-61,0,0,1111,0.3953287,0.3670315742492676,-0.0282971262931823
qwen3_4b_2560d_int8,en_gloss_unihan,3139,襴,闌,衤,ROOT-67EC,55,罽,354,0,0,0,1155,罽,686,0,0,0,-332,0,0,686,0.48423314,0.5076023936271667,0.0233692526817321
qwen3_4b_2560d_int8,en_gloss_unihan,3140,讕,闌,言,ROOT-67EC,142,毀,1006,0,0,0,1155,毀,1039,0,0,0,-33,0,0,1039,0.36129135,0.3917663395404815,0.0304749906063079
qwen3_4b_2560d_int8,en_gloss_unihan,3553,倩,青,亻,ROOT-9752,172,麗,1050,0,0,0,1155,麗,943,0,0,0,107,0,0,943,0.38038012,0.4095431268215179,0.0291630029678344
qwen3_4b_2560d_int8,en_gloss_unihan,3554,凊,青,冫,ROOT-9752,12,羲,1112,0,0,0,1155,羲,1106,0,0,0,6,0,0,1106,0.3649646,0.3217674791812897,-0.0431971251964569
qwen3_4b_2560d_int8,en_gloss_unihan,3555,婧,青,女,ROOT-9752,99,柔,1051,0,0,0,1155,柔,1045,0,0,0,6,0,0,1045,0.40358505,0.4266552329063415,0.0230701863765716
qwen3_4b_2560d_int8,en_gloss_unihan,3556,情,青,忄,ROOT-9752,124,感,1111,0,0,0,1155,感,1117,0,0,0,-6,0,0,1117,0.29193604,0.3390489220619201,0.0471128821372985
qwen3_4b_2560d_int8,en_gloss_unihan,3557,晴,青,日,ROOT-9752,60,景,1030,0,0,0,1155,云,1006,0,0,0,24,0,0,1006,0.36950448,0.4085050523281097,0.0390005707740783
qwen3_4b_2560d_int8,en_gloss_unihan,3558,猜,青,犭,ROOT-9752,38,若,1109,0,0,0,1155,設,1049,0,0,0,60,0,0,1049,0.31565928,0.3269004821777344,0.0112411975860595
qwen3_4b_2560d_int8,en_gloss_unihan,3559,睛,青,目,ROOT-9752,50,眇,1060,0,0,0,1155,丸,1008,0,0,0,52,0,0,1008,0.34513915,0.3625357151031494,0.0173965692520141
qwen3_4b_2560d_int8,en_gloss_unihan,3560,精,青,米,ROOT-9752,25,氣,1117,0,0,0,1155,氣,1037,0,0,0,80,0,0,1037,0.37433437,0.3929882049560547,0.0186538398265838
qwen3_4b_2560d_int8,en_gloss_unihan,3561,綪,青,糸,ROOT-9752,153,綦,959,0,0,0,1155,綦,1000,0,0,0,-41,0,0,1000,0.3794614,0.3843666911125183,0.0049052834510803
qwen3_4b_2560d_int8,en_gloss_unihan,3562,菁,青,艹,ROOT-9752,241,韱,991,0,0,0,1155,韱,1110,0,0,0,-119,0,0,1110,0.31075418,0.3196077346801758,0.0088535547256469
qwen3_4b_2560d_int8,en_gloss_unihan,3563,蜻,青,虫,ROOT-9752,116,貍,1015,0,0,0,1155,習,1058,0,0,0,-43,0,0,1058,0.37202668,0.4505491852760315,0.078522503376007
qwen3_4b_2560d_int8,en_gloss_unihan,3564,請,青,言,ROOT-9752,142,求,1099,0,0,0,1155,求,1070,0,0,0,29,0,0,1070,0.34118438,0.3862707018852234,0.0450863242149353
qwen3_4b_2560d_int8,en_gloss_unihan,3565,錆,青,釒,ROOT-9752,129,玉,885,0,0,0,1155,玉,910,0,0,0,-25,0,0,910,0.36325526,0.374502956867218,0.01124769449234
qwen3_4b_2560d_int8,en_gloss_unihan,3566,靖,青,立,ROOT-9752,4,寧,1113,0,0,0,1155,安,1117,0,0,0,-4,0,0,1117,0.3364302,0.2960364818572998,-0.0403937101364135
qwen3_4b_2560d_int8,en_gloss_unihan,3567,靚,青,見,ROOT-9752,7,貌,1098,0,0,0,1155,粲,1050,0,0,0,48,0,0,1050,0.33267054,0.3171990811824798,-0.0154714584350585
qwen3_4b_2560d_int8,en_gloss_unihan,3569,鯖,青,魚,ROOT-9752,46,貍,1093,0,0,0,1155,竟,1114,0,0,0,-21,0,0,1114,0.3292893,0.3927415907382965,0.0634523034095764
qwen3_4b_2560d_int8,en_gloss_unihan,4239,涂,余,氵,ROOT-4F59,277,涂,26,0,0,0,1155,涂,20,0,0,0,6,0,0,20,0.6194172,0.6565403938293457,0.0371232032775878
qwen3_4b_2560d_int8,en_gloss_unihan,4240,徐,余,彳,ROOT-4F59,16,宁,492,0,0,0,1155,寧,479,0,0,0,13,0,0,479,0.4683868,0.4299920201301574,-0.0383947789669036
qwen3_4b_2560d_int8,en_gloss_unihan,4241,悆,余,心,ROOT-4F59,53,翕,369,0,0,0,1155,翕,342,0,0,0,27,0,0,342,0.49561638,0.4849021732807159,-0.0107142031192779
qwen3_4b_2560d_int8,en_gloss_unihan,4243,斜,余,斗,ROOT-4F59,6,仄,174,0,0,0,1155,仄,256,0,0,0,-82,0,0,256,0.55930555,0.4855535626411438,-0.0737519860267639
qwen3_4b_2560d_int8,en_gloss_unihan,4245,畬,余,田,ROOT-4F59,12,耤,257,0,0,0,1155,朿,212,0,0,0,45,0,0,212,0.5072148,0.5049828290939331,-0.0022319555282592
qwen3_4b_2560d_int8,en_gloss_unihan,4246,稌,余,禾,ROOT-4F59,43,米,413,0,0,0,1155,米,314,0,0,0,99,0,0,314,0.47022718,0.5298758745193481,0.0596486926078796
qwen3_4b_2560d_int8,en_gloss_unihan,4247,艅,余,舟,ROOT-4F59,15,泊,557,0,0,0,1155,亥,220,0,0,0,337,0,0,220,0.4486289,0.5730518698692322,0.1244229674339294
qwen3_4b_2560d_int8,en_gloss_unihan,4248,荼,余,艹,ROOT-4F59,241,苦,415,0,0,0,1155,苦,361,0,0,0,54,0,0,361,0.45039624,0.5023711323738098,0.0519748926162719
qwen3_4b_2560d_int8,en_gloss_unihan,4249,蜍,余,虫,ROOT-4F59,116,兔,497,0,0,0,1155,畀,243,0,0,0,254,0,0,243,0.47264674,0.5319427847862244,0.059296041727066
qwen3_4b_2560d_int8,en_gloss_unihan,4250,途,余,辶,ROOT-4F59,68,路,417,0,0,0,1155,路,264,0,0,0,153,0,0,264,0.47651362,0.4773081243038177,0.0007945001125335
qwen3_4b_2560d_int8,en_gloss_unihan,4251,酴,余,酉,ROOT-4F59,30,貸,435,0,0,0,1155,貸,251,0,0,0,184,0,0,251,0.4832806,0.5263617038726807,0.0430811047554016
qwen3_4b_2560d_int8,en_gloss_unihan,4252,除,余,阝,ROOT-4F59,109,除,156,0,0,0,1155,除,181,0,0,0,-25,0,0,181,0.54013926,0.5386962294578552,-0.0014430284500122
qwen3_4b_2560d_int8,en_gloss_unihan,4255,餘,余,飠,ROOT-4F59,35,贏,4,0,1,1,1155,贏,3,0,1,1,1,0,0,3,0.7209759,0.699226975440979,-0.0217489004135131
qwen3_4b_2560d_int8,en_gloss_unihan,4536,唇,辰,口,ROOT-8FB0,149,脣,1077,0,0,0,1155,脣,999,0,0,0,78,0,0,999,0.3502964,0.4058263897895813,0.0555299818515777
qwen3_4b_2560d_int8,en_gloss_unihan,4537,娠,辰,女,ROOT-8FB0,99,七,1063,0,0,0,1155,七,1015,0,0,0,48,0,0,1015,0.33289587,0.384334534406662,0.0514386594295501
qwen3_4b_2560d_int8,en_gloss_unihan,4538,宸,辰,宀,ROOT-8FB0,26,皇,878,0,0,0,1155,皇,426,0,0,0,452,0,0,426,0.43266165,0.4687978625297546,0.0361362099647522
qwen3_4b_2560d_int8,en_gloss_unihan,4539,振,辰,扌,ROOT-8FB0,189,養,1082,0,0,0,1155,閔,1058,0,0,0,24,0,0,1058,0.3355524,0.3637794256210327,0.0282270312309265
qwen3_4b_2560d_int8,en_gloss_unihan,4540,晨,辰,日,ROOT-8FB0,60,晨,5,0,1,1,1155,晨,4,0,1,1,1,0,0,4,0.6379535,0.673221230506897,0.0352677106857299
qwen3_4b_2560d_int8,en_gloss_unihan,4541,脣,辰,肉,ROOT-8FB0,99,脣,1077,0,0,0,1155,脣,1057,0,0,0,20,0,0,1057,0.34825635,0.3968737125396728,0.0486173629760742
qwen3_4b_2560d_int8,en_gloss_unihan,4543,蜃,辰,虫,ROOT-8FB0,116,波,1004,0,0,0,1155,介,1005,0,0,0,-1,0,0,1005,0.2978102,0.3154948055744171,0.0176846086978912
qwen3_4b_2560d_int8,en_gloss_unihan,4544,賑,辰,貝,ROOT-8FB0,41,丞,1123,0,0,0,1155,丞,1093,0,0,0,30,0,0,1093,0.31349438,0.3557411432266235,0.0422467589378356
qwen3_4b_2560d_int8,en_gloss_unihan,4545,震,辰,雨,ROOT-8FB0,25,離,47,0,0,0,1155,離,71,0,0,0,-24,0,0,71,0.5075197,0.4697800278663635,-0.0377396941184997
qwen3_4b_2560d_int8,en_gloss_unihan,4878,掂,店,扌,ROOT-5360,189,匊,951,0,0,0,1155,匊,942,0,0,0,9,0,0,942,0.42481172,0.4315154552459717,0.0067037343978881
qwen3_4b_2560d_int8,en_gloss_unihan,4879,惦,店,忄,ROOT-5360,124,念,447,0,0,0,1155,念,324,0,0,0,123,0,0,324,0.5096344,0.5159319043159485,0.0062975287437438
qwen3_4b_2560d_int8,zh_char,54,儐,賓,亻,ROOT-219CD,183,窐,40,0,0,0,1171,窐,38,0,0,0,2,0,0,38,0.74928755,0.75784832239151,0.0085607767105102
qwen3_4b_2560d_int8,zh_char,55,嬪,賓,女,ROOT-219CD,115,妾,27,0,0,0,1171,貞,20,0,0,0,7,0,0,20,0.678566,0.7216972708702087,0.0431312918663024
qwen3_4b_2560d_int8,zh_char,56,擯,賓,扌,ROOT-219CD,202,擇,342,0,0,0,1171,擇,234,0,0,0,108,0,0,234,0.6502676,0.704799234867096,0.0545316338539123
qwen3_4b_2560d_int8,zh_char,57,檳,賓,木,ROOT-219CD,256,欽,79,0,0,0,1171,欽,13,0,0,0,66,0,0,13,0.68138546,0.7376558780670166,0.0562704205513
qwen3_4b_2560d_int8,zh_char,58,殯,賓,歹,ROOT-219CD,17,欶,72,0,0,0,1171,欶,47,0,0,0,25,0,0,47,0.6660459,0.7099683880805969,0.043922483921051
qwen3_4b_2560d_int8,zh_char,59,濱,賓,氵,ROOT-219CD,307,浦,20,0,0,0,1171,斌,2,0,1,1,18,0,0,2,0.72520965,0.7867703437805176,0.0615606904029846
qwen3_4b_2560d_int8,zh_char,60,矉,賓,目,ROOT-219CD,59,彔,638,0,0,0,1171,彔,533,0,0,0,105,0,0,533,0.6198075,0.6550730466842651,0.035265564918518
qwen3_4b_2560d_int8,zh_char,61,繽,賓,糸,ROOT-219CD,170,粲,173,0,0,0,1171,斌,51,0,0,0,122,0,0,51,0.66521305,0.7188617587089539,0.0536487102508544
qwen3_4b_2560d_int8,zh_char,62,蠙,賓,虫,ROOT-219CD,139,蠆,405,0,0,0,1171,牟,231,0,0,0,174,0,0,231,0.62372637,0.7496712803840637,0.1259449124336242
qwen3_4b_2560d_int8,zh_char,63,鬢,賓,髟,ROOT-219CD,19,毛,234,0,0,0,1171,毛,147,0,0,0,87,0,0,147,0.64219046,0.7166224718093872,0.0744320154190063
qwen3_4b_2560d_int8,zh_char,416,侅,亥,亻,ROOT-4EA5,183,聿,128,0,0,0,1171,戊,95,0,0,0,33,0,0,95,0.6822138,0.694861114025116,0.0126473307609558
qwen3_4b_2560d_int8,zh_char,417,刻,亥,刂,ROOT-4EA5,36,契,213,0,0,0,1171,契,137,0,0,0,76,0,0,137,0.67923236,0.7060246467590332,0.026792287826538
qwen3_4b_2560d_int8,zh_char,418,劾,亥,力,ROOT-4EA5,21,奏,381,0,0,0,1171,反,233,0,0,0,148,0,0,233,0.60367215,0.5993518829345703,-0.0043202638626098
qwen3_4b_2560d_int8,zh_char,419,咳,亥,口,ROOT-4EA5,156,喿,410,0,0,0,1171,疾,225,0,0,0,185,0,0,225,0.5368202,0.5951787829399109,0.058358609676361
qwen3_4b_2560d_int8,zh_char,420,垓,亥,土,ROOT-4EA5,91,皋,24,0,0,0,1171,虞,25,0,0,0,-1,0,0,25,0.7946758,0.7895286083221436,-0.0051472187042236
qwen3_4b_2560d_int8,zh_char,421,孩,亥,子,ROOT-4EA5,5,童,67,0,0,0,1171,童,131,0,0,0,-64,0,0,131,0.66711307,0.6075742840766907,-0.0595387816429138
qwen3_4b_2560d_int8,zh_char,422,核,亥,木,ROOT-4EA5,256,央,439,0,0,0,1171,央,654,0,0,0,-215,0,0,654,0.5836192,0.5440653562545776,-0.0395538210868835
qwen3_4b_2560d_int8,zh_char,423,欬,亥,欠,ROOT-4EA5,28,嗇,143,0,0,0,1171,嗇,134,0,0,0,9,0,0,134,0.67245024,0.7001541256904602,0.0277038812637329
qwen3_4b_2560d_int8,zh_char,424,痎,亥,疒,ROOT-4EA5,71,朿,146,0,0,0,1171,藺,73,0,0,0,73,0,0,73,0.6698946,0.7330949902534485,0.0632004141807556
qwen3_4b_2560d_int8,zh_char,425,胲,亥,肉,ROOT-4EA5,108,爪,5,0,1,1,1171,曷,3,0,1,1,2,0,0,3,0.7987087,0.8361261487007141,0.0374174714088439
qwen3_4b_2560d_int8,zh_char,426,荄,亥,艹,ROOT-4EA5,292,葛,21,0,0,0,1171,葛,9,0,0,1,12,0,0,9,0.76625705,0.787288248538971,0.0210312008857727
qwen3_4b_2560d_int8,zh_char,427,該,亥,言,ROOT-4EA5,155,當,712,0,0,0,1171,當,576,0,0,0,136,0,0,576,0.6206205,0.6288045644760132,0.0081840753555297
qwen3_4b_2560d_int8,zh_char,428,閡,亥,門,ROOT-4EA5,34,閵,201,0,0,0,1171,勿,258,0,0,0,-57,0,0,258,0.69841474,0.7222300171852112,0.0238152742385864
qwen3_4b_2560d_int8,zh_char,429,陔,亥,阝,ROOT-4EA5,125,盍,40,0,0,0,1171,吉,84,0,0,0,-44,0,0,84,0.7471567,0.7158873677253723,-0.0312693119049072
qwen3_4b_2560d_int8,zh_char,430,頦,亥,頁,ROOT-4EA5,45,顥,331,0,0,0,1171,脣,225,0,0,0,106,0,0,225,0.63026816,0.7039066553115845,0.0736384987831115
qwen3_4b_2560d_int8,zh_char,431,駭,亥,馬,ROOT-4EA5,65,厥,29,0,0,0,1171,厥,41,0,0,0,-12,0,0,41,0.722688,0.7203692197799683,-0.002318799495697
qwen3_4b_2560d_int8,zh_char,432,骸,亥,骨,ROOT-4EA5,13,尸,83,0,0,0,1171,尸,291,0,0,0,-208,0,0,291,0.66101897,0.6350040435791016,-0.0260149240493774
qwen3_4b_2560d_int8,zh_char,641,刓,元,刂,ROOT-5143,36,削,779,0,0,0,1171,毌,696,0,0,0,83,0,0,696,0.5366672,0.5814768671989441,0.0448096394538879
qwen3_4b_2560d_int8,zh_char,642,完,元,宀,ROOT-5143,27,完,922,0,0,0,1171,完,819,0,0,0,103,0,0,819,0.56486523,0.5732197165489197,0.0083544850349426
qwen3_4b_2560d_int8,zh_char,652,忨,元,忄,ROOT-5143,132,戠,1036,0,0,0,1171,戠,751,0,0,0,285,0,0,751,0.56740755,0.6218546628952026,0.0544471144676208
qwen3_4b_2560d_int8,zh_char,653,沅,元,氵,ROOT-5143,307,江,350,0,0,0,1171,江,248,0,0,0,102,0,0,248,0.60185415,0.6480752229690552,0.0462210774421691
qwen3_4b_2560d_int8,zh_char,654,玩,元,王,ROOT-5143,79,弄,1105,0,0,0,1171,弄,1028,0,0,0,77,0,0,1028,0.5012679,0.4556397795677185,-0.0456281304359436
qwen3_4b_2560d_int8,zh_char,656,芫,元,艹,ROOT-5143,292,麻,717,0,0,0,1171,麻,701,0,0,0,16,0,0,701,0.5943829,0.6557894945144653,0.0614066123962402
qwen3_4b_2560d_int8,zh_char,657,蚖,元,虫,ROOT-5143,139,蠆,764,0,0,0,1171,卬,673,0,0,0,91,0,0,673,0.5330205,0.6247599124908447,0.0917394161224365
qwen3_4b_2560d_int8,zh_char,658,邧,元,阝,ROOT-5143,125,闌,743,0,0,0,1171,闌,884,0,0,0,-141,0,0,884,0.58621335,0.5907463431358337,0.0045329928398132
qwen3_4b_2560d_int8,zh_char,659,阮,元,阝,ROOT-5143,125,孟,218,0,0,0,1171,冉,154,0,0,0,64,0,0,154,0.7002582,0.712109386920929,0.0118511915206909
qwen3_4b_2560d_int8,zh_char,660,頑,元,頁,ROOT-5143,45,窐,1099,0,0,0,1171,勿,1044,0,0,0,55,0,0,1044,0.54900175,0.5689283609390259,0.0199266076087951
qwen3_4b_2560d_int8,zh_char,711,偈,曷,亻,ROOT-5303,183,甫,91,0,0,0,1171,甫,119,0,0,0,-28,0,0,119,0.5874586,0.5764144659042358,-0.0110441446304321
qwen3_4b_2560d_int8,zh_char,712,喝,曷,口,ROOT-5303,156,舀,21,0,0,0,1171,酓,106,0,0,0,-85,0,0,106,0.6140841,0.6130403280258179,-0.0010437965393066
qwen3_4b_2560d_int8,zh_char,713,堨,曷,土,ROOT-5303,91,雩,13,0,0,0,1171,雩,7,0,0,1,6,0,0,7,0.7628957,0.7872157096862793,0.0243200063705444
qwen3_4b_2560d_int8,zh_char,714,愒,曷,忄,ROOT-5303,132,矍,11,0,0,0,1171,翟,41,0,0,0,-30,0,0,41,0.7555152,0.7294695377349854,-0.0260456800460815
qwen3_4b_2560d_int8,zh_char,715,揭,曷,扌,ROOT-5303,202,悉,83,0,0,0,1171,悉,88,0,0,0,-5,0,0,88,0.66951025,0.6749727725982666,0.0054625272750854
qwen3_4b_2560d_int8,zh_char,716,暍,曷,日,ROOT-5303,63,烝,11,0,0,0,1171,咢,26,0,0,0,-15,0,0,26,0.73250365,0.7204296588897705,-0.0120739936828613
qwen3_4b_2560d_int8,zh_char,718,楬,曷,木,ROOT-5303,256,藺,24,0,0,0,1171,弁,24,0,0,0,0,0,0,24,0.7123405,0.711702823638916,-0.0006376504898071
qwen3_4b_2560d_int8,zh_char,719,歇,曷,欠,ROOT-5303,28,歇,27,0,0,0,1171,歇,53,0,0,0,-26,0,0,53,0.7108934,0.6981672048568726,-0.0127261877059936
qwen3_4b_2560d_int8,zh_char,721,渴,曷,氵,ROOT-5303,307,旱,65,0,0,0,1171,乏,95,0,0,0,-30,0,0,95,0.6087697,0.6016557216644287,-0.0071139931678771
qwen3_4b_2560d_int8,zh_char,722,猲,曷,犭,ROOT-5303,44,猋,36,0,0,0,1171,猋,10,0,0,1,26,0,0,10,0.65960133,0.7205087542533875,0.0609074234962463
qwen3_4b_2560d_int8,zh_char,723,碣,曷,石,ROOT-5303,57,丘,57,0,0,0,1171,丘,52,0,0,0,5,0,0,52,0.7167847,0.730082631111145,0.0132979154586792
qwen3_4b_2560d_int8,zh_char,724,竭,曷,立,ROOT-5303,6,乏,74,0,0,0,1171,乏,121,0,0,0,-47,0,0,121,0.65867925,0.6182708740234375,-0.0404083728790283
qwen3_4b_2560d_int8,zh_char,725,羯,曷,羊,ROOT-5303,9,奚,27,0,0,0,1171,歹,60,0,0,0,-33,0,0,60,0.7642034,0.7193983793258667,-0.0448050498962402
qwen3_4b_2560d_int8,zh_char,726,葛,曷,艹,ROOT-5303,292,葛,22,0,0,0,1171,葛,19,0,0,0,3,0,0,19,0.77405906,0.7863031625747681,0.0122441053390502
qwen3_4b_2560d_int8,zh_char,729,蝎,曷,虫,ROOT-5303,139,蟲,166,0,0,0,1171,棘,169,0,0,0,-3,0,0,169,0.60564744,0.7069031000137329,0.1012556552886962
qwen3_4b_2560d_int8,zh_char,730,褐,曷,衤,ROOT-5303,70,灰,43,0,0,0,1171,灰,122,0,0,0,-79,0,0,122,0.62854767,0.600483775138855,-0.0280638933181762
qwen3_4b_2560d_int8,zh_char,731,謁,曷,言,ROOT-5303,155,謁,41,0,0,0,1171,謁,42,0,0,0,-1,0,0,42,0.64903384,0.6485346555709839,-0.0004991888999938
qwen3_4b_2560d_int8,zh_char,734,遏,曷,辶,ROOT-5303,69,戢,9,0,0,1,1171,戢,5,0,1,1,4,0,0,5,0.7916696,0.7875792384147644,-0.0040903687477111
qwen3_4b_2560d_int8,zh_char,735,鞨,曷,革,ROOT-5303,32,羌,7,0,0,1,1171,扈,16,0,0,0,-9,0,0,16,0.71704835,0.7042431831359863,-0.012805163860321
qwen3_4b_2560d_int8,zh_char,736,餲,曷,飠,ROOT-5303,38,嗇,57,0,0,0,1171,盍,9,0,0,1,48,0,0,9,0.6798345,0.8033696413040161,0.12353515625
qwen3_4b_2560d_int8,zh_char,737,鶡,曷,鳥,ROOT-5303,67,梟,45,0,0,0,1171,盍,12,0,0,0,33,0,0,12,0.71714956,0.8138313293457031,0.0966817736625671
qwen3_4b_2560d_int8,zh_char,1967,佳,圭,亻,ROOT-572D,183,尚,48,0,0,0,1171,尚,67,0,0,0,-19,0,0,67,0.7034382,0.6832760572433472,-0.0201621651649475
qwen3_4b_2560d_int8,zh_char,1968,刲,圭,刂,ROOT-572D,36,削,111,0,0,0,1171,藺,58,0,0,0,53,0,0,58,0.64149475,0.718896746635437,0.0774019956588745
qwen3_4b_2560d_int8,zh_char,1973,哇,圭,口,ROOT-572D,156,焉,370,0,0,0,1171,焉,236,0,0,0,134,0,0,236,0.622977,0.6712673902511597,0.0482903718948364
qwen3_4b_2560d_int8,zh_char,1974,奎,圭,大,ROOT-572D,5,瞿,9,0,0,1,1171,昆,16,0,0,0,-7,0,0,16,0.8290645,0.7686622738838196,-0.0604022145271301
qwen3_4b_2560d_int8,zh_char,1976,娃,圭,女,ROOT-572D,115,童,460,0,0,0,1171,童,537,0,0,0,-77,0,0,537,0.59867966,0.59597247838974,-0.0027071833610534
qwen3_4b_2560d_int8,zh_char,1977,恚,圭,心,ROOT-572D,59,忌,765,0,0,0,1171,忌,690,0,0,0,75,0,0,690,0.5089323,0.5632911324501038,0.0543588399887084
qwen3_4b_2560d_int8,zh_char,1978,挂,圭,扌,ROOT-572D,202,打,473,0,0,0,1171,未,364,0,0,0,109,0,0,364,0.577627,0.5988020896911621,0.0211750864982604
qwen3_4b_2560d_int8,zh_char,1979,桂,圭,木,ROOT-572D,256,皋,13,0,0,0,1171,蒙,26,0,0,0,-13,0,0,26,0.7880851,0.7612823843955994,-0.0268027186393737
qwen3_4b_2560d_int8,zh_char,1980,洼,圭,氵,ROOT-572D,307,洼,596,0,0,0,1171,洼,570,0,0,0,26,0,0,570,0.5455458,0.5613538026809692,0.0158079862594604
qwen3_4b_2560d_int8,zh_char,1982,烓,圭,火,ROOT-572D,62,奐,162,0,0,0,1171,矍,153,0,0,0,9,0,0,153,0.7046677,0.723246157169342,0.0185784697532653
qwen3_4b_2560d_int8,zh_char,1983,珪,圭,王,ROOT-572D,79,圭,1,1,1,1,1171,翟,3,0,1,1,-2,0,1,3,0.8754014,0.8314354419708252,-0.0439659357070922
qwen3_4b_2560d_int8,zh_char,1984,畦,圭,田,ROOT-572D,12,田,203,0,0,0,1171,田,159,0,0,0,44,0,0,159,0.62266827,0.6532009243965149,0.0305326581001281
qwen3_4b_2560d_int8,zh_char,1985,眭,圭,目,ROOT-572D,59,翟,102,0,0,0,1171,辛,131,0,0,0,-29,0,0,131,0.7489369,0.7261096239089966,-0.0228272676467895
qwen3_4b_2560d_int8,zh_char,1986,窐,圭,穴,ROOT-572D,28,窐,222,0,0,0,1171,窐,253,0,0,0,-31,0,0,253,0.6708183,0.6962225437164307,0.0254042148590087
qwen3_4b_2560d_int8,zh_char,1988,絓,圭,糸,ROOT-572D,170,繭,300,0,0,0,1171,矍,339,0,0,0,-39,0,0,339,0.6726167,0.6972348690032959,0.0246181488037109
qwen3_4b_2560d_int8,zh_char,1989,茥,圭,艹,ROOT-572D,292,茍,224,0,0,0,1171,茲,236,0,0,0,-12,0,0,236,0.6599997,0.6884545087814331,0.0284547805786132
qwen3_4b_2560d_int8,zh_char,1990,蛙,圭,虫,ROOT-572D,139,蚤,244,0,0,0,1171,弗,318,0,0,0,-74,0,0,318,0.5861572,0.6814209818840027,0.0952637791633606
qwen3_4b_2560d_int8,zh_char,1991,街,圭,行,ROOT-572D,6,路,834,0,0,0,1171,路,336,0,0,0,498,0,0,336,0.54262114,0.5886627435684204,0.0460416078567504
qwen3_4b_2560d_int8,zh_char,1992,觟,圭,角,ROOT-572D,13,竘,336,0,0,0,1171,奧,900,0,0,0,-564,0,0,900,0.59600115,0.525972843170166,-0.0700283050537109
qwen3_4b_2560d_int8,zh_char,1993,詿,圭,言,ROOT-572D,155,龠,243,0,0,0,1171,龠,193,0,0,0,50,0,0,193,0.665999,0.7148537635803223,0.0488547682762146
qwen3_4b_2560d_int8,zh_char,1994,邽,圭,阝,ROOT-572D,125,氐,2,0,1,1,1171,圭,1,1,1,1,1,1,0,1,0.8658918,0.8613376021385193,-0.0045542120933532
qwen3_4b_2560d_int8,zh_char,1995,閨,圭,門,ROOT-572D,34,閣,74,0,0,0,1171,窒,111,0,0,0,-37,0,0,111,0.69633585,0.7077951431274414,0.0114592909812927
qwen3_4b_2560d_int8,zh_char,1996,鞋,圭,革,ROOT-572D,32,足,542,0,0,0,1171,足,1003,0,0,0,-461,0,0,1003,0.5313294,0.4944821298122406,-0.0368472635746002
qwen3_4b_2560d_int8,zh_char,2002,僥,堯,亻,ROOT-582F,183,肙,710,0,0,0,1171,肙,709,0,0,0,1,0,0,709,0.5458389,0.5649246573448181,0.0190857648849487
qwen3_4b_2560d_int8,zh_char,2003,嘵,堯,口,ROOT-582F,156,嘗,844,0,0,0,1171,嘗,574,0,0,0,270,0,0,574,0.58798826,0.6699281334877014,0.0819398760795593
qwen3_4b_2560d_int8,zh_char,2004,嬈,堯,女,ROOT-582F,115,矍,859,0,0,0,1171,矍,977,0,0,0,-118,0,0,977,0.55495286,0.5816744565963745,0.0267215967178344
qwen3_4b_2560d_int8,zh_char,2005,嶢,堯,山,ROOT-582F,53,嵒,336,0,0,0,1171,猶,371,0,0,0,-35,0,0,371,0.6802434,0.714141309261322,0.0338979363441467
qwen3_4b_2560d_int8,zh_char,2006,撓,堯,扌,ROOT-582F,202,扐,916,0,0,0,1171,扐,660,0,0,0,256,0,0,660,0.56860244,0.6503579616546631,0.081755518913269
qwen3_4b_2560d_int8,zh_char,2007,曉,堯,日,ROOT-582F,63,朔,266,0,0,0,1171,奚,267,0,0,0,-1,0,0,267,0.6650266,0.6847652196884155,0.0197386145591735
qwen3_4b_2560d_int8,zh_char,2008,橈,堯,木,ROOT-582F,256,木,382,0,0,0,1171,臿,297,0,0,0,85,0,0,297,0.6097183,0.6795153617858887,0.0697970390319824
qwen3_4b_2560d_int8,zh_char,2009,澆,堯,氵,ROOT-582F,307,耤,543,0,0,0,1171,耤,545,0,0,0,-2,0,0,545,0.5699253,0.6089732646942139,0.0390479564666748
qwen3_4b_2560d_int8,zh_char,2010,燒,堯,火,ROOT-582F,62,熏,875,0,0,0,1171,幹,836,0,0,0,39,0,0,836,0.52964294,0.6041316986083984,0.0744887590408325
qwen3_4b_2560d_int8,zh_char,2011,獟,堯,犭,ROOT-582F,44,貍,682,0,0,0,1171,猋,538,0,0,0,144,0,0,538,0.58159083,0.6729722619056702,0.0913814306259155
qwen3_4b_2560d_int8,zh_char,2012,磽,堯,石,ROOT-582F,57,茲,364,0,0,0,1171,茲,392,0,0,0,-28,0,0,392,0.676555,0.7078427672386169,0.0312877893447876
qwen3_4b_2560d_int8,zh_char,2013,繞,堯,糸,ROOT-582F,170,旋,843,0,0,0,1171,旋,766,0,0,0,77,0,0,766,0.58633447,0.6141788363456726,0.0278443694114685
qwen3_4b_2560d_int8,zh_char,2014,翹,堯,羽,ROOT-582F,22,豈,621,0,0,0,1171,豈,821,0,0,0,-200,0,0,821,0.59955,0.6018689870834351,0.0023189783096313
qwen3_4b_2560d_int8,zh_char,2015,膮,堯,肉,ROOT-582F,108,臦,858,0,0,0,1171,嗇,690,0,0,0,168,0,0,690,0.5208466,0.6081575155258179,0.0873109102249145
qwen3_4b_2560d_int8,zh_char,2016,蕘,堯,艹,ROOT-582F,292,胡,625,0,0,0,1171,胡,651,0,0,0,-26,0,0,651,0.6246165,0.6681499481201172,0.043533444404602
qwen3_4b_2560d_int8,zh_char,2017,蟯,堯,虫,ROOT-582F,139,蠆,624,0,0,0,1171,欽,572,0,0,0,52,0,0,572,0.578801,0.6711337566375732,0.0923327803611755
qwen3_4b_2560d_int8,zh_char,2018,譊,堯,言,ROOT-582F,155,彔,376,0,0,0,1171,子,387,0,0,0,-11,0,0,387,0.652437,0.6765458583831787,0.02410888671875
qwen3_4b_2560d_int8,zh_char,2019,趬,堯,走,ROOT-582F,19,疋,689,0,0,0,1171,夆,516,0,0,0,173,0,0,516,0.5568418,0.6491097211837769,0.0922679305076599
qwen3_4b_2560d_int8,zh_char,2020,遶,堯,辶,ROOT-582F,69,輦,592,0,0,0,1171,婁,415,0,0,0,177,0,0,415,0.57888335,0.6233862638473511,0.0445029139518737
qwen3_4b_2560d_int8,zh_char,2021,鐃,堯,釒,ROOT-582F,141,壴,523,0,0,0,1171,隆,629,0,0,0,-106,0,0,629,0.57569915,0.6322983503341675,0.0565991997718811
qwen3_4b_2560d_int8,zh_char,2022,顤,堯,頁,ROOT-582F,45,顛,587,0,0,0,1171,顛,708,0,0,0,-121,0,0,708,0.59782195,0.6341015100479126,0.036279559135437
qwen3_4b_2560d_int8,zh_char,2023,饒,堯,飠,ROOT-582F,38,婁,397,0,0,0,1171,胡,286,0,0,0,111,0,0,286,0.64706904,0.6700830459594727,0.0230140089988708
qwen3_4b_2560d_int8,zh_char,2024,驍,堯,馬,ROOT-582F,65,矍,613,0,0,0,1171,矍,641,0,0,0,-28,0,0,641,0.611761,0.6542965173721313,0.0425355434417724
qwen3_4b_2560d_int8,zh_char,2641,佁,台,亻,ROOT-382F,183,旖,914,0,0,0,1171,乍,810,0,0,0,104,0,0,810,0.57124186,0.6012742519378662,0.0300323963165283
qwen3_4b_2560d_int8,zh_char,2642,冶,台,冫,ROOT-382F,12,牟,754,0,0,0,1171,牟,375,0,0,0,379,0,0,375,0.6141862,0.637575626373291,0.0233893990516662
qwen3_4b_2560d_int8,zh_char,2643,始,台,女,ROOT-382F,115,生,700,0,0,0,1171,先,418,0,0,0,282,0,0,418,0.60480237,0.6084764003753662,0.003674030303955
qwen3_4b_2560d_int8,zh_char,2644,怠,台,心,ROOT-382F,59,乏,979,0,0,0,1171,乏,698,0,0,0,281,0,0,698,0.5108175,0.5720511674880981,0.061233639717102
qwen3_4b_2560d_int8,zh_char,2645,怡,台,忄,ROOT-382F,132,旖,907,0,0,0,1171,旖,658,0,0,0,249,0,0,658,0.52463466,0.5720486640930176,0.0474140048027038
qwen3_4b_2560d_int8,zh_char,2646,枲,台,木,ROOT-382F,256,麻,834,0,0,0,1171,麻,870,0,0,0,-36,0,0,870,0.58150756,0.6266293525695801,0.0451217889785766
qwen3_4b_2560d_int8,zh_char,2647,殆,台,歹,ROOT-382F,17,奄,881,0,0,0,1171,然,707,0,0,0,174,0,0,707,0.6109345,0.622036337852478,0.0111018419265747
qwen3_4b_2560d_int8,zh_char,2648,治,台,氵,ROOT-382F,307,愈,219,0,0,0,1171,愈,213,0,0,0,6,0,0,213,0.5580332,0.5437932014465332,-0.014240026473999
qwen3_4b_2560d_int8,zh_char,2649,炱,台,火,ROOT-382F,62,旃,809,0,0,0,1171,旃,699,0,0,0,110,0,0,699,0.5878861,0.6261352896690369,0.0382491946220397
qwen3_4b_2560d_int8,zh_char,2650,瓵,台,瓦,ROOT-382F,12,壴,654,0,0,0,1171,戊,576,0,0,0,78,0,0,576,0.56200266,0.6764745712280273,0.1144719123840332
qwen3_4b_2560d_int8,zh_char,2651,眙,台,目,ROOT-382F,59,焉,400,0,0,0,1171,宁,216,0,0,0,184,0,0,216,0.66027474,0.6758297085762024,0.0155549645423889
qwen3_4b_2560d_int8,zh_char,2652,笞,台,竹,ROOT-382F,109,刑,798,0,0,0,1171,刑,664,0,0,0,134,0,0,664,0.55775166,0.5803245306015015,0.0225728750228881
qwen3_4b_2560d_int8,zh_char,2653,紿,台,糸,ROOT-382F,170,欺,528,0,0,0,1171,欺,393,0,0,0,135,0,0,393,0.6110027,0.6232713460922241,0.0122686624526977
qwen3_4b_2560d_int8,zh_char,2654,胎,台,肉,ROOT-382F,108,夭,166,0,0,0,1171,夭,109,0,0,0,57,0,0,109,0.60874474,0.652705192565918,0.0439604520797729
qwen3_4b_2560d_int8,zh_char,2655,苔,台,艹,ROOT-382F,292,匍,596,0,0,0,1171,沓,442,0,0,0,154,0,0,442,0.64097685,0.6948708295822144,0.0538939833641052
qwen3_4b_2560d_int8,zh_char,2656,詒,台,言,ROOT-382F,155,韱,837,0,0,0,1171,乂,811,0,0,0,26,0,0,811,0.5650346,0.6178406476974487,0.05280601978302
qwen3_4b_2560d_int8,zh_char,2657,貽,台,貝,ROOT-382F,41,聿,692,0,0,0,1171,乂,690,0,0,0,2,0,0,690,0.57679385,0.6047711372375488,0.0279772877693176
qwen3_4b_2560d_int8,zh_char,2658,邰,台,阝,ROOT-382F,125,氐,281,0,0,0,1171,氐,238,0,0,0,43,0,0,238,0.6896698,0.7093410491943359,0.0196712613105773
qwen3_4b_2560d_int8,zh_char,2659,鈶,台,釒,ROOT-382F,141,鬵,476,0,0,0,1171,戊,391,0,0,0,85,0,0,391,0.627277,0.7099810242652893,0.0827040076255798
qwen3_4b_2560d_int8,zh_char,2660,颱,台,風,ROOT-382F,8,臺,5,0,1,1,1171,臺,2,0,1,1,3,0,0,2,0.7479647,0.7881860733032227,0.0402213931083679
qwen3_4b_2560d_int8,zh_char,2661,飴,台,飠,ROOT-382F,38,丸,629,0,0,0,1171,丸,581,0,0,0,48,0,0,581,0.5656317,0.6055225133895874,0.0398908257484436
qwen3_4b_2560d_int8,zh_char,2662,駘,台,馬,ROOT-382F,65,夗,428,0,0,0,1171,丁,214,0,0,0,214,0,0,214,0.62602824,0.7091691493988037,0.0831409096717834
qwen3_4b_2560d_int8,zh_char,2663,鮐,台,魚,ROOT-382F,58,豚,580,0,0,0,1171,博,586,0,0,0,-6,0,0,586,0.56313,0.6928905248641968,0.1297605037689209
qwen3_4b_2560d_int8,zh_char,2664,齝,台,齒,ROOT-382F,20,臿,717,0,0,0,1171,耒,671,0,0,0,46,0,0,671,0.56584156,0.6732698082923889,0.1074282526969909
qwen3_4b_2560d_int8,zh_char,2707,啻,帝,口,ROOT-5E1D,156,狃,557,0,0,0,1171,斯,303,0,0,0,254,0,0,303,0.66329646,0.6907109618186951,0.0274145007133483
qwen3_4b_2560d_int8,zh_char,2709,啼,帝,口,ROOT-5E1D,156,厥,1029,0,0,0,1171,厥,830,0,0,0,199,0,0,830,0.5227158,0.6051312685012817,0.0824154615402221
qwen3_4b_2560d_int8,zh_char,2710,禘,帝,礻,ROOT-5E1D,40,祭,98,0,0,0,1171,丁,82,0,0,0,16,0,0,82,0.71146417,0.7262688875198364,0.014804720878601
qwen3_4b_2560d_int8,zh_char,2711,締,帝,糸,ROOT-5E1D,170,斂,971,0,0,0,1171,定,767,0,0,0,204,0,0,767,0.5405259,0.6003404855728149,0.0598145723342895
qwen3_4b_2560d_int8,zh_char,2712,蒂,帝,艹,ROOT-5E1D,292,尼,486,0,0,0,1171,斯,282,0,0,0,204,0,0,282,0.66334164,0.6768973469734192,0.0135557055473327
qwen3_4b_2560d_int8,zh_char,2713,諦,帝,言,ROOT-5E1D,155,罷,1031,0,0,0,1171,盡,940,0,0,0,91,0,0,940,0.5449722,0.5988825559616089,0.0539103746414184
qwen3_4b_2560d_int8,zh_char,2714,蹄,帝,𧾷,ROOT-5E1D,68,爪,1071,0,0,0,1171,爪,865,0,0,0,206,0,0,865,0.5158397,0.6211540699005127,0.1053143739700317
qwen3_4b_2560d_int8,zh_char,3503,欄,闌,木,ROOT-67EC,256,閣,15,0,0,0,1171,於,36,0,0,0,-21,0,0,36,0.70343345,0.6877117156982422,-0.0157217383384704
qwen3_4b_2560d_int8,zh_char,3504,瀾,闌,氵,ROOT-67EC,307,闌,1,1,1,1,1171,闌,1,1,1,1,0,0,0,1,0.85405797,0.8736832141876221,0.0196252465248107
qwen3_4b_2560d_int8,zh_char,3505,爛,闌,火,ROOT-67EC,62,賤,20,0,0,0,1171,賤,16,0,0,0,4,0,0,16,0.66679496,0.6783627271652222,0.0115677714347839
qwen3_4b_2560d_int8,zh_char,3506,籣,闌,竹,ROOT-67EC,109,襾,4,0,1,1,1171,闌,1,1,1,1,3,1,0,1,0.7623921,0.7930245399475098,0.0306324362754821
qwen3_4b_2560d_int8,zh_char,3507,蘭,闌,艹,ROOT-67EC,292,蘭,8,0,0,1,1171,蘭,15,0,0,0,-7,0,0,15,0.8301372,0.7813133597373962,-0.0488238334655761
qwen3_4b_2560d_int8,zh_char,3509,襴,闌,衤,ROOT-67EC,70,縕,60,0,0,0,1171,幵,22,0,0,0,38,0,0,22,0.6811935,0.743308961391449,0.0621154904365539
qwen3_4b_2560d_int8,zh_char,3510,讕,闌,言,ROOT-67EC,155,嗇,164,0,0,0,1171,盍,258,0,0,0,-94,0,0,258,0.692984,0.7161335945129395,0.0231496095657348
qwen3_4b_2560d_int8,zh_char,3975,倩,青,亻,ROOT-9752,183,詹,106,0,0,0,1171,詹,66,0,0,0,40,0,0,66,0.694528,0.7121614217758179,0.0176334381103515
qwen3_4b_2560d_int8,zh_char,3976,凊,青,冫,ROOT-9752,12,絜,51,0,0,0,1171,諸,146,0,0,0,-95,0,0,146,0.6851814,0.6801645159721375,-0.0050168633460998
qwen3_4b_2560d_int8,zh_char,3977,婧,青,女,ROOT-9752,115,詹,157,0,0,0,1171,詹,111,0,0,0,46,0,0,111,0.7100745,0.7528067231178284,0.0427322387695312
qwen3_4b_2560d_int8,zh_char,3978,崝,青,山,ROOT-9752,53,恆,364,0,0,0,1171,貞,429,0,0,0,-65,0,0,429,0.63046074,0.6147806644439697,-0.0156800746917724
qwen3_4b_2560d_int8,zh_char,3979,情,青,忄,ROOT-9752,132,感,267,0,0,0,1171,感,135,0,0,0,132,0,0,135,0.5900353,0.6401362419128418,0.0501009225845336
qwen3_4b_2560d_int8,zh_char,3980,晴,青,日,ROOT-9752,63,天,6,0,0,1,1171,天,5,0,1,1,1,0,0,5,0.69446564,0.7046020030975342,0.0101363658905029
qwen3_4b_2560d_int8,zh_char,3981,猜,青,犭,ROOT-9752,44,疑,415,0,0,0,1171,卜,359,0,0,0,56,0,0,359,0.60733056,0.6021720170974731,-0.0051585435867309
qwen3_4b_2560d_int8,zh_char,3982,睛,青,目,ROOT-9752,59,見,45,0,0,0,1171,見,67,0,0,0,-22,0,0,67,0.6518594,0.7246193885803223,0.072759985923767
qwen3_4b_2560d_int8,zh_char,3983,精,青,米,ROOT-9752,27,尚,103,0,0,0,1171,尚,101,0,0,0,2,0,0,101,0.67666215,0.6712404489517212,-0.0054216980934143
qwen3_4b_2560d_int8,zh_char,3984,綪,青,糸,ROOT-9752,170,縕,360,0,0,0,1171,孫,443,0,0,0,-83,0,0,443,0.64946693,0.7009575366973877,0.0514906048774719
qwen3_4b_2560d_int8,zh_char,3985,菁,青,艹,ROOT-9752,292,甄,20,0,0,0,1171,俊,22,0,0,0,-2,0,0,22,0.79242635,0.792730450630188,0.000304102897644
qwen3_4b_2560d_int8,zh_char,3986,蜻,青,虫,ROOT-9752,139,雉,199,0,0,0,1171,燕,70,0,0,0,129,0,0,70,0.63833886,0.7623586058616638,0.1240197420120239
qwen3_4b_2560d_int8,zh_char,3987,請,青,言,ROOT-9752,155,於,281,0,0,0,1171,將,162,0,0,0,119,0,0,162,0.6632557,0.6794923543930054,0.016236662864685
qwen3_4b_2560d_int8,zh_char,3988,錆,青,釒,ROOT-9752,141,鹵,248,0,0,0,1171,伏,104,0,0,0,144,0,0,104,0.6247688,0.6837749481201172,0.0590061545372009
qwen3_4b_2560d_int8,zh_char,3989,靖,青,立,ROOT-9752,6,詹,303,0,0,0,1171,甄,341,0,0,0,-38,0,0,341,0.67183805,0.6616231203079224,-0.0102149248123168
qwen3_4b_2560d_int8,zh_char,3990,靚,青,見,ROOT-9752,11,麗,79,0,0,0,1171,秀,122,0,0,0,-43,0,0,122,0.67215425,0.6394331455230713,-0.0327211022377014
qwen3_4b_2560d_int8,zh_char,3992,鯖,青,魚,ROOT-9752,58,魚,277,0,0,0,1171,各,254,0,0,0,23,0,0,254,0.60336906,0.7173360586166382,0.1139670014381408
qwen3_4b_2560d_int8,zh_char,4753,涂,余,氵,ROOT-4F59,307,涂,326,0,0,0,1171,涂,256,0,0,0,70,0,0,256,0.5783581,0.5852587819099426,0.006900668144226
qwen3_4b_2560d_int8,zh_char,4755,徐,余,彳,ROOT-4F59,18,胥,84,0,0,0,1171,胥,71,0,0,0,13,0,0,71,0.73319566,0.7014069557189941,-0.0317887067794799
qwen3_4b_2560d_int8,zh_char,4756,悆,余,心,ROOT-4F59,59,弘,84,0,0,0,1171,弘,74,0,0,0,10,0,0,74,0.6710588,0.6883401274681091,0.0172813534736633
qwen3_4b_2560d_int8,zh_char,4758,斜,余,斗,ROOT-4F59,6,垂,78,0,0,0,1171,垂,120,0,0,0,-42,0,0,120,0.66812074,0.5999122858047485,-0.0682084560394287
qwen3_4b_2560d_int8,zh_char,4760,畬,余,田,ROOT-4F59,12,臧,13,0,0,0,1171,臧,4,0,1,1,9,0,0,4,0.78605604,0.8066278696060181,0.0205718278884887
qwen3_4b_2560d_int8,zh_char,4761,稌,余,禾,ROOT-4F59,46,谷,371,0,0,0,1171,柰,225,0,0,0,146,0,0,225,0.6634769,0.7256850004196167,0.0622081160545349
qwen3_4b_2560d_int8,zh_char,4762,筡,余,竹,ROOT-4F59,109,筍,260,0,0,0,1171,奈,51,0,0,0,209,0,0,51,0.6676088,0.739554762840271,0.0719459652900695
qwen3_4b_2560d_int8,zh_char,4763,艅,余,舟,ROOT-4F59,15,弋,194,0,0,0,1171,奈,33,0,0,0,161,0,0,33,0.73196656,0.7953751087188721,0.0634085536003112
qwen3_4b_2560d_int8,zh_char,4764,荼,余,艹,ROOT-4F59,292,麻,238,0,0,0,1171,熏,103,0,0,0,135,0,0,103,0.655259,0.7014453411102295,0.0461863279342651
qwen3_4b_2560d_int8,zh_char,4765,蜍,余,虫,ROOT-4F59,139,蚤,376,0,0,0,1171,鹿,42,0,0,0,334,0,0,42,0.58570254,0.7534952163696289,0.1677926778793335
qwen3_4b_2560d_int8,zh_char,4766,途,余,辶,ROOT-4F59,69,道,80,0,0,0,1171,道,74,0,0,0,6,0,0,74,0.67609644,0.702272355556488,0.0261759161949157
qwen3_4b_2560d_int8,zh_char,4767,酴,余,酉,ROOT-4F59,34,卉,103,0,0,0,1171,卉,47,0,0,0,56,0,0,47,0.68189824,0.7210690975189209,0.0391708612442016
qwen3_4b_2560d_int8,zh_char,4768,除,余,阝,ROOT-4F59,125,除,22,0,0,0,1171,除,41,0,0,0,-19,0,0,41,0.72599566,0.6969010233879089,-0.0290946364402771
qwen3_4b_2560d_int8,zh_char,4772,餘,余,飠,ROOT-4F59,38,余,1,1,1,1,1171,余,1,1,1,1,0,0,0,1,0.88715124,0.875950813293457,-0.0112004280090332
qwen3_4b_2560d_int8,zh_char,4773,駼,余,馬,ROOT-4F59,65,狊,545,0,0,0,1171,兌,274,0,0,0,271,0,0,274,0.572994,0.7147062420845032,0.1417122483253479
qwen3_4b_2560d_int8,zh_char,5032,裖,辰,衤,ROOT-8FB0,70,縕,316,0,0,0,1171,縕,267,0,0,0,49,0,0,267,0.6032878,0.6956456303596497,0.0923578143119812
qwen3_4b_2560d_int8,zh_char,5096,侲,辰,亻,ROOT-8FB0,183,厤,41,0,0,0,1171,耒,25,0,0,0,16,0,0,25,0.7159461,0.7265284061431885,0.0105823278427124
qwen3_4b_2560d_int8,zh_char,5097,唇,辰,口,ROOT-8FB0,156,觜,314,0,0,0,1171,脣,114,0,0,0,200,0,0,114,0.54118156,0.5890277624130249,0.0478461980819702
qwen3_4b_2560d_int8,zh_char,5098,娠,辰,女,ROOT-8FB0,115,生,355,0,0,0,1171,生,588,0,0,0,-233,0,0,588,0.56783676,0.5561344623565674,-0.0117022991180419
qwen3_4b_2560d_int8,zh_char,5099,宸,辰,宀,ROOT-8FB0,27,辰,1,1,1,1,1171,辰,1,1,1,1,0,0,0,1,0.8644457,0.8656274080276489,0.0011817216873168
qwen3_4b_2560d_int8,zh_char,5100,振,辰,扌,ROOT-8FB0,202,折,318,0,0,0,1171,伏,167,0,0,0,151,0,0,167,0.6582659,0.6815029382705688,0.0232370495796203
qwen3_4b_2560d_int8,zh_char,5101,晨,辰,日,ROOT-8FB0,63,晨,16,0,0,0,1171,晨,52,0,0,0,-36,0,0,52,0.67617685,0.6762304902076721,5.364418029785156e-05
qwen3_4b_2560d_int8,zh_char,5103,祳,辰,礻,ROOT-8FB0,40,鬳,125,0,0,0,1171,鬳,157,0,0,0,-32,0,0,157,0.68703425,0.6742005348205566,-0.0128337144851684
qwen3_4b_2560d_int8,zh_char,5104,脣,辰,肉,ROOT-8FB0,108,脣,133,0,0,0,1171,脣,90,0,0,0,43,0,0,90,0.63385236,0.6897192597389221,0.0558668971061706
qwen3_4b_2560d_int8,zh_char,5106,蜃,辰,虫,ROOT-8FB0,139,犀,94,0,0,0,1171,狄,175,0,0,0,-81,0,0,175,0.6917185,0.7145589590072632,0.0228404402732849
qwen3_4b_2560d_int8,zh_char,5107,賑,辰,貝,ROOT-8FB0,41,畀,153,0,0,0,1171,辟,204,0,0,0,-51,0,0,204,0.67282987,0.6899843215942383,0.0171544551849365
qwen3_4b_2560d_int8,zh_char,5108,震,辰,雨,ROOT-8FB0,25,雷,132,0,0,0,1171,晃,326,0,0,0,-194,0,0,326,0.63265216,0.5896279215812683,-0.0430242419242858
qwen3_4b_2560d_int8,zh_char,5109,麎,辰,鹿,ROOT-8FB0,10,彔,63,0,0,0,1171,彔,135,0,0,0,-72,0,0,135,0.70962894,0.678045392036438,-0.031583547592163
qwen3_4b_2560d_int8,zh_char,5479,掂,店,扌,ROOT-5360,202,斤,1049,0,0,0,1171,斤,1067,0,0,0,-18,0,0,1067,0.5486535,0.5612818002700806,0.0126283168792724
qwen3_4b_2560d_int8,zh_char,5480,惦,店,忄,ROOT-5360,132,念,988,0,0,0,1171,念,719,0,0,0,269,0,0,719,0.5145148,0.5787349939346313,0.0642201900482177
