model,relation_class,matched_edges,mean_offset_cosine_a,mean_offset_cosine_b,mean_residual_anchor_cosine_a,mean_residual_anchor_cosine_b,channel_a,channel_b,subset_id,mean_offset_cosine_c,mean_residual_anchor_cosine_c,channel_c
bge_m3_1024d,㫃,13,0.344563921340383,0.2754159280313895,0.4784000882735619,0.5208815725950094,zh_char,en_gloss_unihan,zh_char__INTERSECT__en_gloss_unihan,,,
bge_m3_1024d,䖵,4,-0.2313269479200244,0.07047744514420624,0.26670291740447283,0.36778702586889267,zh_char,en_gloss_unihan,zh_char__INTERSECT__en_gloss_unihan,,,
bge_m3_1024d,亻,187,0.1424901779955203,0.09186475633837798,0.4807900826242518,0.5583350361987232,zh_char,en_gloss_unihan,zh_char__INTERSECT__en_gloss_unihan,,,
bge_m3_1024d,冫,13,0.08668518109390365,0.22765759679560474,0.3836455436853262,0.5034057452128484,zh_char,en_gloss_unihan,zh_char__INTERSECT__en_gloss_unihan,,,
bge_m3_1024d,刂,33,0.14959644187580456,0.23252353932934275,0.4605148696538174,0.5518419408436978,zh_char,en_gloss_unihan,zh_char__INTERSECT__en_gloss_unihan,,,
bge_m3_1024d,力,23,0.0770266785326859,0.18300053736437918,0.45199540775755176,0.562536235736764,zh_char,en_gloss_unihan,zh_char__INTERSECT__en_gloss_unihan,,,
bge_m3_1024d,匚,8,0.17120105726644397,0.10316217970103021,0.44617388397455215,0.4073162078857422,zh_char,en_gloss_unihan,zh_char__INTERSECT__en_gloss_unihan,,,
bge_m3_1024d,口,164,0.18178187010855207,0.21555218939305984,0.4731737435227487,0.5396517636935886,zh_char,en_gloss_unihan,zh_char__INTERSECT__en_gloss_unihan,,,
bge_m3_1024d,囗,11,0.1360182484442537,0.17469015116380018,0.4506267580119046,0.5624512434005737,zh_char,en_gloss_unihan,zh_char__INTERSECT__en_gloss_unihan,,,
bge_m3_1024d,土,89,0.15531902524297322,0.17585616738776141,0.4517337616240041,0.5293025625555703,zh_char,en_gloss_unihan,zh_char__INTERSECT__en_gloss_unihan,,,
bge_m3_1024d,大,6,0.03477208316326138,0.14712623693048948,0.5343295385440191,0.5094785839319229,zh_char,en_gloss_unihan,zh_char__INTERSECT__en_gloss_unihan,,,
bge_m3_1024d,女,102,0.19832780870481154,0.20831593232430223,0.46326887928972055,0.525247255376741,zh_char,en_gloss_unihan,zh_char__INTERSECT__en_gloss_unihan,,,
bge_m3_1024d,子,6,-0.03631869579354915,0.10159712471067904,0.33795275290807086,0.3875449647506078,zh_char,en_gloss_unihan,zh_char__INTERSECT__en_gloss_unihan,,,
bge_m3_1024d,宀,27,0.04541702202900689,0.0904162980754066,0.4160071854238157,0.5076090649322227,zh_char,en_gloss_unihan,zh_char__INTERSECT__en_gloss_unihan,,,
bge_m3_1024d,尸,9,0.016234565940168182,0.029943613645931053,0.3532976077662574,0.46606482399834526,zh_char,en_gloss_unihan,zh_char__INTERSECT__en_gloss_unihan,,,
bge_m3_1024d,山,51,0.17978731785700017,0.2453408531077644,0.4737492469595928,0.5375243068910113,zh_char,en_gloss_unihan,zh_char__INTERSECT__en_gloss_unihan,,,
bge_m3_1024d,巾,30,0.16160155975570278,0.2771241823832194,0.4350245952606201,0.5365012397368749,zh_char,en_gloss_unihan,zh_char__INTERSECT__en_gloss_unihan,,,
bge_m3_1024d,广,35,0.10736047642837675,0.1087348078909729,0.4584967966590609,0.5548307452883039,zh_char,en_gloss_unihan,zh_char__INTERSECT__en_gloss_unihan,,,
bge_m3_1024d,弓,13,0.07798588404861781,0.2014602319552348,0.4297994398153745,0.4814920792212853,zh_char,en_gloss_unihan,zh_char__INTERSECT__en_gloss_unihan,,,
bge_m3_1024d,彡,7,-0.03936961572617288,0.0015586987137794436,0.3721220110143934,0.49230304786137175,zh_char,en_gloss_unihan,zh_char__INTERSECT__en_gloss_unihan,,,
bge_m3_1024d,彳,17,0.12429942059166288,0.13475858392741746,0.4040980093619403,0.5588055480928982,zh_char,en_gloss_unihan,zh_char__INTERSECT__en_gloss_unihan,,,
bge_m3_1024d,心,56,0.15855712182487225,0.21999609995899452,0.4605769956750529,0.5399370076400893,zh_char,en_gloss_unihan,zh_char__INTERSECT__en_gloss_unihan,,,
bge_m3_1024d,忄,125,0.20516433525085445,0.25870803937688464,0.47386136281490326,0.5622149381637573,zh_char,en_gloss_unihan,zh_char__INTERSECT__en_gloss_unihan,,,
bge_m3_1024d,戈,11,0.0874588961967013,0.13986813903532241,0.4629594331437891,0.49490375410426746,zh_char,en_gloss_unihan,zh_char__INTERSECT__en_gloss_unihan,,,
bge_m3_1024d,戶,4,0.11356619629077615,0.1555589977651834,0.3869850635528564,0.41302334517240524,zh_char,en_gloss_unihan,zh_char__INTERSECT__en_gloss_unihan,,,
bge_m3_1024d,手,10,0.21661156099289655,0.16426458284258838,0.4339557021856308,0.5449007123708725,zh_char,en_gloss_unihan,zh_char__INTERSECT__en_gloss_unihan,,,
bge_m3_1024d,扌,203,0.1681354726926226,0.2096807481858677,0.4572384620241344,0.5672054694497527,zh_char,en_gloss_unihan,zh_char__INTERSECT__en_gloss_unihan,,,
bge_m3_1024d,攵,19,0.09679974546950114,0.030199933110883356,0.44156265729352046,0.564654656146702,zh_char,en_gloss_unihan,zh_char__INTERSECT__en_gloss_unihan,,,
bge_m3_1024d,斗,7,-0.03759463024990895,0.024363299698701938,0.4097633830138615,0.43581182190350126,zh_char,en_gloss_unihan,zh_char__INTERSECT__en_gloss_unihan,,,
bge_m3_1024d,斤,4,-0.055951440706849105,0.17967945523560044,0.4025006368756294,0.5005160272121429,zh_char,en_gloss_unihan,zh_char__INTERSECT__en_gloss_unihan,,,
bge_m3_1024d,日,64,0.14175020965922158,0.20001325077464568,0.45154886273667216,0.5673292949795723,zh_char,en_gloss_unihan,zh_char__INTERSECT__en_gloss_unihan,,,
bge_m3_1024d,月,8,0.1453043483197689,0.1322530038887635,0.48314519599080086,0.44288238510489464,zh_char,en_gloss_unihan,zh_char__INTERSECT__en_gloss_unihan,,,
bge_m3_1024d,木,255,0.23116592023996452,0.2116131683081096,0.46686200423567903,0.5164073024310317,zh_char,en_gloss_unihan,zh_char__INTERSECT__en_gloss_unihan,,,
bge_m3_1024d,林,5,0.02271720618009566,0.04620848186314104,0.39176448434591293,0.4335739493370056,zh_char,en_gloss_unihan,zh_char__INTERSECT__en_gloss_unihan,,,
bge_m3_1024d,欠,25,0.15770098112523553,0.10534527722746131,0.45438869297504425,0.48312130212783816,zh_char,en_gloss_unihan,zh_char__INTERSECT__en_gloss_unihan,,,
bge_m3_1024d,歹,17,0.16324447435052952,0.23418353125452995,0.41838024994906253,0.5405523216023165,zh_char,en_gloss_unihan,zh_char__INTERSECT__en_gloss_unihan,,,
bge_m3_1024d,毛,9,0.1352672678314977,0.13544033012456358,0.366465750667784,0.5115810963842604,zh_char,en_gloss_unihan,zh_char__INTERSECT__en_gloss_unihan,,,
bge_m3_1024d,水,4,0.07899888604879375,0.11030311509966848,0.4005666822195053,0.46124108135700226,zh_char,en_gloss_unihan,zh_char__INTERSECT__en_gloss_unihan,,,
bge_m3_1024d,氵,316,0.17469001583507449,0.23878374101028219,0.4588777242770678,0.5370440869768963,zh_char,en_gloss_unihan,zh_char__INTERSECT__en_gloss_unihan,,,
bge_m3_1024d,火,60,0.16321591089169182,0.23861651436115303,0.4557759736975034,0.5587334637840589,zh_char,en_gloss_unihan,zh_char__INTERSECT__en_gloss_unihan,,,
bge_m3_1024d,牜,14,0.14537008675480528,0.1258513628106032,0.45135720499924253,0.5105700812169484,zh_char,en_gloss_unihan,zh_char__INTERSECT__en_gloss_unihan,,,
bge_m3_1024d,犬,5,0.005191357433795896,-0.061187630146741855,0.41299445033073423,0.5104927897453309,zh_char,en_gloss_unihan,zh_char__INTERSECT__en_gloss_unihan,,,
bge_m3_1024d,犭,39,0.14974773882959896,0.1657547322221291,0.5050328137018741,0.4759103273734068,zh_char,en_gloss_unihan,zh_char__INTERSECT__en_gloss_unihan,,,
bge_m3_1024d,王,78,0.2064074627840175,0.3411433283263483,0.506843293706576,0.5375803728134204,zh_char,en_gloss_unihan,zh_char__INTERSECT__en_gloss_unihan,,,
bge_m3_1024d,瓦,7,0.32580341026186943,0.31813915925366537,0.42377371873174396,0.5442134652818952,zh_char,en_gloss_unihan,zh_char__INTERSECT__en_gloss_unihan,,,
bge_m3_1024d,田,13,0.1455453256718241,0.14644616168852032,0.4012938841031148,0.49272815997783953,zh_char,en_gloss_unihan,zh_char__INTERSECT__en_gloss_unihan,,,
bge_m3_1024d,疒,73,0.25690016568931817,0.292194538379777,0.46432454986115024,0.5338529699469265,zh_char,en_gloss_unihan,zh_char__INTERSECT__en_gloss_unihan,,,
bge_m3_1024d,白,7,0.0524686707981995,0.23645220484052384,0.37927777426583426,0.5557828119822911,zh_char,en_gloss_unihan,zh_char__INTERSECT__en_gloss_unihan,,,
bge_m3_1024d,皿,11,0.10302899523892184,0.12922695312987673,0.41803734681823035,0.5504192005504261,zh_char,en_gloss_unihan,zh_char__INTERSECT__en_gloss_unihan,,,
bge_m3_1024d,目,51,0.21859981441030316,0.2959338935712973,0.48587478872607737,0.5471623399678398,zh_char,en_gloss_unihan,zh_char__INTERSECT__en_gloss_unihan,,,
bge_m3_1024d,矢,6,0.14610807349284488,0.00979625868300595,0.36665024360020954,0.5105157792568207,zh_char,en_gloss_unihan,zh_char__INTERSECT__en_gloss_unihan,,,
bge_m3_1024d,石,56,0.21231405992460034,0.19812082223195046,0.4574263910097735,0.5398713956986155,zh_char,en_gloss_unihan,zh_char__INTERSECT__en_gloss_unihan,,,
bge_m3_1024d,示,5,0.10632574539631608,0.061658608913421585,0.4093066155910492,0.43888506293296814,zh_char,en_gloss_unihan,zh_char__INTERSECT__en_gloss_unihan,,,
bge_m3_1024d,礻,36,0.1547890674943725,0.229947459935728,0.47056737086839145,0.5443785654173957,zh_char,en_gloss_unihan,zh_char__INTERSECT__en_gloss_unihan,,,
bge_m3_1024d,禾,44,0.21251827031797307,0.18326536011458797,0.47654255987568334,0.5419591543349352,zh_char,en_gloss_unihan,zh_char__INTERSECT__en_gloss_unihan,,,
bge_m3_1024d,穴,27,0.1487216088161976,0.17638953383667047,0.42970763202066775,0.5363717167465775,zh_char,en_gloss_unihan,zh_char__INTERSECT__en_gloss_unihan,,,
bge_m3_1024d,立,5,-0.20584955252707005,0.01512278988957402,0.3515568315982819,0.5014204800128936,zh_char,en_gloss_unihan,zh_char__INTERSECT__en_gloss_unihan,,,
bge_m3_1024d,竹,105,0.21432890845019192,0.27749550509310905,0.44633044373421443,0.5311660323824201,zh_char,en_gloss_unihan,zh_char__INTERSECT__en_gloss_unihan,,,
bge_m3_1024d,米,26,0.20565593457565853,0.24785415172720182,0.44062865066986817,0.5255682445489444,zh_char,en_gloss_unihan,zh_char__INTERSECT__en_gloss_unihan,,,
bge_m3_1024d,糸,160,0.2161144135519862,0.20429343608557246,0.4570280254818499,0.5470889342948795,zh_char,en_gloss_unihan,zh_char__INTERSECT__en_gloss_unihan,,,
bge_m3_1024d,罒,5,0.1993250846862793,0.21740015447139735,0.32124353051185606,0.4654568791389465,zh_char,en_gloss_unihan,zh_char__INTERSECT__en_gloss_unihan,,,
bge_m3_1024d,羊,8,0.04181939549744127,0.20623759320005772,0.6029886454343796,0.432869616895914,zh_char,en_gloss_unihan,zh_char__INTERSECT__en_gloss_unihan,,,
bge_m3_1024d,羽,20,0.2255279822740704,0.19150780849158763,0.4641634181141853,0.5253003478050232,zh_char,en_gloss_unihan,zh_char__INTERSECT__en_gloss_unihan,,,
bge_m3_1024d,耒,7,0.07746181317738121,0.1344357516084398,0.3560691177845001,0.48308633055005756,zh_char,en_gloss_unihan,zh_char__INTERSECT__en_gloss_unihan,,,
bge_m3_1024d,耳,9,0.03628577954239317,0.10075989696714611,0.43272881044281847,0.4961249795224931,zh_char,en_gloss_unihan,zh_char__INTERSECT__en_gloss_unihan,,,
bge_m3_1024d,肉,106,0.17117201756545392,0.21501258783534447,0.4379345698738998,0.51984319006497,zh_char,en_gloss_unihan,zh_char__INTERSECT__en_gloss_unihan,,,
bge_m3_1024d,舟,16,0.26873053051531315,0.38089389353990555,0.40581428073346615,0.5322024896740913,zh_char,en_gloss_unihan,zh_char__INTERSECT__en_gloss_unihan,,,
bge_m3_1024d,艹,270,0.20738657866949559,0.23706063596462762,0.46972450963049023,0.5181946987355197,zh_char,en_gloss_unihan,zh_char__INTERSECT__en_gloss_unihan,,,
bge_m3_1024d,虫,124,0.26978450462657716,0.3238799450919032,0.46677374226912377,0.5206329964341656,zh_char,en_gloss_unihan,zh_char__INTERSECT__en_gloss_unihan,,,
bge_m3_1024d,血,4,0.4505877420306206,0.1505768783390522,0.5785947740077972,0.49747269600629807,zh_char,en_gloss_unihan,zh_char__INTERSECT__en_gloss_unihan,,,
bge_m3_1024d,行,7,0.07780938781797883,0.10392120161226813,0.4183362637247358,0.5001534180981773,zh_char,en_gloss_unihan,zh_char__INTERSECT__en_gloss_unihan,,,
bge_m3_1024d,衣,18,0.14293406383755303,0.1884406610495514,0.4263625525765949,0.5344510326782862,zh_char,en_gloss_unihan,zh_char__INTERSECT__en_gloss_unihan,,,
bge_m3_1024d,衤,57,0.25866645001071065,0.25093360429858425,0.47767639042515503,0.530109059915208,zh_char,en_gloss_unihan,zh_char__INTERSECT__en_gloss_unihan,,,
bge_m3_1024d,見,8,0.09875480690971015,0.08569196914322671,0.48224252462387085,0.5240004509687424,zh_char,en_gloss_unihan,zh_char__INTERSECT__en_gloss_unihan,,,
bge_m3_1024d,角,9,0.3135231439438131,0.12179558993213702,0.5633980267577701,0.41716840200954014,zh_char,en_gloss_unihan,zh_char__INTERSECT__en_gloss_unihan,,,
bge_m3_1024d,言,150,0.20588441268851357,0.18585339019695915,0.475522980093956,0.564100828965505,zh_char,en_gloss_unihan,zh_char__INTERSECT__en_gloss_unihan,,,
bge_m3_1024d,豕,6,0.4669003135835131,0.4297132467230161,0.4986964116493861,0.5090854664643606,zh_char,en_gloss_unihan,zh_char__INTERSECT__en_gloss_unihan,,,
bge_m3_1024d,豸,12,0.23479592055082318,0.20249425930281476,0.4404075046380361,0.49071111778418225,zh_char,en_gloss_unihan,zh_char__INTERSECT__en_gloss_unihan,,,
bge_m3_1024d,貝,44,0.1563599421219392,0.199467527129772,0.4432173201983625,0.5664922540838068,zh_char,en_gloss_unihan,zh_char__INTERSECT__en_gloss_unihan,,,
bge_m3_1024d,走,16,0.11175258690491319,0.059493157663382576,0.5053755985572934,0.4707810617983341,zh_char,en_gloss_unihan,zh_char__INTERSECT__en_gloss_unihan,,,
bge_m3_1024d,車,53,0.29076637247717885,0.24096160642099826,0.46877827790548215,0.5146052854241066,zh_char,en_gloss_unihan,zh_char__INTERSECT__en_gloss_unihan,,,
bge_m3_1024d,辶,69,0.09280912889896527,0.17914205152487406,0.45389796858248505,0.5414460383463597,zh_char,en_gloss_unihan,zh_char__INTERSECT__en_gloss_unihan,,,
bge_m3_1024d,酉,32,0.19629410834750158,0.25920412817504257,0.48779732920229435,0.5316467527300119,zh_char,en_gloss_unihan,zh_char__INTERSECT__en_gloss_unihan,,,
bge_m3_1024d,釒,136,0.22121465400628304,0.19206489435643612,0.4893307782271329,0.5290640277021071,zh_char,en_gloss_unihan,zh_char__INTERSECT__en_gloss_unihan,,,
bge_m3_1024d,門,31,0.3160009972390629,0.1614397741373508,0.48909544079534467,0.5365661911426052,zh_char,en_gloss_unihan,zh_char__INTERSECT__en_gloss_unihan,,,
bge_m3_1024d,阝,118,0.30106003051308,0.27714387474234325,0.47211837010868524,0.5127825178837372,zh_char,en_gloss_unihan,zh_char__INTERSECT__en_gloss_unihan,,,
bge_m3_1024d,隹,14,0.08794352864580494,0.05557661955910069,0.426129013299942,0.4772230514458248,zh_char,en_gloss_unihan,zh_char__INTERSECT__en_gloss_unihan,,,
bge_m3_1024d,雨,26,0.1696858155326201,0.24309659204803977,0.4525608913256572,0.5469934630852479,zh_char,en_gloss_unihan,zh_char__INTERSECT__en_gloss_unihan,,,
bge_m3_1024d,革,30,0.23770717140287162,0.2864862541357676,0.4655610208710035,0.5401153266429901,zh_char,en_gloss_unihan,zh_char__INTERSECT__en_gloss_unihan,,,
bge_m3_1024d,韋,8,0.27714033983647823,0.1895948071032762,0.5905142836272717,0.42947398126125336,zh_char,en_gloss_unihan,zh_char__INTERSECT__en_gloss_unihan,,,
bge_m3_1024d,頁,42,0.15166648801061366,0.10972640581340305,0.45737573717321667,0.5306596436670848,zh_char,en_gloss_unihan,zh_char__INTERSECT__en_gloss_unihan,,,
bge_m3_1024d,風,9,0.07693844764596885,0.33221767842769623,0.48865900105900234,0.6143375436464945,zh_char,en_gloss_unihan,zh_char__INTERSECT__en_gloss_unihan,,,
bge_m3_1024d,食,5,0.07590163201093673,0.07127289287745953,0.40077015459537507,0.5019644141197205,zh_char,en_gloss_unihan,zh_char__INTERSECT__en_gloss_unihan,,,
bge_m3_1024d,飠,36,0.23318972485139966,0.24920912086963648,0.4918031150268184,0.5311014677087466,zh_char,en_gloss_unihan,zh_char__INTERSECT__en_gloss_unihan,,,
bge_m3_1024d,馬,57,0.2662172513572793,0.2474027904763556,0.5272100552132255,0.5210787016048766,zh_char,en_gloss_unihan,zh_char__INTERSECT__en_gloss_unihan,,,
bge_m3_1024d,骨,13,0.24034435817828542,0.23210661070278055,0.47971551693402803,0.4880555272102356,zh_char,en_gloss_unihan,zh_char__INTERSECT__en_gloss_unihan,,,
bge_m3_1024d,髟,16,0.29743583232630044,0.22223810071591285,0.4299078765325248,0.6006681248545647,zh_char,en_gloss_unihan,zh_char__INTERSECT__en_gloss_unihan,,,
bge_m3_1024d,鬼,11,0.13596485758369617,0.24393925875086675,0.4867951436476274,0.5092039108276367,zh_char,en_gloss_unihan,zh_char__INTERSECT__en_gloss_unihan,,,
bge_m3_1024d,魚,48,0.4238700866699219,0.3766268463805318,0.5146167386944095,0.5298589101682106,zh_char,en_gloss_unihan,zh_char__INTERSECT__en_gloss_unihan,,,
bge_m3_1024d,鳥,62,0.2866534447718051,0.29504385425318636,0.5299105536072485,0.5121990644162701,zh_char,en_gloss_unihan,zh_char__INTERSECT__en_gloss_unihan,,,
bge_m3_1024d,鹿,7,0.3026272090417998,0.17932818883231708,0.4459131062030792,0.4317667654582432,zh_char,en_gloss_unihan,zh_char__INTERSECT__en_gloss_unihan,,,
bge_m3_1024d,麥,4,-0.013749355450272577,0.10319664329290391,0.29745591757819057,0.4812280684709549,zh_char,en_gloss_unihan,zh_char__INTERSECT__en_gloss_unihan,,,
bge_m3_1024d,黑,17,0.25289110379183993,0.2101105460349251,0.46376317213563356,0.5407056773410124,zh_char,en_gloss_unihan,zh_char__INTERSECT__en_gloss_unihan,,,
bge_m3_1024d,鼓,4,0.5949114859104156,0.4842997267842293,0.523162305355072,0.5045303329825401,zh_char,en_gloss_unihan,zh_char__INTERSECT__en_gloss_unihan,,,
bge_m3_1024d,鼠,5,0.45796013474464414,0.16820504963397975,0.4798483192920685,0.48489071130752565,zh_char,en_gloss_unihan,zh_char__INTERSECT__en_gloss_unihan,,,
bge_m3_1024d,齒,16,0.5120077026076615,0.31611964944750065,0.5481538644526154,0.500520246103406,zh_char,en_gloss_unihan,zh_char__INTERSECT__en_gloss_unihan,,,
bge_m3_1024d,𧾷,65,0.2247117946927364,0.2545776212444672,0.4481766909360886,0.557234832415214,zh_char,en_gloss_unihan,zh_char__INTERSECT__en_gloss_unihan,,,
gte_multilingual_base_768d,㫃,13,0.3761220696883706,0.3022217799264651,0.6963553336950449,0.5538221551821783,zh_char,en_gloss_unihan,zh_char__INTERSECT__en_gloss_unihan,,,
gte_multilingual_base_768d,䖵,4,-0.18108693603426218,0.2190313376486301,0.6007851362228394,0.476812407374382,zh_char,en_gloss_unihan,zh_char__INTERSECT__en_gloss_unihan,,,
gte_multilingual_base_768d,亻,187,0.14856385307655454,0.07948311813982491,0.6921174886392399,0.5749312207341831,zh_char,en_gloss_unihan,zh_char__INTERSECT__en_gloss_unihan,,,
gte_multilingual_base_768d,冫,13,0.16848630042603382,0.19133840730557075,0.649555293413309,0.5219871172538171,zh_char,en_gloss_unihan,zh_char__INTERSECT__en_gloss_unihan,,,
gte_multilingual_base_768d,刂,33,0.16852587742279423,0.23012910297874245,0.6930936990362225,0.575854323127053,zh_char,en_gloss_unihan,zh_char__INTERSECT__en_gloss_unihan,,,
gte_multilingual_base_768d,力,23,0.06457551544451194,0.17372655933317926,0.6549465915431147,0.5716893323089766,zh_char,en_gloss_unihan,zh_char__INTERSECT__en_gloss_unihan,,,
gte_multilingual_base_768d,匚,8,0.20972216641530395,0.050137121230363825,0.6431616917252541,0.4428783468902111,zh_char,en_gloss_unihan,zh_char__INTERSECT__en_gloss_unihan,,,
gte_multilingual_base_768d,口,164,0.21565534543564038,0.22284806614582672,0.6934761263248397,0.5649100980017243,zh_char,en_gloss_unihan,zh_char__INTERSECT__en_gloss_unihan,,,
gte_multilingual_base_768d,囗,11,0.1961334237659519,0.17483656370842995,0.67437528480183,0.5631685744632374,zh_char,en_gloss_unihan,zh_char__INTERSECT__en_gloss_unihan,,,
gte_multilingual_base_768d,土,89,0.18623118485543835,0.17876608376757477,0.6861650099915065,0.5655095831731732,zh_char,en_gloss_unihan,zh_char__INTERSECT__en_gloss_unihan,,,
gte_multilingual_base_768d,大,6,0.006539900787174701,0.05274032801389692,0.6515154540538788,0.5144638766845068,zh_char,en_gloss_unihan,zh_char__INTERSECT__en_gloss_unihan,,,
gte_multilingual_base_768d,女,102,0.19846959184745655,0.18297717204390493,0.6917687479187461,0.556073784828186,zh_char,en_gloss_unihan,zh_char__INTERSECT__en_gloss_unihan,,,
gte_multilingual_base_768d,子,6,-0.0029735825955867676,0.11508930816004671,0.6044797003269196,0.4785274217526118,zh_char,en_gloss_unihan,zh_char__INTERSECT__en_gloss_unihan,,,
gte_multilingual_base_768d,宀,27,0.07810925274949382,0.07960268368737564,0.671969837612576,0.544685572385788,zh_char,en_gloss_unihan,zh_char__INTERSECT__en_gloss_unihan,,,
gte_multilingual_base_768d,尸,9,0.12270545638683766,0.007118059218757653,0.6450713674227396,0.520033104552163,zh_char,en_gloss_unihan,zh_char__INTERSECT__en_gloss_unihan,,,
gte_multilingual_base_768d,山,51,0.1887232894990958,0.29222297484018633,0.7013930245941761,0.5633651561596814,zh_char,en_gloss_unihan,zh_char__INTERSECT__en_gloss_unihan,,,
gte_multilingual_base_768d,巾,30,0.20411842608203487,0.27486987883845965,0.6917735795180003,0.5622154225905737,zh_char,en_gloss_unihan,zh_char__INTERSECT__en_gloss_unihan,,,
gte_multilingual_base_768d,广,35,0.12617930070097955,0.12155986066375457,0.685050357239587,0.5784922344344002,zh_char,en_gloss_unihan,zh_char__INTERSECT__en_gloss_unihan,,,
gte_multilingual_base_768d,弓,13,0.15016312209459448,0.22980052605271337,0.6472613352995652,0.5518203790371234,zh_char,en_gloss_unihan,zh_char__INTERSECT__en_gloss_unihan,,,
gte_multilingual_base_768d,彡,7,-0.09145634129111255,0.031211855688265355,0.5980073043278286,0.5125017293861934,zh_char,en_gloss_unihan,zh_char__INTERSECT__en_gloss_unihan,,,
gte_multilingual_base_768d,彳,17,0.12312142627642432,0.15884483895976748,0.662886472309337,0.5725027463015389,zh_char,en_gloss_unihan,zh_char__INTERSECT__en_gloss_unihan,,,
gte_multilingual_base_768d,心,56,0.19139572657877577,0.2305719154620809,0.6699666625687054,0.5590824330491679,zh_char,en_gloss_unihan,zh_char__INTERSECT__en_gloss_unihan,,,
gte_multilingual_base_768d,忄,125,0.2231667103283107,0.24890189974382518,0.6930732064247132,0.5627905225753784,zh_char,en_gloss_unihan,zh_char__INTERSECT__en_gloss_unihan,,,
gte_multilingual_base_768d,戈,11,0.1399812325835228,0.16640563055195587,0.6729755726727572,0.5295355672186072,zh_char,en_gloss_unihan,zh_char__INTERSECT__en_gloss_unihan,,,
gte_multilingual_base_768d,戶,4,0.13458379544317722,0.1435713116079569,0.6517724543809891,0.4775475189089775,zh_char,en_gloss_unihan,zh_char__INTERSECT__en_gloss_unihan,,,
gte_multilingual_base_768d,手,10,0.2321015078574419,0.16902621677145357,0.6848044097423553,0.5523284375667572,zh_char,en_gloss_unihan,zh_char__INTERSECT__en_gloss_unihan,,,
gte_multilingual_base_768d,扌,203,0.16598838873280972,0.1986618530730088,0.6825972854210238,0.578570618124431,zh_char,en_gloss_unihan,zh_char__INTERSECT__en_gloss_unihan,,,
gte_multilingual_base_768d,攵,19,0.11202958093858079,0.0410384431873497,0.6770290983350653,0.5821590094189895,zh_char,en_gloss_unihan,zh_char__INTERSECT__en_gloss_unihan,,,
gte_multilingual_base_768d,斗,7,-0.004770230767982343,0.05991595531148571,0.6931384205818176,0.5039397605827877,zh_char,en_gloss_unihan,zh_char__INTERSECT__en_gloss_unihan,,,
gte_multilingual_base_768d,斤,4,0.0870367670431733,0.1620067406911403,0.649501159787178,0.5085826516151428,zh_char,en_gloss_unihan,zh_char__INTERSECT__en_gloss_unihan,,,
gte_multilingual_base_768d,日,64,0.1626053580548614,0.21126451072632332,0.7003350583836436,0.5896182470023632,zh_char,en_gloss_unihan,zh_char__INTERSECT__en_gloss_unihan,,,
gte_multilingual_base_768d,月,8,0.14068081439472732,0.11792897596023978,0.7017670273780823,0.5176731944084167,zh_char,en_gloss_unihan,zh_char__INTERSECT__en_gloss_unihan,,,
gte_multilingual_base_768d,木,255,0.26871588888085063,0.19987676667378226,0.6960229167751237,0.5528540496732675,zh_char,en_gloss_unihan,zh_char__INTERSECT__en_gloss_unihan,,,
gte_multilingual_base_768d,林,5,-0.04881259799003603,0.06772189810872076,0.6008448839187622,0.481450492143631,zh_char,en_gloss_unihan,zh_char__INTERSECT__en_gloss_unihan,,,
gte_multilingual_base_768d,欠,25,0.15444626592099667,0.11661322936415669,0.6818934655189515,0.5375343668460846,zh_char,en_gloss_unihan,zh_char__INTERSECT__en_gloss_unihan,,,
gte_multilingual_base_768d,歹,17,0.2003904418910251,0.21783919106511507,0.6621819944942698,0.560829651706359,zh_char,en_gloss_unihan,zh_char__INTERSECT__en_gloss_unihan,,,
gte_multilingual_base_768d,毛,9,0.18655243909193409,0.1232288028630945,0.6410400370756785,0.5261436965730455,zh_char,en_gloss_unihan,zh_char__INTERSECT__en_gloss_unihan,,,
gte_multilingual_base_768d,水,4,0.08659413503482935,0.1223435644060373,0.5725394934415817,0.4954368993639946,zh_char,en_gloss_unihan,zh_char__INTERSECT__en_gloss_unihan,,,
gte_multilingual_base_768d,氵,316,0.19764106994483005,0.23975409467445233,0.6915211692641053,0.5614793690133698,zh_char,en_gloss_unihan,zh_char__INTERSECT__en_gloss_unihan,,,
gte_multilingual_base_768d,火,60,0.20833673495411248,0.25753542783980565,0.6887598395347595,0.5789017448822658,zh_char,en_gloss_unihan,zh_char__INTERSECT__en_gloss_unihan,,,
gte_multilingual_base_768d,牜,14,0.17168780083635024,0.09613825646894317,0.6828880480357579,0.550663424389703,zh_char,en_gloss_unihan,zh_char__INTERSECT__en_gloss_unihan,,,
gte_multilingual_base_768d,犬,5,-0.02674817740917208,-0.05981429517269132,0.6439497590065002,0.5358417510986329,zh_char,en_gloss_unihan,zh_char__INTERSECT__en_gloss_unihan,,,
gte_multilingual_base_768d,犭,39,0.19826785451135573,0.21197449091153267,0.7133810703571026,0.5227948656448951,zh_char,en_gloss_unihan,zh_char__INTERSECT__en_gloss_unihan,,,
gte_multilingual_base_768d,王,78,0.20760173585791236,0.3391347059753174,0.7157196020468687,0.5719487690008603,zh_char,en_gloss_unihan,zh_char__INTERSECT__en_gloss_unihan,,,
gte_multilingual_base_768d,瓦,7,0.39844755615506855,0.27966614706175663,0.7139210615839277,0.5351645605904716,zh_char,en_gloss_unihan,zh_char__INTERSECT__en_gloss_unihan,,,
gte_multilingual_base_768d,田,13,0.16704101108301142,0.16580181568861008,0.6792733027384832,0.5403565901976365,zh_char,en_gloss_unihan,zh_char__INTERSECT__en_gloss_unihan,,,
gte_multilingual_base_768d,疒,73,0.2958205688668236,0.32618542974942344,0.6887358484202868,0.5629965630296159,zh_char,en_gloss_unihan,zh_char__INTERSECT__en_gloss_unihan,,,
gte_multilingual_base_768d,白,7,0.1608770524284669,0.26687169660414967,0.6405763455799648,0.5537517837115696,zh_char,en_gloss_unihan,zh_char__INTERSECT__en_gloss_unihan,,,
gte_multilingual_base_768d,皿,11,0.09796106679873033,0.09651151875203304,0.6620553840290416,0.5613746751438488,zh_char,en_gloss_unihan,zh_char__INTERSECT__en_gloss_unihan,,,
gte_multilingual_base_768d,目,51,0.24247692788348474,0.33926105740315776,0.7030111656469458,0.5773708095737532,zh_char,en_gloss_unihan,zh_char__INTERSECT__en_gloss_unihan,,,
gte_multilingual_base_768d,矢,6,0.12429021485149859,-0.02575886513416965,0.6063918670018514,0.4798155774672826,zh_char,en_gloss_unihan,zh_char__INTERSECT__en_gloss_unihan,,,
gte_multilingual_base_768d,石,56,0.22522311717537896,0.1983045815889324,0.6819478943943977,0.5595468580722809,zh_char,en_gloss_unihan,zh_char__INTERSECT__en_gloss_unihan,,,
gte_multilingual_base_768d,示,5,0.17067064829170703,0.051442665234208096,0.6988875865936279,0.4920199453830719,zh_char,en_gloss_unihan,zh_char__INTERSECT__en_gloss_unihan,,,
gte_multilingual_base_768d,礻,36,0.16972288750629458,0.25745754125010634,0.6856508089436425,0.5710374638438225,zh_char,en_gloss_unihan,zh_char__INTERSECT__en_gloss_unihan,,,
gte_multilingual_base_768d,禾,44,0.2470202440480617,0.18570040297609836,0.7067330127412622,0.5685227635231885,zh_char,en_gloss_unihan,zh_char__INTERSECT__en_gloss_unihan,,,
gte_multilingual_base_768d,穴,27,0.1793554477497107,0.18288929979489355,0.6855241413469668,0.5701811059757516,zh_char,en_gloss_unihan,zh_char__INTERSECT__en_gloss_unihan,,,
gte_multilingual_base_768d,立,5,-0.18382799178361892,0.023429713398218137,0.6317015409469604,0.5061972141265869,zh_char,en_gloss_unihan,zh_char__INTERSECT__en_gloss_unihan,,,
gte_multilingual_base_768d,竹,105,0.2438460728597073,0.266048193563308,0.6832586924235026,0.5583331281230564,zh_char,en_gloss_unihan,zh_char__INTERSECT__en_gloss_unihan,,,
gte_multilingual_base_768d,米,26,0.22924133031987223,0.23562651256529182,0.6901319989791284,0.543231976720003,zh_char,en_gloss_unihan,zh_char__INTERSECT__en_gloss_unihan,,,
gte_multilingual_base_768d,糸,160,0.2615416870336048,0.22630007301922883,0.6759063869714736,0.5605835678055883,zh_char,en_gloss_unihan,zh_char__INTERSECT__en_gloss_unihan,,,
gte_multilingual_base_768d,罒,5,0.2865229249000549,0.09520380422472952,0.6062951624393463,0.4709709346294403,zh_char,en_gloss_unihan,zh_char__INTERSECT__en_gloss_unihan,,,
gte_multilingual_base_768d,羊,8,0.06095737335272133,0.248081307625398,0.7648424208164215,0.5228035934269428,zh_char,en_gloss_unihan,zh_char__INTERSECT__en_gloss_unihan,,,
gte_multilingual_base_768d,羽,20,0.2486202111467719,0.23052407512441278,0.6835160583257676,0.5529179736971855,zh_char,en_gloss_unihan,zh_char__INTERSECT__en_gloss_unihan,,,
gte_multilingual_base_768d,耒,7,0.06240825474794418,0.15339579113892143,0.648914064679827,0.5084278753825596,zh_char,en_gloss_unihan,zh_char__INTERSECT__en_gloss_unihan,,,
gte_multilingual_base_768d,耳,9,-0.030678644569383722,0.1288094774095548,0.6152872575653924,0.5092868076430427,zh_char,en_gloss_unihan,zh_char__INTERSECT__en_gloss_unihan,,,
gte_multilingual_base_768d,肉,106,0.22936514493534865,0.2248592780428534,0.683350182366821,0.5564079099106338,zh_char,en_gloss_unihan,zh_char__INTERSECT__en_gloss_unihan,,,
gte_multilingual_base_768d,舟,16,0.3423235518857837,0.40002727415412664,0.6758376657962799,0.5742662213742733,zh_char,en_gloss_unihan,zh_char__INTERSECT__en_gloss_unihan,,,
gte_multilingual_base_768d,艹,270,0.23095951112228688,0.28278018084734124,0.6947513305478625,0.55602655797093,zh_char,en_gloss_unihan,zh_char__INTERSECT__en_gloss_unihan,,,
gte_multilingual_base_768d,虫,124,0.36665272299620894,0.35912697099810165,0.7097639619342743,0.5685455373698666,zh_char,en_gloss_unihan,zh_char__INTERSECT__en_gloss_unihan,,,
gte_multilingual_base_768d,血,4,0.34278331324458117,0.182799931615591,0.6907588392496109,0.5182800069451332,zh_char,en_gloss_unihan,zh_char__INTERSECT__en_gloss_unihan,,,
gte_multilingual_base_768d,行,7,0.15618549034531623,0.08998557286603107,0.6702656320163182,0.5545174820082528,zh_char,en_gloss_unihan,zh_char__INTERSECT__en_gloss_unihan,,,
gte_multilingual_base_768d,衣,18,0.15116802546092203,0.17718905779636565,0.6641547414991591,0.5345984465546079,zh_char,en_gloss_unihan,zh_char__INTERSECT__en_gloss_unihan,,,
gte_multilingual_base_768d,衤,57,0.28636560964871915,0.2752163112735408,0.6935964320835314,0.5622823159945639,zh_char,en_gloss_unihan,zh_char__INTERSECT__en_gloss_unihan,,,
gte_multilingual_base_768d,見,8,0.09459374868310987,0.13781542680226264,0.6816364787518978,0.5401996225118637,zh_char,en_gloss_unihan,zh_char__INTERSECT__en_gloss_unihan,,,
gte_multilingual_base_768d,角,9,0.34276904269225067,0.14926688435177005,0.7379752000172933,0.49105628993776107,zh_char,en_gloss_unihan,zh_char__INTERSECT__en_gloss_unihan,,,
gte_multilingual_base_768d,言,150,0.24307474998757242,0.1873641993415852,0.6901439585288366,0.5748771045605342,zh_char,en_gloss_unihan,zh_char__INTERSECT__en_gloss_unihan,,,
gte_multilingual_base_768d,豕,6,0.49857104818026227,0.3405861109495163,0.6921145220597585,0.5401789297660192,zh_char,en_gloss_unihan,zh_char__INTERSECT__en_gloss_unihan,,,
gte_multilingual_base_768d,豸,12,0.39630452543497086,0.28743389202281827,0.6942281772692999,0.5412432203690211,zh_char,en_gloss_unihan,zh_char__INTERSECT__en_gloss_unihan,,,
gte_multilingual_base_768d,貝,44,0.22278309490701015,0.20788039847023104,0.6636569540609013,0.5753618173978545,zh_char,en_gloss_unihan,zh_char__INTERSECT__en_gloss_unihan,,,
gte_multilingual_base_768d,走,16,0.11740704090334472,0.09832783316960556,0.7268433645367622,0.5186633169651031,zh_char,en_gloss_unihan,zh_char__INTERSECT__en_gloss_unihan,,,
gte_multilingual_base_768d,車,53,0.3082743818467518,0.22010923575891073,0.6842585728978211,0.5470127317140687,zh_char,en_gloss_unihan,zh_char__INTERSECT__en_gloss_unihan,,,
gte_multilingual_base_768d,辶,69,0.11104994599262008,0.16987829813328773,0.6977206529050634,0.5545365080453347,zh_char,en_gloss_unihan,zh_char__INTERSECT__en_gloss_unihan,,,
gte_multilingual_base_768d,酉,32,0.21921289959573187,0.23331780912121755,0.7066005188971758,0.5390410320833325,zh_char,en_gloss_unihan,zh_char__INTERSECT__en_gloss_unihan,,,
gte_multilingual_base_768d,釒,136,0.2536416910109384,0.1822737671284224,0.6901413029169335,0.5580495909294662,zh_char,en_gloss_unihan,zh_char__INTERSECT__en_gloss_unihan,,,
gte_multilingual_base_768d,門,31,0.32484027040341207,0.15735659931576057,0.705627356806109,0.5658717011251757,zh_char,en_gloss_unihan,zh_char__INTERSECT__en_gloss_unihan,,,
gte_multilingual_base_768d,阝,118,0.2985948075193091,0.2818111859546122,0.7109448409686654,0.5454307438458427,zh_char,en_gloss_unihan,zh_char__INTERSECT__en_gloss_unihan,,,
gte_multilingual_base_768d,隹,14,0.19184308884931459,0.10814694740942543,0.6715033650398254,0.5310166478157043,zh_char,en_gloss_unihan,zh_char__INTERSECT__en_gloss_unihan,,,
gte_multilingual_base_768d,雨,26,0.23005758096965456,0.279239866667642,0.6755172610282898,0.5754674466756674,zh_char,en_gloss_unihan,zh_char__INTERSECT__en_gloss_unihan,,,
gte_multilingual_base_768d,革,30,0.2871035640438398,0.25149418562650677,0.7076366265614827,0.5647390474875768,zh_char,en_gloss_unihan,zh_char__INTERSECT__en_gloss_unihan,,,
gte_multilingual_base_768d,韋,8,0.2630578991957009,0.18805865943431854,0.754046194255352,0.4948813319206238,zh_char,en_gloss_unihan,zh_char__INTERSECT__en_gloss_unihan,,,
gte_multilingual_base_768d,頁,42,0.2207343373447656,0.14536995145802695,0.6743614290441785,0.5598937670389811,zh_char,en_gloss_unihan,zh_char__INTERSECT__en_gloss_unihan,,,
gte_multilingual_base_768d,風,9,0.07456305498878159,0.3260833952162001,0.6767576999134488,0.5942337115605673,zh_char,en_gloss_unihan,zh_char__INTERSECT__en_gloss_unihan,,,
gte_multilingual_base_768d,食,5,0.01070728302001952,0.1650987908244133,0.6003110885620118,0.5426623106002808,zh_char,en_gloss_unihan,zh_char__INTERSECT__en_gloss_unihan,,,
gte_multilingual_base_768d,飠,36,0.26335759049591917,0.23161273071956298,0.700501885679033,0.5426027228434881,zh_char,en_gloss_unihan,zh_char__INTERSECT__en_gloss_unihan,,,
gte_multilingual_base_768d,馬,57,0.2939646177385983,0.2469803384799314,0.7173243128416831,0.5516660082758519,zh_char,en_gloss_unihan,zh_char__INTERSECT__en_gloss_unihan,,,
gte_multilingual_base_768d,骨,13,0.2795818542631773,0.2900867886268175,0.6977127194404602,0.5557319384354812,zh_char,en_gloss_unihan,zh_char__INTERSECT__en_gloss_unihan,,,
gte_multilingual_base_768d,髟,16,0.33903668500715867,0.2632844070903957,0.6963563524186611,0.5969061218202114,zh_char,en_gloss_unihan,zh_char__INTERSECT__en_gloss_unihan,,,
gte_multilingual_base_768d,鬼,11,0.19124728238040747,0.23495172336697576,0.6911311528899453,0.544214126738635,zh_char,en_gloss_unihan,zh_char__INTERSECT__en_gloss_unihan,,,
gte_multilingual_base_768d,魚,48,0.479499544793119,0.43044704431667924,0.7183041870594025,0.5764947049319744,zh_char,en_gloss_unihan,zh_char__INTERSECT__en_gloss_unihan,,,
gte_multilingual_base_768d,鳥,62,0.3520702392223381,0.3593129303546682,0.737066400627936,0.567189990993469,zh_char,en_gloss_unihan,zh_char__INTERSECT__en_gloss_unihan,,,
gte_multilingual_base_768d,鹿,7,0.4073623078210013,0.3347538730927876,0.6789928674697876,0.5259812899998256,zh_char,en_gloss_unihan,zh_char__INTERSECT__en_gloss_unihan,,,
gte_multilingual_base_768d,麥,4,0.07800210639834404,0.1890148892998695,0.5902033671736717,0.5589694380760193,zh_char,en_gloss_unihan,zh_char__INTERSECT__en_gloss_unihan,,,
gte_multilingual_base_768d,黑,17,0.3024794818723903,0.2465524055501994,0.711755352861741,0.5566937835777507,zh_char,en_gloss_unihan,zh_char__INTERSECT__en_gloss_unihan,,,
gte_multilingual_base_768d,鼓,4,0.5558675676584244,0.45862018316984177,0.7399752736091614,0.5134528204798698,zh_char,en_gloss_unihan,zh_char__INTERSECT__en_gloss_unihan,,,
gte_multilingual_base_768d,鼠,5,0.5311150133609772,0.3025623500347137,0.7286441683769226,0.5224465608596802,zh_char,en_gloss_unihan,zh_char__INTERSECT__en_gloss_unihan,,,
gte_multilingual_base_768d,齒,16,0.5304081197828054,0.3492072487715631,0.7545853666961193,0.5565457586199045,zh_char,en_gloss_unihan,zh_char__INTERSECT__en_gloss_unihan,,,
gte_multilingual_base_768d,𧾷,65,0.2729520521771449,0.2407258492392989,0.6943151767437274,0.5613121615006373,zh_char,en_gloss_unihan,zh_char__INTERSECT__en_gloss_unihan,,,
qwen3_0.6b_1024d,㫃,13,0.1795492784048502,0.2982722623990132,0.621032531444843,0.452946669780291,zh_char,en_gloss_unihan,zh_char__INTERSECT__en_gloss_unihan,,,
qwen3_0.6b_1024d,䖵,4,0.15684607252478597,0.0630680108442902,0.5735319703817368,0.4239647686481476,zh_char,en_gloss_unihan,zh_char__INTERSECT__en_gloss_unihan,,,
qwen3_0.6b_1024d,亻,187,0.12553209962353187,0.0848245130114775,0.6495740459883277,0.5002013884763666,zh_char,en_gloss_unihan,zh_char__INTERSECT__en_gloss_unihan,,,
qwen3_0.6b_1024d,冫,13,0.22866730420635292,0.21994409423608044,0.617052788917835,0.42058899769416214,zh_char,en_gloss_unihan,zh_char__INTERSECT__en_gloss_unihan,,,
qwen3_0.6b_1024d,刂,33,0.2323183307537075,0.23991342617029493,0.6238488256931305,0.5207585213762341,zh_char,en_gloss_unihan,zh_char__INTERSECT__en_gloss_unihan,,,
qwen3_0.6b_1024d,力,23,0.1211882144536661,0.1655745906755328,0.6365050103353418,0.5129047230533932,zh_char,en_gloss_unihan,zh_char__INTERSECT__en_gloss_unihan,,,
qwen3_0.6b_1024d,匚,8,0.18105256929993624,0.10057567851617932,0.5709365904331207,0.4017857648432255,zh_char,en_gloss_unihan,zh_char__INTERSECT__en_gloss_unihan,,,
qwen3_0.6b_1024d,口,164,0.2981925991125314,0.23970979970607267,0.6286220530547747,0.47725426005881005,zh_char,en_gloss_unihan,zh_char__INTERSECT__en_gloss_unihan,,,
qwen3_0.6b_1024d,囗,11,0.22687198628078803,0.2005034887485883,0.6509235447103326,0.4674331654201854,zh_char,en_gloss_unihan,zh_char__INTERSECT__en_gloss_unihan,,,
qwen3_0.6b_1024d,土,89,0.28714443037935183,0.18640977530373948,0.6432855551162463,0.4926709891035316,zh_char,en_gloss_unihan,zh_char__INTERSECT__en_gloss_unihan,,,
qwen3_0.6b_1024d,大,6,0.11989837760726611,0.07422855403274294,0.5863299369812012,0.4072110553582509,zh_char,en_gloss_unihan,zh_char__INTERSECT__en_gloss_unihan,,,
qwen3_0.6b_1024d,女,102,0.260248513819248,0.19986700478429884,0.6344067135862276,0.48515984912713367,zh_char,en_gloss_unihan,zh_char__INTERSECT__en_gloss_unihan,,,
qwen3_0.6b_1024d,子,6,0.0030999781253437295,0.21720080201824501,0.5670227855443954,0.416639323035876,zh_char,en_gloss_unihan,zh_char__INTERSECT__en_gloss_unihan,,,
qwen3_0.6b_1024d,宀,27,0.10719927490033483,0.10030713372139466,0.6304236793959582,0.4525883556516082,zh_char,en_gloss_unihan,zh_char__INTERSECT__en_gloss_unihan,,,
qwen3_0.6b_1024d,尸,9,0.0742507514854272,0.07266286843352847,0.578335808383094,0.42273704873190987,zh_char,en_gloss_unihan,zh_char__INTERSECT__en_gloss_unihan,,,
qwen3_0.6b_1024d,山,51,0.32261279006214705,0.3224836211907221,0.656702879597159,0.5174764137642056,zh_char,en_gloss_unihan,zh_char__INTERSECT__en_gloss_unihan,,,
qwen3_0.6b_1024d,巾,30,0.19535574242472645,0.28628415421893194,0.6240150282780329,0.484782275557518,zh_char,en_gloss_unihan,zh_char__INTERSECT__en_gloss_unihan,,,
qwen3_0.6b_1024d,广,35,0.18837782942822998,0.1588705398674522,0.6321924873760768,0.48168347903660363,zh_char,en_gloss_unihan,zh_char__INTERSECT__en_gloss_unihan,,,
qwen3_0.6b_1024d,弓,13,0.19555291476157993,0.21372438795291457,0.6546936860451331,0.4448871589623965,zh_char,en_gloss_unihan,zh_char__INTERSECT__en_gloss_unihan,,,
qwen3_0.6b_1024d,彡,7,0.12809166897620466,0.06769676453300885,0.6358431151935032,0.4530726841517857,zh_char,en_gloss_unihan,zh_char__INTERSECT__en_gloss_unihan,,,
qwen3_0.6b_1024d,彳,17,0.11067273051423182,0.12634008991367676,0.6303999090895933,0.4932369432028602,zh_char,en_gloss_unihan,zh_char__INTERSECT__en_gloss_unihan,,,
qwen3_0.6b_1024d,心,56,0.2659236878056877,0.23863860252978544,0.624737351600613,0.48304799890943934,zh_char,en_gloss_unihan,zh_char__INTERSECT__en_gloss_unihan,,,
qwen3_0.6b_1024d,忄,125,0.2974681693986058,0.27327758475393055,0.6211960012912751,0.4810035846233368,zh_char,en_gloss_unihan,zh_char__INTERSECT__en_gloss_unihan,,,
qwen3_0.6b_1024d,戈,11,0.13293438396331936,0.2280253788286989,0.6223341605880044,0.4914595132524317,zh_char,en_gloss_unihan,zh_char__INTERSECT__en_gloss_unihan,,,
qwen3_0.6b_1024d,戶,4,0.04861933551728724,0.12730578565970066,0.5903112441301346,0.3466540277004242,zh_char,en_gloss_unihan,zh_char__INTERSECT__en_gloss_unihan,,,
qwen3_0.6b_1024d,手,10,0.15947361998260018,0.14227283168584104,0.6121506035327912,0.5043577313423157,zh_char,en_gloss_unihan,zh_char__INTERSECT__en_gloss_unihan,,,
qwen3_0.6b_1024d,扌,203,0.2141822643963427,0.1954089447722903,0.6312945653945942,0.5113670632169751,zh_char,en_gloss_unihan,zh_char__INTERSECT__en_gloss_unihan,,,
qwen3_0.6b_1024d,攵,19,0.07496101203325545,0.03991927076621274,0.6301396849908327,0.5342602023952886,zh_char,en_gloss_unihan,zh_char__INTERSECT__en_gloss_unihan,,,
qwen3_0.6b_1024d,斗,7,0.05687509902885982,0.0461502975917288,0.604033785206931,0.38922692622457233,zh_char,en_gloss_unihan,zh_char__INTERSECT__en_gloss_unihan,,,
qwen3_0.6b_1024d,斤,4,0.07241074647754432,0.19839142262935636,0.6176628470420837,0.3831094801425934,zh_char,en_gloss_unihan,zh_char__INTERSECT__en_gloss_unihan,,,
qwen3_0.6b_1024d,日,64,0.2069262883160263,0.24721591625711878,0.6521583721041679,0.5107930977828801,zh_char,en_gloss_unihan,zh_char__INTERSECT__en_gloss_unihan,,,
qwen3_0.6b_1024d,月,8,0.15916159586049616,0.24614667333662507,0.6562643051147461,0.4149118587374687,zh_char,en_gloss_unihan,zh_char__INTERSECT__en_gloss_unihan,,,
qwen3_0.6b_1024d,木,255,0.2656617453029635,0.24207828533561787,0.6316753710017485,0.4907170917473587,zh_char,en_gloss_unihan,zh_char__INTERSECT__en_gloss_unihan,,,
qwen3_0.6b_1024d,林,5,0.11506087779998778,0.05160280875861645,0.5572963118553161,0.3784425377845764,zh_char,en_gloss_unihan,zh_char__INTERSECT__en_gloss_unihan,,,
qwen3_0.6b_1024d,欠,25,0.1346991440281272,0.16434674501419064,0.616222779750824,0.4488255023956299,zh_char,en_gloss_unihan,zh_char__INTERSECT__en_gloss_unihan,,,
qwen3_0.6b_1024d,歹,17,0.21065180047469978,0.2152952639495625,0.5927509823266197,0.5358054234701044,zh_char,en_gloss_unihan,zh_char__INTERSECT__en_gloss_unihan,,,
qwen3_0.6b_1024d,毛,9,0.2184850780500306,0.1925874104102452,0.5944715440273285,0.4756152563624912,zh_char,en_gloss_unihan,zh_char__INTERSECT__en_gloss_unihan,,,
qwen3_0.6b_1024d,水,4,0.16661283373832697,0.14324235171079633,0.5905601233243942,0.42593470960855484,zh_char,en_gloss_unihan,zh_char__INTERSECT__en_gloss_unihan,,,
qwen3_0.6b_1024d,氵,316,0.281375170476098,0.2582931015846802,0.6373566558843926,0.49115601606384107,zh_char,en_gloss_unihan,zh_char__INTERSECT__en_gloss_unihan,,,
qwen3_0.6b_1024d,火,60,0.316907332247744,0.2846963913490375,0.6188601031899452,0.5069079418977102,zh_char,en_gloss_unihan,zh_char__INTERSECT__en_gloss_unihan,,,
qwen3_0.6b_1024d,牜,14,0.16648143875811777,0.15215016795056205,0.5974516953740802,0.5178439574582236,zh_char,en_gloss_unihan,zh_char__INTERSECT__en_gloss_unihan,,,
qwen3_0.6b_1024d,犬,5,-0.0507147643715143,-0.0013640646822750398,0.5476166605949402,0.4453153431415558,zh_char,en_gloss_unihan,zh_char__INTERSECT__en_gloss_unihan,,,
qwen3_0.6b_1024d,犭,39,0.33561668225014823,0.22457653341385034,0.6229766087654309,0.43830879223652375,zh_char,en_gloss_unihan,zh_char__INTERSECT__en_gloss_unihan,,,
qwen3_0.6b_1024d,王,78,0.2532588663534858,0.33911485203470176,0.6675092658171287,0.5180570720097958,zh_char,en_gloss_unihan,zh_char__INTERSECT__en_gloss_unihan,,,
qwen3_0.6b_1024d,瓦,7,0.26610736761774334,0.28549640838588985,0.6176104034696307,0.44278327907834736,zh_char,en_gloss_unihan,zh_char__INTERSECT__en_gloss_unihan,,,
qwen3_0.6b_1024d,田,13,0.07691494608297943,0.1165605498334536,0.636450992180751,0.4863755015226511,zh_char,en_gloss_unihan,zh_char__INTERSECT__en_gloss_unihan,,,
qwen3_0.6b_1024d,疒,73,0.3960998773268641,0.34000907977405065,0.620031135539486,0.49791732144682377,zh_char,en_gloss_unihan,zh_char__INTERSECT__en_gloss_unihan,,,
qwen3_0.6b_1024d,白,7,0.21248632350138255,0.2629548174196056,0.5970849479947772,0.5065403495516095,zh_char,en_gloss_unihan,zh_char__INTERSECT__en_gloss_unihan,,,
qwen3_0.6b_1024d,皿,11,0.16811152005737473,0.1253276050768115,0.648669118230993,0.4667351002042944,zh_char,en_gloss_unihan,zh_char__INTERSECT__en_gloss_unihan,,,
qwen3_0.6b_1024d,目,51,0.2600141224250489,0.31814989363592044,0.64367182932648,0.5035511862997916,zh_char,en_gloss_unihan,zh_char__INTERSECT__en_gloss_unihan,,,
qwen3_0.6b_1024d,矢,6,0.07125915866345163,0.016635732104380952,0.5544380048910776,0.4173508733510971,zh_char,en_gloss_unihan,zh_char__INTERSECT__en_gloss_unihan,,,
qwen3_0.6b_1024d,石,56,0.2519837459549307,0.22058306403258546,0.6239243394562176,0.4908112111900534,zh_char,en_gloss_unihan,zh_char__INTERSECT__en_gloss_unihan,,,
qwen3_0.6b_1024d,示,5,0.18672755770385263,0.07290780022740358,0.6155622720718383,0.39806104898452754,zh_char,en_gloss_unihan,zh_char__INTERSECT__en_gloss_unihan,,,
qwen3_0.6b_1024d,礻,36,0.22031563512670493,0.23340487847518585,0.6455196655458875,0.4968169993824429,zh_char,en_gloss_unihan,zh_char__INTERSECT__en_gloss_unihan,,,
qwen3_0.6b_1024d,禾,44,0.20551776344125916,0.18091579975390973,0.625251138752157,0.5112139907750216,zh_char,en_gloss_unihan,zh_char__INTERSECT__en_gloss_unihan,,,
qwen3_0.6b_1024d,穴,27,0.22666168378459078,0.18563985079526898,0.6062585236849608,0.4760399240034598,zh_char,en_gloss_unihan,zh_char__INTERSECT__en_gloss_unihan,,,
qwen3_0.6b_1024d,立,5,-0.0018710996955633025,-0.008322333265095901,0.6384938716888428,0.37732011675834654,zh_char,en_gloss_unihan,zh_char__INTERSECT__en_gloss_unihan,,,
qwen3_0.6b_1024d,竹,105,0.27915482552988186,0.2720912226342729,0.6352006540411994,0.4949248098191761,zh_char,en_gloss_unihan,zh_char__INTERSECT__en_gloss_unihan,,,
qwen3_0.6b_1024d,米,26,0.2600374943934954,0.27536511847462786,0.6327975965463198,0.470260725571559,zh_char,en_gloss_unihan,zh_char__INTERSECT__en_gloss_unihan,,,
qwen3_0.6b_1024d,糸,160,0.3793642674922012,0.22621366015519012,0.6381069714203477,0.5089735522866249,zh_char,en_gloss_unihan,zh_char__INTERSECT__en_gloss_unihan,,,
qwen3_0.6b_1024d,罒,5,0.2177981734275818,0.078205244988203,0.5513246178627014,0.46673787832260133,zh_char,en_gloss_unihan,zh_char__INTERSECT__en_gloss_unihan,,,
qwen3_0.6b_1024d,羊,8,0.26422675186768174,0.1688577616587281,0.622934103012085,0.416156567633152,zh_char,en_gloss_unihan,zh_char__INTERSECT__en_gloss_unihan,,,
qwen3_0.6b_1024d,羽,20,0.3637307704426348,0.24746492146514357,0.6421586319804191,0.4714528381824493,zh_char,en_gloss_unihan,zh_char__INTERSECT__en_gloss_unihan,,,
qwen3_0.6b_1024d,耒,7,0.13309297710657117,0.09556093226586067,0.5567603238991329,0.42610969288008554,zh_char,en_gloss_unihan,zh_char__INTERSECT__en_gloss_unihan,,,
qwen3_0.6b_1024d,耳,9,0.19378212756580773,0.10415508805049788,0.5918959114286635,0.47234461704889935,zh_char,en_gloss_unihan,zh_char__INTERSECT__en_gloss_unihan,,,
qwen3_0.6b_1024d,肉,106,0.31095448353345384,0.2533384410418429,0.6215286507921399,0.4709560528116406,zh_char,en_gloss_unihan,zh_char__INTERSECT__en_gloss_unihan,,,
qwen3_0.6b_1024d,舟,16,0.34474205179139966,0.4488110179081559,0.6522544287145138,0.4770483020693064,zh_char,en_gloss_unihan,zh_char__INTERSECT__en_gloss_unihan,,,
qwen3_0.6b_1024d,艹,270,0.2858668476653596,0.303331200785383,0.6469348494653349,0.49467373043298724,zh_char,en_gloss_unihan,zh_char__INTERSECT__en_gloss_unihan,,,
qwen3_0.6b_1024d,虫,124,0.4833003262718839,0.37470795283274305,0.6461082564726952,0.5131223877110789,zh_char,en_gloss_unihan,zh_char__INTERSECT__en_gloss_unihan,,,
qwen3_0.6b_1024d,血,4,0.3076571822166443,0.20044504106044767,0.6194436103105545,0.5000789687037468,zh_char,en_gloss_unihan,zh_char__INTERSECT__en_gloss_unihan,,,
qwen3_0.6b_1024d,行,7,0.14091661572456357,0.05800496201430046,0.600382285458701,0.4422101761613573,zh_char,en_gloss_unihan,zh_char__INTERSECT__en_gloss_unihan,,,
qwen3_0.6b_1024d,衣,18,0.21070205979049203,0.20947673047582305,0.618429473704762,0.447641306453281,zh_char,en_gloss_unihan,zh_char__INTERSECT__en_gloss_unihan,,,
qwen3_0.6b_1024d,衤,57,0.3088126172099197,0.29754111812891143,0.6409535387106109,0.4855987168194955,zh_char,en_gloss_unihan,zh_char__INTERSECT__en_gloss_unihan,,,
qwen3_0.6b_1024d,見,8,0.37643621303141117,0.08960716589353979,0.6457564905285835,0.4320772960782051,zh_char,en_gloss_unihan,zh_char__INTERSECT__en_gloss_unihan,,,
qwen3_0.6b_1024d,角,9,0.18979699826902813,0.1605084447397126,0.600451346900728,0.4314554863505893,zh_char,en_gloss_unihan,zh_char__INTERSECT__en_gloss_unihan,,,
qwen3_0.6b_1024d,言,150,0.3332640704171111,0.19223477399597563,0.6272060197591781,0.5112090984980265,zh_char,en_gloss_unihan,zh_char__INTERSECT__en_gloss_unihan,,,
qwen3_0.6b_1024d,豕,6,0.38979052503903705,0.42907775038232404,0.6410017112890879,0.5262054155270258,zh_char,en_gloss_unihan,zh_char__INTERSECT__en_gloss_unihan,,,
qwen3_0.6b_1024d,豸,12,0.4246052565673987,0.258154792090257,0.6069599712888399,0.45609162002801895,zh_char,en_gloss_unihan,zh_char__INTERSECT__en_gloss_unihan,,,
qwen3_0.6b_1024d,貝,44,0.3526044112037528,0.19996640826998782,0.6408689767122269,0.5146493092179298,zh_char,en_gloss_unihan,zh_char__INTERSECT__en_gloss_unihan,,,
qwen3_0.6b_1024d,走,16,0.24307519092690194,0.09663700079545376,0.6470892522484064,0.4641318693757057,zh_char,en_gloss_unihan,zh_char__INTERSECT__en_gloss_unihan,,,
qwen3_0.6b_1024d,車,53,0.3526013381954915,0.24600945803213792,0.6238350080993941,0.5037573486004235,zh_char,en_gloss_unihan,zh_char__INTERSECT__en_gloss_unihan,,,
qwen3_0.6b_1024d,辶,69,0.16370402902796646,0.18200138817284847,0.6345442939495695,0.48588927111763885,zh_char,en_gloss_unihan,zh_char__INTERSECT__en_gloss_unihan,,,
qwen3_0.6b_1024d,酉,32,0.24696346904966046,0.2693531893310137,0.622216360643506,0.4844870809465647,zh_char,en_gloss_unihan,zh_char__INTERSECT__en_gloss_unihan,,,
qwen3_0.6b_1024d,釒,136,0.41651750361437306,0.22362619884969553,0.624447138651329,0.503528307465946,zh_char,en_gloss_unihan,zh_char__INTERSECT__en_gloss_unihan,,,
qwen3_0.6b_1024d,門,31,0.36438098333535657,0.2110125597926878,0.635744341919499,0.4934620828397812,zh_char,en_gloss_unihan,zh_char__INTERSECT__en_gloss_unihan,,,
qwen3_0.6b_1024d,阝,118,0.2793305818764966,0.28360711270548655,0.6510726324582504,0.4911534210382882,zh_char,en_gloss_unihan,zh_char__INTERSECT__en_gloss_unihan,,,
qwen3_0.6b_1024d,隹,14,0.10653583732034477,0.11511769385210105,0.6198714524507523,0.4139161365372794,zh_char,en_gloss_unihan,zh_char__INTERSECT__en_gloss_unihan,,,
qwen3_0.6b_1024d,雨,26,0.296740219856684,0.28618797244360816,0.6368176260819802,0.5173721485413038,zh_char,en_gloss_unihan,zh_char__INTERSECT__en_gloss_unihan,,,
qwen3_0.6b_1024d,革,30,0.27225557435303926,0.25983680586020147,0.6414813697338104,0.499974924325943,zh_char,en_gloss_unihan,zh_char__INTERSECT__en_gloss_unihan,,,
qwen3_0.6b_1024d,韋,8,0.3354589007794857,0.1823609936982393,0.61569694429636,0.3986648600548506,zh_char,en_gloss_unihan,zh_char__INTERSECT__en_gloss_unihan,,,
qwen3_0.6b_1024d,頁,42,0.3637365791059675,0.13083527470007536,0.6475236784844172,0.47102931496642886,zh_char,en_gloss_unihan,zh_char__INTERSECT__en_gloss_unihan,,,
qwen3_0.6b_1024d,風,9,0.36241501983669067,0.3072936998473273,0.620056066248152,0.5413150853580899,zh_char,en_gloss_unihan,zh_char__INTERSECT__en_gloss_unihan,,,
qwen3_0.6b_1024d,食,5,0.09535953700542447,0.08425670489668843,0.5844546556472778,0.41347758173942567,zh_char,en_gloss_unihan,zh_char__INTERSECT__en_gloss_unihan,,,
qwen3_0.6b_1024d,飠,36,0.3921126176913579,0.2831335448297775,0.6259727900226911,0.46450721389717525,zh_char,en_gloss_unihan,zh_char__INTERSECT__en_gloss_unihan,,,
qwen3_0.6b_1024d,馬,57,0.4165233999098602,0.27784570874319525,0.6437659148584333,0.48457135547671404,zh_char,en_gloss_unihan,zh_char__INTERSECT__en_gloss_unihan,,,
qwen3_0.6b_1024d,骨,13,0.31103403178545147,0.3211010963870929,0.6008342733749976,0.472399129317357,zh_char,en_gloss_unihan,zh_char__INTERSECT__en_gloss_unihan,,,
qwen3_0.6b_1024d,髟,16,0.24156459467485547,0.2600596085540019,0.6634255237877369,0.5322983097285032,zh_char,en_gloss_unihan,zh_char__INTERSECT__en_gloss_unihan,,,
qwen3_0.6b_1024d,鬼,11,0.35097995874556626,0.27901442721486086,0.5872718447988684,0.45799653096632525,zh_char,en_gloss_unihan,zh_char__INTERSECT__en_gloss_unihan,,,
qwen3_0.6b_1024d,魚,48,0.6545036689688762,0.4408626942895353,0.6691755180557569,0.5043638007094463,zh_char,en_gloss_unihan,zh_char__INTERSECT__en_gloss_unihan,,,
qwen3_0.6b_1024d,鳥,62,0.5988786710846808,0.42504481490581264,0.6724111322433718,0.5124109147056457,zh_char,en_gloss_unihan,zh_char__INTERSECT__en_gloss_unihan,,,
qwen3_0.6b_1024d,鹿,7,0.4456433526107243,0.3451758005789348,0.658971735409328,0.45414744104657856,zh_char,en_gloss_unihan,zh_char__INTERSECT__en_gloss_unihan,,,
qwen3_0.6b_1024d,麥,4,0.37864197418093676,0.1599395293742418,0.6304955929517746,0.4670562148094177,zh_char,en_gloss_unihan,zh_char__INTERSECT__en_gloss_unihan,,,
qwen3_0.6b_1024d,黑,17,0.26642749721513076,0.24842634095865138,0.6162821720628178,0.5203039400717792,zh_char,en_gloss_unihan,zh_char__INTERSECT__en_gloss_unihan,,,
qwen3_0.6b_1024d,鼓,4,0.2971208095550537,0.42019408196210856,0.5567458719015121,0.48997775465250015,zh_char,en_gloss_unihan,zh_char__INTERSECT__en_gloss_unihan,,,
qwen3_0.6b_1024d,鼠,5,0.4866846024990082,0.22838697731494895,0.6564475417137146,0.43163726329803465,zh_char,en_gloss_unihan,zh_char__INTERSECT__en_gloss_unihan,,,
qwen3_0.6b_1024d,齒,16,0.4278886029496789,0.33507873117923737,0.6349877566099167,0.4916468057781458,zh_char,en_gloss_unihan,zh_char__INTERSECT__en_gloss_unihan,,,
qwen3_0.6b_1024d,𧾷,65,0.2930180773067359,0.2753939141734288,0.6339416531416086,0.5221154758563409,zh_char,en_gloss_unihan,zh_char__INTERSECT__en_gloss_unihan,,,
qwen3_4b_2560d_int8,㫃,13,0.2747789593592572,0.31262784780791175,0.6598271085665777,0.43166116109261143,zh_char,en_gloss_unihan,zh_char__INTERSECT__en_gloss_unihan,,,
qwen3_4b_2560d_int8,䖵,4,0.1924003083258867,0.23925582692027086,0.5919020026922226,0.4247123748064041,zh_char,en_gloss_unihan,zh_char__INTERSECT__en_gloss_unihan,,,
qwen3_4b_2560d_int8,亻,187,0.1374585614987913,0.0876013519127858,0.6662926055530813,0.48258896100329846,zh_char,en_gloss_unihan,zh_char__INTERSECT__en_gloss_unihan,,,
qwen3_4b_2560d_int8,冫,13,0.2654232594829339,0.20059009942297748,0.6188925527609311,0.422607068832104,zh_char,en_gloss_unihan,zh_char__INTERSECT__en_gloss_unihan,,,
qwen3_4b_2560d_int8,刂,33,0.3107719018942479,0.21893524260006164,0.6522743151043401,0.5030248977921226,zh_char,en_gloss_unihan,zh_char__INTERSECT__en_gloss_unihan,,,
qwen3_4b_2560d_int8,力,23,0.2072992154761501,0.1720295052408524,0.6253616965335348,0.47942260944324994,zh_char,en_gloss_unihan,zh_char__INTERSECT__en_gloss_unihan,,,
qwen3_4b_2560d_int8,匚,8,0.22892968356609342,0.128318827599287,0.6113830953836441,0.4019041210412979,zh_char,en_gloss_unihan,zh_char__INTERSECT__en_gloss_unihan,,,
qwen3_4b_2560d_int8,口,164,0.333549740085401,0.2184209813329777,0.6653124889949473,0.47712154631934517,zh_char,en_gloss_unihan,zh_char__INTERSECT__en_gloss_unihan,,,
qwen3_4b_2560d_int8,囗,11,0.23406724242324176,0.18582861023870378,0.575496567921205,0.4553947259079326,zh_char,en_gloss_unihan,zh_char__INTERSECT__en_gloss_unihan,,,
qwen3_4b_2560d_int8,土,89,0.2660467204104146,0.1901769206827778,0.6614911469180932,0.46541848510838624,zh_char,en_gloss_unihan,zh_char__INTERSECT__en_gloss_unihan,,,
qwen3_4b_2560d_int8,大,6,-0.034319613749782235,0.019692182230452698,0.6343752940495809,0.4480149894952774,zh_char,en_gloss_unihan,zh_char__INTERSECT__en_gloss_unihan,,,
qwen3_4b_2560d_int8,女,102,0.283586071137631,0.1861333722413024,0.6599178802148968,0.4741610902197221,zh_char,en_gloss_unihan,zh_char__INTERSECT__en_gloss_unihan,,,
qwen3_4b_2560d_int8,子,6,0.034856688541670615,0.20154265686869619,0.5574400623639425,0.44666945437590283,zh_char,en_gloss_unihan,zh_char__INTERSECT__en_gloss_unihan,,,
qwen3_4b_2560d_int8,宀,27,0.10719902290859153,0.07644651581843694,0.6580588729293259,0.429439581102795,zh_char,en_gloss_unihan,zh_char__INTERSECT__en_gloss_unihan,,,
qwen3_4b_2560d_int8,尸,9,0.14239291412134963,0.08084048247999615,0.6335644523302714,0.4409044153160519,zh_char,en_gloss_unihan,zh_char__INTERSECT__en_gloss_unihan,,,
qwen3_4b_2560d_int8,山,51,0.3468457013733831,0.2977390625313216,0.6715321505770964,0.4899931631836237,zh_char,en_gloss_unihan,zh_char__INTERSECT__en_gloss_unihan,,,
qwen3_4b_2560d_int8,巾,30,0.2759677144388357,0.2828545381004612,0.6723052859306335,0.4575089653333028,zh_char,en_gloss_unihan,zh_char__INTERSECT__en_gloss_unihan,,,
qwen3_4b_2560d_int8,广,35,0.1872013791597315,0.12059545558212056,0.6502483980996269,0.48386667370796205,zh_char,en_gloss_unihan,zh_char__INTERSECT__en_gloss_unihan,,,
qwen3_4b_2560d_int8,弓,13,0.19154173852159423,0.23884565383195874,0.6436075018002436,0.4542177480000716,zh_char,en_gloss_unihan,zh_char__INTERSECT__en_gloss_unihan,,,
qwen3_4b_2560d_int8,彡,7,0.011289052931325786,0.010143942465739587,0.6081208842141288,0.4176606961659023,zh_char,en_gloss_unihan,zh_char__INTERSECT__en_gloss_unihan,,,
qwen3_4b_2560d_int8,彳,17,0.1155804008902872,0.09982776636367331,0.6196039108669057,0.44767469518324904,zh_char,en_gloss_unihan,zh_char__INTERSECT__en_gloss_unihan,,,
qwen3_4b_2560d_int8,心,56,0.28619094781710636,0.21731667549881548,0.6386456356516906,0.47570010806832996,zh_char,en_gloss_unihan,zh_char__INTERSECT__en_gloss_unihan,,,
qwen3_4b_2560d_int8,忄,125,0.326214394453913,0.24615179218165573,0.6592550506591797,0.4820917310714722,zh_char,en_gloss_unihan,zh_char__INTERSECT__en_gloss_unihan,,,
qwen3_4b_2560d_int8,戈,11,0.20011309364979912,0.13039829920638688,0.6269799958575856,0.4612765474752946,zh_char,en_gloss_unihan,zh_char__INTERSECT__en_gloss_unihan,,,
qwen3_4b_2560d_int8,戶,4,0.019267538562417027,0.0704597756266594,0.5527921915054321,0.33447079360485077,zh_char,en_gloss_unihan,zh_char__INTERSECT__en_gloss_unihan,,,
qwen3_4b_2560d_int8,手,10,0.26926762610673904,0.1777732446789741,0.6529216825962066,0.45054590702056885,zh_char,en_gloss_unihan,zh_char__INTERSECT__en_gloss_unihan,,,
qwen3_4b_2560d_int8,扌,203,0.2878658885751011,0.20021506620506785,0.661880768872247,0.49287616105502463,zh_char,en_gloss_unihan,zh_char__INTERSECT__en_gloss_unihan,,,
qwen3_4b_2560d_int8,攵,19,0.1023025000958066,0.03288213754268852,0.6585236474087364,0.4970881499742207,zh_char,en_gloss_unihan,zh_char__INTERSECT__en_gloss_unihan,,,
qwen3_4b_2560d_int8,斗,7,0.02906063252261706,0.016494894666331156,0.5989536813327244,0.39106023737362455,zh_char,en_gloss_unihan,zh_char__INTERSECT__en_gloss_unihan,,,
qwen3_4b_2560d_int8,斤,4,0.11728492518886925,0.17016478651203212,0.6128640174865723,0.4034466966986656,zh_char,en_gloss_unihan,zh_char__INTERSECT__en_gloss_unihan,,,
qwen3_4b_2560d_int8,日,64,0.20177297407644798,0.2044261718911002,0.675298866815865,0.4993491368368268,zh_char,en_gloss_unihan,zh_char__INTERSECT__en_gloss_unihan,,,
qwen3_4b_2560d_int8,月,8,0.11172183215967377,0.18526508111972356,0.6274642944335938,0.394076582044363,zh_char,en_gloss_unihan,zh_char__INTERSECT__en_gloss_unihan,,,
qwen3_4b_2560d_int8,木,255,0.31608037155888535,0.23905591469111978,0.6579785314260744,0.4730304675943711,zh_char,en_gloss_unihan,zh_char__INTERSECT__en_gloss_unihan,,,
qwen3_4b_2560d_int8,林,5,0.07492027133703229,0.07789112366735933,0.6525130152702332,0.37139770984649656,zh_char,en_gloss_unihan,zh_char__INTERSECT__en_gloss_unihan,,,
qwen3_4b_2560d_int8,欠,25,0.1525266585499048,0.12132612504065034,0.649506106376648,0.4518561577796936,zh_char,en_gloss_unihan,zh_char__INTERSECT__en_gloss_unihan,,,
qwen3_4b_2560d_int8,歹,17,0.2989065195707714,0.20758165550582547,0.6145165545098922,0.49901989277671366,zh_char,en_gloss_unihan,zh_char__INTERSECT__en_gloss_unihan,,,
qwen3_4b_2560d_int8,毛,9,0.17767855938937926,0.1525813285261392,0.6104918718338013,0.4657905631595188,zh_char,en_gloss_unihan,zh_char__INTERSECT__en_gloss_unihan,,,
qwen3_4b_2560d_int8,水,4,0.11505474802106615,0.11885972949676213,0.5457243993878365,0.3449340984225273,zh_char,en_gloss_unihan,zh_char__INTERSECT__en_gloss_unihan,,,
qwen3_4b_2560d_int8,氵,316,0.3147253988743936,0.22966087642096308,0.6681635505225085,0.46719892667252805,zh_char,en_gloss_unihan,zh_char__INTERSECT__en_gloss_unihan,,,
qwen3_4b_2560d_int8,火,60,0.3035459271321694,0.24091361456861096,0.6714304079612096,0.49142615993817645,zh_char,en_gloss_unihan,zh_char__INTERSECT__en_gloss_unihan,,,
qwen3_4b_2560d_int8,牜,14,0.22738888437327526,0.13945094346334888,0.6425992889063699,0.4570033018078123,zh_char,en_gloss_unihan,zh_char__INTERSECT__en_gloss_unihan,,,
qwen3_4b_2560d_int8,犬,5,-0.028348205983638762,-0.06171248489990829,0.6348913192749024,0.44284635186195376,zh_char,en_gloss_unihan,zh_char__INTERSECT__en_gloss_unihan,,,
qwen3_4b_2560d_int8,犭,39,0.33223546979327995,0.20987027300856048,0.6569951627499018,0.4330979715555142,zh_char,en_gloss_unihan,zh_char__INTERSECT__en_gloss_unihan,,,
qwen3_4b_2560d_int8,王,78,0.3276164758090789,0.36160760783614254,0.6897667080928118,0.48684984751236743,zh_char,en_gloss_unihan,zh_char__INTERSECT__en_gloss_unihan,,,
qwen3_4b_2560d_int8,瓦,7,0.3569764771631786,0.29284102842211723,0.6334697944777352,0.4482993015221187,zh_char,en_gloss_unihan,zh_char__INTERSECT__en_gloss_unihan,,,
qwen3_4b_2560d_int8,田,13,0.10859079465556598,0.11395673611416261,0.6511901525350717,0.45156290668707627,zh_char,en_gloss_unihan,zh_char__INTERSECT__en_gloss_unihan,,,
qwen3_4b_2560d_int8,疒,73,0.3756486159838634,0.3031926851668586,0.6320294207089567,0.4803271375290335,zh_char,en_gloss_unihan,zh_char__INTERSECT__en_gloss_unihan,,,
qwen3_4b_2560d_int8,白,7,0.18653899111918038,0.26959537661501337,0.6033128074237278,0.49622453110558645,zh_char,en_gloss_unihan,zh_char__INTERSECT__en_gloss_unihan,,,
qwen3_4b_2560d_int8,皿,11,0.25026364743032237,0.14714230359955266,0.6258318370038812,0.4752774915911935,zh_char,en_gloss_unihan,zh_char__INTERSECT__en_gloss_unihan,,,
qwen3_4b_2560d_int8,目,51,0.3645263395326979,0.30623123607616504,0.6772061761687783,0.4883483648300171,zh_char,en_gloss_unihan,zh_char__INTERSECT__en_gloss_unihan,,,
qwen3_4b_2560d_int8,矢,6,0.15679118533929184,7.687629355738405e-05,0.6127353807290395,0.3693885902563731,zh_char,en_gloss_unihan,zh_char__INTERSECT__en_gloss_unihan,,,
qwen3_4b_2560d_int8,石,56,0.27729087399451857,0.20479876029172112,0.6531904685710158,0.45995224692991804,zh_char,en_gloss_unihan,zh_char__INTERSECT__en_gloss_unihan,,,
qwen3_4b_2560d_int8,示,5,0.1849764823913574,0.01275027878582478,0.712833297252655,0.36576132178306575,zh_char,en_gloss_unihan,zh_char__INTERSECT__en_gloss_unihan,,,
qwen3_4b_2560d_int8,礻,36,0.23384961258206097,0.22224462942944634,0.6447097178962495,0.467125272585286,zh_char,en_gloss_unihan,zh_char__INTERSECT__en_gloss_unihan,,,
qwen3_4b_2560d_int8,禾,44,0.2628782244653187,0.20321239688730036,0.6509637236595154,0.48590656234459445,zh_char,en_gloss_unihan,zh_char__INTERSECT__en_gloss_unihan,,,
qwen3_4b_2560d_int8,穴,27,0.25091741411705254,0.17955075066398687,0.6468668447600471,0.47723432161189894,zh_char,en_gloss_unihan,zh_char__INTERSECT__en_gloss_unihan,,,
qwen3_4b_2560d_int8,立,5,0.04834858346730468,0.01303027998656034,0.6303323030471801,0.391566401720047,zh_char,en_gloss_unihan,zh_char__INTERSECT__en_gloss_unihan,,,
qwen3_4b_2560d_int8,竹,105,0.3028973162839455,0.30603095536075886,0.6582958008561816,0.4772455346016657,zh_char,en_gloss_unihan,zh_char__INTERSECT__en_gloss_unihan,,,
qwen3_4b_2560d_int8,米,26,0.29393797203038746,0.2794890785768914,0.6499562790760627,0.4456224154967528,zh_char,en_gloss_unihan,zh_char__INTERSECT__en_gloss_unihan,,,
qwen3_4b_2560d_int8,糸,160,0.34450567724416026,0.2236829206522088,0.6551283968612551,0.48543890975415704,zh_char,en_gloss_unihan,zh_char__INTERSECT__en_gloss_unihan,,,
qwen3_4b_2560d_int8,罒,5,0.10977160558104511,0.121131981164217,0.5240216135978699,0.41987366080284116,zh_char,en_gloss_unihan,zh_char__INTERSECT__en_gloss_unihan,,,
qwen3_4b_2560d_int8,羊,8,0.24828036269173023,0.26598033774644136,0.6748471111059189,0.4084606170654297,zh_char,en_gloss_unihan,zh_char__INTERSECT__en_gloss_unihan,,,
qwen3_4b_2560d_int8,羽,20,0.3545002771541476,0.20939688321668654,0.6587588250637054,0.45068116933107377,zh_char,en_gloss_unihan,zh_char__INTERSECT__en_gloss_unihan,,,
qwen3_4b_2560d_int8,耒,7,0.2040626992072378,0.17481241694518498,0.5897628154073443,0.42680680751800537,zh_char,en_gloss_unihan,zh_char__INTERSECT__en_gloss_unihan,,,
qwen3_4b_2560d_int8,耳,9,0.21410287461347047,0.14104259303874436,0.4963330229123433,0.4357318447695838,zh_char,en_gloss_unihan,zh_char__INTERSECT__en_gloss_unihan,,,
qwen3_4b_2560d_int8,肉,106,0.31773473860098506,0.23525523537998347,0.6450605552713826,0.4669090025829819,zh_char,en_gloss_unihan,zh_char__INTERSECT__en_gloss_unihan,,,
qwen3_4b_2560d_int8,舟,16,0.40672811679542065,0.40039207716472447,0.6841261088848114,0.4972442165017128,zh_char,en_gloss_unihan,zh_char__INTERSECT__en_gloss_unihan,,,
qwen3_4b_2560d_int8,艹,270,0.30126856457079865,0.2820057354712238,0.682987798915969,0.4809258219268587,zh_char,en_gloss_unihan,zh_char__INTERSECT__en_gloss_unihan,,,
qwen3_4b_2560d_int8,虫,124,0.4834192012842264,0.3778198298908049,0.6792834208857629,0.4966380334188861,zh_char,en_gloss_unihan,zh_char__INTERSECT__en_gloss_unihan,,,
qwen3_4b_2560d_int8,血,4,0.29165352508425707,0.1323977925349027,0.5989042371511459,0.4404129758477211,zh_char,en_gloss_unihan,zh_char__INTERSECT__en_gloss_unihan,,,
qwen3_4b_2560d_int8,行,7,0.1399012112191745,0.02549148364258663,0.6328556963375637,0.46809435316494535,zh_char,en_gloss_unihan,zh_char__INTERSECT__en_gloss_unihan,,,
qwen3_4b_2560d_int8,衣,18,0.27699714029828704,0.17562037209669745,0.64577407307095,0.43513962626457214,zh_char,en_gloss_unihan,zh_char__INTERSECT__en_gloss_unihan,,,
qwen3_4b_2560d_int8,衤,57,0.3517985194594714,0.2736515522599547,0.6622583437384221,0.4836969908915068,zh_char,en_gloss_unihan,zh_char__INTERSECT__en_gloss_unihan,,,
qwen3_4b_2560d_int8,見,8,0.2727332077920437,0.14083477796521032,0.6603883728384972,0.4165313206613064,zh_char,en_gloss_unihan,zh_char__INTERSECT__en_gloss_unihan,,,
qwen3_4b_2560d_int8,角,9,0.23265531741910506,0.18945324069095978,0.6261912054485745,0.41753035783767695,zh_char,en_gloss_unihan,zh_char__INTERSECT__en_gloss_unihan,,,
qwen3_4b_2560d_int8,言,150,0.31300596834470823,0.1894477158784866,0.6475728495915731,0.49204740464687347,zh_char,en_gloss_unihan,zh_char__INTERSECT__en_gloss_unihan,,,
qwen3_4b_2560d_int8,豕,6,0.4121467520793279,0.4304203148931265,0.6567300607760748,0.5411806950966517,zh_char,en_gloss_unihan,zh_char__INTERSECT__en_gloss_unihan,,,
qwen3_4b_2560d_int8,豸,12,0.466328722735246,0.2717323048661152,0.6691752423842748,0.44427116463581723,zh_char,en_gloss_unihan,zh_char__INTERSECT__en_gloss_unihan,,,
qwen3_4b_2560d_int8,貝,44,0.3340592593250965,0.17868305480276991,0.6675713197751478,0.487029531462626,zh_char,en_gloss_unihan,zh_char__INTERSECT__en_gloss_unihan,,,
qwen3_4b_2560d_int8,走,16,0.2441080529242754,0.04916988869081248,0.6424333918839693,0.41070310212671757,zh_char,en_gloss_unihan,zh_char__INTERSECT__en_gloss_unihan,,,
qwen3_4b_2560d_int8,車,53,0.416356928716853,0.2469782055056882,0.651164507528521,0.47865778320240526,zh_char,en_gloss_unihan,zh_char__INTERSECT__en_gloss_unihan,,,
qwen3_4b_2560d_int8,辶,69,0.21645260655550635,0.16990966196644347,0.6572264968485072,0.4593327429847441,zh_char,en_gloss_unihan,zh_char__INTERSECT__en_gloss_unihan,,,
qwen3_4b_2560d_int8,酉,32,0.343579787760973,0.2694688913470599,0.6559197902679443,0.4729341873899102,zh_char,en_gloss_unihan,zh_char__INTERSECT__en_gloss_unihan,,,
qwen3_4b_2560d_int8,釒,136,0.4044690991697066,0.2251347675149137,0.657400341156651,0.4701820767539389,zh_char,en_gloss_unihan,zh_char__INTERSECT__en_gloss_unihan,,,
qwen3_4b_2560d_int8,門,31,0.3388896208977507,0.1754058064712632,0.6721873898659984,0.4795519027017778,zh_char,en_gloss_unihan,zh_char__INTERSECT__en_gloss_unihan,,,
qwen3_4b_2560d_int8,阝,118,0.26318006784955067,0.2793781263280218,0.662149069672924,0.46043814668210886,zh_char,en_gloss_unihan,zh_char__INTERSECT__en_gloss_unihan,,,
qwen3_4b_2560d_int8,隹,14,0.13818722298102717,0.10606957832351327,0.6038838326931,0.43112447006361826,zh_char,en_gloss_unihan,zh_char__INTERSECT__en_gloss_unihan,,,
qwen3_4b_2560d_int8,雨,26,0.334599297780257,0.2444078564070738,0.6954670250415802,0.4858158230781555,zh_char,en_gloss_unihan,zh_char__INTERSECT__en_gloss_unihan,,,
qwen3_4b_2560d_int8,革,30,0.29862527325749394,0.2894144149807592,0.6483960797389349,0.48407623966534935,zh_char,en_gloss_unihan,zh_char__INTERSECT__en_gloss_unihan,,,
qwen3_4b_2560d_int8,韋,8,0.2682786150835454,0.1826303759589791,0.6095340102910995,0.4063552021980285,zh_char,en_gloss_unihan,zh_char__INTERSECT__en_gloss_unihan,,,
qwen3_4b_2560d_int8,頁,42,0.32564560510218143,0.13521364910550235,0.6502482422760555,0.4536065090270269,zh_char,en_gloss_unihan,zh_char__INTERSECT__en_gloss_unihan,,,
qwen3_4b_2560d_int8,風,9,0.3814275339245796,0.34276955409182436,0.6645652055740356,0.5500267214245267,zh_char,en_gloss_unihan,zh_char__INTERSECT__en_gloss_unihan,,,
qwen3_4b_2560d_int8,食,5,0.23443616554141045,0.024263931438326822,0.5887688159942627,0.4161293745040894,zh_char,en_gloss_unihan,zh_char__INTERSECT__en_gloss_unihan,,,
qwen3_4b_2560d_int8,飠,36,0.4942876382006539,0.24721178109757597,0.6913763367467456,0.45904818425575894,zh_char,en_gloss_unihan,zh_char__INTERSECT__en_gloss_unihan,,,
qwen3_4b_2560d_int8,馬,57,0.3975350763975528,0.24420351727881973,0.6664022505283356,0.46913301840163113,zh_char,en_gloss_unihan,zh_char__INTERSECT__en_gloss_unihan,,,
qwen3_4b_2560d_int8,骨,13,0.2928885181362812,0.3297935793033013,0.6391760202554556,0.46861535769242507,zh_char,en_gloss_unihan,zh_char__INTERSECT__en_gloss_unihan,,,
qwen3_4b_2560d_int8,髟,16,0.32773290970362723,0.24041684361873195,0.6742089912295341,0.5302329603582621,zh_char,en_gloss_unihan,zh_char__INTERSECT__en_gloss_unihan,,,
qwen3_4b_2560d_int8,鬼,11,0.3196501000361009,0.2423325038769028,0.6472920287739147,0.46023366397077387,zh_char,en_gloss_unihan,zh_char__INTERSECT__en_gloss_unihan,,,
qwen3_4b_2560d_int8,魚,48,0.5725668544570605,0.4513518773019314,0.7021573471526305,0.5133596689750751,zh_char,en_gloss_unihan,zh_char__INTERSECT__en_gloss_unihan,,,
qwen3_4b_2560d_int8,鳥,62,0.5722511814486596,0.4210890480166962,0.7071208271288103,0.48736702098000434,zh_char,en_gloss_unihan,zh_char__INTERSECT__en_gloss_unihan,,,
qwen3_4b_2560d_int8,鹿,7,0.3284682503768376,0.2693925920341696,0.6877351488385882,0.4630624141011919,zh_char,en_gloss_unihan,zh_char__INTERSECT__en_gloss_unihan,,,
qwen3_4b_2560d_int8,麥,4,0.42383331060409546,0.12425986863672732,0.6774532496929169,0.4709030091762543,zh_char,en_gloss_unihan,zh_char__INTERSECT__en_gloss_unihan,,,
qwen3_4b_2560d_int8,黑,17,0.22768188158378877,0.23241282240761552,0.6276348724084742,0.4762815079268287,zh_char,en_gloss_unihan,zh_char__INTERSECT__en_gloss_unihan,,,
qwen3_4b_2560d_int8,鼓,4,0.3802189864218235,0.44301721453666687,0.5931834131479263,0.47554831206798553,zh_char,en_gloss_unihan,zh_char__INTERSECT__en_gloss_unihan,,,
qwen3_4b_2560d_int8,鼠,5,0.44452754259109495,0.3441736280918121,0.6763993740081787,0.4760331928730011,zh_char,en_gloss_unihan,zh_char__INTERSECT__en_gloss_unihan,,,
qwen3_4b_2560d_int8,齒,16,0.4809643686749041,0.31506405118852854,0.633603248745203,0.4363492224365473,zh_char,en_gloss_unihan,zh_char__INTERSECT__en_gloss_unihan,,,
qwen3_4b_2560d_int8,𧾷,65,0.38240582048892974,0.254540492565586,0.6639443686375252,0.48176836646520177,zh_char,en_gloss_unihan,zh_char__INTERSECT__en_gloss_unihan,,,
bge_m3_1024d,㫃,7,0.2417463766677039,0.20585206363882333,0.44270518847874235,0.445256199155535,zh_char,cn_def,zh_char__INTERSECT__cn_def,,,
bge_m3_1024d,亻,138,0.072555631827698,0.04388641893182057,0.4597221036320147,0.5469838596772456,zh_char,cn_def,zh_char__INTERSECT__cn_def,,,
bge_m3_1024d,冫,6,0.0404105617975195,0.194646301989754,0.3549021780490875,0.489088515440623,zh_char,cn_def,zh_char__INTERSECT__cn_def,,,
bge_m3_1024d,刂,20,0.1246851846575737,0.19819229664281007,0.4406061291694641,0.533703263103962,zh_char,cn_def,zh_char__INTERSECT__cn_def,,,
bge_m3_1024d,力,16,0.05718147370498626,0.1432521847018506,0.4348840080201626,0.5230239611119032,zh_char,cn_def,zh_char__INTERSECT__cn_def,,,
bge_m3_1024d,匚,5,0.03046945258975032,0.1046833090484142,0.3878799915313721,0.49496414661407473,zh_char,cn_def,zh_char__INTERSECT__cn_def,,,
bge_m3_1024d,口,122,0.17538611404597756,0.23317912492336185,0.4557275259103931,0.537794890462375,zh_char,cn_def,zh_char__INTERSECT__cn_def,,,
bge_m3_1024d,囗,10,0.16096225082874294,0.12618222925812006,0.45658811628818513,0.5069863945245743,zh_char,cn_def,zh_char__INTERSECT__cn_def,,,
bge_m3_1024d,土,66,0.1381247850544186,0.1805317632741097,0.4366686904069149,0.5390772268627629,zh_char,cn_def,zh_char__INTERSECT__cn_def,,,
bge_m3_1024d,大,4,0.0421662703156471,0.1083838008344173,0.4506526365876198,0.5850671827793121,zh_char,cn_def,zh_char__INTERSECT__cn_def,,,
bge_m3_1024d,女,69,0.14770568725045605,0.18026606128483577,0.4266987838174986,0.5274541771066361,zh_char,cn_def,zh_char__INTERSECT__cn_def,,,
bge_m3_1024d,子,6,-0.03631869579354915,0.21925505599938333,0.33795275290807086,0.4645768900712331,zh_char,cn_def,zh_char__INTERSECT__cn_def,,,
bge_m3_1024d,宀,20,0.07725062593817707,0.16569471743423486,0.40437122732400893,0.5018530905246734,zh_char,cn_def,zh_char__INTERSECT__cn_def,,,
bge_m3_1024d,尸,7,-0.047645193125520416,0.02840716285364967,0.3194557172911508,0.436412445136479,zh_char,cn_def,zh_char__INTERSECT__cn_def,,,
bge_m3_1024d,山,38,0.15821072255800428,0.24374673285178447,0.43194852338025447,0.5441538895431318,zh_char,cn_def,zh_char__INTERSECT__cn_def,,,
bge_m3_1024d,巾,22,0.11982078774070194,0.1930744180625135,0.41250593147494574,0.5090706673535433,zh_char,cn_def,zh_char__INTERSECT__cn_def,,,
bge_m3_1024d,广,25,0.05094410801306365,0.14367988448590036,0.44479475140571595,0.5266441822052002,zh_char,cn_def,zh_char__INTERSECT__cn_def,,,
bge_m3_1024d,弓,9,0.023282312891549542,0.06616925334350927,0.4302578899595473,0.4644426968362596,zh_char,cn_def,zh_char__INTERSECT__cn_def,,,
bge_m3_1024d,彡,6,-0.02905264574413495,0.07627734572937091,0.3595706969499588,0.5608242352803549,zh_char,cn_def,zh_char__INTERSECT__cn_def,,,
bge_m3_1024d,彳,14,0.08321046776005196,0.13014809507876632,0.4059200755187443,0.5203570787395749,zh_char,cn_def,zh_char__INTERSECT__cn_def,,,
bge_m3_1024d,心,46,0.15910467495331942,0.19839521185697417,0.44117973420930945,0.5570886413688245,zh_char,cn_def,zh_char__INTERSECT__cn_def,,,
bge_m3_1024d,忄,80,0.1633605821058154,0.24909020261839027,0.4358185790479183,0.5431879419833422,zh_char,cn_def,zh_char__INTERSECT__cn_def,,,
bge_m3_1024d,戈,6,0.05441147306313115,0.10386823707570629,0.3974197953939438,0.4777279545863469,zh_char,cn_def,zh_char__INTERSECT__cn_def,,,
bge_m3_1024d,手,7,0.11797484728906835,0.20190945693424767,0.40517901948520113,0.5025333549295153,zh_char,cn_def,zh_char__INTERSECT__cn_def,,,
bge_m3_1024d,扌,145,0.1887848486353097,0.22793706127538763,0.44353268906987947,0.5536838870624016,zh_char,cn_def,zh_char__INTERSECT__cn_def,,,
bge_m3_1024d,攵,14,0.004433464924139623,0.0846152006914573,0.42375899851322174,0.509564955319677,zh_char,cn_def,zh_char__INTERSECT__cn_def,,,
bge_m3_1024d,斗,5,-0.035000294446945135,-0.011629699356853962,0.31972782015800477,0.4283709943294525,zh_char,cn_def,zh_char__INTERSECT__cn_def,,,
bge_m3_1024d,斤,4,-0.055951440706849105,0.13124617561697952,0.4025006368756294,0.5032559037208557,zh_char,cn_def,zh_char__INTERSECT__cn_def,,,
bge_m3_1024d,日,45,0.09557368049605024,0.2169947268441319,0.43804318639967177,0.5755747894446055,zh_char,cn_def,zh_char__INTERSECT__cn_def,,,
bge_m3_1024d,月,4,0.005159042775630979,0.2728829942643642,0.35994570702314377,0.4896746948361397,zh_char,cn_def,zh_char__INTERSECT__cn_def,,,
bge_m3_1024d,木,146,0.11243653946479601,0.2567362862843255,0.4182091657429525,0.5231519425160265,zh_char,cn_def,zh_char__INTERSECT__cn_def,,,
bge_m3_1024d,林,4,-0.02268038876354695,-0.11386451125144956,0.3829925414174795,0.39280260354280466,zh_char,cn_def,zh_char__INTERSECT__cn_def,,,
bge_m3_1024d,欠,14,0.06023411279810325,0.08171550636844972,0.4150527108992849,0.5390209598200661,zh_char,cn_def,zh_char__INTERSECT__cn_def,,,
bge_m3_1024d,歹,11,0.1890293317423625,0.2594965168020942,0.4421696419065649,0.5454323806545951,zh_char,cn_def,zh_char__INTERSECT__cn_def,,,
bge_m3_1024d,毛,5,0.12372240461409087,0.14854345768690105,0.35699825882911684,0.4739071846008301,zh_char,cn_def,zh_char__INTERSECT__cn_def,,,
bge_m3_1024d,水,4,0.07899888604879375,0.047038773074746104,0.4005666822195053,0.44543385505676264,zh_char,cn_def,zh_char__INTERSECT__cn_def,,,
bge_m3_1024d,氵,198,0.1156052273011418,0.2360703312330926,0.4214391183070462,0.53718835010071,zh_char,cn_def,zh_char__INTERSECT__cn_def,,,
bge_m3_1024d,火,36,0.1249018942730294,0.23822010360244242,0.4327364166577657,0.5711438813143306,zh_char,cn_def,zh_char__INTERSECT__cn_def,,,
bge_m3_1024d,牜,10,0.04675735137425364,0.05486527420580386,0.38180718123912805,0.44336103796958926,zh_char,cn_def,zh_char__INTERSECT__cn_def,,,
bge_m3_1024d,犬,4,0.06334634311497207,0.0026293634437024246,0.4192175716161728,0.5272425562143326,zh_char,cn_def,zh_char__INTERSECT__cn_def,,,
bge_m3_1024d,犭,28,0.13452859645310256,0.13796031045993523,0.4253682866692543,0.5047588582549777,zh_char,cn_def,zh_char__INTERSECT__cn_def,,,
bge_m3_1024d,王,46,0.1471101004103927,0.27612703029349767,0.44165950689626776,0.5374040914618451,zh_char,cn_def,zh_char__INTERSECT__cn_def,,,
bge_m3_1024d,瓦,4,0.31033854652196174,0.36993398517370224,0.4341430366039276,0.5645583868026733,zh_char,cn_def,zh_char__INTERSECT__cn_def,,,
bge_m3_1024d,田,10,0.12024613423272965,0.1452243538573384,0.39711721986532206,0.5065075546503067,zh_char,cn_def,zh_char__INTERSECT__cn_def,,,
bge_m3_1024d,疒,48,0.2244366194742421,0.30616144797143835,0.43384671459595364,0.5380281905333201,zh_char,cn_def,zh_char__INTERSECT__cn_def,,,
bge_m3_1024d,白,7,0.0524686707981995,0.18461356524910247,0.37927777426583426,0.49356476749692646,zh_char,cn_def,zh_char__INTERSECT__cn_def,,,
bge_m3_1024d,皿,9,0.13048638279239333,0.2742427620622847,0.4269689851337009,0.5306339429484473,zh_char,cn_def,zh_char__INTERSECT__cn_def,,,
bge_m3_1024d,目,32,0.1805749947670847,0.30583461094647646,0.4621386923827231,0.5449077589437366,zh_char,cn_def,zh_char__INTERSECT__cn_def,,,
bge_m3_1024d,矢,4,0.11353611946105956,0.03584006428718562,0.3628772124648094,0.463549256324768,zh_char,cn_def,zh_char__INTERSECT__cn_def,,,
bge_m3_1024d,石,40,0.14508983115665613,0.22031699419021603,0.43334720805287363,0.5231906473636627,zh_char,cn_def,zh_char__INTERSECT__cn_def,,,
bge_m3_1024d,示,5,0.10632574539631608,0.04700081944465634,0.4093066155910492,0.47203853726387024,zh_char,cn_def,zh_char__INTERSECT__cn_def,,,
bge_m3_1024d,礻,20,0.07718594167381523,0.21937754969112574,0.4182983048260212,0.5692152425646781,zh_char,cn_def,zh_char__INTERSECT__cn_def,,,
bge_m3_1024d,禾,25,0.10154732394963503,0.14407960724085567,0.4255839669704437,0.5206794595718384,zh_char,cn_def,zh_char__INTERSECT__cn_def,,,
bge_m3_1024d,穴,17,0.11089377932469631,0.09771054917398618,0.3809311635353986,0.5029344681431266,zh_char,cn_def,zh_char__INTERSECT__cn_def,,,
bge_m3_1024d,立,4,-0.15827075438573954,0.05231522093527015,0.3563424274325371,0.5069119334220886,zh_char,cn_def,zh_char__INTERSECT__cn_def,,,
bge_m3_1024d,竹,63,0.12773861645883508,0.2720295973861265,0.4274992909696367,0.5380802963461194,zh_char,cn_def,zh_char__INTERSECT__cn_def,,,
bge_m3_1024d,米,17,0.1230827068143031,0.24104457480065958,0.40235355759368224,0.4668172843316022,zh_char,cn_def,zh_char__INTERSECT__cn_def,,,
bge_m3_1024d,糸,99,0.14101253750950396,0.21500979166365028,0.4364520525089418,0.5425130204118863,zh_char,cn_def,zh_char__INTERSECT__cn_def,,,
bge_m3_1024d,羽,14,0.11349032373566711,0.09295044367068582,0.4283991264445441,0.5248248747416905,zh_char,cn_def,zh_char__INTERSECT__cn_def,,,
bge_m3_1024d,耒,6,0.07052944103876746,0.07895262974003951,0.3289834211270014,0.4301413247982661,zh_char,cn_def,zh_char__INTERSECT__cn_def,,,
bge_m3_1024d,耳,6,0.08261892199516295,0.07819111738353969,0.42885261774063105,0.4174070358276367,zh_char,cn_def,zh_char__INTERSECT__cn_def,,,
bge_m3_1024d,肉,73,0.1514459108704165,0.2556545521732267,0.4176294483142356,0.5229450464248657,zh_char,cn_def,zh_char__INTERSECT__cn_def,,,
bge_m3_1024d,舟,12,0.22277481853961942,0.32080425011614955,0.40388104567925137,0.533153290549914,zh_char,cn_def,zh_char__INTERSECT__cn_def,,,
bge_m3_1024d,艹,161,0.09089560930831182,0.27605919907251314,0.4352534982774939,0.5316857982496297,zh_char,cn_def,zh_char__INTERSECT__cn_def,,,
bge_m3_1024d,虫,79,0.21180149764883552,0.35051164262091056,0.39387330337415766,0.5295974676367603,zh_char,cn_def,zh_char__INTERSECT__cn_def,,,
bge_m3_1024d,行,5,0.04720787815749642,0.03417057059705258,0.40363110303878785,0.38206853866577145,zh_char,cn_def,zh_char__INTERSECT__cn_def,,,
bge_m3_1024d,衣,11,0.11930434846065258,0.1666666723110459,0.44739958372983063,0.49914551052180206,zh_char,cn_def,zh_char__INTERSECT__cn_def,,,
bge_m3_1024d,衤,34,0.15330842052422022,0.2752325047245797,0.4330377929350909,0.529627799987793,zh_char,cn_def,zh_char__INTERSECT__cn_def,,,
bge_m3_1024d,見,4,0.09132480341941115,0.15268483571708194,0.4327770546078682,0.541508212685585,zh_char,cn_def,zh_char__INTERSECT__cn_def,,,
bge_m3_1024d,言,98,0.14128589497080868,0.1787242674629907,0.43863311987750386,0.5581193575445487,zh_char,cn_def,zh_char__INTERSECT__cn_def,,,
bge_m3_1024d,豸,7,0.2348315502916063,0.3829521345240729,0.4004041978291103,0.5450252337115151,zh_char,cn_def,zh_char__INTERSECT__cn_def,,,
bge_m3_1024d,貝,30,0.1901480598375201,0.20245996837814645,0.43605385422706605,0.5589889109134674,zh_char,cn_def,zh_char__INTERSECT__cn_def,,,
bge_m3_1024d,走,8,0.08627518173307182,0.07266706670634447,0.4200253449380398,0.4942578636109829,zh_char,cn_def,zh_char__INTERSECT__cn_def,,,
bge_m3_1024d,車,25,0.16194854969158767,0.24602810628712174,0.4294495666027069,0.5372580206394195,zh_char,cn_def,zh_char__INTERSECT__cn_def,,,
bge_m3_1024d,辶,52,0.11738728937836217,0.18545636993188122,0.42492905029883754,0.5254552668103805,zh_char,cn_def,zh_char__INTERSECT__cn_def,,,
bge_m3_1024d,酉,20,0.12106805136427279,0.18653951003216204,0.39668399244546887,0.4901735052466393,zh_char,cn_def,zh_char__INTERSECT__cn_def,,,
bge_m3_1024d,釒,88,0.20419432404874396,0.25643382110865787,0.44277277487245476,0.5348295227370479,zh_char,cn_def,zh_char__INTERSECT__cn_def,,,
bge_m3_1024d,門,20,0.24421923588961364,0.126908222399652,0.45758385211229324,0.5224162265658379,zh_char,cn_def,zh_char__INTERSECT__cn_def,,,
bge_m3_1024d,阝,49,0.11754028193120444,0.15481897874982378,0.39908852352171525,0.5222168911476525,zh_char,cn_def,zh_char__INTERSECT__cn_def,,,
bge_m3_1024d,隹,11,0.042088636281815445,0.02948020601814442,0.3706087659705769,0.4938650510527871,zh_char,cn_def,zh_char__INTERSECT__cn_def,,,
bge_m3_1024d,雨,22,0.13236571188000112,0.24776289366524323,0.444216017018665,0.5299154967069626,zh_char,cn_def,zh_char__INTERSECT__cn_def,,,
bge_m3_1024d,革,13,0.015516493326196302,0.15917666994321805,0.3600196127708142,0.5126018203221835,zh_char,cn_def,zh_char__INTERSECT__cn_def,,,
bge_m3_1024d,頁,28,0.13100947073793834,0.10591470722907355,0.4467597944395883,0.5072905272245407,zh_char,cn_def,zh_char__INTERSECT__cn_def,,,
bge_m3_1024d,風,4,0.21280353097245092,0.20288055762648577,0.44560327380895615,0.4298692494630813,zh_char,cn_def,zh_char__INTERSECT__cn_def,,,
bge_m3_1024d,食,4,0.09616443701088428,0.0178062175400555,0.38666832819581026,0.44166892021894455,zh_char,cn_def,zh_char__INTERSECT__cn_def,,,
bge_m3_1024d,飠,22,0.17147560222921043,0.23360575252974572,0.4251397116617723,0.5396795028989966,zh_char,cn_def,zh_char__INTERSECT__cn_def,,,
bge_m3_1024d,馬,35,0.17307626788637462,0.24548167437314983,0.44736341748918806,0.515047676222665,zh_char,cn_def,zh_char__INTERSECT__cn_def,,,
bge_m3_1024d,骨,6,0.1437511121233304,0.3039761756857236,0.41295549273490906,0.4664858827988307,zh_char,cn_def,zh_char__INTERSECT__cn_def,,,
bge_m3_1024d,髟,11,0.2821663579141552,0.20262045176191765,0.4332618063146418,0.4834754900498824,zh_char,cn_def,zh_char__INTERSECT__cn_def,,,
bge_m3_1024d,鬼,9,0.12959193603860006,0.16029512219958833,0.4436272780100505,0.4464588628874885,zh_char,cn_def,zh_char__INTERSECT__cn_def,,,
bge_m3_1024d,魚,20,0.23202149458229537,0.45554171577095987,0.3969181321561336,0.5590200200676918,zh_char,cn_def,zh_char__INTERSECT__cn_def,,,
bge_m3_1024d,鳥,27,0.23215593480401567,0.43689411464664674,0.4250661510008353,0.5444261255087676,zh_char,cn_def,zh_char__INTERSECT__cn_def,,,
bge_m3_1024d,鹿,4,0.11904422007501127,0.2389135453850031,0.3715199902653694,0.4304821118712425,zh_char,cn_def,zh_char__INTERSECT__cn_def,,,
bge_m3_1024d,黑,10,0.09405071102082732,0.1665496481582522,0.4070217847824097,0.5283367097377777,zh_char,cn_def,zh_char__INTERSECT__cn_def,,,
bge_m3_1024d,齒,8,0.5589928785338998,0.25407327618449926,0.5790336765348911,0.4953555017709732,zh_char,cn_def,zh_char__INTERSECT__cn_def,,,
bge_m3_1024d,𧾷,48,0.2294022883288562,0.26275369889723754,0.4191731239358584,0.5155114388714234,zh_char,cn_def,zh_char__INTERSECT__cn_def,,,
gte_multilingual_base_768d,㫃,7,0.27143745270690744,0.21790622919797895,0.660591048853738,0.5584132756505694,zh_char,cn_def,zh_char__INTERSECT__cn_def,,,
gte_multilingual_base_768d,亻,138,0.07723272824659942,0.06048688613742157,0.6766667383304541,0.6023282724014227,zh_char,cn_def,zh_char__INTERSECT__cn_def,,,
gte_multilingual_base_768d,冫,6,0.15103885003676015,0.20152949417630828,0.6317501962184906,0.5287888298432032,zh_char,cn_def,zh_char__INTERSECT__cn_def,,,
gte_multilingual_base_768d,刂,20,0.13449881242122497,0.24471635688096285,0.6776896327733993,0.574155130982399,zh_char,cn_def,zh_char__INTERSECT__cn_def,,,
gte_multilingual_base_768d,力,16,0.04722868616227059,0.13213319564238188,0.6502235159277916,0.5929243192076683,zh_char,cn_def,zh_char__INTERSECT__cn_def,,,
gte_multilingual_base_768d,匚,5,0.05608578547835351,0.039428434707224395,0.611538565158844,0.4661312699317932,zh_char,cn_def,zh_char__INTERSECT__cn_def,,,
gte_multilingual_base_768d,口,122,0.1958438837290054,0.2425310035984291,0.6798485175507968,0.5812241821015467,zh_char,cn_def,zh_char__INTERSECT__cn_def,,,
gte_multilingual_base_768d,囗,10,0.19992185812443491,0.15169867873191828,0.6757670640945435,0.5326960474252701,zh_char,cn_def,zh_char__INTERSECT__cn_def,,,
gte_multilingual_base_768d,土,66,0.17686344928700812,0.20736280459007528,0.6752141750220096,0.5935905255151518,zh_char,cn_def,zh_char__INTERSECT__cn_def,,,
gte_multilingual_base_768d,大,4,-0.0048069511540233985,0.04733739490620788,0.6110319644212723,0.588783010840416,zh_char,cn_def,zh_char__INTERSECT__cn_def,,,
gte_multilingual_base_768d,女,69,0.13643700861628502,0.18088468586675063,0.6693981341693712,0.5862532335778942,zh_char,cn_def,zh_char__INTERSECT__cn_def,,,
gte_multilingual_base_768d,子,6,-0.0029735825955867676,0.11096699846287565,0.6044797003269196,0.4790688455104828,zh_char,cn_def,zh_char__INTERSECT__cn_def,,,
gte_multilingual_base_768d,宀,20,0.10557553065009413,0.15886234715580938,0.6718159645795823,0.5336584866046905,zh_char,cn_def,zh_char__INTERSECT__cn_def,,,
gte_multilingual_base_768d,尸,7,0.07258207044963325,0.06424433072762827,0.6140217695917402,0.5284627505711147,zh_char,cn_def,zh_char__INTERSECT__cn_def,,,
gte_multilingual_base_768d,山,38,0.15890673508769582,0.26753888401742043,0.6752508266976005,0.580628973873038,zh_char,cn_def,zh_char__INTERSECT__cn_def,,,
gte_multilingual_base_768d,巾,22,0.15274857992137017,0.18663271948356516,0.6742237318645824,0.5768079215830023,zh_char,cn_def,zh_char__INTERSECT__cn_def,,,
gte_multilingual_base_768d,广,25,0.08893398378044365,0.16405912272632117,0.6792320227622985,0.5886353385448456,zh_char,cn_def,zh_char__INTERSECT__cn_def,,,
gte_multilingual_base_768d,弓,9,0.10160692698425713,0.10414178793629009,0.6386299729347229,0.5501444505320655,zh_char,cn_def,zh_char__INTERSECT__cn_def,,,
gte_multilingual_base_768d,彡,6,-0.08318801767503219,0.11228214638928573,0.6126982072989146,0.5922658940156301,zh_char,cn_def,zh_char__INTERSECT__cn_def,,,
gte_multilingual_base_768d,彳,14,0.08400404014225514,0.11141896247863767,0.651585442679269,0.5598182337624686,zh_char,cn_def,zh_char__INTERSECT__cn_def,,,
gte_multilingual_base_768d,心,46,0.1958653295068475,0.1743861366184833,0.6604150598463805,0.5836901139953862,zh_char,cn_def,zh_char__INTERSECT__cn_def,,,
gte_multilingual_base_768d,忄,80,0.18168905847123823,0.24178334984462704,0.668196975439787,0.5898204144090414,zh_char,cn_def,zh_char__INTERSECT__cn_def,,,
gte_multilingual_base_768d,戈,6,0.13513327762484548,0.06163767290612062,0.6131439507007599,0.5634256601333618,zh_char,cn_def,zh_char__INTERSECT__cn_def,,,
gte_multilingual_base_768d,手,7,0.11670202282922607,0.15759813572679243,0.6573724406106132,0.5481907895633152,zh_char,cn_def,zh_char__INTERSECT__cn_def,,,
gte_multilingual_base_768d,扌,145,0.18339472445177618,0.2134100958062657,0.6724985352877912,0.5947280797465094,zh_char,cn_def,zh_char__INTERSECT__cn_def,,,
gte_multilingual_base_768d,攵,14,0.039448539127728756,0.09555344775851281,0.6656116545200348,0.5796043170349938,zh_char,cn_def,zh_char__INTERSECT__cn_def,,,
gte_multilingual_base_768d,斗,5,-0.0024244844913482804,0.07122403122484681,0.6488099455833435,0.5365075767040253,zh_char,cn_def,zh_char__INTERSECT__cn_def,,,
gte_multilingual_base_768d,斤,4,0.0870367670431733,0.05134074413217602,0.649501159787178,0.49216369539499283,zh_char,cn_def,zh_char__INTERSECT__cn_def,,,
gte_multilingual_base_768d,日,45,0.13121865482793912,0.2085325827201207,0.6992031428549025,0.6080490933524237,zh_char,cn_def,zh_char__INTERSECT__cn_def,,,
gte_multilingual_base_768d,月,4,-0.026459048967808502,0.2430217210203409,0.628546342253685,0.5329127535223961,zh_char,cn_def,zh_char__INTERSECT__cn_def,,,
gte_multilingual_base_768d,木,146,0.16940974617338647,0.23309608775331345,0.6658540255811116,0.5859130629121441,zh_char,cn_def,zh_char__INTERSECT__cn_def,,,
gte_multilingual_base_768d,林,4,-0.09392895177006724,-0.023775602690875523,0.5825439095497131,0.4781087189912796,zh_char,cn_def,zh_char__INTERSECT__cn_def,,,
gte_multilingual_base_768d,欠,14,0.05374865912433181,0.08448531318988116,0.6514784821442196,0.5895768169845853,zh_char,cn_def,zh_char__INTERSECT__cn_def,,,
gte_multilingual_base_768d,歹,11,0.23243431001901627,0.22157244121825148,0.6640209338881753,0.5677418166940863,zh_char,cn_def,zh_char__INTERSECT__cn_def,,,
gte_multilingual_base_768d,毛,5,0.1582904767245054,0.16158448047935958,0.6247870087623596,0.6078490018844604,zh_char,cn_def,zh_char__INTERSECT__cn_def,,,
gte_multilingual_base_768d,水,4,0.08659413503482935,0.0274189608171582,0.5725394934415817,0.47119902074337006,zh_char,cn_def,zh_char__INTERSECT__cn_def,,,
gte_multilingual_base_768d,氵,198,0.14539249401746523,0.2530822924201875,0.667099571288234,0.577799809701515,zh_char,cn_def,zh_char__INTERSECT__cn_def,,,
gte_multilingual_base_768d,火,36,0.1849820149169924,0.251287692045379,0.663017115659184,0.6361835168467628,zh_char,cn_def,zh_char__INTERSECT__cn_def,,,
gte_multilingual_base_768d,牜,10,0.09202796798199415,0.11829119157046078,0.6326463699340821,0.5393865555524826,zh_char,cn_def,zh_char__INTERSECT__cn_def,,,
gte_multilingual_base_768d,犬,4,0.05086556449532505,0.07765067042782903,0.6574367582798004,0.6131562367081642,zh_char,cn_def,zh_char__INTERSECT__cn_def,,,
gte_multilingual_base_768d,犭,28,0.19479156651401092,0.14966482825444213,0.665848433971405,0.5753568410873413,zh_char,cn_def,zh_char__INTERSECT__cn_def,,,
gte_multilingual_base_768d,王,46,0.1309285531144427,0.2953008505536,0.6806081092875936,0.6018898221461669,zh_char,cn_def,zh_char__INTERSECT__cn_def,,,
gte_multilingual_base_768d,瓦,4,0.397656686604023,0.3862854614853859,0.7056620717048645,0.627063512802124,zh_char,cn_def,zh_char__INTERSECT__cn_def,,,
gte_multilingual_base_768d,田,10,0.14263787968084213,0.17663459926843644,0.6745915651321411,0.5848984658718109,zh_char,cn_def,zh_char__INTERSECT__cn_def,,,
gte_multilingual_base_768d,疒,48,0.2583901679414945,0.28061925293877715,0.6703685882190863,0.5968382284045219,zh_char,cn_def,zh_char__INTERSECT__cn_def,,,
gte_multilingual_base_768d,白,7,0.1608770524284669,0.24969249538012914,0.6405763455799648,0.6066005315099444,zh_char,cn_def,zh_char__INTERSECT__cn_def,,,
gte_multilingual_base_768d,皿,9,0.1406959229045444,0.28956935554742813,0.6680937475628324,0.5964005125893487,zh_char,cn_def,zh_char__INTERSECT__cn_def,,,
gte_multilingual_base_768d,目,32,0.20923533616587517,0.33022705279290676,0.6892786622047424,0.5933540081605315,zh_char,cn_def,zh_char__INTERSECT__cn_def,,,
gte_multilingual_base_768d,矢,4,0.05316484253853557,0.0969376591965556,0.5747965723276138,0.49210329353809357,zh_char,cn_def,zh_char__INTERSECT__cn_def,,,
gte_multilingual_base_768d,石,40,0.15645387759432194,0.23364636506885286,0.6617844671010971,0.6028106451034546,zh_char,cn_def,zh_char__INTERSECT__cn_def,,,
gte_multilingual_base_768d,示,5,0.17067064829170703,0.06969426069408655,0.6988875865936279,0.5814394950866699,zh_char,cn_def,zh_char__INTERSECT__cn_def,,,
gte_multilingual_base_768d,礻,20,0.07597690694965421,0.22188498247414823,0.6516721248626709,0.5741010263562203,zh_char,cn_def,zh_char__INTERSECT__cn_def,,,
gte_multilingual_base_768d,禾,25,0.13809387825429437,0.11378239402547477,0.6662762928009033,0.5796096050739288,zh_char,cn_def,zh_char__INTERSECT__cn_def,,,
gte_multilingual_base_768d,穴,17,0.1614034736583776,0.10799693031346093,0.6636586925562691,0.5471372604370117,zh_char,cn_def,zh_char__INTERSECT__cn_def,,,
gte_multilingual_base_768d,立,4,-0.12007194943726063,0.0010882779024541265,0.6524242460727692,0.5497578531503677,zh_char,cn_def,zh_char__INTERSECT__cn_def,,,
gte_multilingual_base_768d,竹,63,0.15679204529003488,0.25567482719345697,0.6609456737836202,0.5834976387402367,zh_char,cn_def,zh_char__INTERSECT__cn_def,,,
gte_multilingual_base_768d,米,17,0.15542025184806652,0.27439579915474444,0.6634715900701635,0.5591716433272642,zh_char,cn_def,zh_char__INTERSECT__cn_def,,,
gte_multilingual_base_768d,糸,99,0.2084284476521942,0.22998698305037588,0.6530475243173465,0.5985292945847367,zh_char,cn_def,zh_char__INTERSECT__cn_def,,,
gte_multilingual_base_768d,羽,14,0.14234920777380464,0.12415258486622145,0.6679204106330872,0.5697034171649388,zh_char,cn_def,zh_char__INTERSECT__cn_def,,,
gte_multilingual_base_768d,耒,6,0.06933149090036746,0.043053942422072077,0.6523757378260294,0.4775933424631755,zh_char,cn_def,zh_char__INTERSECT__cn_def,,,
gte_multilingual_base_768d,耳,6,0.005517649464309202,0.02952500618994235,0.6211491028467814,0.4687355359395345,zh_char,cn_def,zh_char__INTERSECT__cn_def,,,
gte_multilingual_base_768d,肉,73,0.20849048059229572,0.24709189917943244,0.6695198498360099,0.582389529845486,zh_char,cn_def,zh_char__INTERSECT__cn_def,,,
gte_multilingual_base_768d,舟,12,0.29329202696681017,0.3263411093503236,0.6535543203353882,0.582335501909256,zh_char,cn_def,zh_char__INTERSECT__cn_def,,,
gte_multilingual_base_768d,艹,161,0.12188348568894938,0.25186761928525586,0.6714662061714978,0.580092294801096,zh_char,cn_def,zh_char__INTERSECT__cn_def,,,
gte_multilingual_base_768d,虫,79,0.34083285354832304,0.3263420120848319,0.6701725887346871,0.5978349292580085,zh_char,cn_def,zh_char__INTERSECT__cn_def,,,
gte_multilingual_base_768d,行,5,0.13106400910764932,0.0137399673461914,0.663510537147522,0.46069623827934264,zh_char,cn_def,zh_char__INTERSECT__cn_def,,,
gte_multilingual_base_768d,衣,11,0.15230271127074954,0.18887553364038467,0.6717150211334229,0.5342050194740295,zh_char,cn_def,zh_char__INTERSECT__cn_def,,,
gte_multilingual_base_768d,衤,34,0.1878193909959758,0.2919087413260165,0.6569497059373295,0.6064844376900617,zh_char,cn_def,zh_char__INTERSECT__cn_def,,,
gte_multilingual_base_768d,見,4,0.07541438238695261,0.147753027966246,0.6511197686195374,0.5974481180310249,zh_char,cn_def,zh_char__INTERSECT__cn_def,,,
gte_multilingual_base_768d,言,98,0.19795770587741718,0.1710257163290314,0.6549641018619343,0.5992315232145543,zh_char,cn_def,zh_char__INTERSECT__cn_def,,,
gte_multilingual_base_768d,豸,7,0.4471248303140913,0.41978976130485535,0.6689482416425433,0.5627752031598773,zh_char,cn_def,zh_char__INTERSECT__cn_def,,,
gte_multilingual_base_768d,貝,30,0.27054749969393016,0.2169453451099495,0.6602836589018504,0.5835560590028763,zh_char,cn_def,zh_char__INTERSECT__cn_def,,,
gte_multilingual_base_768d,走,8,0.09866958344355221,0.06707541737705466,0.6666836068034172,0.5065511912107468,zh_char,cn_def,zh_char__INTERSECT__cn_def,,,
gte_multilingual_base_768d,車,25,0.1677546796202659,0.23488205254077912,0.641107726097107,0.5826574289798736,zh_char,cn_def,zh_char__INTERSECT__cn_def,,,
gte_multilingual_base_768d,辶,52,0.13841587921174672,0.20124903819165552,0.6801697325247985,0.5783602251456335,zh_char,cn_def,zh_char__INTERSECT__cn_def,,,
gte_multilingual_base_768d,酉,20,0.14156394847668705,0.20145866628736253,0.6474563002586364,0.5678836956620217,zh_char,cn_def,zh_char__INTERSECT__cn_def,,,
gte_multilingual_base_768d,釒,88,0.24911468629513608,0.23092160344293167,0.650577443905852,0.6007354232397947,zh_char,cn_def,zh_char__INTERSECT__cn_def,,,
gte_multilingual_base_768d,門,20,0.24031124291941525,0.12911484781652688,0.6779909521341324,0.577034692466259,zh_char,cn_def,zh_char__INTERSECT__cn_def,,,
gte_multilingual_base_768d,阝,49,0.11849474201777149,0.13951220283550875,0.6660012736612436,0.5608373856057927,zh_char,cn_def,zh_char__INTERSECT__cn_def,,,
gte_multilingual_base_768d,隹,11,0.16069454852152953,0.03739979151975025,0.6442075534300371,0.5493521771647714,zh_char,cn_def,zh_char__INTERSECT__cn_def,,,
gte_multilingual_base_768d,雨,22,0.19730166938494548,0.29534134658222844,0.671348823742433,0.5905832946300507,zh_char,cn_def,zh_char__INTERSECT__cn_def,,,
gte_multilingual_base_768d,革,13,0.11053061671555041,0.22015674727467388,0.6363577246665955,0.5711801648139954,zh_char,cn_def,zh_char__INTERSECT__cn_def,,,
gte_multilingual_base_768d,頁,28,0.22766355598079305,0.10779208591806567,0.6584322367395673,0.5649937902178083,zh_char,cn_def,zh_char__INTERSECT__cn_def,,,
gte_multilingual_base_768d,風,4,0.24304041266441342,0.31097522377967834,0.6423273533582687,0.5268611311912537,zh_char,cn_def,zh_char__INTERSECT__cn_def,,,
gte_multilingual_base_768d,食,4,-0.019524250179529197,0.08529991842806339,0.5838529020547867,0.5090034455060959,zh_char,cn_def,zh_char__INTERSECT__cn_def,,,
gte_multilingual_base_768d,飠,22,0.219161502381956,0.22658866965635252,0.659328197891062,0.6036324175921354,zh_char,cn_def,zh_char__INTERSECT__cn_def,,,
gte_multilingual_base_768d,馬,35,0.22340129869324818,0.24201961968626295,0.6663282147475651,0.5822173510278974,zh_char,cn_def,zh_char__INTERSECT__cn_def,,,
gte_multilingual_base_768d,骨,6,0.20279913209378717,0.39710597197214753,0.6492089827855428,0.6154190599918365,zh_char,cn_def,zh_char__INTERSECT__cn_def,,,
gte_multilingual_base_768d,髟,11,0.32894180113957683,0.13645019788633694,0.6983901587399569,0.5765099417079579,zh_char,cn_def,zh_char__INTERSECT__cn_def,,,
gte_multilingual_base_768d,鬼,9,0.19194098065296805,0.17601184298594794,0.6647622452841865,0.5534342990981208,zh_char,cn_def,zh_char__INTERSECT__cn_def,,,
gte_multilingual_base_768d,魚,20,0.3335040148347616,0.4172903480939567,0.6270433366298676,0.5885132372379303,zh_char,cn_def,zh_char__INTERSECT__cn_def,,,
gte_multilingual_base_768d,鳥,27,0.34630781453516746,0.42625476392330947,0.6664978000852797,0.6053432954682244,zh_char,cn_def,zh_char__INTERSECT__cn_def,,,
gte_multilingual_base_768d,鹿,4,0.2722464948892593,0.2615015245974064,0.6270954310894012,0.4864931106567383,zh_char,cn_def,zh_char__INTERSECT__cn_def,,,
gte_multilingual_base_768d,黑,10,0.1921629324555397,0.11029434408992526,0.6715398728847504,0.5947251677513122,zh_char,cn_def,zh_char__INTERSECT__cn_def,,,
gte_multilingual_base_768d,齒,8,0.5647563226521015,0.23104655090719461,0.7666678056120872,0.5402244403958321,zh_char,cn_def,zh_char__INTERSECT__cn_def,,,
gte_multilingual_base_768d,𧾷,48,0.27798481304974604,0.254622167830045,0.6791807189583778,0.6007523039976755,zh_char,cn_def,zh_char__INTERSECT__cn_def,,,
qwen3_0.6b_1024d,㫃,7,0.163630313905222,0.2516195912446294,0.6131884029933384,0.39670472059931067,zh_char,cn_def,zh_char__INTERSECT__cn_def,,,
qwen3_0.6b_1024d,亻,138,0.10476654168029409,0.04525439155396019,0.6599274256091187,0.44137501543846686,zh_char,cn_def,zh_char__INTERSECT__cn_def,,,
qwen3_0.6b_1024d,冫,6,0.26224132875601447,0.24422591179609296,0.6219153801600138,0.3714592009782791,zh_char,cn_def,zh_char__INTERSECT__cn_def,,,
qwen3_0.6b_1024d,刂,20,0.1964495757129043,0.2482183057814836,0.636171618103981,0.4434922203421593,zh_char,cn_def,zh_char__INTERSECT__cn_def,,,
qwen3_0.6b_1024d,力,16,0.08146662660874425,0.11867949459701774,0.6266512647271156,0.42557442374527454,zh_char,cn_def,zh_char__INTERSECT__cn_def,,,
qwen3_0.6b_1024d,匚,5,0.13955301940441128,0.11392315924167631,0.5803821802139282,0.3856922566890716,zh_char,cn_def,zh_char__INTERSECT__cn_def,,,
qwen3_0.6b_1024d,口,122,0.31005687197884085,0.2442675462435381,0.6379747236849832,0.4295546640871001,zh_char,cn_def,zh_char__INTERSECT__cn_def,,,
qwen3_0.6b_1024d,囗,10,0.23724323958158489,0.13803448304533955,0.657347047328949,0.3654228955507278,zh_char,cn_def,zh_char__INTERSECT__cn_def,,,
qwen3_0.6b_1024d,土,66,0.2803207883949984,0.19138749113137069,0.6501432052164366,0.4552376586379427,zh_char,cn_def,zh_char__INTERSECT__cn_def,,,
qwen3_0.6b_1024d,大,4,0.11854584328830242,0.007410897873342048,0.5976665169000626,0.4493018835783005,zh_char,cn_def,zh_char__INTERSECT__cn_def,,,
qwen3_0.6b_1024d,女,69,0.2646212531118721,0.18607825156895144,0.6389719735885012,0.403787723917892,zh_char,cn_def,zh_char__INTERSECT__cn_def,,,
qwen3_0.6b_1024d,子,6,0.0030999781253437295,0.1904102172702551,0.5670227855443954,0.31108007331689197,zh_char,cn_def,zh_char__INTERSECT__cn_def,,,
qwen3_0.6b_1024d,宀,20,0.11288419449701906,0.10515709174796936,0.653260825574398,0.3835267551243305,zh_char,cn_def,zh_char__INTERSECT__cn_def,,,
qwen3_0.6b_1024d,尸,7,0.04493382360254015,0.025556087759988643,0.5617090719086784,0.3485670728342874,zh_char,cn_def,zh_char__INTERSECT__cn_def,,,
qwen3_0.6b_1024d,山,38,0.31587968472587435,0.2606383145688788,0.6629376395752555,0.46400344685504313,zh_char,cn_def,zh_char__INTERSECT__cn_def,,,
qwen3_0.6b_1024d,巾,22,0.2037741314958442,0.2682645214213566,0.6371895440600135,0.41906302354552527,zh_char,cn_def,zh_char__INTERSECT__cn_def,,,
qwen3_0.6b_1024d,广,25,0.21951519131660457,0.14191646900027988,0.6538230466842652,0.4191738712787628,zh_char,cn_def,zh_char__INTERSECT__cn_def,,,
qwen3_0.6b_1024d,弓,9,0.17969822469684807,0.13546291945709119,0.6453159848848978,0.3748035828272502,zh_char,cn_def,zh_char__INTERSECT__cn_def,,,
qwen3_0.6b_1024d,彡,6,0.1343051126847664,0.10950447246432303,0.6335419913132986,0.44022125005722046,zh_char,cn_def,zh_char__INTERSECT__cn_def,,,
qwen3_0.6b_1024d,彳,14,0.08963705253388199,0.14071152306028772,0.6246238840477807,0.4662736505270004,zh_char,cn_def,zh_char__INTERSECT__cn_def,,,
qwen3_0.6b_1024d,心,46,0.28244398706390156,0.20057554692839794,0.6232729968817338,0.42223432206589245,zh_char,cn_def,zh_char__INTERSECT__cn_def,,,
qwen3_0.6b_1024d,忄,80,0.33486435889499255,0.2662238311488181,0.6278561312705279,0.42303440514951945,zh_char,cn_def,zh_char__INTERSECT__cn_def,,,
qwen3_0.6b_1024d,戈,6,0.1400344165352483,0.15163410330812133,0.6325915853182474,0.4018726895252864,zh_char,cn_def,zh_char__INTERSECT__cn_def,,,
qwen3_0.6b_1024d,手,7,0.12331530611429894,0.1575911130223955,0.6382386258670262,0.421123063990048,zh_char,cn_def,zh_char__INTERSECT__cn_def,,,
qwen3_0.6b_1024d,扌,145,0.21688228031813067,0.22181749966894754,0.6423914483908949,0.44889722939195303,zh_char,cn_def,zh_char__INTERSECT__cn_def,,,
qwen3_0.6b_1024d,攵,14,0.0795888223552278,0.12264196468251086,0.6383167803287506,0.4283528540815626,zh_char,cn_def,zh_char__INTERSECT__cn_def,,,
qwen3_0.6b_1024d,斗,5,0.028783232718706142,0.059507325291633585,0.6074230909347534,0.4211697578430176,zh_char,cn_def,zh_char__INTERSECT__cn_def,,,
qwen3_0.6b_1024d,斤,4,0.07241074647754432,0.0958748620469123,0.6176628470420837,0.42181339859962463,zh_char,cn_def,zh_char__INTERSECT__cn_def,,,
qwen3_0.6b_1024d,日,45,0.21318940752082396,0.22399200660487012,0.6585110425949097,0.45454176399442886,zh_char,cn_def,zh_char__INTERSECT__cn_def,,,
qwen3_0.6b_1024d,月,4,0.13099910970777273,0.23914023488759995,0.6863119900226593,0.4108926206827163,zh_char,cn_def,zh_char__INTERSECT__cn_def,,,
qwen3_0.6b_1024d,木,146,0.25732041838617153,0.27505251769716405,0.6404928222094497,0.40933798906737806,zh_char,cn_def,zh_char__INTERSECT__cn_def,,,
qwen3_0.6b_1024d,林,4,0.12215280160307881,-0.05880105029791591,0.5576795488595963,0.324039563536644,zh_char,cn_def,zh_char__INTERSECT__cn_def,,,
qwen3_0.6b_1024d,欠,14,0.1334863720860864,0.05337830839146459,0.6410727373191288,0.44701329725129263,zh_char,cn_def,zh_char__INTERSECT__cn_def,,,
qwen3_0.6b_1024d,歹,11,0.27696868438612327,0.20958423885432156,0.6227935715155168,0.4062251800840551,zh_char,cn_def,zh_char__INTERSECT__cn_def,,,
qwen3_0.6b_1024d,毛,5,0.23168655037879943,0.19738264908082784,0.5746387541294098,0.4430889129638672,zh_char,cn_def,zh_char__INTERSECT__cn_def,,,
qwen3_0.6b_1024d,水,4,0.16661283373832697,0.030048171989619725,0.5905601233243942,0.3221977725625038,zh_char,cn_def,zh_char__INTERSECT__cn_def,,,
qwen3_0.6b_1024d,氵,198,0.27587433061045075,0.22294839702998143,0.6406403632477077,0.4257033227971106,zh_char,cn_def,zh_char__INTERSECT__cn_def,,,
qwen3_0.6b_1024d,火,36,0.3344926783401105,0.24824859424390727,0.61353450268507,0.47564949178033405,zh_char,cn_def,zh_char__INTERSECT__cn_def,,,
qwen3_0.6b_1024d,牜,10,0.15393893308937545,0.10049359202384948,0.5931368231773376,0.35794527530670167,zh_char,cn_def,zh_char__INTERSECT__cn_def,,,
qwen3_0.6b_1024d,犬,4,-0.03992273146286605,0.09388073254376647,0.5763312429189682,0.4574904516339302,zh_char,cn_def,zh_char__INTERSECT__cn_def,,,
qwen3_0.6b_1024d,犭,28,0.3626355762327356,0.1894245990053085,0.6228564413530486,0.3753143548965454,zh_char,cn_def,zh_char__INTERSECT__cn_def,,,
qwen3_0.6b_1024d,王,46,0.24446751622726084,0.28497786896870186,0.6710638021645339,0.46074492711087933,zh_char,cn_def,zh_char__INTERSECT__cn_def,,,
qwen3_0.6b_1024d,瓦,4,0.2741110473871231,0.404385220259428,0.6175714731216431,0.5131035819649696,zh_char,cn_def,zh_char__INTERSECT__cn_def,,,
qwen3_0.6b_1024d,田,10,0.10809432957321403,0.1609544428065419,0.6521738171577454,0.4476882189512253,zh_char,cn_def,zh_char__INTERSECT__cn_def,,,
qwen3_0.6b_1024d,疒,48,0.4042069964731733,0.3132989853232478,0.6279754284769297,0.4240760765969753,zh_char,cn_def,zh_char__INTERSECT__cn_def,,,
qwen3_0.6b_1024d,白,7,0.21248632350138255,0.20955654393349374,0.5970849479947772,0.3748421434845243,zh_char,cn_def,zh_char__INTERSECT__cn_def,,,
qwen3_0.6b_1024d,皿,9,0.1823490833242734,0.27933700424101615,0.652243071132236,0.43597918086581755,zh_char,cn_def,zh_char__INTERSECT__cn_def,,,
qwen3_0.6b_1024d,目,32,0.31828290165867656,0.30875835940241814,0.656739704310894,0.4528770325705409,zh_char,cn_def,zh_char__INTERSECT__cn_def,,,
qwen3_0.6b_1024d,矢,4,0.06654737005010246,0.057139359414577484,0.5233528465032578,0.3379930555820465,zh_char,cn_def,zh_char__INTERSECT__cn_def,,,
qwen3_0.6b_1024d,石,40,0.2518443232402205,0.21741565337870267,0.6249465048313141,0.4283071331679821,zh_char,cn_def,zh_char__INTERSECT__cn_def,,,
qwen3_0.6b_1024d,示,5,0.18672755770385263,0.0136280883103609,0.6155622720718383,0.31611196994781493,zh_char,cn_def,zh_char__INTERSECT__cn_def,,,
qwen3_0.6b_1024d,礻,20,0.20371920079924166,0.23878562096506353,0.6429981023073197,0.4609066143631935,zh_char,cn_def,zh_char__INTERSECT__cn_def,,,
qwen3_0.6b_1024d,禾,25,0.17495857581496235,0.16902883902192112,0.6076413822174073,0.44158109903335574,zh_char,cn_def,zh_char__INTERSECT__cn_def,,,
qwen3_0.6b_1024d,穴,17,0.22865675806122662,0.10364293422111691,0.6088719140080845,0.41002923425506144,zh_char,cn_def,zh_char__INTERSECT__cn_def,,,
qwen3_0.6b_1024d,立,4,-0.0231659668497741,-0.0467396611347794,0.6115227937698364,0.35778092592954636,zh_char,cn_def,zh_char__INTERSECT__cn_def,,,
qwen3_0.6b_1024d,竹,63,0.2749354918561285,0.2944242009922626,0.6381493347977835,0.43560691154192366,zh_char,cn_def,zh_char__INTERSECT__cn_def,,,
qwen3_0.6b_1024d,米,17,0.25587442736415295,0.2530692544053582,0.6385390618268181,0.39739979628254385,zh_char,cn_def,zh_char__INTERSECT__cn_def,,,
qwen3_0.6b_1024d,糸,99,0.3725537940521132,0.2580536029423879,0.6366378029789588,0.4509661450530543,zh_char,cn_def,zh_char__INTERSECT__cn_def,,,
qwen3_0.6b_1024d,羽,14,0.355804803249027,0.10219220098640235,0.6553206933396203,0.4246811121702194,zh_char,cn_def,zh_char__INTERSECT__cn_def,,,
qwen3_0.6b_1024d,耒,6,0.15680422385533646,0.11635168517629306,0.573428084452947,0.27692374090353644,zh_char,cn_def,zh_char__INTERSECT__cn_def,,,
qwen3_0.6b_1024d,耳,6,0.24526274949312207,0.18709556758403775,0.6250512699286143,0.3907910784085591,zh_char,cn_def,zh_char__INTERSECT__cn_def,,,
qwen3_0.6b_1024d,肉,73,0.3126946688336256,0.24453879623635577,0.6195399442764178,0.41350592489111915,zh_char,cn_def,zh_char__INTERSECT__cn_def,,,
qwen3_0.6b_1024d,舟,12,0.35445796636243654,0.37991412604848546,0.6431505928436915,0.4876022736231486,zh_char,cn_def,zh_char__INTERSECT__cn_def,,,
qwen3_0.6b_1024d,艹,161,0.282298041339848,0.3004150473692032,0.6527147726242587,0.41591089806571513,zh_char,cn_def,zh_char__INTERSECT__cn_def,,,
qwen3_0.6b_1024d,虫,79,0.5134213741255712,0.38608370226206656,0.6561159838604022,0.43432982322535935,zh_char,cn_def,zh_char__INTERSECT__cn_def,,,
qwen3_0.6b_1024d,行,5,0.20291174650192256,0.0018225172534585012,0.5966586947441102,0.21786093264818188,zh_char,cn_def,zh_char__INTERSECT__cn_def,,,
qwen3_0.6b_1024d,衣,11,0.2462798993695866,0.2385424541478807,0.6515664675019004,0.4011421501636505,zh_char,cn_def,zh_char__INTERSECT__cn_def,,,
qwen3_0.6b_1024d,衤,34,0.28005193091709824,0.29046867897405343,0.643386539290933,0.45754265609909506,zh_char,cn_def,zh_char__INTERSECT__cn_def,,,
qwen3_0.6b_1024d,見,4,0.29320313408970833,0.08571082912385461,0.669900432229042,0.43808820098638535,zh_char,cn_def,zh_char__INTERSECT__cn_def,,,
qwen3_0.6b_1024d,言,98,0.3344131083256204,0.17689486287952377,0.6318017101409484,0.44060129200925635,zh_char,cn_def,zh_char__INTERSECT__cn_def,,,
qwen3_0.6b_1024d,豸,7,0.4658730242933546,0.4416436957461493,0.6255207913262504,0.38419407180377413,zh_char,cn_def,zh_char__INTERSECT__cn_def,,,
qwen3_0.6b_1024d,貝,30,0.3874633674820264,0.22646953963364164,0.6507024725278219,0.4344835142294566,zh_char,cn_def,zh_char__INTERSECT__cn_def,,,
qwen3_0.6b_1024d,走,8,0.14690065546892578,0.04294105712324378,0.650103148072958,0.35952891409397125,zh_char,cn_def,zh_char__INTERSECT__cn_def,,,
qwen3_0.6b_1024d,車,25,0.3421654229238629,0.23026508681476113,0.6416103076934815,0.43788094878196715,zh_char,cn_def,zh_char__INTERSECT__cn_def,,,
qwen3_0.6b_1024d,辶,52,0.1696551472951586,0.2052450372586743,0.6415329953798881,0.42265977051395637,zh_char,cn_def,zh_char__INTERSECT__cn_def,,,
qwen3_0.6b_1024d,酉,20,0.23713148962706326,0.17788838916458186,0.6237854838371277,0.3966430388391018,zh_char,cn_def,zh_char__INTERSECT__cn_def,,,
qwen3_0.6b_1024d,釒,88,0.4224499403075738,0.268413230035962,0.6227022822607647,0.43064324083653366,zh_char,cn_def,zh_char__INTERSECT__cn_def,,,
qwen3_0.6b_1024d,門,20,0.33305271156132216,0.10758184585720296,0.6356583639979363,0.4291036084294319,zh_char,cn_def,zh_char__INTERSECT__cn_def,,,
qwen3_0.6b_1024d,阝,49,0.21964827463106837,0.1515263783536395,0.6564084595563461,0.41641173040380286,zh_char,cn_def,zh_char__INTERSECT__cn_def,,,
qwen3_0.6b_1024d,隹,11,0.1355025717480616,0.07292481257834216,0.6072779595851898,0.42516764998435974,zh_char,cn_def,zh_char__INTERSECT__cn_def,,,
qwen3_0.6b_1024d,雨,22,0.287423337386413,0.3025326955724846,0.6444608501412652,0.43823770636861975,zh_char,cn_def,zh_char__INTERSECT__cn_def,,,
qwen3_0.6b_1024d,革,13,0.21318120495058018,0.21067566438936267,0.62793518946721,0.4218655962210435,zh_char,cn_def,zh_char__INTERSECT__cn_def,,,
qwen3_0.6b_1024d,頁,28,0.34528718755713533,0.11975124302054088,0.6443394550255367,0.4063751058919089,zh_char,cn_def,zh_char__INTERSECT__cn_def,,,
qwen3_0.6b_1024d,風,4,0.480347141623497,0.19706082157790655,0.6412802934646606,0.31335053965449333,zh_char,cn_def,zh_char__INTERSECT__cn_def,,,
qwen3_0.6b_1024d,食,4,0.06926358863711354,-0.026062003918923448,0.5840992629528046,0.2769134268164634,zh_char,cn_def,zh_char__INTERSECT__cn_def,,,
qwen3_0.6b_1024d,飠,22,0.38006632978265936,0.2524804143891246,0.6144496961073442,0.44247961857102136,zh_char,cn_def,zh_char__INTERSECT__cn_def,,,
qwen3_0.6b_1024d,馬,35,0.4135929936809199,0.22320879623293877,0.64126809324537,0.42217929618699207,zh_char,cn_def,zh_char__INTERSECT__cn_def,,,
qwen3_0.6b_1024d,骨,6,0.31949230780204135,0.3045858989159266,0.6243798832098643,0.4314442922671636,zh_char,cn_def,zh_char__INTERSECT__cn_def,,,
qwen3_0.6b_1024d,髟,11,0.2645066197622906,0.22916584851389582,0.6872493733059276,0.36526125127618964,zh_char,cn_def,zh_char__INTERSECT__cn_def,,,
qwen3_0.6b_1024d,鬼,9,0.3472193082173665,0.18630960500902594,0.6008671025435129,0.36227709054946894,zh_char,cn_def,zh_char__INTERSECT__cn_def,,,
qwen3_0.6b_1024d,魚,20,0.6506316944956779,0.49313889890909196,0.6645839035511016,0.42681985050439836,zh_char,cn_def,zh_char__INTERSECT__cn_def,,,
qwen3_0.6b_1024d,鳥,27,0.6088751742133388,0.4925256139702267,0.6731435789002312,0.44916162225935197,zh_char,cn_def,zh_char__INTERSECT__cn_def,,,
qwen3_0.6b_1024d,鹿,4,0.4236831068992615,0.3040497973561287,0.6570580154657364,0.35347043350338936,zh_char,cn_def,zh_char__INTERSECT__cn_def,,,
qwen3_0.6b_1024d,黑,10,0.15749240741133688,0.09379175454378127,0.625979894399643,0.416707307100296,zh_char,cn_def,zh_char__INTERSECT__cn_def,,,
qwen3_0.6b_1024d,齒,8,0.4176034089177847,0.19136698637157676,0.61866045743227,0.3680205829441547,zh_char,cn_def,zh_char__INTERSECT__cn_def,,,
qwen3_0.6b_1024d,𧾷,48,0.31241968778582907,0.2871295510946462,0.6412883860369524,0.44854841629664105,zh_char,cn_def,zh_char__INTERSECT__cn_def,,,
qwen3_4b_2560d_int8,㫃,7,0.2564295244602753,0.2111993027584893,0.6671856556619916,0.3754607949938093,zh_char,cn_def,zh_char__INTERSECT__cn_def,,,
qwen3_4b_2560d_int8,亻,138,0.10647895750319718,0.04164143881180147,0.6690433880557185,0.44191703481086786,zh_char,cn_def,zh_char__INTERSECT__cn_def,,,
qwen3_4b_2560d_int8,冫,6,0.3003109842538833,0.20142066975434617,0.6103736609220505,0.36104000608126324,zh_char,cn_def,zh_char__INTERSECT__cn_def,,,
qwen3_4b_2560d_int8,刂,20,0.2934890042059123,0.23140560784377157,0.6626412123441696,0.41768272817134855,zh_char,cn_def,zh_char__INTERSECT__cn_def,,,
qwen3_4b_2560d_int8,力,16,0.166680728783831,0.17154084017965937,0.5942723490297794,0.42411525920033455,zh_char,cn_def,zh_char__INTERSECT__cn_def,,,
qwen3_4b_2560d_int8,匚,5,0.16942223906517023,0.09870600048452612,0.6094172120094299,0.3731047809123993,zh_char,cn_def,zh_char__INTERSECT__cn_def,,,
qwen3_4b_2560d_int8,口,122,0.3295629660514962,0.2200411259498233,0.6659034764180418,0.4276778308338806,zh_char,cn_def,zh_char__INTERSECT__cn_def,,,
qwen3_4b_2560d_int8,囗,10,0.24454906601458784,0.1587224297225475,0.5752913683652878,0.37323435544967654,zh_char,cn_def,zh_char__INTERSECT__cn_def,,,
qwen3_4b_2560d_int8,土,66,0.24521043778143145,0.19917739312531368,0.6589666722398816,0.44460597092455084,zh_char,cn_def,zh_char__INTERSECT__cn_def,,,
qwen3_4b_2560d_int8,大,4,-0.04393737856298682,0.036074421252124025,0.6289497166872025,0.4495261237025261,zh_char,cn_def,zh_char__INTERSECT__cn_def,,,
qwen3_4b_2560d_int8,女,69,0.26880229499353014,0.16488573769701345,0.6622087005255879,0.4306851953699969,zh_char,cn_def,zh_char__INTERSECT__cn_def,,,
qwen3_4b_2560d_int8,子,6,0.034856688541670615,0.14772270992398262,0.5574400623639425,0.32279191414515174,zh_char,cn_def,zh_char__INTERSECT__cn_def,,,
qwen3_4b_2560d_int8,宀,20,0.11048674106132236,0.12996773549821222,0.6683017492294312,0.3826917842030525,zh_char,cn_def,zh_char__INTERSECT__cn_def,,,
qwen3_4b_2560d_int8,尸,7,0.14053762092122007,0.0211474008059927,0.6427016173090253,0.34170214193207876,zh_char,cn_def,zh_char__INTERSECT__cn_def,,,
qwen3_4b_2560d_int8,山,38,0.32331420721388177,0.25705947870952317,0.6750621999564924,0.455806796488009,zh_char,cn_def,zh_char__INTERSECT__cn_def,,,
qwen3_4b_2560d_int8,巾,22,0.23003205419941378,0.24041865427385672,0.6652191904458132,0.4105544130910527,zh_char,cn_def,zh_char__INTERSECT__cn_def,,,
qwen3_4b_2560d_int8,广,25,0.19032353613525627,0.1323411662690341,0.6522566485404968,0.413846755027771,zh_char,cn_def,zh_char__INTERSECT__cn_def,,,
qwen3_4b_2560d_int8,弓,9,0.15843810844752518,0.0795262138255768,0.6457457409964668,0.3404226236873203,zh_char,cn_def,zh_char__INTERSECT__cn_def,,,
qwen3_4b_2560d_int8,彡,6,0.01798971462994815,0.01628257147967815,0.6030411720275879,0.4576680064201355,zh_char,cn_def,zh_char__INTERSECT__cn_def,,,
qwen3_4b_2560d_int8,彳,14,0.10376033599355387,0.19521948908056527,0.6294243250574384,0.44012060122830526,zh_char,cn_def,zh_char__INTERSECT__cn_def,,,
qwen3_4b_2560d_int8,心,46,0.28684513728417776,0.1757780931404103,0.6353689017503158,0.43780933968398883,zh_char,cn_def,zh_char__INTERSECT__cn_def,,,
qwen3_4b_2560d_int8,忄,80,0.3266551991517189,0.249319271557033,0.6558624304831028,0.44623080398887394,zh_char,cn_def,zh_char__INTERSECT__cn_def,,,
qwen3_4b_2560d_int8,戈,6,0.16497237297395861,0.06752980624636011,0.5986240605513254,0.39276763796806335,zh_char,cn_def,zh_char__INTERSECT__cn_def,,,
qwen3_4b_2560d_int8,手,7,0.22608077313218794,0.16228205923523223,0.6823029092379979,0.4134718562875475,zh_char,cn_def,zh_char__INTERSECT__cn_def,,,
qwen3_4b_2560d_int8,扌,145,0.293036706257483,0.23801688732386658,0.6679019981417162,0.44412616409104444,zh_char,cn_def,zh_char__INTERSECT__cn_def,,,
qwen3_4b_2560d_int8,攵,14,0.10422235088688984,0.10351039921598772,0.6540380077702659,0.4129329047032765,zh_char,cn_def,zh_char__INTERSECT__cn_def,,,
qwen3_4b_2560d_int8,斗,5,-0.008844204992055899,-0.0018226816318929015,0.5792308688163758,0.4059986412525177,zh_char,cn_def,zh_char__INTERSECT__cn_def,,,
qwen3_4b_2560d_int8,斤,4,0.11728492518886925,0.07184369955211875,0.6128640174865723,0.3565641418099403,zh_char,cn_def,zh_char__INTERSECT__cn_def,,,
qwen3_4b_2560d_int8,日,45,0.2065483284493287,0.19738676905528535,0.6804496235317654,0.4574997517797682,zh_char,cn_def,zh_char__INTERSECT__cn_def,,,
qwen3_4b_2560d_int8,月,4,0.08942977030528708,0.2382857054471969,0.665294736623764,0.4018972665071487,zh_char,cn_def,zh_char__INTERSECT__cn_def,,,
qwen3_4b_2560d_int8,木,146,0.29316285688570404,0.2382617851094126,0.6591070516876978,0.42778770145896355,zh_char,cn_def,zh_char__INTERSECT__cn_def,,,
qwen3_4b_2560d_int8,林,4,0.06591917760670182,-0.0442927494877949,0.6520377993583679,0.30286651477217674,zh_char,cn_def,zh_char__INTERSECT__cn_def,,,
qwen3_4b_2560d_int8,欠,14,0.12635459045746494,0.04234158314232312,0.6641926978315625,0.4576199757201331,zh_char,cn_def,zh_char__INTERSECT__cn_def,,,
qwen3_4b_2560d_int8,歹,11,0.33286518468098203,0.1977767625992948,0.6061591316353191,0.4066610742699016,zh_char,cn_def,zh_char__INTERSECT__cn_def,,,
qwen3_4b_2560d_int8,毛,5,0.16624099314212798,0.18488662838935846,0.5593814015388489,0.4288456678390503,zh_char,cn_def,zh_char__INTERSECT__cn_def,,,
qwen3_4b_2560d_int8,水,4,0.11505474802106615,0.10004526982083915,0.5457243993878365,0.40066346526145935,zh_char,cn_def,zh_char__INTERSECT__cn_def,,,
qwen3_4b_2560d_int8,氵,198,0.2930395721406158,0.2135834872929586,0.666379197528868,0.42495192760469935,zh_char,cn_def,zh_char__INTERSECT__cn_def,,,
qwen3_4b_2560d_int8,火,36,0.3033567738150143,0.22656934232347536,0.6714895450406604,0.4614844433963299,zh_char,cn_def,zh_char__INTERSECT__cn_def,,,
qwen3_4b_2560d_int8,牜,10,0.2237811517436057,0.08960237652063369,0.6526617884635926,0.3688802659511566,zh_char,cn_def,zh_char__INTERSECT__cn_def,,,
qwen3_4b_2560d_int8,犬,4,-0.015745867043733604,0.04935346147976812,0.6498495042324066,0.43973492085933685,zh_char,cn_def,zh_char__INTERSECT__cn_def,,,
qwen3_4b_2560d_int8,犭,28,0.34119105179394993,0.146666840733295,0.6489155516028404,0.39585420915058683,zh_char,cn_def,zh_char__INTERSECT__cn_def,,,
qwen3_4b_2560d_int8,王,46,0.32142412476241583,0.2762918607736735,0.6981676765110182,0.4385279368447221,zh_char,cn_def,zh_char__INTERSECT__cn_def,,,
qwen3_4b_2560d_int8,瓦,4,0.433456689119339,0.34192440286278725,0.6412957608699799,0.46642163395881653,zh_char,cn_def,zh_char__INTERSECT__cn_def,,,
qwen3_4b_2560d_int8,田,10,0.12818473614752288,0.19571549748070532,0.6676461696624756,0.4407282412052155,zh_char,cn_def,zh_char__INTERSECT__cn_def,,,
qwen3_4b_2560d_int8,疒,48,0.3826492128816123,0.27238830210020143,0.6342930346727371,0.4250143188983202,zh_char,cn_def,zh_char__INTERSECT__cn_def,,,
qwen3_4b_2560d_int8,白,7,0.18653899111918038,0.214992989386831,0.6033128074237278,0.3862675598689488,zh_char,cn_def,zh_char__INTERSECT__cn_def,,,
qwen3_4b_2560d_int8,皿,9,0.24402867733604378,0.2511808404492007,0.6267437603738573,0.4272400339444478,zh_char,cn_def,zh_char__INTERSECT__cn_def,,,
qwen3_4b_2560d_int8,目,32,0.3967636189190671,0.3159141852229368,0.6915719769895077,0.43949808180332184,zh_char,cn_def,zh_char__INTERSECT__cn_def,,,
qwen3_4b_2560d_int8,矢,4,0.13798667863011355,0.06581763736903667,0.5692909210920334,0.31573615223169327,zh_char,cn_def,zh_char__INTERSECT__cn_def,,,
qwen3_4b_2560d_int8,石,40,0.2669084900524467,0.21722291402984406,0.649688920378685,0.4249782353639603,zh_char,cn_def,zh_char__INTERSECT__cn_def,,,
qwen3_4b_2560d_int8,示,5,0.1849764823913574,-0.021365709230303738,0.712833297252655,0.32211241126060486,zh_char,cn_def,zh_char__INTERSECT__cn_def,,,
qwen3_4b_2560d_int8,礻,20,0.21971857063472267,0.21509271226823326,0.6369568169116974,0.46585331708192823,zh_char,cn_def,zh_char__INTERSECT__cn_def,,,
qwen3_4b_2560d_int8,禾,25,0.2063082235306501,0.11892784062772987,0.6156704640388488,0.4462938392162323,zh_char,cn_def,zh_char__INTERSECT__cn_def,,,
qwen3_4b_2560d_int8,穴,17,0.24440708994755844,0.10964215316754927,0.6433416604995728,0.3949949934202082,zh_char,cn_def,zh_char__INTERSECT__cn_def,,,
qwen3_4b_2560d_int8,立,4,0.08955124230124054,-0.023264729999937075,0.6305859386920929,0.36964207887649536,zh_char,cn_def,zh_char__INTERSECT__cn_def,,,
qwen3_4b_2560d_int8,竹,63,0.28225449403186165,0.280410936693587,0.6564575197204711,0.44421266421439154,zh_char,cn_def,zh_char__INTERSECT__cn_def,,,
qwen3_4b_2560d_int8,米,17,0.27725648671826897,0.23689931888571558,0.6423543761758244,0.3882719883147408,zh_char,cn_def,zh_char__INTERSECT__cn_def,,,
qwen3_4b_2560d_int8,糸,99,0.32318944184843335,0.22560016851345394,0.6460321488404515,0.4474525307164048,zh_char,cn_def,zh_char__INTERSECT__cn_def,,,
qwen3_4b_2560d_int8,羽,14,0.3165982873844249,0.09998700192331203,0.6668309015887124,0.38885532319545746,zh_char,cn_def,zh_char__INTERSECT__cn_def,,,
qwen3_4b_2560d_int8,耒,6,0.2419147895028194,0.07388780079782008,0.6039869983990988,0.34148230652014416,zh_char,cn_def,zh_char__INTERSECT__cn_def,,,
qwen3_4b_2560d_int8,耳,6,0.24908500909805295,0.17969455507894352,0.5284594893455505,0.33283431331316626,zh_char,cn_def,zh_char__INTERSECT__cn_def,,,
qwen3_4b_2560d_int8,肉,73,0.31677866986097947,0.24761501317588638,0.6484600979171388,0.4303014788725605,zh_char,cn_def,zh_char__INTERSECT__cn_def,,,
qwen3_4b_2560d_int8,舟,12,0.42630187918742496,0.3299354662497838,0.6766451199849447,0.4140881473819415,zh_char,cn_def,zh_char__INTERSECT__cn_def,,,
qwen3_4b_2560d_int8,艹,161,0.279764683059596,0.2691111901994817,0.6893427742193945,0.4291470459899547,zh_char,cn_def,zh_char__INTERSECT__cn_def,,,
qwen3_4b_2560d_int8,虫,79,0.4877812235816559,0.3377837549211292,0.6804371408269375,0.4327866355829601,zh_char,cn_def,zh_char__INTERSECT__cn_def,,,
qwen3_4b_2560d_int8,行,5,0.17768468558788295,0.02282497696578502,0.6314395904541016,0.27197782397270204,zh_char,cn_def,zh_char__INTERSECT__cn_def,,,
qwen3_4b_2560d_int8,衣,11,0.2950583913109519,0.18640066420828755,0.6667341535741632,0.3819580078125,zh_char,cn_def,zh_char__INTERSECT__cn_def,,,
qwen3_4b_2560d_int8,衤,34,0.3168420203797081,0.2642325238489052,0.6518802344799042,0.4351711878005196,zh_char,cn_def,zh_char__INTERSECT__cn_def,,,
qwen3_4b_2560d_int8,見,4,0.229370292276144,0.10088217281736431,0.6628226339817047,0.41174888610839844,zh_char,cn_def,zh_char__INTERSECT__cn_def,,,
qwen3_4b_2560d_int8,言,98,0.3012294983871433,0.1757960374970749,0.643220126020665,0.4468463835667591,zh_char,cn_def,zh_char__INTERSECT__cn_def,,,
qwen3_4b_2560d_int8,豸,7,0.49633908697537016,0.38529603821890696,0.664186349936894,0.42106170313698904,zh_char,cn_def,zh_char__INTERSECT__cn_def,,,
qwen3_4b_2560d_int8,貝,30,0.3581962784131368,0.18068461321915186,0.6649721980094909,0.4524883915980657,zh_char,cn_def,zh_char__INTERSECT__cn_def,,,
qwen3_4b_2560d_int8,走,8,0.13739414466544986,0.05350871291011572,0.5733406580984592,0.38080273009836674,zh_char,cn_def,zh_char__INTERSECT__cn_def,,,
qwen3_4b_2560d_int8,車,25,0.3474967887252569,0.2305664647556841,0.6443537449836731,0.4351415598392487,zh_char,cn_def,zh_char__INTERSECT__cn_def,,,
qwen3_4b_2560d_int8,辶,52,0.21698225109587205,0.19159086467698214,0.6509976627734991,0.40983176403320754,zh_char,cn_def,zh_char__INTERSECT__cn_def,,,
qwen3_4b_2560d_int8,酉,20,0.33150352090597146,0.17812565453350543,0.6547464430332184,0.4062122404575348,zh_char,cn_def,zh_char__INTERSECT__cn_def,,,
qwen3_4b_2560d_int8,釒,88,0.4003123579631475,0.24138376322066915,0.6604233235120773,0.43809170004996384,zh_char,cn_def,zh_char__INTERSECT__cn_def,,,
qwen3_4b_2560d_int8,門,20,0.3036266847513616,0.1279338620603084,0.6853794902563095,0.43432985097169874,zh_char,cn_def,zh_char__INTERSECT__cn_def,,,
qwen3_4b_2560d_int8,阝,49,0.19059467665394958,0.14906776898863666,0.6559733371345364,0.40824485737450267,zh_char,cn_def,zh_char__INTERSECT__cn_def,,,
qwen3_4b_2560d_int8,隹,11,0.14391539482907814,0.0590840931981802,0.5905257300897078,0.4376360923051834,zh_char,cn_def,zh_char__INTERSECT__cn_def,,,
qwen3_4b_2560d_int8,雨,22,0.3267476233569058,0.25282449385320593,0.7017569514838132,0.427924863316796,zh_char,cn_def,zh_char__INTERSECT__cn_def,,,
qwen3_4b_2560d_int8,革,13,0.21546022593975064,0.21398253695896033,0.6162012975949508,0.44700313302186817,zh_char,cn_def,zh_char__INTERSECT__cn_def,,,
qwen3_4b_2560d_int8,頁,28,0.3075319081544876,0.12975067088180886,0.6383423230477742,0.3971437221126897,zh_char,cn_def,zh_char__INTERSECT__cn_def,,,
qwen3_4b_2560d_int8,風,4,0.47841861099004745,0.20979937911033628,0.6938295811414719,0.35443510860204697,zh_char,cn_def,zh_char__INTERSECT__cn_def,,,
qwen3_4b_2560d_int8,食,4,0.18979371991008517,0.038038092199713006,0.5841996520757675,0.34378495812416077,zh_char,cn_def,zh_char__INTERSECT__cn_def,,,
qwen3_4b_2560d_int8,飠,22,0.4652318548072468,0.2063265874643217,0.683409574356946,0.4369221600619229,zh_char,cn_def,zh_char__INTERSECT__cn_def,,,
qwen3_4b_2560d_int8,馬,35,0.37235833512885225,0.22813174059348446,0.6601774999073573,0.42401183673313686,zh_char,cn_def,zh_char__INTERSECT__cn_def,,,
qwen3_4b_2560d_int8,骨,6,0.2457289099693298,0.30084683001041407,0.6413843035697937,0.40649161239465076,zh_char,cn_def,zh_char__INTERSECT__cn_def,,,
qwen3_4b_2560d_int8,髟,11,0.3383363014595075,0.20163852348923683,0.6920866478573192,0.37764813141389325,zh_char,cn_def,zh_char__INTERSECT__cn_def,,,
qwen3_4b_2560d_int8,鬼,9,0.3111626836988661,0.18994464787344134,0.6516261763042874,0.3813183142079247,zh_char,cn_def,zh_char__INTERSECT__cn_def,,,
qwen3_4b_2560d_int8,魚,20,0.5824555426836013,0.43209654912352563,0.7135535478591919,0.444856821000576,zh_char,cn_def,zh_char__INTERSECT__cn_def,,,
qwen3_4b_2560d_int8,鳥,27,0.5885935922463735,0.4249888009702166,0.6970175725442392,0.44761191805203754,zh_char,cn_def,zh_char__INTERSECT__cn_def,,,
qwen3_4b_2560d_int8,鹿,4,0.32656800001859665,0.23577339574694628,0.6849137842655182,0.36776018142700195,zh_char,cn_def,zh_char__INTERSECT__cn_def,,,
qwen3_4b_2560d_int8,黑,10,0.10694351233541961,0.15471437303349375,0.6118034839630127,0.43503611981868745,zh_char,cn_def,zh_char__INTERSECT__cn_def,,,
qwen3_4b_2560d_int8,齒,8,0.42534514982253313,0.21313983760774133,0.5839056819677353,0.3913877923041582,zh_char,cn_def,zh_char__INTERSECT__cn_def,,,
qwen3_4b_2560d_int8,𧾷,48,0.39287536358460784,0.2702684723772108,0.6622786950320005,0.43870399457712966,zh_char,cn_def,zh_char__INTERSECT__cn_def,,,
bge_m3_1024d,㫃,7,0.2417463766677039,0.19745165003197532,0.44270518847874235,0.46163395047187805,zh_char,en_def_translated_cn_def,zh_char__INTERSECT__en_def_translated_cn_def,,,
bge_m3_1024d,亻,138,0.072555631827698,0.04049575642810836,0.4597221036320147,0.5476511818343315,zh_char,en_def_translated_cn_def,zh_char__INTERSECT__en_def_translated_cn_def,,,
bge_m3_1024d,冫,6,0.0404105617975195,0.21238381477693713,0.3549021780490875,0.45939988891283673,zh_char,en_def_translated_cn_def,zh_char__INTERSECT__en_def_translated_cn_def,,,
bge_m3_1024d,刂,20,0.1246851846575737,0.19534975877031682,0.4406061291694641,0.5306980684399605,zh_char,en_def_translated_cn_def,zh_char__INTERSECT__en_def_translated_cn_def,,,
bge_m3_1024d,力,16,0.05718147370498626,0.13822227844502774,0.4348840080201626,0.535275787115097,zh_char,en_def_translated_cn_def,zh_char__INTERSECT__en_def_translated_cn_def,,,
bge_m3_1024d,匚,5,0.03046945258975032,0.15369636267423625,0.3878799915313721,0.5093657851219178,zh_char,en_def_translated_cn_def,zh_char__INTERSECT__en_def_translated_cn_def,,,
bge_m3_1024d,口,122,0.17538611404597756,0.19050274519097118,0.4557275259103931,0.5309785164770533,zh_char,en_def_translated_cn_def,zh_char__INTERSECT__en_def_translated_cn_def,,,
bge_m3_1024d,囗,10,0.16096225082874294,0.07893634606152769,0.45658811628818513,0.49507459402084353,zh_char,en_def_translated_cn_def,zh_char__INTERSECT__en_def_translated_cn_def,,,
bge_m3_1024d,土,66,0.1381247850544186,0.163594034246423,0.4366686904069149,0.5532067092982206,zh_char,en_def_translated_cn_def,zh_char__INTERSECT__en_def_translated_cn_def,,,
bge_m3_1024d,大,4,0.0421662703156471,0.11447128653526302,0.4506526365876198,0.527342863380909,zh_char,en_def_translated_cn_def,zh_char__INTERSECT__en_def_translated_cn_def,,,
bge_m3_1024d,女,69,0.14770568725045605,0.16407184545760567,0.4266987838174986,0.5347270067187323,zh_char,en_def_translated_cn_def,zh_char__INTERSECT__en_def_translated_cn_def,,,
bge_m3_1024d,子,6,-0.03631869579354915,0.2485975424448649,0.33795275290807086,0.5132941255966822,zh_char,en_def_translated_cn_def,zh_char__INTERSECT__en_def_translated_cn_def,,,
bge_m3_1024d,宀,20,0.07725062593817707,0.09310064972378314,0.40437122732400893,0.498969666659832,zh_char,en_def_translated_cn_def,zh_char__INTERSECT__en_def_translated_cn_def,,,
bge_m3_1024d,尸,7,-0.047645193125520416,0.03552776362214769,0.3194557172911508,0.4549277807985033,zh_char,en_def_translated_cn_def,zh_char__INTERSECT__en_def_translated_cn_def,,,
bge_m3_1024d,山,38,0.15821072255800428,0.22629409521131924,0.43194852338025447,0.5546697652653644,zh_char,en_def_translated_cn_def,zh_char__INTERSECT__en_def_translated_cn_def,,,
bge_m3_1024d,巾,22,0.11982078774070194,0.130661053286696,0.41250593147494574,0.5297778817740354,zh_char,en_def_translated_cn_def,zh_char__INTERSECT__en_def_translated_cn_def,,,
bge_m3_1024d,广,25,0.05094410801306365,0.12610246792435645,0.44479475140571595,0.5327136993408204,zh_char,en_def_translated_cn_def,zh_char__INTERSECT__en_def_translated_cn_def,,,
bge_m3_1024d,弓,9,0.023282312891549542,0.08568748593744302,0.4302578899595473,0.4854048192501068,zh_char,en_def_translated_cn_def,zh_char__INTERSECT__en_def_translated_cn_def,,,
bge_m3_1024d,彡,6,-0.02905264574413495,0.0306645908082525,0.3595706969499588,0.5988897283871969,zh_char,en_def_translated_cn_def,zh_char__INTERSECT__en_def_translated_cn_def,,,
bge_m3_1024d,彳,14,0.08321046776005196,0.09492119082382744,0.4059200755187443,0.5260891616344452,zh_char,en_def_translated_cn_def,zh_char__INTERSECT__en_def_translated_cn_def,,,
bge_m3_1024d,心,46,0.15910467495331942,0.21119637997901958,0.44117973420930945,0.5523176484781763,zh_char,en_def_translated_cn_def,zh_char__INTERSECT__en_def_translated_cn_def,,,
bge_m3_1024d,忄,80,0.1633605821058154,0.2483276430983096,0.4358185790479183,0.5528138566762208,zh_char,en_def_translated_cn_def,zh_char__INTERSECT__en_def_translated_cn_def,,,
bge_m3_1024d,戈,6,0.05441147306313115,0.08498875393221772,0.3974197953939438,0.4591304808855057,zh_char,en_def_translated_cn_def,zh_char__INTERSECT__en_def_translated_cn_def,,,
bge_m3_1024d,手,7,0.11797484728906835,0.1496022998222283,0.40517901948520113,0.5122470302241189,zh_char,en_def_translated_cn_def,zh_char__INTERSECT__en_def_translated_cn_def,,,
bge_m3_1024d,扌,145,0.1887848486353097,0.21678281083767267,0.44353268906987947,0.5603540348595586,zh_char,en_def_translated_cn_def,zh_char__INTERSECT__en_def_translated_cn_def,,,
bge_m3_1024d,攵,14,0.004433464924139623,0.10483111617421466,0.42375899851322174,0.5160680157797677,zh_char,en_def_translated_cn_def,zh_char__INTERSECT__en_def_translated_cn_def,,,
bge_m3_1024d,斗,5,-0.035000294446945135,0.009632675722241402,0.31972782015800477,0.45535101890563967,zh_char,en_def_translated_cn_def,zh_char__INTERSECT__en_def_translated_cn_def,,,
bge_m3_1024d,斤,4,-0.055951440706849105,0.005595608148723851,0.4025006368756294,0.48448435217142105,zh_char,en_def_translated_cn_def,zh_char__INTERSECT__en_def_translated_cn_def,,,
bge_m3_1024d,日,45,0.09557368049605024,0.21940052616927355,0.43804318639967177,0.5703428261809879,zh_char,en_def_translated_cn_def,zh_char__INTERSECT__en_def_translated_cn_def,,,
bge_m3_1024d,月,4,0.005159042775630979,0.3116770386695861,0.35994570702314377,0.5293887406587601,zh_char,en_def_translated_cn_def,zh_char__INTERSECT__en_def_translated_cn_def,,,
bge_m3_1024d,木,146,0.11243653946479601,0.21107162066658777,0.4182091657429525,0.5356869332186164,zh_char,en_def_translated_cn_def,zh_char__INTERSECT__en_def_translated_cn_def,,,
bge_m3_1024d,林,4,-0.02268038876354695,-0.046010480728000375,0.3829925414174795,0.4273184835910797,zh_char,en_def_translated_cn_def,zh_char__INTERSECT__en_def_translated_cn_def,,,
bge_m3_1024d,欠,14,0.06023411279810325,0.08849112995501074,0.4150527108992849,0.5438539747680936,zh_char,en_def_translated_cn_def,zh_char__INTERSECT__en_def_translated_cn_def,,,
bge_m3_1024d,歹,11,0.1890293317423625,0.23783567920327184,0.4421696419065649,0.5457096641713922,zh_char,en_def_translated_cn_def,zh_char__INTERSECT__en_def_translated_cn_def,,,
bge_m3_1024d,毛,5,0.12372240461409087,0.10088721737265587,0.35699825882911684,0.4857063353061676,zh_char,en_def_translated_cn_def,zh_char__INTERSECT__en_def_translated_cn_def,,,
bge_m3_1024d,水,4,0.07899888604879375,0.048708597663789925,0.4005666822195053,0.4783297330141067,zh_char,en_def_translated_cn_def,zh_char__INTERSECT__en_def_translated_cn_def,,,
bge_m3_1024d,氵,198,0.1156052273011418,0.22655453450620322,0.4214391183070462,0.5424727696661997,zh_char,en_def_translated_cn_def,zh_char__INTERSECT__en_def_translated_cn_def,,,
bge_m3_1024d,火,36,0.1249018942730294,0.23199471412226552,0.4327364166577657,0.5859742959340414,zh_char,en_def_translated_cn_def,zh_char__INTERSECT__en_def_translated_cn_def,,,
bge_m3_1024d,牜,10,0.04675735137425364,0.0615264542400837,0.38180718123912805,0.4253173768520355,zh_char,en_def_translated_cn_def,zh_char__INTERSECT__en_def_translated_cn_def,,,
bge_m3_1024d,犬,4,0.06334634311497207,-0.14611639082431788,0.4192175716161728,0.5418544262647629,zh_char,en_def_translated_cn_def,zh_char__INTERSECT__en_def_translated_cn_def,,,
bge_m3_1024d,犭,28,0.13452859645310256,0.1520466528766389,0.4253682866692543,0.5244648264987128,zh_char,en_def_translated_cn_def,zh_char__INTERSECT__en_def_translated_cn_def,,,
bge_m3_1024d,王,46,0.1471101004103927,0.28074545126266615,0.44165950689626776,0.5573061115067938,zh_char,en_def_translated_cn_def,zh_char__INTERSECT__en_def_translated_cn_def,,,
bge_m3_1024d,瓦,4,0.31033854652196174,0.3756379261612892,0.4341430366039276,0.5569753050804138,zh_char,en_def_translated_cn_def,zh_char__INTERSECT__en_def_translated_cn_def,,,
bge_m3_1024d,田,10,0.12024613423272965,0.1262725744396448,0.39711721986532206,0.520415621995926,zh_char,en_def_translated_cn_def,zh_char__INTERSECT__en_def_translated_cn_def,,,
bge_m3_1024d,疒,48,0.2244366194742421,0.2692869847329954,0.43384671459595364,0.5306917950510979,zh_char,en_def_translated_cn_def,zh_char__INTERSECT__en_def_translated_cn_def,,,
bge_m3_1024d,白,7,0.0524686707981995,0.19510644408208982,0.37927777426583426,0.47844476784978596,zh_char,en_def_translated_cn_def,zh_char__INTERSECT__en_def_translated_cn_def,,,
bge_m3_1024d,皿,9,0.13048638279239333,0.2943924466768901,0.4269689851337009,0.5485931601789262,zh_char,en_def_translated_cn_def,zh_char__INTERSECT__en_def_translated_cn_def,,,
bge_m3_1024d,目,32,0.1805749947670847,0.27149718708824366,0.4621386923827231,0.5646869130432606,zh_char,en_def_translated_cn_def,zh_char__INTERSECT__en_def_translated_cn_def,,,
bge_m3_1024d,矢,4,0.11353611946105956,0.0371107752434909,0.3628772124648094,0.4749879091978073,zh_char,en_def_translated_cn_def,zh_char__INTERSECT__en_def_translated_cn_def,,,
bge_m3_1024d,石,40,0.14508983115665613,0.1683698553824797,0.43334720805287363,0.5277937173843383,zh_char,en_def_translated_cn_def,zh_char__INTERSECT__en_def_translated_cn_def,,,
bge_m3_1024d,示,5,0.10632574539631608,0.07276623770594595,0.4093066155910492,0.48410928845405576,zh_char,en_def_translated_cn_def,zh_char__INTERSECT__en_def_translated_cn_def,,,
bge_m3_1024d,礻,20,0.07718594167381523,0.2093455911846831,0.4182983048260212,0.5789266183972359,zh_char,en_def_translated_cn_def,zh_char__INTERSECT__en_def_translated_cn_def,,,
bge_m3_1024d,禾,25,0.10154732394963503,0.12890155620872976,0.4255839669704437,0.5216984391212464,zh_char,en_def_translated_cn_def,zh_char__INTERSECT__en_def_translated_cn_def,,,
bge_m3_1024d,穴,17,0.11089377932469631,0.06461121755487775,0.3809311635353986,0.5579003937104169,zh_char,en_def_translated_cn_def,zh_char__INTERSECT__en_def_translated_cn_def,,,
bge_m3_1024d,立,4,-0.15827075438573954,0.12353796325623985,0.3563424274325371,0.437906377017498,zh_char,en_def_translated_cn_def,zh_char__INTERSECT__en_def_translated_cn_def,,,
bge_m3_1024d,竹,63,0.12773861645883508,0.2569524733024457,0.4274992909696367,0.5359262852441697,zh_char,en_def_translated_cn_def,zh_char__INTERSECT__en_def_translated_cn_def,,,
bge_m3_1024d,米,17,0.1230827068143031,0.18947821647367055,0.40235355759368224,0.4707371951902614,zh_char,en_def_translated_cn_def,zh_char__INTERSECT__en_def_translated_cn_def,,,
bge_m3_1024d,糸,99,0.14101253750950396,0.19306497681283888,0.4364520525089418,0.546350812370127,zh_char,en_def_translated_cn_def,zh_char__INTERSECT__en_def_translated_cn_def,,,
bge_m3_1024d,羽,14,0.11349032373566711,0.08334061064358267,0.4283991264445441,0.5251889228820801,zh_char,en_def_translated_cn_def,zh_char__INTERSECT__en_def_translated_cn_def,,,
bge_m3_1024d,耒,6,0.07052944103876746,0.11132475019743043,0.3289834211270014,0.4637100597222646,zh_char,en_def_translated_cn_def,zh_char__INTERSECT__en_def_translated_cn_def,,,
bge_m3_1024d,耳,6,0.08261892199516295,0.10778719543789822,0.42885261774063105,0.4234763632218042,zh_char,en_def_translated_cn_def,zh_char__INTERSECT__en_def_translated_cn_def,,,
bge_m3_1024d,肉,73,0.1514459108704165,0.24289474120899424,0.4176294483142356,0.5379668461949858,zh_char,en_def_translated_cn_def,zh_char__INTERSECT__en_def_translated_cn_def,,,
bge_m3_1024d,舟,12,0.22277481853961942,0.30187333996097243,0.40388104567925137,0.5549376979470253,zh_char,en_def_translated_cn_def,zh_char__INTERSECT__en_def_translated_cn_def,,,
bge_m3_1024d,艹,161,0.09089560930831182,0.2566209376806983,0.4352534982774939,0.5326384442933598,zh_char,en_def_translated_cn_def,zh_char__INTERSECT__en_def_translated_cn_def,,,
bge_m3_1024d,虫,79,0.21180149764883552,0.33059986633590505,0.39387330337415766,0.5425886247731462,zh_char,en_def_translated_cn_def,zh_char__INTERSECT__en_def_translated_cn_def,,,
bge_m3_1024d,行,5,0.04720787815749642,-0.0432099739089608,0.40363110303878785,0.34326630234718325,zh_char,en_def_translated_cn_def,zh_char__INTERSECT__en_def_translated_cn_def,,,
bge_m3_1024d,衣,11,0.11930434846065258,0.17549243230711326,0.44739958372983063,0.5005812726237557,zh_char,en_def_translated_cn_def,zh_char__INTERSECT__en_def_translated_cn_def,,,
bge_m3_1024d,衤,34,0.15330842052422022,0.2499299055951483,0.4330377929350909,0.5266021753058714,zh_char,en_def_translated_cn_def,zh_char__INTERSECT__en_def_translated_cn_def,,,
bge_m3_1024d,見,4,0.09132480341941115,0.028070437256246774,0.4327770546078682,0.49786923080682755,zh_char,en_def_translated_cn_def,zh_char__INTERSECT__en_def_translated_cn_def,,,
bge_m3_1024d,言,98,0.14128589497080868,0.14681338189093737,0.43863311987750386,0.5521803656402899,zh_char,en_def_translated_cn_def,zh_char__INTERSECT__en_def_translated_cn_def,,,
bge_m3_1024d,豸,7,0.2348315502916063,0.3864877053669521,0.4004041978291103,0.5699936747550964,zh_char,en_def_translated_cn_def,zh_char__INTERSECT__en_def_translated_cn_def,,,
bge_m3_1024d,貝,30,0.1901480598375201,0.19257115035628275,0.43605385422706605,0.5714521080255508,zh_char,en_def_translated_cn_def,zh_char__INTERSECT__en_def_translated_cn_def,,,
bge_m3_1024d,走,8,0.08627518173307182,0.06390368286520243,0.4200253449380398,0.48942718654870987,zh_char,en_def_translated_cn_def,zh_char__INTERSECT__en_def_translated_cn_def,,,
bge_m3_1024d,車,25,0.16194854969158767,0.2055830841511488,0.4294495666027069,0.5390443885326386,zh_char,en_def_translated_cn_def,zh_char__INTERSECT__en_def_translated_cn_def,,,
bge_m3_1024d,辶,52,0.11738728937836217,0.17820266154236514,0.42492905029883754,0.5374076813459396,zh_char,en_def_translated_cn_def,zh_char__INTERSECT__en_def_translated_cn_def,,,
bge_m3_1024d,酉,20,0.12106805136427279,0.16365498667582867,0.39668399244546887,0.501184444129467,zh_char,en_def_translated_cn_def,zh_char__INTERSECT__en_def_translated_cn_def,,,
bge_m3_1024d,釒,88,0.20419432404874396,0.2204699585722251,0.44277277487245476,0.5330082147636197,zh_char,en_def_translated_cn_def,zh_char__INTERSECT__en_def_translated_cn_def,,,
bge_m3_1024d,門,20,0.24421923588961364,0.0685411538928747,0.45758385211229324,0.5292735114693642,zh_char,en_def_translated_cn_def,zh_char__INTERSECT__en_def_translated_cn_def,,,
bge_m3_1024d,阝,49,0.11754028193120444,0.1317057791831238,0.39908852352171525,0.5279291278245498,zh_char,en_def_translated_cn_def,zh_char__INTERSECT__en_def_translated_cn_def,,,
bge_m3_1024d,隹,11,0.042088636281815445,0.052462485703555,0.3706087659705769,0.5247690162875436,zh_char,en_def_translated_cn_def,zh_char__INTERSECT__en_def_translated_cn_def,,,
bge_m3_1024d,雨,22,0.13236571188000112,0.26814826391637325,0.444216017018665,0.5166932208971544,zh_char,en_def_translated_cn_def,zh_char__INTERSECT__en_def_translated_cn_def,,,
bge_m3_1024d,革,13,0.015516493326196302,0.1674641008273913,0.3600196127708142,0.5421596582119281,zh_char,en_def_translated_cn_def,zh_char__INTERSECT__en_def_translated_cn_def,,,
bge_m3_1024d,頁,28,0.13100947073793834,0.09125944559595413,0.4467597944395883,0.5042677170463971,zh_char,en_def_translated_cn_def,zh_char__INTERSECT__en_def_translated_cn_def,,,
bge_m3_1024d,風,4,0.21280353097245092,0.06527447164990006,0.44560327380895615,0.3705625832080841,zh_char,en_def_translated_cn_def,zh_char__INTERSECT__en_def_translated_cn_def,,,
bge_m3_1024d,食,4,0.09616443701088428,-0.0152515643276274,0.38666832819581026,0.4527442008256912,zh_char,en_def_translated_cn_def,zh_char__INTERSECT__en_def_translated_cn_def,,,
bge_m3_1024d,飠,22,0.17147560222921043,0.21589202272959732,0.4251397116617723,0.5517120307142084,zh_char,en_def_translated_cn_def,zh_char__INTERSECT__en_def_translated_cn_def,,,
bge_m3_1024d,馬,35,0.17307626788637462,0.22406055276681267,0.44736341748918806,0.5314862549304962,zh_char,en_def_translated_cn_def,zh_char__INTERSECT__en_def_translated_cn_def,,,
bge_m3_1024d,骨,6,0.1437511121233304,0.2747309679786364,0.41295549273490906,0.4750599314769109,zh_char,en_def_translated_cn_def,zh_char__INTERSECT__en_def_translated_cn_def,,,
bge_m3_1024d,髟,11,0.2821663579141552,0.169943523847244,0.4332618063146418,0.45687942884185095,zh_char,en_def_translated_cn_def,zh_char__INTERSECT__en_def_translated_cn_def,,,
bge_m3_1024d,鬼,9,0.12959193603860006,0.16162737210591632,0.4436272780100505,0.49845757749345565,zh_char,en_def_translated_cn_def,zh_char__INTERSECT__en_def_translated_cn_def,,,
bge_m3_1024d,魚,20,0.23202149458229537,0.4475173108279705,0.3969181321561336,0.567634953558445,zh_char,en_def_translated_cn_def,zh_char__INTERSECT__en_def_translated_cn_def,,,
bge_m3_1024d,鳥,27,0.23215593480401567,0.39318871360134194,0.4250661510008353,0.5407916693775742,zh_char,en_def_translated_cn_def,zh_char__INTERSECT__en_def_translated_cn_def,,,
bge_m3_1024d,鹿,4,0.11904422007501127,0.17372000962495798,0.3715199902653694,0.4460978433489799,zh_char,en_def_translated_cn_def,zh_char__INTERSECT__en_def_translated_cn_def,,,
bge_m3_1024d,黑,10,0.09405071102082732,0.14342407584190367,0.4070217847824097,0.5248732626438141,zh_char,en_def_translated_cn_def,zh_char__INTERSECT__en_def_translated_cn_def,,,
bge_m3_1024d,齒,8,0.5589928785338998,0.22503523202612996,0.5790336765348911,0.43216032534837723,zh_char,en_def_translated_cn_def,zh_char__INTERSECT__en_def_translated_cn_def,,,
bge_m3_1024d,𧾷,48,0.2294022883288562,0.22521441233887643,0.4191731239358584,0.5229192568610112,zh_char,en_def_translated_cn_def,zh_char__INTERSECT__en_def_translated_cn_def,,,
gte_multilingual_base_768d,㫃,7,0.27143745270690744,0.2152808175555297,0.660591048853738,0.5027175843715668,zh_char,en_def_translated_cn_def,zh_char__INTERSECT__en_def_translated_cn_def,,,
gte_multilingual_base_768d,亻,138,0.07723272824659942,0.040734459300174546,0.6766667383304541,0.560960264093634,zh_char,en_def_translated_cn_def,zh_char__INTERSECT__en_def_translated_cn_def,,,
gte_multilingual_base_768d,冫,6,0.15103885003676015,0.254578772932291,0.6317501962184906,0.5294248362382253,zh_char,en_def_translated_cn_def,zh_char__INTERSECT__en_def_translated_cn_def,,,
gte_multilingual_base_768d,刂,20,0.13449881242122497,0.23510344224050642,0.6776896327733993,0.5634650498628616,zh_char,en_def_translated_cn_def,zh_char__INTERSECT__en_def_translated_cn_def,,,
gte_multilingual_base_768d,力,16,0.04722868616227059,0.11657036666292694,0.6502235159277916,0.5392278842628002,zh_char,en_def_translated_cn_def,zh_char__INTERSECT__en_def_translated_cn_def,,,
gte_multilingual_base_768d,匚,5,0.05608578547835351,0.05433764085173608,0.611538565158844,0.5202869832515716,zh_char,en_def_translated_cn_def,zh_char__INTERSECT__en_def_translated_cn_def,,,
gte_multilingual_base_768d,口,122,0.1958438837290054,0.20590455820936646,0.6798485175507968,0.5518844860499023,zh_char,en_def_translated_cn_def,zh_char__INTERSECT__en_def_translated_cn_def,,,
gte_multilingual_base_768d,囗,10,0.19992185812443491,0.15988125707954165,0.6757670640945435,0.49555106163024903,zh_char,en_def_translated_cn_def,zh_char__INTERSECT__en_def_translated_cn_def,,,
gte_multilingual_base_768d,土,66,0.17686344928700812,0.17568719255822624,0.6752141750220096,0.5681010272466775,zh_char,en_def_translated_cn_def,zh_char__INTERSECT__en_def_translated_cn_def,,,
gte_multilingual_base_768d,大,4,-0.0048069511540233985,0.09415577165782447,0.6110319644212723,0.5171409174799919,zh_char,en_def_translated_cn_def,zh_char__INTERSECT__en_def_translated_cn_def,,,
gte_multilingual_base_768d,女,69,0.13643700861628502,0.15095013770126345,0.6693981341693712,0.5361960582111193,zh_char,en_def_translated_cn_def,zh_char__INTERSECT__en_def_translated_cn_def,,,
gte_multilingual_base_768d,子,6,-0.0029735825955867676,0.20621984917670486,0.6044797003269196,0.4967660903930664,zh_char,en_def_translated_cn_def,zh_char__INTERSECT__en_def_translated_cn_def,,,
gte_multilingual_base_768d,宀,20,0.10557553065009413,0.12111135497689245,0.6718159645795823,0.529319129884243,zh_char,en_def_translated_cn_def,zh_char__INTERSECT__en_def_translated_cn_def,,,
gte_multilingual_base_768d,尸,7,0.07258207044963325,0.033945529588631194,0.6140217695917402,0.4937927339758192,zh_char,en_def_translated_cn_def,zh_char__INTERSECT__en_def_translated_cn_def,,,
gte_multilingual_base_768d,山,38,0.15890673508769582,0.27588626311013575,0.6752508266976005,0.5753097424381658,zh_char,en_def_translated_cn_def,zh_char__INTERSECT__en_def_translated_cn_def,,,
gte_multilingual_base_768d,巾,22,0.15274857992137017,0.18077844889326525,0.6742237318645824,0.5536440976641395,zh_char,en_def_translated_cn_def,zh_char__INTERSECT__en_def_translated_cn_def,,,
gte_multilingual_base_768d,广,25,0.08893398378044365,0.15267340652644631,0.6792320227622985,0.5524926722049713,zh_char,en_def_translated_cn_def,zh_char__INTERSECT__en_def_translated_cn_def,,,
gte_multilingual_base_768d,弓,9,0.10160692698425713,0.15046797899736294,0.6386299729347229,0.5345367358790504,zh_char,en_def_translated_cn_def,zh_char__INTERSECT__en_def_translated_cn_def,,,
gte_multilingual_base_768d,彡,6,-0.08318801767503219,0.0210762396454811,0.6126982072989146,0.5655418634414673,zh_char,en_def_translated_cn_def,zh_char__INTERSECT__en_def_translated_cn_def,,,
gte_multilingual_base_768d,彳,14,0.08400404014225514,0.09396542395864212,0.651585442679269,0.5325531576360975,zh_char,en_def_translated_cn_def,zh_char__INTERSECT__en_def_translated_cn_def,,,
gte_multilingual_base_768d,心,46,0.1958653295068475,0.16710257137437226,0.6604150598463805,0.5458898829377216,zh_char,en_def_translated_cn_def,zh_char__INTERSECT__en_def_translated_cn_def,,,
gte_multilingual_base_768d,忄,80,0.18168905847123823,0.21374837842304256,0.668196975439787,0.5567531276494264,zh_char,en_def_translated_cn_def,zh_char__INTERSECT__en_def_translated_cn_def,,,
gte_multilingual_base_768d,戈,6,0.13513327762484548,0.0987134159853061,0.6131439507007599,0.5088849812746048,zh_char,en_def_translated_cn_def,zh_char__INTERSECT__en_def_translated_cn_def,,,
gte_multilingual_base_768d,手,7,0.11670202282922607,0.21748929577214374,0.6573724406106132,0.5155014182840075,zh_char,en_def_translated_cn_def,zh_char__INTERSECT__en_def_translated_cn_def,,,
gte_multilingual_base_768d,扌,145,0.18339472445177618,0.19541151138536372,0.6724985352877912,0.5598007759143566,zh_char,en_def_translated_cn_def,zh_char__INTERSECT__en_def_translated_cn_def,,,
gte_multilingual_base_768d,攵,14,0.039448539127728756,0.1088314764201641,0.6656116545200348,0.5452739702803748,zh_char,en_def_translated_cn_def,zh_char__INTERSECT__en_def_translated_cn_def,,,
gte_multilingual_base_768d,斗,5,-0.0024244844913482804,-0.01891139224171638,0.6488099455833435,0.4543987214565277,zh_char,en_def_translated_cn_def,zh_char__INTERSECT__en_def_translated_cn_def,,,
gte_multilingual_base_768d,斤,4,0.0870367670431733,-0.04288063198328015,0.649501159787178,0.5086820721626282,zh_char,en_def_translated_cn_def,zh_char__INTERSECT__en_def_translated_cn_def,,,
gte_multilingual_base_768d,日,45,0.13121865482793912,0.20009566740029383,0.6992031428549025,0.5862793465455373,zh_char,en_def_translated_cn_def,zh_char__INTERSECT__en_def_translated_cn_def,,,
gte_multilingual_base_768d,月,4,-0.026459048967808502,0.2372159762308001,0.628546342253685,0.4862007647752762,zh_char,en_def_translated_cn_def,zh_char__INTERSECT__en_def_translated_cn_def,,,
gte_multilingual_base_768d,木,146,0.16940974617338647,0.2128236921159678,0.6658540255811116,0.5536687910965045,zh_char,en_def_translated_cn_def,zh_char__INTERSECT__en_def_translated_cn_def,,,
gte_multilingual_base_768d,林,4,-0.09392895177006724,-0.058573252521455246,0.5825439095497131,0.4644712209701538,zh_char,en_def_translated_cn_def,zh_char__INTERSECT__en_def_translated_cn_def,,,
gte_multilingual_base_768d,欠,14,0.05374865912433181,0.06333892027448328,0.6514784821442196,0.5468804431813103,zh_char,en_def_translated_cn_def,zh_char__INTERSECT__en_def_translated_cn_def,,,
gte_multilingual_base_768d,歹,11,0.23243431001901627,0.18137481105937195,0.6640209338881753,0.5537611733783375,zh_char,en_def_translated_cn_def,zh_char__INTERSECT__en_def_translated_cn_def,,,
gte_multilingual_base_768d,毛,5,0.1582904767245054,0.14309573024511335,0.6247870087623596,0.518647062778473,zh_char,en_def_translated_cn_def,zh_char__INTERSECT__en_def_translated_cn_def,,,
gte_multilingual_base_768d,水,4,0.08659413503482935,0.07396552152931685,0.5725394934415817,0.4628865346312523,zh_char,en_def_translated_cn_def,zh_char__INTERSECT__en_def_translated_cn_def,,,
gte_multilingual_base_768d,氵,198,0.14539249401746523,0.2296944785336352,0.667099571288234,0.5519744029851875,zh_char,en_def_translated_cn_def,zh_char__INTERSECT__en_def_translated_cn_def,,,
gte_multilingual_base_768d,火,36,0.1849820149169924,0.2084762549234761,0.663017115659184,0.5760833993554115,zh_char,en_def_translated_cn_def,zh_char__INTERSECT__en_def_translated_cn_def,,,
gte_multilingual_base_768d,牜,10,0.09202796798199415,0.08739291001111267,0.6326463699340821,0.5093635052442551,zh_char,en_def_translated_cn_def,zh_char__INTERSECT__en_def_translated_cn_def,,,
gte_multilingual_base_768d,犬,4,0.05086556449532505,-0.07174243032932275,0.6574367582798004,0.5805657207965851,zh_char,en_def_translated_cn_def,zh_char__INTERSECT__en_def_translated_cn_def,,,
gte_multilingual_base_768d,犭,28,0.19479156651401092,0.17601227125019897,0.665848433971405,0.5384125879832676,zh_char,en_def_translated_cn_def,zh_char__INTERSECT__en_def_translated_cn_def,,,
gte_multilingual_base_768d,王,46,0.1309285531144427,0.2866953857566999,0.6806081092875936,0.5695409878440525,zh_char,en_def_translated_cn_def,zh_char__INTERSECT__en_def_translated_cn_def,,,
gte_multilingual_base_768d,瓦,4,0.397656686604023,0.4082586243748665,0.7056620717048645,0.5704767853021622,zh_char,en_def_translated_cn_def,zh_char__INTERSECT__en_def_translated_cn_def,,,
gte_multilingual_base_768d,田,10,0.14263787968084213,0.1618975847959518,0.6745915651321411,0.5484053671360016,zh_char,en_def_translated_cn_def,zh_char__INTERSECT__en_def_translated_cn_def,,,
gte_multilingual_base_768d,疒,48,0.2583901679414945,0.2597722809296101,0.6703685882190863,0.5415873844176531,zh_char,en_def_translated_cn_def,zh_char__INTERSECT__en_def_translated_cn_def,,,
gte_multilingual_base_768d,白,7,0.1608770524284669,0.13540698268583842,0.6405763455799648,0.4844307473727635,zh_char,en_def_translated_cn_def,zh_char__INTERSECT__en_def_translated_cn_def,,,
gte_multilingual_base_768d,皿,9,0.1406959229045444,0.30292557966378,0.6680937475628324,0.5641264220078787,zh_char,en_def_translated_cn_def,zh_char__INTERSECT__en_def_translated_cn_def,,,
gte_multilingual_base_768d,目,32,0.20923533616587517,0.2804415636346675,0.6892786622047424,0.5632367804646492,zh_char,en_def_translated_cn_def,zh_char__INTERSECT__en_def_translated_cn_def,,,
gte_multilingual_base_768d,矢,4,0.05316484253853557,0.0046715922653674784,0.5747965723276138,0.4732033908367157,zh_char,en_def_translated_cn_def,zh_char__INTERSECT__en_def_translated_cn_def,,,
gte_multilingual_base_768d,石,40,0.15645387759432194,0.1934674344025552,0.6617844671010971,0.543224959820509,zh_char,en_def_translated_cn_def,zh_char__INTERSECT__en_def_translated_cn_def,,,
gte_multilingual_base_768d,示,5,0.17067064829170703,0.02905980385839938,0.6988875865936279,0.46134790778160095,zh_char,en_def_translated_cn_def,zh_char__INTERSECT__en_def_translated_cn_def,,,
gte_multilingual_base_768d,礻,20,0.07597690694965421,0.2112116696313023,0.6516721248626709,0.5733194753527642,zh_char,en_def_translated_cn_def,zh_char__INTERSECT__en_def_translated_cn_def,,,
gte_multilingual_base_768d,禾,25,0.13809387825429437,0.11207414031028748,0.6662762928009033,0.5374494230747223,zh_char,en_def_translated_cn_def,zh_char__INTERSECT__en_def_translated_cn_def,,,
gte_multilingual_base_768d,穴,17,0.1614034736583776,0.08160507306456563,0.6636586925562691,0.5509457693380468,zh_char,en_def_translated_cn_def,zh_char__INTERSECT__en_def_translated_cn_def,,,
gte_multilingual_base_768d,立,4,-0.12007194943726063,0.16524136718362564,0.6524242460727692,0.4880272075533867,zh_char,en_def_translated_cn_def,zh_char__INTERSECT__en_def_translated_cn_def,,,
gte_multilingual_base_768d,竹,63,0.15679204529003488,0.26148279785873396,0.6609456737836202,0.5620593012325348,zh_char,en_def_translated_cn_def,zh_char__INTERSECT__en_def_translated_cn_def,,,
gte_multilingual_base_768d,米,17,0.15542025184806652,0.22518908232450482,0.6634715900701635,0.5390423220746657,zh_char,en_def_translated_cn_def,zh_char__INTERSECT__en_def_translated_cn_def,,,
gte_multilingual_base_768d,糸,99,0.2084284476521942,0.2137464004371202,0.6530475243173465,0.5574365986718072,zh_char,en_def_translated_cn_def,zh_char__INTERSECT__en_def_translated_cn_def,,,
gte_multilingual_base_768d,羽,14,0.14234920777380464,0.10756925719657111,0.6679204106330872,0.5382196392331805,zh_char,en_def_translated_cn_def,zh_char__INTERSECT__en_def_translated_cn_def,,,
gte_multilingual_base_768d,耒,6,0.06933149090036746,0.12764613578716913,0.6523757378260294,0.4941690464814504,zh_char,en_def_translated_cn_def,zh_char__INTERSECT__en_def_translated_cn_def,,,
gte_multilingual_base_768d,耳,6,0.005517649464309202,0.05926748823064067,0.6211491028467814,0.44672336677710217,zh_char,en_def_translated_cn_def,zh_char__INTERSECT__en_def_translated_cn_def,,,
gte_multilingual_base_768d,肉,73,0.20849048059229572,0.24820660026616428,0.6695198498360099,0.5535700896831408,zh_char,en_def_translated_cn_def,zh_char__INTERSECT__en_def_translated_cn_def,,,
gte_multilingual_base_768d,舟,12,0.29329202696681017,0.3436434331039588,0.6535543203353882,0.5619343270858129,zh_char,en_def_translated_cn_def,zh_char__INTERSECT__en_def_translated_cn_def,,,
gte_multilingual_base_768d,艹,161,0.12188348568894938,0.262734578847191,0.6714662061714978,0.5520809263176059,zh_char,en_def_translated_cn_def,zh_char__INTERSECT__en_def_translated_cn_def,,,
gte_multilingual_base_768d,虫,79,0.34083285354832304,0.3165747318181056,0.6701725887346871,0.5564913021612771,zh_char,en_def_translated_cn_def,zh_char__INTERSECT__en_def_translated_cn_def,,,
gte_multilingual_base_768d,行,5,0.13106400910764932,-0.00521535873413086,0.663510537147522,0.39697388410568235,zh_char,en_def_translated_cn_def,zh_char__INTERSECT__en_def_translated_cn_def,,,
gte_multilingual_base_768d,衣,11,0.15230271127074954,0.17629037865183567,0.6717150211334229,0.5463614084503867,zh_char,en_def_translated_cn_def,zh_char__INTERSECT__en_def_translated_cn_def,,,
gte_multilingual_base_768d,衤,34,0.1878193909959758,0.2687982319142012,0.6569497059373295,0.5594245765139075,zh_char,en_def_translated_cn_def,zh_char__INTERSECT__en_def_translated_cn_def,,,
gte_multilingual_base_768d,見,4,0.07541438238695261,0.093657961115241,0.6511197686195374,0.4965912848711014,zh_char,en_def_translated_cn_def,zh_char__INTERSECT__en_def_translated_cn_def,,,
gte_multilingual_base_768d,言,98,0.19795770587741718,0.14546004393404083,0.6549641018619343,0.550055311650646,zh_char,en_def_translated_cn_def,zh_char__INTERSECT__en_def_translated_cn_def,,,
gte_multilingual_base_768d,豸,7,0.4471248303140913,0.41251468871320995,0.6689482416425433,0.5534509760992867,zh_char,en_def_translated_cn_def,zh_char__INTERSECT__en_def_translated_cn_def,,,
gte_multilingual_base_768d,貝,30,0.27054749969393016,0.20624944760153688,0.6602836589018504,0.5511400322119395,zh_char,en_def_translated_cn_def,zh_char__INTERSECT__en_def_translated_cn_def,,,
gte_multilingual_base_768d,走,8,0.09866958344355221,0.023567707277834415,0.6666836068034172,0.5003704465925694,zh_char,en_def_translated_cn_def,zh_char__INTERSECT__en_def_translated_cn_def,,,
gte_multilingual_base_768d,車,25,0.1677546796202659,0.22870449341833587,0.641107726097107,0.5530322968959809,zh_char,en_def_translated_cn_def,zh_char__INTERSECT__en_def_translated_cn_def,,,
gte_multilingual_base_768d,辶,52,0.13841587921174672,0.15575966144052258,0.6801697325247985,0.5389665623123829,zh_char,en_def_translated_cn_def,zh_char__INTERSECT__en_def_translated_cn_def,,,
gte_multilingual_base_768d,酉,20,0.14156394847668705,0.16575735546648498,0.6474563002586364,0.5109147012233735,zh_char,en_def_translated_cn_def,zh_char__INTERSECT__en_def_translated_cn_def,,,
gte_multilingual_base_768d,釒,88,0.24911468629513608,0.21713970669291233,0.650577443905852,0.55104719881307,zh_char,en_def_translated_cn_def,zh_char__INTERSECT__en_def_translated_cn_def,,,
gte_multilingual_base_768d,門,20,0.24031124291941525,0.11295203212648626,0.6779909521341324,0.5509078159928322,zh_char,en_def_translated_cn_def,zh_char__INTERSECT__en_def_translated_cn_def,,,
gte_multilingual_base_768d,阝,49,0.11849474201777149,0.15579284986062925,0.6660012736612436,0.5377194613826518,zh_char,en_def_translated_cn_def,zh_char__INTERSECT__en_def_translated_cn_def,,,
gte_multilingual_base_768d,隹,11,0.16069454852152953,0.07525627475909208,0.6442075534300371,0.5342476693066683,zh_char,en_def_translated_cn_def,zh_char__INTERSECT__en_def_translated_cn_def,,,
gte_multilingual_base_768d,雨,22,0.19730166938494548,0.285205957733772,0.671348823742433,0.5478276949037205,zh_char,en_def_translated_cn_def,zh_char__INTERSECT__en_def_translated_cn_def,,,
gte_multilingual_base_768d,革,13,0.11053061671555041,0.18408249669636673,0.6363577246665955,0.5412997282468356,zh_char,en_def_translated_cn_def,zh_char__INTERSECT__en_def_translated_cn_def,,,
gte_multilingual_base_768d,頁,28,0.22766355598079305,0.0883848736328738,0.6584322367395673,0.5263097786477634,zh_char,en_def_translated_cn_def,zh_char__INTERSECT__en_def_translated_cn_def,,,
gte_multilingual_base_768d,風,4,0.24304041266441342,0.20138552226126188,0.6423273533582687,0.4553968086838722,zh_char,en_def_translated_cn_def,zh_char__INTERSECT__en_def_translated_cn_def,,,
gte_multilingual_base_768d,食,4,-0.019524250179529197,0.03571044281125067,0.5838529020547867,0.43152210861444473,zh_char,en_def_translated_cn_def,zh_char__INTERSECT__en_def_translated_cn_def,,,
gte_multilingual_base_768d,飠,22,0.219161502381956,0.20378251593898639,0.659328197891062,0.5576138848608191,zh_char,en_def_translated_cn_def,zh_char__INTERSECT__en_def_translated_cn_def,,,
gte_multilingual_base_768d,馬,35,0.22340129869324818,0.23540656851338485,0.6663282147475651,0.553341394662857,zh_char,en_def_translated_cn_def,zh_char__INTERSECT__en_def_translated_cn_def,,,
gte_multilingual_base_768d,骨,6,0.20279913209378717,0.4280288467804591,0.6492089827855428,0.5925465623537699,zh_char,en_def_translated_cn_def,zh_char__INTERSECT__en_def_translated_cn_def,,,
gte_multilingual_base_768d,髟,11,0.32894180113957683,0.16484709558161822,0.6983901587399569,0.49982057918201794,zh_char,en_def_translated_cn_def,zh_char__INTERSECT__en_def_translated_cn_def,,,
gte_multilingual_base_768d,鬼,9,0.19194098065296805,0.1802771397762828,0.6647622452841865,0.5487436983320448,zh_char,en_def_translated_cn_def,zh_char__INTERSECT__en_def_translated_cn_def,,,
gte_multilingual_base_768d,魚,20,0.3335040148347616,0.40130858663469554,0.6270433366298676,0.5606189668178558,zh_char,en_def_translated_cn_def,zh_char__INTERSECT__en_def_translated_cn_def,,,
gte_multilingual_base_768d,鳥,27,0.34630781453516746,0.3961196365179839,0.6664978000852797,0.5574205628147831,zh_char,en_def_translated_cn_def,zh_char__INTERSECT__en_def_translated_cn_def,,,
gte_multilingual_base_768d,鹿,4,0.2722464948892593,0.25783076137304306,0.6270954310894012,0.5021593272686005,zh_char,en_def_translated_cn_def,zh_char__INTERSECT__en_def_translated_cn_def,,,
gte_multilingual_base_768d,黑,10,0.1921629324555397,0.14610410574823615,0.6715398728847504,0.5457703322172165,zh_char,en_def_translated_cn_def,zh_char__INTERSECT__en_def_translated_cn_def,,,
gte_multilingual_base_768d,齒,8,0.5647563226521015,0.22646022355183953,0.7666678056120872,0.5096815004944801,zh_char,en_def_translated_cn_def,zh_char__INTERSECT__en_def_translated_cn_def,,,
gte_multilingual_base_768d,𧾷,48,0.27798481304974604,0.21869876800337804,0.6791807189583778,0.538078940163056,zh_char,en_def_translated_cn_def,zh_char__INTERSECT__en_def_translated_cn_def,,,
qwen3_0.6b_1024d,㫃,7,0.163630313905222,0.2395208877112184,0.6131884029933384,0.41266780240195133,zh_char,en_def_translated_cn_def,zh_char__INTERSECT__en_def_translated_cn_def,,,
qwen3_0.6b_1024d,亻,138,0.10476654168029409,0.04249883181604461,0.6599274256091187,0.46010784556468326,zh_char,en_def_translated_cn_def,zh_char__INTERSECT__en_def_translated_cn_def,,,
qwen3_0.6b_1024d,冫,6,0.26224132875601447,0.22302797685066855,0.6219153801600138,0.34015910824139906,zh_char,en_def_translated_cn_def,zh_char__INTERSECT__en_def_translated_cn_def,,,
qwen3_0.6b_1024d,刂,20,0.1964495757129043,0.25636203214526176,0.636171618103981,0.4566809728741646,zh_char,en_def_translated_cn_def,zh_char__INTERSECT__en_def_translated_cn_def,,,
qwen3_0.6b_1024d,力,16,0.08146662660874425,0.1368585412856191,0.6266512647271156,0.45337953977286816,zh_char,en_def_translated_cn_def,zh_char__INTERSECT__en_def_translated_cn_def,,,
qwen3_0.6b_1024d,匚,5,0.13955301940441128,0.1423457264900207,0.5803821802139282,0.42271170020103455,zh_char,en_def_translated_cn_def,zh_char__INTERSECT__en_def_translated_cn_def,,,
qwen3_0.6b_1024d,口,122,0.31005687197884085,0.20899800663875015,0.6379747236849832,0.43873563543206356,zh_char,en_def_translated_cn_def,zh_char__INTERSECT__en_def_translated_cn_def,,,
qwen3_0.6b_1024d,囗,10,0.23724323958158489,0.11751174107193944,0.657347047328949,0.40788509547710416,zh_char,en_def_translated_cn_def,zh_char__INTERSECT__en_def_translated_cn_def,,,
qwen3_0.6b_1024d,土,66,0.2803207883949984,0.158913494539306,0.6501432052164366,0.4727734246037223,zh_char,en_def_translated_cn_def,zh_char__INTERSECT__en_def_translated_cn_def,,,
qwen3_0.6b_1024d,大,4,0.11854584328830242,0.09435436781495807,0.5976665169000626,0.49292145669460297,zh_char,en_def_translated_cn_def,zh_char__INTERSECT__en_def_translated_cn_def,,,
qwen3_0.6b_1024d,女,69,0.2646212531118721,0.18340606893669217,0.6389719735885012,0.41336041084234265,zh_char,en_def_translated_cn_def,zh_char__INTERSECT__en_def_translated_cn_def,,,
qwen3_0.6b_1024d,子,6,0.0030999781253437295,0.1933847963809967,0.5670227855443954,0.33389849464098614,zh_char,en_def_translated_cn_def,zh_char__INTERSECT__en_def_translated_cn_def,,,
qwen3_0.6b_1024d,宀,20,0.11288419449701906,0.08810201715677975,0.653260825574398,0.4208176665008068,zh_char,en_def_translated_cn_def,zh_char__INTERSECT__en_def_translated_cn_def,,,
qwen3_0.6b_1024d,尸,7,0.04493382360254015,0.030324757764382,0.5617090719086784,0.365116149187088,zh_char,en_def_translated_cn_def,zh_char__INTERSECT__en_def_translated_cn_def,,,
qwen3_0.6b_1024d,山,38,0.31587968472587435,0.26845461257586356,0.6629376395752555,0.4882583249556391,zh_char,en_def_translated_cn_def,zh_char__INTERSECT__en_def_translated_cn_def,,,
qwen3_0.6b_1024d,巾,22,0.2037741314958442,0.19373297708278353,0.6371895440600135,0.44801096482710406,zh_char,en_def_translated_cn_def,zh_char__INTERSECT__en_def_translated_cn_def,,,
qwen3_0.6b_1024d,广,25,0.21951519131660457,0.13332485195249316,0.6538230466842652,0.4252704131603241,zh_char,en_def_translated_cn_def,zh_char__INTERSECT__en_def_translated_cn_def,,,
qwen3_0.6b_1024d,弓,9,0.17969822469684807,0.10962565972780186,0.6453159848848978,0.3749629722701179,zh_char,en_def_translated_cn_def,zh_char__INTERSECT__en_def_translated_cn_def,,,
qwen3_0.6b_1024d,彡,6,0.1343051126847664,0.11506018290917075,0.6335419913132986,0.5376035968462626,zh_char,en_def_translated_cn_def,zh_char__INTERSECT__en_def_translated_cn_def,,,
qwen3_0.6b_1024d,彳,14,0.08963705253388199,0.11736379457371572,0.6246238840477807,0.46357496082782745,zh_char,en_def_translated_cn_def,zh_char__INTERSECT__en_def_translated_cn_def,,,
qwen3_0.6b_1024d,心,46,0.28244398706390156,0.19344171889774173,0.6232729968817338,0.45453186203604157,zh_char,en_def_translated_cn_def,zh_char__INTERSECT__en_def_translated_cn_def,,,
qwen3_0.6b_1024d,忄,80,0.33486435889499255,0.24459391045384105,0.6278561312705279,0.4523018471896648,zh_char,en_def_translated_cn_def,zh_char__INTERSECT__en_def_translated_cn_def,,,
qwen3_0.6b_1024d,戈,6,0.1400344165352483,0.17278310346106684,0.6325915853182474,0.36026552816232044,zh_char,en_def_translated_cn_def,zh_char__INTERSECT__en_def_translated_cn_def,,,
qwen3_0.6b_1024d,手,7,0.12331530611429894,0.17950616271368092,0.6382386258670262,0.4109728974955423,zh_char,en_def_translated_cn_def,zh_char__INTERSECT__en_def_translated_cn_def,,,
qwen3_0.6b_1024d,扌,145,0.21688228031813067,0.21404555288368254,0.6423914483908949,0.4706054882756595,zh_char,en_def_translated_cn_def,zh_char__INTERSECT__en_def_translated_cn_def,,,
qwen3_0.6b_1024d,攵,14,0.0795888223552278,0.0965664515803967,0.6383167803287506,0.45862772847924915,zh_char,en_def_translated_cn_def,zh_char__INTERSECT__en_def_translated_cn_def,,,
qwen3_0.6b_1024d,斗,5,0.028783232718706142,0.07665992304682728,0.6074230909347534,0.34202441573143005,zh_char,en_def_translated_cn_def,zh_char__INTERSECT__en_def_translated_cn_def,,,
qwen3_0.6b_1024d,斤,4,0.07241074647754432,0.06398312072269617,0.6176628470420837,0.40820514410734177,zh_char,en_def_translated_cn_def,zh_char__INTERSECT__en_def_translated_cn_def,,,
qwen3_0.6b_1024d,日,45,0.21318940752082396,0.1972603455599811,0.6585110425949097,0.4779747641748852,zh_char,en_def_translated_cn_def,zh_char__INTERSECT__en_def_translated_cn_def,,,
qwen3_0.6b_1024d,月,4,0.13099910970777273,0.23219640739262098,0.6863119900226593,0.43229926377534866,zh_char,en_def_translated_cn_def,zh_char__INTERSECT__en_def_translated_cn_def,,,
qwen3_0.6b_1024d,木,146,0.25732041838617153,0.24159723321256568,0.6404928222094497,0.42466966496550873,zh_char,en_def_translated_cn_def,zh_char__INTERSECT__en_def_translated_cn_def,,,
qwen3_0.6b_1024d,林,4,0.12215280160307881,0.0026348689571022432,0.5576795488595963,0.353862926363945,zh_char,en_def_translated_cn_def,zh_char__INTERSECT__en_def_translated_cn_def,,,
qwen3_0.6b_1024d,欠,14,0.1334863720860864,0.007969687692821028,0.6410727373191288,0.4074114454644067,zh_char,en_def_translated_cn_def,zh_char__INTERSECT__en_def_translated_cn_def,,,
qwen3_0.6b_1024d,歹,11,0.27696868438612327,0.15372695943171324,0.6227935715155168,0.4285017373886975,zh_char,en_def_translated_cn_def,zh_char__INTERSECT__en_def_translated_cn_def,,,
qwen3_0.6b_1024d,毛,5,0.23168655037879943,0.13825287595391272,0.5746387541294098,0.42246363759040834,zh_char,en_def_translated_cn_def,zh_char__INTERSECT__en_def_translated_cn_def,,,
qwen3_0.6b_1024d,水,4,0.16661283373832697,0.07791809272021052,0.5905601233243942,0.3854611702263355,zh_char,en_def_translated_cn_def,zh_char__INTERSECT__en_def_translated_cn_def,,,
qwen3_0.6b_1024d,氵,198,0.27587433061045075,0.23134810991368884,0.6406403632477077,0.44877407082704585,zh_char,en_def_translated_cn_def,zh_char__INTERSECT__en_def_translated_cn_def,,,
qwen3_0.6b_1024d,火,36,0.3344926783401105,0.2377487196483546,0.61353450268507,0.47656047923697364,zh_char,en_def_translated_cn_def,zh_char__INTERSECT__en_def_translated_cn_def,,,
qwen3_0.6b_1024d,牜,10,0.15393893308937545,0.12790459506213664,0.5931368231773376,0.39766120612621303,zh_char,en_def_translated_cn_def,zh_char__INTERSECT__en_def_translated_cn_def,,,
qwen3_0.6b_1024d,犬,4,-0.03992273146286605,-0.05229599296581,0.5763312429189682,0.5077615678310394,zh_char,en_def_translated_cn_def,zh_char__INTERSECT__en_def_translated_cn_def,,,
qwen3_0.6b_1024d,犭,28,0.3626355762327356,0.19967030710540712,0.6228564413530486,0.4058592420603548,zh_char,en_def_translated_cn_def,zh_char__INTERSECT__en_def_translated_cn_def,,,
qwen3_0.6b_1024d,王,46,0.24446751622726084,0.2995381897477352,0.6710638021645339,0.47756285544322885,zh_char,en_def_translated_cn_def,zh_char__INTERSECT__en_def_translated_cn_def,,,
qwen3_0.6b_1024d,瓦,4,0.2741110473871231,0.4642772972583771,0.6175714731216431,0.46846623718738556,zh_char,en_def_translated_cn_def,zh_char__INTERSECT__en_def_translated_cn_def,,,
qwen3_0.6b_1024d,田,10,0.10809432957321403,0.15981685742735857,0.6521738171577454,0.4356103718280792,zh_char,en_def_translated_cn_def,zh_char__INTERSECT__en_def_translated_cn_def,,,
qwen3_0.6b_1024d,疒,48,0.4042069964731733,0.29153173455658055,0.6279754284769297,0.44417713209986687,zh_char,en_def_translated_cn_def,zh_char__INTERSECT__en_def_translated_cn_def,,,
qwen3_0.6b_1024d,白,7,0.21248632350138255,0.1949246855718749,0.5970849479947772,0.3778349075998579,zh_char,en_def_translated_cn_def,zh_char__INTERSECT__en_def_translated_cn_def,,,
qwen3_0.6b_1024d,皿,9,0.1823490833242734,0.3207572682036294,0.652243071132236,0.45893346269925434,zh_char,en_def_translated_cn_def,zh_char__INTERSECT__en_def_translated_cn_def,,,
qwen3_0.6b_1024d,目,32,0.31828290165867656,0.25628730410244316,0.656739704310894,0.46956974640488625,zh_char,en_def_translated_cn_def,zh_char__INTERSECT__en_def_translated_cn_def,,,
qwen3_0.6b_1024d,矢,4,0.06654737005010246,0.06446431425865738,0.5233528465032578,0.33707647025585175,zh_char,en_def_translated_cn_def,zh_char__INTERSECT__en_def_translated_cn_def,,,
qwen3_0.6b_1024d,石,40,0.2518443232402205,0.17380069857463237,0.6249465048313141,0.4416792746633291,zh_char,en_def_translated_cn_def,zh_char__INTERSECT__en_def_translated_cn_def,,,
qwen3_0.6b_1024d,示,5,0.18672755770385263,0.04706702604889866,0.6155622720718383,0.41984649896621706,zh_char,en_def_translated_cn_def,zh_char__INTERSECT__en_def_translated_cn_def,,,
qwen3_0.6b_1024d,礻,20,0.20371920079924166,0.21940155867487188,0.6429981023073197,0.49041480422019956,zh_char,en_def_translated_cn_def,zh_char__INTERSECT__en_def_translated_cn_def,,,
qwen3_0.6b_1024d,禾,25,0.17495857581496235,0.12580522172152994,0.6076413822174073,0.47203608870506286,zh_char,en_def_translated_cn_def,zh_char__INTERSECT__en_def_translated_cn_def,,,
qwen3_0.6b_1024d,穴,17,0.22865675806122662,0.06362303823013514,0.6088719140080845,0.45602962024071636,zh_char,en_def_translated_cn_def,zh_char__INTERSECT__en_def_translated_cn_def,,,
qwen3_0.6b_1024d,立,4,-0.0231659668497741,0.054673799779266105,0.6115227937698364,0.3200792595744133,zh_char,en_def_translated_cn_def,zh_char__INTERSECT__en_def_translated_cn_def,,,
qwen3_0.6b_1024d,竹,63,0.2749354918561285,0.2650772142150099,0.6381493347977835,0.4545551841221159,zh_char,en_def_translated_cn_def,zh_char__INTERSECT__en_def_translated_cn_def,,,
qwen3_0.6b_1024d,米,17,0.25587442736415295,0.20708325351862344,0.6385390618268181,0.4235234979320975,zh_char,en_def_translated_cn_def,zh_char__INTERSECT__en_def_translated_cn_def,,,
qwen3_0.6b_1024d,糸,99,0.3725537940521132,0.22569538754495705,0.6366378029789588,0.48026922525781574,zh_char,en_def_translated_cn_def,zh_char__INTERSECT__en_def_translated_cn_def,,,
qwen3_0.6b_1024d,羽,14,0.355804803249027,0.09953721772347175,0.6553206933396203,0.45957913994789124,zh_char,en_def_translated_cn_def,zh_char__INTERSECT__en_def_translated_cn_def,,,
qwen3_0.6b_1024d,耒,6,0.15680422385533646,0.1357396820870538,0.573428084452947,0.4087733527024587,zh_char,en_def_translated_cn_def,zh_char__INTERSECT__en_def_translated_cn_def,,,
qwen3_0.6b_1024d,耳,6,0.24526274949312207,0.11020017291108763,0.6250512699286143,0.36690834164619446,zh_char,en_def_translated_cn_def,zh_char__INTERSECT__en_def_translated_cn_def,,,
qwen3_0.6b_1024d,肉,73,0.3126946688336256,0.25177693301939386,0.6195399442764178,0.43955854234630115,zh_char,en_def_translated_cn_def,zh_char__INTERSECT__en_def_translated_cn_def,,,
qwen3_0.6b_1024d,舟,12,0.35445796636243654,0.3719772252564629,0.6431505928436915,0.5009979779521624,zh_char,en_def_translated_cn_def,zh_char__INTERSECT__en_def_translated_cn_def,,,
qwen3_0.6b_1024d,艹,161,0.282298041339848,0.3001685115676489,0.6527147726242587,0.41973371396523823,zh_char,en_def_translated_cn_def,zh_char__INTERSECT__en_def_translated_cn_def,,,
qwen3_0.6b_1024d,虫,79,0.5134213741255712,0.3778208551244645,0.6561159838604022,0.4337089906764936,zh_char,en_def_translated_cn_def,zh_char__INTERSECT__en_def_translated_cn_def,,,
qwen3_0.6b_1024d,行,5,0.20291174650192256,-0.05883910320699211,0.5966586947441102,0.23927278369665145,zh_char,en_def_translated_cn_def,zh_char__INTERSECT__en_def_translated_cn_def,,,
qwen3_0.6b_1024d,衣,11,0.2462798993695866,0.2027159972031685,0.6515664675019004,0.43334146250378003,zh_char,en_def_translated_cn_def,zh_char__INTERSECT__en_def_translated_cn_def,,,
qwen3_0.6b_1024d,衤,34,0.28005193091709824,0.2690756338484147,0.643386539290933,0.4576246580656837,zh_char,en_def_translated_cn_def,zh_char__INTERSECT__en_def_translated_cn_def,,,
qwen3_0.6b_1024d,見,4,0.29320313408970833,0.08450639620423313,0.669900432229042,0.4686252698302269,zh_char,en_def_translated_cn_def,zh_char__INTERSECT__en_def_translated_cn_def,,,
qwen3_0.6b_1024d,言,98,0.3344131083256204,0.16391829426913537,0.6318017101409484,0.4671219705927129,zh_char,en_def_translated_cn_def,zh_char__INTERSECT__en_def_translated_cn_def,,,
qwen3_0.6b_1024d,豸,7,0.4658730242933546,0.4706248960324696,0.6255207913262504,0.3654290735721588,zh_char,en_def_translated_cn_def,zh_char__INTERSECT__en_def_translated_cn_def,,,
qwen3_0.6b_1024d,貝,30,0.3874633674820264,0.19998540682718155,0.6507024725278219,0.45372290511926017,zh_char,en_def_translated_cn_def,zh_char__INTERSECT__en_def_translated_cn_def,,,
qwen3_0.6b_1024d,走,8,0.14690065546892578,0.04898360464721917,0.650103148072958,0.4202737230807543,zh_char,en_def_translated_cn_def,zh_char__INTERSECT__en_def_translated_cn_def,,,
qwen3_0.6b_1024d,車,25,0.3421654229238629,0.20804547011852262,0.6416103076934815,0.478661013841629,zh_char,en_def_translated_cn_def,zh_char__INTERSECT__en_def_translated_cn_def,,,
qwen3_0.6b_1024d,辶,52,0.1696551472951586,0.16449711348216692,0.6415329953798881,0.4528645764176662,zh_char,en_def_translated_cn_def,zh_char__INTERSECT__en_def_translated_cn_def,,,
qwen3_0.6b_1024d,酉,20,0.23713148962706326,0.1425458232872188,0.6237854838371277,0.4187410205602646,zh_char,en_def_translated_cn_def,zh_char__INTERSECT__en_def_translated_cn_def,,,
qwen3_0.6b_1024d,釒,88,0.4224499403075738,0.24010790483391078,0.6227022822607647,0.45568219132044097,zh_char,en_def_translated_cn_def,zh_char__INTERSECT__en_def_translated_cn_def,,,
qwen3_0.6b_1024d,門,20,0.33305271156132216,0.10752972182817755,0.6356583639979363,0.4497245341539383,zh_char,en_def_translated_cn_def,zh_char__INTERSECT__en_def_translated_cn_def,,,
qwen3_0.6b_1024d,阝,49,0.21964827463106837,0.13619420135735855,0.6564084595563461,0.457259792758494,zh_char,en_def_translated_cn_def,zh_char__INTERSECT__en_def_translated_cn_def,,,
qwen3_0.6b_1024d,隹,11,0.1355025717480616,0.11142525720325382,0.6072779595851898,0.4521875787865032,zh_char,en_def_translated_cn_def,zh_char__INTERSECT__en_def_translated_cn_def,,,
qwen3_0.6b_1024d,雨,22,0.287423337386413,0.33064218263395806,0.6444608501412652,0.4525792883201079,zh_char,en_def_translated_cn_def,zh_char__INTERSECT__en_def_translated_cn_def,,,
qwen3_0.6b_1024d,革,13,0.21318120495058018,0.16655539262753266,0.62793518946721,0.42694424092769623,zh_char,en_def_translated_cn_def,zh_char__INTERSECT__en_def_translated_cn_def,,,
qwen3_0.6b_1024d,頁,28,0.34528718755713533,0.10208807867352983,0.6443394550255367,0.43770333911691395,zh_char,en_def_translated_cn_def,zh_char__INTERSECT__en_def_translated_cn_def,,,
qwen3_0.6b_1024d,風,4,0.480347141623497,0.18458154704421756,0.6412802934646606,0.33434145152568817,zh_char,en_def_translated_cn_def,zh_char__INTERSECT__en_def_translated_cn_def,,,
qwen3_0.6b_1024d,食,4,0.06926358863711354,0.05472278920933603,0.5840992629528046,0.31727910786867136,zh_char,en_def_translated_cn_def,zh_char__INTERSECT__en_def_translated_cn_def,,,
qwen3_0.6b_1024d,飠,22,0.38006632978265936,0.2424515039152042,0.6144496961073442,0.42983422767032275,zh_char,en_def_translated_cn_def,zh_char__INTERSECT__en_def_translated_cn_def,,,
qwen3_0.6b_1024d,馬,35,0.4135929936809199,0.26054467867527686,0.64126809324537,0.43647556134632653,zh_char,en_def_translated_cn_def,zh_char__INTERSECT__en_def_translated_cn_def,,,
qwen3_0.6b_1024d,骨,6,0.31949230780204135,0.38136034707228345,0.6243798832098643,0.43441738933324814,zh_char,en_def_translated_cn_def,zh_char__INTERSECT__en_def_translated_cn_def,,,
qwen3_0.6b_1024d,髟,11,0.2645066197622906,0.20624733716249466,0.6872493733059276,0.3732532222162593,zh_char,en_def_translated_cn_def,zh_char__INTERSECT__en_def_translated_cn_def,,,
qwen3_0.6b_1024d,鬼,9,0.3472193082173665,0.2116671270794338,0.6008671025435129,0.39743301769097644,zh_char,en_def_translated_cn_def,zh_char__INTERSECT__en_def_translated_cn_def,,,
qwen3_0.6b_1024d,魚,20,0.6506316944956779,0.4929758748039603,0.6645839035511016,0.41528195068240165,zh_char,en_def_translated_cn_def,zh_char__INTERSECT__en_def_translated_cn_def,,,
qwen3_0.6b_1024d,鳥,27,0.6088751742133388,0.4968132213861854,0.6731435789002312,0.44789928749755575,zh_char,en_def_translated_cn_def,zh_char__INTERSECT__en_def_translated_cn_def,,,
qwen3_0.6b_1024d,鹿,4,0.4236831068992615,0.3708527982234955,0.6570580154657364,0.4275562986731529,zh_char,en_def_translated_cn_def,zh_char__INTERSECT__en_def_translated_cn_def,,,
qwen3_0.6b_1024d,黑,10,0.15749240741133688,0.1325089870020747,0.625979894399643,0.4745724320411682,zh_char,en_def_translated_cn_def,zh_char__INTERSECT__en_def_translated_cn_def,,,
qwen3_0.6b_1024d,齒,8,0.4176034089177847,0.2220364180393517,0.61866045743227,0.3917940743267536,zh_char,en_def_translated_cn_def,zh_char__INTERSECT__en_def_translated_cn_def,,,
qwen3_0.6b_1024d,𧾷,48,0.31241968778582907,0.23450529283339464,0.6412883860369524,0.43078348971903324,zh_char,en_def_translated_cn_def,zh_char__INTERSECT__en_def_translated_cn_def,,,
qwen3_4b_2560d_int8,㫃,7,0.2564295244602753,0.2231778523751667,0.6671856556619916,0.3550877060209002,zh_char,en_def_translated_cn_def,zh_char__INTERSECT__en_def_translated_cn_def,,,
qwen3_4b_2560d_int8,亻,138,0.10647895750319718,0.030607466437462434,0.6690433880557185,0.46452026252729306,zh_char,en_def_translated_cn_def,zh_char__INTERSECT__en_def_translated_cn_def,,,
qwen3_4b_2560d_int8,冫,6,0.3003109842538833,0.22846990451216695,0.6103736609220505,0.38832229375839233,zh_char,en_def_translated_cn_def,zh_char__INTERSECT__en_def_translated_cn_def,,,
qwen3_4b_2560d_int8,刂,20,0.2934890042059123,0.20467126974835992,0.6626412123441696,0.4716898113489151,zh_char,en_def_translated_cn_def,zh_char__INTERSECT__en_def_translated_cn_def,,,
qwen3_4b_2560d_int8,力,16,0.166680728783831,0.152303762268275,0.5942723490297794,0.43209058605134487,zh_char,en_def_translated_cn_def,zh_char__INTERSECT__en_def_translated_cn_def,,,
qwen3_4b_2560d_int8,匚,5,0.16942223906517023,0.08155348449945447,0.6094172120094299,0.42848439812660216,zh_char,en_def_translated_cn_def,zh_char__INTERSECT__en_def_translated_cn_def,,,
qwen3_4b_2560d_int8,口,122,0.3295629660514962,0.19514710977520852,0.6659034764180418,0.44492718809452214,zh_char,en_def_translated_cn_def,zh_char__INTERSECT__en_def_translated_cn_def,,,
qwen3_4b_2560d_int8,囗,10,0.24454906601458784,0.11035671904683111,0.5752913683652878,0.40258119702339173,zh_char,en_def_translated_cn_def,zh_char__INTERSECT__en_def_translated_cn_def,,,
qwen3_4b_2560d_int8,土,66,0.24521043778143145,0.17230196970966502,0.6589666722398816,0.4727458224603624,zh_char,en_def_translated_cn_def,zh_char__INTERSECT__en_def_translated_cn_def,,,
qwen3_4b_2560d_int8,大,4,-0.04393737856298682,0.0443377860356122,0.6289497166872025,0.3861040100455284,zh_char,en_def_translated_cn_def,zh_char__INTERSECT__en_def_translated_cn_def,,,
qwen3_4b_2560d_int8,女,69,0.26880229499353014,0.14629227534422407,0.6622087005255879,0.4387000501155853,zh_char,en_def_translated_cn_def,zh_char__INTERSECT__en_def_translated_cn_def,,,
qwen3_4b_2560d_int8,子,6,0.034856688541670615,0.2077380640742679,0.5574400623639425,0.37343912323315936,zh_char,en_def_translated_cn_def,zh_char__INTERSECT__en_def_translated_cn_def,,,
qwen3_4b_2560d_int8,宀,20,0.11048674106132236,0.07854999685660002,0.6683017492294312,0.40034745410084727,zh_char,en_def_translated_cn_def,zh_char__INTERSECT__en_def_translated_cn_def,,,
qwen3_4b_2560d_int8,尸,7,0.14053762092122007,-0.007712129636534613,0.6427016173090253,0.3354355139391763,zh_char,en_def_translated_cn_def,zh_char__INTERSECT__en_def_translated_cn_def,,,
qwen3_4b_2560d_int8,山,38,0.32331420721388177,0.2582795431371778,0.6750621999564924,0.4891328023452508,zh_char,en_def_translated_cn_def,zh_char__INTERSECT__en_def_translated_cn_def,,,
qwen3_4b_2560d_int8,巾,22,0.23003205419941378,0.18932828561148857,0.6652191904458132,0.4487445489926772,zh_char,en_def_translated_cn_def,zh_char__INTERSECT__en_def_translated_cn_def,,,
qwen3_4b_2560d_int8,广,25,0.19032353613525627,0.12007248580455779,0.6522566485404968,0.41828174352645875,zh_char,en_def_translated_cn_def,zh_char__INTERSECT__en_def_translated_cn_def,,,
qwen3_4b_2560d_int8,弓,9,0.15843810844752518,0.09405456814501018,0.6457457409964668,0.3583003183205922,zh_char,en_def_translated_cn_def,zh_char__INTERSECT__en_def_translated_cn_def,,,
qwen3_4b_2560d_int8,彡,6,0.01798971462994815,0.017118547732631332,0.6030411720275879,0.5130402743816376,zh_char,en_def_translated_cn_def,zh_char__INTERSECT__en_def_translated_cn_def,,,
qwen3_4b_2560d_int8,彳,14,0.10376033599355387,0.12369860788541179,0.6294243250574384,0.43376295268535614,zh_char,en_def_translated_cn_def,zh_char__INTERSECT__en_def_translated_cn_def,,,
qwen3_4b_2560d_int8,心,46,0.28684513728417776,0.1739700005501104,0.6353689017503158,0.44564144442910736,zh_char,en_def_translated_cn_def,zh_char__INTERSECT__en_def_translated_cn_def,,,
qwen3_4b_2560d_int8,忄,80,0.3266551991517189,0.23008903623558577,0.6558624304831028,0.45694971904158593,zh_char,en_def_translated_cn_def,zh_char__INTERSECT__en_def_translated_cn_def,,,
qwen3_4b_2560d_int8,戈,6,0.16497237297395861,0.09621726845701532,0.5986240605513254,0.35396244873603183,zh_char,en_def_translated_cn_def,zh_char__INTERSECT__en_def_translated_cn_def,,,
qwen3_4b_2560d_int8,手,7,0.22608077313218794,0.1742834076285362,0.6823029092379979,0.4257524907588959,zh_char,en_def_translated_cn_def,zh_char__INTERSECT__en_def_translated_cn_def,,,
qwen3_4b_2560d_int8,扌,145,0.293036706257483,0.19604484522394064,0.6679019981417162,0.45930210680797184,zh_char,en_def_translated_cn_def,zh_char__INTERSECT__en_def_translated_cn_def,,,
qwen3_4b_2560d_int8,攵,14,0.10422235088688984,0.1166062039722289,0.6540380077702659,0.4588608720472881,zh_char,en_def_translated_cn_def,zh_char__INTERSECT__en_def_translated_cn_def,,,
qwen3_4b_2560d_int8,斗,5,-0.008844204992055899,0.06858141906559465,0.5792308688163758,0.3407258063554764,zh_char,en_def_translated_cn_def,zh_char__INTERSECT__en_def_translated_cn_def,,,
qwen3_4b_2560d_int8,斤,4,0.11728492518886925,0.05488073918968438,0.6128640174865723,0.3874322772026062,zh_char,en_def_translated_cn_def,zh_char__INTERSECT__en_def_translated_cn_def,,,
qwen3_4b_2560d_int8,日,45,0.2065483284493287,0.18314781799498528,0.6804496235317654,0.4847225672668881,zh_char,en_def_translated_cn_def,zh_char__INTERSECT__en_def_translated_cn_def,,,
qwen3_4b_2560d_int8,月,4,0.08942977030528708,0.2379870619624853,0.665294736623764,0.38803465664386744,zh_char,en_def_translated_cn_def,zh_char__INTERSECT__en_def_translated_cn_def,,,
qwen3_4b_2560d_int8,木,146,0.29316285688570404,0.21837739434016687,0.6591070516876978,0.4462138728736198,zh_char,en_def_translated_cn_def,zh_char__INTERSECT__en_def_translated_cn_def,,,
qwen3_4b_2560d_int8,林,4,0.06591917760670182,0.007593464106321349,0.6520377993583679,0.34396379441022873,zh_char,en_def_translated_cn_def,zh_char__INTERSECT__en_def_translated_cn_def,,,
qwen3_4b_2560d_int8,欠,14,0.12635459045746494,0.04981610671217951,0.6641926978315625,0.42879893098558697,zh_char,en_def_translated_cn_def,zh_char__INTERSECT__en_def_translated_cn_def,,,
qwen3_4b_2560d_int8,歹,11,0.33286518468098203,0.19009494239633734,0.6061591316353191,0.41361692683263257,zh_char,en_def_translated_cn_def,zh_char__INTERSECT__en_def_translated_cn_def,,,
qwen3_4b_2560d_int8,毛,5,0.16624099314212798,0.11150407046079633,0.5593814015388489,0.4089767336845398,zh_char,en_def_translated_cn_def,zh_char__INTERSECT__en_def_translated_cn_def,,,
qwen3_4b_2560d_int8,水,4,0.11505474802106615,0.10332419257611034,0.5457243993878365,0.41048068553209305,zh_char,en_def_translated_cn_def,zh_char__INTERSECT__en_def_translated_cn_def,,,
qwen3_4b_2560d_int8,氵,198,0.2930395721406158,0.23138131983248947,0.666379197528868,0.44590623684302727,zh_char,en_def_translated_cn_def,zh_char__INTERSECT__en_def_translated_cn_def,,,
qwen3_4b_2560d_int8,火,36,0.3033567738150143,0.18391712837749055,0.6714895450406604,0.46093718252248234,zh_char,en_def_translated_cn_def,zh_char__INTERSECT__en_def_translated_cn_def,,,
qwen3_4b_2560d_int8,牜,10,0.2237811517436057,0.08717911429703235,0.6526617884635926,0.36262510716915125,zh_char,en_def_translated_cn_def,zh_char__INTERSECT__en_def_translated_cn_def,,,
qwen3_4b_2560d_int8,犬,4,-0.015745867043733604,-0.0223947842605412,0.6498495042324066,0.5371820777654648,zh_char,en_def_translated_cn_def,zh_char__INTERSECT__en_def_translated_cn_def,,,
qwen3_4b_2560d_int8,犭,28,0.34119105179394993,0.15791113954037425,0.6489155516028404,0.41227761868919643,zh_char,en_def_translated_cn_def,zh_char__INTERSECT__en_def_translated_cn_def,,,
qwen3_4b_2560d_int8,王,46,0.32142412476241583,0.2777442650302596,0.6981676765110182,0.46782865764006326,zh_char,en_def_translated_cn_def,zh_char__INTERSECT__en_def_translated_cn_def,,,
qwen3_4b_2560d_int8,瓦,4,0.433456689119339,0.4673185721039772,0.6412957608699799,0.532942421734333,zh_char,en_def_translated_cn_def,zh_char__INTERSECT__en_def_translated_cn_def,,,
qwen3_4b_2560d_int8,田,10,0.12818473614752288,0.12358594648540015,0.6676461696624756,0.43070524632930757,zh_char,en_def_translated_cn_def,zh_char__INTERSECT__en_def_translated_cn_def,,,
qwen3_4b_2560d_int8,疒,48,0.3826492128816123,0.2642514282973328,0.6342930346727371,0.43731238568822545,zh_char,en_def_translated_cn_def,zh_char__INTERSECT__en_def_translated_cn_def,,,
qwen3_4b_2560d_int8,白,7,0.18653899111918038,0.20748842826911382,0.6033128074237278,0.3438725450209209,zh_char,en_def_translated_cn_def,zh_char__INTERSECT__en_def_translated_cn_def,,,
qwen3_4b_2560d_int8,皿,9,0.24402867733604378,0.26251178565952515,0.6267437603738573,0.4321733911832173,zh_char,en_def_translated_cn_def,zh_char__INTERSECT__en_def_translated_cn_def,,,
qwen3_4b_2560d_int8,目,32,0.3967636189190671,0.26276287925429637,0.6915719769895077,0.4517425922676921,zh_char,en_def_translated_cn_def,zh_char__INTERSECT__en_def_translated_cn_def,,,
qwen3_4b_2560d_int8,矢,4,0.13798667863011355,0.025993884541094324,0.5692909210920334,0.37520624697208405,zh_char,en_def_translated_cn_def,zh_char__INTERSECT__en_def_translated_cn_def,,,
qwen3_4b_2560d_int8,石,40,0.2669084900524467,0.19163629834074525,0.649688920378685,0.43496712781488894,zh_char,en_def_translated_cn_def,zh_char__INTERSECT__en_def_translated_cn_def,,,
qwen3_4b_2560d_int8,示,5,0.1849764823913574,0.011626273673027723,0.712833297252655,0.35450751781463624,zh_char,en_def_translated_cn_def,zh_char__INTERSECT__en_def_translated_cn_def,,,
qwen3_4b_2560d_int8,礻,20,0.21971857063472267,0.22019854472018774,0.6369568169116974,0.4880972847342491,zh_char,en_def_translated_cn_def,zh_char__INTERSECT__en_def_translated_cn_def,,,
qwen3_4b_2560d_int8,禾,25,0.2063082235306501,0.11423597481101751,0.6156704640388488,0.46487277626991275,zh_char,en_def_translated_cn_def,zh_char__INTERSECT__en_def_translated_cn_def,,,
qwen3_4b_2560d_int8,穴,17,0.24440708994755844,0.034594922545639895,0.6433416604995728,0.450559807174346,zh_char,en_def_translated_cn_def,zh_char__INTERSECT__en_def_translated_cn_def,,,
qwen3_4b_2560d_int8,立,4,0.08955124230124054,0.0051819125656038505,0.6305859386920929,0.36103082448244095,zh_char,en_def_translated_cn_def,zh_char__INTERSECT__en_def_translated_cn_def,,,
qwen3_4b_2560d_int8,竹,63,0.28225449403186165,0.26155535308348515,0.6564575197204711,0.44417762756347656,zh_char,en_def_translated_cn_def,zh_char__INTERSECT__en_def_translated_cn_def,,,
qwen3_4b_2560d_int8,米,17,0.27725648671826897,0.21756289948654522,0.6423543761758244,0.4217948703204884,zh_char,en_def_translated_cn_def,zh_char__INTERSECT__en_def_translated_cn_def,,,
qwen3_4b_2560d_int8,糸,99,0.32318944184843335,0.19947646196103755,0.6460321488404515,0.4652277622560058,zh_char,en_def_translated_cn_def,zh_char__INTERSECT__en_def_translated_cn_def,,,
qwen3_4b_2560d_int8,羽,14,0.3165982873844249,0.09154086167524966,0.6668309015887124,0.4222193424190794,zh_char,en_def_translated_cn_def,zh_char__INTERSECT__en_def_translated_cn_def,,,
qwen3_4b_2560d_int8,耒,6,0.2419147895028194,0.09519664136072,0.6039869983990988,0.4027217576901118,zh_char,en_def_translated_cn_def,zh_char__INTERSECT__en_def_translated_cn_def,,,
qwen3_4b_2560d_int8,耳,6,0.24908500909805295,0.15114920710523919,0.5284594893455505,0.34814332922299696,zh_char,en_def_translated_cn_def,zh_char__INTERSECT__en_def_translated_cn_def,,,
qwen3_4b_2560d_int8,肉,73,0.31677866986097947,0.2396064727018549,0.6484600979171388,0.4477571561320187,zh_char,en_def_translated_cn_def,zh_char__INTERSECT__en_def_translated_cn_def,,,
qwen3_4b_2560d_int8,舟,12,0.42630187918742496,0.33216976746916765,0.6766451199849447,0.49884606649478275,zh_char,en_def_translated_cn_def,zh_char__INTERSECT__en_def_translated_cn_def,,,
qwen3_4b_2560d_int8,艹,161,0.279764683059596,0.260512581780576,0.6893427742193945,0.43480168736499286,zh_char,en_def_translated_cn_def,zh_char__INTERSECT__en_def_translated_cn_def,,,
qwen3_4b_2560d_int8,虫,79,0.4877812235816559,0.319765348694747,0.6804371408269375,0.4388459441782553,zh_char,en_def_translated_cn_def,zh_char__INTERSECT__en_def_translated_cn_def,,,
qwen3_4b_2560d_int8,行,5,0.17768468558788295,-0.02264622328802942,0.6314395904541016,0.222446958720684,zh_char,en_def_translated_cn_def,zh_char__INTERSECT__en_def_translated_cn_def,,,
qwen3_4b_2560d_int8,衣,11,0.2950583913109519,0.1621857681734995,0.6667341535741632,0.43526120348410174,zh_char,en_def_translated_cn_def,zh_char__INTERSECT__en_def_translated_cn_def,,,
qwen3_4b_2560d_int8,衤,34,0.3168420203797081,0.2600113949464524,0.6518802344799042,0.45271068592281904,zh_char,en_def_translated_cn_def,zh_char__INTERSECT__en_def_translated_cn_def,,,
qwen3_4b_2560d_int8,見,4,0.229370292276144,0.07955724047496912,0.6628226339817047,0.37498255074024195,zh_char,en_def_translated_cn_def,zh_char__INTERSECT__en_def_translated_cn_def,,,
qwen3_4b_2560d_int8,言,98,0.3012294983871433,0.14769604111242352,0.643220126020665,0.45393980279260754,zh_char,en_def_translated_cn_def,zh_char__INTERSECT__en_def_translated_cn_def,,,
qwen3_4b_2560d_int8,豸,7,0.49633908697537016,0.3712771875517708,0.664186349936894,0.4163431865828378,zh_char,en_def_translated_cn_def,zh_char__INTERSECT__en_def_translated_cn_def,,,
qwen3_4b_2560d_int8,貝,30,0.3581962784131368,0.15970588234874106,0.6649721980094909,0.4437910556793213,zh_char,en_def_translated_cn_def,zh_char__INTERSECT__en_def_translated_cn_def,,,
qwen3_4b_2560d_int8,走,8,0.13739414466544986,0.0562805659137666,0.5733406580984592,0.43105803057551384,zh_char,en_def_translated_cn_def,zh_char__INTERSECT__en_def_translated_cn_def,,,
qwen3_4b_2560d_int8,車,25,0.3474967887252569,0.20500447683036327,0.6443537449836731,0.48096164703369143,zh_char,en_def_translated_cn_def,zh_char__INTERSECT__en_def_translated_cn_def,,,
qwen3_4b_2560d_int8,辶,52,0.21698225109587205,0.1503069139479731,0.6509976627734991,0.43171879935723084,zh_char,en_def_translated_cn_def,zh_char__INTERSECT__en_def_translated_cn_def,,,
qwen3_4b_2560d_int8,酉,20,0.33150352090597146,0.15521042314358052,0.6547464430332184,0.42333358377218244,zh_char,en_def_translated_cn_def,zh_char__INTERSECT__en_def_translated_cn_def,,,
qwen3_4b_2560d_int8,釒,88,0.4003123579631475,0.22518356775716789,0.6604233235120773,0.4550462288951332,zh_char,en_def_translated_cn_def,zh_char__INTERSECT__en_def_translated_cn_def,,,
qwen3_4b_2560d_int8,門,20,0.3036266847513616,0.11447416464798148,0.6853794902563095,0.4412457585334778,zh_char,en_def_translated_cn_def,zh_char__INTERSECT__en_def_translated_cn_def,,,
qwen3_4b_2560d_int8,阝,49,0.19059467665394958,0.12009959176125726,0.6559733371345364,0.44452980251944796,zh_char,en_def_translated_cn_def,zh_char__INTERSECT__en_def_translated_cn_def,,,
qwen3_4b_2560d_int8,隹,11,0.14391539482907814,0.09563433836129578,0.5905257300897078,0.4537420056082986,zh_char,en_def_translated_cn_def,zh_char__INTERSECT__en_def_translated_cn_def,,,
qwen3_4b_2560d_int8,雨,22,0.3267476233569058,0.272888048467311,0.7017569514838132,0.4442253343083642,zh_char,en_def_translated_cn_def,zh_char__INTERSECT__en_def_translated_cn_def,,,
qwen3_4b_2560d_int8,革,13,0.21546022593975064,0.18063457346019834,0.6162012975949508,0.4627214796268023,zh_char,en_def_translated_cn_def,zh_char__INTERSECT__en_def_translated_cn_def,,,
qwen3_4b_2560d_int8,頁,28,0.3075319081544876,0.09062201363433683,0.6383423230477742,0.41267157452447073,zh_char,en_def_translated_cn_def,zh_char__INTERSECT__en_def_translated_cn_def,,,
qwen3_4b_2560d_int8,風,4,0.47841861099004745,0.13631402142345903,0.6938295811414719,0.3437655717134475,zh_char,en_def_translated_cn_def,zh_char__INTERSECT__en_def_translated_cn_def,,,
qwen3_4b_2560d_int8,食,4,0.18979371991008517,0.05800593132153153,0.5841996520757675,0.32724747061729426,zh_char,en_def_translated_cn_def,zh_char__INTERSECT__en_def_translated_cn_def,,,
qwen3_4b_2560d_int8,飠,22,0.4652318548072468,0.2143751103430986,0.683409574356946,0.4540928290648894,zh_char,en_def_translated_cn_def,zh_char__INTERSECT__en_def_translated_cn_def,,,
qwen3_4b_2560d_int8,馬,35,0.37235833512885225,0.21746143326163286,0.6601774999073573,0.448728380884443,zh_char,en_def_translated_cn_def,zh_char__INTERSECT__en_def_translated_cn_def,,,
qwen3_4b_2560d_int8,骨,6,0.2457289099693298,0.32737768938144046,0.6413843035697937,0.402901254594326,zh_char,en_def_translated_cn_def,zh_char__INTERSECT__en_def_translated_cn_def,,,
qwen3_4b_2560d_int8,髟,11,0.3383363014595075,0.16588347913189366,0.6920866478573192,0.4070197723128579,zh_char,en_def_translated_cn_def,zh_char__INTERSECT__en_def_translated_cn_def,,,
qwen3_4b_2560d_int8,鬼,9,0.3111626836988661,0.18588095194556645,0.6516261763042874,0.4411153495311737,zh_char,en_def_translated_cn_def,zh_char__INTERSECT__en_def_translated_cn_def,,,
qwen3_4b_2560d_int8,魚,20,0.5824555426836013,0.4161564588546753,0.7135535478591919,0.45028255879879,zh_char,en_def_translated_cn_def,zh_char__INTERSECT__en_def_translated_cn_def,,,
qwen3_4b_2560d_int8,鳥,27,0.5885935922463735,0.38431475032120943,0.6970175725442392,0.44206269140596743,zh_char,en_def_translated_cn_def,zh_char__INTERSECT__en_def_translated_cn_def,,,
qwen3_4b_2560d_int8,鹿,4,0.32656800001859665,0.2720876708626747,0.6849137842655182,0.37802441790699953,zh_char,en_def_translated_cn_def,zh_char__INTERSECT__en_def_translated_cn_def,,,
qwen3_4b_2560d_int8,黑,10,0.10694351233541961,0.14332430101931093,0.6118034839630127,0.4717706948518753,zh_char,en_def_translated_cn_def,zh_char__INTERSECT__en_def_translated_cn_def,,,
qwen3_4b_2560d_int8,齒,8,0.42534514982253313,0.19814991508610544,0.5839056819677353,0.3952187541872263,zh_char,en_def_translated_cn_def,zh_char__INTERSECT__en_def_translated_cn_def,,,
qwen3_4b_2560d_int8,𧾷,48,0.39287536358460784,0.2124336642057945,0.6622786950320005,0.41428559583922225,zh_char,en_def_translated_cn_def,zh_char__INTERSECT__en_def_translated_cn_def,,,
bge_m3_1024d,㫃,7,0.20585206363882333,0.19745165003197532,0.445256199155535,0.46163395047187805,cn_def,en_def_translated_cn_def,cn_def__INTERSECT__en_def_translated_cn_def,,,
bge_m3_1024d,亻,138,0.04388641893182057,0.04049575642810836,0.5469838596772456,0.5476511818343315,cn_def,en_def_translated_cn_def,cn_def__INTERSECT__en_def_translated_cn_def,,,
bge_m3_1024d,冫,6,0.194646301989754,0.21238381477693713,0.489088515440623,0.45939988891283673,cn_def,en_def_translated_cn_def,cn_def__INTERSECT__en_def_translated_cn_def,,,
bge_m3_1024d,刂,20,0.19819229664281007,0.19534975877031682,0.533703263103962,0.5306980684399605,cn_def,en_def_translated_cn_def,cn_def__INTERSECT__en_def_translated_cn_def,,,
bge_m3_1024d,力,16,0.1432521847018506,0.13822227844502774,0.5230239611119032,0.535275787115097,cn_def,en_def_translated_cn_def,cn_def__INTERSECT__en_def_translated_cn_def,,,
bge_m3_1024d,匚,5,0.1046833090484142,0.15369636267423625,0.49496414661407473,0.5093657851219178,cn_def,en_def_translated_cn_def,cn_def__INTERSECT__en_def_translated_cn_def,,,
bge_m3_1024d,口,122,0.23317912492336185,0.19050274519097118,0.537794890462375,0.5309785164770533,cn_def,en_def_translated_cn_def,cn_def__INTERSECT__en_def_translated_cn_def,,,
bge_m3_1024d,囗,10,0.12618222925812006,0.07893634606152769,0.5069863945245743,0.49507459402084353,cn_def,en_def_translated_cn_def,cn_def__INTERSECT__en_def_translated_cn_def,,,
bge_m3_1024d,土,66,0.1805317632741097,0.163594034246423,0.5390772268627629,0.5532067092982206,cn_def,en_def_translated_cn_def,cn_def__INTERSECT__en_def_translated_cn_def,,,
bge_m3_1024d,大,4,0.1083838008344173,0.11447128653526302,0.5850671827793121,0.527342863380909,cn_def,en_def_translated_cn_def,cn_def__INTERSECT__en_def_translated_cn_def,,,
bge_m3_1024d,女,69,0.18026606128483577,0.16407184545760567,0.5274541771066361,0.5347270067187323,cn_def,en_def_translated_cn_def,cn_def__INTERSECT__en_def_translated_cn_def,,,
bge_m3_1024d,子,6,0.21925505599938333,0.2485975424448649,0.4645768900712331,0.5132941255966822,cn_def,en_def_translated_cn_def,cn_def__INTERSECT__en_def_translated_cn_def,,,
bge_m3_1024d,宀,20,0.16569471743423486,0.09310064972378314,0.5018530905246734,0.498969666659832,cn_def,en_def_translated_cn_def,cn_def__INTERSECT__en_def_translated_cn_def,,,
bge_m3_1024d,尸,7,0.02840716285364967,0.03552776362214769,0.436412445136479,0.4549277807985033,cn_def,en_def_translated_cn_def,cn_def__INTERSECT__en_def_translated_cn_def,,,
bge_m3_1024d,山,38,0.24374673285178447,0.22629409521131924,0.5441538895431318,0.5546697652653644,cn_def,en_def_translated_cn_def,cn_def__INTERSECT__en_def_translated_cn_def,,,
bge_m3_1024d,巾,22,0.1930744180625135,0.130661053286696,0.5090706673535433,0.5297778817740354,cn_def,en_def_translated_cn_def,cn_def__INTERSECT__en_def_translated_cn_def,,,
bge_m3_1024d,广,25,0.14367988448590036,0.12610246792435645,0.5266441822052002,0.5327136993408204,cn_def,en_def_translated_cn_def,cn_def__INTERSECT__en_def_translated_cn_def,,,
bge_m3_1024d,弓,9,0.06616925334350927,0.08568748593744302,0.4644426968362596,0.4854048192501068,cn_def,en_def_translated_cn_def,cn_def__INTERSECT__en_def_translated_cn_def,,,
bge_m3_1024d,彡,6,0.07627734572937091,0.0306645908082525,0.5608242352803549,0.5988897283871969,cn_def,en_def_translated_cn_def,cn_def__INTERSECT__en_def_translated_cn_def,,,
bge_m3_1024d,彳,14,0.13014809507876632,0.09492119082382744,0.5203570787395749,0.5260891616344452,cn_def,en_def_translated_cn_def,cn_def__INTERSECT__en_def_translated_cn_def,,,
bge_m3_1024d,心,46,0.19839521185697417,0.21119637997901958,0.5570886413688245,0.5523176484781763,cn_def,en_def_translated_cn_def,cn_def__INTERSECT__en_def_translated_cn_def,,,
bge_m3_1024d,忄,80,0.24909020261839027,0.2483276430983096,0.5431879419833422,0.5528138566762208,cn_def,en_def_translated_cn_def,cn_def__INTERSECT__en_def_translated_cn_def,,,
bge_m3_1024d,戈,6,0.10386823707570629,0.08498875393221772,0.4777279545863469,0.4591304808855057,cn_def,en_def_translated_cn_def,cn_def__INTERSECT__en_def_translated_cn_def,,,
bge_m3_1024d,手,7,0.20190945693424767,0.1496022998222283,0.5025333549295153,0.5122470302241189,cn_def,en_def_translated_cn_def,cn_def__INTERSECT__en_def_translated_cn_def,,,
bge_m3_1024d,扌,145,0.22793706127538763,0.21678281083767267,0.5536838870624016,0.5603540348595586,cn_def,en_def_translated_cn_def,cn_def__INTERSECT__en_def_translated_cn_def,,,
bge_m3_1024d,攵,14,0.0846152006914573,0.10483111617421466,0.509564955319677,0.5160680157797677,cn_def,en_def_translated_cn_def,cn_def__INTERSECT__en_def_translated_cn_def,,,
bge_m3_1024d,斗,5,-0.011629699356853962,0.009632675722241402,0.4283709943294525,0.45535101890563967,cn_def,en_def_translated_cn_def,cn_def__INTERSECT__en_def_translated_cn_def,,,
bge_m3_1024d,斤,4,0.13124617561697952,0.005595608148723851,0.5032559037208557,0.48448435217142105,cn_def,en_def_translated_cn_def,cn_def__INTERSECT__en_def_translated_cn_def,,,
bge_m3_1024d,日,45,0.2169947268441319,0.21940052616927355,0.5755747894446055,0.5703428261809879,cn_def,en_def_translated_cn_def,cn_def__INTERSECT__en_def_translated_cn_def,,,
bge_m3_1024d,月,4,0.2728829942643642,0.3116770386695861,0.4896746948361397,0.5293887406587601,cn_def,en_def_translated_cn_def,cn_def__INTERSECT__en_def_translated_cn_def,,,
bge_m3_1024d,木,146,0.2567362862843255,0.21107162066658777,0.5231519425160265,0.5356869332186164,cn_def,en_def_translated_cn_def,cn_def__INTERSECT__en_def_translated_cn_def,,,
bge_m3_1024d,林,4,-0.11386451125144956,-0.046010480728000375,0.39280260354280466,0.4273184835910797,cn_def,en_def_translated_cn_def,cn_def__INTERSECT__en_def_translated_cn_def,,,
bge_m3_1024d,欠,14,0.08171550636844972,0.08849112995501074,0.5390209598200661,0.5438539747680936,cn_def,en_def_translated_cn_def,cn_def__INTERSECT__en_def_translated_cn_def,,,
bge_m3_1024d,歹,11,0.2594965168020942,0.23783567920327184,0.5454323806545951,0.5457096641713922,cn_def,en_def_translated_cn_def,cn_def__INTERSECT__en_def_translated_cn_def,,,
bge_m3_1024d,毛,5,0.14854345768690105,0.10088721737265587,0.4739071846008301,0.4857063353061676,cn_def,en_def_translated_cn_def,cn_def__INTERSECT__en_def_translated_cn_def,,,
bge_m3_1024d,水,4,0.047038773074746104,0.048708597663789925,0.44543385505676264,0.4783297330141067,cn_def,en_def_translated_cn_def,cn_def__INTERSECT__en_def_translated_cn_def,,,
bge_m3_1024d,氵,198,0.2360703312330926,0.22655453450620322,0.53718835010071,0.5424727696661997,cn_def,en_def_translated_cn_def,cn_def__INTERSECT__en_def_translated_cn_def,,,
bge_m3_1024d,火,36,0.23822010360244242,0.23199471412226552,0.5711438813143306,0.5859742959340414,cn_def,en_def_translated_cn_def,cn_def__INTERSECT__en_def_translated_cn_def,,,
bge_m3_1024d,牜,10,0.05486527420580386,0.0615264542400837,0.44336103796958926,0.4253173768520355,cn_def,en_def_translated_cn_def,cn_def__INTERSECT__en_def_translated_cn_def,,,
bge_m3_1024d,犬,4,0.0026293634437024246,-0.14611639082431788,0.5272425562143326,0.5418544262647629,cn_def,en_def_translated_cn_def,cn_def__INTERSECT__en_def_translated_cn_def,,,
bge_m3_1024d,犭,28,0.13796031045993523,0.1520466528766389,0.5047588582549777,0.5244648264987128,cn_def,en_def_translated_cn_def,cn_def__INTERSECT__en_def_translated_cn_def,,,
bge_m3_1024d,王,46,0.27612703029349767,0.28074545126266615,0.5374040914618451,0.5573061115067938,cn_def,en_def_translated_cn_def,cn_def__INTERSECT__en_def_translated_cn_def,,,
bge_m3_1024d,瓦,4,0.36993398517370224,0.3756379261612892,0.5645583868026733,0.5569753050804138,cn_def,en_def_translated_cn_def,cn_def__INTERSECT__en_def_translated_cn_def,,,
bge_m3_1024d,田,10,0.1452243538573384,0.1262725744396448,0.5065075546503067,0.520415621995926,cn_def,en_def_translated_cn_def,cn_def__INTERSECT__en_def_translated_cn_def,,,
bge_m3_1024d,疒,48,0.30616144797143835,0.2692869847329954,0.5380281905333201,0.5306917950510979,cn_def,en_def_translated_cn_def,cn_def__INTERSECT__en_def_translated_cn_def,,,
bge_m3_1024d,白,7,0.18461356524910247,0.19510644408208982,0.49356476749692646,0.47844476784978596,cn_def,en_def_translated_cn_def,cn_def__INTERSECT__en_def_translated_cn_def,,,
bge_m3_1024d,皿,9,0.2742427620622847,0.2943924466768901,0.5306339429484473,0.5485931601789262,cn_def,en_def_translated_cn_def,cn_def__INTERSECT__en_def_translated_cn_def,,,
bge_m3_1024d,目,32,0.30583461094647646,0.27149718708824366,0.5449077589437366,0.5646869130432606,cn_def,en_def_translated_cn_def,cn_def__INTERSECT__en_def_translated_cn_def,,,
bge_m3_1024d,矢,4,0.03584006428718562,0.0371107752434909,0.463549256324768,0.4749879091978073,cn_def,en_def_translated_cn_def,cn_def__INTERSECT__en_def_translated_cn_def,,,
bge_m3_1024d,石,40,0.22031699419021603,0.1683698553824797,0.5231906473636627,0.5277937173843383,cn_def,en_def_translated_cn_def,cn_def__INTERSECT__en_def_translated_cn_def,,,
bge_m3_1024d,示,5,0.04700081944465634,0.07276623770594595,0.47203853726387024,0.48410928845405576,cn_def,en_def_translated_cn_def,cn_def__INTERSECT__en_def_translated_cn_def,,,
bge_m3_1024d,礻,20,0.21937754969112574,0.2093455911846831,0.5692152425646781,0.5789266183972359,cn_def,en_def_translated_cn_def,cn_def__INTERSECT__en_def_translated_cn_def,,,
bge_m3_1024d,禾,25,0.14407960724085567,0.12890155620872976,0.5206794595718384,0.5216984391212464,cn_def,en_def_translated_cn_def,cn_def__INTERSECT__en_def_translated_cn_def,,,
bge_m3_1024d,穴,17,0.09771054917398618,0.06461121755487775,0.5029344681431266,0.5579003937104169,cn_def,en_def_translated_cn_def,cn_def__INTERSECT__en_def_translated_cn_def,,,
bge_m3_1024d,立,4,0.05231522093527015,0.12353796325623985,0.5069119334220886,0.437906377017498,cn_def,en_def_translated_cn_def,cn_def__INTERSECT__en_def_translated_cn_def,,,
bge_m3_1024d,竹,63,0.2720295973861265,0.2569524733024457,0.5380802963461194,0.5359262852441697,cn_def,en_def_translated_cn_def,cn_def__INTERSECT__en_def_translated_cn_def,,,
bge_m3_1024d,米,17,0.24104457480065958,0.18947821647367055,0.4668172843316022,0.4707371951902614,cn_def,en_def_translated_cn_def,cn_def__INTERSECT__en_def_translated_cn_def,,,
bge_m3_1024d,糸,99,0.21500979166365028,0.19306497681283888,0.5425130204118863,0.546350812370127,cn_def,en_def_translated_cn_def,cn_def__INTERSECT__en_def_translated_cn_def,,,
bge_m3_1024d,羽,14,0.09295044367068582,0.08334061064358267,0.5248248747416905,0.5251889228820801,cn_def,en_def_translated_cn_def,cn_def__INTERSECT__en_def_translated_cn_def,,,
bge_m3_1024d,耒,6,0.07895262974003951,0.11132475019743043,0.4301413247982661,0.4637100597222646,cn_def,en_def_translated_cn_def,cn_def__INTERSECT__en_def_translated_cn_def,,,
bge_m3_1024d,耳,6,0.07819111738353969,0.10778719543789822,0.4174070358276367,0.4234763632218042,cn_def,en_def_translated_cn_def,cn_def__INTERSECT__en_def_translated_cn_def,,,
bge_m3_1024d,肉,73,0.2556545521732267,0.24289474120899424,0.5229450464248657,0.5379668461949858,cn_def,en_def_translated_cn_def,cn_def__INTERSECT__en_def_translated_cn_def,,,
bge_m3_1024d,舟,12,0.32080425011614955,0.30187333996097243,0.533153290549914,0.5549376979470253,cn_def,en_def_translated_cn_def,cn_def__INTERSECT__en_def_translated_cn_def,,,
bge_m3_1024d,艹,161,0.27605919907251314,0.2566209376806983,0.5316857982496297,0.5326384442933598,cn_def,en_def_translated_cn_def,cn_def__INTERSECT__en_def_translated_cn_def,,,
bge_m3_1024d,虫,79,0.35051164262091056,0.33059986633590505,0.5295974676367603,0.5425886247731462,cn_def,en_def_translated_cn_def,cn_def__INTERSECT__en_def_translated_cn_def,,,
bge_m3_1024d,行,5,0.03417057059705258,-0.0432099739089608,0.38206853866577145,0.34326630234718325,cn_def,en_def_translated_cn_def,cn_def__INTERSECT__en_def_translated_cn_def,,,
bge_m3_1024d,衣,11,0.1666666723110459,0.17549243230711326,0.49914551052180206,0.5005812726237557,cn_def,en_def_translated_cn_def,cn_def__INTERSECT__en_def_translated_cn_def,,,
bge_m3_1024d,衤,34,0.2752325047245797,0.2499299055951483,0.529627799987793,0.5266021753058714,cn_def,en_def_translated_cn_def,cn_def__INTERSECT__en_def_translated_cn_def,,,
bge_m3_1024d,見,4,0.15268483571708194,0.028070437256246774,0.541508212685585,0.49786923080682755,cn_def,en_def_translated_cn_def,cn_def__INTERSECT__en_def_translated_cn_def,,,
bge_m3_1024d,言,98,0.1787242674629907,0.14681338189093737,0.5581193575445487,0.5521803656402899,cn_def,en_def_translated_cn_def,cn_def__INTERSECT__en_def_translated_cn_def,,,
bge_m3_1024d,豸,7,0.3829521345240729,0.3864877053669521,0.5450252337115151,0.5699936747550964,cn_def,en_def_translated_cn_def,cn_def__INTERSECT__en_def_translated_cn_def,,,
bge_m3_1024d,貝,30,0.20245996837814645,0.19257115035628275,0.5589889109134674,0.5714521080255508,cn_def,en_def_translated_cn_def,cn_def__INTERSECT__en_def_translated_cn_def,,,
bge_m3_1024d,走,8,0.07266706670634447,0.06390368286520243,0.4942578636109829,0.48942718654870987,cn_def,en_def_translated_cn_def,cn_def__INTERSECT__en_def_translated_cn_def,,,
bge_m3_1024d,車,25,0.24602810628712174,0.2055830841511488,0.5372580206394195,0.5390443885326386,cn_def,en_def_translated_cn_def,cn_def__INTERSECT__en_def_translated_cn_def,,,
bge_m3_1024d,辶,52,0.18545636993188122,0.17820266154236514,0.5254552668103805,0.5374076813459396,cn_def,en_def_translated_cn_def,cn_def__INTERSECT__en_def_translated_cn_def,,,
bge_m3_1024d,酉,20,0.18653951003216204,0.16365498667582867,0.4901735052466393,0.501184444129467,cn_def,en_def_translated_cn_def,cn_def__INTERSECT__en_def_translated_cn_def,,,
bge_m3_1024d,釒,88,0.25643382110865787,0.2204699585722251,0.5348295227370479,0.5330082147636197,cn_def,en_def_translated_cn_def,cn_def__INTERSECT__en_def_translated_cn_def,,,
bge_m3_1024d,門,20,0.126908222399652,0.0685411538928747,0.5224162265658379,0.5292735114693642,cn_def,en_def_translated_cn_def,cn_def__INTERSECT__en_def_translated_cn_def,,,
bge_m3_1024d,阝,49,0.15481897874982378,0.1317057791831238,0.5222168911476525,0.5279291278245498,cn_def,en_def_translated_cn_def,cn_def__INTERSECT__en_def_translated_cn_def,,,
bge_m3_1024d,隹,11,0.02948020601814442,0.052462485703555,0.4938650510527871,0.5247690162875436,cn_def,en_def_translated_cn_def,cn_def__INTERSECT__en_def_translated_cn_def,,,
bge_m3_1024d,雨,22,0.24776289366524323,0.26814826391637325,0.5299154967069626,0.5166932208971544,cn_def,en_def_translated_cn_def,cn_def__INTERSECT__en_def_translated_cn_def,,,
bge_m3_1024d,革,13,0.15917666994321805,0.1674641008273913,0.5126018203221835,0.5421596582119281,cn_def,en_def_translated_cn_def,cn_def__INTERSECT__en_def_translated_cn_def,,,
bge_m3_1024d,頁,28,0.10591470722907355,0.09125944559595413,0.5072905272245407,0.5042677170463971,cn_def,en_def_translated_cn_def,cn_def__INTERSECT__en_def_translated_cn_def,,,
bge_m3_1024d,風,4,0.20288055762648577,0.06527447164990006,0.4298692494630813,0.3705625832080841,cn_def,en_def_translated_cn_def,cn_def__INTERSECT__en_def_translated_cn_def,,,
bge_m3_1024d,食,4,0.0178062175400555,-0.0152515643276274,0.44166892021894455,0.4527442008256912,cn_def,en_def_translated_cn_def,cn_def__INTERSECT__en_def_translated_cn_def,,,
bge_m3_1024d,飠,22,0.23360575252974572,0.21589202272959732,0.5396795028989966,0.5517120307142084,cn_def,en_def_translated_cn_def,cn_def__INTERSECT__en_def_translated_cn_def,,,
bge_m3_1024d,馬,35,0.24548167437314983,0.22406055276681267,0.515047676222665,0.5314862549304962,cn_def,en_def_translated_cn_def,cn_def__INTERSECT__en_def_translated_cn_def,,,
bge_m3_1024d,骨,6,0.3039761756857236,0.2747309679786364,0.4664858827988307,0.4750599314769109,cn_def,en_def_translated_cn_def,cn_def__INTERSECT__en_def_translated_cn_def,,,
bge_m3_1024d,髟,11,0.20262045176191765,0.169943523847244,0.4834754900498824,0.45687942884185095,cn_def,en_def_translated_cn_def,cn_def__INTERSECT__en_def_translated_cn_def,,,
bge_m3_1024d,鬼,9,0.16029512219958833,0.16162737210591632,0.4464588628874885,0.49845757749345565,cn_def,en_def_translated_cn_def,cn_def__INTERSECT__en_def_translated_cn_def,,,
bge_m3_1024d,魚,20,0.45554171577095987,0.4475173108279705,0.5590200200676918,0.567634953558445,cn_def,en_def_translated_cn_def,cn_def__INTERSECT__en_def_translated_cn_def,,,
bge_m3_1024d,鳥,27,0.43689411464664674,0.39318871360134194,0.5444261255087676,0.5407916693775742,cn_def,en_def_translated_cn_def,cn_def__INTERSECT__en_def_translated_cn_def,,,
bge_m3_1024d,鹿,4,0.2389135453850031,0.17372000962495798,0.4304821118712425,0.4460978433489799,cn_def,en_def_translated_cn_def,cn_def__INTERSECT__en_def_translated_cn_def,,,
bge_m3_1024d,黑,10,0.1665496481582522,0.14342407584190367,0.5283367097377777,0.5248732626438141,cn_def,en_def_translated_cn_def,cn_def__INTERSECT__en_def_translated_cn_def,,,
bge_m3_1024d,齒,8,0.25407327618449926,0.22503523202612996,0.4953555017709732,0.43216032534837723,cn_def,en_def_translated_cn_def,cn_def__INTERSECT__en_def_translated_cn_def,,,
bge_m3_1024d,𧾷,48,0.26275369889723754,0.22521441233887643,0.5155114388714234,0.5229192568610112,cn_def,en_def_translated_cn_def,cn_def__INTERSECT__en_def_translated_cn_def,,,
gte_multilingual_base_768d,㫃,7,0.21790622919797895,0.2152808175555297,0.5584132756505694,0.5027175843715668,cn_def,en_def_translated_cn_def,cn_def__INTERSECT__en_def_translated_cn_def,,,
gte_multilingual_base_768d,亻,138,0.06048688613742157,0.040734459300174546,0.6023282724014227,0.560960264093634,cn_def,en_def_translated_cn_def,cn_def__INTERSECT__en_def_translated_cn_def,,,
gte_multilingual_base_768d,冫,6,0.20152949417630828,0.254578772932291,0.5287888298432032,0.5294248362382253,cn_def,en_def_translated_cn_def,cn_def__INTERSECT__en_def_translated_cn_def,,,
gte_multilingual_base_768d,刂,20,0.24471635688096285,0.23510344224050642,0.574155130982399,0.5634650498628616,cn_def,en_def_translated_cn_def,cn_def__INTERSECT__en_def_translated_cn_def,,,
gte_multilingual_base_768d,力,16,0.13213319564238188,0.11657036666292694,0.5929243192076683,0.5392278842628002,cn_def,en_def_translated_cn_def,cn_def__INTERSECT__en_def_translated_cn_def,,,
gte_multilingual_base_768d,匚,5,0.039428434707224395,0.05433764085173608,0.4661312699317932,0.5202869832515716,cn_def,en_def_translated_cn_def,cn_def__INTERSECT__en_def_translated_cn_def,,,
gte_multilingual_base_768d,口,122,0.2425310035984291,0.20590455820936646,0.5812241821015467,0.5518844860499023,cn_def,en_def_translated_cn_def,cn_def__INTERSECT__en_def_translated_cn_def,,,
gte_multilingual_base_768d,囗,10,0.15169867873191828,0.15988125707954165,0.5326960474252701,0.49555106163024903,cn_def,en_def_translated_cn_def,cn_def__INTERSECT__en_def_translated_cn_def,,,
gte_multilingual_base_768d,土,66,0.20736280459007528,0.17568719255822624,0.5935905255151518,0.5681010272466775,cn_def,en_def_translated_cn_def,cn_def__INTERSECT__en_def_translated_cn_def,,,
gte_multilingual_base_768d,大,4,0.04733739490620788,0.09415577165782447,0.588783010840416,0.5171409174799919,cn_def,en_def_translated_cn_def,cn_def__INTERSECT__en_def_translated_cn_def,,,
gte_multilingual_base_768d,女,69,0.18088468586675063,0.15095013770126345,0.5862532335778942,0.5361960582111193,cn_def,en_def_translated_cn_def,cn_def__INTERSECT__en_def_translated_cn_def,,,
gte_multilingual_base_768d,子,6,0.11096699846287565,0.20621984917670486,0.4790688455104828,0.4967660903930664,cn_def,en_def_translated_cn_def,cn_def__INTERSECT__en_def_translated_cn_def,,,
gte_multilingual_base_768d,宀,20,0.15886234715580938,0.12111135497689245,0.5336584866046905,0.529319129884243,cn_def,en_def_translated_cn_def,cn_def__INTERSECT__en_def_translated_cn_def,,,
gte_multilingual_base_768d,尸,7,0.06424433072762827,0.033945529588631194,0.5284627505711147,0.4937927339758192,cn_def,en_def_translated_cn_def,cn_def__INTERSECT__en_def_translated_cn_def,,,
gte_multilingual_base_768d,山,38,0.26753888401742043,0.27588626311013575,0.580628973873038,0.5753097424381658,cn_def,en_def_translated_cn_def,cn_def__INTERSECT__en_def_translated_cn_def,,,
gte_multilingual_base_768d,巾,22,0.18663271948356516,0.18077844889326525,0.5768079215830023,0.5536440976641395,cn_def,en_def_translated_cn_def,cn_def__INTERSECT__en_def_translated_cn_def,,,
gte_multilingual_base_768d,广,25,0.16405912272632117,0.15267340652644631,0.5886353385448456,0.5524926722049713,cn_def,en_def_translated_cn_def,cn_def__INTERSECT__en_def_translated_cn_def,,,
gte_multilingual_base_768d,弓,9,0.10414178793629009,0.15046797899736294,0.5501444505320655,0.5345367358790504,cn_def,en_def_translated_cn_def,cn_def__INTERSECT__en_def_translated_cn_def,,,
gte_multilingual_base_768d,彡,6,0.11228214638928573,0.0210762396454811,0.5922658940156301,0.5655418634414673,cn_def,en_def_translated_cn_def,cn_def__INTERSECT__en_def_translated_cn_def,,,
gte_multilingual_base_768d,彳,14,0.11141896247863767,0.09396542395864212,0.5598182337624686,0.5325531576360975,cn_def,en_def_translated_cn_def,cn_def__INTERSECT__en_def_translated_cn_def,,,
gte_multilingual_base_768d,心,46,0.1743861366184833,0.16710257137437226,0.5836901139953862,0.5458898829377216,cn_def,en_def_translated_cn_def,cn_def__INTERSECT__en_def_translated_cn_def,,,
gte_multilingual_base_768d,忄,80,0.24178334984462704,0.21374837842304256,0.5898204144090414,0.5567531276494264,cn_def,en_def_translated_cn_def,cn_def__INTERSECT__en_def_translated_cn_def,,,
gte_multilingual_base_768d,戈,6,0.06163767290612062,0.0987134159853061,0.5634256601333618,0.5088849812746048,cn_def,en_def_translated_cn_def,cn_def__INTERSECT__en_def_translated_cn_def,,,
gte_multilingual_base_768d,手,7,0.15759813572679243,0.21748929577214374,0.5481907895633152,0.5155014182840075,cn_def,en_def_translated_cn_def,cn_def__INTERSECT__en_def_translated_cn_def,,,
gte_multilingual_base_768d,扌,145,0.2134100958062657,0.19541151138536372,0.5947280797465094,0.5598007759143566,cn_def,en_def_translated_cn_def,cn_def__INTERSECT__en_def_translated_cn_def,,,
gte_multilingual_base_768d,攵,14,0.09555344775851281,0.1088314764201641,0.5796043170349938,0.5452739702803748,cn_def,en_def_translated_cn_def,cn_def__INTERSECT__en_def_translated_cn_def,,,
gte_multilingual_base_768d,斗,5,0.07122403122484681,-0.01891139224171638,0.5365075767040253,0.4543987214565277,cn_def,en_def_translated_cn_def,cn_def__INTERSECT__en_def_translated_cn_def,,,
gte_multilingual_base_768d,斤,4,0.05134074413217602,-0.04288063198328015,0.49216369539499283,0.5086820721626282,cn_def,en_def_translated_cn_def,cn_def__INTERSECT__en_def_translated_cn_def,,,
gte_multilingual_base_768d,日,45,0.2085325827201207,0.20009566740029383,0.6080490933524237,0.5862793465455373,cn_def,en_def_translated_cn_def,cn_def__INTERSECT__en_def_translated_cn_def,,,
gte_multilingual_base_768d,月,4,0.2430217210203409,0.2372159762308001,0.5329127535223961,0.4862007647752762,cn_def,en_def_translated_cn_def,cn_def__INTERSECT__en_def_translated_cn_def,,,
gte_multilingual_base_768d,木,146,0.23309608775331345,0.2128236921159678,0.5859130629121441,0.5536687910965045,cn_def,en_def_translated_cn_def,cn_def__INTERSECT__en_def_translated_cn_def,,,
gte_multilingual_base_768d,林,4,-0.023775602690875523,-0.058573252521455246,0.4781087189912796,0.4644712209701538,cn_def,en_def_translated_cn_def,cn_def__INTERSECT__en_def_translated_cn_def,,,
gte_multilingual_base_768d,欠,14,0.08448531318988116,0.06333892027448328,0.5895768169845853,0.5468804431813103,cn_def,en_def_translated_cn_def,cn_def__INTERSECT__en_def_translated_cn_def,,,
gte_multilingual_base_768d,歹,11,0.22157244121825148,0.18137481105937195,0.5677418166940863,0.5537611733783375,cn_def,en_def_translated_cn_def,cn_def__INTERSECT__en_def_translated_cn_def,,,
gte_multilingual_base_768d,毛,5,0.16158448047935958,0.14309573024511335,0.6078490018844604,0.518647062778473,cn_def,en_def_translated_cn_def,cn_def__INTERSECT__en_def_translated_cn_def,,,
gte_multilingual_base_768d,水,4,0.0274189608171582,0.07396552152931685,0.47119902074337006,0.4628865346312523,cn_def,en_def_translated_cn_def,cn_def__INTERSECT__en_def_translated_cn_def,,,
gte_multilingual_base_768d,氵,198,0.2530822924201875,0.2296944785336352,0.577799809701515,0.5519744029851875,cn_def,en_def_translated_cn_def,cn_def__INTERSECT__en_def_translated_cn_def,,,
gte_multilingual_base_768d,火,36,0.251287692045379,0.2084762549234761,0.6361835168467628,0.5760833993554115,cn_def,en_def_translated_cn_def,cn_def__INTERSECT__en_def_translated_cn_def,,,
gte_multilingual_base_768d,牜,10,0.11829119157046078,0.08739291001111267,0.5393865555524826,0.5093635052442551,cn_def,en_def_translated_cn_def,cn_def__INTERSECT__en_def_translated_cn_def,,,
gte_multilingual_base_768d,犬,4,0.07765067042782903,-0.07174243032932275,0.6131562367081642,0.5805657207965851,cn_def,en_def_translated_cn_def,cn_def__INTERSECT__en_def_translated_cn_def,,,
gte_multilingual_base_768d,犭,28,0.14966482825444213,0.17601227125019897,0.5753568410873413,0.5384125879832676,cn_def,en_def_translated_cn_def,cn_def__INTERSECT__en_def_translated_cn_def,,,
gte_multilingual_base_768d,王,46,0.2953008505536,0.2866953857566999,0.6018898221461669,0.5695409878440525,cn_def,en_def_translated_cn_def,cn_def__INTERSECT__en_def_translated_cn_def,,,
gte_multilingual_base_768d,瓦,4,0.3862854614853859,0.4082586243748665,0.627063512802124,0.5704767853021622,cn_def,en_def_translated_cn_def,cn_def__INTERSECT__en_def_translated_cn_def,,,
gte_multilingual_base_768d,田,10,0.17663459926843644,0.1618975847959518,0.5848984658718109,0.5484053671360016,cn_def,en_def_translated_cn_def,cn_def__INTERSECT__en_def_translated_cn_def,,,
gte_multilingual_base_768d,疒,48,0.28061925293877715,0.2597722809296101,0.5968382284045219,0.5415873844176531,cn_def,en_def_translated_cn_def,cn_def__INTERSECT__en_def_translated_cn_def,,,
gte_multilingual_base_768d,白,7,0.24969249538012914,0.13540698268583842,0.6066005315099444,0.4844307473727635,cn_def,en_def_translated_cn_def,cn_def__INTERSECT__en_def_translated_cn_def,,,
gte_multilingual_base_768d,皿,9,0.28956935554742813,0.30292557966378,0.5964005125893487,0.5641264220078787,cn_def,en_def_translated_cn_def,cn_def__INTERSECT__en_def_translated_cn_def,,,
gte_multilingual_base_768d,目,32,0.33022705279290676,0.2804415636346675,0.5933540081605315,0.5632367804646492,cn_def,en_def_translated_cn_def,cn_def__INTERSECT__en_def_translated_cn_def,,,
gte_multilingual_base_768d,矢,4,0.0969376591965556,0.0046715922653674784,0.49210329353809357,0.4732033908367157,cn_def,en_def_translated_cn_def,cn_def__INTERSECT__en_def_translated_cn_def,,,
gte_multilingual_base_768d,石,40,0.23364636506885286,0.1934674344025552,0.6028106451034546,0.543224959820509,cn_def,en_def_translated_cn_def,cn_def__INTERSECT__en_def_translated_cn_def,,,
gte_multilingual_base_768d,示,5,0.06969426069408655,0.02905980385839938,0.5814394950866699,0.46134790778160095,cn_def,en_def_translated_cn_def,cn_def__INTERSECT__en_def_translated_cn_def,,,
gte_multilingual_base_768d,礻,20,0.22188498247414823,0.2112116696313023,0.5741010263562203,0.5733194753527642,cn_def,en_def_translated_cn_def,cn_def__INTERSECT__en_def_translated_cn_def,,,
gte_multilingual_base_768d,禾,25,0.11378239402547477,0.11207414031028748,0.5796096050739288,0.5374494230747223,cn_def,en_def_translated_cn_def,cn_def__INTERSECT__en_def_translated_cn_def,,,
gte_multilingual_base_768d,穴,17,0.10799693031346093,0.08160507306456563,0.5471372604370117,0.5509457693380468,cn_def,en_def_translated_cn_def,cn_def__INTERSECT__en_def_translated_cn_def,,,
gte_multilingual_base_768d,立,4,0.0010882779024541265,0.16524136718362564,0.5497578531503677,0.4880272075533867,cn_def,en_def_translated_cn_def,cn_def__INTERSECT__en_def_translated_cn_def,,,
gte_multilingual_base_768d,竹,63,0.25567482719345697,0.26148279785873396,0.5834976387402367,0.5620593012325348,cn_def,en_def_translated_cn_def,cn_def__INTERSECT__en_def_translated_cn_def,,,
gte_multilingual_base_768d,米,17,0.27439579915474444,0.22518908232450482,0.5591716433272642,0.5390423220746657,cn_def,en_def_translated_cn_def,cn_def__INTERSECT__en_def_translated_cn_def,,,
gte_multilingual_base_768d,糸,99,0.22998698305037588,0.2137464004371202,0.5985292945847367,0.5574365986718072,cn_def,en_def_translated_cn_def,cn_def__INTERSECT__en_def_translated_cn_def,,,
gte_multilingual_base_768d,羽,14,0.12415258486622145,0.10756925719657111,0.5697034171649388,0.5382196392331805,cn_def,en_def_translated_cn_def,cn_def__INTERSECT__en_def_translated_cn_def,,,
gte_multilingual_base_768d,耒,6,0.043053942422072077,0.12764613578716913,0.4775933424631755,0.4941690464814504,cn_def,en_def_translated_cn_def,cn_def__INTERSECT__en_def_translated_cn_def,,,
gte_multilingual_base_768d,耳,6,0.02952500618994235,0.05926748823064067,0.4687355359395345,0.44672336677710217,cn_def,en_def_translated_cn_def,cn_def__INTERSECT__en_def_translated_cn_def,,,
gte_multilingual_base_768d,肉,73,0.24709189917943244,0.24820660026616428,0.582389529845486,0.5535700896831408,cn_def,en_def_translated_cn_def,cn_def__INTERSECT__en_def_translated_cn_def,,,
gte_multilingual_base_768d,舟,12,0.3263411093503236,0.3436434331039588,0.582335501909256,0.5619343270858129,cn_def,en_def_translated_cn_def,cn_def__INTERSECT__en_def_translated_cn_def,,,
gte_multilingual_base_768d,艹,161,0.25186761928525586,0.262734578847191,0.580092294801096,0.5520809263176059,cn_def,en_def_translated_cn_def,cn_def__INTERSECT__en_def_translated_cn_def,,,
gte_multilingual_base_768d,虫,79,0.3263420120848319,0.3165747318181056,0.5978349292580085,0.5564913021612771,cn_def,en_def_translated_cn_def,cn_def__INTERSECT__en_def_translated_cn_def,,,
gte_multilingual_base_768d,行,5,0.0137399673461914,-0.00521535873413086,0.46069623827934264,0.39697388410568235,cn_def,en_def_translated_cn_def,cn_def__INTERSECT__en_def_translated_cn_def,,,
gte_multilingual_base_768d,衣,11,0.18887553364038467,0.17629037865183567,0.5342050194740295,0.5463614084503867,cn_def,en_def_translated_cn_def,cn_def__INTERSECT__en_def_translated_cn_def,,,
gte_multilingual_base_768d,衤,34,0.2919087413260165,0.2687982319142012,0.6064844376900617,0.5594245765139075,cn_def,en_def_translated_cn_def,cn_def__INTERSECT__en_def_translated_cn_def,,,
gte_multilingual_base_768d,見,4,0.147753027966246,0.093657961115241,0.5974481180310249,0.4965912848711014,cn_def,en_def_translated_cn_def,cn_def__INTERSECT__en_def_translated_cn_def,,,
gte_multilingual_base_768d,言,98,0.1710257163290314,0.14546004393404083,0.5992315232145543,0.550055311650646,cn_def,en_def_translated_cn_def,cn_def__INTERSECT__en_def_translated_cn_def,,,
gte_multilingual_base_768d,豸,7,0.41978976130485535,0.41251468871320995,0.5627752031598773,0.5534509760992867,cn_def,en_def_translated_cn_def,cn_def__INTERSECT__en_def_translated_cn_def,,,
gte_multilingual_base_768d,貝,30,0.2169453451099495,0.20624944760153688,0.5835560590028763,0.5511400322119395,cn_def,en_def_translated_cn_def,cn_def__INTERSECT__en_def_translated_cn_def,,,
gte_multilingual_base_768d,走,8,0.06707541737705466,0.023567707277834415,0.5065511912107468,0.5003704465925694,cn_def,en_def_translated_cn_def,cn_def__INTERSECT__en_def_translated_cn_def,,,
gte_multilingual_base_768d,車,25,0.23488205254077912,0.22870449341833587,0.5826574289798736,0.5530322968959809,cn_def,en_def_translated_cn_def,cn_def__INTERSECT__en_def_translated_cn_def,,,
gte_multilingual_base_768d,辶,52,0.20124903819165552,0.15575966144052258,0.5783602251456335,0.5389665623123829,cn_def,en_def_translated_cn_def,cn_def__INTERSECT__en_def_translated_cn_def,,,
gte_multilingual_base_768d,酉,20,0.20145866628736253,0.16575735546648498,0.5678836956620217,0.5109147012233735,cn_def,en_def_translated_cn_def,cn_def__INTERSECT__en_def_translated_cn_def,,,
gte_multilingual_base_768d,釒,88,0.23092160344293167,0.21713970669291233,0.6007354232397947,0.55104719881307,cn_def,en_def_translated_cn_def,cn_def__INTERSECT__en_def_translated_cn_def,,,
gte_multilingual_base_768d,門,20,0.12911484781652688,0.11295203212648626,0.577034692466259,0.5509078159928322,cn_def,en_def_translated_cn_def,cn_def__INTERSECT__en_def_translated_cn_def,,,
gte_multilingual_base_768d,阝,49,0.13951220283550875,0.15579284986062925,0.5608373856057927,0.5377194613826518,cn_def,en_def_translated_cn_def,cn_def__INTERSECT__en_def_translated_cn_def,,,
gte_multilingual_base_768d,隹,11,0.03739979151975025,0.07525627475909208,0.5493521771647714,0.5342476693066683,cn_def,en_def_translated_cn_def,cn_def__INTERSECT__en_def_translated_cn_def,,,
gte_multilingual_base_768d,雨,22,0.29534134658222844,0.285205957733772,0.5905832946300507,0.5478276949037205,cn_def,en_def_translated_cn_def,cn_def__INTERSECT__en_def_translated_cn_def,,,
gte_multilingual_base_768d,革,13,0.22015674727467388,0.18408249669636673,0.5711801648139954,0.5412997282468356,cn_def,en_def_translated_cn_def,cn_def__INTERSECT__en_def_translated_cn_def,,,
gte_multilingual_base_768d,頁,28,0.10779208591806567,0.0883848736328738,0.5649937902178083,0.5263097786477634,cn_def,en_def_translated_cn_def,cn_def__INTERSECT__en_def_translated_cn_def,,,
gte_multilingual_base_768d,風,4,0.31097522377967834,0.20138552226126188,0.5268611311912537,0.4553968086838722,cn_def,en_def_translated_cn_def,cn_def__INTERSECT__en_def_translated_cn_def,,,
gte_multilingual_base_768d,食,4,0.08529991842806339,0.03571044281125067,0.5090034455060959,0.43152210861444473,cn_def,en_def_translated_cn_def,cn_def__INTERSECT__en_def_translated_cn_def,,,
gte_multilingual_base_768d,飠,22,0.22658866965635252,0.20378251593898639,0.6036324175921354,0.5576138848608191,cn_def,en_def_translated_cn_def,cn_def__INTERSECT__en_def_translated_cn_def,,,
gte_multilingual_base_768d,馬,35,0.24201961968626295,0.23540656851338485,0.5822173510278974,0.553341394662857,cn_def,en_def_translated_cn_def,cn_def__INTERSECT__en_def_translated_cn_def,,,
gte_multilingual_base_768d,骨,6,0.39710597197214753,0.4280288467804591,0.6154190599918365,0.5925465623537699,cn_def,en_def_translated_cn_def,cn_def__INTERSECT__en_def_translated_cn_def,,,
gte_multilingual_base_768d,髟,11,0.13645019788633694,0.16484709558161822,0.5765099417079579,0.49982057918201794,cn_def,en_def_translated_cn_def,cn_def__INTERSECT__en_def_translated_cn_def,,,
gte_multilingual_base_768d,鬼,9,0.17601184298594794,0.1802771397762828,0.5534342990981208,0.5487436983320448,cn_def,en_def_translated_cn_def,cn_def__INTERSECT__en_def_translated_cn_def,,,
gte_multilingual_base_768d,魚,20,0.4172903480939567,0.40130858663469554,0.5885132372379303,0.5606189668178558,cn_def,en_def_translated_cn_def,cn_def__INTERSECT__en_def_translated_cn_def,,,
gte_multilingual_base_768d,鳥,27,0.42625476392330947,0.3961196365179839,0.6053432954682244,0.5574205628147831,cn_def,en_def_translated_cn_def,cn_def__INTERSECT__en_def_translated_cn_def,,,
gte_multilingual_base_768d,鹿,4,0.2615015245974064,0.25783076137304306,0.4864931106567383,0.5021593272686005,cn_def,en_def_translated_cn_def,cn_def__INTERSECT__en_def_translated_cn_def,,,
gte_multilingual_base_768d,黑,10,0.11029434408992526,0.14610410574823615,0.5947251677513122,0.5457703322172165,cn_def,en_def_translated_cn_def,cn_def__INTERSECT__en_def_translated_cn_def,,,
gte_multilingual_base_768d,齒,8,0.23104655090719461,0.22646022355183953,0.5402244403958321,0.5096815004944801,cn_def,en_def_translated_cn_def,cn_def__INTERSECT__en_def_translated_cn_def,,,
gte_multilingual_base_768d,𧾷,48,0.254622167830045,0.21869876800337804,0.6007523039976755,0.538078940163056,cn_def,en_def_translated_cn_def,cn_def__INTERSECT__en_def_translated_cn_def,,,
qwen3_0.6b_1024d,㫃,7,0.2516195912446294,0.2395208877112184,0.39670472059931067,0.41266780240195133,cn_def,en_def_translated_cn_def,cn_def__INTERSECT__en_def_translated_cn_def,,,
qwen3_0.6b_1024d,亻,138,0.04525439155396019,0.04249883181604461,0.44137501543846686,0.46010784556468326,cn_def,en_def_translated_cn_def,cn_def__INTERSECT__en_def_translated_cn_def,,,
qwen3_0.6b_1024d,冫,6,0.24422591179609296,0.22302797685066855,0.3714592009782791,0.34015910824139906,cn_def,en_def_translated_cn_def,cn_def__INTERSECT__en_def_translated_cn_def,,,
qwen3_0.6b_1024d,刂,20,0.2482183057814836,0.25636203214526176,0.4434922203421593,0.4566809728741646,cn_def,en_def_translated_cn_def,cn_def__INTERSECT__en_def_translated_cn_def,,,
qwen3_0.6b_1024d,力,16,0.11867949459701774,0.1368585412856191,0.42557442374527454,0.45337953977286816,cn_def,en_def_translated_cn_def,cn_def__INTERSECT__en_def_translated_cn_def,,,
qwen3_0.6b_1024d,匚,5,0.11392315924167631,0.1423457264900207,0.3856922566890716,0.42271170020103455,cn_def,en_def_translated_cn_def,cn_def__INTERSECT__en_def_translated_cn_def,,,
qwen3_0.6b_1024d,口,122,0.2442675462435381,0.20899800663875015,0.4295546640871001,0.43873563543206356,cn_def,en_def_translated_cn_def,cn_def__INTERSECT__en_def_translated_cn_def,,,
qwen3_0.6b_1024d,囗,10,0.13803448304533955,0.11751174107193944,0.3654228955507278,0.40788509547710416,cn_def,en_def_translated_cn_def,cn_def__INTERSECT__en_def_translated_cn_def,,,
qwen3_0.6b_1024d,土,66,0.19138749113137069,0.158913494539306,0.4552376586379427,0.4727734246037223,cn_def,en_def_translated_cn_def,cn_def__INTERSECT__en_def_translated_cn_def,,,
qwen3_0.6b_1024d,大,4,0.007410897873342048,0.09435436781495807,0.4493018835783005,0.49292145669460297,cn_def,en_def_translated_cn_def,cn_def__INTERSECT__en_def_translated_cn_def,,,
qwen3_0.6b_1024d,女,69,0.18607825156895144,0.18340606893669217,0.403787723917892,0.41336041084234265,cn_def,en_def_translated_cn_def,cn_def__INTERSECT__en_def_translated_cn_def,,,
qwen3_0.6b_1024d,子,6,0.1904102172702551,0.1933847963809967,0.31108007331689197,0.33389849464098614,cn_def,en_def_translated_cn_def,cn_def__INTERSECT__en_def_translated_cn_def,,,
qwen3_0.6b_1024d,宀,20,0.10515709174796936,0.08810201715677975,0.3835267551243305,0.4208176665008068,cn_def,en_def_translated_cn_def,cn_def__INTERSECT__en_def_translated_cn_def,,,
qwen3_0.6b_1024d,尸,7,0.025556087759988643,0.030324757764382,0.3485670728342874,0.365116149187088,cn_def,en_def_translated_cn_def,cn_def__INTERSECT__en_def_translated_cn_def,,,
qwen3_0.6b_1024d,山,38,0.2606383145688788,0.26845461257586356,0.46400344685504313,0.4882583249556391,cn_def,en_def_translated_cn_def,cn_def__INTERSECT__en_def_translated_cn_def,,,
qwen3_0.6b_1024d,巾,22,0.2682645214213566,0.19373297708278353,0.41906302354552527,0.44801096482710406,cn_def,en_def_translated_cn_def,cn_def__INTERSECT__en_def_translated_cn_def,,,
qwen3_0.6b_1024d,广,25,0.14191646900027988,0.13332485195249316,0.4191738712787628,0.4252704131603241,cn_def,en_def_translated_cn_def,cn_def__INTERSECT__en_def_translated_cn_def,,,
qwen3_0.6b_1024d,弓,9,0.13546291945709119,0.10962565972780186,0.3748035828272502,0.3749629722701179,cn_def,en_def_translated_cn_def,cn_def__INTERSECT__en_def_translated_cn_def,,,
qwen3_0.6b_1024d,彡,6,0.10950447246432303,0.11506018290917075,0.44022125005722046,0.5376035968462626,cn_def,en_def_translated_cn_def,cn_def__INTERSECT__en_def_translated_cn_def,,,
qwen3_0.6b_1024d,彳,14,0.14071152306028772,0.11736379457371572,0.4662736505270004,0.46357496082782745,cn_def,en_def_translated_cn_def,cn_def__INTERSECT__en_def_translated_cn_def,,,
qwen3_0.6b_1024d,心,46,0.20057554692839794,0.19344171889774173,0.42223432206589245,0.45453186203604157,cn_def,en_def_translated_cn_def,cn_def__INTERSECT__en_def_translated_cn_def,,,
qwen3_0.6b_1024d,忄,80,0.2662238311488181,0.24459391045384105,0.42303440514951945,0.4523018471896648,cn_def,en_def_translated_cn_def,cn_def__INTERSECT__en_def_translated_cn_def,,,
qwen3_0.6b_1024d,戈,6,0.15163410330812133,0.17278310346106684,0.4018726895252864,0.36026552816232044,cn_def,en_def_translated_cn_def,cn_def__INTERSECT__en_def_translated_cn_def,,,
qwen3_0.6b_1024d,手,7,0.1575911130223955,0.17950616271368092,0.421123063990048,0.4109728974955423,cn_def,en_def_translated_cn_def,cn_def__INTERSECT__en_def_translated_cn_def,,,
qwen3_0.6b_1024d,扌,145,0.22181749966894754,0.21404555288368254,0.44889722939195303,0.4706054882756595,cn_def,en_def_translated_cn_def,cn_def__INTERSECT__en_def_translated_cn_def,,,
qwen3_0.6b_1024d,攵,14,0.12264196468251086,0.0965664515803967,0.4283528540815626,0.45862772847924915,cn_def,en_def_translated_cn_def,cn_def__INTERSECT__en_def_translated_cn_def,,,
qwen3_0.6b_1024d,斗,5,0.059507325291633585,0.07665992304682728,0.4211697578430176,0.34202441573143005,cn_def,en_def_translated_cn_def,cn_def__INTERSECT__en_def_translated_cn_def,,,
qwen3_0.6b_1024d,斤,4,0.0958748620469123,0.06398312072269617,0.42181339859962463,0.40820514410734177,cn_def,en_def_translated_cn_def,cn_def__INTERSECT__en_def_translated_cn_def,,,
qwen3_0.6b_1024d,日,45,0.22399200660487012,0.1972603455599811,0.45454176399442886,0.4779747641748852,cn_def,en_def_translated_cn_def,cn_def__INTERSECT__en_def_translated_cn_def,,,
qwen3_0.6b_1024d,月,4,0.23914023488759995,0.23219640739262098,0.4108926206827163,0.43229926377534866,cn_def,en_def_translated_cn_def,cn_def__INTERSECT__en_def_translated_cn_def,,,
qwen3_0.6b_1024d,木,146,0.27505251769716405,0.24159723321256568,0.40933798906737806,0.42466966496550873,cn_def,en_def_translated_cn_def,cn_def__INTERSECT__en_def_translated_cn_def,,,
qwen3_0.6b_1024d,林,4,-0.05880105029791591,0.0026348689571022432,0.324039563536644,0.353862926363945,cn_def,en_def_translated_cn_def,cn_def__INTERSECT__en_def_translated_cn_def,,,
qwen3_0.6b_1024d,欠,14,0.05337830839146459,0.007969687692821028,0.44701329725129263,0.4074114454644067,cn_def,en_def_translated_cn_def,cn_def__INTERSECT__en_def_translated_cn_def,,,
qwen3_0.6b_1024d,歹,11,0.20958423885432156,0.15372695943171324,0.4062251800840551,0.4285017373886975,cn_def,en_def_translated_cn_def,cn_def__INTERSECT__en_def_translated_cn_def,,,
qwen3_0.6b_1024d,毛,5,0.19738264908082784,0.13825287595391272,0.4430889129638672,0.42246363759040834,cn_def,en_def_translated_cn_def,cn_def__INTERSECT__en_def_translated_cn_def,,,
qwen3_0.6b_1024d,水,4,0.030048171989619725,0.07791809272021052,0.3221977725625038,0.3854611702263355,cn_def,en_def_translated_cn_def,cn_def__INTERSECT__en_def_translated_cn_def,,,
qwen3_0.6b_1024d,氵,198,0.22294839702998143,0.23134810991368884,0.4257033227971106,0.44877407082704585,cn_def,en_def_translated_cn_def,cn_def__INTERSECT__en_def_translated_cn_def,,,
qwen3_0.6b_1024d,火,36,0.24824859424390727,0.2377487196483546,0.47564949178033405,0.47656047923697364,cn_def,en_def_translated_cn_def,cn_def__INTERSECT__en_def_translated_cn_def,,,
qwen3_0.6b_1024d,牜,10,0.10049359202384948,0.12790459506213664,0.35794527530670167,0.39766120612621303,cn_def,en_def_translated_cn_def,cn_def__INTERSECT__en_def_translated_cn_def,,,
qwen3_0.6b_1024d,犬,4,0.09388073254376647,-0.05229599296581,0.4574904516339302,0.5077615678310394,cn_def,en_def_translated_cn_def,cn_def__INTERSECT__en_def_translated_cn_def,,,
qwen3_0.6b_1024d,犭,28,0.1894245990053085,0.19967030710540712,0.3753143548965454,0.4058592420603548,cn_def,en_def_translated_cn_def,cn_def__INTERSECT__en_def_translated_cn_def,,,
qwen3_0.6b_1024d,王,46,0.28497786896870186,0.2995381897477352,0.46074492711087933,0.47756285544322885,cn_def,en_def_translated_cn_def,cn_def__INTERSECT__en_def_translated_cn_def,,,
qwen3_0.6b_1024d,瓦,4,0.404385220259428,0.4642772972583771,0.5131035819649696,0.46846623718738556,cn_def,en_def_translated_cn_def,cn_def__INTERSECT__en_def_translated_cn_def,,,
qwen3_0.6b_1024d,田,10,0.1609544428065419,0.15981685742735857,0.4476882189512253,0.4356103718280792,cn_def,en_def_translated_cn_def,cn_def__INTERSECT__en_def_translated_cn_def,,,
qwen3_0.6b_1024d,疒,48,0.3132989853232478,0.29153173455658055,0.4240760765969753,0.44417713209986687,cn_def,en_def_translated_cn_def,cn_def__INTERSECT__en_def_translated_cn_def,,,
qwen3_0.6b_1024d,白,7,0.20955654393349374,0.1949246855718749,0.3748421434845243,0.3778349075998579,cn_def,en_def_translated_cn_def,cn_def__INTERSECT__en_def_translated_cn_def,,,
qwen3_0.6b_1024d,皿,9,0.27933700424101615,0.3207572682036294,0.43597918086581755,0.45893346269925434,cn_def,en_def_translated_cn_def,cn_def__INTERSECT__en_def_translated_cn_def,,,
qwen3_0.6b_1024d,目,32,0.30875835940241814,0.25628730410244316,0.4528770325705409,0.46956974640488625,cn_def,en_def_translated_cn_def,cn_def__INTERSECT__en_def_translated_cn_def,,,
qwen3_0.6b_1024d,矢,4,0.057139359414577484,0.06446431425865738,0.3379930555820465,0.33707647025585175,cn_def,en_def_translated_cn_def,cn_def__INTERSECT__en_def_translated_cn_def,,,
qwen3_0.6b_1024d,石,40,0.21741565337870267,0.17380069857463237,0.4283071331679821,0.4416792746633291,cn_def,en_def_translated_cn_def,cn_def__INTERSECT__en_def_translated_cn_def,,,
qwen3_0.6b_1024d,示,5,0.0136280883103609,0.04706702604889866,0.31611196994781493,0.41984649896621706,cn_def,en_def_translated_cn_def,cn_def__INTERSECT__en_def_translated_cn_def,,,
qwen3_0.6b_1024d,礻,20,0.23878562096506353,0.21940155867487188,0.4609066143631935,0.49041480422019956,cn_def,en_def_translated_cn_def,cn_def__INTERSECT__en_def_translated_cn_def,,,
qwen3_0.6b_1024d,禾,25,0.16902883902192112,0.12580522172152994,0.44158109903335574,0.47203608870506286,cn_def,en_def_translated_cn_def,cn_def__INTERSECT__en_def_translated_cn_def,,,
qwen3_0.6b_1024d,穴,17,0.10364293422111691,0.06362303823013514,0.41002923425506144,0.45602962024071636,cn_def,en_def_translated_cn_def,cn_def__INTERSECT__en_def_translated_cn_def,,,
qwen3_0.6b_1024d,立,4,-0.0467396611347794,0.054673799779266105,0.35778092592954636,0.3200792595744133,cn_def,en_def_translated_cn_def,cn_def__INTERSECT__en_def_translated_cn_def,,,
qwen3_0.6b_1024d,竹,63,0.2944242009922626,0.2650772142150099,0.43560691154192366,0.4545551841221159,cn_def,en_def_translated_cn_def,cn_def__INTERSECT__en_def_translated_cn_def,,,
qwen3_0.6b_1024d,米,17,0.2530692544053582,0.20708325351862344,0.39739979628254385,0.4235234979320975,cn_def,en_def_translated_cn_def,cn_def__INTERSECT__en_def_translated_cn_def,,,
qwen3_0.6b_1024d,糸,99,0.2580536029423879,0.22569538754495705,0.4509661450530543,0.48026922525781574,cn_def,en_def_translated_cn_def,cn_def__INTERSECT__en_def_translated_cn_def,,,
qwen3_0.6b_1024d,羽,14,0.10219220098640235,0.09953721772347175,0.4246811121702194,0.45957913994789124,cn_def,en_def_translated_cn_def,cn_def__INTERSECT__en_def_translated_cn_def,,,
qwen3_0.6b_1024d,耒,6,0.11635168517629306,0.1357396820870538,0.27692374090353644,0.4087733527024587,cn_def,en_def_translated_cn_def,cn_def__INTERSECT__en_def_translated_cn_def,,,
qwen3_0.6b_1024d,耳,6,0.18709556758403775,0.11020017291108763,0.3907910784085591,0.36690834164619446,cn_def,en_def_translated_cn_def,cn_def__INTERSECT__en_def_translated_cn_def,,,
qwen3_0.6b_1024d,肉,73,0.24453879623635577,0.25177693301939386,0.41350592489111915,0.43955854234630115,cn_def,en_def_translated_cn_def,cn_def__INTERSECT__en_def_translated_cn_def,,,
qwen3_0.6b_1024d,舟,12,0.37991412604848546,0.3719772252564629,0.4876022736231486,0.5009979779521624,cn_def,en_def_translated_cn_def,cn_def__INTERSECT__en_def_translated_cn_def,,,
qwen3_0.6b_1024d,艹,161,0.3004150473692032,0.3001685115676489,0.41591089806571513,0.41973371396523823,cn_def,en_def_translated_cn_def,cn_def__INTERSECT__en_def_translated_cn_def,,,
qwen3_0.6b_1024d,虫,79,0.38608370226206656,0.3778208551244645,0.43432982322535935,0.4337089906764936,cn_def,en_def_translated_cn_def,cn_def__INTERSECT__en_def_translated_cn_def,,,
qwen3_0.6b_1024d,行,5,0.0018225172534585012,-0.05883910320699211,0.21786093264818188,0.23927278369665145,cn_def,en_def_translated_cn_def,cn_def__INTERSECT__en_def_translated_cn_def,,,
qwen3_0.6b_1024d,衣,11,0.2385424541478807,0.2027159972031685,0.4011421501636505,0.43334146250378003,cn_def,en_def_translated_cn_def,cn_def__INTERSECT__en_def_translated_cn_def,,,
qwen3_0.6b_1024d,衤,34,0.29046867897405343,0.2690756338484147,0.45754265609909506,0.4576246580656837,cn_def,en_def_translated_cn_def,cn_def__INTERSECT__en_def_translated_cn_def,,,
qwen3_0.6b_1024d,見,4,0.08571082912385461,0.08450639620423313,0.43808820098638535,0.4686252698302269,cn_def,en_def_translated_cn_def,cn_def__INTERSECT__en_def_translated_cn_def,,,
qwen3_0.6b_1024d,言,98,0.17689486287952377,0.16391829426913537,0.44060129200925635,0.4671219705927129,cn_def,en_def_translated_cn_def,cn_def__INTERSECT__en_def_translated_cn_def,,,
qwen3_0.6b_1024d,豸,7,0.4416436957461493,0.4706248960324696,0.38419407180377413,0.3654290735721588,cn_def,en_def_translated_cn_def,cn_def__INTERSECT__en_def_translated_cn_def,,,
qwen3_0.6b_1024d,貝,30,0.22646953963364164,0.19998540682718155,0.4344835142294566,0.45372290511926017,cn_def,en_def_translated_cn_def,cn_def__INTERSECT__en_def_translated_cn_def,,,
qwen3_0.6b_1024d,走,8,0.04294105712324378,0.04898360464721917,0.35952891409397125,0.4202737230807543,cn_def,en_def_translated_cn_def,cn_def__INTERSECT__en_def_translated_cn_def,,,
qwen3_0.6b_1024d,車,25,0.23026508681476113,0.20804547011852262,0.43788094878196715,0.478661013841629,cn_def,en_def_translated_cn_def,cn_def__INTERSECT__en_def_translated_cn_def,,,
qwen3_0.6b_1024d,辶,52,0.2052450372586743,0.16449711348216692,0.42265977051395637,0.4528645764176662,cn_def,en_def_translated_cn_def,cn_def__INTERSECT__en_def_translated_cn_def,,,
qwen3_0.6b_1024d,酉,20,0.17788838916458186,0.1425458232872188,0.3966430388391018,0.4187410205602646,cn_def,en_def_translated_cn_def,cn_def__INTERSECT__en_def_translated_cn_def,,,
qwen3_0.6b_1024d,釒,88,0.268413230035962,0.24010790483391078,0.43064324083653366,0.45568219132044097,cn_def,en_def_translated_cn_def,cn_def__INTERSECT__en_def_translated_cn_def,,,
qwen3_0.6b_1024d,門,20,0.10758184585720296,0.10752972182817755,0.4291036084294319,0.4497245341539383,cn_def,en_def_translated_cn_def,cn_def__INTERSECT__en_def_translated_cn_def,,,
qwen3_0.6b_1024d,阝,49,0.1515263783536395,0.13619420135735855,0.41641173040380286,0.457259792758494,cn_def,en_def_translated_cn_def,cn_def__INTERSECT__en_def_translated_cn_def,,,
qwen3_0.6b_1024d,隹,11,0.07292481257834216,0.11142525720325382,0.42516764998435974,0.4521875787865032,cn_def,en_def_translated_cn_def,cn_def__INTERSECT__en_def_translated_cn_def,,,
qwen3_0.6b_1024d,雨,22,0.3025326955724846,0.33064218263395806,0.43823770636861975,0.4525792883201079,cn_def,en_def_translated_cn_def,cn_def__INTERSECT__en_def_translated_cn_def,,,
qwen3_0.6b_1024d,革,13,0.21067566438936267,0.16655539262753266,0.4218655962210435,0.42694424092769623,cn_def,en_def_translated_cn_def,cn_def__INTERSECT__en_def_translated_cn_def,,,
qwen3_0.6b_1024d,頁,28,0.11975124302054088,0.10208807867352983,0.4063751058919089,0.43770333911691395,cn_def,en_def_translated_cn_def,cn_def__INTERSECT__en_def_translated_cn_def,,,
qwen3_0.6b_1024d,風,4,0.19706082157790655,0.18458154704421756,0.31335053965449333,0.33434145152568817,cn_def,en_def_translated_cn_def,cn_def__INTERSECT__en_def_translated_cn_def,,,
qwen3_0.6b_1024d,食,4,-0.026062003918923448,0.05472278920933603,0.2769134268164634,0.31727910786867136,cn_def,en_def_translated_cn_def,cn_def__INTERSECT__en_def_translated_cn_def,,,
qwen3_0.6b_1024d,飠,22,0.2524804143891246,0.2424515039152042,0.44247961857102136,0.42983422767032275,cn_def,en_def_translated_cn_def,cn_def__INTERSECT__en_def_translated_cn_def,,,
qwen3_0.6b_1024d,馬,35,0.22320879623293877,0.26054467867527686,0.42217929618699207,0.43647556134632653,cn_def,en_def_translated_cn_def,cn_def__INTERSECT__en_def_translated_cn_def,,,
qwen3_0.6b_1024d,骨,6,0.3045858989159266,0.38136034707228345,0.4314442922671636,0.43441738933324814,cn_def,en_def_translated_cn_def,cn_def__INTERSECT__en_def_translated_cn_def,,,
qwen3_0.6b_1024d,髟,11,0.22916584851389582,0.20624733716249466,0.36526125127618964,0.3732532222162593,cn_def,en_def_translated_cn_def,cn_def__INTERSECT__en_def_translated_cn_def,,,
qwen3_0.6b_1024d,鬼,9,0.18630960500902594,0.2116671270794338,0.36227709054946894,0.39743301769097644,cn_def,en_def_translated_cn_def,cn_def__INTERSECT__en_def_translated_cn_def,,,
qwen3_0.6b_1024d,魚,20,0.49313889890909196,0.4929758748039603,0.42681985050439836,0.41528195068240165,cn_def,en_def_translated_cn_def,cn_def__INTERSECT__en_def_translated_cn_def,,,
qwen3_0.6b_1024d,鳥,27,0.4925256139702267,0.4968132213861854,0.44916162225935197,0.44789928749755575,cn_def,en_def_translated_cn_def,cn_def__INTERSECT__en_def_translated_cn_def,,,
qwen3_0.6b_1024d,鹿,4,0.3040497973561287,0.3708527982234955,0.35347043350338936,0.4275562986731529,cn_def,en_def_translated_cn_def,cn_def__INTERSECT__en_def_translated_cn_def,,,
qwen3_0.6b_1024d,黑,10,0.09379175454378127,0.1325089870020747,0.416707307100296,0.4745724320411682,cn_def,en_def_translated_cn_def,cn_def__INTERSECT__en_def_translated_cn_def,,,
qwen3_0.6b_1024d,齒,8,0.19136698637157676,0.2220364180393517,0.3680205829441547,0.3917940743267536,cn_def,en_def_translated_cn_def,cn_def__INTERSECT__en_def_translated_cn_def,,,
qwen3_0.6b_1024d,𧾷,48,0.2871295510946462,0.23450529283339464,0.44854841629664105,0.43078348971903324,cn_def,en_def_translated_cn_def,cn_def__INTERSECT__en_def_translated_cn_def,,,
qwen3_4b_2560d_int8,㫃,7,0.2111993027584893,0.2231778523751667,0.3754607949938093,0.3550877060209002,cn_def,en_def_translated_cn_def,cn_def__INTERSECT__en_def_translated_cn_def,,,
qwen3_4b_2560d_int8,亻,138,0.04164143881180147,0.030607466437462434,0.44191703481086786,0.46452026252729306,cn_def,en_def_translated_cn_def,cn_def__INTERSECT__en_def_translated_cn_def,,,
qwen3_4b_2560d_int8,冫,6,0.20142066975434617,0.22846990451216695,0.36104000608126324,0.38832229375839233,cn_def,en_def_translated_cn_def,cn_def__INTERSECT__en_def_translated_cn_def,,,
qwen3_4b_2560d_int8,刂,20,0.23140560784377157,0.20467126974835992,0.41768272817134855,0.4716898113489151,cn_def,en_def_translated_cn_def,cn_def__INTERSECT__en_def_translated_cn_def,,,
qwen3_4b_2560d_int8,力,16,0.17154084017965937,0.152303762268275,0.42411525920033455,0.43209058605134487,cn_def,en_def_translated_cn_def,cn_def__INTERSECT__en_def_translated_cn_def,,,
qwen3_4b_2560d_int8,匚,5,0.09870600048452612,0.08155348449945447,0.3731047809123993,0.42848439812660216,cn_def,en_def_translated_cn_def,cn_def__INTERSECT__en_def_translated_cn_def,,,
qwen3_4b_2560d_int8,口,122,0.2200411259498233,0.19514710977520852,0.4276778308338806,0.44492718809452214,cn_def,en_def_translated_cn_def,cn_def__INTERSECT__en_def_translated_cn_def,,,
qwen3_4b_2560d_int8,囗,10,0.1587224297225475,0.11035671904683111,0.37323435544967654,0.40258119702339173,cn_def,en_def_translated_cn_def,cn_def__INTERSECT__en_def_translated_cn_def,,,
qwen3_4b_2560d_int8,土,66,0.19917739312531368,0.17230196970966502,0.44460597092455084,0.4727458224603624,cn_def,en_def_translated_cn_def,cn_def__INTERSECT__en_def_translated_cn_def,,,
qwen3_4b_2560d_int8,大,4,0.036074421252124025,0.0443377860356122,0.4495261237025261,0.3861040100455284,cn_def,en_def_translated_cn_def,cn_def__INTERSECT__en_def_translated_cn_def,,,
qwen3_4b_2560d_int8,女,69,0.16488573769701345,0.14629227534422407,0.4306851953699969,0.4387000501155853,cn_def,en_def_translated_cn_def,cn_def__INTERSECT__en_def_translated_cn_def,,,
qwen3_4b_2560d_int8,子,6,0.14772270992398262,0.2077380640742679,0.32279191414515174,0.37343912323315936,cn_def,en_def_translated_cn_def,cn_def__INTERSECT__en_def_translated_cn_def,,,
qwen3_4b_2560d_int8,宀,20,0.12996773549821222,0.07854999685660002,0.3826917842030525,0.40034745410084727,cn_def,en_def_translated_cn_def,cn_def__INTERSECT__en_def_translated_cn_def,,,
qwen3_4b_2560d_int8,尸,7,0.0211474008059927,-0.007712129636534613,0.34170214193207876,0.3354355139391763,cn_def,en_def_translated_cn_def,cn_def__INTERSECT__en_def_translated_cn_def,,,
qwen3_4b_2560d_int8,山,38,0.25705947870952317,0.2582795431371778,0.455806796488009,0.4891328023452508,cn_def,en_def_translated_cn_def,cn_def__INTERSECT__en_def_translated_cn_def,,,
qwen3_4b_2560d_int8,巾,22,0.24041865427385672,0.18932828561148857,0.4105544130910527,0.4487445489926772,cn_def,en_def_translated_cn_def,cn_def__INTERSECT__en_def_translated_cn_def,,,
qwen3_4b_2560d_int8,广,25,0.1323411662690341,0.12007248580455779,0.413846755027771,0.41828174352645875,cn_def,en_def_translated_cn_def,cn_def__INTERSECT__en_def_translated_cn_def,,,
qwen3_4b_2560d_int8,弓,9,0.0795262138255768,0.09405456814501018,0.3404226236873203,0.3583003183205922,cn_def,en_def_translated_cn_def,cn_def__INTERSECT__en_def_translated_cn_def,,,
qwen3_4b_2560d_int8,彡,6,0.01628257147967815,0.017118547732631332,0.4576680064201355,0.5130402743816376,cn_def,en_def_translated_cn_def,cn_def__INTERSECT__en_def_translated_cn_def,,,
qwen3_4b_2560d_int8,彳,14,0.19521948908056527,0.12369860788541179,0.44012060122830526,0.43376295268535614,cn_def,en_def_translated_cn_def,cn_def__INTERSECT__en_def_translated_cn_def,,,
qwen3_4b_2560d_int8,心,46,0.1757780931404103,0.1739700005501104,0.43780933968398883,0.44564144442910736,cn_def,en_def_translated_cn_def,cn_def__INTERSECT__en_def_translated_cn_def,,,
qwen3_4b_2560d_int8,忄,80,0.249319271557033,0.23008903623558577,0.44623080398887394,0.45694971904158593,cn_def,en_def_translated_cn_def,cn_def__INTERSECT__en_def_translated_cn_def,,,
qwen3_4b_2560d_int8,戈,6,0.06752980624636011,0.09621726845701532,0.39276763796806335,0.35396244873603183,cn_def,en_def_translated_cn_def,cn_def__INTERSECT__en_def_translated_cn_def,,,
qwen3_4b_2560d_int8,手,7,0.16228205923523223,0.1742834076285362,0.4134718562875475,0.4257524907588959,cn_def,en_def_translated_cn_def,cn_def__INTERSECT__en_def_translated_cn_def,,,
qwen3_4b_2560d_int8,扌,145,0.23801688732386658,0.19604484522394064,0.44412616409104444,0.45930210680797184,cn_def,en_def_translated_cn_def,cn_def__INTERSECT__en_def_translated_cn_def,,,
qwen3_4b_2560d_int8,攵,14,0.10351039921598772,0.1166062039722289,0.4129329047032765,0.4588608720472881,cn_def,en_def_translated_cn_def,cn_def__INTERSECT__en_def_translated_cn_def,,,
qwen3_4b_2560d_int8,斗,5,-0.0018226816318929015,0.06858141906559465,0.4059986412525177,0.3407258063554764,cn_def,en_def_translated_cn_def,cn_def__INTERSECT__en_def_translated_cn_def,,,
qwen3_4b_2560d_int8,斤,4,0.07184369955211875,0.05488073918968438,0.3565641418099403,0.3874322772026062,cn_def,en_def_translated_cn_def,cn_def__INTERSECT__en_def_translated_cn_def,,,
qwen3_4b_2560d_int8,日,45,0.19738676905528535,0.18314781799498528,0.4574997517797682,0.4847225672668881,cn_def,en_def_translated_cn_def,cn_def__INTERSECT__en_def_translated_cn_def,,,
qwen3_4b_2560d_int8,月,4,0.2382857054471969,0.2379870619624853,0.4018972665071487,0.38803465664386744,cn_def,en_def_translated_cn_def,cn_def__INTERSECT__en_def_translated_cn_def,,,
qwen3_4b_2560d_int8,木,146,0.2382617851094126,0.21837739434016687,0.42778770145896355,0.4462138728736198,cn_def,en_def_translated_cn_def,cn_def__INTERSECT__en_def_translated_cn_def,,,
qwen3_4b_2560d_int8,林,4,-0.0442927494877949,0.007593464106321349,0.30286651477217674,0.34396379441022873,cn_def,en_def_translated_cn_def,cn_def__INTERSECT__en_def_translated_cn_def,,,
qwen3_4b_2560d_int8,欠,14,0.04234158314232312,0.04981610671217951,0.4576199757201331,0.42879893098558697,cn_def,en_def_translated_cn_def,cn_def__INTERSECT__en_def_translated_cn_def,,,
qwen3_4b_2560d_int8,歹,11,0.1977767625992948,0.19009494239633734,0.4066610742699016,0.41361692683263257,cn_def,en_def_translated_cn_def,cn_def__INTERSECT__en_def_translated_cn_def,,,
qwen3_4b_2560d_int8,毛,5,0.18488662838935846,0.11150407046079633,0.4288456678390503,0.4089767336845398,cn_def,en_def_translated_cn_def,cn_def__INTERSECT__en_def_translated_cn_def,,,
qwen3_4b_2560d_int8,水,4,0.10004526982083915,0.10332419257611034,0.40066346526145935,0.41048068553209305,cn_def,en_def_translated_cn_def,cn_def__INTERSECT__en_def_translated_cn_def,,,
qwen3_4b_2560d_int8,氵,198,0.2135834872929586,0.23138131983248947,0.42495192760469935,0.44590623684302727,cn_def,en_def_translated_cn_def,cn_def__INTERSECT__en_def_translated_cn_def,,,
qwen3_4b_2560d_int8,火,36,0.22656934232347536,0.18391712837749055,0.4614844433963299,0.46093718252248234,cn_def,en_def_translated_cn_def,cn_def__INTERSECT__en_def_translated_cn_def,,,
qwen3_4b_2560d_int8,牜,10,0.08960237652063369,0.08717911429703235,0.3688802659511566,0.36262510716915125,cn_def,en_def_translated_cn_def,cn_def__INTERSECT__en_def_translated_cn_def,,,
qwen3_4b_2560d_int8,犬,4,0.04935346147976812,-0.0223947842605412,0.43973492085933685,0.5371820777654648,cn_def,en_def_translated_cn_def,cn_def__INTERSECT__en_def_translated_cn_def,,,
qwen3_4b_2560d_int8,犭,28,0.146666840733295,0.15791113954037425,0.39585420915058683,0.41227761868919643,cn_def,en_def_translated_cn_def,cn_def__INTERSECT__en_def_translated_cn_def,,,
qwen3_4b_2560d_int8,王,46,0.2762918607736735,0.2777442650302596,0.4385279368447221,0.46782865764006326,cn_def,en_def_translated_cn_def,cn_def__INTERSECT__en_def_translated_cn_def,,,
qwen3_4b_2560d_int8,瓦,4,0.34192440286278725,0.4673185721039772,0.46642163395881653,0.532942421734333,cn_def,en_def_translated_cn_def,cn_def__INTERSECT__en_def_translated_cn_def,,,
qwen3_4b_2560d_int8,田,10,0.19571549748070532,0.12358594648540015,0.4407282412052155,0.43070524632930757,cn_def,en_def_translated_cn_def,cn_def__INTERSECT__en_def_translated_cn_def,,,
qwen3_4b_2560d_int8,疒,48,0.27238830210020143,0.2642514282973328,0.4250143188983202,0.43731238568822545,cn_def,en_def_translated_cn_def,cn_def__INTERSECT__en_def_translated_cn_def,,,
qwen3_4b_2560d_int8,白,7,0.214992989386831,0.20748842826911382,0.3862675598689488,0.3438725450209209,cn_def,en_def_translated_cn_def,cn_def__INTERSECT__en_def_translated_cn_def,,,
qwen3_4b_2560d_int8,皿,9,0.2511808404492007,0.26251178565952515,0.4272400339444478,0.4321733911832173,cn_def,en_def_translated_cn_def,cn_def__INTERSECT__en_def_translated_cn_def,,,
qwen3_4b_2560d_int8,目,32,0.3159141852229368,0.26276287925429637,0.43949808180332184,0.4517425922676921,cn_def,en_def_translated_cn_def,cn_def__INTERSECT__en_def_translated_cn_def,,,
qwen3_4b_2560d_int8,矢,4,0.06581763736903667,0.025993884541094324,0.31573615223169327,0.37520624697208405,cn_def,en_def_translated_cn_def,cn_def__INTERSECT__en_def_translated_cn_def,,,
qwen3_4b_2560d_int8,石,40,0.21722291402984406,0.19163629834074525,0.4249782353639603,0.43496712781488894,cn_def,en_def_translated_cn_def,cn_def__INTERSECT__en_def_translated_cn_def,,,
qwen3_4b_2560d_int8,示,5,-0.021365709230303738,0.011626273673027723,0.32211241126060486,0.35450751781463624,cn_def,en_def_translated_cn_def,cn_def__INTERSECT__en_def_translated_cn_def,,,
qwen3_4b_2560d_int8,礻,20,0.21509271226823326,0.22019854472018774,0.46585331708192823,0.4880972847342491,cn_def,en_def_translated_cn_def,cn_def__INTERSECT__en_def_translated_cn_def,,,
qwen3_4b_2560d_int8,禾,25,0.11892784062772987,0.11423597481101751,0.4462938392162323,0.46487277626991275,cn_def,en_def_translated_cn_def,cn_def__INTERSECT__en_def_translated_cn_def,,,
qwen3_4b_2560d_int8,穴,17,0.10964215316754927,0.034594922545639895,0.3949949934202082,0.450559807174346,cn_def,en_def_translated_cn_def,cn_def__INTERSECT__en_def_translated_cn_def,,,
qwen3_4b_2560d_int8,立,4,-0.023264729999937075,0.0051819125656038505,0.36964207887649536,0.36103082448244095,cn_def,en_def_translated_cn_def,cn_def__INTERSECT__en_def_translated_cn_def,,,
qwen3_4b_2560d_int8,竹,63,0.280410936693587,0.26155535308348515,0.44421266421439154,0.44417762756347656,cn_def,en_def_translated_cn_def,cn_def__INTERSECT__en_def_translated_cn_def,,,
qwen3_4b_2560d_int8,米,17,0.23689931888571558,0.21756289948654522,0.3882719883147408,0.4217948703204884,cn_def,en_def_translated_cn_def,cn_def__INTERSECT__en_def_translated_cn_def,,,
qwen3_4b_2560d_int8,糸,99,0.22560016851345394,0.19947646196103755,0.4474525307164048,0.4652277622560058,cn_def,en_def_translated_cn_def,cn_def__INTERSECT__en_def_translated_cn_def,,,
qwen3_4b_2560d_int8,羽,14,0.09998700192331203,0.09154086167524966,0.38885532319545746,0.4222193424190794,cn_def,en_def_translated_cn_def,cn_def__INTERSECT__en_def_translated_cn_def,,,
qwen3_4b_2560d_int8,耒,6,0.07388780079782008,0.09519664136072,0.34148230652014416,0.4027217576901118,cn_def,en_def_translated_cn_def,cn_def__INTERSECT__en_def_translated_cn_def,,,
qwen3_4b_2560d_int8,耳,6,0.17969455507894352,0.15114920710523919,0.33283431331316626,0.34814332922299696,cn_def,en_def_translated_cn_def,cn_def__INTERSECT__en_def_translated_cn_def,,,
qwen3_4b_2560d_int8,肉,73,0.24761501317588638,0.2396064727018549,0.4303014788725605,0.4477571561320187,cn_def,en_def_translated_cn_def,cn_def__INTERSECT__en_def_translated_cn_def,,,
qwen3_4b_2560d_int8,舟,12,0.3299354662497838,0.33216976746916765,0.4140881473819415,0.49884606649478275,cn_def,en_def_translated_cn_def,cn_def__INTERSECT__en_def_translated_cn_def,,,
qwen3_4b_2560d_int8,艹,161,0.2691111901994817,0.260512581780576,0.4291470459899547,0.43480168736499286,cn_def,en_def_translated_cn_def,cn_def__INTERSECT__en_def_translated_cn_def,,,
qwen3_4b_2560d_int8,虫,79,0.3377837549211292,0.319765348694747,0.4327866355829601,0.4388459441782553,cn_def,en_def_translated_cn_def,cn_def__INTERSECT__en_def_translated_cn_def,,,
qwen3_4b_2560d_int8,行,5,0.02282497696578502,-0.02264622328802942,0.27197782397270204,0.222446958720684,cn_def,en_def_translated_cn_def,cn_def__INTERSECT__en_def_translated_cn_def,,,
qwen3_4b_2560d_int8,衣,11,0.18640066420828755,0.1621857681734995,0.3819580078125,0.43526120348410174,cn_def,en_def_translated_cn_def,cn_def__INTERSECT__en_def_translated_cn_def,,,
qwen3_4b_2560d_int8,衤,34,0.2642325238489052,0.2600113949464524,0.4351711878005196,0.45271068592281904,cn_def,en_def_translated_cn_def,cn_def__INTERSECT__en_def_translated_cn_def,,,
qwen3_4b_2560d_int8,見,4,0.10088217281736431,0.07955724047496912,0.41174888610839844,0.37498255074024195,cn_def,en_def_translated_cn_def,cn_def__INTERSECT__en_def_translated_cn_def,,,
qwen3_4b_2560d_int8,言,98,0.1757960374970749,0.14769604111242352,0.4468463835667591,0.45393980279260754,cn_def,en_def_translated_cn_def,cn_def__INTERSECT__en_def_translated_cn_def,,,
qwen3_4b_2560d_int8,豸,7,0.38529603821890696,0.3712771875517708,0.42106170313698904,0.4163431865828378,cn_def,en_def_translated_cn_def,cn_def__INTERSECT__en_def_translated_cn_def,,,
qwen3_4b_2560d_int8,貝,30,0.18068461321915186,0.15970588234874106,0.4524883915980657,0.4437910556793213,cn_def,en_def_translated_cn_def,cn_def__INTERSECT__en_def_translated_cn_def,,,
qwen3_4b_2560d_int8,走,8,0.05350871291011572,0.0562805659137666,0.38080273009836674,0.43105803057551384,cn_def,en_def_translated_cn_def,cn_def__INTERSECT__en_def_translated_cn_def,,,
qwen3_4b_2560d_int8,車,25,0.2305664647556841,0.20500447683036327,0.4351415598392487,0.48096164703369143,cn_def,en_def_translated_cn_def,cn_def__INTERSECT__en_def_translated_cn_def,,,
qwen3_4b_2560d_int8,辶,52,0.19159086467698214,0.1503069139479731,0.40983176403320754,0.43171879935723084,cn_def,en_def_translated_cn_def,cn_def__INTERSECT__en_def_translated_cn_def,,,
qwen3_4b_2560d_int8,酉,20,0.17812565453350543,0.15521042314358052,0.4062122404575348,0.42333358377218244,cn_def,en_def_translated_cn_def,cn_def__INTERSECT__en_def_translated_cn_def,,,
qwen3_4b_2560d_int8,釒,88,0.24138376322066915,0.22518356775716789,0.43809170004996384,0.4550462288951332,cn_def,en_def_translated_cn_def,cn_def__INTERSECT__en_def_translated_cn_def,,,
qwen3_4b_2560d_int8,門,20,0.1279338620603084,0.11447416464798148,0.43432985097169874,0.4412457585334778,cn_def,en_def_translated_cn_def,cn_def__INTERSECT__en_def_translated_cn_def,,,
qwen3_4b_2560d_int8,阝,49,0.14906776898863666,0.12009959176125726,0.40824485737450267,0.44452980251944796,cn_def,en_def_translated_cn_def,cn_def__INTERSECT__en_def_translated_cn_def,,,
qwen3_4b_2560d_int8,隹,11,0.0590840931981802,0.09563433836129578,0.4376360923051834,0.4537420056082986,cn_def,en_def_translated_cn_def,cn_def__INTERSECT__en_def_translated_cn_def,,,
qwen3_4b_2560d_int8,雨,22,0.25282449385320593,0.272888048467311,0.427924863316796,0.4442253343083642,cn_def,en_def_translated_cn_def,cn_def__INTERSECT__en_def_translated_cn_def,,,
qwen3_4b_2560d_int8,革,13,0.21398253695896033,0.18063457346019834,0.44700313302186817,0.4627214796268023,cn_def,en_def_translated_cn_def,cn_def__INTERSECT__en_def_translated_cn_def,,,
qwen3_4b_2560d_int8,頁,28,0.12975067088180886,0.09062201363433683,0.3971437221126897,0.41267157452447073,cn_def,en_def_translated_cn_def,cn_def__INTERSECT__en_def_translated_cn_def,,,
qwen3_4b_2560d_int8,風,4,0.20979937911033628,0.13631402142345903,0.35443510860204697,0.3437655717134475,cn_def,en_def_translated_cn_def,cn_def__INTERSECT__en_def_translated_cn_def,,,
qwen3_4b_2560d_int8,食,4,0.038038092199713006,0.05800593132153153,0.34378495812416077,0.32724747061729426,cn_def,en_def_translated_cn_def,cn_def__INTERSECT__en_def_translated_cn_def,,,
qwen3_4b_2560d_int8,飠,22,0.2063265874643217,0.2143751103430986,0.4369221600619229,0.4540928290648894,cn_def,en_def_translated_cn_def,cn_def__INTERSECT__en_def_translated_cn_def,,,
qwen3_4b_2560d_int8,馬,35,0.22813174059348446,0.21746143326163286,0.42401183673313686,0.448728380884443,cn_def,en_def_translated_cn_def,cn_def__INTERSECT__en_def_translated_cn_def,,,
qwen3_4b_2560d_int8,骨,6,0.30084683001041407,0.32737768938144046,0.40649161239465076,0.402901254594326,cn_def,en_def_translated_cn_def,cn_def__INTERSECT__en_def_translated_cn_def,,,
qwen3_4b_2560d_int8,髟,11,0.20163852348923683,0.16588347913189366,0.37764813141389325,0.4070197723128579,cn_def,en_def_translated_cn_def,cn_def__INTERSECT__en_def_translated_cn_def,,,
qwen3_4b_2560d_int8,鬼,9,0.18994464787344134,0.18588095194556645,0.3813183142079247,0.4411153495311737,cn_def,en_def_translated_cn_def,cn_def__INTERSECT__en_def_translated_cn_def,,,
qwen3_4b_2560d_int8,魚,20,0.43209654912352563,0.4161564588546753,0.444856821000576,0.45028255879879,cn_def,en_def_translated_cn_def,cn_def__INTERSECT__en_def_translated_cn_def,,,
qwen3_4b_2560d_int8,鳥,27,0.4249888009702166,0.38431475032120943,0.44761191805203754,0.44206269140596743,cn_def,en_def_translated_cn_def,cn_def__INTERSECT__en_def_translated_cn_def,,,
qwen3_4b_2560d_int8,鹿,4,0.23577339574694628,0.2720876708626747,0.36776018142700195,0.37802441790699953,cn_def,en_def_translated_cn_def,cn_def__INTERSECT__en_def_translated_cn_def,,,
qwen3_4b_2560d_int8,黑,10,0.15471437303349375,0.14332430101931093,0.43503611981868745,0.4717706948518753,cn_def,en_def_translated_cn_def,cn_def__INTERSECT__en_def_translated_cn_def,,,
qwen3_4b_2560d_int8,齒,8,0.21313983760774133,0.19814991508610544,0.3913877923041582,0.3952187541872263,cn_def,en_def_translated_cn_def,cn_def__INTERSECT__en_def_translated_cn_def,,,
qwen3_4b_2560d_int8,𧾷,48,0.2702684723772108,0.2124336642057945,0.43870399457712966,0.41428559583922225,cn_def,en_def_translated_cn_def,cn_def__INTERSECT__en_def_translated_cn_def,,,
bge_m3_1024d,㫃,7,0.2417463766677039,0.20585206363882333,0.44270518847874235,0.445256199155535,zh_char,cn_def,zh_char__INTERSECT__cn_def__INTERSECT__en_def_translated_cn_def,0.19745165003197532,0.46163395047187805,en_def_translated_cn_def
bge_m3_1024d,亻,138,0.072555631827698,0.04388641893182057,0.4597221036320147,0.5469838596772456,zh_char,cn_def,zh_char__INTERSECT__cn_def__INTERSECT__en_def_translated_cn_def,0.04049575642810836,0.5476511818343315,en_def_translated_cn_def
bge_m3_1024d,冫,6,0.0404105617975195,0.194646301989754,0.3549021780490875,0.489088515440623,zh_char,cn_def,zh_char__INTERSECT__cn_def__INTERSECT__en_def_translated_cn_def,0.21238381477693713,0.45939988891283673,en_def_translated_cn_def
bge_m3_1024d,刂,20,0.1246851846575737,0.19819229664281007,0.4406061291694641,0.533703263103962,zh_char,cn_def,zh_char__INTERSECT__cn_def__INTERSECT__en_def_translated_cn_def,0.19534975877031682,0.5306980684399605,en_def_translated_cn_def
bge_m3_1024d,力,16,0.05718147370498626,0.1432521847018506,0.4348840080201626,0.5230239611119032,zh_char,cn_def,zh_char__INTERSECT__cn_def__INTERSECT__en_def_translated_cn_def,0.13822227844502774,0.535275787115097,en_def_translated_cn_def
bge_m3_1024d,匚,5,0.03046945258975032,0.1046833090484142,0.3878799915313721,0.49496414661407473,zh_char,cn_def,zh_char__INTERSECT__cn_def__INTERSECT__en_def_translated_cn_def,0.15369636267423625,0.5093657851219178,en_def_translated_cn_def
bge_m3_1024d,口,122,0.17538611404597756,0.23317912492336185,0.4557275259103931,0.537794890462375,zh_char,cn_def,zh_char__INTERSECT__cn_def__INTERSECT__en_def_translated_cn_def,0.19050274519097118,0.5309785164770533,en_def_translated_cn_def
bge_m3_1024d,囗,10,0.16096225082874294,0.12618222925812006,0.45658811628818513,0.5069863945245743,zh_char,cn_def,zh_char__INTERSECT__cn_def__INTERSECT__en_def_translated_cn_def,0.07893634606152769,0.49507459402084353,en_def_translated_cn_def
bge_m3_1024d,土,66,0.1381247850544186,0.1805317632741097,0.4366686904069149,0.5390772268627629,zh_char,cn_def,zh_char__INTERSECT__cn_def__INTERSECT__en_def_translated_cn_def,0.163594034246423,0.5532067092982206,en_def_translated_cn_def
bge_m3_1024d,大,4,0.0421662703156471,0.1083838008344173,0.4506526365876198,0.5850671827793121,zh_char,cn_def,zh_char__INTERSECT__cn_def__INTERSECT__en_def_translated_cn_def,0.11447128653526302,0.527342863380909,en_def_translated_cn_def
bge_m3_1024d,女,69,0.14770568725045605,0.18026606128483577,0.4266987838174986,0.5274541771066361,zh_char,cn_def,zh_char__INTERSECT__cn_def__INTERSECT__en_def_translated_cn_def,0.16407184545760567,0.5347270067187323,en_def_translated_cn_def
bge_m3_1024d,子,6,-0.03631869579354915,0.21925505599938333,0.33795275290807086,0.4645768900712331,zh_char,cn_def,zh_char__INTERSECT__cn_def__INTERSECT__en_def_translated_cn_def,0.2485975424448649,0.5132941255966822,en_def_translated_cn_def
bge_m3_1024d,宀,20,0.07725062593817707,0.16569471743423486,0.40437122732400893,0.5018530905246734,zh_char,cn_def,zh_char__INTERSECT__cn_def__INTERSECT__en_def_translated_cn_def,0.09310064972378314,0.498969666659832,en_def_translated_cn_def
bge_m3_1024d,尸,7,-0.047645193125520416,0.02840716285364967,0.3194557172911508,0.436412445136479,zh_char,cn_def,zh_char__INTERSECT__cn_def__INTERSECT__en_def_translated_cn_def,0.03552776362214769,0.4549277807985033,en_def_translated_cn_def
bge_m3_1024d,山,38,0.15821072255800428,0.24374673285178447,0.43194852338025447,0.5441538895431318,zh_char,cn_def,zh_char__INTERSECT__cn_def__INTERSECT__en_def_translated_cn_def,0.22629409521131924,0.5546697652653644,en_def_translated_cn_def
bge_m3_1024d,巾,22,0.11982078774070194,0.1930744180625135,0.41250593147494574,0.5090706673535433,zh_char,cn_def,zh_char__INTERSECT__cn_def__INTERSECT__en_def_translated_cn_def,0.130661053286696,0.5297778817740354,en_def_translated_cn_def
bge_m3_1024d,广,25,0.05094410801306365,0.14367988448590036,0.44479475140571595,0.5266441822052002,zh_char,cn_def,zh_char__INTERSECT__cn_def__INTERSECT__en_def_translated_cn_def,0.12610246792435645,0.5327136993408204,en_def_translated_cn_def
bge_m3_1024d,弓,9,0.023282312891549542,0.06616925334350927,0.4302578899595473,0.4644426968362596,zh_char,cn_def,zh_char__INTERSECT__cn_def__INTERSECT__en_def_translated_cn_def,0.08568748593744302,0.4854048192501068,en_def_translated_cn_def
bge_m3_1024d,彡,6,-0.02905264574413495,0.07627734572937091,0.3595706969499588,0.5608242352803549,zh_char,cn_def,zh_char__INTERSECT__cn_def__INTERSECT__en_def_translated_cn_def,0.0306645908082525,0.5988897283871969,en_def_translated_cn_def
bge_m3_1024d,彳,14,0.08321046776005196,0.13014809507876632,0.4059200755187443,0.5203570787395749,zh_char,cn_def,zh_char__INTERSECT__cn_def__INTERSECT__en_def_translated_cn_def,0.09492119082382744,0.5260891616344452,en_def_translated_cn_def
bge_m3_1024d,心,46,0.15910467495331942,0.19839521185697417,0.44117973420930945,0.5570886413688245,zh_char,cn_def,zh_char__INTERSECT__cn_def__INTERSECT__en_def_translated_cn_def,0.21119637997901958,0.5523176484781763,en_def_translated_cn_def
bge_m3_1024d,忄,80,0.1633605821058154,0.24909020261839027,0.4358185790479183,0.5431879419833422,zh_char,cn_def,zh_char__INTERSECT__cn_def__INTERSECT__en_def_translated_cn_def,0.2483276430983096,0.5528138566762208,en_def_translated_cn_def
bge_m3_1024d,戈,6,0.05441147306313115,0.10386823707570629,0.3974197953939438,0.4777279545863469,zh_char,cn_def,zh_char__INTERSECT__cn_def__INTERSECT__en_def_translated_cn_def,0.08498875393221772,0.4591304808855057,en_def_translated_cn_def
bge_m3_1024d,手,7,0.11797484728906835,0.20190945693424767,0.40517901948520113,0.5025333549295153,zh_char,cn_def,zh_char__INTERSECT__cn_def__INTERSECT__en_def_translated_cn_def,0.1496022998222283,0.5122470302241189,en_def_translated_cn_def
bge_m3_1024d,扌,145,0.1887848486353097,0.22793706127538763,0.44353268906987947,0.5536838870624016,zh_char,cn_def,zh_char__INTERSECT__cn_def__INTERSECT__en_def_translated_cn_def,0.21678281083767267,0.5603540348595586,en_def_translated_cn_def
bge_m3_1024d,攵,14,0.004433464924139623,0.0846152006914573,0.42375899851322174,0.509564955319677,zh_char,cn_def,zh_char__INTERSECT__cn_def__INTERSECT__en_def_translated_cn_def,0.10483111617421466,0.5160680157797677,en_def_translated_cn_def
bge_m3_1024d,斗,5,-0.035000294446945135,-0.011629699356853962,0.31972782015800477,0.4283709943294525,zh_char,cn_def,zh_char__INTERSECT__cn_def__INTERSECT__en_def_translated_cn_def,0.009632675722241402,0.45535101890563967,en_def_translated_cn_def
bge_m3_1024d,斤,4,-0.055951440706849105,0.13124617561697952,0.4025006368756294,0.5032559037208557,zh_char,cn_def,zh_char__INTERSECT__cn_def__INTERSECT__en_def_translated_cn_def,0.005595608148723851,0.48448435217142105,en_def_translated_cn_def
bge_m3_1024d,日,45,0.09557368049605024,0.2169947268441319,0.43804318639967177,0.5755747894446055,zh_char,cn_def,zh_char__INTERSECT__cn_def__INTERSECT__en_def_translated_cn_def,0.21940052616927355,0.5703428261809879,en_def_translated_cn_def
bge_m3_1024d,月,4,0.005159042775630979,0.2728829942643642,0.35994570702314377,0.4896746948361397,zh_char,cn_def,zh_char__INTERSECT__cn_def__INTERSECT__en_def_translated_cn_def,0.3116770386695861,0.5293887406587601,en_def_translated_cn_def
bge_m3_1024d,木,146,0.11243653946479601,0.2567362862843255,0.4182091657429525,0.5231519425160265,zh_char,cn_def,zh_char__INTERSECT__cn_def__INTERSECT__en_def_translated_cn_def,0.21107162066658777,0.5356869332186164,en_def_translated_cn_def
bge_m3_1024d,林,4,-0.02268038876354695,-0.11386451125144956,0.3829925414174795,0.39280260354280466,zh_char,cn_def,zh_char__INTERSECT__cn_def__INTERSECT__en_def_translated_cn_def,-0.046010480728000375,0.4273184835910797,en_def_translated_cn_def
bge_m3_1024d,欠,14,0.06023411279810325,0.08171550636844972,0.4150527108992849,0.5390209598200661,zh_char,cn_def,zh_char__INTERSECT__cn_def__INTERSECT__en_def_translated_cn_def,0.08849112995501074,0.5438539747680936,en_def_translated_cn_def
bge_m3_1024d,歹,11,0.1890293317423625,0.2594965168020942,0.4421696419065649,0.5454323806545951,zh_char,cn_def,zh_char__INTERSECT__cn_def__INTERSECT__en_def_translated_cn_def,0.23783567920327184,0.5457096641713922,en_def_translated_cn_def
bge_m3_1024d,毛,5,0.12372240461409087,0.14854345768690105,0.35699825882911684,0.4739071846008301,zh_char,cn_def,zh_char__INTERSECT__cn_def__INTERSECT__en_def_translated_cn_def,0.10088721737265587,0.4857063353061676,en_def_translated_cn_def
bge_m3_1024d,水,4,0.07899888604879375,0.047038773074746104,0.4005666822195053,0.44543385505676264,zh_char,cn_def,zh_char__INTERSECT__cn_def__INTERSECT__en_def_translated_cn_def,0.048708597663789925,0.4783297330141067,en_def_translated_cn_def
bge_m3_1024d,氵,198,0.1156052273011418,0.2360703312330926,0.4214391183070462,0.53718835010071,zh_char,cn_def,zh_char__INTERSECT__cn_def__INTERSECT__en_def_translated_cn_def,0.22655453450620322,0.5424727696661997,en_def_translated_cn_def
bge_m3_1024d,火,36,0.1249018942730294,0.23822010360244242,0.4327364166577657,0.5711438813143306,zh_char,cn_def,zh_char__INTERSECT__cn_def__INTERSECT__en_def_translated_cn_def,0.23199471412226552,0.5859742959340414,en_def_translated_cn_def
bge_m3_1024d,牜,10,0.04675735137425364,0.05486527420580386,0.38180718123912805,0.44336103796958926,zh_char,cn_def,zh_char__INTERSECT__cn_def__INTERSECT__en_def_translated_cn_def,0.0615264542400837,0.4253173768520355,en_def_translated_cn_def
bge_m3_1024d,犬,4,0.06334634311497207,0.0026293634437024246,0.4192175716161728,0.5272425562143326,zh_char,cn_def,zh_char__INTERSECT__cn_def__INTERSECT__en_def_translated_cn_def,-0.14611639082431788,0.5418544262647629,en_def_translated_cn_def
bge_m3_1024d,犭,28,0.13452859645310256,0.13796031045993523,0.4253682866692543,0.5047588582549777,zh_char,cn_def,zh_char__INTERSECT__cn_def__INTERSECT__en_def_translated_cn_def,0.1520466528766389,0.5244648264987128,en_def_translated_cn_def
bge_m3_1024d,王,46,0.1471101004103927,0.27612703029349767,0.44165950689626776,0.5374040914618451,zh_char,cn_def,zh_char__INTERSECT__cn_def__INTERSECT__en_def_translated_cn_def,0.28074545126266615,0.5573061115067938,en_def_translated_cn_def
bge_m3_1024d,瓦,4,0.31033854652196174,0.36993398517370224,0.4341430366039276,0.5645583868026733,zh_char,cn_def,zh_char__INTERSECT__cn_def__INTERSECT__en_def_translated_cn_def,0.3756379261612892,0.5569753050804138,en_def_translated_cn_def
bge_m3_1024d,田,10,0.12024613423272965,0.1452243538573384,0.39711721986532206,0.5065075546503067,zh_char,cn_def,zh_char__INTERSECT__cn_def__INTERSECT__en_def_translated_cn_def,0.1262725744396448,0.520415621995926,en_def_translated_cn_def
bge_m3_1024d,疒,48,0.2244366194742421,0.30616144797143835,0.43384671459595364,0.5380281905333201,zh_char,cn_def,zh_char__INTERSECT__cn_def__INTERSECT__en_def_translated_cn_def,0.2692869847329954,0.5306917950510979,en_def_translated_cn_def
bge_m3_1024d,白,7,0.0524686707981995,0.18461356524910247,0.37927777426583426,0.49356476749692646,zh_char,cn_def,zh_char__INTERSECT__cn_def__INTERSECT__en_def_translated_cn_def,0.19510644408208982,0.47844476784978596,en_def_translated_cn_def
bge_m3_1024d,皿,9,0.13048638279239333,0.2742427620622847,0.4269689851337009,0.5306339429484473,zh_char,cn_def,zh_char__INTERSECT__cn_def__INTERSECT__en_def_translated_cn_def,0.2943924466768901,0.5485931601789262,en_def_translated_cn_def
bge_m3_1024d,目,32,0.1805749947670847,0.30583461094647646,0.4621386923827231,0.5449077589437366,zh_char,cn_def,zh_char__INTERSECT__cn_def__INTERSECT__en_def_translated_cn_def,0.27149718708824366,0.5646869130432606,en_def_translated_cn_def
bge_m3_1024d,矢,4,0.11353611946105956,0.03584006428718562,0.3628772124648094,0.463549256324768,zh_char,cn_def,zh_char__INTERSECT__cn_def__INTERSECT__en_def_translated_cn_def,0.0371107752434909,0.4749879091978073,en_def_translated_cn_def
bge_m3_1024d,石,40,0.14508983115665613,0.22031699419021603,0.43334720805287363,0.5231906473636627,zh_char,cn_def,zh_char__INTERSECT__cn_def__INTERSECT__en_def_translated_cn_def,0.1683698553824797,0.5277937173843383,en_def_translated_cn_def
bge_m3_1024d,示,5,0.10632574539631608,0.04700081944465634,0.4093066155910492,0.47203853726387024,zh_char,cn_def,zh_char__INTERSECT__cn_def__INTERSECT__en_def_translated_cn_def,0.07276623770594595,0.48410928845405576,en_def_translated_cn_def
bge_m3_1024d,礻,20,0.07718594167381523,0.21937754969112574,0.4182983048260212,0.5692152425646781,zh_char,cn_def,zh_char__INTERSECT__cn_def__INTERSECT__en_def_translated_cn_def,0.2093455911846831,0.5789266183972359,en_def_translated_cn_def
bge_m3_1024d,禾,25,0.10154732394963503,0.14407960724085567,0.4255839669704437,0.5206794595718384,zh_char,cn_def,zh_char__INTERSECT__cn_def__INTERSECT__en_def_translated_cn_def,0.12890155620872976,0.5216984391212464,en_def_translated_cn_def
bge_m3_1024d,穴,17,0.11089377932469631,0.09771054917398618,0.3809311635353986,0.5029344681431266,zh_char,cn_def,zh_char__INTERSECT__cn_def__INTERSECT__en_def_translated_cn_def,0.06461121755487775,0.5579003937104169,en_def_translated_cn_def
bge_m3_1024d,立,4,-0.15827075438573954,0.05231522093527015,0.3563424274325371,0.5069119334220886,zh_char,cn_def,zh_char__INTERSECT__cn_def__INTERSECT__en_def_translated_cn_def,0.12353796325623985,0.437906377017498,en_def_translated_cn_def
bge_m3_1024d,竹,63,0.12773861645883508,0.2720295973861265,0.4274992909696367,0.5380802963461194,zh_char,cn_def,zh_char__INTERSECT__cn_def__INTERSECT__en_def_translated_cn_def,0.2569524733024457,0.5359262852441697,en_def_translated_cn_def
bge_m3_1024d,米,17,0.1230827068143031,0.24104457480065958,0.40235355759368224,0.4668172843316022,zh_char,cn_def,zh_char__INTERSECT__cn_def__INTERSECT__en_def_translated_cn_def,0.18947821647367055,0.4707371951902614,en_def_translated_cn_def
bge_m3_1024d,糸,99,0.14101253750950396,0.21500979166365028,0.4364520525089418,0.5425130204118863,zh_char,cn_def,zh_char__INTERSECT__cn_def__INTERSECT__en_def_translated_cn_def,0.19306497681283888,0.546350812370127,en_def_translated_cn_def
bge_m3_1024d,羽,14,0.11349032373566711,0.09295044367068582,0.4283991264445441,0.5248248747416905,zh_char,cn_def,zh_char__INTERSECT__cn_def__INTERSECT__en_def_translated_cn_def,0.08334061064358267,0.5251889228820801,en_def_translated_cn_def
bge_m3_1024d,耒,6,0.07052944103876746,0.07895262974003951,0.3289834211270014,0.4301413247982661,zh_char,cn_def,zh_char__INTERSECT__cn_def__INTERSECT__en_def_translated_cn_def,0.11132475019743043,0.4637100597222646,en_def_translated_cn_def
bge_m3_1024d,耳,6,0.08261892199516295,0.07819111738353969,0.42885261774063105,0.4174070358276367,zh_char,cn_def,zh_char__INTERSECT__cn_def__INTERSECT__en_def_translated_cn_def,0.10778719543789822,0.4234763632218042,en_def_translated_cn_def
bge_m3_1024d,肉,73,0.1514459108704165,0.2556545521732267,0.4176294483142356,0.5229450464248657,zh_char,cn_def,zh_char__INTERSECT__cn_def__INTERSECT__en_def_translated_cn_def,0.24289474120899424,0.5379668461949858,en_def_translated_cn_def
bge_m3_1024d,舟,12,0.22277481853961942,0.32080425011614955,0.40388104567925137,0.533153290549914,zh_char,cn_def,zh_char__INTERSECT__cn_def__INTERSECT__en_def_translated_cn_def,0.30187333996097243,0.5549376979470253,en_def_translated_cn_def
bge_m3_1024d,艹,161,0.09089560930831182,0.27605919907251314,0.4352534982774939,0.5316857982496297,zh_char,cn_def,zh_char__INTERSECT__cn_def__INTERSECT__en_def_translated_cn_def,0.2566209376806983,0.5326384442933598,en_def_translated_cn_def
bge_m3_1024d,虫,79,0.21180149764883552,0.35051164262091056,0.39387330337415766,0.5295974676367603,zh_char,cn_def,zh_char__INTERSECT__cn_def__INTERSECT__en_def_translated_cn_def,0.33059986633590505,0.5425886247731462,en_def_translated_cn_def
bge_m3_1024d,行,5,0.04720787815749642,0.03417057059705258,0.40363110303878785,0.38206853866577145,zh_char,cn_def,zh_char__INTERSECT__cn_def__INTERSECT__en_def_translated_cn_def,-0.0432099739089608,0.34326630234718325,en_def_translated_cn_def
bge_m3_1024d,衣,11,0.11930434846065258,0.1666666723110459,0.44739958372983063,0.49914551052180206,zh_char,cn_def,zh_char__INTERSECT__cn_def__INTERSECT__en_def_translated_cn_def,0.17549243230711326,0.5005812726237557,en_def_translated_cn_def
bge_m3_1024d,衤,34,0.15330842052422022,0.2752325047245797,0.4330377929350909,0.529627799987793,zh_char,cn_def,zh_char__INTERSECT__cn_def__INTERSECT__en_def_translated_cn_def,0.2499299055951483,0.5266021753058714,en_def_translated_cn_def
bge_m3_1024d,見,4,0.09132480341941115,0.15268483571708194,0.4327770546078682,0.541508212685585,zh_char,cn_def,zh_char__INTERSECT__cn_def__INTERSECT__en_def_translated_cn_def,0.028070437256246774,0.49786923080682755,en_def_translated_cn_def
bge_m3_1024d,言,98,0.14128589497080868,0.1787242674629907,0.43863311987750386,0.5581193575445487,zh_char,cn_def,zh_char__INTERSECT__cn_def__INTERSECT__en_def_translated_cn_def,0.14681338189093737,0.5521803656402899,en_def_translated_cn_def
bge_m3_1024d,豸,7,0.2348315502916063,0.3829521345240729,0.4004041978291103,0.5450252337115151,zh_char,cn_def,zh_char__INTERSECT__cn_def__INTERSECT__en_def_translated_cn_def,0.3864877053669521,0.5699936747550964,en_def_translated_cn_def
bge_m3_1024d,貝,30,0.1901480598375201,0.20245996837814645,0.43605385422706605,0.5589889109134674,zh_char,cn_def,zh_char__INTERSECT__cn_def__INTERSECT__en_def_translated_cn_def,0.19257115035628275,0.5714521080255508,en_def_translated_cn_def
bge_m3_1024d,走,8,0.08627518173307182,0.07266706670634447,0.4200253449380398,0.4942578636109829,zh_char,cn_def,zh_char__INTERSECT__cn_def__INTERSECT__en_def_translated_cn_def,0.06390368286520243,0.48942718654870987,en_def_translated_cn_def
bge_m3_1024d,車,25,0.16194854969158767,0.24602810628712174,0.4294495666027069,0.5372580206394195,zh_char,cn_def,zh_char__INTERSECT__cn_def__INTERSECT__en_def_translated_cn_def,0.2055830841511488,0.5390443885326386,en_def_translated_cn_def
bge_m3_1024d,辶,52,0.11738728937836217,0.18545636993188122,0.42492905029883754,0.5254552668103805,zh_char,cn_def,zh_char__INTERSECT__cn_def__INTERSECT__en_def_translated_cn_def,0.17820266154236514,0.5374076813459396,en_def_translated_cn_def
bge_m3_1024d,酉,20,0.12106805136427279,0.18653951003216204,0.39668399244546887,0.4901735052466393,zh_char,cn_def,zh_char__INTERSECT__cn_def__INTERSECT__en_def_translated_cn_def,0.16365498667582867,0.501184444129467,en_def_translated_cn_def
bge_m3_1024d,釒,88,0.20419432404874396,0.25643382110865787,0.44277277487245476,0.5348295227370479,zh_char,cn_def,zh_char__INTERSECT__cn_def__INTERSECT__en_def_translated_cn_def,0.2204699585722251,0.5330082147636197,en_def_translated_cn_def
bge_m3_1024d,門,20,0.24421923588961364,0.126908222399652,0.45758385211229324,0.5224162265658379,zh_char,cn_def,zh_char__INTERSECT__cn_def__INTERSECT__en_def_translated_cn_def,0.0685411538928747,0.5292735114693642,en_def_translated_cn_def
bge_m3_1024d,阝,49,0.11754028193120444,0.15481897874982378,0.39908852352171525,0.5222168911476525,zh_char,cn_def,zh_char__INTERSECT__cn_def__INTERSECT__en_def_translated_cn_def,0.1317057791831238,0.5279291278245498,en_def_translated_cn_def
bge_m3_1024d,隹,11,0.042088636281815445,0.02948020601814442,0.3706087659705769,0.4938650510527871,zh_char,cn_def,zh_char__INTERSECT__cn_def__INTERSECT__en_def_translated_cn_def,0.052462485703555,0.5247690162875436,en_def_translated_cn_def
bge_m3_1024d,雨,22,0.13236571188000112,0.24776289366524323,0.444216017018665,0.5299154967069626,zh_char,cn_def,zh_char__INTERSECT__cn_def__INTERSECT__en_def_translated_cn_def,0.26814826391637325,0.5166932208971544,en_def_translated_cn_def
bge_m3_1024d,革,13,0.015516493326196302,0.15917666994321805,0.3600196127708142,0.5126018203221835,zh_char,cn_def,zh_char__INTERSECT__cn_def__INTERSECT__en_def_translated_cn_def,0.1674641008273913,0.5421596582119281,en_def_translated_cn_def
bge_m3_1024d,頁,28,0.13100947073793834,0.10591470722907355,0.4467597944395883,0.5072905272245407,zh_char,cn_def,zh_char__INTERSECT__cn_def__INTERSECT__en_def_translated_cn_def,0.09125944559595413,0.5042677170463971,en_def_translated_cn_def
bge_m3_1024d,風,4,0.21280353097245092,0.20288055762648577,0.44560327380895615,0.4298692494630813,zh_char,cn_def,zh_char__INTERSECT__cn_def__INTERSECT__en_def_translated_cn_def,0.06527447164990006,0.3705625832080841,en_def_translated_cn_def
bge_m3_1024d,食,4,0.09616443701088428,0.0178062175400555,0.38666832819581026,0.44166892021894455,zh_char,cn_def,zh_char__INTERSECT__cn_def__INTERSECT__en_def_translated_cn_def,-0.0152515643276274,0.4527442008256912,en_def_translated_cn_def
bge_m3_1024d,飠,22,0.17147560222921043,0.23360575252974572,0.4251397116617723,0.5396795028989966,zh_char,cn_def,zh_char__INTERSECT__cn_def__INTERSECT__en_def_translated_cn_def,0.21589202272959732,0.5517120307142084,en_def_translated_cn_def
bge_m3_1024d,馬,35,0.17307626788637462,0.24548167437314983,0.44736341748918806,0.515047676222665,zh_char,cn_def,zh_char__INTERSECT__cn_def__INTERSECT__en_def_translated_cn_def,0.22406055276681267,0.5314862549304962,en_def_translated_cn_def
bge_m3_1024d,骨,6,0.1437511121233304,0.3039761756857236,0.41295549273490906,0.4664858827988307,zh_char,cn_def,zh_char__INTERSECT__cn_def__INTERSECT__en_def_translated_cn_def,0.2747309679786364,0.4750599314769109,en_def_translated_cn_def
bge_m3_1024d,髟,11,0.2821663579141552,0.20262045176191765,0.4332618063146418,0.4834754900498824,zh_char,cn_def,zh_char__INTERSECT__cn_def__INTERSECT__en_def_translated_cn_def,0.169943523847244,0.45687942884185095,en_def_translated_cn_def
bge_m3_1024d,鬼,9,0.12959193603860006,0.16029512219958833,0.4436272780100505,0.4464588628874885,zh_char,cn_def,zh_char__INTERSECT__cn_def__INTERSECT__en_def_translated_cn_def,0.16162737210591632,0.49845757749345565,en_def_translated_cn_def
bge_m3_1024d,魚,20,0.23202149458229537,0.45554171577095987,0.3969181321561336,0.5590200200676918,zh_char,cn_def,zh_char__INTERSECT__cn_def__INTERSECT__en_def_translated_cn_def,0.4475173108279705,0.567634953558445,en_def_translated_cn_def
bge_m3_1024d,鳥,27,0.23215593480401567,0.43689411464664674,0.4250661510008353,0.5444261255087676,zh_char,cn_def,zh_char__INTERSECT__cn_def__INTERSECT__en_def_translated_cn_def,0.39318871360134194,0.5407916693775742,en_def_translated_cn_def
bge_m3_1024d,鹿,4,0.11904422007501127,0.2389135453850031,0.3715199902653694,0.4304821118712425,zh_char,cn_def,zh_char__INTERSECT__cn_def__INTERSECT__en_def_translated_cn_def,0.17372000962495798,0.4460978433489799,en_def_translated_cn_def
bge_m3_1024d,黑,10,0.09405071102082732,0.1665496481582522,0.4070217847824097,0.5283367097377777,zh_char,cn_def,zh_char__INTERSECT__cn_def__INTERSECT__en_def_translated_cn_def,0.14342407584190367,0.5248732626438141,en_def_translated_cn_def
bge_m3_1024d,齒,8,0.5589928785338998,0.25407327618449926,0.5790336765348911,0.4953555017709732,zh_char,cn_def,zh_char__INTERSECT__cn_def__INTERSECT__en_def_translated_cn_def,0.22503523202612996,0.43216032534837723,en_def_translated_cn_def
bge_m3_1024d,𧾷,48,0.2294022883288562,0.26275369889723754,0.4191731239358584,0.5155114388714234,zh_char,cn_def,zh_char__INTERSECT__cn_def__INTERSECT__en_def_translated_cn_def,0.22521441233887643,0.5229192568610112,en_def_translated_cn_def
gte_multilingual_base_768d,㫃,7,0.27143745270690744,0.21790622919797895,0.660591048853738,0.5584132756505694,zh_char,cn_def,zh_char__INTERSECT__cn_def__INTERSECT__en_def_translated_cn_def,0.2152808175555297,0.5027175843715668,en_def_translated_cn_def
gte_multilingual_base_768d,亻,138,0.07723272824659942,0.06048688613742157,0.6766667383304541,0.6023282724014227,zh_char,cn_def,zh_char__INTERSECT__cn_def__INTERSECT__en_def_translated_cn_def,0.040734459300174546,0.560960264093634,en_def_translated_cn_def
gte_multilingual_base_768d,冫,6,0.15103885003676015,0.20152949417630828,0.6317501962184906,0.5287888298432032,zh_char,cn_def,zh_char__INTERSECT__cn_def__INTERSECT__en_def_translated_cn_def,0.254578772932291,0.5294248362382253,en_def_translated_cn_def
gte_multilingual_base_768d,刂,20,0.13449881242122497,0.24471635688096285,0.6776896327733993,0.574155130982399,zh_char,cn_def,zh_char__INTERSECT__cn_def__INTERSECT__en_def_translated_cn_def,0.23510344224050642,0.5634650498628616,en_def_translated_cn_def
gte_multilingual_base_768d,力,16,0.04722868616227059,0.13213319564238188,0.6502235159277916,0.5929243192076683,zh_char,cn_def,zh_char__INTERSECT__cn_def__INTERSECT__en_def_translated_cn_def,0.11657036666292694,0.5392278842628002,en_def_translated_cn_def
gte_multilingual_base_768d,匚,5,0.05608578547835351,0.039428434707224395,0.611538565158844,0.4661312699317932,zh_char,cn_def,zh_char__INTERSECT__cn_def__INTERSECT__en_def_translated_cn_def,0.05433764085173608,0.5202869832515716,en_def_translated_cn_def
gte_multilingual_base_768d,口,122,0.1958438837290054,0.2425310035984291,0.6798485175507968,0.5812241821015467,zh_char,cn_def,zh_char__INTERSECT__cn_def__INTERSECT__en_def_translated_cn_def,0.20590455820936646,0.5518844860499023,en_def_translated_cn_def
gte_multilingual_base_768d,囗,10,0.19992185812443491,0.15169867873191828,0.6757670640945435,0.5326960474252701,zh_char,cn_def,zh_char__INTERSECT__cn_def__INTERSECT__en_def_translated_cn_def,0.15988125707954165,0.49555106163024903,en_def_translated_cn_def
gte_multilingual_base_768d,土,66,0.17686344928700812,0.20736280459007528,0.6752141750220096,0.5935905255151518,zh_char,cn_def,zh_char__INTERSECT__cn_def__INTERSECT__en_def_translated_cn_def,0.17568719255822624,0.5681010272466775,en_def_translated_cn_def
gte_multilingual_base_768d,大,4,-0.0048069511540233985,0.04733739490620788,0.6110319644212723,0.588783010840416,zh_char,cn_def,zh_char__INTERSECT__cn_def__INTERSECT__en_def_translated_cn_def,0.09415577165782447,0.5171409174799919,en_def_translated_cn_def
gte_multilingual_base_768d,女,69,0.13643700861628502,0.18088468586675063,0.6693981341693712,0.5862532335778942,zh_char,cn_def,zh_char__INTERSECT__cn_def__INTERSECT__en_def_translated_cn_def,0.15095013770126345,0.5361960582111193,en_def_translated_cn_def
gte_multilingual_base_768d,子,6,-0.0029735825955867676,0.11096699846287565,0.6044797003269196,0.4790688455104828,zh_char,cn_def,zh_char__INTERSECT__cn_def__INTERSECT__en_def_translated_cn_def,0.20621984917670486,0.4967660903930664,en_def_translated_cn_def
gte_multilingual_base_768d,宀,20,0.10557553065009413,0.15886234715580938,0.6718159645795823,0.5336584866046905,zh_char,cn_def,zh_char__INTERSECT__cn_def__INTERSECT__en_def_translated_cn_def,0.12111135497689245,0.529319129884243,en_def_translated_cn_def
gte_multilingual_base_768d,尸,7,0.07258207044963325,0.06424433072762827,0.6140217695917402,0.5284627505711147,zh_char,cn_def,zh_char__INTERSECT__cn_def__INTERSECT__en_def_translated_cn_def,0.033945529588631194,0.4937927339758192,en_def_translated_cn_def
gte_multilingual_base_768d,山,38,0.15890673508769582,0.26753888401742043,0.6752508266976005,0.580628973873038,zh_char,cn_def,zh_char__INTERSECT__cn_def__INTERSECT__en_def_translated_cn_def,0.27588626311013575,0.5753097424381658,en_def_translated_cn_def
gte_multilingual_base_768d,巾,22,0.15274857992137017,0.18663271948356516,0.6742237318645824,0.5768079215830023,zh_char,cn_def,zh_char__INTERSECT__cn_def__INTERSECT__en_def_translated_cn_def,0.18077844889326525,0.5536440976641395,en_def_translated_cn_def
gte_multilingual_base_768d,广,25,0.08893398378044365,0.16405912272632117,0.6792320227622985,0.5886353385448456,zh_char,cn_def,zh_char__INTERSECT__cn_def__INTERSECT__en_def_translated_cn_def,0.15267340652644631,0.5524926722049713,en_def_translated_cn_def
gte_multilingual_base_768d,弓,9,0.10160692698425713,0.10414178793629009,0.6386299729347229,0.5501444505320655,zh_char,cn_def,zh_char__INTERSECT__cn_def__INTERSECT__en_def_translated_cn_def,0.15046797899736294,0.5345367358790504,en_def_translated_cn_def
gte_multilingual_base_768d,彡,6,-0.08318801767503219,0.11228214638928573,0.6126982072989146,0.5922658940156301,zh_char,cn_def,zh_char__INTERSECT__cn_def__INTERSECT__en_def_translated_cn_def,0.0210762396454811,0.5655418634414673,en_def_translated_cn_def
gte_multilingual_base_768d,彳,14,0.08400404014225514,0.11141896247863767,0.651585442679269,0.5598182337624686,zh_char,cn_def,zh_char__INTERSECT__cn_def__INTERSECT__en_def_translated_cn_def,0.09396542395864212,0.5325531576360975,en_def_translated_cn_def
gte_multilingual_base_768d,心,46,0.1958653295068475,0.1743861366184833,0.6604150598463805,0.5836901139953862,zh_char,cn_def,zh_char__INTERSECT__cn_def__INTERSECT__en_def_translated_cn_def,0.16710257137437226,0.5458898829377216,en_def_translated_cn_def
gte_multilingual_base_768d,忄,80,0.18168905847123823,0.24178334984462704,0.668196975439787,0.5898204144090414,zh_char,cn_def,zh_char__INTERSECT__cn_def__INTERSECT__en_def_translated_cn_def,0.21374837842304256,0.5567531276494264,en_def_translated_cn_def
gte_multilingual_base_768d,戈,6,0.13513327762484548,0.06163767290612062,0.6131439507007599,0.5634256601333618,zh_char,cn_def,zh_char__INTERSECT__cn_def__INTERSECT__en_def_translated_cn_def,0.0987134159853061,0.5088849812746048,en_def_translated_cn_def
gte_multilingual_base_768d,手,7,0.11670202282922607,0.15759813572679243,0.6573724406106132,0.5481907895633152,zh_char,cn_def,zh_char__INTERSECT__cn_def__INTERSECT__en_def_translated_cn_def,0.21748929577214374,0.5155014182840075,en_def_translated_cn_def
gte_multilingual_base_768d,扌,145,0.18339472445177618,0.2134100958062657,0.6724985352877912,0.5947280797465094,zh_char,cn_def,zh_char__INTERSECT__cn_def__INTERSECT__en_def_translated_cn_def,0.19541151138536372,0.5598007759143566,en_def_translated_cn_def
gte_multilingual_base_768d,攵,14,0.039448539127728756,0.09555344775851281,0.6656116545200348,0.5796043170349938,zh_char,cn_def,zh_char__INTERSECT__cn_def__INTERSECT__en_def_translated_cn_def,0.1088314764201641,0.5452739702803748,en_def_translated_cn_def
gte_multilingual_base_768d,斗,5,-0.0024244844913482804,0.07122403122484681,0.6488099455833435,0.5365075767040253,zh_char,cn_def,zh_char__INTERSECT__cn_def__INTERSECT__en_def_translated_cn_def,-0.01891139224171638,0.4543987214565277,en_def_translated_cn_def
gte_multilingual_base_768d,斤,4,0.0870367670431733,0.05134074413217602,0.649501159787178,0.49216369539499283,zh_char,cn_def,zh_char__INTERSECT__cn_def__INTERSECT__en_def_translated_cn_def,-0.04288063198328015,0.5086820721626282,en_def_translated_cn_def
gte_multilingual_base_768d,日,45,0.13121865482793912,0.2085325827201207,0.6992031428549025,0.6080490933524237,zh_char,cn_def,zh_char__INTERSECT__cn_def__INTERSECT__en_def_translated_cn_def,0.20009566740029383,0.5862793465455373,en_def_translated_cn_def
gte_multilingual_base_768d,月,4,-0.026459048967808502,0.2430217210203409,0.628546342253685,0.5329127535223961,zh_char,cn_def,zh_char__INTERSECT__cn_def__INTERSECT__en_def_translated_cn_def,0.2372159762308001,0.4862007647752762,en_def_translated_cn_def
gte_multilingual_base_768d,木,146,0.16940974617338647,0.23309608775331345,0.6658540255811116,0.5859130629121441,zh_char,cn_def,zh_char__INTERSECT__cn_def__INTERSECT__en_def_translated_cn_def,0.2128236921159678,0.5536687910965045,en_def_translated_cn_def
gte_multilingual_base_768d,林,4,-0.09392895177006724,-0.023775602690875523,0.5825439095497131,0.4781087189912796,zh_char,cn_def,zh_char__INTERSECT__cn_def__INTERSECT__en_def_translated_cn_def,-0.058573252521455246,0.4644712209701538,en_def_translated_cn_def
gte_multilingual_base_768d,欠,14,0.05374865912433181,0.08448531318988116,0.6514784821442196,0.5895768169845853,zh_char,cn_def,zh_char__INTERSECT__cn_def__INTERSECT__en_def_translated_cn_def,0.06333892027448328,0.5468804431813103,en_def_translated_cn_def
gte_multilingual_base_768d,歹,11,0.23243431001901627,0.22157244121825148,0.6640209338881753,0.5677418166940863,zh_char,cn_def,zh_char__INTERSECT__cn_def__INTERSECT__en_def_translated_cn_def,0.18137481105937195,0.5537611733783375,en_def_translated_cn_def
gte_multilingual_base_768d,毛,5,0.1582904767245054,0.16158448047935958,0.6247870087623596,0.6078490018844604,zh_char,cn_def,zh_char__INTERSECT__cn_def__INTERSECT__en_def_translated_cn_def,0.14309573024511335,0.518647062778473,en_def_translated_cn_def
gte_multilingual_base_768d,水,4,0.08659413503482935,0.0274189608171582,0.5725394934415817,0.47119902074337006,zh_char,cn_def,zh_char__INTERSECT__cn_def__INTERSECT__en_def_translated_cn_def,0.07396552152931685,0.4628865346312523,en_def_translated_cn_def
gte_multilingual_base_768d,氵,198,0.14539249401746523,0.2530822924201875,0.667099571288234,0.577799809701515,zh_char,cn_def,zh_char__INTERSECT__cn_def__INTERSECT__en_def_translated_cn_def,0.2296944785336352,0.5519744029851875,en_def_translated_cn_def
gte_multilingual_base_768d,火,36,0.1849820149169924,0.251287692045379,0.663017115659184,0.6361835168467628,zh_char,cn_def,zh_char__INTERSECT__cn_def__INTERSECT__en_def_translated_cn_def,0.2084762549234761,0.5760833993554115,en_def_translated_cn_def
gte_multilingual_base_768d,牜,10,0.09202796798199415,0.11829119157046078,0.6326463699340821,0.5393865555524826,zh_char,cn_def,zh_char__INTERSECT__cn_def__INTERSECT__en_def_translated_cn_def,0.08739291001111267,0.5093635052442551,en_def_translated_cn_def
gte_multilingual_base_768d,犬,4,0.05086556449532505,0.07765067042782903,0.6574367582798004,0.6131562367081642,zh_char,cn_def,zh_char__INTERSECT__cn_def__INTERSECT__en_def_translated_cn_def,-0.07174243032932275,0.5805657207965851,en_def_translated_cn_def
gte_multilingual_base_768d,犭,28,0.19479156651401092,0.14966482825444213,0.665848433971405,0.5753568410873413,zh_char,cn_def,zh_char__INTERSECT__cn_def__INTERSECT__en_def_translated_cn_def,0.17601227125019897,0.5384125879832676,en_def_translated_cn_def
gte_multilingual_base_768d,王,46,0.1309285531144427,0.2953008505536,0.6806081092875936,0.6018898221461669,zh_char,cn_def,zh_char__INTERSECT__cn_def__INTERSECT__en_def_translated_cn_def,0.2866953857566999,0.5695409878440525,en_def_translated_cn_def
gte_multilingual_base_768d,瓦,4,0.397656686604023,0.3862854614853859,0.7056620717048645,0.627063512802124,zh_char,cn_def,zh_char__INTERSECT__cn_def__INTERSECT__en_def_translated_cn_def,0.4082586243748665,0.5704767853021622,en_def_translated_cn_def
gte_multilingual_base_768d,田,10,0.14263787968084213,0.17663459926843644,0.6745915651321411,0.5848984658718109,zh_char,cn_def,zh_char__INTERSECT__cn_def__INTERSECT__en_def_translated_cn_def,0.1618975847959518,0.5484053671360016,en_def_translated_cn_def
gte_multilingual_base_768d,疒,48,0.2583901679414945,0.28061925293877715,0.6703685882190863,0.5968382284045219,zh_char,cn_def,zh_char__INTERSECT__cn_def__INTERSECT__en_def_translated_cn_def,0.2597722809296101,0.5415873844176531,en_def_translated_cn_def
gte_multilingual_base_768d,白,7,0.1608770524284669,0.24969249538012914,0.6405763455799648,0.6066005315099444,zh_char,cn_def,zh_char__INTERSECT__cn_def__INTERSECT__en_def_translated_cn_def,0.13540698268583842,0.4844307473727635,en_def_translated_cn_def
gte_multilingual_base_768d,皿,9,0.1406959229045444,0.28956935554742813,0.6680937475628324,0.5964005125893487,zh_char,cn_def,zh_char__INTERSECT__cn_def__INTERSECT__en_def_translated_cn_def,0.30292557966378,0.5641264220078787,en_def_translated_cn_def
gte_multilingual_base_768d,目,32,0.20923533616587517,0.33022705279290676,0.6892786622047424,0.5933540081605315,zh_char,cn_def,zh_char__INTERSECT__cn_def__INTERSECT__en_def_translated_cn_def,0.2804415636346675,0.5632367804646492,en_def_translated_cn_def
gte_multilingual_base_768d,矢,4,0.05316484253853557,0.0969376591965556,0.5747965723276138,0.49210329353809357,zh_char,cn_def,zh_char__INTERSECT__cn_def__INTERSECT__en_def_translated_cn_def,0.0046715922653674784,0.4732033908367157,en_def_translated_cn_def
gte_multilingual_base_768d,石,40,0.15645387759432194,0.23364636506885286,0.6617844671010971,0.6028106451034546,zh_char,cn_def,zh_char__INTERSECT__cn_def__INTERSECT__en_def_translated_cn_def,0.1934674344025552,0.543224959820509,en_def_translated_cn_def
gte_multilingual_base_768d,示,5,0.17067064829170703,0.06969426069408655,0.6988875865936279,0.5814394950866699,zh_char,cn_def,zh_char__INTERSECT__cn_def__INTERSECT__en_def_translated_cn_def,0.02905980385839938,0.46134790778160095,en_def_translated_cn_def
gte_multilingual_base_768d,礻,20,0.07597690694965421,0.22188498247414823,0.6516721248626709,0.5741010263562203,zh_char,cn_def,zh_char__INTERSECT__cn_def__INTERSECT__en_def_translated_cn_def,0.2112116696313023,0.5733194753527642,en_def_translated_cn_def
gte_multilingual_base_768d,禾,25,0.13809387825429437,0.11378239402547477,0.6662762928009033,0.5796096050739288,zh_char,cn_def,zh_char__INTERSECT__cn_def__INTERSECT__en_def_translated_cn_def,0.11207414031028748,0.5374494230747223,en_def_translated_cn_def
gte_multilingual_base_768d,穴,17,0.1614034736583776,0.10799693031346093,0.6636586925562691,0.5471372604370117,zh_char,cn_def,zh_char__INTERSECT__cn_def__INTERSECT__en_def_translated_cn_def,0.08160507306456563,0.5509457693380468,en_def_translated_cn_def
gte_multilingual_base_768d,立,4,-0.12007194943726063,0.0010882779024541265,0.6524242460727692,0.5497578531503677,zh_char,cn_def,zh_char__INTERSECT__cn_def__INTERSECT__en_def_translated_cn_def,0.16524136718362564,0.4880272075533867,en_def_translated_cn_def
gte_multilingual_base_768d,竹,63,0.15679204529003488,0.25567482719345697,0.6609456737836202,0.5834976387402367,zh_char,cn_def,zh_char__INTERSECT__cn_def__INTERSECT__en_def_translated_cn_def,0.26148279785873396,0.5620593012325348,en_def_translated_cn_def
gte_multilingual_base_768d,米,17,0.15542025184806652,0.27439579915474444,0.6634715900701635,0.5591716433272642,zh_char,cn_def,zh_char__INTERSECT__cn_def__INTERSECT__en_def_translated_cn_def,0.22518908232450482,0.5390423220746657,en_def_translated_cn_def
gte_multilingual_base_768d,糸,99,0.2084284476521942,0.22998698305037588,0.6530475243173465,0.5985292945847367,zh_char,cn_def,zh_char__INTERSECT__cn_def__INTERSECT__en_def_translated_cn_def,0.2137464004371202,0.5574365986718072,en_def_translated_cn_def
gte_multilingual_base_768d,羽,14,0.14234920777380464,0.12415258486622145,0.6679204106330872,0.5697034171649388,zh_char,cn_def,zh_char__INTERSECT__cn_def__INTERSECT__en_def_translated_cn_def,0.10756925719657111,0.5382196392331805,en_def_translated_cn_def
gte_multilingual_base_768d,耒,6,0.06933149090036746,0.043053942422072077,0.6523757378260294,0.4775933424631755,zh_char,cn_def,zh_char__INTERSECT__cn_def__INTERSECT__en_def_translated_cn_def,0.12764613578716913,0.4941690464814504,en_def_translated_cn_def
gte_multilingual_base_768d,耳,6,0.005517649464309202,0.02952500618994235,0.6211491028467814,0.4687355359395345,zh_char,cn_def,zh_char__INTERSECT__cn_def__INTERSECT__en_def_translated_cn_def,0.05926748823064067,0.44672336677710217,en_def_translated_cn_def
gte_multilingual_base_768d,肉,73,0.20849048059229572,0.24709189917943244,0.6695198498360099,0.582389529845486,zh_char,cn_def,zh_char__INTERSECT__cn_def__INTERSECT__en_def_translated_cn_def,0.24820660026616428,0.5535700896831408,en_def_translated_cn_def
gte_multilingual_base_768d,舟,12,0.29329202696681017,0.3263411093503236,0.6535543203353882,0.582335501909256,zh_char,cn_def,zh_char__INTERSECT__cn_def__INTERSECT__en_def_translated_cn_def,0.3436434331039588,0.5619343270858129,en_def_translated_cn_def
gte_multilingual_base_768d,艹,161,0.12188348568894938,0.25186761928525586,0.6714662061714978,0.580092294801096,zh_char,cn_def,zh_char__INTERSECT__cn_def__INTERSECT__en_def_translated_cn_def,0.262734578847191,0.5520809263176059,en_def_translated_cn_def
gte_multilingual_base_768d,虫,79,0.34083285354832304,0.3263420120848319,0.6701725887346871,0.5978349292580085,zh_char,cn_def,zh_char__INTERSECT__cn_def__INTERSECT__en_def_translated_cn_def,0.3165747318181056,0.5564913021612771,en_def_translated_cn_def
gte_multilingual_base_768d,行,5,0.13106400910764932,0.0137399673461914,0.663510537147522,0.46069623827934264,zh_char,cn_def,zh_char__INTERSECT__cn_def__INTERSECT__en_def_translated_cn_def,-0.00521535873413086,0.39697388410568235,en_def_translated_cn_def
gte_multilingual_base_768d,衣,11,0.15230271127074954,0.18887553364038467,0.6717150211334229,0.5342050194740295,zh_char,cn_def,zh_char__INTERSECT__cn_def__INTERSECT__en_def_translated_cn_def,0.17629037865183567,0.5463614084503867,en_def_translated_cn_def
gte_multilingual_base_768d,衤,34,0.1878193909959758,0.2919087413260165,0.6569497059373295,0.6064844376900617,zh_char,cn_def,zh_char__INTERSECT__cn_def__INTERSECT__en_def_translated_cn_def,0.2687982319142012,0.5594245765139075,en_def_translated_cn_def
gte_multilingual_base_768d,見,4,0.07541438238695261,0.147753027966246,0.6511197686195374,0.5974481180310249,zh_char,cn_def,zh_char__INTERSECT__cn_def__INTERSECT__en_def_translated_cn_def,0.093657961115241,0.4965912848711014,en_def_translated_cn_def
gte_multilingual_base_768d,言,98,0.19795770587741718,0.1710257163290314,0.6549641018619343,0.5992315232145543,zh_char,cn_def,zh_char__INTERSECT__cn_def__INTERSECT__en_def_translated_cn_def,0.14546004393404083,0.550055311650646,en_def_translated_cn_def
gte_multilingual_base_768d,豸,7,0.4471248303140913,0.41978976130485535,0.6689482416425433,0.5627752031598773,zh_char,cn_def,zh_char__INTERSECT__cn_def__INTERSECT__en_def_translated_cn_def,0.41251468871320995,0.5534509760992867,en_def_translated_cn_def
gte_multilingual_base_768d,貝,30,0.27054749969393016,0.2169453451099495,0.6602836589018504,0.5835560590028763,zh_char,cn_def,zh_char__INTERSECT__cn_def__INTERSECT__en_def_translated_cn_def,0.20624944760153688,0.5511400322119395,en_def_translated_cn_def
gte_multilingual_base_768d,走,8,0.09866958344355221,0.06707541737705466,0.6666836068034172,0.5065511912107468,zh_char,cn_def,zh_char__INTERSECT__cn_def__INTERSECT__en_def_translated_cn_def,0.023567707277834415,0.5003704465925694,en_def_translated_cn_def
gte_multilingual_base_768d,車,25,0.1677546796202659,0.23488205254077912,0.641107726097107,0.5826574289798736,zh_char,cn_def,zh_char__INTERSECT__cn_def__INTERSECT__en_def_translated_cn_def,0.22870449341833587,0.5530322968959809,en_def_translated_cn_def
gte_multilingual_base_768d,辶,52,0.13841587921174672,0.20124903819165552,0.6801697325247985,0.5783602251456335,zh_char,cn_def,zh_char__INTERSECT__cn_def__INTERSECT__en_def_translated_cn_def,0.15575966144052258,0.5389665623123829,en_def_translated_cn_def
gte_multilingual_base_768d,酉,20,0.14156394847668705,0.20145866628736253,0.6474563002586364,0.5678836956620217,zh_char,cn_def,zh_char__INTERSECT__cn_def__INTERSECT__en_def_translated_cn_def,0.16575735546648498,0.5109147012233735,en_def_translated_cn_def
gte_multilingual_base_768d,釒,88,0.24911468629513608,0.23092160344293167,0.650577443905852,0.6007354232397947,zh_char,cn_def,zh_char__INTERSECT__cn_def__INTERSECT__en_def_translated_cn_def,0.21713970669291233,0.55104719881307,en_def_translated_cn_def
gte_multilingual_base_768d,門,20,0.24031124291941525,0.12911484781652688,0.6779909521341324,0.577034692466259,zh_char,cn_def,zh_char__INTERSECT__cn_def__INTERSECT__en_def_translated_cn_def,0.11295203212648626,0.5509078159928322,en_def_translated_cn_def
gte_multilingual_base_768d,阝,49,0.11849474201777149,0.13951220283550875,0.6660012736612436,0.5608373856057927,zh_char,cn_def,zh_char__INTERSECT__cn_def__INTERSECT__en_def_translated_cn_def,0.15579284986062925,0.5377194613826518,en_def_translated_cn_def
gte_multilingual_base_768d,隹,11,0.16069454852152953,0.03739979151975025,0.6442075534300371,0.5493521771647714,zh_char,cn_def,zh_char__INTERSECT__cn_def__INTERSECT__en_def_translated_cn_def,0.07525627475909208,0.5342476693066683,en_def_translated_cn_def
gte_multilingual_base_768d,雨,22,0.19730166938494548,0.29534134658222844,0.671348823742433,0.5905832946300507,zh_char,cn_def,zh_char__INTERSECT__cn_def__INTERSECT__en_def_translated_cn_def,0.285205957733772,0.5478276949037205,en_def_translated_cn_def
gte_multilingual_base_768d,革,13,0.11053061671555041,0.22015674727467388,0.6363577246665955,0.5711801648139954,zh_char,cn_def,zh_char__INTERSECT__cn_def__INTERSECT__en_def_translated_cn_def,0.18408249669636673,0.5412997282468356,en_def_translated_cn_def
gte_multilingual_base_768d,頁,28,0.22766355598079305,0.10779208591806567,0.6584322367395673,0.5649937902178083,zh_char,cn_def,zh_char__INTERSECT__cn_def__INTERSECT__en_def_translated_cn_def,0.0883848736328738,0.5263097786477634,en_def_translated_cn_def
gte_multilingual_base_768d,風,4,0.24304041266441342,0.31097522377967834,0.6423273533582687,0.5268611311912537,zh_char,cn_def,zh_char__INTERSECT__cn_def__INTERSECT__en_def_translated_cn_def,0.20138552226126188,0.4553968086838722,en_def_translated_cn_def
gte_multilingual_base_768d,食,4,-0.019524250179529197,0.08529991842806339,0.5838529020547867,0.5090034455060959,zh_char,cn_def,zh_char__INTERSECT__cn_def__INTERSECT__en_def_translated_cn_def,0.03571044281125067,0.43152210861444473,en_def_translated_cn_def
gte_multilingual_base_768d,飠,22,0.219161502381956,0.22658866965635252,0.659328197891062,0.6036324175921354,zh_char,cn_def,zh_char__INTERSECT__cn_def__INTERSECT__en_def_translated_cn_def,0.20378251593898639,0.5576138848608191,en_def_translated_cn_def
gte_multilingual_base_768d,馬,35,0.22340129869324818,0.24201961968626295,0.6663282147475651,0.5822173510278974,zh_char,cn_def,zh_char__INTERSECT__cn_def__INTERSECT__en_def_translated_cn_def,0.23540656851338485,0.553341394662857,en_def_translated_cn_def
gte_multilingual_base_768d,骨,6,0.20279913209378717,0.39710597197214753,0.6492089827855428,0.6154190599918365,zh_char,cn_def,zh_char__INTERSECT__cn_def__INTERSECT__en_def_translated_cn_def,0.4280288467804591,0.5925465623537699,en_def_translated_cn_def
gte_multilingual_base_768d,髟,11,0.32894180113957683,0.13645019788633694,0.6983901587399569,0.5765099417079579,zh_char,cn_def,zh_char__INTERSECT__cn_def__INTERSECT__en_def_translated_cn_def,0.16484709558161822,0.49982057918201794,en_def_translated_cn_def
gte_multilingual_base_768d,鬼,9,0.19194098065296805,0.17601184298594794,0.6647622452841865,0.5534342990981208,zh_char,cn_def,zh_char__INTERSECT__cn_def__INTERSECT__en_def_translated_cn_def,0.1802771397762828,0.5487436983320448,en_def_translated_cn_def
gte_multilingual_base_768d,魚,20,0.3335040148347616,0.4172903480939567,0.6270433366298676,0.5885132372379303,zh_char,cn_def,zh_char__INTERSECT__cn_def__INTERSECT__en_def_translated_cn_def,0.40130858663469554,0.5606189668178558,en_def_translated_cn_def
gte_multilingual_base_768d,鳥,27,0.34630781453516746,0.42625476392330947,0.6664978000852797,0.6053432954682244,zh_char,cn_def,zh_char__INTERSECT__cn_def__INTERSECT__en_def_translated_cn_def,0.3961196365179839,0.5574205628147831,en_def_translated_cn_def
gte_multilingual_base_768d,鹿,4,0.2722464948892593,0.2615015245974064,0.6270954310894012,0.4864931106567383,zh_char,cn_def,zh_char__INTERSECT__cn_def__INTERSECT__en_def_translated_cn_def,0.25783076137304306,0.5021593272686005,en_def_translated_cn_def
gte_multilingual_base_768d,黑,10,0.1921629324555397,0.11029434408992526,0.6715398728847504,0.5947251677513122,zh_char,cn_def,zh_char__INTERSECT__cn_def__INTERSECT__en_def_translated_cn_def,0.14610410574823615,0.5457703322172165,en_def_translated_cn_def
gte_multilingual_base_768d,齒,8,0.5647563226521015,0.23104655090719461,0.7666678056120872,0.5402244403958321,zh_char,cn_def,zh_char__INTERSECT__cn_def__INTERSECT__en_def_translated_cn_def,0.22646022355183953,0.5096815004944801,en_def_translated_cn_def
gte_multilingual_base_768d,𧾷,48,0.27798481304974604,0.254622167830045,0.6791807189583778,0.6007523039976755,zh_char,cn_def,zh_char__INTERSECT__cn_def__INTERSECT__en_def_translated_cn_def,0.21869876800337804,0.538078940163056,en_def_translated_cn_def
qwen3_0.6b_1024d,㫃,7,0.163630313905222,0.2516195912446294,0.6131884029933384,0.39670472059931067,zh_char,cn_def,zh_char__INTERSECT__cn_def__INTERSECT__en_def_translated_cn_def,0.2395208877112184,0.41266780240195133,en_def_translated_cn_def
qwen3_0.6b_1024d,亻,138,0.10476654168029409,0.04525439155396019,0.6599274256091187,0.44137501543846686,zh_char,cn_def,zh_char__INTERSECT__cn_def__INTERSECT__en_def_translated_cn_def,0.04249883181604461,0.46010784556468326,en_def_translated_cn_def
qwen3_0.6b_1024d,冫,6,0.26224132875601447,0.24422591179609296,0.6219153801600138,0.3714592009782791,zh_char,cn_def,zh_char__INTERSECT__cn_def__INTERSECT__en_def_translated_cn_def,0.22302797685066855,0.34015910824139906,en_def_translated_cn_def
qwen3_0.6b_1024d,刂,20,0.1964495757129043,0.2482183057814836,0.636171618103981,0.4434922203421593,zh_char,cn_def,zh_char__INTERSECT__cn_def__INTERSECT__en_def_translated_cn_def,0.25636203214526176,0.4566809728741646,en_def_translated_cn_def
qwen3_0.6b_1024d,力,16,0.08146662660874425,0.11867949459701774,0.6266512647271156,0.42557442374527454,zh_char,cn_def,zh_char__INTERSECT__cn_def__INTERSECT__en_def_translated_cn_def,0.1368585412856191,0.45337953977286816,en_def_translated_cn_def
qwen3_0.6b_1024d,匚,5,0.13955301940441128,0.11392315924167631,0.5803821802139282,0.3856922566890716,zh_char,cn_def,zh_char__INTERSECT__cn_def__INTERSECT__en_def_translated_cn_def,0.1423457264900207,0.42271170020103455,en_def_translated_cn_def
qwen3_0.6b_1024d,口,122,0.31005687197884085,0.2442675462435381,0.6379747236849832,0.4295546640871001,zh_char,cn_def,zh_char__INTERSECT__cn_def__INTERSECT__en_def_translated_cn_def,0.20899800663875015,0.43873563543206356,en_def_translated_cn_def
qwen3_0.6b_1024d,囗,10,0.23724323958158489,0.13803448304533955,0.657347047328949,0.3654228955507278,zh_char,cn_def,zh_char__INTERSECT__cn_def__INTERSECT__en_def_translated_cn_def,0.11751174107193944,0.40788509547710416,en_def_translated_cn_def
qwen3_0.6b_1024d,土,66,0.2803207883949984,0.19138749113137069,0.6501432052164366,0.4552376586379427,zh_char,cn_def,zh_char__INTERSECT__cn_def__INTERSECT__en_def_translated_cn_def,0.158913494539306,0.4727734246037223,en_def_translated_cn_def
qwen3_0.6b_1024d,大,4,0.11854584328830242,0.007410897873342048,0.5976665169000626,0.4493018835783005,zh_char,cn_def,zh_char__INTERSECT__cn_def__INTERSECT__en_def_translated_cn_def,0.09435436781495807,0.49292145669460297,en_def_translated_cn_def
qwen3_0.6b_1024d,女,69,0.2646212531118721,0.18607825156895144,0.6389719735885012,0.403787723917892,zh_char,cn_def,zh_char__INTERSECT__cn_def__INTERSECT__en_def_translated_cn_def,0.18340606893669217,0.41336041084234265,en_def_translated_cn_def
qwen3_0.6b_1024d,子,6,0.0030999781253437295,0.1904102172702551,0.5670227855443954,0.31108007331689197,zh_char,cn_def,zh_char__INTERSECT__cn_def__INTERSECT__en_def_translated_cn_def,0.1933847963809967,0.33389849464098614,en_def_translated_cn_def
qwen3_0.6b_1024d,宀,20,0.11288419449701906,0.10515709174796936,0.653260825574398,0.3835267551243305,zh_char,cn_def,zh_char__INTERSECT__cn_def__INTERSECT__en_def_translated_cn_def,0.08810201715677975,0.4208176665008068,en_def_translated_cn_def
qwen3_0.6b_1024d,尸,7,0.04493382360254015,0.025556087759988643,0.5617090719086784,0.3485670728342874,zh_char,cn_def,zh_char__INTERSECT__cn_def__INTERSECT__en_def_translated_cn_def,0.030324757764382,0.365116149187088,en_def_translated_cn_def
qwen3_0.6b_1024d,山,38,0.31587968472587435,0.2606383145688788,0.6629376395752555,0.46400344685504313,zh_char,cn_def,zh_char__INTERSECT__cn_def__INTERSECT__en_def_translated_cn_def,0.26845461257586356,0.4882583249556391,en_def_translated_cn_def
qwen3_0.6b_1024d,巾,22,0.2037741314958442,0.2682645214213566,0.6371895440600135,0.41906302354552527,zh_char,cn_def,zh_char__INTERSECT__cn_def__INTERSECT__en_def_translated_cn_def,0.19373297708278353,0.44801096482710406,en_def_translated_cn_def
qwen3_0.6b_1024d,广,25,0.21951519131660457,0.14191646900027988,0.6538230466842652,0.4191738712787628,zh_char,cn_def,zh_char__INTERSECT__cn_def__INTERSECT__en_def_translated_cn_def,0.13332485195249316,0.4252704131603241,en_def_translated_cn_def
qwen3_0.6b_1024d,弓,9,0.17969822469684807,0.13546291945709119,0.6453159848848978,0.3748035828272502,zh_char,cn_def,zh_char__INTERSECT__cn_def__INTERSECT__en_def_translated_cn_def,0.10962565972780186,0.3749629722701179,en_def_translated_cn_def
qwen3_0.6b_1024d,彡,6,0.1343051126847664,0.10950447246432303,0.6335419913132986,0.44022125005722046,zh_char,cn_def,zh_char__INTERSECT__cn_def__INTERSECT__en_def_translated_cn_def,0.11506018290917075,0.5376035968462626,en_def_translated_cn_def
qwen3_0.6b_1024d,彳,14,0.08963705253388199,0.14071152306028772,0.6246238840477807,0.4662736505270004,zh_char,cn_def,zh_char__INTERSECT__cn_def__INTERSECT__en_def_translated_cn_def,0.11736379457371572,0.46357496082782745,en_def_translated_cn_def
qwen3_0.6b_1024d,心,46,0.28244398706390156,0.20057554692839794,0.6232729968817338,0.42223432206589245,zh_char,cn_def,zh_char__INTERSECT__cn_def__INTERSECT__en_def_translated_cn_def,0.19344171889774173,0.45453186203604157,en_def_translated_cn_def
qwen3_0.6b_1024d,忄,80,0.33486435889499255,0.2662238311488181,0.6278561312705279,0.42303440514951945,zh_char,cn_def,zh_char__INTERSECT__cn_def__INTERSECT__en_def_translated_cn_def,0.24459391045384105,0.4523018471896648,en_def_translated_cn_def
qwen3_0.6b_1024d,戈,6,0.1400344165352483,0.15163410330812133,0.6325915853182474,0.4018726895252864,zh_char,cn_def,zh_char__INTERSECT__cn_def__INTERSECT__en_def_translated_cn_def,0.17278310346106684,0.36026552816232044,en_def_translated_cn_def
qwen3_0.6b_1024d,手,7,0.12331530611429894,0.1575911130223955,0.6382386258670262,0.421123063990048,zh_char,cn_def,zh_char__INTERSECT__cn_def__INTERSECT__en_def_translated_cn_def,0.17950616271368092,0.4109728974955423,en_def_translated_cn_def
qwen3_0.6b_1024d,扌,145,0.21688228031813067,0.22181749966894754,0.6423914483908949,0.44889722939195303,zh_char,cn_def,zh_char__INTERSECT__cn_def__INTERSECT__en_def_translated_cn_def,0.21404555288368254,0.4706054882756595,en_def_translated_cn_def
qwen3_0.6b_1024d,攵,14,0.0795888223552278,0.12264196468251086,0.6383167803287506,0.4283528540815626,zh_char,cn_def,zh_char__INTERSECT__cn_def__INTERSECT__en_def_translated_cn_def,0.0965664515803967,0.45862772847924915,en_def_translated_cn_def
qwen3_0.6b_1024d,斗,5,0.028783232718706142,0.059507325291633585,0.6074230909347534,0.4211697578430176,zh_char,cn_def,zh_char__INTERSECT__cn_def__INTERSECT__en_def_translated_cn_def,0.07665992304682728,0.34202441573143005,en_def_translated_cn_def
qwen3_0.6b_1024d,斤,4,0.07241074647754432,0.0958748620469123,0.6176628470420837,0.42181339859962463,zh_char,cn_def,zh_char__INTERSECT__cn_def__INTERSECT__en_def_translated_cn_def,0.06398312072269617,0.40820514410734177,en_def_translated_cn_def
qwen3_0.6b_1024d,日,45,0.21318940752082396,0.22399200660487012,0.6585110425949097,0.45454176399442886,zh_char,cn_def,zh_char__INTERSECT__cn_def__INTERSECT__en_def_translated_cn_def,0.1972603455599811,0.4779747641748852,en_def_translated_cn_def
qwen3_0.6b_1024d,月,4,0.13099910970777273,0.23914023488759995,0.6863119900226593,0.4108926206827163,zh_char,cn_def,zh_char__INTERSECT__cn_def__INTERSECT__en_def_translated_cn_def,0.23219640739262098,0.43229926377534866,en_def_translated_cn_def
qwen3_0.6b_1024d,木,146,0.25732041838617153,0.27505251769716405,0.6404928222094497,0.40933798906737806,zh_char,cn_def,zh_char__INTERSECT__cn_def__INTERSECT__en_def_translated_cn_def,0.24159723321256568,0.42466966496550873,en_def_translated_cn_def
qwen3_0.6b_1024d,林,4,0.12215280160307881,-0.05880105029791591,0.5576795488595963,0.324039563536644,zh_char,cn_def,zh_char__INTERSECT__cn_def__INTERSECT__en_def_translated_cn_def,0.0026348689571022432,0.353862926363945,en_def_translated_cn_def
qwen3_0.6b_1024d,欠,14,0.1334863720860864,0.05337830839146459,0.6410727373191288,0.44701329725129263,zh_char,cn_def,zh_char__INTERSECT__cn_def__INTERSECT__en_def_translated_cn_def,0.007969687692821028,0.4074114454644067,en_def_translated_cn_def
qwen3_0.6b_1024d,歹,11,0.27696868438612327,0.20958423885432156,0.6227935715155168,0.4062251800840551,zh_char,cn_def,zh_char__INTERSECT__cn_def__INTERSECT__en_def_translated_cn_def,0.15372695943171324,0.4285017373886975,en_def_translated_cn_def
qwen3_0.6b_1024d,毛,5,0.23168655037879943,0.19738264908082784,0.5746387541294098,0.4430889129638672,zh_char,cn_def,zh_char__INTERSECT__cn_def__INTERSECT__en_def_translated_cn_def,0.13825287595391272,0.42246363759040834,en_def_translated_cn_def
qwen3_0.6b_1024d,水,4,0.16661283373832697,0.030048171989619725,0.5905601233243942,0.3221977725625038,zh_char,cn_def,zh_char__INTERSECT__cn_def__INTERSECT__en_def_translated_cn_def,0.07791809272021052,0.3854611702263355,en_def_translated_cn_def
qwen3_0.6b_1024d,氵,198,0.27587433061045075,0.22294839702998143,0.6406403632477077,0.4257033227971106,zh_char,cn_def,zh_char__INTERSECT__cn_def__INTERSECT__en_def_translated_cn_def,0.23134810991368884,0.44877407082704585,en_def_translated_cn_def
qwen3_0.6b_1024d,火,36,0.3344926783401105,0.24824859424390727,0.61353450268507,0.47564949178033405,zh_char,cn_def,zh_char__INTERSECT__cn_def__INTERSECT__en_def_translated_cn_def,0.2377487196483546,0.47656047923697364,en_def_translated_cn_def
qwen3_0.6b_1024d,牜,10,0.15393893308937545,0.10049359202384948,0.5931368231773376,0.35794527530670167,zh_char,cn_def,zh_char__INTERSECT__cn_def__INTERSECT__en_def_translated_cn_def,0.12790459506213664,0.39766120612621303,en_def_translated_cn_def
qwen3_0.6b_1024d,犬,4,-0.03992273146286605,0.09388073254376647,0.5763312429189682,0.4574904516339302,zh_char,cn_def,zh_char__INTERSECT__cn_def__INTERSECT__en_def_translated_cn_def,-0.05229599296581,0.5077615678310394,en_def_translated_cn_def
qwen3_0.6b_1024d,犭,28,0.3626355762327356,0.1894245990053085,0.6228564413530486,0.3753143548965454,zh_char,cn_def,zh_char__INTERSECT__cn_def__INTERSECT__en_def_translated_cn_def,0.19967030710540712,0.4058592420603548,en_def_translated_cn_def
qwen3_0.6b_1024d,王,46,0.24446751622726084,0.28497786896870186,0.6710638021645339,0.46074492711087933,zh_char,cn_def,zh_char__INTERSECT__cn_def__INTERSECT__en_def_translated_cn_def,0.2995381897477352,0.47756285544322885,en_def_translated_cn_def
qwen3_0.6b_1024d,瓦,4,0.2741110473871231,0.404385220259428,0.6175714731216431,0.5131035819649696,zh_char,cn_def,zh_char__INTERSECT__cn_def__INTERSECT__en_def_translated_cn_def,0.4642772972583771,0.46846623718738556,en_def_translated_cn_def
qwen3_0.6b_1024d,田,10,0.10809432957321403,0.1609544428065419,0.6521738171577454,0.4476882189512253,zh_char,cn_def,zh_char__INTERSECT__cn_def__INTERSECT__en_def_translated_cn_def,0.15981685742735857,0.4356103718280792,en_def_translated_cn_def
qwen3_0.6b_1024d,疒,48,0.4042069964731733,0.3132989853232478,0.6279754284769297,0.4240760765969753,zh_char,cn_def,zh_char__INTERSECT__cn_def__INTERSECT__en_def_translated_cn_def,0.29153173455658055,0.44417713209986687,en_def_translated_cn_def
qwen3_0.6b_1024d,白,7,0.21248632350138255,0.20955654393349374,0.5970849479947772,0.3748421434845243,zh_char,cn_def,zh_char__INTERSECT__cn_def__INTERSECT__en_def_translated_cn_def,0.1949246855718749,0.3778349075998579,en_def_translated_cn_def
qwen3_0.6b_1024d,皿,9,0.1823490833242734,0.27933700424101615,0.652243071132236,0.43597918086581755,zh_char,cn_def,zh_char__INTERSECT__cn_def__INTERSECT__en_def_translated_cn_def,0.3207572682036294,0.45893346269925434,en_def_translated_cn_def
qwen3_0.6b_1024d,目,32,0.31828290165867656,0.30875835940241814,0.656739704310894,0.4528770325705409,zh_char,cn_def,zh_char__INTERSECT__cn_def__INTERSECT__en_def_translated_cn_def,0.25628730410244316,0.46956974640488625,en_def_translated_cn_def
qwen3_0.6b_1024d,矢,4,0.06654737005010246,0.057139359414577484,0.5233528465032578,0.3379930555820465,zh_char,cn_def,zh_char__INTERSECT__cn_def__INTERSECT__en_def_translated_cn_def,0.06446431425865738,0.33707647025585175,en_def_translated_cn_def
qwen3_0.6b_1024d,石,40,0.2518443232402205,0.21741565337870267,0.6249465048313141,0.4283071331679821,zh_char,cn_def,zh_char__INTERSECT__cn_def__INTERSECT__en_def_translated_cn_def,0.17380069857463237,0.4416792746633291,en_def_translated_cn_def
qwen3_0.6b_1024d,示,5,0.18672755770385263,0.0136280883103609,0.6155622720718383,0.31611196994781493,zh_char,cn_def,zh_char__INTERSECT__cn_def__INTERSECT__en_def_translated_cn_def,0.04706702604889866,0.41984649896621706,en_def_translated_cn_def
qwen3_0.6b_1024d,礻,20,0.20371920079924166,0.23878562096506353,0.6429981023073197,0.4609066143631935,zh_char,cn_def,zh_char__INTERSECT__cn_def__INTERSECT__en_def_translated_cn_def,0.21940155867487188,0.49041480422019956,en_def_translated_cn_def
qwen3_0.6b_1024d,禾,25,0.17495857581496235,0.16902883902192112,0.6076413822174073,0.44158109903335574,zh_char,cn_def,zh_char__INTERSECT__cn_def__INTERSECT__en_def_translated_cn_def,0.12580522172152994,0.47203608870506286,en_def_translated_cn_def
qwen3_0.6b_1024d,穴,17,0.22865675806122662,0.10364293422111691,0.6088719140080845,0.41002923425506144,zh_char,cn_def,zh_char__INTERSECT__cn_def__INTERSECT__en_def_translated_cn_def,0.06362303823013514,0.45602962024071636,en_def_translated_cn_def
qwen3_0.6b_1024d,立,4,-0.0231659668497741,-0.0467396611347794,0.6115227937698364,0.35778092592954636,zh_char,cn_def,zh_char__INTERSECT__cn_def__INTERSECT__en_def_translated_cn_def,0.054673799779266105,0.3200792595744133,en_def_translated_cn_def
qwen3_0.6b_1024d,竹,63,0.2749354918561285,0.2944242009922626,0.6381493347977835,0.43560691154192366,zh_char,cn_def,zh_char__INTERSECT__cn_def__INTERSECT__en_def_translated_cn_def,0.2650772142150099,0.4545551841221159,en_def_translated_cn_def
qwen3_0.6b_1024d,米,17,0.25587442736415295,0.2530692544053582,0.6385390618268181,0.39739979628254385,zh_char,cn_def,zh_char__INTERSECT__cn_def__INTERSECT__en_def_translated_cn_def,0.20708325351862344,0.4235234979320975,en_def_translated_cn_def
qwen3_0.6b_1024d,糸,99,0.3725537940521132,0.2580536029423879,0.6366378029789588,0.4509661450530543,zh_char,cn_def,zh_char__INTERSECT__cn_def__INTERSECT__en_def_translated_cn_def,0.22569538754495705,0.48026922525781574,en_def_translated_cn_def
qwen3_0.6b_1024d,羽,14,0.355804803249027,0.10219220098640235,0.6553206933396203,0.4246811121702194,zh_char,cn_def,zh_char__INTERSECT__cn_def__INTERSECT__en_def_translated_cn_def,0.09953721772347175,0.45957913994789124,en_def_translated_cn_def
qwen3_0.6b_1024d,耒,6,0.15680422385533646,0.11635168517629306,0.573428084452947,0.27692374090353644,zh_char,cn_def,zh_char__INTERSECT__cn_def__INTERSECT__en_def_translated_cn_def,0.1357396820870538,0.4087733527024587,en_def_translated_cn_def
qwen3_0.6b_1024d,耳,6,0.24526274949312207,0.18709556758403775,0.6250512699286143,0.3907910784085591,zh_char,cn_def,zh_char__INTERSECT__cn_def__INTERSECT__en_def_translated_cn_def,0.11020017291108763,0.36690834164619446,en_def_translated_cn_def
qwen3_0.6b_1024d,肉,73,0.3126946688336256,0.24453879623635577,0.6195399442764178,0.41350592489111915,zh_char,cn_def,zh_char__INTERSECT__cn_def__INTERSECT__en_def_translated_cn_def,0.25177693301939386,0.43955854234630115,en_def_translated_cn_def
qwen3_0.6b_1024d,舟,12,0.35445796636243654,0.37991412604848546,0.6431505928436915,0.4876022736231486,zh_char,cn_def,zh_char__INTERSECT__cn_def__INTERSECT__en_def_translated_cn_def,0.3719772252564629,0.5009979779521624,en_def_translated_cn_def
qwen3_0.6b_1024d,艹,161,0.282298041339848,0.3004150473692032,0.6527147726242587,0.41591089806571513,zh_char,cn_def,zh_char__INTERSECT__cn_def__INTERSECT__en_def_translated_cn_def,0.3001685115676489,0.41973371396523823,en_def_translated_cn_def
qwen3_0.6b_1024d,虫,79,0.5134213741255712,0.38608370226206656,0.6561159838604022,0.43432982322535935,zh_char,cn_def,zh_char__INTERSECT__cn_def__INTERSECT__en_def_translated_cn_def,0.3778208551244645,0.4337089906764936,en_def_translated_cn_def
qwen3_0.6b_1024d,行,5,0.20291174650192256,0.0018225172534585012,0.5966586947441102,0.21786093264818188,zh_char,cn_def,zh_char__INTERSECT__cn_def__INTERSECT__en_def_translated_cn_def,-0.05883910320699211,0.23927278369665145,en_def_translated_cn_def
qwen3_0.6b_1024d,衣,11,0.2462798993695866,0.2385424541478807,0.6515664675019004,0.4011421501636505,zh_char,cn_def,zh_char__INTERSECT__cn_def__INTERSECT__en_def_translated_cn_def,0.2027159972031685,0.43334146250378003,en_def_translated_cn_def
qwen3_0.6b_1024d,衤,34,0.28005193091709824,0.29046867897405343,0.643386539290933,0.45754265609909506,zh_char,cn_def,zh_char__INTERSECT__cn_def__INTERSECT__en_def_translated_cn_def,0.2690756338484147,0.4576246580656837,en_def_translated_cn_def
qwen3_0.6b_1024d,見,4,0.29320313408970833,0.08571082912385461,0.669900432229042,0.43808820098638535,zh_char,cn_def,zh_char__INTERSECT__cn_def__INTERSECT__en_def_translated_cn_def,0.08450639620423313,0.4686252698302269,en_def_translated_cn_def
qwen3_0.6b_1024d,言,98,0.3344131083256204,0.17689486287952377,0.6318017101409484,0.44060129200925635,zh_char,cn_def,zh_char__INTERSECT__cn_def__INTERSECT__en_def_translated_cn_def,0.16391829426913537,0.4671219705927129,en_def_translated_cn_def
qwen3_0.6b_1024d,豸,7,0.4658730242933546,0.4416436957461493,0.6255207913262504,0.38419407180377413,zh_char,cn_def,zh_char__INTERSECT__cn_def__INTERSECT__en_def_translated_cn_def,0.4706248960324696,0.3654290735721588,en_def_translated_cn_def
qwen3_0.6b_1024d,貝,30,0.3874633674820264,0.22646953963364164,0.6507024725278219,0.4344835142294566,zh_char,cn_def,zh_char__INTERSECT__cn_def__INTERSECT__en_def_translated_cn_def,0.19998540682718155,0.45372290511926017,en_def_translated_cn_def
qwen3_0.6b_1024d,走,8,0.14690065546892578,0.04294105712324378,0.650103148072958,0.35952891409397125,zh_char,cn_def,zh_char__INTERSECT__cn_def__INTERSECT__en_def_translated_cn_def,0.04898360464721917,0.4202737230807543,en_def_translated_cn_def
qwen3_0.6b_1024d,車,25,0.3421654229238629,0.23026508681476113,0.6416103076934815,0.43788094878196715,zh_char,cn_def,zh_char__INTERSECT__cn_def__INTERSECT__en_def_translated_cn_def,0.20804547011852262,0.478661013841629,en_def_translated_cn_def
qwen3_0.6b_1024d,辶,52,0.1696551472951586,0.2052450372586743,0.6415329953798881,0.42265977051395637,zh_char,cn_def,zh_char__INTERSECT__cn_def__INTERSECT__en_def_translated_cn_def,0.16449711348216692,0.4528645764176662,en_def_translated_cn_def
qwen3_0.6b_1024d,酉,20,0.23713148962706326,0.17788838916458186,0.6237854838371277,0.3966430388391018,zh_char,cn_def,zh_char__INTERSECT__cn_def__INTERSECT__en_def_translated_cn_def,0.1425458232872188,0.4187410205602646,en_def_translated_cn_def
qwen3_0.6b_1024d,釒,88,0.4224499403075738,0.268413230035962,0.6227022822607647,0.43064324083653366,zh_char,cn_def,zh_char__INTERSECT__cn_def__INTERSECT__en_def_translated_cn_def,0.24010790483391078,0.45568219132044097,en_def_translated_cn_def
qwen3_0.6b_1024d,門,20,0.33305271156132216,0.10758184585720296,0.6356583639979363,0.4291036084294319,zh_char,cn_def,zh_char__INTERSECT__cn_def__INTERSECT__en_def_translated_cn_def,0.10752972182817755,0.4497245341539383,en_def_translated_cn_def
qwen3_0.6b_1024d,阝,49,0.21964827463106837,0.1515263783536395,0.6564084595563461,0.41641173040380286,zh_char,cn_def,zh_char__INTERSECT__cn_def__INTERSECT__en_def_translated_cn_def,0.13619420135735855,0.457259792758494,en_def_translated_cn_def
qwen3_0.6b_1024d,隹,11,0.1355025717480616,0.07292481257834216,0.6072779595851898,0.42516764998435974,zh_char,cn_def,zh_char__INTERSECT__cn_def__INTERSECT__en_def_translated_cn_def,0.11142525720325382,0.4521875787865032,en_def_translated_cn_def
qwen3_0.6b_1024d,雨,22,0.287423337386413,0.3025326955724846,0.6444608501412652,0.43823770636861975,zh_char,cn_def,zh_char__INTERSECT__cn_def__INTERSECT__en_def_translated_cn_def,0.33064218263395806,0.4525792883201079,en_def_translated_cn_def
qwen3_0.6b_1024d,革,13,0.21318120495058018,0.21067566438936267,0.62793518946721,0.4218655962210435,zh_char,cn_def,zh_char__INTERSECT__cn_def__INTERSECT__en_def_translated_cn_def,0.16655539262753266,0.42694424092769623,en_def_translated_cn_def
qwen3_0.6b_1024d,頁,28,0.34528718755713533,0.11975124302054088,0.6443394550255367,0.4063751058919089,zh_char,cn_def,zh_char__INTERSECT__cn_def__INTERSECT__en_def_translated_cn_def,0.10208807867352983,0.43770333911691395,en_def_translated_cn_def
qwen3_0.6b_1024d,風,4,0.480347141623497,0.19706082157790655,0.6412802934646606,0.31335053965449333,zh_char,cn_def,zh_char__INTERSECT__cn_def__INTERSECT__en_def_translated_cn_def,0.18458154704421756,0.33434145152568817,en_def_translated_cn_def
qwen3_0.6b_1024d,食,4,0.06926358863711354,-0.026062003918923448,0.5840992629528046,0.2769134268164634,zh_char,cn_def,zh_char__INTERSECT__cn_def__INTERSECT__en_def_translated_cn_def,0.05472278920933603,0.31727910786867136,en_def_translated_cn_def
qwen3_0.6b_1024d,飠,22,0.38006632978265936,0.2524804143891246,0.6144496961073442,0.44247961857102136,zh_char,cn_def,zh_char__INTERSECT__cn_def__INTERSECT__en_def_translated_cn_def,0.2424515039152042,0.42983422767032275,en_def_translated_cn_def
qwen3_0.6b_1024d,馬,35,0.4135929936809199,0.22320879623293877,0.64126809324537,0.42217929618699207,zh_char,cn_def,zh_char__INTERSECT__cn_def__INTERSECT__en_def_translated_cn_def,0.26054467867527686,0.43647556134632653,en_def_translated_cn_def
qwen3_0.6b_1024d,骨,6,0.31949230780204135,0.3045858989159266,0.6243798832098643,0.4314442922671636,zh_char,cn_def,zh_char__INTERSECT__cn_def__INTERSECT__en_def_translated_cn_def,0.38136034707228345,0.43441738933324814,en_def_translated_cn_def
qwen3_0.6b_1024d,髟,11,0.2645066197622906,0.22916584851389582,0.6872493733059276,0.36526125127618964,zh_char,cn_def,zh_char__INTERSECT__cn_def__INTERSECT__en_def_translated_cn_def,0.20624733716249466,0.3732532222162593,en_def_translated_cn_def
qwen3_0.6b_1024d,鬼,9,0.3472193082173665,0.18630960500902594,0.6008671025435129,0.36227709054946894,zh_char,cn_def,zh_char__INTERSECT__cn_def__INTERSECT__en_def_translated_cn_def,0.2116671270794338,0.39743301769097644,en_def_translated_cn_def
qwen3_0.6b_1024d,魚,20,0.6506316944956779,0.49313889890909196,0.6645839035511016,0.42681985050439836,zh_char,cn_def,zh_char__INTERSECT__cn_def__INTERSECT__en_def_translated_cn_def,0.4929758748039603,0.41528195068240165,en_def_translated_cn_def
qwen3_0.6b_1024d,鳥,27,0.6088751742133388,0.4925256139702267,0.6731435789002312,0.44916162225935197,zh_char,cn_def,zh_char__INTERSECT__cn_def__INTERSECT__en_def_translated_cn_def,0.4968132213861854,0.44789928749755575,en_def_translated_cn_def
qwen3_0.6b_1024d,鹿,4,0.4236831068992615,0.3040497973561287,0.6570580154657364,0.35347043350338936,zh_char,cn_def,zh_char__INTERSECT__cn_def__INTERSECT__en_def_translated_cn_def,0.3708527982234955,0.4275562986731529,en_def_translated_cn_def
qwen3_0.6b_1024d,黑,10,0.15749240741133688,0.09379175454378127,0.625979894399643,0.416707307100296,zh_char,cn_def,zh_char__INTERSECT__cn_def__INTERSECT__en_def_translated_cn_def,0.1325089870020747,0.4745724320411682,en_def_translated_cn_def
qwen3_0.6b_1024d,齒,8,0.4176034089177847,0.19136698637157676,0.61866045743227,0.3680205829441547,zh_char,cn_def,zh_char__INTERSECT__cn_def__INTERSECT__en_def_translated_cn_def,0.2220364180393517,0.3917940743267536,en_def_translated_cn_def
qwen3_0.6b_1024d,𧾷,48,0.31241968778582907,0.2871295510946462,0.6412883860369524,0.44854841629664105,zh_char,cn_def,zh_char__INTERSECT__cn_def__INTERSECT__en_def_translated_cn_def,0.23450529283339464,0.43078348971903324,en_def_translated_cn_def
qwen3_4b_2560d_int8,㫃,7,0.2564295244602753,0.2111993027584893,0.6671856556619916,0.3754607949938093,zh_char,cn_def,zh_char__INTERSECT__cn_def__INTERSECT__en_def_translated_cn_def,0.2231778523751667,0.3550877060209002,en_def_translated_cn_def
qwen3_4b_2560d_int8,亻,138,0.10647895750319718,0.04164143881180147,0.6690433880557185,0.44191703481086786,zh_char,cn_def,zh_char__INTERSECT__cn_def__INTERSECT__en_def_translated_cn_def,0.030607466437462434,0.46452026252729306,en_def_translated_cn_def
qwen3_4b_2560d_int8,冫,6,0.3003109842538833,0.20142066975434617,0.6103736609220505,0.36104000608126324,zh_char,cn_def,zh_char__INTERSECT__cn_def__INTERSECT__en_def_translated_cn_def,0.22846990451216695,0.38832229375839233,en_def_translated_cn_def
qwen3_4b_2560d_int8,刂,20,0.2934890042059123,0.23140560784377157,0.6626412123441696,0.41768272817134855,zh_char,cn_def,zh_char__INTERSECT__cn_def__INTERSECT__en_def_translated_cn_def,0.20467126974835992,0.4716898113489151,en_def_translated_cn_def
qwen3_4b_2560d_int8,力,16,0.166680728783831,0.17154084017965937,0.5942723490297794,0.42411525920033455,zh_char,cn_def,zh_char__INTERSECT__cn_def__INTERSECT__en_def_translated_cn_def,0.152303762268275,0.43209058605134487,en_def_translated_cn_def
qwen3_4b_2560d_int8,匚,5,0.16942223906517023,0.09870600048452612,0.6094172120094299,0.3731047809123993,zh_char,cn_def,zh_char__INTERSECT__cn_def__INTERSECT__en_def_translated_cn_def,0.08155348449945447,0.42848439812660216,en_def_translated_cn_def
qwen3_4b_2560d_int8,口,122,0.3295629660514962,0.2200411259498233,0.6659034764180418,0.4276778308338806,zh_char,cn_def,zh_char__INTERSECT__cn_def__INTERSECT__en_def_translated_cn_def,0.19514710977520852,0.44492718809452214,en_def_translated_cn_def
qwen3_4b_2560d_int8,囗,10,0.24454906601458784,0.1587224297225475,0.5752913683652878,0.37323435544967654,zh_char,cn_def,zh_char__INTERSECT__cn_def__INTERSECT__en_def_translated_cn_def,0.11035671904683111,0.40258119702339173,en_def_translated_cn_def
qwen3_4b_2560d_int8,土,66,0.24521043778143145,0.19917739312531368,0.6589666722398816,0.44460597092455084,zh_char,cn_def,zh_char__INTERSECT__cn_def__INTERSECT__en_def_translated_cn_def,0.17230196970966502,0.4727458224603624,en_def_translated_cn_def
qwen3_4b_2560d_int8,大,4,-0.04393737856298682,0.036074421252124025,0.6289497166872025,0.4495261237025261,zh_char,cn_def,zh_char__INTERSECT__cn_def__INTERSECT__en_def_translated_cn_def,0.0443377860356122,0.3861040100455284,en_def_translated_cn_def
qwen3_4b_2560d_int8,女,69,0.26880229499353014,0.16488573769701345,0.6622087005255879,0.4306851953699969,zh_char,cn_def,zh_char__INTERSECT__cn_def__INTERSECT__en_def_translated_cn_def,0.14629227534422407,0.4387000501155853,en_def_translated_cn_def
qwen3_4b_2560d_int8,子,6,0.034856688541670615,0.14772270992398262,0.5574400623639425,0.32279191414515174,zh_char,cn_def,zh_char__INTERSECT__cn_def__INTERSECT__en_def_translated_cn_def,0.2077380640742679,0.37343912323315936,en_def_translated_cn_def
qwen3_4b_2560d_int8,宀,20,0.11048674106132236,0.12996773549821222,0.6683017492294312,0.3826917842030525,zh_char,cn_def,zh_char__INTERSECT__cn_def__INTERSECT__en_def_translated_cn_def,0.07854999685660002,0.40034745410084727,en_def_translated_cn_def
qwen3_4b_2560d_int8,尸,7,0.14053762092122007,0.0211474008059927,0.6427016173090253,0.34170214193207876,zh_char,cn_def,zh_char__INTERSECT__cn_def__INTERSECT__en_def_translated_cn_def,-0.007712129636534613,0.3354355139391763,en_def_translated_cn_def
qwen3_4b_2560d_int8,山,38,0.32331420721388177,0.25705947870952317,0.6750621999564924,0.455806796488009,zh_char,cn_def,zh_char__INTERSECT__cn_def__INTERSECT__en_def_translated_cn_def,0.2582795431371778,0.4891328023452508,en_def_translated_cn_def
qwen3_4b_2560d_int8,巾,22,0.23003205419941378,0.24041865427385672,0.6652191904458132,0.4105544130910527,zh_char,cn_def,zh_char__INTERSECT__cn_def__INTERSECT__en_def_translated_cn_def,0.18932828561148857,0.4487445489926772,en_def_translated_cn_def
qwen3_4b_2560d_int8,广,25,0.19032353613525627,0.1323411662690341,0.6522566485404968,0.413846755027771,zh_char,cn_def,zh_char__INTERSECT__cn_def__INTERSECT__en_def_translated_cn_def,0.12007248580455779,0.41828174352645875,en_def_translated_cn_def
qwen3_4b_2560d_int8,弓,9,0.15843810844752518,0.0795262138255768,0.6457457409964668,0.3404226236873203,zh_char,cn_def,zh_char__INTERSECT__cn_def__INTERSECT__en_def_translated_cn_def,0.09405456814501018,0.3583003183205922,en_def_translated_cn_def
qwen3_4b_2560d_int8,彡,6,0.01798971462994815,0.01628257147967815,0.6030411720275879,0.4576680064201355,zh_char,cn_def,zh_char__INTERSECT__cn_def__INTERSECT__en_def_translated_cn_def,0.017118547732631332,0.5130402743816376,en_def_translated_cn_def
qwen3_4b_2560d_int8,彳,14,0.10376033599355387,0.19521948908056527,0.6294243250574384,0.44012060122830526,zh_char,cn_def,zh_char__INTERSECT__cn_def__INTERSECT__en_def_translated_cn_def,0.12369860788541179,0.43376295268535614,en_def_translated_cn_def
qwen3_4b_2560d_int8,心,46,0.28684513728417776,0.1757780931404103,0.6353689017503158,0.43780933968398883,zh_char,cn_def,zh_char__INTERSECT__cn_def__INTERSECT__en_def_translated_cn_def,0.1739700005501104,0.44564144442910736,en_def_translated_cn_def
qwen3_4b_2560d_int8,忄,80,0.3266551991517189,0.249319271557033,0.6558624304831028,0.44623080398887394,zh_char,cn_def,zh_char__INTERSECT__cn_def__INTERSECT__en_def_translated_cn_def,0.23008903623558577,0.45694971904158593,en_def_translated_cn_def
qwen3_4b_2560d_int8,戈,6,0.16497237297395861,0.06752980624636011,0.5986240605513254,0.39276763796806335,zh_char,cn_def,zh_char__INTERSECT__cn_def__INTERSECT__en_def_translated_cn_def,0.09621726845701532,0.35396244873603183,en_def_translated_cn_def
qwen3_4b_2560d_int8,手,7,0.22608077313218794,0.16228205923523223,0.6823029092379979,0.4134718562875475,zh_char,cn_def,zh_char__INTERSECT__cn_def__INTERSECT__en_def_translated_cn_def,0.1742834076285362,0.4257524907588959,en_def_translated_cn_def
qwen3_4b_2560d_int8,扌,145,0.293036706257483,0.23801688732386658,0.6679019981417162,0.44412616409104444,zh_char,cn_def,zh_char__INTERSECT__cn_def__INTERSECT__en_def_translated_cn_def,0.19604484522394064,0.45930210680797184,en_def_translated_cn_def
qwen3_4b_2560d_int8,攵,14,0.10422235088688984,0.10351039921598772,0.6540380077702659,0.4129329047032765,zh_char,cn_def,zh_char__INTERSECT__cn_def__INTERSECT__en_def_translated_cn_def,0.1166062039722289,0.4588608720472881,en_def_translated_cn_def
qwen3_4b_2560d_int8,斗,5,-0.008844204992055899,-0.0018226816318929015,0.5792308688163758,0.4059986412525177,zh_char,cn_def,zh_char__INTERSECT__cn_def__INTERSECT__en_def_translated_cn_def,0.06858141906559465,0.3407258063554764,en_def_translated_cn_def
qwen3_4b_2560d_int8,斤,4,0.11728492518886925,0.07184369955211875,0.6128640174865723,0.3565641418099403,zh_char,cn_def,zh_char__INTERSECT__cn_def__INTERSECT__en_def_translated_cn_def,0.05488073918968438,0.3874322772026062,en_def_translated_cn_def
qwen3_4b_2560d_int8,日,45,0.2065483284493287,0.19738676905528535,0.6804496235317654,0.4574997517797682,zh_char,cn_def,zh_char__INTERSECT__cn_def__INTERSECT__en_def_translated_cn_def,0.18314781799498528,0.4847225672668881,en_def_translated_cn_def
qwen3_4b_2560d_int8,月,4,0.08942977030528708,0.2382857054471969,0.665294736623764,0.4018972665071487,zh_char,cn_def,zh_char__INTERSECT__cn_def__INTERSECT__en_def_translated_cn_def,0.2379870619624853,0.38803465664386744,en_def_translated_cn_def
qwen3_4b_2560d_int8,木,146,0.29316285688570404,0.2382617851094126,0.6591070516876978,0.42778770145896355,zh_char,cn_def,zh_char__INTERSECT__cn_def__INTERSECT__en_def_translated_cn_def,0.21837739434016687,0.4462138728736198,en_def_translated_cn_def
qwen3_4b_2560d_int8,林,4,0.06591917760670182,-0.0442927494877949,0.6520377993583679,0.30286651477217674,zh_char,cn_def,zh_char__INTERSECT__cn_def__INTERSECT__en_def_translated_cn_def,0.007593464106321349,0.34396379441022873,en_def_translated_cn_def
qwen3_4b_2560d_int8,欠,14,0.12635459045746494,0.04234158314232312,0.6641926978315625,0.4576199757201331,zh_char,cn_def,zh_char__INTERSECT__cn_def__INTERSECT__en_def_translated_cn_def,0.04981610671217951,0.42879893098558697,en_def_translated_cn_def
qwen3_4b_2560d_int8,歹,11,0.33286518468098203,0.1977767625992948,0.6061591316353191,0.4066610742699016,zh_char,cn_def,zh_char__INTERSECT__cn_def__INTERSECT__en_def_translated_cn_def,0.19009494239633734,0.41361692683263257,en_def_translated_cn_def
qwen3_4b_2560d_int8,毛,5,0.16624099314212798,0.18488662838935846,0.5593814015388489,0.4288456678390503,zh_char,cn_def,zh_char__INTERSECT__cn_def__INTERSECT__en_def_translated_cn_def,0.11150407046079633,0.4089767336845398,en_def_translated_cn_def
qwen3_4b_2560d_int8,水,4,0.11505474802106615,0.10004526982083915,0.5457243993878365,0.40066346526145935,zh_char,cn_def,zh_char__INTERSECT__cn_def__INTERSECT__en_def_translated_cn_def,0.10332419257611034,0.41048068553209305,en_def_translated_cn_def
qwen3_4b_2560d_int8,氵,198,0.2930395721406158,0.2135834872929586,0.666379197528868,0.42495192760469935,zh_char,cn_def,zh_char__INTERSECT__cn_def__INTERSECT__en_def_translated_cn_def,0.23138131983248947,0.44590623684302727,en_def_translated_cn_def
qwen3_4b_2560d_int8,火,36,0.3033567738150143,0.22656934232347536,0.6714895450406604,0.4614844433963299,zh_char,cn_def,zh_char__INTERSECT__cn_def__INTERSECT__en_def_translated_cn_def,0.18391712837749055,0.46093718252248234,en_def_translated_cn_def
qwen3_4b_2560d_int8,牜,10,0.2237811517436057,0.08960237652063369,0.6526617884635926,0.3688802659511566,zh_char,cn_def,zh_char__INTERSECT__cn_def__INTERSECT__en_def_translated_cn_def,0.08717911429703235,0.36262510716915125,en_def_translated_cn_def
qwen3_4b_2560d_int8,犬,4,-0.015745867043733604,0.04935346147976812,0.6498495042324066,0.43973492085933685,zh_char,cn_def,zh_char__INTERSECT__cn_def__INTERSECT__en_def_translated_cn_def,-0.0223947842605412,0.5371820777654648,en_def_translated_cn_def
qwen3_4b_2560d_int8,犭,28,0.34119105179394993,0.146666840733295,0.6489155516028404,0.39585420915058683,zh_char,cn_def,zh_char__INTERSECT__cn_def__INTERSECT__en_def_translated_cn_def,0.15791113954037425,0.41227761868919643,en_def_translated_cn_def
qwen3_4b_2560d_int8,王,46,0.32142412476241583,0.2762918607736735,0.6981676765110182,0.4385279368447221,zh_char,cn_def,zh_char__INTERSECT__cn_def__INTERSECT__en_def_translated_cn_def,0.2777442650302596,0.46782865764006326,en_def_translated_cn_def
qwen3_4b_2560d_int8,瓦,4,0.433456689119339,0.34192440286278725,0.6412957608699799,0.46642163395881653,zh_char,cn_def,zh_char__INTERSECT__cn_def__INTERSECT__en_def_translated_cn_def,0.4673185721039772,0.532942421734333,en_def_translated_cn_def
qwen3_4b_2560d_int8,田,10,0.12818473614752288,0.19571549748070532,0.6676461696624756,0.4407282412052155,zh_char,cn_def,zh_char__INTERSECT__cn_def__INTERSECT__en_def_translated_cn_def,0.12358594648540015,0.43070524632930757,en_def_translated_cn_def
qwen3_4b_2560d_int8,疒,48,0.3826492128816123,0.27238830210020143,0.6342930346727371,0.4250143188983202,zh_char,cn_def,zh_char__INTERSECT__cn_def__INTERSECT__en_def_translated_cn_def,0.2642514282973328,0.43731238568822545,en_def_translated_cn_def
qwen3_4b_2560d_int8,白,7,0.18653899111918038,0.214992989386831,0.6033128074237278,0.3862675598689488,zh_char,cn_def,zh_char__INTERSECT__cn_def__INTERSECT__en_def_translated_cn_def,0.20748842826911382,0.3438725450209209,en_def_translated_cn_def
qwen3_4b_2560d_int8,皿,9,0.24402867733604378,0.2511808404492007,0.6267437603738573,0.4272400339444478,zh_char,cn_def,zh_char__INTERSECT__cn_def__INTERSECT__en_def_translated_cn_def,0.26251178565952515,0.4321733911832173,en_def_translated_cn_def
qwen3_4b_2560d_int8,目,32,0.3967636189190671,0.3159141852229368,0.6915719769895077,0.43949808180332184,zh_char,cn_def,zh_char__INTERSECT__cn_def__INTERSECT__en_def_translated_cn_def,0.26276287925429637,0.4517425922676921,en_def_translated_cn_def
qwen3_4b_2560d_int8,矢,4,0.13798667863011355,0.06581763736903667,0.5692909210920334,0.31573615223169327,zh_char,cn_def,zh_char__INTERSECT__cn_def__INTERSECT__en_def_translated_cn_def,0.025993884541094324,0.37520624697208405,en_def_translated_cn_def
qwen3_4b_2560d_int8,石,40,0.2669084900524467,0.21722291402984406,0.649688920378685,0.4249782353639603,zh_char,cn_def,zh_char__INTERSECT__cn_def__INTERSECT__en_def_translated_cn_def,0.19163629834074525,0.43496712781488894,en_def_translated_cn_def
qwen3_4b_2560d_int8,示,5,0.1849764823913574,-0.021365709230303738,0.712833297252655,0.32211241126060486,zh_char,cn_def,zh_char__INTERSECT__cn_def__INTERSECT__en_def_translated_cn_def,0.011626273673027723,0.35450751781463624,en_def_translated_cn_def
qwen3_4b_2560d_int8,礻,20,0.21971857063472267,0.21509271226823326,0.6369568169116974,0.46585331708192823,zh_char,cn_def,zh_char__INTERSECT__cn_def__INTERSECT__en_def_translated_cn_def,0.22019854472018774,0.4880972847342491,en_def_translated_cn_def
qwen3_4b_2560d_int8,禾,25,0.2063082235306501,0.11892784062772987,0.6156704640388488,0.4462938392162323,zh_char,cn_def,zh_char__INTERSECT__cn_def__INTERSECT__en_def_translated_cn_def,0.11423597481101751,0.46487277626991275,en_def_translated_cn_def
qwen3_4b_2560d_int8,穴,17,0.24440708994755844,0.10964215316754927,0.6433416604995728,0.3949949934202082,zh_char,cn_def,zh_char__INTERSECT__cn_def__INTERSECT__en_def_translated_cn_def,0.034594922545639895,0.450559807174346,en_def_translated_cn_def
qwen3_4b_2560d_int8,立,4,0.08955124230124054,-0.023264729999937075,0.6305859386920929,0.36964207887649536,zh_char,cn_def,zh_char__INTERSECT__cn_def__INTERSECT__en_def_translated_cn_def,0.0051819125656038505,0.36103082448244095,en_def_translated_cn_def
qwen3_4b_2560d_int8,竹,63,0.28225449403186165,0.280410936693587,0.6564575197204711,0.44421266421439154,zh_char,cn_def,zh_char__INTERSECT__cn_def__INTERSECT__en_def_translated_cn_def,0.26155535308348515,0.44417762756347656,en_def_translated_cn_def
qwen3_4b_2560d_int8,米,17,0.27725648671826897,0.23689931888571558,0.6423543761758244,0.3882719883147408,zh_char,cn_def,zh_char__INTERSECT__cn_def__INTERSECT__en_def_translated_cn_def,0.21756289948654522,0.4217948703204884,en_def_translated_cn_def
qwen3_4b_2560d_int8,糸,99,0.32318944184843335,0.22560016851345394,0.6460321488404515,0.4474525307164048,zh_char,cn_def,zh_char__INTERSECT__cn_def__INTERSECT__en_def_translated_cn_def,0.19947646196103755,0.4652277622560058,en_def_translated_cn_def
qwen3_4b_2560d_int8,羽,14,0.3165982873844249,0.09998700192331203,0.6668309015887124,0.38885532319545746,zh_char,cn_def,zh_char__INTERSECT__cn_def__INTERSECT__en_def_translated_cn_def,0.09154086167524966,0.4222193424190794,en_def_translated_cn_def
qwen3_4b_2560d_int8,耒,6,0.2419147895028194,0.07388780079782008,0.6039869983990988,0.34148230652014416,zh_char,cn_def,zh_char__INTERSECT__cn_def__INTERSECT__en_def_translated_cn_def,0.09519664136072,0.4027217576901118,en_def_translated_cn_def
qwen3_4b_2560d_int8,耳,6,0.24908500909805295,0.17969455507894352,0.5284594893455505,0.33283431331316626,zh_char,cn_def,zh_char__INTERSECT__cn_def__INTERSECT__en_def_translated_cn_def,0.15114920710523919,0.34814332922299696,en_def_translated_cn_def
qwen3_4b_2560d_int8,肉,73,0.31677866986097947,0.24761501317588638,0.6484600979171388,0.4303014788725605,zh_char,cn_def,zh_char__INTERSECT__cn_def__INTERSECT__en_def_translated_cn_def,0.2396064727018549,0.4477571561320187,en_def_translated_cn_def
qwen3_4b_2560d_int8,舟,12,0.42630187918742496,0.3299354662497838,0.6766451199849447,0.4140881473819415,zh_char,cn_def,zh_char__INTERSECT__cn_def__INTERSECT__en_def_translated_cn_def,0.33216976746916765,0.49884606649478275,en_def_translated_cn_def
qwen3_4b_2560d_int8,艹,161,0.279764683059596,0.2691111901994817,0.6893427742193945,0.4291470459899547,zh_char,cn_def,zh_char__INTERSECT__cn_def__INTERSECT__en_def_translated_cn_def,0.260512581780576,0.43480168736499286,en_def_translated_cn_def
qwen3_4b_2560d_int8,虫,79,0.4877812235816559,0.3377837549211292,0.6804371408269375,0.4327866355829601,zh_char,cn_def,zh_char__INTERSECT__cn_def__INTERSECT__en_def_translated_cn_def,0.319765348694747,0.4388459441782553,en_def_translated_cn_def
qwen3_4b_2560d_int8,行,5,0.17768468558788295,0.02282497696578502,0.6314395904541016,0.27197782397270204,zh_char,cn_def,zh_char__INTERSECT__cn_def__INTERSECT__en_def_translated_cn_def,-0.02264622328802942,0.222446958720684,en_def_translated_cn_def
qwen3_4b_2560d_int8,衣,11,0.2950583913109519,0.18640066420828755,0.6667341535741632,0.3819580078125,zh_char,cn_def,zh_char__INTERSECT__cn_def__INTERSECT__en_def_translated_cn_def,0.1621857681734995,0.43526120348410174,en_def_translated_cn_def
qwen3_4b_2560d_int8,衤,34,0.3168420203797081,0.2642325238489052,0.6518802344799042,0.4351711878005196,zh_char,cn_def,zh_char__INTERSECT__cn_def__INTERSECT__en_def_translated_cn_def,0.2600113949464524,0.45271068592281904,en_def_translated_cn_def
qwen3_4b_2560d_int8,見,4,0.229370292276144,0.10088217281736431,0.6628226339817047,0.41174888610839844,zh_char,cn_def,zh_char__INTERSECT__cn_def__INTERSECT__en_def_translated_cn_def,0.07955724047496912,0.37498255074024195,en_def_translated_cn_def
qwen3_4b_2560d_int8,言,98,0.3012294983871433,0.1757960374970749,0.643220126020665,0.4468463835667591,zh_char,cn_def,zh_char__INTERSECT__cn_def__INTERSECT__en_def_translated_cn_def,0.14769604111242352,0.45393980279260754,en_def_translated_cn_def
qwen3_4b_2560d_int8,豸,7,0.49633908697537016,0.38529603821890696,0.664186349936894,0.42106170313698904,zh_char,cn_def,zh_char__INTERSECT__cn_def__INTERSECT__en_def_translated_cn_def,0.3712771875517708,0.4163431865828378,en_def_translated_cn_def
qwen3_4b_2560d_int8,貝,30,0.3581962784131368,0.18068461321915186,0.6649721980094909,0.4524883915980657,zh_char,cn_def,zh_char__INTERSECT__cn_def__INTERSECT__en_def_translated_cn_def,0.15970588234874106,0.4437910556793213,en_def_translated_cn_def
qwen3_4b_2560d_int8,走,8,0.13739414466544986,0.05350871291011572,0.5733406580984592,0.38080273009836674,zh_char,cn_def,zh_char__INTERSECT__cn_def__INTERSECT__en_def_translated_cn_def,0.0562805659137666,0.43105803057551384,en_def_translated_cn_def
qwen3_4b_2560d_int8,車,25,0.3474967887252569,0.2305664647556841,0.6443537449836731,0.4351415598392487,zh_char,cn_def,zh_char__INTERSECT__cn_def__INTERSECT__en_def_translated_cn_def,0.20500447683036327,0.48096164703369143,en_def_translated_cn_def
qwen3_4b_2560d_int8,辶,52,0.21698225109587205,0.19159086467698214,0.6509976627734991,0.40983176403320754,zh_char,cn_def,zh_char__INTERSECT__cn_def__INTERSECT__en_def_translated_cn_def,0.1503069139479731,0.43171879935723084,en_def_translated_cn_def
qwen3_4b_2560d_int8,酉,20,0.33150352090597146,0.17812565453350543,0.6547464430332184,0.4062122404575348,zh_char,cn_def,zh_char__INTERSECT__cn_def__INTERSECT__en_def_translated_cn_def,0.15521042314358052,0.42333358377218244,en_def_translated_cn_def
qwen3_4b_2560d_int8,釒,88,0.4003123579631475,0.24138376322066915,0.6604233235120773,0.43809170004996384,zh_char,cn_def,zh_char__INTERSECT__cn_def__INTERSECT__en_def_translated_cn_def,0.22518356775716789,0.4550462288951332,en_def_translated_cn_def
qwen3_4b_2560d_int8,門,20,0.3036266847513616,0.1279338620603084,0.6853794902563095,0.43432985097169874,zh_char,cn_def,zh_char__INTERSECT__cn_def__INTERSECT__en_def_translated_cn_def,0.11447416464798148,0.4412457585334778,en_def_translated_cn_def
qwen3_4b_2560d_int8,阝,49,0.19059467665394958,0.14906776898863666,0.6559733371345364,0.40824485737450267,zh_char,cn_def,zh_char__INTERSECT__cn_def__INTERSECT__en_def_translated_cn_def,0.12009959176125726,0.44452980251944796,en_def_translated_cn_def
qwen3_4b_2560d_int8,隹,11,0.14391539482907814,0.0590840931981802,0.5905257300897078,0.4376360923051834,zh_char,cn_def,zh_char__INTERSECT__cn_def__INTERSECT__en_def_translated_cn_def,0.09563433836129578,0.4537420056082986,en_def_translated_cn_def
qwen3_4b_2560d_int8,雨,22,0.3267476233569058,0.25282449385320593,0.7017569514838132,0.427924863316796,zh_char,cn_def,zh_char__INTERSECT__cn_def__INTERSECT__en_def_translated_cn_def,0.272888048467311,0.4442253343083642,en_def_translated_cn_def
qwen3_4b_2560d_int8,革,13,0.21546022593975064,0.21398253695896033,0.6162012975949508,0.44700313302186817,zh_char,cn_def,zh_char__INTERSECT__cn_def__INTERSECT__en_def_translated_cn_def,0.18063457346019834,0.4627214796268023,en_def_translated_cn_def
qwen3_4b_2560d_int8,頁,28,0.3075319081544876,0.12975067088180886,0.6383423230477742,0.3971437221126897,zh_char,cn_def,zh_char__INTERSECT__cn_def__INTERSECT__en_def_translated_cn_def,0.09062201363433683,0.41267157452447073,en_def_translated_cn_def
qwen3_4b_2560d_int8,風,4,0.47841861099004745,0.20979937911033628,0.6938295811414719,0.35443510860204697,zh_char,cn_def,zh_char__INTERSECT__cn_def__INTERSECT__en_def_translated_cn_def,0.13631402142345903,0.3437655717134475,en_def_translated_cn_def
qwen3_4b_2560d_int8,食,4,0.18979371991008517,0.038038092199713006,0.5841996520757675,0.34378495812416077,zh_char,cn_def,zh_char__INTERSECT__cn_def__INTERSECT__en_def_translated_cn_def,0.05800593132153153,0.32724747061729426,en_def_translated_cn_def
qwen3_4b_2560d_int8,飠,22,0.4652318548072468,0.2063265874643217,0.683409574356946,0.4369221600619229,zh_char,cn_def,zh_char__INTERSECT__cn_def__INTERSECT__en_def_translated_cn_def,0.2143751103430986,0.4540928290648894,en_def_translated_cn_def
qwen3_4b_2560d_int8,馬,35,0.37235833512885225,0.22813174059348446,0.6601774999073573,0.42401183673313686,zh_char,cn_def,zh_char__INTERSECT__cn_def__INTERSECT__en_def_translated_cn_def,0.21746143326163286,0.448728380884443,en_def_translated_cn_def
qwen3_4b_2560d_int8,骨,6,0.2457289099693298,0.30084683001041407,0.6413843035697937,0.40649161239465076,zh_char,cn_def,zh_char__INTERSECT__cn_def__INTERSECT__en_def_translated_cn_def,0.32737768938144046,0.402901254594326,en_def_translated_cn_def
qwen3_4b_2560d_int8,髟,11,0.3383363014595075,0.20163852348923683,0.6920866478573192,0.37764813141389325,zh_char,cn_def,zh_char__INTERSECT__cn_def__INTERSECT__en_def_translated_cn_def,0.16588347913189366,0.4070197723128579,en_def_translated_cn_def
qwen3_4b_2560d_int8,鬼,9,0.3111626836988661,0.18994464787344134,0.6516261763042874,0.3813183142079247,zh_char,cn_def,zh_char__INTERSECT__cn_def__INTERSECT__en_def_translated_cn_def,0.18588095194556645,0.4411153495311737,en_def_translated_cn_def
qwen3_4b_2560d_int8,魚,20,0.5824555426836013,0.43209654912352563,0.7135535478591919,0.444856821000576,zh_char,cn_def,zh_char__INTERSECT__cn_def__INTERSECT__en_def_translated_cn_def,0.4161564588546753,0.45028255879879,en_def_translated_cn_def
qwen3_4b_2560d_int8,鳥,27,0.5885935922463735,0.4249888009702166,0.6970175725442392,0.44761191805203754,zh_char,cn_def,zh_char__INTERSECT__cn_def__INTERSECT__en_def_translated_cn_def,0.38431475032120943,0.44206269140596743,en_def_translated_cn_def
qwen3_4b_2560d_int8,鹿,4,0.32656800001859665,0.23577339574694628,0.6849137842655182,0.36776018142700195,zh_char,cn_def,zh_char__INTERSECT__cn_def__INTERSECT__en_def_translated_cn_def,0.2720876708626747,0.37802441790699953,en_def_translated_cn_def
qwen3_4b_2560d_int8,黑,10,0.10694351233541961,0.15471437303349375,0.6118034839630127,0.43503611981868745,zh_char,cn_def,zh_char__INTERSECT__cn_def__INTERSECT__en_def_translated_cn_def,0.14332430101931093,0.4717706948518753,en_def_translated_cn_def
qwen3_4b_2560d_int8,齒,8,0.42534514982253313,0.21313983760774133,0.5839056819677353,0.3913877923041582,zh_char,cn_def,zh_char__INTERSECT__cn_def__INTERSECT__en_def_translated_cn_def,0.19814991508610544,0.3952187541872263,en_def_translated_cn_def
qwen3_4b_2560d_int8,𧾷,48,0.39287536358460784,0.2702684723772108,0.6622786950320005,0.43870399457712966,zh_char,cn_def,zh_char__INTERSECT__cn_def__INTERSECT__en_def_translated_cn_def,0.2124336642057945,0.41428559583922225,en_def_translated_cn_def
