model,channel,relation_class,n_edges,n_anchor_families,within_relation_family_offset_cosine,n_heldout_test_edges,n_heldout_test_edges_ge5,n_heldout_test_edges_ge8,mean_heldout_offset_prototype_cosine,mean_heldout_offset_prototype_cosine_ge5,mean_heldout_offset_prototype_cosine_ge8,forward_n,forward_recall_at_1,forward_recall_at_5,forward_recall_at_10,forward_mrr,forward_median_rank,inverse_n,inverse_recall_at_1,inverse_recall_at_5,inverse_recall_at_10,inverse_mrr,inverse_median_rank
bge_m3_1024d,cn_def,㐬,1,1,,0,0,0,,,,0,,,,,,0,,,,,
bge_m3_1024d,cn_def,㔾,1,1,,0,0,0,,,,0,,,,,,0,,,,,
bge_m3_1024d,cn_def,㝱,2,2,0.2910691499710083,0,0,0,,,,0,,,,,,0,,,,,
bge_m3_1024d,cn_def,㣺,2,2,-0.0493481159210205,0,0,0,,,,0,,,,,,0,,,,,
bge_m3_1024d,cn_def,㫃,7,7,0.101342499256134,7,7,0,0.2058520636388233,0.2058520636388233,,7,0.0,0.0,0.0,0.0098877537218204,561.0,7,0.0,0.0,0.0,0.0047348685341678,672.0
bge_m3_1024d,cn_def,㹜,1,1,,0,0,0,,,,0,,,,,,0,,,,,
bge_m3_1024d,cn_def,㾜,1,1,,0,0,0,,,,0,,,,,,0,,,,,
bge_m3_1024d,cn_def,䀠,1,1,,0,0,0,,,,0,,,,,,0,,,,,
bge_m3_1024d,cn_def,䖵,3,3,-0.0158236026763916,0,0,0,,,,0,,,,,,0,,,,,
bge_m3_1024d,cn_def,一,3,3,0.0253874454647302,0,0,0,,,,0,,,,,,0,,,,,
bge_m3_1024d,cn_def,乑,1,1,,0,0,0,,,,0,,,,,,0,,,,,
bge_m3_1024d,cn_def,乙,3,3,-0.0123971300199627,0,0,0,,,,0,,,,,,0,,,,,
bge_m3_1024d,cn_def,二,2,2,-0.119978129863739,0,0,0,,,,0,,,,,,0,,,,,
bge_m3_1024d,cn_def,京,1,1,,0,0,0,,,,0,,,,,,0,,,,,
bge_m3_1024d,cn_def,人,1,1,,0,0,0,,,,0,,,,,,0,,,,,
bge_m3_1024d,cn_def,亻,138,127,0.0049521005712449,138,138,138,0.0438864189318205,0.0438864189318205,0.0438864189318205,138,0.0072463768115942,0.0289855072463768,0.036231884057971,0.0189215245773352,1614.5,138,0.0144927536231884,0.036231884057971,0.0652173913043478,0.031779778212219,422.5
bge_m3_1024d,cn_def,儿,2,2,0.023756980895996,0,0,0,,,,0,,,,,,0,,,,,
bge_m3_1024d,cn_def,光,1,1,,0,0,0,,,,0,,,,,,0,,,,,
bge_m3_1024d,cn_def,兮,1,1,,0,0,0,,,,0,,,,,,0,,,,,
bge_m3_1024d,cn_def,共,1,1,,0,0,0,,,,0,,,,,,0,,,,,
bge_m3_1024d,cn_def,冂,1,1,,0,0,0,,,,0,,,,,,0,,,,,
bge_m3_1024d,cn_def,冃,2,2,0.3452554941177368,0,0,0,,,,0,,,,,,0,,,,,
bge_m3_1024d,cn_def,冖,2,2,-0.097913384437561,0,0,0,,,,0,,,,,,0,,,,,
bge_m3_1024d,cn_def,冫,6,6,0.1008883193135261,6,6,0,0.194646301989754,0.194646301989754,,6,0.0,0.0,0.0,0.0024093675910225,903.5,6,0.0,0.0,0.0,0.0022367161712777,624.0
bge_m3_1024d,cn_def,几,1,1,,0,0,0,,,,0,,,,,,0,,,,,
bge_m3_1024d,cn_def,刀,3,3,0.2457508295774459,0,0,0,,,,0,,,,,,0,,,,,
bge_m3_1024d,cn_def,刂,20,20,0.0644858926534652,20,20,20,0.1981922966428101,0.1981922966428101,0.1981922966428101,20,0.0,0.0,0.0,0.0099148268644659,757.5,20,0.0,0.0,0.0,0.0056700556278337,456.5
bge_m3_1024d,cn_def,力,16,16,0.0462750755250453,16,16,16,0.1432521847018506,0.1432521847018506,0.1432521847018506,16,0.0,0.0,0.0,0.0072045605784051,801.5,16,0.0,0.0,0.0,0.0074128743609851,523.0
bge_m3_1024d,cn_def,勹,3,3,0.0398468561470508,0,0,0,,,,0,,,,,,0,,,,,
bge_m3_1024d,cn_def,匕,1,1,,0,0,0,,,,0,,,,,,0,,,,,
bge_m3_1024d,cn_def,匚,5,5,0.0529234632849693,5,0,0,0.1046833090484142,,,5,0.0,0.0,0.0,0.0039730746088899,964.0,5,0.0,0.0,0.0,0.0036827797821717,504.0
bge_m3_1024d,cn_def,匸,2,2,-0.0306495428085327,0,0,0,,,,0,,,,,,0,,,,,
bge_m3_1024d,cn_def,十,1,1,,0,0,0,,,,0,,,,,,0,,,,,
bge_m3_1024d,cn_def,卂,1,1,,0,0,0,,,,0,,,,,,0,,,,,
bge_m3_1024d,cn_def,半,1,1,,0,0,0,,,,0,,,,,,0,,,,,
bge_m3_1024d,cn_def,卜,1,1,,0,0,0,,,,0,,,,,,0,,,,,
bge_m3_1024d,cn_def,卩,2,2,0.0293596982955932,0,0,0,,,,0,,,,,,0,,,,,
bge_m3_1024d,cn_def,卵,1,1,,0,0,0,,,,0,,,,,,0,,,,,
bge_m3_1024d,cn_def,厂,1,1,,0,0,0,,,,0,,,,,,0,,,,,
bge_m3_1024d,cn_def,厶,1,1,,0,0,0,,,,0,,,,,,0,,,,,
bge_m3_1024d,cn_def,又,2,2,0.08600914478302,0,0,0,,,,0,,,,,,0,,,,,
bge_m3_1024d,cn_def,口,122,114,0.0648651421070098,122,122,122,0.2331791249233618,0.2331791249233618,0.2331791249233618,122,0.0,0.0081967213114754,0.0081967213114754,0.0065502567422505,1118.5,122,0.0163934426229508,0.0327868852459016,0.0327868852459016,0.0296701592847575,480.5
bge_m3_1024d,cn_def,向,1,1,,0,0,0,,,,0,,,,,,0,,,,,
bge_m3_1024d,cn_def,喜,1,1,,0,0,0,,,,0,,,,,,0,,,,,
bge_m3_1024d,cn_def,囗,10,10,0.0485947728157043,10,10,10,0.12618222925812,0.12618222925812,0.12618222925812,10,0.0,0.0,0.0,0.0052109239105913,1295.5,10,0.0,0.0,0.0,0.0059496384590874,513.0
bge_m3_1024d,cn_def,土,66,66,0.0429440476000309,66,66,66,0.1805317632741097,0.1805317632741097,0.1805317632741097,66,0.0,0.0151515151515151,0.0151515151515151,0.010450929751833,869.5,66,0.0151515151515151,0.0303030303030303,0.0303030303030303,0.0297521067418097,458.5
bge_m3_1024d,cn_def,壬,1,1,,0,0,0,,,,0,,,,,,0,,,,,
bge_m3_1024d,cn_def,壴,1,1,,0,0,0,,,,0,,,,,,0,,,,,
bge_m3_1024d,cn_def,夂,1,1,,0,0,0,,,,0,,,,,,0,,,,,
bge_m3_1024d,cn_def,夕,1,1,,0,0,0,,,,0,,,,,,0,,,,,
bge_m3_1024d,cn_def,多,1,1,,0,0,0,,,,0,,,,,,0,,,,,
bge_m3_1024d,cn_def,大,4,4,0.0672734603285789,4,0,0,0.1083838008344173,,,4,0.0,0.0,0.0,0.0061377295455496,864.5,4,0.0,0.0,0.0,0.044030065289656,30.0
bge_m3_1024d,cn_def,夭,1,1,,0,0,0,,,,0,,,,,,0,,,,,
bge_m3_1024d,cn_def,夸,1,1,,0,0,0,,,,0,,,,,,0,,,,,
bge_m3_1024d,cn_def,女,69,69,0.0427887327969074,69,69,69,0.1802660612848358,0.1802660612848358,0.1802660612848358,69,0.0,0.0,0.0,0.0054877164556643,1542.0,69,0.0,0.0289855072463768,0.0434782608695652,0.0172857121076354,515.0
bge_m3_1024d,cn_def,子,6,6,0.1131334975361824,6,6,0,0.2192550559993833,0.2192550559993833,,6,0.0,0.0,0.0,0.0189352321691897,255.0,6,0.0,0.0,0.0,0.0044221735024174,883.0
bge_m3_1024d,cn_def,學,1,1,,0,0,0,,,,0,,,,,,0,,,,,
bge_m3_1024d,cn_def,宀,20,20,0.0524074658751487,20,20,20,0.1656947174342349,0.1656947174342349,0.1656947174342349,20,0.0,0.0,0.0,0.0027495090654475,1973.0,20,0.0,0.0,0.0,0.0052090319518741,412.5
bge_m3_1024d,cn_def,寸,1,1,,0,0,0,,,,0,,,,,,0,,,,,
bge_m3_1024d,cn_def,尢,1,1,,0,0,0,,,,0,,,,,,0,,,,,
bge_m3_1024d,cn_def,尸,7,7,0.0127103440463542,7,7,0,0.0284071628536496,0.0284071628536496,,7,0.0,0.0,0.0,0.0005146509508482,4390.0,7,0.0,0.0,0.0,0.0031841731708127,637.0
bge_m3_1024d,cn_def,尺,1,1,,0,0,0,,,,0,,,,,,0,,,,,
bge_m3_1024d,cn_def,履,2,2,0.2541501522064209,0,0,0,,,,0,,,,,,0,,,,,
bge_m3_1024d,cn_def,山,38,38,0.0773378387093544,38,38,38,0.2437467328517844,0.2437467328517844,0.2437467328517844,38,0.0,0.0,0.0,0.0093374895678522,511.5,38,0.0,0.0,0.0263157894736842,0.010142593960851,371.0
bge_m3_1024d,cn_def,工,1,1,,0,0,0,,,,0,,,,,,0,,,,,
bge_m3_1024d,cn_def,巾,22,22,0.0626774281263351,22,22,22,0.1930744180625135,0.1930744180625135,0.1930744180625135,22,0.0,0.0,0.0,0.0051853915220215,857.0,22,0.0,0.0454545454545454,0.0454545454545454,0.0197770651855993,600.0
bge_m3_1024d,cn_def,幺,1,1,,0,0,0,,,,0,,,,,,0,,,,,
bge_m3_1024d,cn_def,广,25,25,0.0395164489746093,25,25,25,0.1436798844859004,0.1436798844859004,0.1436798844859004,25,0.0,0.0,0.0,0.0036784551556408,1321.0,25,0.0,0.0,0.0,0.0086070738949427,403.0
bge_m3_1024d,cn_def,庚,1,1,,0,0,0,,,,0,,,,,,0,,,,,
bge_m3_1024d,cn_def,廾,1,1,,0,0,0,,,,0,,,,,,0,,,,,
bge_m3_1024d,cn_def,弓,9,9,0.0215528812259435,9,9,9,0.0661692533435093,0.0661692533435093,0.0661692533435093,9,0.0,0.0,0.0,0.0007902702250807,1476.0,9,0.0,0.0,0.0,0.002609371890248,689.0
bge_m3_1024d,cn_def,彡,6,6,0.034255601465702,6,6,0,0.0762773457293709,0.0762773457293709,,6,0.0,0.1666666666666666,0.1666666666666666,0.0358282140980408,691.0,6,0.0,0.0,0.0,0.0073838846335605,370.0
bge_m3_1024d,cn_def,彳,14,14,0.0425533466041088,14,14,14,0.1301480950787663,0.1301480950787663,0.1301480950787663,14,0.0,0.0714285714285714,0.0714285714285714,0.0312586092083097,1250.5,14,0.0,0.0714285714285714,0.0714285714285714,0.0395335521941117,682.5
bge_m3_1024d,cn_def,微,1,1,,0,0,0,,,,0,,,,,,0,,,,,
bge_m3_1024d,cn_def,心,46,44,0.0560483708977699,46,46,46,0.1983952118569742,0.1983952118569742,0.1983952118569742,46,0.0434782608695652,0.0434782608695652,0.0434782608695652,0.0469493814923623,719.5,46,0.0217391304347826,0.0652173913043478,0.0869565217391304,0.0440262442166483,410.0
bge_m3_1024d,cn_def,忄,80,80,0.0716373473405838,80,80,80,0.2490902026183903,0.2490902026183903,0.2490902026183903,80,0.0,0.0375,0.0375,0.0182679106382672,682.5,80,0.0125,0.025,0.025,0.0234161317499626,590.0
bge_m3_1024d,cn_def,恣,1,1,,0,0,0,,,,0,,,,,,0,,,,,
bge_m3_1024d,cn_def,戈,6,6,0.0478039756417274,6,6,0,0.1038682370757063,0.1038682370757063,,6,0.0,0.0,0.0,0.0027606236759554,1445.0,6,0.0,0.0,0.0,0.0060138395622452,608.5
bge_m3_1024d,cn_def,戊,2,2,-0.3059908151626587,0,0,0,,,,0,,,,,,0,,,,,
bge_m3_1024d,cn_def,戶,2,2,0.0293320417404174,0,0,0,,,,0,,,,,,0,,,,,
bge_m3_1024d,cn_def,手,7,7,0.1003368720412254,7,7,0,0.2019094569342477,0.2019094569342477,,7,0.0,0.0,0.0,0.0069201144352872,241.0,7,0.0,0.0,0.0,0.0041984834884694,483.0
bge_m3_1024d,cn_def,扌,145,139,0.0595937296748161,145,145,145,0.2279370612753876,0.2279370612753876,0.2279370612753876,145,0.0068965517241379,0.0137931034482758,0.0137931034482758,0.0147091474347228,962.0,145,0.0206896551724137,0.0344827586206896,0.0413793103448275,0.0297445083067043,450.0
bge_m3_1024d,cn_def,攴,1,1,,0,0,0,,,,0,,,,,,0,,,,,
bge_m3_1024d,cn_def,攵,14,14,0.0257317889481782,14,14,14,0.0846152006914573,0.0846152006914573,0.0846152006914573,14,0.0,0.0,0.0,0.0012581812349255,1273.0,14,0.0,0.0,0.0,0.004961264066093,655.0
bge_m3_1024d,cn_def,敕,1,1,,0,0,0,,,,0,,,,,,0,,,,,
bge_m3_1024d,cn_def,文,1,1,,0,0,0,,,,0,,,,,,0,,,,,
bge_m3_1024d,cn_def,斗,5,5,-0.0061822654679417,5,0,0,-0.0116296993568539,,,5,0.0,0.0,0.0,0.0006528192089493,1407.0,5,0.0,0.0,0.0,0.0019259788187555,460.0
bge_m3_1024d,cn_def,斤,4,4,0.0745038166642189,4,0,0,0.1312461756169796,,,4,0.0,0.0,0.0,0.0025862614311206,376.5,4,0.0,0.0,0.0,0.0192487939339222,499.5
bge_m3_1024d,cn_def,日,45,43,0.0627177879214286,45,45,45,0.2169947268441319,0.2169947268441319,0.2169947268441319,45,0.0,0.0222222222222222,0.0444444444444444,0.0217859231716494,283.0,45,0.0222222222222222,0.0444444444444444,0.0666666666666666,0.041672399231541,311.0
bge_m3_1024d,cn_def,旨,1,1,,0,0,0,,,,0,,,,,,0,,,,,
bge_m3_1024d,cn_def,是,1,1,,0,0,0,,,,0,,,,,,0,,,,,
bge_m3_1024d,cn_def,曰,1,1,,0,0,0,,,,0,,,,,,0,,,,,
bge_m3_1024d,cn_def,月,4,4,0.1795170754194259,4,0,0,0.2728829942643642,,,4,0.0,0.0,0.0,0.0327355320118478,40.5,4,0.0,0.0,0.0,0.0058373591031803,401.0
bge_m3_1024d,cn_def,木,146,140,0.0723966285586357,146,146,146,0.2567362862843255,0.2567362862843255,0.2567362862843255,146,0.0068493150684931,0.0136986301369863,0.0205479452054794,0.012166477906284,1318.5,146,0.0,0.0205479452054794,0.0273972602739726,0.0161879688148634,430.0
bge_m3_1024d,cn_def,林,4,4,-0.0629935041069984,4,0,0,-0.1138645112514495,,,4,0.0,0.0,0.0,0.0004255212322955,4303.5,4,0.0,0.0,0.0,0.0019721273088902,756.5
bge_m3_1024d,cn_def,欠,14,14,0.0202144589275121,14,14,14,0.0817155063684497,0.0817155063684497,0.0817155063684497,14,0.0714285714285714,0.0714285714285714,0.0714285714285714,0.0734827450783939,1376.0,14,0.0714285714285714,0.1428571428571428,0.1428571428571428,0.1109339064071439,416.5
bge_m3_1024d,cn_def,止,1,1,,0,0,0,,,,0,,,,,,0,,,,,
bge_m3_1024d,cn_def,步,1,1,,0,0,0,,,,0,,,,,,0,,,,,
bge_m3_1024d,cn_def,歹,11,11,0.116005964577198,11,11,11,0.2594965168020942,0.2594965168020942,0.2594965168020942,11,0.0,0.0,0.0,0.0170730549500394,857.0,11,0.0,0.0,0.0,0.0030332588344271,412.0
bge_m3_1024d,cn_def,死,1,1,,0,0,0,,,,0,,,,,,0,,,,,
bge_m3_1024d,cn_def,殳,2,2,-0.1162652373313903,0,0,0,,,,0,,,,,,0,,,,,
bge_m3_1024d,cn_def,比,1,1,,0,0,0,,,,0,,,,,,0,,,,,
bge_m3_1024d,cn_def,毛,5,5,0.0804808586835861,5,0,0,0.148543457686901,,,5,0.0,0.0,0.0,0.0011987508748786,1347.0,5,0.0,0.0,0.0,0.0041533309393948,220.0
bge_m3_1024d,cn_def,民,1,1,,0,0,0,,,,0,,,,,,0,,,,,
bge_m3_1024d,cn_def,气,2,2,0.0613353252410888,0,0,0,,,,0,,,,,,0,,,,,
bge_m3_1024d,cn_def,水,4,4,0.0259764585644006,4,0,0,0.0470387730747461,,,4,0.0,0.0,0.0,0.0003038301609999,3700.0,4,0.0,0.0,0.0,0.0017675548257565,574.5
bge_m3_1024d,cn_def,氵,198,186,0.061942521482706,198,198,198,0.2360703312330926,0.2360703312330926,0.2360703312330926,198,0.0101010101010101,0.0101010101010101,0.0101010101010101,0.013828635954593,1180.0,198,0.0151515151515151,0.0202020202020202,0.0202020202020202,0.0218770183361457,489.0
bge_m3_1024d,cn_def,火,36,35,0.076031856238842,36,36,36,0.2382201036024424,0.2382201036024424,0.2382201036024424,36,0.0277777777777777,0.1111111111111111,0.1111111111111111,0.0687908456936854,557.5,36,0.0833333333333333,0.1111111111111111,0.1111111111111111,0.1029789956438392,384.5
bge_m3_1024d,cn_def,灬,2,2,-0.0600765943527221,0,0,0,,,,0,,,,,,0,,,,,
bge_m3_1024d,cn_def,爪,1,1,,0,0,0,,,,0,,,,,,0,,,,,
bge_m3_1024d,cn_def,爭,1,1,,0,0,0,,,,0,,,,,,0,,,,,
bge_m3_1024d,cn_def,父,1,1,,0,0,0,,,,0,,,,,,0,,,,,
bge_m3_1024d,cn_def,爿,1,1,,0,0,0,,,,0,,,,,,0,,,,,
bge_m3_1024d,cn_def,片,2,2,0.1859487295150756,0,0,0,,,,0,,,,,,0,,,,,
bge_m3_1024d,cn_def,牛,1,1,,0,0,0,,,,0,,,,,,0,,,,,
bge_m3_1024d,cn_def,牜,10,10,0.0179810412228107,10,10,10,0.0548652742058038,0.0548652742058038,0.0548652742058038,10,0.0,0.0,0.0,0.0096678411613392,2970.5,10,0.0,0.0,0.0,0.0042727044594539,884.5
bge_m3_1024d,cn_def,犬,4,4,0.0008430480957031,4,0,0,0.0026293634437024,,,4,0.0,0.0,0.0,0.0117100163563727,523.0,4,0.0,0.0,0.25,0.0333030176545309,352.0
bge_m3_1024d,cn_def,犭,28,28,0.0358692556619644,28,28,28,0.1379603104599352,0.1379603104599352,0.1379603104599352,28,0.0,0.0,0.0,0.0012813657605946,1703.5,28,0.0,0.0357142857142857,0.0357142857142857,0.0145534064675651,490.5
bge_m3_1024d,cn_def,玉,2,2,0.057052731513977,0,0,0,,,,0,,,,,,0,,,,,
bge_m3_1024d,cn_def,王,46,45,0.0932658314704895,46,46,46,0.2761270302934977,0.2761270302934977,0.2761270302934977,46,0.0,0.0,0.0,0.0088011080580626,431.0,46,0.0,0.0,0.0217391304347826,0.0124234623435273,485.0
bge_m3_1024d,cn_def,瓜,2,2,0.1282027959823608,0,0,0,,,,0,,,,,,0,,,,,
bge_m3_1024d,cn_def,瓦,4,4,0.2629489004611969,4,0,0,0.3699339851737022,,,4,0.0,0.0,0.0,0.0218830934323892,57.0,4,0.0,0.0,0.0,0.0071240782084447,165.5
bge_m3_1024d,cn_def,田,10,10,0.0567219108343124,10,10,10,0.1452243538573384,0.1452243538573384,0.1452243538573384,10,0.0,0.1,0.1,0.0260354059077102,1168.5,10,0.0,0.1,0.1,0.0364073103848845,492.0
bge_m3_1024d,cn_def,男,2,2,0.2803742885589599,0,0,0,,,,0,,,,,,0,,,,,
bge_m3_1024d,cn_def,畢,1,1,,0,0,0,,,,0,,,,,,0,,,,,
bge_m3_1024d,cn_def,疒,48,47,0.1099877804517746,48,48,48,0.3061614479714383,0.3061614479714383,0.3061614479714383,48,0.0,0.0208333333333333,0.0208333333333333,0.0104109261147861,544.0,48,0.0208333333333333,0.0416666666666666,0.0416666666666666,0.0344837899515131,397.5
bge_m3_1024d,cn_def,癶,1,1,,0,0,0,,,,0,,,,,,0,,,,,
bge_m3_1024d,cn_def,白,7,7,0.0846317857503891,7,7,0,0.1846135652491024,0.1846135652491024,,7,0.0,0.0,0.0,0.015326405713187,77.0,7,0.0,0.0,0.0,0.0021272617689951,624.0
bge_m3_1024d,cn_def,皮,3,3,0.1818243712186813,0,0,0,,,,0,,,,,,0,,,,,
bge_m3_1024d,cn_def,皿,9,9,0.1255273073911667,9,9,9,0.2742427620622847,0.2742427620622847,0.2742427620622847,9,0.0,0.1111111111111111,0.1111111111111111,0.0631803307983434,999.0,9,0.0,0.0,0.0,0.0031854594455018,353.0
bge_m3_1024d,cn_def,目,32,32,0.1155018657445907,32,32,32,0.3058346109464764,0.3058346109464764,0.3058346109464764,32,0.0,0.03125,0.09375,0.0220156576158539,205.5,32,0.0,0.0,0.0,0.0087279230961745,547.0
bge_m3_1024d,cn_def,矛,1,1,,0,0,0,,,,0,,,,,,0,,,,,
bge_m3_1024d,cn_def,矢,4,4,0.0182626638561487,4,0,0,0.0358400642871856,,,4,0.0,0.0,0.0,0.0008058992055036,1735.5,4,0.0,0.0,0.0,0.0026371500626251,578.5
bge_m3_1024d,cn_def,石,40,39,0.0684486031532287,40,40,40,0.220316994190216,0.220316994190216,0.220316994190216,40,0.0,0.0,0.0,0.0052581617269279,1437.5,40,0.0,0.025,0.025,0.0131881982744733,432.5
bge_m3_1024d,cn_def,示,5,5,0.0215628631412982,5,0,0,0.0470008194446563,,,5,0.0,0.0,0.0,0.0006699752768527,2827.0,5,0.0,0.0,0.0,0.0041384901643801,228.0
bge_m3_1024d,cn_def,礻,20,20,0.0760738402605056,20,20,20,0.2193775496911257,0.2193775496911257,0.2193775496911257,20,0.0,0.05,0.05,0.02444516932148,244.5,20,0.0,0.05,0.1,0.0247317718047801,414.0
bge_m3_1024d,cn_def,禾,25,25,0.0395696908235549,25,25,25,0.1440796072408557,0.1440796072408557,0.1440796072408557,25,0.0,0.0,0.04,0.0069924141646949,1888.0,25,0.0,0.04,0.04,0.0138222536156475,443.0
bge_m3_1024d,cn_def,穴,17,17,0.0295680332928895,17,17,17,0.0977105491739862,0.0977105491739862,0.0977105491739862,17,0.0,0.0,0.0,0.0011204197270068,1461.0,17,0.0,0.0,0.0,0.0035888976197936,520.0
bge_m3_1024d,cn_def,立,4,4,0.0283763408660888,4,0,0,0.0523152209352701,,,4,0.0,0.0,0.0,0.0012032122766507,1387.0,4,0.0,0.0,0.0,0.0048971374037263,260.5
bge_m3_1024d,cn_def,竹,63,61,0.0864792764186859,63,63,63,0.2720295973861265,0.2720295973861265,0.2720295973861265,63,0.0158730158730158,0.0317460317460317,0.0476190476190476,0.0304144238288021,1138.0,63,0.0317460317460317,0.0317460317460317,0.0476190476190476,0.0388057805642181,415.0
bge_m3_1024d,cn_def,箕,1,1,,0,0,0,,,,0,,,,,,0,,,,,
bge_m3_1024d,cn_def,米,17,17,0.0918411761522293,17,17,17,0.2410445748006596,0.2410445748006596,0.2410445748006596,17,0.0,0.0,0.0,0.0042903799931995,1117.0,17,0.0,0.0,0.0,0.0024710543912702,646.0
bge_m3_1024d,cn_def,糸,99,98,0.0539203695952892,99,99,99,0.2150097916636503,0.2150097916636503,0.2150097916636503,99,0.0101010101010101,0.0101010101010101,0.0202020202020202,0.0139611103227238,1303.0,99,0.0101010101010101,0.0202020202020202,0.0202020202020202,0.0180588761348788,417.0
bge_m3_1024d,cn_def,縣,1,1,,0,0,0,,,,0,,,,,,0,,,,,
bge_m3_1024d,cn_def,缶,1,1,,0,0,0,,,,0,,,,,,0,,,,,
bge_m3_1024d,cn_def,网,1,1,,0,0,0,,,,0,,,,,,0,,,,,
bge_m3_1024d,cn_def,羊,3,3,0.0681382790207862,0,0,0,,,,0,,,,,,0,,,,,
bge_m3_1024d,cn_def,羽,14,14,0.0265334825962781,14,14,14,0.0929504436706858,0.0929504436706858,0.0929504436706858,14,0.0,0.0,0.0,0.0038405858855753,1816.0,14,0.0,0.0,0.0,0.0047606876603167,429.5
bge_m3_1024d,cn_def,習,1,1,,0,0,0,,,,0,,,,,,0,,,,,
bge_m3_1024d,cn_def,老,3,3,0.2112850397825241,0,0,0,,,,0,,,,,,0,,,,,
bge_m3_1024d,cn_def,耒,6,6,0.0374688953161239,6,6,0,0.0789526297400395,0.0789526297400395,,6,0.0,0.0,0.0,0.0022030821760162,1997.0,6,0.0,0.0,0.0,0.0018430218163123,838.5
bge_m3_1024d,cn_def,耳,6,6,0.035377774387598,6,6,0,0.0781911173835396,0.0781911173835396,,6,0.0,0.0,0.0,0.0054993170654677,3067.5,6,0.0,0.0,0.0,0.0013257425685371,696.5
bge_m3_1024d,cn_def,肉,73,70,0.078171856701374,73,73,73,0.2556545521732267,0.2556545521732267,0.2556545521732267,73,0.0,0.0,0.0136986301369863,0.0050312811902832,784.0,73,0.0136986301369863,0.0136986301369863,0.0136986301369863,0.0201061905259572,541.0
bge_m3_1024d,cn_def,臣,1,1,,0,0,0,,,,0,,,,,,0,,,,,
bge_m3_1024d,cn_def,臤,1,1,,0,0,0,,,,0,,,,,,0,,,,,
bge_m3_1024d,cn_def,臥,1,1,,0,0,0,,,,0,,,,,,0,,,,,
bge_m3_1024d,cn_def,自,1,1,,0,0,0,,,,0,,,,,,0,,,,,
bge_m3_1024d,cn_def,至,2,2,0.443828821182251,0,0,0,,,,0,,,,,,0,,,,,
bge_m3_1024d,cn_def,舌,1,1,,0,0,0,,,,0,,,,,,0,,,,,
bge_m3_1024d,cn_def,舟,12,12,0.1537038385868072,12,12,12,0.3208042501161496,0.3208042501161496,0.3208042501161496,12,0.0833333333333333,0.0833333333333333,0.1666666666666666,0.0992148968599314,90.0,12,0.0833333333333333,0.0833333333333333,0.0833333333333333,0.0863831158636031,404.5
bge_m3_1024d,cn_def,艹,161,151,0.0861952751874923,161,161,161,0.2760591990725131,0.2760591990725131,0.2760591990725131,161,0.0124223602484472,0.0124223602484472,0.0186335403726708,0.0155096142536488,1179.0,161,0.0124223602484472,0.031055900621118,0.031055900621118,0.0225848082361326,464.0
bge_m3_1024d,cn_def,蕇,1,1,,0,0,0,,,,0,,,,,,0,,,,,
bge_m3_1024d,cn_def,虍,2,2,0.0330486297607421,0,0,0,,,,0,,,,,,0,,,,,
bge_m3_1024d,cn_def,虫,79,77,0.1346760094165802,79,79,79,0.3505116426209105,0.3505116426209105,0.3505116426209105,79,0.0,0.0,0.0126582278481012,0.0081429664335863,911.0,79,0.0,0.0126582278481012,0.0126582278481012,0.010770200724118,435.0
bge_m3_1024d,cn_def,血,1,1,,0,0,0,,,,0,,,,,,0,,,,,
bge_m3_1024d,cn_def,行,5,5,0.0174968484789133,5,0,0,0.0341705705970525,,,5,0.0,0.0,0.0,0.000435626344886,2075.0,5,0.0,0.0,0.0,0.0012059524541955,844.0
bge_m3_1024d,cn_def,衣,11,11,0.0626736357808113,11,11,11,0.1666666723110459,0.1666666723110459,0.1666666723110459,11,0.0,0.0,0.0,0.0009366563987906,1549.0,11,0.0,0.0,0.0,0.0022341807455512,596.0
bge_m3_1024d,cn_def,衤,34,34,0.0949122533202171,34,34,34,0.2752325047245797,0.2752325047245797,0.2752325047245797,34,0.0,0.0,0.0,0.0063347619639679,517.5,34,0.0,0.0,0.0,0.0025780454146261,467.5
bge_m3_1024d,cn_def,襾,1,1,,0,0,0,,,,0,,,,,,0,,,,,
bge_m3_1024d,cn_def,見,4,4,0.1001050472259521,4,0,0,0.152684835717082,,,4,0.0,0.25,0.25,0.0651776808883113,58.5,4,0.0,0.0,0.0,0.0040718042479147,351.5
bge_m3_1024d,cn_def,角,2,2,0.0475915670394897,0,0,0,,,,0,,,,,,0,,,,,
bge_m3_1024d,cn_def,言,98,96,0.040043156594038,98,98,98,0.1787242674629907,0.1787242674629907,0.1787242674629907,98,0.0,0.010204081632653,0.0204081632653061,0.0095627664507758,941.5,98,0.0306122448979591,0.0408163265306122,0.0408163265306122,0.0399513508524461,434.0
bge_m3_1024d,cn_def,谷,2,2,0.1262378692626953,0,0,0,,,,0,,,,,,0,,,,,
bge_m3_1024d,cn_def,豆,2,2,0.2244153022766113,0,0,0,,,,0,,,,,,0,,,,,
bge_m3_1024d,cn_def,豕,1,1,,0,0,0,,,,0,,,,,,0,,,,,
bge_m3_1024d,cn_def,象,1,1,,0,0,0,,,,0,,,,,,0,,,,,
bge_m3_1024d,cn_def,豸,7,7,0.222534954547882,7,7,0,0.3829521345240729,0.3829521345240729,,7,0.0,0.0,0.1428571428571428,0.0386687503412106,84.0,7,0.0,0.0,0.0,0.0056288888111419,488.0
bge_m3_1024d,cn_def,貝,30,29,0.0637915283441543,30,30,30,0.2024599683781464,0.2024599683781464,0.2024599683781464,30,0.0,0.0,0.0,0.0077731284340758,639.5,30,0.0,0.0,0.0,0.005080820445139,440.5
bge_m3_1024d,cn_def,赤,1,1,,0,0,0,,,,0,,,,,,0,,,,,
bge_m3_1024d,cn_def,走,8,8,0.0275505091995,8,8,0,0.0726670667063444,0.0726670667063444,,8,0.0,0.0,0.0,0.0014175708299317,1533.0,8,0.0,0.0,0.0,0.0037000124290765,467.5
bge_m3_1024d,cn_def,足,2,2,-0.0638537406921386,0,0,0,,,,0,,,,,,0,,,,,
bge_m3_1024d,cn_def,身,3,3,0.0945705994963646,0,0,0,,,,0,,,,,,0,,,,,
bge_m3_1024d,cn_def,車,25,25,0.0843184143304824,25,25,25,0.2460281062871217,0.2460281062871217,0.2460281062871217,25,0.0,0.0,0.0,0.0054162536968499,1182.0,25,0.0,0.0,0.04,0.0119281060961441,461.0
bge_m3_1024d,cn_def,辛,2,2,-0.0650160908699035,0,0,0,,,,0,,,,,,0,,,,,
bge_m3_1024d,cn_def,辶,52,52,0.0459117405116558,52,52,52,0.1854563699318812,0.1854563699318812,0.1854563699318812,52,0.0,0.0,0.0,0.002313443585798,1144.5,52,0.0,0.0192307692307692,0.0384615384615384,0.0108383343095611,506.0
bge_m3_1024d,cn_def,邑,1,1,,0,0,0,,,,0,,,,,,0,,,,,
bge_m3_1024d,cn_def,酉,20,20,0.062097780406475,20,20,20,0.186539510032162,0.186539510032162,0.186539510032162,20,0.0,0.0,0.0,0.006925223225912,2427.0,20,0.0,0.05,0.05,0.0126099039599953,504.0
bge_m3_1024d,cn_def,釆,2,2,-0.1346309781074524,0,0,0,,,,0,,,,,,0,,,,,
bge_m3_1024d,cn_def,里,1,1,,0,0,0,,,,0,,,,,,0,,,,,
bge_m3_1024d,cn_def,釒,88,86,0.0742939487099647,88,88,88,0.2564338211086578,0.2564338211086578,0.2564338211086578,88,0.0,0.0,0.0113636363636363,0.0065369357972177,1233.5,88,0.0,0.034090909090909,0.0568181818181818,0.0253469484507299,435.0
bge_m3_1024d,cn_def,門,20,20,0.0352434143424034,20,20,20,0.126908222399652,0.126908222399652,0.126908222399652,20,0.05,0.05,0.05,0.054642959544122,950.0,20,0.05,0.05,0.05,0.0542731282777555,618.0
bge_m3_1024d,cn_def,阝,49,48,0.0351825691759586,49,49,49,0.1548189787498238,0.1548189787498238,0.1548189787498238,49,0.0,0.0408163265306122,0.0408163265306122,0.0129195130995767,2090.0,49,0.0408163265306122,0.0408163265306122,0.0612244897959183,0.0498832920855315,519.0
bge_m3_1024d,cn_def,隹,11,11,0.0086318012326955,11,11,11,0.0294802060181444,0.0294802060181444,0.0294802060181444,11,0.0,0.0,0.0,0.0022192021018455,1763.0,11,0.0,0.0,0.0,0.005153392593711,454.0
bge_m3_1024d,cn_def,雈,1,1,,0,0,0,,,,0,,,,,,0,,,,,
bge_m3_1024d,cn_def,雨,22,22,0.0879079475998878,22,22,22,0.2477628936652433,0.2477628936652433,0.2477628936652433,22,0.0,0.0454545454545454,0.0454545454545454,0.0279298766946867,1350.5,22,0.0454545454545454,0.0454545454545454,0.0454545454545454,0.0492591740389449,494.0
bge_m3_1024d,cn_def,非,1,1,,0,0,0,,,,0,,,,,,0,,,,,
bge_m3_1024d,cn_def,面,2,2,0.1879839897155761,0,0,0,,,,0,,,,,,0,,,,,
bge_m3_1024d,cn_def,革,13,13,0.05582981929183,13,13,13,0.159176669943218,0.159176669943218,0.159176669943218,13,0.0,0.0,0.0,0.0068288228790358,1223.0,13,0.0,0.0,0.0769230769230769,0.0129200837343364,486.0
bge_m3_1024d,cn_def,韋,2,2,-0.1440958976745605,0,0,0,,,,0,,,,,,0,,,,,
bge_m3_1024d,cn_def,韮,1,1,,0,0,0,,,,0,,,,,,0,,,,,
bge_m3_1024d,cn_def,音,3,3,0.1292405128479004,0,0,0,,,,0,,,,,,0,,,,,
bge_m3_1024d,cn_def,頁,28,28,0.0251769162714481,28,28,28,0.1059147072290735,0.1059147072290735,0.1059147072290735,28,0.0,0.0,0.0,0.0040984692896868,1208.5,28,0.0,0.0,0.0,0.0036746244572255,489.0
bge_m3_1024d,cn_def,風,4,4,0.1181775331497192,4,0,0,0.2028805576264858,,,4,0.0,0.0,0.0,0.000752307545316,1689.0,4,0.0,0.0,0.0,0.0020589921493311,726.5
bge_m3_1024d,cn_def,食,4,4,0.0075974464416503,4,0,0,0.0178062175400555,,,4,0.0,0.0,0.0,0.0006899052717762,2005.5,4,0.0,0.0,0.0,0.0017184594263659,571.5
bge_m3_1024d,cn_def,飠,22,22,0.0824397727847099,22,22,22,0.2336057525297457,0.2336057525297457,0.2336057525297457,22,0.0,0.0,0.0,0.0052382914350812,1057.5,22,0.0,0.0,0.0,0.006471127152238,362.5
bge_m3_1024d,cn_def,首,2,2,0.0099422931671142,0,0,0,,,,0,,,,,,0,,,,,
bge_m3_1024d,cn_def,馬,35,35,0.0783174037933349,35,35,35,0.2454816743731498,0.2454816743731498,0.2454816743731498,35,0.0,0.0,0.0,0.0048761189479151,760.0,35,0.0,0.0285714285714285,0.0285714285714285,0.0096394971583568,368.0
bge_m3_1024d,cn_def,骨,6,6,0.1762725859880447,6,6,0,0.3039761756857236,0.3039761756857236,,6,0.0,0.1666666666666666,0.1666666666666666,0.0999122198605902,374.0,6,0.0,0.0,0.0,0.0016116419060157,618.5
bge_m3_1024d,cn_def,高,1,1,,0,0,0,,,,0,,,,,,0,,,,,
bge_m3_1024d,cn_def,髟,11,11,0.0803966894745826,11,11,11,0.2026204517619176,0.2026204517619176,0.2026204517619176,11,0.0,0.0,0.0909090909090909,0.0171036612033188,1732.0,11,0.0,0.0,0.0,0.0021554902286093,622.0
bge_m3_1024d,cn_def,鬥,3,3,0.1039423942565918,0,0,0,,,,0,,,,,,0,,,,,
bge_m3_1024d,cn_def,鬼,9,9,0.0680757090449333,9,9,9,0.1602951221995883,0.1602951221995883,0.1602951221995883,9,0.0,0.0,0.0,0.0024491263550254,978.0,9,0.0,0.0,0.0,0.002109878157376,768.0
bge_m3_1024d,cn_def,魚,20,20,0.2400191873311996,20,20,20,0.4555417157709598,0.4555417157709598,0.4555417157709598,20,0.0,0.05,0.15,0.0473825491458919,38.5,20,0.0,0.0,0.05,0.0127754968911869,425.5
bge_m3_1024d,cn_def,鳥,27,27,0.2154379934072494,27,27,27,0.4368941146466467,0.4368941146466467,0.4368941146466467,27,0.074074074074074,0.074074074074074,0.1851851851851851,0.0980092384319273,92.0,27,0.0,0.0,0.0,0.0045378074967644,531.0
bge_m3_1024d,cn_def,鹵,3,3,0.2096980363130569,0,0,0,,,,0,,,,,,0,,,,,
bge_m3_1024d,cn_def,鹿,4,4,0.1545775681734085,4,0,0,0.2389135453850031,,,4,0.0,0.0,0.0,0.0064541574609233,225.5,4,0.0,0.0,0.0,0.0018304675907642,626.0
bge_m3_1024d,cn_def,麥,2,2,0.2499022483825683,0,0,0,,,,0,,,,,,0,,,,,
bge_m3_1024d,cn_def,麻,1,1,,0,0,0,,,,0,,,,,,0,,,,,
bge_m3_1024d,cn_def,黍,1,1,,0,0,0,,,,0,,,,,,0,,,,,
bge_m3_1024d,cn_def,黑,10,10,0.0643910095095634,10,10,10,0.1665496481582522,0.1665496481582522,0.1665496481582522,10,0.0,0.0,0.0,0.0032667124460743,1100.5,10,0.0,0.0,0.0,0.0052315202123757,294.5
bge_m3_1024d,cn_def,黹,1,1,,0,0,0,,,,0,,,,,,0,,,,,
bge_m3_1024d,cn_def,黽,1,1,,0,0,0,,,,0,,,,,,0,,,,,
bge_m3_1024d,cn_def,鼎,1,1,,0,0,0,,,,0,,,,,,0,,,,,
bge_m3_1024d,cn_def,鼓,2,2,0.2741358280181885,0,0,0,,,,0,,,,,,0,,,,,
bge_m3_1024d,cn_def,鼠,1,1,,0,0,0,,,,0,,,,,,0,,,,,
bge_m3_1024d,cn_def,鼻,1,1,,0,0,0,,,,0,,,,,,0,,,,,
bge_m3_1024d,cn_def,齒,8,7,0.1401235908269882,8,8,0,0.2540732761844992,0.2540732761844992,,8,0.0,0.0,0.0,0.0174886382244846,363.5,8,0.0,0.0,0.0,0.0028432925633524,473.0
bge_m3_1024d,cn_def,龍,1,1,,0,0,0,,,,0,,,,,,0,,,,,
bge_m3_1024d,cn_def,龠,1,1,,0,0,0,,,,0,,,,,,0,,,,,
bge_m3_1024d,cn_def,𠘨,1,1,,0,0,0,,,,0,,,,,,0,,,,,
bge_m3_1024d,cn_def,𠚕,1,1,,0,0,0,,,,0,,,,,,0,,,,,
bge_m3_1024d,cn_def,𠫓,1,1,,0,0,0,,,,0,,,,,,0,,,,,
bge_m3_1024d,cn_def,𡱕,1,1,,0,0,0,,,,0,,,,,,0,,,,,
bge_m3_1024d,cn_def,𢆶,1,1,,0,0,0,,,,0,,,,,,0,,,,,
bge_m3_1024d,cn_def,𣶒,1,1,,0,0,0,,,,0,,,,,,0,,,,,
bge_m3_1024d,cn_def,𤤴,3,3,0.5897374153137207,0,0,0,,,,0,,,,,,0,,,,,
bge_m3_1024d,cn_def,𦍌,1,1,,0,0,0,,,,0,,,,,,0,,,,,
bge_m3_1024d,cn_def,𧾷,48,48,0.0847014784812927,48,48,48,0.2627536988972376,0.2627536988972376,0.2627536988972376,48,0.0,0.0416666666666666,0.0625,0.0228227660810654,667.5,48,0.0208333333333333,0.0208333333333333,0.0416666666666666,0.0299398836894376,642.5
bge_m3_1024d,en_def_translated_cn_def,㐬,1,1,,0,0,0,,,,0,,,,,,0,,,,,
bge_m3_1024d,en_def_translated_cn_def,㔾,1,1,,0,0,0,,,,0,,,,,,0,,,,,
bge_m3_1024d,en_def_translated_cn_def,㝱,2,2,0.1935176849365234,0,0,0,,,,0,,,,,,0,,,,,
bge_m3_1024d,en_def_translated_cn_def,㣺,2,2,-0.0942472219467163,0,0,0,,,,0,,,,,,0,,,,,
bge_m3_1024d,en_def_translated_cn_def,㫃,7,7,0.0956657081842422,7,7,0,0.1974516500319753,0.1974516500319753,,7,0.0,0.0,0.0,0.0022500001838857,572.0,7,0.0,0.0,0.0,0.0036393077609202,706.0
bge_m3_1024d,en_def_translated_cn_def,㹜,1,1,,0,0,0,,,,0,,,,,,0,,,,,
bge_m3_1024d,en_def_translated_cn_def,㾜,1,1,,0,0,0,,,,0,,,,,,0,,,,,
bge_m3_1024d,en_def_translated_cn_def,䀠,1,1,,0,0,0,,,,0,,,,,,0,,,,,
bge_m3_1024d,en_def_translated_cn_def,䖵,3,3,-0.00370454788208,0,0,0,,,,0,,,,,,0,,,,,
bge_m3_1024d,en_def_translated_cn_def,一,3,3,0.0791318416595459,0,0,0,,,,0,,,,,,0,,,,,
bge_m3_1024d,en_def_translated_cn_def,乑,1,1,,0,0,0,,,,0,,,,,,0,,,,,
bge_m3_1024d,en_def_translated_cn_def,乙,3,3,-0.0118590593338012,0,0,0,,,,0,,,,,,0,,,,,
bge_m3_1024d,en_def_translated_cn_def,二,2,2,-0.0734740495681762,0,0,0,,,,0,,,,,,0,,,,,
bge_m3_1024d,en_def_translated_cn_def,京,1,1,,0,0,0,,,,0,,,,,,0,,,,,
bge_m3_1024d,en_def_translated_cn_def,人,1,1,,0,0,0,,,,0,,,,,,0,,,,,
bge_m3_1024d,en_def_translated_cn_def,亻,138,127,0.004587348550558,138,138,138,0.0404957564281083,0.0404957564281083,0.0404957564281083,138,0.0072463768115942,0.0144927536231884,0.0434782608695652,0.0176824692715214,2053.5,138,0.0217391304347826,0.0507246376811594,0.0579710144927536,0.0371662455216203,441.5
bge_m3_1024d,en_def_translated_cn_def,儿,2,2,-0.0408546328544616,0,0,0,,,,0,,,,,,0,,,,,
bge_m3_1024d,en_def_translated_cn_def,光,1,1,,0,0,0,,,,0,,,,,,0,,,,,
bge_m3_1024d,en_def_translated_cn_def,兮,1,1,,0,0,0,,,,0,,,,,,0,,,,,
bge_m3_1024d,en_def_translated_cn_def,共,1,1,,0,0,0,,,,0,,,,,,0,,,,,
bge_m3_1024d,en_def_translated_cn_def,冂,1,1,,0,0,0,,,,0,,,,,,0,,,,,
bge_m3_1024d,en_def_translated_cn_def,冃,2,2,0.2366046905517578,0,0,0,,,,0,,,,,,0,,,,,
bge_m3_1024d,en_def_translated_cn_def,冖,2,2,-0.1336824893951416,0,0,0,,,,0,,,,,,0,,,,,
bge_m3_1024d,en_def_translated_cn_def,冫,6,6,0.1077354401350021,6,6,0,0.2123838147769371,0.2123838147769371,,6,0.0,0.0,0.0,0.0021661286691657,772.5,6,0.0,0.0,0.0,0.0013574382223938,722.5
bge_m3_1024d,en_def_translated_cn_def,几,1,1,,0,0,0,,,,0,,,,,,0,,,,,
bge_m3_1024d,en_def_translated_cn_def,刀,3,3,0.2314999103546142,0,0,0,,,,0,,,,,,0,,,,,
bge_m3_1024d,en_def_translated_cn_def,刂,20,20,0.0630058497190475,20,20,20,0.1953497587703168,0.1953497587703168,0.1953497587703168,20,0.0,0.0,0.0,0.0119152178073026,1152.0,20,0.0,0.0,0.0,0.0050962697562266,576.5
bge_m3_1024d,en_def_translated_cn_def,力,16,16,0.0446152687072753,16,16,16,0.1382222784450277,0.1382222784450277,0.1382222784450277,16,0.0,0.0,0.0,0.0020531529579967,628.5,16,0.0,0.0,0.0625,0.0117027923319919,546.5
bge_m3_1024d,en_def_translated_cn_def,勹,3,3,-0.044897872954607,0,0,0,,,,0,,,,,,0,,,,,
bge_m3_1024d,en_def_translated_cn_def,匕,1,1,,0,0,0,,,,0,,,,,,0,,,,,
bge_m3_1024d,en_def_translated_cn_def,匚,5,5,0.0847188979387283,5,0,0,0.1536963626742363,,,5,0.0,0.0,0.0,0.0034194013712853,907.0,5,0.0,0.0,0.0,0.0029152177176698,323.0
bge_m3_1024d,en_def_translated_cn_def,匸,2,2,-0.0881736874580383,0,0,0,,,,0,,,,,,0,,,,,
bge_m3_1024d,en_def_translated_cn_def,十,1,1,,0,0,0,,,,0,,,,,,0,,,,,
bge_m3_1024d,en_def_translated_cn_def,卂,1,1,,0,0,0,,,,0,,,,,,0,,,,,
bge_m3_1024d,en_def_translated_cn_def,半,1,1,,0,0,0,,,,0,,,,,,0,,,,,
bge_m3_1024d,en_def_translated_cn_def,卜,1,1,,0,0,0,,,,0,,,,,,0,,,,,
bge_m3_1024d,en_def_translated_cn_def,卩,2,2,-0.0563847422599792,0,0,0,,,,0,,,,,,0,,,,,
bge_m3_1024d,en_def_translated_cn_def,卵,1,1,,0,0,0,,,,0,,,,,,0,,,,,
bge_m3_1024d,en_def_translated_cn_def,厂,1,1,,0,0,0,,,,0,,,,,,0,,,,,
bge_m3_1024d,en_def_translated_cn_def,厶,1,1,,0,0,0,,,,0,,,,,,0,,,,,
bge_m3_1024d,en_def_translated_cn_def,又,2,2,0.1751607656478881,0,0,0,,,,0,,,,,,0,,,,,
bge_m3_1024d,en_def_translated_cn_def,口,122,114,0.0455283857882022,122,122,122,0.1905027451909712,0.1905027451909712,0.1905027451909712,122,0.0,0.0,0.0081967213114754,0.0044962464015651,1647.5,122,0.0081967213114754,0.0245901639344262,0.0327868852459016,0.0187382120300852,511.5
bge_m3_1024d,en_def_translated_cn_def,向,1,1,,0,0,0,,,,0,,,,,,0,,,,,
bge_m3_1024d,en_def_translated_cn_def,喜,1,1,,0,0,0,,,,0,,,,,,0,,,,,
bge_m3_1024d,en_def_translated_cn_def,囗,10,10,0.0272157676517963,10,10,10,0.0789363460615277,0.0789363460615277,0.0789363460615277,10,0.0,0.0,0.0,0.0023313004189327,1538.0,10,0.0,0.0,0.0,0.0030417668889116,525.0
bge_m3_1024d,en_def_translated_cn_def,土,66,66,0.0369709022343158,66,66,66,0.163594034246423,0.163594034246423,0.163594034246423,66,0.0151515151515151,0.0303030303030303,0.0303030303030303,0.021544086900623,1241.5,66,0.0151515151515151,0.0454545454545454,0.0606060606060606,0.0320457375743694,510.5
bge_m3_1024d,en_def_translated_cn_def,壬,1,1,,0,0,0,,,,0,,,,,,0,,,,,
bge_m3_1024d,en_def_translated_cn_def,壴,1,1,,0,0,0,,,,0,,,,,,0,,,,,
bge_m3_1024d,en_def_translated_cn_def,夂,1,1,,0,0,0,,,,0,,,,,,0,,,,,
bge_m3_1024d,en_def_translated_cn_def,夕,1,1,,0,0,0,,,,0,,,,,,0,,,,,
bge_m3_1024d,en_def_translated_cn_def,多,1,1,,0,0,0,,,,0,,,,,,0,,,,,
bge_m3_1024d,en_def_translated_cn_def,大,4,4,0.0689283981919288,4,0,0,0.114471286535263,,,4,0.0,0.0,0.0,0.0006380313497565,1590.0,4,0.0,0.0,0.0,0.0082946121109114,144.5
bge_m3_1024d,en_def_translated_cn_def,夭,1,1,,0,0,0,,,,0,,,,,,0,,,,,
bge_m3_1024d,en_def_translated_cn_def,夸,1,1,,0,0,0,,,,0,,,,,,0,,,,,
bge_m3_1024d,en_def_translated_cn_def,女,69,69,0.0369347184896469,69,69,69,0.1640718454576057,0.1640718454576057,0.1640718454576057,69,0.0,0.0,0.0,0.002710296821337,1466.0,69,0.0,0.0,0.0,0.0074672003497412,469.0
bge_m3_1024d,en_def_translated_cn_def,子,6,6,0.1342021375894546,6,6,0,0.2485975424448649,0.2485975424448649,,6,0.0,0.1666666666666666,0.1666666666666666,0.0944402453795085,426.0,6,0.0,0.0,0.0,0.0091409465501446,641.5
bge_m3_1024d,en_def_translated_cn_def,學,1,1,,0,0,0,,,,0,,,,,,0,,,,,
bge_m3_1024d,en_def_translated_cn_def,宀,20,20,0.0239245165139436,20,20,20,0.0931006497237831,0.0931006497237831,0.0931006497237831,20,0.0,0.0,0.0,0.0009025183242737,2223.0,20,0.0,0.0,0.0,0.0030523592926616,564.5
bge_m3_1024d,en_def_translated_cn_def,寸,1,1,,0,0,0,,,,0,,,,,,0,,,,,
bge_m3_1024d,en_def_translated_cn_def,尢,1,1,,0,0,0,,,,0,,,,,,0,,,,,
bge_m3_1024d,en_def_translated_cn_def,尸,7,7,0.0162779949605464,7,7,0,0.0355277636221477,0.0355277636221477,,7,0.0,0.0,0.0,0.000379780186186,4457.0,7,0.0,0.0,0.0,0.001989469617885,794.0
bge_m3_1024d,en_def_translated_cn_def,尺,1,1,,0,0,0,,,,0,,,,,,0,,,,,
bge_m3_1024d,en_def_translated_cn_def,履,2,2,0.2715638875961303,0,0,0,,,,0,,,,,,0,,,,,
bge_m3_1024d,en_def_translated_cn_def,山,38,38,0.0680690109729766,38,38,38,0.2262940952113192,0.2262940952113192,0.2262940952113192,38,0.0,0.0,0.0,0.0086821243445144,839.5,38,0.0,0.0263157894736842,0.0263157894736842,0.0093507254271858,442.0
bge_m3_1024d,en_def_translated_cn_def,工,1,1,,0,0,0,,,,0,,,,,,0,,,,,
bge_m3_1024d,en_def_translated_cn_def,巾,22,22,0.0372151955962181,22,22,22,0.130661053286696,0.130661053286696,0.130661053286696,22,0.0,0.0,0.0,0.0057417304699213,1152.5,22,0.0,0.0454545454545454,0.0909090909090909,0.0325520135784732,484.0
bge_m3_1024d,en_def_translated_cn_def,幺,1,1,,0,0,0,,,,0,,,,,,0,,,,,
bge_m3_1024d,en_def_translated_cn_def,广,25,25,0.0338333062827587,25,25,25,0.1261024679243564,0.1261024679243564,0.1261024679243564,25,0.0,0.0,0.0,0.0054158348287808,1312.0,25,0.0,0.0,0.04,0.0103077722661365,468.0
bge_m3_1024d,en_def_translated_cn_def,庚,1,1,,0,0,0,,,,0,,,,,,0,,,,,
bge_m3_1024d,en_def_translated_cn_def,廾,1,1,,0,0,0,,,,0,,,,,,0,,,,,
bge_m3_1024d,en_def_translated_cn_def,弓,9,9,0.0300875231623649,9,9,9,0.085687485937443,0.085687485937443,0.085687485937443,9,0.0,0.0,0.0,0.0006170641462397,1771.0,9,0.0,0.0,0.0,0.004916551341772,791.0
bge_m3_1024d,en_def_translated_cn_def,彡,6,6,0.01175098400563,6,6,0,0.0306645908082524,0.0306645908082524,,6,0.0,0.0,0.0,0.0021774994266354,766.5,6,0.0,0.0,0.0,0.0077429522304518,243.0
bge_m3_1024d,en_def_translated_cn_def,彳,14,14,0.0286936815828084,14,14,14,0.0949211908238274,0.0949211908238274,0.0949211908238274,14,0.0,0.0714285714285714,0.0714285714285714,0.0288196516208073,930.5,14,0.0,0.0714285714285714,0.1428571428571428,0.0452586638335923,689.5
bge_m3_1024d,en_def_translated_cn_def,微,1,1,,0,0,0,,,,0,,,,,,0,,,,,
bge_m3_1024d,en_def_translated_cn_def,心,46,44,0.0620273500680923,46,46,46,0.2111963799790195,0.2111963799790195,0.2111963799790195,46,0.0217391304347826,0.0217391304347826,0.0217391304347826,0.0240587666750363,877.5,46,0.0434782608695652,0.0434782608695652,0.0434782608695652,0.0482085160901897,472.0
bge_m3_1024d,en_def_translated_cn_def,忄,80,80,0.0711921900510788,80,80,80,0.2483276430983096,0.2483276430983096,0.2483276430983096,80,0.0,0.0125,0.025,0.0094730179162295,837.5,80,0.0,0.025,0.025,0.014419149977326,547.0
bge_m3_1024d,en_def_translated_cn_def,恣,1,1,,0,0,0,,,,0,,,,,,0,,,,,
bge_m3_1024d,en_def_translated_cn_def,戈,6,6,0.0362817458808422,6,6,0,0.0849887539322177,0.0849887539322177,,6,0.0,0.0,0.0,0.0009499316692694,1114.5,6,0.0,0.0,0.0,0.0020065394619038,714.0
bge_m3_1024d,en_def_translated_cn_def,戊,2,2,-0.2401431202888488,0,0,0,,,,0,,,,,,0,,,,,
bge_m3_1024d,en_def_translated_cn_def,戶,2,2,0.0222392082214355,0,0,0,,,,0,,,,,,0,,,,,
bge_m3_1024d,en_def_translated_cn_def,手,7,7,0.0719824954867363,7,7,0,0.1496022998222283,0.1496022998222283,,7,0.0,0.0,0.0,0.005796157961816,476.0,7,0.0,0.0,0.0,0.0029502765152251,431.0
bge_m3_1024d,en_def_translated_cn_def,扌,145,139,0.053479041904211,145,145,145,0.2167828108376727,0.2167828108376727,0.2167828108376727,145,0.0137931034482758,0.0206896551724137,0.0206896551724137,0.019316236115207,1070.0,145,0.0206896551724137,0.0344827586206896,0.0344827586206896,0.0285950982427573,451.0
bge_m3_1024d,en_def_translated_cn_def,攴,1,1,,0,0,0,,,,0,,,,,,0,,,,,
bge_m3_1024d,en_def_translated_cn_def,攵,14,14,0.0320094376802444,14,14,14,0.1048311161742146,0.1048311161742146,0.1048311161742146,14,0.0,0.0,0.0,0.0016214386007524,1290.5,14,0.0,0.0,0.0,0.0043610628987509,655.5
bge_m3_1024d,en_def_translated_cn_def,敕,1,1,,0,0,0,,,,0,,,,,,0,,,,,
bge_m3_1024d,en_def_translated_cn_def,文,1,1,,0,0,0,,,,0,,,,,,0,,,,,
bge_m3_1024d,en_def_translated_cn_def,斗,5,5,0.0056055546738207,5,0,0,0.0096326757222414,,,5,0.0,0.0,0.0,0.0019352797941401,1794.0,5,0.0,0.0,0.0,0.0016843527474781,636.0
bge_m3_1024d,en_def_translated_cn_def,斤,4,4,0.0007222493295557,4,0,0,0.0055956081487238,,,4,0.0,0.0,0.0,0.0004807102665892,2514.0,4,0.0,0.0,0.0,0.0056185452310528,367.0
bge_m3_1024d,en_def_translated_cn_def,日,45,43,0.0636623054742813,45,45,45,0.2194005261692735,0.2194005261692735,0.2194005261692735,45,0.0222222222222222,0.0666666666666666,0.0888888888888888,0.0490114405610083,705.0,45,0.0222222222222222,0.0444444444444444,0.0444444444444444,0.0349891219566401,392.0
bge_m3_1024d,en_def_translated_cn_def,旨,1,1,,0,0,0,,,,0,,,,,,0,,,,,
bge_m3_1024d,en_def_translated_cn_def,是,1,1,,0,0,0,,,,0,,,,,,0,,,,,
bge_m3_1024d,en_def_translated_cn_def,曰,1,1,,0,0,0,,,,0,,,,,,0,,,,,
bge_m3_1024d,en_def_translated_cn_def,月,4,4,0.206409141421318,4,0,0,0.3116770386695862,,,4,0.0,0.0,0.0,0.0428406523607762,28.0,4,0.0,0.0,0.0,0.0080416773985919,330.5
bge_m3_1024d,en_def_translated_cn_def,木,146,140,0.0502291917800903,146,146,146,0.2110716206665878,0.2110716206665878,0.2110716206665878,146,0.0068493150684931,0.0068493150684931,0.0136986301369863,0.0103793276369351,1438.5,146,0.0068493150684931,0.0205479452054794,0.0205479452054794,0.0185583480350848,491.5
bge_m3_1024d,en_def_translated_cn_def,林,4,4,-0.0281008277088403,4,0,0,-0.0460104807280004,,,4,0.0,0.0,0.0,0.0005881046815129,2239.5,4,0.0,0.0,0.0,0.0038693052667645,604.5
bge_m3_1024d,en_def_translated_cn_def,欠,14,14,0.0263153109699487,14,14,14,0.0884911299550107,0.0884911299550107,0.0884911299550107,14,0.0,0.0,0.0714285714285714,0.0104861827851929,2483.0,14,0.0714285714285714,0.0714285714285714,0.1428571428571428,0.08215573698098,332.5
bge_m3_1024d,en_def_translated_cn_def,止,1,1,,0,0,0,,,,0,,,,,,0,,,,,
bge_m3_1024d,en_def_translated_cn_def,步,1,1,,0,0,0,,,,0,,,,,,0,,,,,
bge_m3_1024d,en_def_translated_cn_def,歹,11,11,0.1028761118650436,11,11,11,0.2378356792032718,0.2378356792032718,0.2378356792032718,11,0.0,0.0,0.0909090909090909,0.0207073205883539,1052.0,11,0.0,0.0,0.0,0.0036881049430269,297.0
bge_m3_1024d,en_def_translated_cn_def,死,1,1,,0,0,0,,,,0,,,,,,0,,,,,
bge_m3_1024d,en_def_translated_cn_def,殳,2,2,-0.0465947985649108,0,0,0,,,,0,,,,,,0,,,,,
bge_m3_1024d,en_def_translated_cn_def,比,1,1,,0,0,0,,,,0,,,,,,0,,,,,
bge_m3_1024d,en_def_translated_cn_def,毛,5,5,0.051639936864376,5,0,0,0.1008872173726558,,,5,0.0,0.0,0.0,0.0006059862966045,2875.0,5,0.0,0.0,0.0,0.0041764281927649,315.0
bge_m3_1024d,en_def_translated_cn_def,民,1,1,,0,0,0,,,,0,,,,,,0,,,,,
bge_m3_1024d,en_def_translated_cn_def,气,2,2,0.0106616020202636,0,0,0,,,,0,,,,,,0,,,,,
bge_m3_1024d,en_def_translated_cn_def,水,4,4,0.0287572145462036,4,0,0,0.0487085976637899,,,4,0.0,0.0,0.0,0.0003757974332574,4060.0,4,0.0,0.0,0.0,0.0021312382333647,549.0
bge_m3_1024d,en_def_translated_cn_def,氵,198,186,0.0575438328087329,198,198,198,0.2265545345062032,0.2265545345062032,0.2265545345062032,198,0.0101010101010101,0.0101010101010101,0.0101010101010101,0.0138286333941029,1266.0,198,0.0101010101010101,0.0151515151515151,0.0151515151515151,0.0166589011909748,566.5
bge_m3_1024d,en_def_translated_cn_def,火,36,35,0.0734632685780525,36,36,36,0.2319947141222655,0.2319947141222655,0.2319947141222655,36,0.0833333333333333,0.0833333333333333,0.1111111111111111,0.090729271709869,393.0,36,0.0555555555555555,0.0833333333333333,0.0833333333333333,0.0676928479799186,376.0
bge_m3_1024d,en_def_translated_cn_def,灬,2,2,-0.0130949020385742,0,0,0,,,,0,,,,,,0,,,,,
bge_m3_1024d,en_def_translated_cn_def,爪,1,1,,0,0,0,,,,0,,,,,,0,,,,,
bge_m3_1024d,en_def_translated_cn_def,爭,1,1,,0,0,0,,,,0,,,,,,0,,,,,
bge_m3_1024d,en_def_translated_cn_def,父,1,1,,0,0,0,,,,0,,,,,,0,,,,,
bge_m3_1024d,en_def_translated_cn_def,爿,1,1,,0,0,0,,,,0,,,,,,0,,,,,
bge_m3_1024d,en_def_translated_cn_def,片,2,2,0.146274447441101,0,0,0,,,,0,,,,,,0,,,,,
bge_m3_1024d,en_def_translated_cn_def,牛,1,1,,0,0,0,,,,0,,,,,,0,,,,,
bge_m3_1024d,en_def_translated_cn_def,牜,10,10,0.0202424358576536,10,10,10,0.0615264542400837,0.0615264542400837,0.0615264542400837,10,0.0,0.0,0.0,0.0021880661381515,3247.5,10,0.0,0.0,0.0,0.0019995200002618,910.5
bge_m3_1024d,en_def_translated_cn_def,犬,4,4,-0.0774524584412574,4,0,0,-0.1461163908243179,,,4,0.0,0.0,0.0,0.0165334243646488,2366.5,4,0.25,0.25,0.25,0.256118976073585,462.5
bge_m3_1024d,en_def_translated_cn_def,犭,28,28,0.0407925806939601,28,28,28,0.1520466528766389,0.1520466528766389,0.1520466528766389,28,0.0,0.0,0.0,0.0017276544610428,1293.5,28,0.0,0.0,0.0,0.0049222552821352,470.5
bge_m3_1024d,en_def_translated_cn_def,玉,2,2,0.0442140102386474,0,0,0,,,,0,,,,,,0,,,,,
bge_m3_1024d,en_def_translated_cn_def,王,46,45,0.0966861620545387,46,46,46,0.2807454512626661,0.2807454512626661,0.2807454512626661,46,0.0,0.0,0.0217391304347826,0.0096036596301333,432.0,46,0.0,0.0,0.0217391304347826,0.0074506043489618,316.0
bge_m3_1024d,en_def_translated_cn_def,瓜,2,2,-0.0843161344528198,0,0,0,,,,0,,,,,,0,,,,,
bge_m3_1024d,en_def_translated_cn_def,瓦,4,4,0.2662716209888458,4,0,0,0.3756379261612892,,,4,0.0,0.0,0.0,0.0116466426765722,86.0,4,0.0,0.0,0.0,0.0053284795634782,215.5
bge_m3_1024d,en_def_translated_cn_def,田,10,10,0.0503066070377826,10,10,10,0.1262725744396448,0.1262725744396448,0.1262725744396448,10,0.0,0.0,0.0,0.0100648107771251,1198.0,10,0.0,0.1,0.1,0.0282933502940381,340.5
bge_m3_1024d,en_def_translated_cn_def,男,2,2,0.3051961660385132,0,0,0,,,,0,,,,,,0,,,,,
bge_m3_1024d,en_def_translated_cn_def,畢,1,1,,0,0,0,,,,0,,,,,,0,,,,,
bge_m3_1024d,en_def_translated_cn_def,疒,48,47,0.0892572924494743,48,48,48,0.2692869847329954,0.2692869847329954,0.2692869847329954,48,0.0,0.0208333333333333,0.0208333333333333,0.0079304365439208,1120.5,48,0.0,0.0208333333333333,0.0416666666666666,0.0175373504762208,517.5
bge_m3_1024d,en_def_translated_cn_def,癶,1,1,,0,0,0,,,,0,,,,,,0,,,,,
bge_m3_1024d,en_def_translated_cn_def,白,7,7,0.090545929968357,7,7,0,0.1951064440820898,0.1951064440820898,,7,0.0,0.0,0.0,0.0072570114479408,351.0,7,0.0,0.0,0.0,0.0022984889586897,489.0
bge_m3_1024d,en_def_translated_cn_def,皮,3,3,0.1128434315323829,0,0,0,,,,0,,,,,,0,,,,,
bge_m3_1024d,en_def_translated_cn_def,皿,9,9,0.1411785334348678,9,9,9,0.2943924466768901,0.2943924466768901,0.2943924466768901,9,0.0,0.1111111111111111,0.1111111111111111,0.0308700107850038,596.0,9,0.0,0.0,0.0,0.0042769975316313,407.0
bge_m3_1024d,en_def_translated_cn_def,目,32,32,0.0950813218951225,32,32,32,0.2714971870882436,0.2714971870882436,0.2714971870882436,32,0.0,0.0,0.03125,0.0140751935920716,267.0,32,0.0,0.0,0.03125,0.011137003838446,467.5
bge_m3_1024d,en_def_translated_cn_def,矛,1,1,,0,0,0,,,,0,,,,,,0,,,,,
bge_m3_1024d,en_def_translated_cn_def,矢,4,4,0.0224533081054687,4,0,0,0.0371107752434909,,,4,0.0,0.0,0.0,0.0004826786863056,2573.5,4,0.0,0.0,0.0,0.0032732008688563,557.5
bge_m3_1024d,en_def_translated_cn_def,石,40,39,0.0451996326446533,40,40,40,0.1683698553824797,0.1683698553824797,0.1683698553824797,40,0.0,0.0,0.0,0.0024229966484661,2147.5,40,0.0,0.0,0.0,0.0040866846738345,476.5
bge_m3_1024d,en_def_translated_cn_def,示,5,5,0.0347958095371723,5,0,0,0.0727662377059459,,,5,0.0,0.0,0.0,0.0016795943609652,2022.0,5,0.0,0.0,0.0,0.0063062228810288,306.0
bge_m3_1024d,en_def_translated_cn_def,礻,20,20,0.0733522921800613,20,20,20,0.2093455911846831,0.2093455911846831,0.2093455911846831,20,0.0,0.0,0.05,0.0224869029320479,453.0,20,0.0,0.1,0.1,0.0476959772491743,382.5
bge_m3_1024d,en_def_translated_cn_def,禾,25,25,0.0339847132563591,25,25,25,0.1289015562087297,0.1289015562087297,0.1289015562087297,25,0.0,0.0,0.0,0.0029328186756144,2607.0,25,0.0,0.0,0.0,0.0058369404896331,460.0
bge_m3_1024d,en_def_translated_cn_def,穴,17,17,0.0186234787106513,17,17,17,0.0646112175548777,0.0646112175548777,0.0646112175548777,17,0.0,0.0,0.0,0.0019732813090151,979.0,17,0.0,0.0,0.0,0.0071851043654906,226.0
bge_m3_1024d,en_def_translated_cn_def,立,4,4,0.0762896165251731,4,0,0,0.1235379632562398,,,4,0.0,0.0,0.0,0.0005455481755862,3123.0,4,0.0,0.0,0.0,0.0017104252664244,621.5
bge_m3_1024d,en_def_translated_cn_def,竹,63,61,0.0765822306275367,63,63,63,0.2569524733024457,0.2569524733024457,0.2569524733024457,63,0.0158730158730158,0.0317460317460317,0.0317460317460317,0.0229964413778503,2124.0,63,0.0158730158730158,0.0317460317460317,0.0317460317460317,0.0263995348178717,536.0
bge_m3_1024d,en_def_translated_cn_def,箕,1,1,,0,0,0,,,,0,,,,,,0,,,,,
bge_m3_1024d,en_def_translated_cn_def,米,17,17,0.0652393996715545,17,17,17,0.1894782164736705,0.1894782164736705,0.1894782164736705,17,0.0,0.0,0.0,0.0035497834576926,1510.0,17,0.0,0.0,0.0,0.002218558871505,644.0
bge_m3_1024d,en_def_translated_cn_def,糸,99,98,0.0447810627520084,99,99,99,0.1930649768128389,0.1930649768128389,0.1930649768128389,99,0.0101010101010101,0.0101010101010101,0.0101010101010101,0.0119212665062879,1685.0,99,0.0202020202020202,0.0202020202020202,0.0202020202020202,0.0243089922583299,413.0
bge_m3_1024d,en_def_translated_cn_def,縣,1,1,,0,0,0,,,,0,,,,,,0,,,,,
bge_m3_1024d,en_def_translated_cn_def,缶,1,1,,0,0,0,,,,0,,,,,,0,,,,,
bge_m3_1024d,en_def_translated_cn_def,网,1,1,,0,0,0,,,,0,,,,,,0,,,,,
bge_m3_1024d,en_def_translated_cn_def,羊,3,3,0.0516843013465404,0,0,0,,,,0,,,,,,0,,,,,
bge_m3_1024d,en_def_translated_cn_def,羽,14,14,0.0245850328356027,14,14,14,0.0833406106435826,0.0833406106435826,0.0833406106435826,14,0.0,0.0,0.0714285714285714,0.0142148887561617,1541.5,14,0.0,0.0714285714285714,0.0714285714285714,0.0262299216989638,391.5
bge_m3_1024d,en_def_translated_cn_def,習,1,1,,0,0,0,,,,0,,,,,,0,,,,,
bge_m3_1024d,en_def_translated_cn_def,老,3,3,0.1610625982284546,0,0,0,,,,0,,,,,,0,,,,,
bge_m3_1024d,en_def_translated_cn_def,耒,6,6,0.0556370876729488,6,6,0,0.1113247501974304,0.1113247501974304,,6,0.0,0.0,0.0,0.0061304747828724,900.5,6,0.0,0.0,0.0,0.0017516013707696,824.5
bge_m3_1024d,en_def_translated_cn_def,耳,6,6,0.0484881065785884,6,6,0,0.1077871954378982,0.1077871954378982,,6,0.0,0.0,0.0,0.001230978749183,2320.5,6,0.0,0.0,0.0,0.0014746471935567,729.0
bge_m3_1024d,en_def_translated_cn_def,肉,73,70,0.0706733167171478,73,73,73,0.2428947412089942,0.2428947412089942,0.2428947412089942,73,0.0,0.0,0.0136986301369863,0.0049910677513657,1134.0,73,0.0,0.0,0.0273972602739726,0.0078913399138208,452.0
bge_m3_1024d,en_def_translated_cn_def,臣,1,1,,0,0,0,,,,0,,,,,,0,,,,,
bge_m3_1024d,en_def_translated_cn_def,臤,1,1,,0,0,0,,,,0,,,,,,0,,,,,
bge_m3_1024d,en_def_translated_cn_def,臥,1,1,,0,0,0,,,,0,,,,,,0,,,,,
bge_m3_1024d,en_def_translated_cn_def,自,1,1,,0,0,0,,,,0,,,,,,0,,,,,
bge_m3_1024d,en_def_translated_cn_def,至,2,2,0.3357360363006592,0,0,0,,,,0,,,,,,0,,,,,
bge_m3_1024d,en_def_translated_cn_def,舌,1,1,,0,0,0,,,,0,,,,,,0,,,,,
bge_m3_1024d,en_def_translated_cn_def,舟,12,12,0.1404618471860885,12,12,12,0.3018733399609725,0.3018733399609725,0.3018733399609725,12,0.0,0.0,0.0833333333333333,0.0226715626446022,150.5,12,0.0833333333333333,0.0833333333333333,0.0833333333333333,0.0867821636238363,355.0
bge_m3_1024d,en_def_translated_cn_def,艹,161,151,0.0754818618297576,161,161,161,0.2566209376806983,0.2566209376806983,0.2566209376806983,161,0.0062111801242236,0.0124223602484472,0.0186335403726708,0.0104615741473932,1826.0,161,0.0124223602484472,0.0186335403726708,0.0186335403726708,0.0182406048047119,495.0
bge_m3_1024d,en_def_translated_cn_def,蕇,1,1,,0,0,0,,,,0,,,,,,0,,,,,
bge_m3_1024d,en_def_translated_cn_def,虍,2,2,0.0581806898117065,0,0,0,,,,0,,,,,,0,,,,,
bge_m3_1024d,en_def_translated_cn_def,虫,79,77,0.1214462593197822,79,79,79,0.330599866335905,0.330599866335905,0.330599866335905,79,0.0,0.0126582278481012,0.0126582278481012,0.0073593817078285,999.0,79,0.0,0.0126582278481012,0.0379746835443038,0.0114089230620538,416.0
bge_m3_1024d,en_def_translated_cn_def,血,1,1,,0,0,0,,,,0,,,,,,0,,,,,
bge_m3_1024d,en_def_translated_cn_def,行,5,5,-0.0208033081144094,5,0,0,-0.0432099739089608,,,5,0.0,0.0,0.0,0.000319953311048,3935.0,5,0.0,0.0,0.0,0.0012015586713028,984.0
bge_m3_1024d,en_def_translated_cn_def,衣,11,11,0.0702785179018974,11,11,11,0.1754924323071133,0.1754924323071133,0.1754924323071133,11,0.0,0.0,0.0,0.0008715633444233,2083.0,11,0.0,0.0,0.0,0.0018809089943277,648.0
bge_m3_1024d,en_def_translated_cn_def,衤,34,34,0.0811666697263717,34,34,34,0.2499299055951483,0.2499299055951483,0.2499299055951483,34,0.0,0.0,0.0,0.004415367985544,775.5,34,0.0,0.0,0.0,0.0036497116149459,644.5
bge_m3_1024d,en_def_translated_cn_def,襾,1,1,,0,0,0,,,,0,,,,,,0,,,,,
bge_m3_1024d,en_def_translated_cn_def,見,4,4,0.0213388595730066,4,0,0,0.0280704372562468,,,4,0.0,0.0,0.0,0.0072743605017665,1025.0,4,0.0,0.0,0.0,0.0061754626015288,592.0
bge_m3_1024d,en_def_translated_cn_def,角,2,2,0.0535672903060913,0,0,0,,,,0,,,,,,0,,,,,
bge_m3_1024d,en_def_translated_cn_def,言,98,96,0.029134402051568,98,98,98,0.1468133818909373,0.1468133818909373,0.1468133818909373,98,0.0,0.010204081632653,0.0204081632653061,0.0080522126694279,1321.0,98,0.0204081632653061,0.0306122448979591,0.0408163265306122,0.0318566347420646,474.5
bge_m3_1024d,en_def_translated_cn_def,谷,2,2,0.0411982536315918,0,0,0,,,,0,,,,,,0,,,,,
bge_m3_1024d,en_def_translated_cn_def,豆,2,2,0.1725587844848632,0,0,0,,,,0,,,,,,0,,,,,
bge_m3_1024d,en_def_translated_cn_def,豕,1,1,,0,0,0,,,,0,,,,,,0,,,,,
bge_m3_1024d,en_def_translated_cn_def,象,1,1,,0,0,0,,,,0,,,,,,0,,,,,
bge_m3_1024d,en_def_translated_cn_def,豸,7,7,0.2231711000204086,7,7,0,0.3864877053669521,0.3864877053669521,,7,0.0,0.0,0.1428571428571428,0.0466455890155493,54.0,7,0.0,0.0,0.0,0.0034417494081989,388.0
bge_m3_1024d,en_def_translated_cn_def,貝,30,29,0.0592366680502891,30,30,30,0.1925711503562827,0.1925711503562827,0.1925711503562827,30,0.0,0.0,0.0,0.0052804221172733,648.5,30,0.0,0.0,0.0,0.0093945494706623,314.5
bge_m3_1024d,en_def_translated_cn_def,赤,1,1,,0,0,0,,,,0,,,,,,0,,,,,
bge_m3_1024d,en_def_translated_cn_def,走,8,8,0.0236213896423578,8,8,0,0.0639036828652024,0.0639036828652024,,8,0.0,0.0,0.0,0.000883894875616,1954.5,8,0.0,0.0,0.0,0.0023462102186222,560.0
bge_m3_1024d,en_def_translated_cn_def,足,2,2,-0.089558720588684,0,0,0,,,,0,,,,,,0,,,,,
bge_m3_1024d,en_def_translated_cn_def,身,3,3,-0.0053281784057617,0,0,0,,,,0,,,,,,0,,,,,
bge_m3_1024d,en_def_translated_cn_def,車,25,25,0.0641259849071502,25,25,25,0.2055830841511488,0.2055830841511488,0.2055830841511488,25,0.0,0.0,0.0,0.0012413052521266,1619.0,25,0.0,0.0,0.0,0.0051695774602626,473.0
bge_m3_1024d,en_def_translated_cn_def,辛,2,2,-0.0432130098342895,0,0,0,,,,0,,,,,,0,,,,,
bge_m3_1024d,en_def_translated_cn_def,辶,52,52,0.0434578470885753,52,52,52,0.1782026615423652,0.1782026615423652,0.1782026615423652,52,0.0,0.0,0.0,0.002091866415027,1396.0,52,0.0,0.0,0.0,0.0048131188737499,490.5
bge_m3_1024d,en_def_translated_cn_def,邑,1,1,,0,0,0,,,,0,,,,,,0,,,,,
bge_m3_1024d,en_def_translated_cn_def,酉,20,20,0.0521549843251705,20,20,20,0.1636549866758287,0.1636549866758287,0.1636549866758287,20,0.0,0.0,0.0,0.0022573028190991,2683.5,20,0.0,0.0,0.0,0.0068821043495393,481.5
bge_m3_1024d,en_def_translated_cn_def,釆,2,2,-0.1965548396110534,0,0,0,,,,0,,,,,,0,,,,,
bge_m3_1024d,en_def_translated_cn_def,里,1,1,,0,0,0,,,,0,,,,,,0,,,,,
bge_m3_1024d,en_def_translated_cn_def,釒,88,86,0.0571845471858978,88,88,88,0.2204699585722251,0.2204699585722251,0.2204699585722251,88,0.0,0.0,0.0,0.0015372113099246,1885.0,88,0.0,0.0,0.0227272727272727,0.0094763005421935,526.5
bge_m3_1024d,en_def_translated_cn_def,門,20,20,0.016709191724658,20,20,20,0.0685411538928747,0.0685411538928747,0.0685411538928747,20,0.0,0.0,0.0,0.007601042043575,1629.5,20,0.05,0.05,0.05,0.0573327291578441,553.0
bge_m3_1024d,en_def_translated_cn_def,阝,49,48,0.0279285218566656,49,49,49,0.1317057791831238,0.1317057791831238,0.1317057791831238,49,0.0,0.0,0.0204081632653061,0.0038527879053699,2082.0,49,0.0204081632653061,0.0408163265306122,0.0408163265306122,0.0318208368363988,467.0
bge_m3_1024d,en_def_translated_cn_def,隹,11,11,0.0161137674003839,11,11,11,0.052462485703555,0.052462485703555,0.052462485703555,11,0.0,0.0,0.0,0.0048566339066062,1563.0,11,0.0,0.0,0.0909090909090909,0.0119083824223749,435.0
bge_m3_1024d,en_def_translated_cn_def,雈,1,1,,0,0,0,,,,0,,,,,,0,,,,,
bge_m3_1024d,en_def_translated_cn_def,雨,22,22,0.0991148054599762,22,22,22,0.2681482639163732,0.2681482639163732,0.2681482639163732,22,0.0,0.0454545454545454,0.0454545454545454,0.017891347060116,1039.0,22,0.0454545454545454,0.0454545454545454,0.0454545454545454,0.0482757515039302,675.0
bge_m3_1024d,en_def_translated_cn_def,非,1,1,,0,0,0,,,,0,,,,,,0,,,,,
bge_m3_1024d,en_def_translated_cn_def,面,2,2,0.2957105636596679,0,0,0,,,,0,,,,,,0,,,,,
bge_m3_1024d,en_def_translated_cn_def,革,13,13,0.0595498345792293,13,13,13,0.1674641008273913,0.1674641008273913,0.1674641008273913,13,0.0,0.0769230769230769,0.0769230769230769,0.0396389265607178,851.0,13,0.0769230769230769,0.0769230769230769,0.0769230769230769,0.0799630857547563,575.0
bge_m3_1024d,en_def_translated_cn_def,韋,2,2,-0.1047767996788024,0,0,0,,,,0,,,,,,0,,,,,
bge_m3_1024d,en_def_translated_cn_def,韮,1,1,,0,0,0,,,,0,,,,,,0,,,,,
bge_m3_1024d,en_def_translated_cn_def,音,3,3,0.3237146437168121,0,0,0,,,,0,,,,,,0,,,,,
bge_m3_1024d,en_def_translated_cn_def,頁,28,28,0.0211388021707534,28,28,28,0.0912594455959541,0.0912594455959541,0.0912594455959541,28,0.0,0.0,0.0,0.0032603640014963,2039.0,28,0.0,0.0,0.0,0.0030626645871919,549.5
bge_m3_1024d,en_def_translated_cn_def,風,4,4,0.0286971721798181,4,0,0,0.0652744716499,,,4,0.0,0.0,0.0,0.0002660800375394,3860.5,4,0.0,0.0,0.0,0.0011308958969955,906.0
bge_m3_1024d,en_def_translated_cn_def,食,4,4,-0.0094598932191729,4,0,0,-0.0152515643276274,,,4,0.0,0.0,0.0,0.0007461461619864,2536.5,4,0.0,0.0,0.0,0.0026279941986012,611.0
bge_m3_1024d,en_def_translated_cn_def,飠,22,22,0.0731748417019844,22,22,22,0.2158920227295973,0.2158920227295973,0.2158920227295973,22,0.0,0.0,0.0,0.0043303224429527,724.5,22,0.0,0.0,0.0,0.0081105784488608,439.0
bge_m3_1024d,en_def_translated_cn_def,首,2,2,0.0282922983169555,0,0,0,,,,0,,,,,,0,,,,,
bge_m3_1024d,en_def_translated_cn_def,馬,35,35,0.0679463967680931,35,35,35,0.2240605527668127,0.2240605527668127,0.2240605527668127,35,0.0,0.0,0.0,0.002469278837149,837.0,35,0.0,0.0,0.0,0.0043096172640212,389.0
bge_m3_1024d,en_def_translated_cn_def,骨,6,6,0.1567452698945999,6,6,0,0.2747309679786364,0.2747309679786364,,6,0.0,0.1666666666666666,0.1666666666666666,0.0641867788559948,641.5,6,0.0,0.0,0.0,0.0017820593358445,782.0
bge_m3_1024d,en_def_translated_cn_def,高,1,1,,0,0,0,,,,0,,,,,,0,,,,,
bge_m3_1024d,en_def_translated_cn_def,髟,11,11,0.0643319562077522,11,11,11,0.169943523847244,0.169943523847244,0.169943523847244,11,0.0,0.0,0.0,0.0027872792083286,1890.0,11,0.0,0.0,0.0,0.0014194264322691,836.0
bge_m3_1024d,en_def_translated_cn_def,鬥,3,3,0.1374046802520752,0,0,0,,,,0,,,,,,0,,,,,
bge_m3_1024d,en_def_translated_cn_def,鬼,9,9,0.0687597692012786,9,9,9,0.1616273721059163,0.1616273721059163,0.1616273721059163,9,0.0,0.0,0.0,0.004587783517961,1884.0,9,0.0,0.0,0.0,0.0034190153293232,440.0
bge_m3_1024d,en_def_translated_cn_def,魚,20,20,0.2326023280620575,20,20,20,0.4475173108279705,0.4475173108279705,0.4475173108279705,20,0.0,0.05,0.05,0.0217791728047129,111.5,20,0.0,0.0,0.0,0.0044791088386992,459.5
bge_m3_1024d,en_def_translated_cn_def,鳥,27,27,0.1791262775659561,27,27,27,0.3931887136013419,0.3931887136013419,0.3931887136013419,27,0.0,0.074074074074074,0.1111111111111111,0.0461891337927664,187.0,27,0.0,0.0,0.037037037037037,0.007467784424814,627.0
bge_m3_1024d,en_def_translated_cn_def,鹵,3,3,0.1513499468564987,0,0,0,,,,0,,,,,,0,,,,,
bge_m3_1024d,en_def_translated_cn_def,鹿,4,4,0.1075607165694236,4,0,0,0.173720009624958,,,4,0.0,0.0,0.0,0.0018760286663549,697.0,4,0.0,0.0,0.0,0.0020006955564437,746.0
bge_m3_1024d,en_def_translated_cn_def,麥,2,2,0.1492500305175781,0,0,0,,,,0,,,,,,0,,,,,
bge_m3_1024d,en_def_translated_cn_def,麻,1,1,,0,0,0,,,,0,,,,,,0,,,,,
bge_m3_1024d,en_def_translated_cn_def,黍,1,1,,0,0,0,,,,0,,,,,,0,,,,,
bge_m3_1024d,en_def_translated_cn_def,黑,10,10,0.0560183748602867,10,10,10,0.1434240758419037,0.1434240758419037,0.1434240758419037,10,0.0,0.0,0.0,0.0015314618459813,1698.5,10,0.0,0.0,0.0,0.0094234565852942,444.0
bge_m3_1024d,en_def_translated_cn_def,黹,1,1,,0,0,0,,,,0,,,,,,0,,,,,
bge_m3_1024d,en_def_translated_cn_def,黽,1,1,,0,0,0,,,,0,,,,,,0,,,,,
bge_m3_1024d,en_def_translated_cn_def,鼎,1,1,,0,0,0,,,,0,,,,,,0,,,,,
bge_m3_1024d,en_def_translated_cn_def,鼓,2,2,0.296663761138916,0,0,0,,,,0,,,,,,0,,,,,
bge_m3_1024d,en_def_translated_cn_def,鼠,1,1,,0,0,0,,,,0,,,,,,0,,,,,
bge_m3_1024d,en_def_translated_cn_def,鼻,1,1,,0,0,0,,,,0,,,,,,0,,,,,
bge_m3_1024d,en_def_translated_cn_def,齒,8,7,0.1245014518499374,8,8,0,0.2250352320261299,0.2250352320261299,,8,0.0,0.0,0.0,0.0086851137394331,500.0,8,0.0,0.0,0.0,0.0023933053904361,858.0
bge_m3_1024d,en_def_translated_cn_def,龍,1,1,,0,0,0,,,,0,,,,,,0,,,,,
bge_m3_1024d,en_def_translated_cn_def,龠,1,1,,0,0,0,,,,0,,,,,,0,,,,,
bge_m3_1024d,en_def_translated_cn_def,𠘨,1,1,,0,0,0,,,,0,,,,,,0,,,,,
bge_m3_1024d,en_def_translated_cn_def,𠚕,1,1,,0,0,0,,,,0,,,,,,0,,,,,
bge_m3_1024d,en_def_translated_cn_def,𠫓,1,1,,0,0,0,,,,0,,,,,,0,,,,,
bge_m3_1024d,en_def_translated_cn_def,𡱕,1,1,,0,0,0,,,,0,,,,,,0,,,,,
bge_m3_1024d,en_def_translated_cn_def,𢆶,1,1,,0,0,0,,,,0,,,,,,0,,,,,
bge_m3_1024d,en_def_translated_cn_def,𣶒,1,1,,0,0,0,,,,0,,,,,,0,,,,,
bge_m3_1024d,en_def_translated_cn_def,𤤴,3,3,0.5697927474975586,0,0,0,,,,0,,,,,,0,,,,,
bge_m3_1024d,en_def_translated_cn_def,𦍌,1,1,,0,0,0,,,,0,,,,,,0,,,,,
bge_m3_1024d,en_def_translated_cn_def,𧾷,48,48,0.0653939396142959,48,48,48,0.2252144123388764,0.2252144123388764,0.2252144123388764,48,0.0,0.0,0.0416666666666666,0.0094828365341438,884.5,48,0.0208333333333333,0.0208333333333333,0.0208333333333333,0.0257559069177392,620.0
bge_m3_1024d,en_gloss_unihan,㐬,1,1,,0,0,0,,,,0,,,,,,0,,,,,
bge_m3_1024d,en_gloss_unihan,㐭,1,1,,0,0,0,,,,0,,,,,,0,,,,,
bge_m3_1024d,en_gloss_unihan,㔾,1,1,,0,0,0,,,,0,,,,,,0,,,,,
bge_m3_1024d,en_gloss_unihan,㗊,1,1,,0,0,0,,,,0,,,,,,0,,,,,
bge_m3_1024d,en_gloss_unihan,㝱,2,2,0.0349844694137573,0,0,0,,,,0,,,,,,0,,,,,
bge_m3_1024d,en_gloss_unihan,㣺,2,2,-0.1592639684677124,0,0,0,,,,0,,,,,,0,,,,,
bge_m3_1024d,en_gloss_unihan,㫃,13,13,0.1176746785640716,13,13,13,0.2754159280313895,0.2754159280313895,0.2754159280313895,13,0.0,0.0,0.0,0.0076291240170059,387.0,13,0.0,0.0,0.0,0.0029800686914148,680.0
bge_m3_1024d,en_gloss_unihan,㹜,1,1,,0,0,0,,,,0,,,,,,0,,,,,
bge_m3_1024d,en_gloss_unihan,㾜,1,1,,0,0,0,,,,0,,,,,,0,,,,,
bge_m3_1024d,en_gloss_unihan,䀠,1,1,,0,0,0,,,,0,,,,,,0,,,,,
bge_m3_1024d,en_gloss_unihan,䖵,4,4,0.0414894819259643,4,0,0,0.0704774451442062,,,4,0.0,0.0,0.0,0.0012764478752369,5580.0,4,0.0,0.0,0.0,0.0011990236910484,973.5
bge_m3_1024d,en_gloss_unihan,一,3,3,0.0138427019119262,0,0,0,,,,0,,,,,,0,,,,,
bge_m3_1024d,en_gloss_unihan,丂,1,1,,0,0,0,,,,0,,,,,,0,,,,,
bge_m3_1024d,en_gloss_unihan,与,1,1,,0,0,0,,,,0,,,,,,0,,,,,
bge_m3_1024d,en_gloss_unihan,乑,1,1,,0,0,0,,,,0,,,,,,0,,,,,
bge_m3_1024d,en_gloss_unihan,乙,3,3,-0.0031812984962016,0,0,0,,,,0,,,,,,0,,,,,
bge_m3_1024d,en_gloss_unihan,二,2,2,0.01266610622406,0,0,0,,,,0,,,,,,0,,,,,
bge_m3_1024d,en_gloss_unihan,云,1,1,,0,0,0,,,,0,,,,,,0,,,,,
bge_m3_1024d,en_gloss_unihan,京,1,1,,0,0,0,,,,0,,,,,,0,,,,,
bge_m3_1024d,en_gloss_unihan,人,2,2,0.0605217218399047,0,0,0,,,,0,,,,,,0,,,,,
bge_m3_1024d,en_gloss_unihan,亻,187,173,0.0124773569405078,187,187,187,0.091864756338378,0.091864756338378,0.091864756338378,187,0.0106951871657754,0.0427807486631016,0.0427807486631016,0.0253140884929909,2443.0,187,0.0320855614973262,0.0802139037433155,0.0962566844919786,0.0581634991363238,418.0
bge_m3_1024d,en_gloss_unihan,儿,2,2,-0.0827420949935913,0,0,0,,,,0,,,,,,0,,,,,
bge_m3_1024d,en_gloss_unihan,光,1,1,,0,0,0,,,,0,,,,,,0,,,,,
bge_m3_1024d,en_gloss_unihan,兮,1,1,,0,0,0,,,,0,,,,,,0,,,,,
bge_m3_1024d,en_gloss_unihan,共,1,1,,0,0,0,,,,0,,,,,,0,,,,,
bge_m3_1024d,en_gloss_unihan,冂,1,1,,0,0,0,,,,0,,,,,,0,,,,,
bge_m3_1024d,en_gloss_unihan,冃,2,2,0.2420084476470947,0,0,0,,,,0,,,,,,0,,,,,
bge_m3_1024d,en_gloss_unihan,冖,2,2,-0.0710523724555969,0,0,0,,,,0,,,,,,0,,,,,
bge_m3_1024d,en_gloss_unihan,冫,13,13,0.0934879630804061,13,13,13,0.2276575967956047,0.2276575967956047,0.2276575967956047,13,0.0,0.0,0.0,0.0030125595267345,863.0,13,0.0,0.0,0.0,0.0039862790202773,743.0
bge_m3_1024d,en_gloss_unihan,几,1,1,,0,0,0,,,,0,,,,,,0,,,,,
bge_m3_1024d,en_gloss_unihan,刀,3,3,0.294553130865097,0,0,0,,,,0,,,,,,0,,,,,
bge_m3_1024d,en_gloss_unihan,刂,33,33,0.0742531269788742,33,33,33,0.2325235393293427,0.2325235393293427,0.2325235393293427,33,0.0303030303030303,0.0303030303030303,0.0909090909090909,0.0469445877980157,354.0,33,0.0,0.0303030303030303,0.0606060606060606,0.0126714210159827,560.0
bge_m3_1024d,en_gloss_unihan,力,23,22,0.0575376637279987,23,23,23,0.1830005373643792,0.1830005373643792,0.1830005373643792,23,0.0,0.0,0.0,0.0078885417407903,578.0,23,0.0,0.0,0.0,0.0077491862352933,552.0
bge_m3_1024d,en_gloss_unihan,勹,3,3,-0.0220554266124963,0,0,0,,,,0,,,,,,0,,,,,
bge_m3_1024d,en_gloss_unihan,匕,1,1,,0,0,0,,,,0,,,,,,0,,,,,
bge_m3_1024d,en_gloss_unihan,匚,8,8,0.0425755307078361,8,8,0,0.1031621797010302,0.1031621797010302,,8,0.0,0.0,0.0,0.0007448905386621,3816.0,8,0.0,0.0,0.0,0.0011351782774146,977.5
bge_m3_1024d,en_gloss_unihan,匸,2,2,-0.0072925686836242,0,0,0,,,,0,,,,,,0,,,,,
bge_m3_1024d,en_gloss_unihan,十,3,3,-0.0803335532546043,0,0,0,,,,0,,,,,,0,,,,,
bge_m3_1024d,en_gloss_unihan,卂,1,1,,0,0,0,,,,0,,,,,,0,,,,,
bge_m3_1024d,en_gloss_unihan,午,1,1,,0,0,0,,,,0,,,,,,0,,,,,
bge_m3_1024d,en_gloss_unihan,半,1,1,,0,0,0,,,,0,,,,,,0,,,,,
bge_m3_1024d,en_gloss_unihan,卜,1,1,,0,0,0,,,,0,,,,,,0,,,,,
bge_m3_1024d,en_gloss_unihan,卩,2,2,-0.0396168231964111,0,0,0,,,,0,,,,,,0,,,,,
bge_m3_1024d,en_gloss_unihan,卵,2,2,-0.048930823802948,0,0,0,,,,0,,,,,,0,,,,,
bge_m3_1024d,en_gloss_unihan,厂,3,3,0.0443295650184154,0,0,0,,,,0,,,,,,0,,,,,
bge_m3_1024d,en_gloss_unihan,厶,1,1,,0,0,0,,,,0,,,,,,0,,,,,
bge_m3_1024d,en_gloss_unihan,去,1,1,,0,0,0,,,,0,,,,,,0,,,,,
bge_m3_1024d,en_gloss_unihan,又,2,2,-0.0284317731857299,0,0,0,,,,0,,,,,,0,,,,,
bge_m3_1024d,en_gloss_unihan,口,164,150,0.0550039857625961,164,164,164,0.2155521893930598,0.2155521893930598,0.2155521893930598,164,0.0060975609756097,0.0121951219512195,0.0304878048780487,0.0137448971305241,1666.5,164,0.0060975609756097,0.0304878048780487,0.048780487804878,0.023688110474314,484.0
bge_m3_1024d,en_gloss_unihan,可,1,1,,0,0,0,,,,0,,,,,,0,,,,,
bge_m3_1024d,en_gloss_unihan,吅,1,1,,0,0,0,,,,0,,,,,,0,,,,,
bge_m3_1024d,en_gloss_unihan,向,1,1,,0,0,0,,,,0,,,,,,0,,,,,
bge_m3_1024d,en_gloss_unihan,喜,1,1,,0,0,0,,,,0,,,,,,0,,,,,
bge_m3_1024d,en_gloss_unihan,囗,11,11,0.0681383684277534,11,11,11,0.1746901511638001,0.1746901511638001,0.1746901511638001,11,0.0,0.0,0.0909090909090909,0.0136991246038877,525.0,11,0.0,0.0,0.0,0.0111053769811111,184.0
bge_m3_1024d,en_gloss_unihan,土,89,87,0.039951492100954,89,89,89,0.1758561673877614,0.1758561673877614,0.1758561673877614,89,0.0224719101123595,0.0337078651685393,0.0337078651685393,0.0278799220570893,2086.0,89,0.0224719101123595,0.0561797752808988,0.0674157303370786,0.0420240224088506,555.0
bge_m3_1024d,en_gloss_unihan,壬,1,1,,0,0,0,,,,0,,,,,,0,,,,,
bge_m3_1024d,en_gloss_unihan,壴,1,1,,0,0,0,,,,0,,,,,,0,,,,,
bge_m3_1024d,en_gloss_unihan,夂,2,2,-0.065250813961029,0,0,0,,,,0,,,,,,0,,,,,
bge_m3_1024d,en_gloss_unihan,夕,1,1,,0,0,0,,,,0,,,,,,0,,,,,
bge_m3_1024d,en_gloss_unihan,多,1,1,,0,0,0,,,,0,,,,,,0,,,,,
bge_m3_1024d,en_gloss_unihan,大,6,6,0.0756556540727615,6,6,0,0.1471262369304895,0.1471262369304895,,6,0.0,0.1666666666666666,0.1666666666666666,0.0854225217412034,1425.0,6,0.0,0.1666666666666666,0.1666666666666666,0.0362894608241151,259.5
bge_m3_1024d,en_gloss_unihan,夭,1,1,,0,0,0,,,,0,,,,,,0,,,,,
bge_m3_1024d,en_gloss_unihan,夸,1,1,,0,0,0,,,,0,,,,,,0,,,,,
bge_m3_1024d,en_gloss_unihan,女,102,100,0.0508853793144226,102,102,102,0.2083159323243022,0.2083159323243022,0.2083159323243022,102,0.0098039215686274,0.0098039215686274,0.0098039215686274,0.0125449153620551,2331.5,102,0.0196078431372549,0.0490196078431372,0.0686274509803921,0.0381700268896123,593.5
bge_m3_1024d,en_gloss_unihan,子,6,6,0.0479768924415111,6,6,0,0.101597124710679,0.101597124710679,,6,0.0,0.0,0.0,0.0022592877874699,2699.5,6,0.0,0.0,0.0,0.0012845257073532,989.0
bge_m3_1024d,en_gloss_unihan,學,1,1,,0,0,0,,,,0,,,,,,0,,,,,
bge_m3_1024d,en_gloss_unihan,宀,27,27,0.0216665398329496,27,27,27,0.0904162980754066,0.0904162980754066,0.0904162980754066,27,0.0,0.0,0.0,0.001018653119169,2273.0,27,0.0,0.0,0.0,0.0037754278157725,569.0
bge_m3_1024d,en_gloss_unihan,寸,2,2,0.1339596509933471,0,0,0,,,,0,,,,,,0,,,,,
bge_m3_1024d,en_gloss_unihan,尢,1,1,,0,0,0,,,,0,,,,,,0,,,,,
bge_m3_1024d,en_gloss_unihan,尸,9,9,0.0107062794268131,9,9,9,0.029943613645931,0.029943613645931,0.029943613645931,9,0.0,0.0,0.0,0.0035839264306571,4125.0,9,0.1111111111111111,0.1111111111111111,0.1111111111111111,0.1124253960013667,550.0
bge_m3_1024d,en_gloss_unihan,尺,1,1,,0,0,0,,,,0,,,,,,0,,,,,
bge_m3_1024d,en_gloss_unihan,履,3,3,0.2503493726253509,0,0,0,,,,0,,,,,,0,,,,,
bge_m3_1024d,en_gloss_unihan,山,51,50,0.0747770741581916,51,51,51,0.2453408531077644,0.2453408531077644,0.2453408531077644,51,0.0196078431372549,0.0196078431372549,0.0196078431372549,0.0270001507959917,640.0,51,0.0,0.0196078431372549,0.0392156862745098,0.0136081561615077,523.0
bge_m3_1024d,en_gloss_unihan,工,1,1,,0,0,0,,,,0,,,,,,0,,,,,
bge_m3_1024d,en_gloss_unihan,巫,1,1,,0,0,0,,,,0,,,,,,0,,,,,
bge_m3_1024d,en_gloss_unihan,巾,30,30,0.0984962880611419,30,30,30,0.2771241823832194,0.2771241823832194,0.2771241823832194,30,0.0,0.0,0.0,0.0028671799224493,1281.5,30,0.0,0.0333333333333333,0.0333333333333333,0.0095207439579884,530.0
bge_m3_1024d,en_gloss_unihan,幺,1,1,,0,0,0,,,,0,,,,,,0,,,,,
bge_m3_1024d,en_gloss_unihan,广,35,35,0.0246439259499311,35,35,35,0.1087348078909729,0.1087348078909729,0.1087348078909729,35,0.0857142857142857,0.0857142857142857,0.0857142857142857,0.0888631181361013,2791.0,35,0.0571428571428571,0.0857142857142857,0.1428571428571428,0.0848831552957483,468.0
bge_m3_1024d,en_gloss_unihan,庚,1,1,,0,0,0,,,,0,,,,,,0,,,,,
bge_m3_1024d,en_gloss_unihan,廾,2,2,-0.0481915473937988,0,0,0,,,,0,,,,,,0,,,,,
bge_m3_1024d,en_gloss_unihan,弓,13,13,0.076967529952526,13,13,13,0.2014602319552348,0.2014602319552348,0.2014602319552348,13,0.0,0.0,0.0,0.0011837022949481,2620.0,13,0.0,0.0,0.0,0.0021015428978143,808.0
bge_m3_1024d,en_gloss_unihan,彡,7,7,-0.0023595604579895,7,7,0,0.0015586987137794,0.0015586987137794,,7,0.0,0.0,0.0,0.001690181994133,2402.0,7,0.0,0.0,0.1428571428571428,0.0193395281594422,525.0
bge_m3_1024d,en_gloss_unihan,彣,1,1,,0,0,0,,,,0,,,,,,0,,,,,
bge_m3_1024d,en_gloss_unihan,彳,17,17,0.0424317345023155,17,17,17,0.1347585839274175,0.1347585839274175,0.1347585839274175,17,0.0,0.0,0.0,0.0073425441383275,808.0,17,0.0,0.0588235294117647,0.0588235294117647,0.0190323677205963,396.0
bge_m3_1024d,en_gloss_unihan,微,1,1,,0,0,0,,,,0,,,,,,0,,,,,
bge_m3_1024d,en_gloss_unihan,心,56,54,0.0623602457344532,56,56,56,0.2199960999589945,0.2199960999589945,0.2199960999589945,56,0.0,0.0,0.0357142857142857,0.0084543289769388,1523.0,56,0.0357142857142857,0.0535714285714285,0.0535714285714285,0.0490690272023257,562.5
bge_m3_1024d,en_gloss_unihan,忄,125,125,0.0732443481683731,125,125,125,0.2587080393768847,0.2587080393768847,0.2587080393768847,125,0.0,0.016,0.04,0.0129562364502031,993.0,125,0.008,0.04,0.056,0.0293152036868387,577.0
bge_m3_1024d,en_gloss_unihan,恣,1,1,,0,0,0,,,,0,,,,,,0,,,,,
bge_m3_1024d,en_gloss_unihan,戈,11,11,0.0541384257376194,11,11,11,0.1398681390353224,0.1398681390353224,0.1398681390353224,11,0.0,0.0,0.0,0.0011087288190601,897.0,11,0.0,0.0,0.0,0.0030189222236321,596.0
bge_m3_1024d,en_gloss_unihan,戊,2,2,-0.1212025880813598,0,0,0,,,,0,,,,,,0,,,,,
bge_m3_1024d,en_gloss_unihan,戶,4,4,0.0894263982772827,4,0,0,0.1555589977651834,,,4,0.0,0.0,0.0,0.0007873466101032,1417.5,4,0.0,0.0,0.0,0.0123949259646358,221.0
bge_m3_1024d,en_gloss_unihan,手,10,9,0.0749280452728271,10,10,10,0.1642645828425884,0.1642645828425884,0.1642645828425884,10,0.0,0.0,0.0,0.0062730917647541,225.5,10,0.0,0.0,0.1,0.0145197071687096,535.0
bge_m3_1024d,en_gloss_unihan,扌,203,190,0.0505960136651992,203,203,203,0.2096807481858677,0.2096807481858677,0.2096807481858677,203,0.0098522167487684,0.0344827586206896,0.0344827586206896,0.0192231707575157,934.0,203,0.0246305418719211,0.0443349753694581,0.0492610837438423,0.040057825656491,515.0
bge_m3_1024d,en_gloss_unihan,支,1,1,,0,0,0,,,,0,,,,,,0,,,,,
bge_m3_1024d,en_gloss_unihan,攴,2,2,0.1767319440841674,0,0,0,,,,0,,,,,,0,,,,,
bge_m3_1024d,en_gloss_unihan,攵,19,19,0.0077659650705754,19,19,19,0.0301999331108833,0.0301999331108833,0.0301999331108833,19,0.0,0.1578947368421052,0.1578947368421052,0.0393709713379828,2091.0,19,0.0526315789473684,0.1052631578947368,0.1052631578947368,0.0692418816683588,353.0
bge_m3_1024d,en_gloss_unihan,敕,1,1,,0,0,0,,,,0,,,,,,0,,,,,
bge_m3_1024d,en_gloss_unihan,文,1,1,,0,0,0,,,,0,,,,,,0,,,,,
bge_m3_1024d,en_gloss_unihan,斗,7,7,0.0066351434215903,7,7,0,0.0243632996987019,0.0243632996987019,,7,0.0,0.0,0.0,0.0003740777131842,3268.0,7,0.0,0.0,0.0,0.0013517987642878,814.0
bge_m3_1024d,en_gloss_unihan,斤,4,4,0.0990944728255271,4,0,0,0.1796794552356004,,,4,0.0,0.0,0.0,0.005300558734953,213.0,4,0.0,0.0,0.0,0.005177677465205,402.0
bge_m3_1024d,en_gloss_unihan,日,64,61,0.0505879037082195,64,64,64,0.2000132507746457,0.2000132507746457,0.2000132507746457,64,0.0,0.015625,0.109375,0.025894646351877,637.0,64,0.03125,0.09375,0.109375,0.0616340645655369,392.5
bge_m3_1024d,en_gloss_unihan,旨,1,1,,0,0,0,,,,0,,,,,,0,,,,,
bge_m3_1024d,en_gloss_unihan,是,1,1,,0,0,0,,,,0,,,,,,0,,,,,
bge_m3_1024d,en_gloss_unihan,曰,1,1,,0,0,0,,,,0,,,,,,0,,,,,
bge_m3_1024d,en_gloss_unihan,月,8,8,0.0517283007502555,8,8,0,0.1322530038887635,0.1322530038887635,,8,0.0,0.0,0.0,0.0012972360813207,3122.5,8,0.0,0.0,0.0,0.0018442032151165,607.0
bge_m3_1024d,en_gloss_unihan,木,255,239,0.0500555224716663,255,255,255,0.2116131683081096,0.2116131683081096,0.2116131683081096,255,0.0039215686274509,0.0196078431372549,0.0235294117647058,0.0125925208456583,3007.0,255,0.0117647058823529,0.0274509803921568,0.0392156862745098,0.0219067664349312,560.0
bge_m3_1024d,en_gloss_unihan,東,2,2,0.0617849826812744,0,0,0,,,,0,,,,,,0,,,,,
bge_m3_1024d,en_gloss_unihan,林,5,5,0.0226576328277587,5,0,0,0.046208481863141,,,5,0.0,0.0,0.0,0.0002505373511378,6702.0,5,0.0,0.0,0.0,0.0017540661073393,663.0
bge_m3_1024d,en_gloss_unihan,欠,25,24,0.0272103659808635,25,25,25,0.1053452772274613,0.1053452772274613,0.1053452772274613,25,0.0,0.0,0.0,0.0005666631488775,3427.0,25,0.0,0.0,0.0,0.0062430097236895,698.0
bge_m3_1024d,en_gloss_unihan,止,2,2,0.0336443185806274,0,0,0,,,,0,,,,,,0,,,,,
bge_m3_1024d,en_gloss_unihan,步,1,1,,0,0,0,,,,0,,,,,,0,,,,,
bge_m3_1024d,en_gloss_unihan,歹,17,17,0.0866951122879982,17,17,17,0.2341835312545299,0.2341835312545299,0.2341835312545299,17,0.0,0.0588235294117647,0.0588235294117647,0.0224067556007324,958.0,17,0.0588235294117647,0.0588235294117647,0.0588235294117647,0.0629823206004457,597.0
bge_m3_1024d,en_gloss_unihan,死,1,1,,0,0,0,,,,0,,,,,,0,,,,,
bge_m3_1024d,en_gloss_unihan,殳,2,2,0.0143358707427978,0,0,0,,,,0,,,,,,0,,,,,
bge_m3_1024d,en_gloss_unihan,比,1,1,,0,0,0,,,,0,,,,,,0,,,,,
bge_m3_1024d,en_gloss_unihan,毛,9,9,0.0555980987846851,9,9,9,0.1354403301245636,0.1354403301245636,0.1354403301245636,9,0.0,0.1111111111111111,0.1111111111111111,0.0232791620063383,3500.0,9,0.0,0.0,0.1111111111111111,0.0169088418083769,313.0
bge_m3_1024d,en_gloss_unihan,民,1,1,,0,0,0,,,,0,,,,,,0,,,,,
bge_m3_1024d,en_gloss_unihan,气,2,2,0.1489043235778808,0,0,0,,,,0,,,,,,0,,,,,
bge_m3_1024d,en_gloss_unihan,水,4,4,0.0679635629057884,4,0,0,0.1103031150996685,,,4,0.0,0.0,0.0,0.0002028322054918,5870.5,4,0.0,0.0,0.0,0.0028954399921486,431.5
bge_m3_1024d,en_gloss_unihan,氵,316,278,0.0647272914648056,316,316,316,0.2387837410102822,0.2387837410102822,0.2387837410102822,316,0.0094936708860759,0.0158227848101265,0.0253164556962025,0.0160274448796588,1809.0,316,0.0221518987341772,0.0284810126582278,0.0379746835443038,0.0305953570391897,514.5
bge_m3_1024d,en_gloss_unihan,火,60,59,0.0710847675800323,60,60,60,0.238616514361153,0.238616514361153,0.238616514361153,60,0.0166666666666666,0.0333333333333333,0.0666666666666666,0.0360520773298398,502.0,60,0.0166666666666666,0.05,0.1,0.0404449529625627,541.0
bge_m3_1024d,en_gloss_unihan,灬,3,3,0.0260338392108678,0,0,0,,,,0,,,,,,0,,,,,
bge_m3_1024d,en_gloss_unihan,爪,1,1,,0,0,0,,,,0,,,,,,0,,,,,
bge_m3_1024d,en_gloss_unihan,爭,1,1,,0,0,0,,,,0,,,,,,0,,,,,
bge_m3_1024d,en_gloss_unihan,父,1,1,,0,0,0,,,,0,,,,,,0,,,,,
bge_m3_1024d,en_gloss_unihan,爿,1,1,,0,0,0,,,,0,,,,,,0,,,,,
bge_m3_1024d,en_gloss_unihan,片,3,3,0.1875451356172561,0,0,0,,,,0,,,,,,0,,,,,
bge_m3_1024d,en_gloss_unihan,牛,1,1,,0,0,0,,,,0,,,,,,0,,,,,
bge_m3_1024d,en_gloss_unihan,牜,14,14,0.0417191833257675,14,14,14,0.1258513628106032,0.1258513628106032,0.1258513628106032,14,0.0,0.0,0.0,0.0083124948783918,3090.5,14,0.0,0.0,0.0,0.0110015802281119,518.5
bge_m3_1024d,en_gloss_unihan,犬,5,5,-0.0298736579716205,5,0,0,-0.0611876301467418,,,5,0.0,0.0,0.0,0.0008324467759126,2345.0,5,0.0,0.0,0.0,0.006958657050865,564.0
bge_m3_1024d,en_gloss_unihan,犭,39,39,0.0422486513853073,39,39,39,0.1657547322221291,0.1657547322221291,0.1657547322221291,39,0.0,0.0,0.0,0.0011278206628825,3976.0,39,0.0,0.0,0.0,0.0015735238748025,714.0
bge_m3_1024d,en_gloss_unihan,玄,1,1,,0,0,0,,,,0,,,,,,0,,,,,
bge_m3_1024d,en_gloss_unihan,玉,3,3,0.0866200923919677,0,0,0,,,,0,,,,,,0,,,,,
bge_m3_1024d,en_gloss_unihan,王,78,76,0.1269461065530777,78,78,78,0.3411433283263483,0.3411433283263483,0.3411433283263483,78,0.0,0.0128205128205128,0.0128205128205128,0.0078172250149371,1076.0,78,0.0,0.0256410256410256,0.0256410256410256,0.0123257605803173,518.0
bge_m3_1024d,en_gloss_unihan,瓜,2,2,0.0886541604995727,0,0,0,,,,0,,,,,,0,,,,,
bge_m3_1024d,en_gloss_unihan,瓦,7,7,0.1772470474243164,7,7,0,0.3181391592536653,0.3181391592536653,,7,0.0,0.0,0.0,0.002015676050858,881.0,7,0.0,0.0,0.0,0.0115325802581238,241.0
bge_m3_1024d,en_gloss_unihan,田,13,13,0.0499377362430095,13,13,13,0.1464461616885203,0.1464461616885203,0.1464461616885203,13,0.0,0.0,0.0,0.001866629531116,1959.0,13,0.0,0.0769230769230769,0.0769230769230769,0.0451871807654511,568.0
bge_m3_1024d,en_gloss_unihan,申,1,1,,0,0,0,,,,0,,,,,,0,,,,,
bge_m3_1024d,en_gloss_unihan,男,2,2,0.2830473184585571,0,0,0,,,,0,,,,,,0,,,,,
bge_m3_1024d,en_gloss_unihan,畢,1,1,,0,0,0,,,,0,,,,,,0,,,,,
bge_m3_1024d,en_gloss_unihan,疒,73,69,0.099664032459259,73,73,73,0.292194538379777,0.292194538379777,0.292194538379777,73,0.0,0.0,0.0,0.0040415320738721,1575.0,73,0.0,0.0,0.0136986301369863,0.0057890455740574,537.0
bge_m3_1024d,en_gloss_unihan,癶,1,1,,0,0,0,,,,0,,,,,,0,,,,,
bge_m3_1024d,en_gloss_unihan,白,7,7,0.1247971206903457,7,7,0,0.2364522048405238,0.2364522048405238,,7,0.0,0.0,0.0,0.0149639297897018,165.0,7,0.0,0.0,0.0,0.005358668100659,280.0
bge_m3_1024d,en_gloss_unihan,皮,3,3,0.1757360249757766,0,0,0,,,,0,,,,,,0,,,,,
bge_m3_1024d,en_gloss_unihan,皿,11,11,0.0470157638192176,11,11,11,0.1292269531298767,0.1292269531298767,0.1292269531298767,11,0.0,0.0,0.0,0.0051310544813343,1903.0,11,0.0,0.0909090909090909,0.0909090909090909,0.0330369219546909,489.0
bge_m3_1024d,en_gloss_unihan,目,51,51,0.1026336774230003,51,51,51,0.2959338935712973,0.2959338935712973,0.2959338935712973,51,0.0,0.0392156862745098,0.0784313725490196,0.0208425425126369,218.0,51,0.0,0.0,0.0196078431372549,0.0097961683152979,611.0
bge_m3_1024d,en_gloss_unihan,矛,1,1,,0,0,0,,,,0,,,,,,0,,,,,
bge_m3_1024d,en_gloss_unihan,矢,6,6,0.002841297769919,6,6,0,0.0097962586830059,0.0097962586830059,,6,0.0,0.0,0.0,0.0004148409362177,3552.0,6,0.0,0.0,0.0,0.0133448868537664,297.0
bge_m3_1024d,en_gloss_unihan,石,56,53,0.0539007037878036,56,56,56,0.1981208222319505,0.1981208222319505,0.1981208222319505,56,0.0178571428571428,0.0178571428571428,0.0357142857142857,0.0210077154256084,1556.5,56,0.0178571428571428,0.0357142857142857,0.0357142857142857,0.0270401190257623,500.5
bge_m3_1024d,en_gloss_unihan,示,5,5,0.0338062047958374,5,0,0,0.0616586089134216,,,5,0.0,0.0,0.0,0.0006840284377172,5405.0,5,0.0,0.0,0.2,0.0295880029802034,826.0
bge_m3_1024d,en_gloss_unihan,礻,36,36,0.0720159411430358,36,36,36,0.229947459935728,0.229947459935728,0.229947459935728,36,0.0,0.0,0.0,0.0063286574335701,968.0,36,0.0277777777777777,0.1111111111111111,0.1111111111111111,0.0538947523915278,454.0
bge_m3_1024d,en_gloss_unihan,禾,44,44,0.0470967292785644,44,44,44,0.1832653601145879,0.1832653601145879,0.1832653601145879,44,0.0,0.0454545454545454,0.0454545454545454,0.0145824477412779,2890.0,44,0.0,0.0454545454545454,0.0454545454545454,0.0146759636561304,343.0
bge_m3_1024d,en_gloss_unihan,穴,27,27,0.0518180802464485,27,27,27,0.1763895338366705,0.1763895338366705,0.1763895338366705,27,0.037037037037037,0.037037037037037,0.037037037037037,0.0383988167153428,2614.0,27,0.037037037037037,0.037037037037037,0.037037037037037,0.0422419626889834,581.0
bge_m3_1024d,en_gloss_unihan,立,5,5,0.0078825950622558,5,0,0,0.015122789889574,,,5,0.0,0.0,0.0,0.0017856681223644,1774.0,5,0.0,0.0,0.0,0.004306923746571,230.0
bge_m3_1024d,en_gloss_unihan,竹,105,101,0.086701214313507,105,105,105,0.277495505093109,0.277495505093109,0.277495505093109,105,0.0095238095238095,0.019047619047619,0.0285714285714285,0.0177673456744891,2386.0,105,0.0,0.019047619047619,0.0285714285714285,0.0147094415352849,523.0
bge_m3_1024d,en_gloss_unihan,箕,1,1,,0,0,0,,,,0,,,,,,0,,,,,
bge_m3_1024d,en_gloss_unihan,米,26,26,0.0848679915070533,26,26,26,0.2478541517272018,0.2478541517272018,0.2478541517272018,26,0.0,0.0,0.0384615384615384,0.0108480734118733,2724.0,26,0.0,0.0,0.0,0.0056050722933227,664.5
bge_m3_1024d,en_gloss_unihan,糸,160,154,0.0476769916713237,160,160,160,0.2042934360855724,0.2042934360855724,0.2042934360855724,160,0.0,0.0125,0.0125,0.0070270247364478,2068.5,160,0.0,0.0375,0.04375,0.0190258564353378,442.5
bge_m3_1024d,en_gloss_unihan,縣,1,1,,0,0,0,,,,0,,,,,,0,,,,,
bge_m3_1024d,en_gloss_unihan,缶,3,3,0.1385602504014969,0,0,0,,,,0,,,,,,0,,,,,
bge_m3_1024d,en_gloss_unihan,网,1,1,,0,0,0,,,,0,,,,,,0,,,,,
bge_m3_1024d,en_gloss_unihan,罒,5,5,0.1277655810117721,5,0,0,0.2174001544713974,,,5,0.0,0.0,0.0,0.0008433102959574,5486.0,5,0.0,0.0,0.0,0.0032750714534872,343.0
bge_m3_1024d,en_gloss_unihan,羊,8,8,0.0947637408971786,8,8,0,0.2062375932000577,0.2062375932000577,,8,0.0,0.0,0.0,0.0099197317603568,1766.5,8,0.0,0.0,0.0,0.00236140758582,733.0
bge_m3_1024d,en_gloss_unihan,羽,20,20,0.0644154325127601,20,20,20,0.1915078084915876,0.1915078084915876,0.1915078084915876,20,0.0,0.0,0.0,0.0055292445148203,1722.5,20,0.0,0.0,0.0,0.0050246837990435,473.5
bge_m3_1024d,en_gloss_unihan,習,1,1,,0,0,0,,,,0,,,,,,0,,,,,
bge_m3_1024d,en_gloss_unihan,老,3,3,0.244636133313179,0,0,0,,,,0,,,,,,0,,,,,
bge_m3_1024d,en_gloss_unihan,耂,1,1,,0,0,0,,,,0,,,,,,0,,,,,
bge_m3_1024d,en_gloss_unihan,耒,7,7,0.0609556138515472,7,7,0,0.1344357516084398,0.1344357516084398,,7,0.0,0.0,0.0,0.0010498318961104,2228.0,7,0.0,0.0,0.0,0.0034894850535599,807.0
bge_m3_1024d,en_gloss_unihan,耳,9,9,0.0365055128931999,9,9,9,0.1007598969671461,0.1007598969671461,0.1007598969671461,9,0.0,0.0,0.0,0.0015379209325007,1210.0,9,0.0,0.0,0.0,0.0077613793639645,617.0
bge_m3_1024d,en_gloss_unihan,肉,106,100,0.0560330785810947,106,106,106,0.2150125878353445,0.2150125878353445,0.2150125878353445,106,0.0094339622641509,0.0188679245283018,0.0188679245283018,0.016627661925843,2995.5,106,0.0094339622641509,0.0188679245283018,0.0283018867924528,0.0212297964203601,631.0
bge_m3_1024d,en_gloss_unihan,臣,1,1,,0,0,0,,,,0,,,,,,0,,,,,
bge_m3_1024d,en_gloss_unihan,臤,1,1,,0,0,0,,,,0,,,,,,0,,,,,
bge_m3_1024d,en_gloss_unihan,臥,1,1,,0,0,0,,,,0,,,,,,0,,,,,
bge_m3_1024d,en_gloss_unihan,自,1,1,,0,0,0,,,,0,,,,,,0,,,,,
bge_m3_1024d,en_gloss_unihan,至,2,2,0.2421412467956543,0,0,0,,,,0,,,,,,0,,,,,
bge_m3_1024d,en_gloss_unihan,舌,1,1,,0,0,0,,,,0,,,,,,0,,,,,
bge_m3_1024d,en_gloss_unihan,舛,1,1,,0,0,0,,,,0,,,,,,0,,,,,
bge_m3_1024d,en_gloss_unihan,舟,16,16,0.1849236488342285,16,16,16,0.3808938935399055,0.3808938935399055,0.3808938935399055,16,0.0,0.0625,0.0625,0.0307650015217214,219.0,16,0.0,0.0,0.0,0.003437525224409,547.5
bge_m3_1024d,en_gloss_unihan,色,1,1,,0,0,0,,,,0,,,,,,0,,,,,
bge_m3_1024d,en_gloss_unihan,艹,270,242,0.0650706961750984,270,270,270,0.2370606359646276,0.2370606359646276,0.2370606359646276,270,0.0,0.0074074074074074,0.0074074074074074,0.0045715820855871,3723.5,270,0.0111111111111111,0.0222222222222222,0.0296296296296296,0.0208774004449857,549.0
bge_m3_1024d,en_gloss_unihan,蕇,1,1,,0,0,0,,,,0,,,,,,0,,,,,
bge_m3_1024d,en_gloss_unihan,虍,3,3,-0.0010578235378488,0,0,0,,,,0,,,,,,0,,,,,
bge_m3_1024d,en_gloss_unihan,虎,1,1,,0,0,0,,,,0,,,,,,0,,,,,
bge_m3_1024d,en_gloss_unihan,虫,124,117,0.1160706430673599,124,124,124,0.3238799450919032,0.3238799450919032,0.3238799450919032,124,0.0080645161290322,0.0080645161290322,0.0080645161290322,0.0097786447262862,2308.0,124,0.0080645161290322,0.0080645161290322,0.0161290322580645,0.0135514354118793,521.0
bge_m3_1024d,en_gloss_unihan,血,4,4,0.075947605073452,4,0,0,0.1505768783390522,,,4,0.0,0.0,0.0,0.0079709951581485,1401.5,4,0.0,0.25,0.25,0.0843948434892707,685.5
bge_m3_1024d,en_gloss_unihan,行,7,7,0.040116399526596,7,7,0,0.1039212016122681,0.1039212016122681,,7,0.1428571428571428,0.1428571428571428,0.1428571428571428,0.1436903038398784,2041.0,7,0.1428571428571428,0.1428571428571428,0.1428571428571428,0.1439681155589434,988.0
bge_m3_1024d,en_gloss_unihan,衣,18,18,0.064613938331604,18,18,18,0.1884406610495514,0.1884406610495514,0.1884406610495514,18,0.0,0.0,0.0,0.0019032824929028,760.0,18,0.0,0.0555555555555555,0.0555555555555555,0.0369267746079824,450.5
bge_m3_1024d,en_gloss_unihan,衤,57,56,0.0762758553028106,57,57,57,0.2509336042985843,0.2509336042985843,0.2509336042985843,57,0.0,0.0,0.0,0.0047045015758719,1766.0,57,0.0,0.0,0.0,0.004782264847255,658.0
bge_m3_1024d,en_gloss_unihan,襾,1,1,,0,0,0,,,,0,,,,,,0,,,,,
bge_m3_1024d,en_gloss_unihan,覀,1,1,,0,0,0,,,,0,,,,,,0,,,,,
bge_m3_1024d,en_gloss_unihan,見,8,8,0.0349707268178463,8,8,0,0.0856919691432267,0.0856919691432267,,8,0.0,0.0,0.0,0.0172715965897525,559.0,8,0.0,0.0,0.0,0.0060854085242455,600.5
bge_m3_1024d,en_gloss_unihan,角,9,9,0.0473892018198967,9,9,9,0.121795589932137,0.121795589932137,0.121795589932137,9,0.0,0.0,0.0,0.0006670776110204,2353.0,9,0.0,0.0,0.0,0.0023122980245918,479.0
bge_m3_1024d,en_gloss_unihan,言,150,143,0.0413465574383735,150,150,150,0.1858533901969591,0.1858533901969591,0.1858533901969591,150,0.0133333333333333,0.04,0.0466666666666666,0.0262984019350681,923.5,150,0.0266666666666666,0.0466666666666666,0.06,0.0428266871477748,520.0
bge_m3_1024d,en_gloss_unihan,谷,2,2,0.021417498588562,0,0,0,,,,0,,,,,,0,,,,,
bge_m3_1024d,en_gloss_unihan,豆,2,2,0.1069680452346801,0,0,0,,,,0,,,,,,0,,,,,
bge_m3_1024d,en_gloss_unihan,豕,6,6,0.2704727351665497,6,6,0,0.4297132467230161,0.4297132467230161,,6,0.0,0.3333333333333333,0.3333333333333333,0.1513567831171224,37.5,6,0.0,0.0,0.0,0.0024313448638107,465.5
bge_m3_1024d,en_gloss_unihan,象,1,1,,0,0,0,,,,0,,,,,,0,,,,,
bge_m3_1024d,en_gloss_unihan,豸,12,12,0.0823493301868438,12,12,12,0.2024942593028148,0.2024942593028148,0.2024942593028148,12,0.0,0.0,0.0,0.00129604065855,1796.0,12,0.0,0.0,0.0,0.0031462312606537,667.5
bge_m3_1024d,en_gloss_unihan,貝,44,42,0.0577413477003574,44,44,44,0.199467527129772,0.199467527129772,0.199467527129772,44,0.0,0.0,0.0,0.0058337376572803,615.5,44,0.0,0.0,0.0227272727272727,0.0104744412689867,333.5
bge_m3_1024d,en_gloss_unihan,赤,2,2,0.1821126937866211,0,0,0,,,,0,,,,,,0,,,,,
bge_m3_1024d,en_gloss_unihan,走,16,16,0.0172489080578088,16,16,16,0.0594931576633825,0.0594931576633825,0.0594931576633825,16,0.0,0.0,0.0,0.0011089333813035,4639.5,16,0.0,0.0,0.0,0.0045145557775921,828.0
bge_m3_1024d,en_gloss_unihan,足,3,3,0.0470808744430542,0,0,0,,,,0,,,,,,0,,,,,
bge_m3_1024d,en_gloss_unihan,身,3,3,0.0601682662963867,0,0,0,,,,0,,,,,,0,,,,,
bge_m3_1024d,en_gloss_unihan,車,53,53,0.0711837261915206,53,53,53,0.2409616064209983,0.2409616064209983,0.2409616064209983,53,0.0,0.0,0.0,0.0024455329889276,2690.0,53,0.0,0.0,0.0,0.0053072501344535,608.0
bge_m3_1024d,en_gloss_unihan,辛,2,2,-0.0357202887535095,0,0,0,,,,0,,,,,,0,,,,,
bge_m3_1024d,en_gloss_unihan,辶,69,69,0.0419198609888553,69,69,69,0.179142051524874,0.179142051524874,0.179142051524874,69,0.0,0.0,0.0144927536231884,0.005337164566535,1144.0,69,0.0144927536231884,0.0144927536231884,0.0144927536231884,0.0196675089867411,646.0
bge_m3_1024d,en_gloss_unihan,邑,1,1,,0,0,0,,,,0,,,,,,0,,,,,
bge_m3_1024d,en_gloss_unihan,酉,32,31,0.0915316417813301,32,32,32,0.2592041281750425,0.2592041281750425,0.2592041281750425,32,0.0,0.03125,0.03125,0.0134861219841713,1157.0,32,0.0,0.0,0.0,0.0038408319411056,558.5
bge_m3_1024d,en_gloss_unihan,釆,2,2,-0.2028743624687194,0,0,0,,,,0,,,,,,0,,,,,
bge_m3_1024d,en_gloss_unihan,里,1,1,,0,0,0,,,,0,,,,,,0,,,,,
bge_m3_1024d,en_gloss_unihan,金,1,1,,0,0,0,,,,0,,,,,,0,,,,,
bge_m3_1024d,en_gloss_unihan,釒,136,130,0.0444918386638164,136,136,136,0.1920648943564361,0.1920648943564361,0.1920648943564361,136,0.0073529411764705,0.0147058823529411,0.0220588235294117,0.0107252057748425,3081.0,136,0.0147058823529411,0.0147058823529411,0.0294117647058823,0.0209518327001918,521.0
bge_m3_1024d,en_gloss_unihan,門,31,31,0.0435100756585598,31,31,31,0.1614397741373508,0.1614397741373508,0.1614397741373508,31,0.032258064516129,0.032258064516129,0.032258064516129,0.0351636809596115,1255.0,31,0.032258064516129,0.032258064516129,0.032258064516129,0.0378163686916873,479.0
bge_m3_1024d,en_gloss_unihan,阝,118,110,0.0856353566050529,118,118,118,0.2771438747423432,0.2771438747423432,0.2771438747423432,118,0.0,0.0084745762711864,0.0084745762711864,0.0067378853994322,2880.5,118,0.0,0.0084745762711864,0.0338983050847457,0.0123534805361244,547.5
bge_m3_1024d,en_gloss_unihan,隹,14,14,0.0138102937489748,14,14,14,0.0555766195591007,0.0555766195591007,0.0555766195591007,14,0.0,0.0,0.0,0.0003943051751356,3032.5,14,0.0,0.0,0.0,0.0031448193084216,665.5
bge_m3_1024d,en_gloss_unihan,雈,1,1,,0,0,0,,,,0,,,,,,0,,,,,
bge_m3_1024d,en_gloss_unihan,雨,26,26,0.0827359482645988,26,26,26,0.2430965920480398,0.2430965920480398,0.2430965920480398,26,0.0384615384615384,0.0384615384615384,0.0384615384615384,0.0432686159615347,585.0,26,0.0384615384615384,0.0769230769230769,0.0769230769230769,0.0606576930632802,632.0
bge_m3_1024d,en_gloss_unihan,雲,2,2,0.4998722076416015,0,0,0,,,,0,,,,,,0,,,,,
bge_m3_1024d,en_gloss_unihan,非,1,1,,0,0,0,,,,0,,,,,,0,,,,,
bge_m3_1024d,en_gloss_unihan,面,2,2,0.0069568157196044,0,0,0,,,,0,,,,,,0,,,,,
bge_m3_1024d,en_gloss_unihan,革,30,30,0.1040646955370903,30,30,30,0.2864862541357676,0.2864862541357676,0.2864862541357676,30,0.0,0.0,0.0333333333333333,0.0065462117123981,1981.0,30,0.0333333333333333,0.1,0.1333333333333333,0.0560828570798703,505.5
bge_m3_1024d,en_gloss_unihan,韋,8,8,0.0829023495316505,8,8,0,0.1895948071032762,0.1895948071032762,,8,0.0,0.0,0.0,0.0009708118044853,3219.0,8,0.0,0.0,0.0,0.0043395824806999,896.5
bge_m3_1024d,en_gloss_unihan,韮,1,1,,0,0,0,,,,0,,,,,,0,,,,,
bge_m3_1024d,en_gloss_unihan,音,3,3,0.0570522956550121,0,0,0,,,,0,,,,,,0,,,,,
bge_m3_1024d,en_gloss_unihan,頁,42,42,0.0231926850974559,42,42,42,0.109726405813403,0.109726405813403,0.109726405813403,42,0.0,0.0,0.0,0.0024126596315901,2245.0,42,0.0,0.0,0.0,0.0064866160198459,437.0
bge_m3_1024d,en_gloss_unihan,風,9,9,0.1698794960975647,9,9,9,0.3322176784276962,0.3322176784276962,0.3322176784276962,9,0.1111111111111111,0.1111111111111111,0.2222222222222222,0.135661353714136,718.0,9,0.0,0.1111111111111111,0.1111111111111111,0.0367264857167816,81.0
bge_m3_1024d,en_gloss_unihan,食,5,5,0.0368050560355186,5,0,0,0.0712728928774595,,,5,0.0,0.0,0.0,0.0005003013026688,4086.0,5,0.0,0.0,0.0,0.0055322803661992,344.0
bge_m3_1024d,en_gloss_unihan,飠,36,36,0.0812697261571884,36,36,36,0.2492091208696365,0.2492091208696365,0.2492091208696365,36,0.0,0.0,0.0277777777777777,0.0080321273391912,947.5,36,0.0,0.0555555555555555,0.0833333333333333,0.0321571277794617,592.5
bge_m3_1024d,en_gloss_unihan,首,2,2,-0.0149860382080078,0,0,0,,,,0,,,,,,0,,,,,
bge_m3_1024d,en_gloss_unihan,香,1,1,,0,0,0,,,,0,,,,,,0,,,,,
bge_m3_1024d,en_gloss_unihan,馬,57,57,0.0736142694950103,57,57,57,0.2474027904763556,0.2474027904763556,0.2474027904763556,57,0.0,0.0175438596491228,0.0175438596491228,0.0128429863917211,1676.0,57,0.0175438596491228,0.0350877192982456,0.0526315789473684,0.0292067696542891,640.0
bge_m3_1024d,en_gloss_unihan,骨,13,13,0.0951077118515968,13,13,13,0.2321066107027805,0.2321066107027805,0.2321066107027805,13,0.0,0.0,0.0,0.0070293333408322,561.0,13,0.0,0.0,0.0,0.0024030838456607,648.0
bge_m3_1024d,en_gloss_unihan,高,1,1,,0,0,0,,,,0,,,,,,0,,,,,
bge_m3_1024d,en_gloss_unihan,髟,16,16,0.0816985741257667,16,16,16,0.2222381007159128,0.2222381007159128,0.2222381007159128,16,0.0,0.0625,0.0625,0.0430457269922974,167.5,16,0.0625,0.1875,0.25,0.1267097324875806,389.0
bge_m3_1024d,en_gloss_unihan,鬥,3,3,0.0358802080154418,0,0,0,,,,0,,,,,,0,,,,,
bge_m3_1024d,en_gloss_unihan,鬼,11,11,0.1068751439452171,11,11,11,0.2439392587508667,0.2439392587508667,0.2439392587508667,11,0.0,0.0,0.0909090909090909,0.0148956623022076,464.0,11,0.0,0.0,0.0,0.0045180795967164,529.0
bge_m3_1024d,en_gloss_unihan,魚,48,47,0.1602266728878021,48,48,48,0.3766268463805318,0.3766268463805318,0.3766268463805318,48,0.0,0.0,0.0,0.003728804311995,1728.0,48,0.0,0.0,0.0,0.0058129218140773,408.5
bge_m3_1024d,en_gloss_unihan,鳥,62,60,0.1027044430375099,62,62,62,0.2950438542531863,0.2950438542531863,0.2950438542531863,62,0.0,0.0,0.0,0.001926106773647,2423.0,62,0.0,0.0,0.0,0.0061003740213225,399.0
bge_m3_1024d,en_gloss_unihan,鹵,3,3,0.2822206914424896,0,0,0,,,,0,,,,,,0,,,,,
bge_m3_1024d,en_gloss_unihan,鹽,1,1,,0,0,0,,,,0,,,,,,0,,,,,
bge_m3_1024d,en_gloss_unihan,鹿,7,7,0.081614926457405,7,7,0,0.179328188832317,0.179328188832317,,7,0.0,0.1428571428571428,0.1428571428571428,0.0479842742216812,3400.0,7,0.0,0.0,0.0,0.0057631457892904,743.0
bge_m3_1024d,en_gloss_unihan,麥,4,4,0.0582020282745361,4,0,0,0.1031966432929039,,,4,0.0,0.25,0.25,0.1251244011691763,5802.0,4,0.25,0.25,0.25,0.2512129507718657,528.5
bge_m3_1024d,en_gloss_unihan,麻,1,1,,0,0,0,,,,0,,,,,,0,,,,,
bge_m3_1024d,en_gloss_unihan,黍,2,2,0.264631986618042,0,0,0,,,,0,,,,,,0,,,,,
bge_m3_1024d,en_gloss_unihan,黑,17,17,0.0740664824843406,17,17,17,0.2101105460349251,0.2101105460349251,0.2101105460349251,17,0.0,0.0,0.0,0.0018634636834656,2713.0,17,0.0,0.0,0.0,0.0041629398047507,495.0
bge_m3_1024d,en_gloss_unihan,黹,2,2,0.2643079757690429,0,0,0,,,,0,,,,,,0,,,,,
bge_m3_1024d,en_gloss_unihan,黽,1,1,,0,0,0,,,,0,,,,,,0,,,,,
bge_m3_1024d,en_gloss_unihan,鼎,2,2,0.3794139623641968,0,0,0,,,,0,,,,,,0,,,,,
bge_m3_1024d,en_gloss_unihan,鼓,4,4,0.366250604391098,4,0,0,0.4842997267842293,,,4,0.0,0.5,0.75,0.2234669811320754,6.0,4,0.0,0.0,0.0,0.0117070816361167,651.0
bge_m3_1024d,en_gloss_unihan,鼠,5,5,0.0945822224020958,5,0,0,0.1682050496339798,,,5,0.0,0.0,0.0,0.0012372061711561,1124.0,5,0.0,0.0,0.0,0.0073438898265115,183.0
bge_m3_1024d,en_gloss_unihan,鼻,2,2,0.1238002777099609,0,0,0,,,,0,,,,,,0,,,,,
bge_m3_1024d,en_gloss_unihan,齒,16,15,0.1431017220020294,16,16,16,0.3161196494475007,0.3161196494475007,0.3161196494475007,16,0.0,0.0625,0.125,0.0316186300864883,164.0,16,0.0,0.0,0.0,0.0046688647497478,865.0
bge_m3_1024d,en_gloss_unihan,龍,1,1,,0,0,0,,,,0,,,,,,0,,,,,
bge_m3_1024d,en_gloss_unihan,龠,2,2,0.1283271312713623,0,0,0,,,,0,,,,,,0,,,,,
bge_m3_1024d,en_gloss_unihan,𠘨,1,1,,0,0,0,,,,0,,,,,,0,,,,,
bge_m3_1024d,en_gloss_unihan,𠚕,1,1,,0,0,0,,,,0,,,,,,0,,,,,
bge_m3_1024d,en_gloss_unihan,𠫓,1,1,,0,0,0,,,,0,,,,,,0,,,,,
bge_m3_1024d,en_gloss_unihan,𡱕,1,1,,0,0,0,,,,0,,,,,,0,,,,,
bge_m3_1024d,en_gloss_unihan,𢆶,1,1,,0,0,0,,,,0,,,,,,0,,,,,
bge_m3_1024d,en_gloss_unihan,𣶒,1,1,,0,0,0,,,,0,,,,,,0,,,,,
bge_m3_1024d,en_gloss_unihan,𤤴,3,3,0.336796760559082,0,0,0,,,,0,,,,,,0,,,,,
bge_m3_1024d,en_gloss_unihan,𦍌,1,1,,0,0,0,,,,0,,,,,,0,,,,,
bge_m3_1024d,en_gloss_unihan,𧾷,65,64,0.0776260867714881,65,65,65,0.2545776212444672,0.2545776212444672,0.2545776212444672,65,0.0,0.0,0.0153846153846153,0.0082814902602201,736.0,65,0.0153846153846153,0.0307692307692307,0.0461538461538461,0.0267494379888086,470.0
bge_m3_1024d,zh_char,⺝,1,1,,0,0,0,,,,0,,,,,,0,,,,,
bge_m3_1024d,zh_char,㐬,1,1,,0,0,0,,,,0,,,,,,0,,,,,
bge_m3_1024d,zh_char,㐭,1,1,,0,0,0,,,,0,,,,,,0,,,,,
bge_m3_1024d,zh_char,㐺,1,1,,0,0,0,,,,0,,,,,,0,,,,,
bge_m3_1024d,zh_char,㔾,1,1,,0,0,0,,,,0,,,,,,0,,,,,
bge_m3_1024d,zh_char,㗊,1,1,,0,0,0,,,,0,,,,,,0,,,,,
bge_m3_1024d,zh_char,㝱,3,3,0.1506050080060959,0,0,0,,,,0,,,,,,0,,,,,
bge_m3_1024d,zh_char,㣺,2,2,-0.049663245677948,0,0,0,,,,0,,,,,,0,,,,,
bge_m3_1024d,zh_char,㫃,14,14,0.1662359088659286,14,14,14,0.3546771336612956,0.3546771336612956,0.3546771336612956,14,0.0,0.0,0.0,0.000461847681804,1677.5,14,0.0,0.0,0.0714285714285714,0.0108487696430269,632.5
bge_m3_1024d,zh_char,㹜,1,1,,0,0,0,,,,0,,,,,,0,,,,,
bge_m3_1024d,zh_char,㾜,1,1,,0,0,0,,,,0,,,,,,0,,,,,
bge_m3_1024d,zh_char,䀠,1,1,,0,0,0,,,,0,,,,,,0,,,,,
bge_m3_1024d,zh_char,䖵,5,5,-0.0880501046776771,5,0,0,-0.1754586108028888,,,5,0.0,0.0,0.0,0.0001528938776442,7582.0,5,0.0,0.0,0.0,0.0011860572099902,883.0
bge_m3_1024d,zh_char,一,3,3,-0.0594003200531005,0,0,0,,,,0,,,,,,0,,,,,
bge_m3_1024d,zh_char,丂,1,1,,0,0,0,,,,0,,,,,,0,,,,,
bge_m3_1024d,zh_char,与,1,1,,0,0,0,,,,0,,,,,,0,,,,,
bge_m3_1024d,zh_char,丠,1,1,,0,0,0,,,,0,,,,,,0,,,,,
bge_m3_1024d,zh_char,丮,1,1,,0,0,0,,,,0,,,,,,0,,,,,
bge_m3_1024d,zh_char,乑,1,1,,0,0,0,,,,0,,,,,,0,,,,,
bge_m3_1024d,zh_char,乙,3,3,-0.049992561340332,0,0,0,,,,0,,,,,,0,,,,,
bge_m3_1024d,zh_char,二,2,2,-0.000421404838562,0,0,0,,,,0,,,,,,0,,,,,
bge_m3_1024d,zh_char,云,1,1,,0,0,0,,,,0,,,,,,0,,,,,
bge_m3_1024d,zh_char,京,1,1,,0,0,0,,,,0,,,,,,0,,,,,
bge_m3_1024d,zh_char,人,2,2,-0.0878447294235229,0,0,0,,,,0,,,,,,0,,,,,
bge_m3_1024d,zh_char,亻,201,184,0.0320906527340412,201,201,201,0.1629860550605353,0.1629860550605353,0.1629860550605353,201,0.0298507462686567,0.0696517412935323,0.0845771144278607,0.0483529667582333,5808.0,201,0.0597014925373134,0.0895522388059701,0.099502487562189,0.0815039523709406,370.0
bge_m3_1024d,zh_char,儿,2,2,-0.0912317037582397,0,0,0,,,,0,,,,,,0,,,,,
bge_m3_1024d,zh_char,光,1,1,,0,0,0,,,,0,,,,,,0,,,,,
bge_m3_1024d,zh_char,兮,1,1,,0,0,0,,,,0,,,,,,0,,,,,
bge_m3_1024d,zh_char,共,1,1,,0,0,0,,,,0,,,,,,0,,,,,
bge_m3_1024d,zh_char,冂,1,1,,0,0,0,,,,0,,,,,,0,,,,,
bge_m3_1024d,zh_char,冃,2,2,0.2177362442016601,0,0,0,,,,0,,,,,,0,,,,,
bge_m3_1024d,zh_char,冖,2,2,-0.1170283555984497,0,0,0,,,,0,,,,,,0,,,,,
bge_m3_1024d,zh_char,冥,1,1,,0,0,0,,,,0,,,,,,0,,,,,
bge_m3_1024d,zh_char,冫,13,13,0.0279535390436649,13,13,13,0.0866851810939036,0.0866851810939036,0.0866851810939036,13,0.0,0.0,0.0,0.0008568979514305,5921.0,13,0.0,0.0,0.0,0.0032624237767724,858.0
bge_m3_1024d,zh_char,几,1,1,,0,0,0,,,,0,,,,,,0,,,,,
bge_m3_1024d,zh_char,刀,3,3,0.1164044961333274,0,0,0,,,,0,,,,,,0,,,,,
bge_m3_1024d,zh_char,刂,37,37,0.0303194597363472,37,37,37,0.1449516173955556,0.1449516173955556,0.1449516173955556,37,0.0,0.027027027027027,0.027027027027027,0.0105098909290436,5781.0,37,0.0,0.027027027027027,0.027027027027027,0.0182701579122085,393.0
bge_m3_1024d,zh_char,力,23,22,0.0185242779552936,23,23,23,0.0770266785326859,0.0770266785326859,0.0770266785326859,23,0.0,0.0434782608695652,0.0434782608695652,0.010699743383284,5820.0,23,0.0,0.0,0.1304347826086956,0.0242498084500633,355.0
bge_m3_1024d,zh_char,勹,3,3,0.0774720907211303,0,0,0,,,,0,,,,,,0,,,,,
bge_m3_1024d,zh_char,匕,1,1,,0,0,0,,,,0,,,,,,0,,,,,
bge_m3_1024d,zh_char,匚,8,8,0.0729882344603538,8,8,0,0.1712010572664439,0.1712010572664439,,8,0.0,0.0,0.0,0.0010923526030665,3202.5,8,0.0,0.0,0.0,0.0059538488683995,362.5
bge_m3_1024d,zh_char,匸,2,2,-0.0290160775184631,0,0,0,,,,0,,,,,,0,,,,,
bge_m3_1024d,zh_char,十,3,3,0.1759908199310302,0,0,0,,,,0,,,,,,0,,,,,
bge_m3_1024d,zh_char,卂,1,1,,0,0,0,,,,0,,,,,,0,,,,,
bge_m3_1024d,zh_char,午,1,1,,0,0,0,,,,0,,,,,,0,,,,,
bge_m3_1024d,zh_char,半,1,1,,0,0,0,,,,0,,,,,,0,,,,,
bge_m3_1024d,zh_char,卜,1,1,,0,0,0,,,,0,,,,,,0,,,,,
bge_m3_1024d,zh_char,卩,2,2,0.0255987644195556,0,0,0,,,,0,,,,,,0,,,,,
bge_m3_1024d,zh_char,卵,2,2,0.0748277902603149,0,0,0,,,,0,,,,,,0,,,,,
bge_m3_1024d,zh_char,厂,6,6,-0.1078088134527206,6,6,0,-0.1203492575635512,-0.1203492575635512,,6,0.0,0.0,0.0,0.0009521408963048,2426.5,6,0.0,0.1666666666666666,0.1666666666666666,0.0464197290099431,601.0
bge_m3_1024d,zh_char,厶,1,1,,0,0,0,,,,0,,,,,,0,,,,,
bge_m3_1024d,zh_char,去,1,1,,0,0,0,,,,0,,,,,,0,,,,,
bge_m3_1024d,zh_char,又,2,2,0.0016919374465942,0,0,0,,,,0,,,,,,0,,,,,
bge_m3_1024d,zh_char,口,172,157,0.0394272096455097,172,172,172,0.1799259271559327,0.1799259271559327,0.1799259271559327,172,0.0232558139534883,0.0290697674418604,0.0523255813953488,0.0317818393850658,2240.5,172,0.0174418604651162,0.0406976744186046,0.0523255813953488,0.0338682406012862,403.0
bge_m3_1024d,zh_char,可,1,1,,0,0,0,,,,0,,,,,,0,,,,,
bge_m3_1024d,zh_char,吅,1,1,,0,0,0,,,,0,,,,,,0,,,,,
bge_m3_1024d,zh_char,向,1,1,,0,0,0,,,,0,,,,,,0,,,,,
bge_m3_1024d,zh_char,喜,1,1,,0,0,0,,,,0,,,,,,0,,,,,
bge_m3_1024d,zh_char,囗,11,11,0.0500682294368743,11,11,11,0.1360182484442537,0.1360182484442537,0.1360182484442537,11,0.0,0.0,0.0,0.0123220492686146,143.0,11,0.0,0.0,0.0,0.0085661239322016,182.0
bge_m3_1024d,zh_char,土,94,92,0.0363429859280586,94,94,94,0.1709667950561468,0.1709667950561468,0.1709667950561468,94,0.0425531914893617,0.0531914893617021,0.0531914893617021,0.0460987786672269,6273.0,94,0.0319148936170212,0.0638297872340425,0.0638297872340425,0.0505234940401785,492.5
bge_m3_1024d,zh_char,士,1,1,,0,0,0,,,,0,,,,,,0,,,,,
bge_m3_1024d,zh_char,壬,1,1,,0,0,0,,,,0,,,,,,0,,,,,
bge_m3_1024d,zh_char,壴,1,1,,0,0,0,,,,0,,,,,,0,,,,,
bge_m3_1024d,zh_char,夂,2,2,0.0565681457519531,0,0,0,,,,0,,,,,,0,,,,,
bge_m3_1024d,zh_char,夊,1,1,,0,0,0,,,,0,,,,,,0,,,,,
bge_m3_1024d,zh_char,夕,1,1,,0,0,0,,,,0,,,,,,0,,,,,
bge_m3_1024d,zh_char,多,1,1,,0,0,0,,,,0,,,,,,0,,,,,
bge_m3_1024d,zh_char,大,6,6,-0.0219257995486259,6,6,0,0.0347720831632614,0.0347720831632614,,6,0.1666666666666666,0.1666666666666666,0.1666666666666666,0.1670047185435613,5431.5,6,0.1666666666666666,0.1666666666666666,0.1666666666666666,0.1708616706301015,230.0
bge_m3_1024d,zh_char,夨,1,1,,0,0,0,,,,0,,,,,,0,,,,,
bge_m3_1024d,zh_char,夭,1,1,,0,0,0,,,,0,,,,,,0,,,,,
bge_m3_1024d,zh_char,夰,1,1,,0,0,0,,,,0,,,,,,0,,,,,
bge_m3_1024d,zh_char,夸,1,1,,0,0,0,,,,0,,,,,,0,,,,,
bge_m3_1024d,zh_char,奢,1,1,,0,0,0,,,,0,,,,,,0,,,,,
bge_m3_1024d,zh_char,女,121,116,0.0576331727206707,121,121,121,0.2225323547339759,0.2225323547339759,0.2225323547339759,121,0.0082644628099173,0.0082644628099173,0.0082644628099173,0.0105644081944824,5664.0,121,0.0082644628099173,0.0413223140495867,0.0578512396694214,0.0293972631033093,381.0
bge_m3_1024d,zh_char,子,6,6,-0.0162514373660087,6,6,0,-0.0363186957935492,-0.0363186957935492,,6,0.0,0.0,0.0,0.0001761772964041,9139.5,6,0.0,0.0,0.0,0.0014676460582821,799.5
bge_m3_1024d,zh_char,學,1,1,,0,0,0,,,,0,,,,,,0,,,,,
bge_m3_1024d,zh_char,宀,28,28,0.0073502957820892,28,28,28,0.0437949855279709,0.0437949855279709,0.0437949855279709,28,0.0,0.0,0.0,0.003749438835421,2884.0,28,0.0357142857142857,0.0357142857142857,0.0357142857142857,0.0398990904998196,503.0
bge_m3_1024d,zh_char,寸,2,2,0.0652546882629394,0,0,0,,,,0,,,,,,0,,,,,
bge_m3_1024d,zh_char,尢,2,2,-0.0355765223503112,0,0,0,,,,0,,,,,,0,,,,,
bge_m3_1024d,zh_char,尸,10,10,0.012080330401659,10,10,10,0.0404500864446163,0.0404500864446163,0.0404500864446163,10,0.0,0.0,0.0,0.0093122215438473,7196.5,10,0.0,0.0,0.0,0.0014091200584165,851.0
bge_m3_1024d,zh_char,尺,1,1,,0,0,0,,,,0,,,,,,0,,,,,
bge_m3_1024d,zh_char,履,3,3,0.3873352110385895,0,0,0,,,,0,,,,,,0,,,,,
bge_m3_1024d,zh_char,山,55,54,0.0456767491996288,55,55,55,0.1881925446912646,0.1881925446912646,0.1881925446912646,55,0.0363636363636363,0.0545454545454545,0.0545454545454545,0.0467612616668836,5664.0,55,0.0363636363636363,0.0727272727272727,0.0909090909090909,0.0587731183418342,314.0
bge_m3_1024d,zh_char,屾,1,1,,0,0,0,,,,0,,,,,,0,,,,,
bge_m3_1024d,zh_char,工,1,1,,0,0,0,,,,0,,,,,,0,,,,,
bge_m3_1024d,zh_char,巫,1,1,,0,0,0,,,,0,,,,,,0,,,,,
bge_m3_1024d,zh_char,巾,35,34,0.0438384339213371,35,35,35,0.1775274757295847,0.1775274757295847,0.1775274757295847,35,0.0,0.0,0.0,0.0008643319725609,5768.0,35,0.0,0.0,0.0,0.006618869079234,464.0
bge_m3_1024d,zh_char,幺,1,1,,0,0,0,,,,0,,,,,,0,,,,,
bge_m3_1024d,zh_char,广,42,42,0.0407414436340332,42,42,42,0.1708646233614889,0.1708646233614889,0.1708646233614889,42,0.0,0.0476190476190476,0.0476190476190476,0.0153276399467649,5639.5,42,0.0238095238095238,0.0476190476190476,0.0714285714285714,0.0435337988242266,463.5
bge_m3_1024d,zh_char,庚,1,1,,0,0,0,,,,0,,,,,,0,,,,,
bge_m3_1024d,zh_char,廾,2,2,-0.0655658245086669,0,0,0,,,,0,,,,,,0,,,,,
bge_m3_1024d,zh_char,弓,15,15,0.0041334922425448,15,15,15,0.0411157241712013,0.0411157241712013,0.0411157241712013,15,0.0,0.0,0.0,0.0003054457635435,6164.0,15,0.0,0.0,0.0,0.0089405023814508,440.0
bge_m3_1024d,zh_char,彡,7,7,-0.0170824527740478,7,7,0,-0.0393696157261729,-0.0393696157261729,,7,0.0,0.0,0.0,0.0072865558109065,4393.0,7,0.0,0.0,0.0,0.0042280070024341,318.0
bge_m3_1024d,zh_char,彣,1,1,,0,0,0,,,,0,,,,,,0,,,,,
bge_m3_1024d,zh_char,彳,19,19,0.0441273711621761,19,19,19,0.1443613465679319,0.1443613465679319,0.1443613465679319,19,0.0,0.0,0.0,0.0018970747718312,5976.0,19,0.0526315789473684,0.0526315789473684,0.0526315789473684,0.0561284153520485,532.0
bge_m3_1024d,zh_char,微,1,1,,0,0,0,,,,0,,,,,,0,,,,,
bge_m3_1024d,zh_char,心,62,60,0.0468899570405483,62,62,62,0.1899923576913293,0.1899923576913293,0.1899923576913293,62,0.0161290322580645,0.0161290322580645,0.0161290322580645,0.0168161227001289,5983.5,62,0.0161290322580645,0.032258064516129,0.0483870967741935,0.0274794554899763,445.0
bge_m3_1024d,zh_char,忄,133,133,0.0548272170126438,133,133,133,0.2236612647547757,0.2236612647547757,0.2236612647547757,133,0.0,0.0150375939849624,0.0150375939849624,0.0068734286301697,5698.0,133,0.0,0.0300751879699248,0.0300751879699248,0.0166809618605147,512.0
bge_m3_1024d,zh_char,恣,1,1,,0,0,0,,,,0,,,,,,0,,,,,
bge_m3_1024d,zh_char,戈,11,11,0.0180435441434383,11,11,11,0.0874588961967013,0.0874588961967013,0.0874588961967013,11,0.0,0.0,0.0,0.0023029399647142,1695.0,11,0.0,0.0,0.0,0.0056414183328237,490.0
bge_m3_1024d,zh_char,戊,2,2,-0.0713402032852172,0,0,0,,,,0,,,,,,0,,,,,
bge_m3_1024d,zh_char,戶,4,4,0.065063439309597,4,0,0,0.1135661962907761,,,4,0.0,0.0,0.0,0.0004700756542003,3465.5,4,0.0,0.0,0.0,0.0018119424839772,656.5
bge_m3_1024d,zh_char,手,12,11,0.1099672839045524,12,12,12,0.2612354455826183,0.2612354455826183,0.2612354455826183,12,0.0,0.0,0.0,0.0004378512945155,3677.0,12,0.0,0.0,0.0,0.0096792047254034,323.0
bge_m3_1024d,zh_char,扌,217,203,0.0334727466106414,217,217,217,0.1671402608409249,0.1671402608409249,0.1671402608409249,217,0.0092165898617511,0.0230414746543778,0.0460829493087557,0.0181383516403193,5693.0,217,0.0138248847926267,0.032258064516129,0.0506912442396313,0.0295083175482086,494.0
bge_m3_1024d,zh_char,支,1,1,,0,0,0,,,,0,,,,,,0,,,,,
bge_m3_1024d,zh_char,攴,5,5,0.2581916451454162,5,0,0,0.3959719451144338,,,5,0.0,0.0,0.0,0.0005753708942497,1460.0,5,0.0,0.0,0.0,0.001476107102407,926.0
bge_m3_1024d,zh_char,攵,21,21,0.0329493917524814,21,21,21,0.125557906659586,0.125557906659586,0.125557906659586,21,0.0,0.0,0.0,0.0003012127098268,6019.0,21,0.0,0.0476190476190476,0.0952380952380952,0.0340817211942683,404.0
bge_m3_1024d,zh_char,敕,1,1,,0,0,0,,,,0,,,,,,0,,,,,
bge_m3_1024d,zh_char,文,1,1,,0,0,0,,,,0,,,,,,0,,,,,
bge_m3_1024d,zh_char,斗,7,7,-0.0376333966851234,7,7,0,-0.0375946302499089,-0.0375946302499089,,7,0.0,0.0,0.0,0.0002039421733609,9937.0,7,0.0,0.0,0.0,0.0093758562622476,681.0
bge_m3_1024d,zh_char,斤,5,5,-0.0129320146515965,5,0,0,-0.0166776344180107,,,5,0.0,0.0,0.0,0.0007278052040445,6218.0,5,0.0,0.0,0.0,0.0072089902160304,512.0
bge_m3_1024d,zh_char,日,67,64,0.0343229360878467,67,67,67,0.1574721925044015,0.1574721925044015,0.1574721925044015,67,0.0149253731343283,0.044776119402985,0.044776119402985,0.0283851693534436,5718.0,67,0.044776119402985,0.0746268656716417,0.0895522388059701,0.0627869293760255,451.0
bge_m3_1024d,zh_char,旨,1,1,,0,0,0,,,,0,,,,,,0,,,,,
bge_m3_1024d,zh_char,是,1,1,,0,0,0,,,,0,,,,,,0,,,,,
bge_m3_1024d,zh_char,曰,1,1,,0,0,0,,,,0,,,,,,0,,,,,
bge_m3_1024d,zh_char,月,9,9,0.0511174201965332,9,9,9,0.1664960086345672,0.1664960086345672,0.1664960086345672,9,0.0,0.0,0.0,0.0003068890006987,3434.0,9,0.0,0.0,0.0,0.003319625350466,311.0
bge_m3_1024d,zh_char,木,280,257,0.0638829842209816,280,280,280,0.2476185935532807,0.2476185935532807,0.2476185935532807,280,0.0071428571428571,0.0142857142857142,0.0214285714285714,0.011981503664886,2106.5,280,0.0142857142857142,0.0357142857142857,0.05,0.0289945683163402,492.0
bge_m3_1024d,zh_char,東,2,2,0.4416189193725586,0,0,0,,,,0,,,,,,0,,,,,
bge_m3_1024d,zh_char,林,6,6,0.0215767864137887,6,6,0,0.066892081250747,0.066892081250747,,6,0.1666666666666666,0.1666666666666666,0.1666666666666666,0.1669722998476993,1948.0,6,0.1666666666666666,0.1666666666666666,0.1666666666666666,0.1684584449627837,508.0
bge_m3_1024d,zh_char,欠,30,29,0.0446096248924732,30,30,30,0.1844696305071314,0.1844696305071314,0.1844696305071314,30,0.0,0.0,0.0,0.0007338226962467,2017.0,30,0.0,0.0,0.0333333333333333,0.0067615579861233,590.0
bge_m3_1024d,zh_char,止,3,3,-0.1384228020906448,0,0,0,,,,0,,,,,,0,,,,,
bge_m3_1024d,zh_char,步,1,1,,0,0,0,,,,0,,,,,,0,,,,,
bge_m3_1024d,zh_char,歹,18,18,0.0537209846079349,18,18,18,0.1759465989760226,0.1759465989760226,0.1759465989760226,18,0.0,0.0,0.0,0.0003380820702239,3754.0,18,0.0,0.0,0.0,0.0038604757483581,682.5
bge_m3_1024d,zh_char,死,1,1,,0,0,0,,,,0,,,,,,0,,,,,
bge_m3_1024d,zh_char,殳,3,3,0.1825216561555862,0,0,0,,,,0,,,,,,0,,,,,
bge_m3_1024d,zh_char,比,1,1,,0,0,0,,,,0,,,,,,0,,,,,
bge_m3_1024d,zh_char,毛,10,10,0.0550249107182025,10,10,10,0.1584649534896016,0.1584649534896016,0.1584649534896016,10,0.0,0.0,0.0,0.0003164444168962,4285.5,10,0.0,0.0,0.0,0.0016943134775752,900.5
bge_m3_1024d,zh_char,民,1,1,,0,0,0,,,,0,,,,,,0,,,,,
bge_m3_1024d,zh_char,气,2,2,0.2308152914047241,0,0,0,,,,0,,,,,,0,,,,,
bge_m3_1024d,zh_char,水,4,4,0.0478121452033519,4,0,0,0.0789988860487937,,,4,0.0,0.0,0.0,0.0001820911599859,6808.0,4,0.0,0.0,0.0,0.0041022249355582,378.0
bge_m3_1024d,zh_char,氵,354,308,0.0466943122446537,354,354,354,0.2006952145378931,0.2006952145378931,0.2006952145378931,354,0.0084745762711864,0.0169491525423728,0.0169491525423728,0.0121014441952779,5710.5,354,0.0084745762711864,0.0451977401129943,0.059322033898305,0.0305233304750062,491.5
bge_m3_1024d,zh_char,火,64,63,0.0414720140397548,64,64,64,0.1770026432350278,0.1770026432350278,0.1770026432350278,64,0.03125,0.03125,0.03125,0.0322346046964371,5903.0,64,0.046875,0.0625,0.078125,0.0622675286061482,553.5
bge_m3_1024d,zh_char,灬,3,3,-0.1702460795640945,0,0,0,,,,0,,,,,,0,,,,,
bge_m3_1024d,zh_char,炎,1,1,,0,0,0,,,,0,,,,,,0,,,,,
bge_m3_1024d,zh_char,爪,1,1,,0,0,0,,,,0,,,,,,0,,,,,
bge_m3_1024d,zh_char,爭,1,1,,0,0,0,,,,0,,,,,,0,,,,,
bge_m3_1024d,zh_char,父,1,1,,0,0,0,,,,0,,,,,,0,,,,,
bge_m3_1024d,zh_char,爿,1,1,,0,0,0,,,,0,,,,,,0,,,,,
bge_m3_1024d,zh_char,片,3,3,-0.1287183761596679,0,0,0,,,,0,,,,,,0,,,,,
bge_m3_1024d,zh_char,牛,1,1,,0,0,0,,,,0,,,,,,0,,,,,
bge_m3_1024d,zh_char,牜,18,18,0.0480078645050525,18,18,18,0.1835095347163992,0.1835095347163992,0.1835095347163992,18,0.0,0.0,0.0,0.0003021994949564,2307.5,18,0.0,0.0,0.0,0.0033792675026876,544.0
bge_m3_1024d,zh_char,犬,6,6,-0.0200782772153615,6,6,0,-0.0360491164028644,-0.0360491164028644,,6,0.0,0.1666666666666666,0.1666666666666666,0.0420397993247965,6690.5,6,0.0,0.0,0.0,0.0077323889329336,563.5
bge_m3_1024d,zh_char,犭,45,45,0.03998664021492,45,45,45,0.174972582836118,0.174972582836118,0.174972582836118,45,0.0,0.0,0.0222222222222222,0.0039222691509093,5800.0,45,0.0,0.0222222222222222,0.0666666666666666,0.0188378691868833,286.0
bge_m3_1024d,zh_char,玄,1,1,,0,0,0,,,,0,,,,,,0,,,,,
bge_m3_1024d,zh_char,玉,3,3,-0.0198089275509119,0,0,0,,,,0,,,,,,0,,,,,
bge_m3_1024d,zh_char,王,82,80,0.0557931289076805,82,82,82,0.2189788587913825,0.2189788587913825,0.2189788587913825,82,0.024390243902439,0.0609756097560975,0.0609756097560975,0.0383775660335843,5612.5,82,0.0121951219512195,0.073170731707317,0.0975609756097561,0.0494229039690875,293.0
bge_m3_1024d,zh_char,瓜,2,2,0.4624358415603637,0,0,0,,,,0,,,,,,0,,,,,
bge_m3_1024d,zh_char,瓦,13,13,0.19070865213871,13,13,13,0.4011722771594158,0.4011722771594158,0.4011722771594158,13,0.0,0.0,0.0,0.0015483821266781,2467.0,13,0.0,0.0,0.0,0.0019233394138256,783.0
bge_m3_1024d,zh_char,田,13,13,0.0494664274156093,13,13,13,0.1455453256718241,0.1455453256718241,0.1455453256718241,13,0.0,0.0,0.0,0.0002376189580048,6017.0,13,0.0,0.0,0.0,0.0041110095355508,630.0
bge_m3_1024d,zh_char,申,1,1,,0,0,0,,,,0,,,,,,0,,,,,
bge_m3_1024d,zh_char,男,2,2,0.2472245693206787,0,0,0,,,,0,,,,,,0,,,,,
bge_m3_1024d,zh_char,甾,1,1,,0,0,0,,,,0,,,,,,0,,,,,
bge_m3_1024d,zh_char,畢,1,1,,0,0,0,,,,0,,,,,,0,,,,,
bge_m3_1024d,zh_char,疒,76,72,0.0816904008388519,76,76,76,0.2621814119384477,0.2621814119384477,0.2621814119384477,76,0.0263157894736842,0.0263157894736842,0.0526315789473684,0.0296186757014431,5676.0,76,0.0263157894736842,0.0263157894736842,0.0657894736842105,0.0355360284735606,439.0
bge_m3_1024d,zh_char,癶,1,1,,0,0,0,,,,0,,,,,,0,,,,,
bge_m3_1024d,zh_char,白,7,7,0.0185874309390783,7,7,0,0.0524686707981995,0.0524686707981995,,7,0.0,0.0,0.0,0.0001305301300181,7839.0,7,0.0,0.0,0.0,0.0020846898046176,585.0
bge_m3_1024d,zh_char,皮,4,4,0.0454092808067798,4,0,0,0.0895771719515323,,,4,0.0,0.0,0.0,0.002999675574935,5691.5,4,0.0,0.0,0.0,0.003078219526732,589.0
bge_m3_1024d,zh_char,皿,15,15,0.0093461629003286,15,15,15,0.0555330478896697,0.0555330478896697,0.0555330478896697,15,0.0666666666666666,0.0666666666666666,0.0666666666666666,0.0672996710800293,6255.0,15,0.0666666666666666,0.0666666666666666,0.0666666666666666,0.0687022031537258,700.0
bge_m3_1024d,zh_char,目,61,60,0.0590624623000621,61,61,61,0.2253432977394979,0.2253432977394979,0.2253432977394979,61,0.0327868852459016,0.0327868852459016,0.0327868852459016,0.03307860800705,2831.0,61,0.0163934426229508,0.0163934426229508,0.0163934426229508,0.0243785496192707,376.0
bge_m3_1024d,zh_char,盾,1,1,,0,0,0,,,,0,,,,,,0,,,,,
bge_m3_1024d,zh_char,矛,1,1,,0,0,0,,,,0,,,,,,0,,,,,
bge_m3_1024d,zh_char,矢,6,6,0.0730259865522384,6,6,0,0.1461080734928449,0.1461080734928449,,6,0.0,0.0,0.0,0.0002226283692389,5646.0,6,0.0,0.0,0.0,0.0023559446749657,830.0
bge_m3_1024d,zh_char,石,61,58,0.0624949969351291,61,61,61,0.2287092592078642,0.2287092592078642,0.2287092592078642,61,0.0,0.0,0.0163934426229508,0.0026767793610185,5954.0,61,0.0,0.0,0.0163934426229508,0.0076606516138878,442.0
bge_m3_1024d,zh_char,示,6,6,0.0657479092478752,6,6,0,0.1404748358763754,0.1404748358763754,,6,0.0,0.0,0.0,0.0002288968977583,5470.0,6,0.0,0.0,0.1666666666666666,0.0275198231331445,380.0
bge_m3_1024d,zh_char,礻,41,41,0.0494639761745929,41,41,41,0.1936458426459533,0.1936458426459533,0.1936458426459533,41,0.024390243902439,0.024390243902439,0.024390243902439,0.0246301290978815,3057.0,41,0.024390243902439,0.024390243902439,0.024390243902439,0.0285190228611361,460.0
bge_m3_1024d,zh_char,禾,47,47,0.0667335987091064,47,47,47,0.2378658090539752,0.2378658090539752,0.2378658090539752,47,0.0,0.0,0.0,0.0003370953521763,2840.0,47,0.0,0.0212765957446808,0.0212765957446808,0.0114603440399499,557.0
bge_m3_1024d,zh_char,穴,30,29,0.0513535477221012,30,30,30,0.1787430663593113,0.1787430663593113,0.1787430663593113,30,0.0333333333333333,0.0333333333333333,0.0333333333333333,0.0335471346079576,6068.0,30,0.0333333333333333,0.0333333333333333,0.0333333333333333,0.035839970901683,687.5
bge_m3_1024d,zh_char,立,7,7,-0.0581743940711021,7,7,0,-0.1537172549537249,-0.1537172549537249,,7,0.0,0.0,0.0,0.0001769700688883,6566.0,7,0.0,0.0,0.0,0.0019501454400494,631.0
bge_m3_1024d,zh_char,竹,116,110,0.0630695223808288,116,116,116,0.2393196734744284,0.2393196734744284,0.2393196734744284,116,0.0,0.0,0.0,0.0003730547002531,5700.5,116,0.0,0.0,0.0086206896551724,0.0049678105297913,565.0
bge_m3_1024d,zh_char,箕,1,1,,0,0,0,,,,0,,,,,,0,,,,,
bge_m3_1024d,zh_char,米,28,28,0.0706489980220794,28,28,28,0.2224889545302306,0.2224889545302306,0.2224889545302306,28,0.0357142857142857,0.0357142857142857,0.0357142857142857,0.0362127569085078,5903.0,28,0.0,0.0357142857142857,0.0714285714285714,0.0260437174407228,529.5
bge_m3_1024d,zh_char,糸,178,171,0.0653509125113487,178,178,178,0.2428480582625678,0.2428480582625678,0.2428480582625678,178,0.0056179775280898,0.0056179775280898,0.0056179775280898,0.0066294158343518,5639.0,178,0.0112359550561797,0.0112359550561797,0.0168539325842696,0.0167572174529215,521.0
bge_m3_1024d,zh_char,縣,1,1,,0,0,0,,,,0,,,,,,0,,,,,
bge_m3_1024d,zh_char,缶,4,4,-0.122415542602539,4,0,0,-0.0662541389465332,,,4,0.0,0.0,0.0,0.000703853881839,4703.0,4,0.0,0.0,0.0,0.0029764447167711,769.5
bge_m3_1024d,zh_char,网,1,1,,0,0,0,,,,0,,,,,,0,,,,,
bge_m3_1024d,zh_char,罒,5,5,0.1040758863091468,5,0,0,0.1993250846862793,,,5,0.0,0.0,0.0,0.0002427394020222,3158.0,5,0.0,0.0,0.0,0.0010074619081746,974.0
bge_m3_1024d,zh_char,羊,10,10,-0.0034428490325808,10,10,10,0.1219431921839714,0.1219431921839714,0.1219431921839714,10,0.0,0.0,0.0,0.0009746134557991,3151.0,10,0.0,0.1,0.1,0.0376170642789336,331.5
bge_m3_1024d,zh_char,羽,23,23,0.0762346163392067,23,23,23,0.2351407122433833,0.2351407122433833,0.2351407122433833,23,0.0,0.0,0.0,0.0005471289075762,5701.0,23,0.0,0.0,0.0,0.006269823725588,360.0
bge_m3_1024d,zh_char,習,1,1,,0,0,0,,,,0,,,,,,0,,,,,
bge_m3_1024d,zh_char,老,3,3,0.1724202632904052,0,0,0,,,,0,,,,,,0,,,,,
bge_m3_1024d,zh_char,耂,1,1,,0,0,0,,,,0,,,,,,0,,,,,
bge_m3_1024d,zh_char,耒,7,7,0.0345271900296211,7,7,0,0.0774618131773812,0.0774618131773812,,7,0.0,0.0,0.0,0.0001820683133211,6044.0,7,0.0,0.0,0.0,0.0019380576733851,701.0
bge_m3_1024d,zh_char,耳,11,11,0.0050383219495415,11,11,11,0.0210792017592625,0.0210792017592625,0.0210792017592625,11,0.0,0.0909090909090909,0.0909090909090909,0.0308239742221026,6916.0,11,0.0,0.0,0.0909090909090909,0.0136455219413379,413.0
bge_m3_1024d,zh_char,肉,115,109,0.0403439700603485,115,115,115,0.1812810316843831,0.1812810316843831,0.1812810316843831,115,0.008695652173913,0.008695652173913,0.008695652173913,0.0091877605188058,6120.0,115,0.008695652173913,0.017391304347826,0.017391304347826,0.0149221128895311,543.0
bge_m3_1024d,zh_char,臣,1,1,,0,0,0,,,,0,,,,,,0,,,,,
bge_m3_1024d,zh_char,臤,1,1,,0,0,0,,,,0,,,,,,0,,,,,
bge_m3_1024d,zh_char,臥,1,1,,0,0,0,,,,0,,,,,,0,,,,,
bge_m3_1024d,zh_char,自,1,1,,0,0,0,,,,0,,,,,,0,,,,,
bge_m3_1024d,zh_char,至,2,2,0.0571539402008056,0,0,0,,,,0,,,,,,0,,,,,
bge_m3_1024d,zh_char,舌,1,1,,0,0,0,,,,0,,,,,,0,,,,,
bge_m3_1024d,zh_char,舛,1,1,,0,0,0,,,,0,,,,,,0,,,,,
bge_m3_1024d,zh_char,舟,16,16,0.1097597777843475,16,16,16,0.2687305305153131,0.2687305305153131,0.2687305305153131,16,0.0,0.0,0.0,0.0002124841919724,5627.5,16,0.0,0.0,0.0,0.0025099358028632,595.5
bge_m3_1024d,zh_char,色,1,1,,0,0,0,,,,0,,,,,,0,,,,,
bge_m3_1024d,zh_char,艹,338,293,0.0836428552865982,338,338,338,0.2687117194594297,0.2687117194594297,0.2687117194594297,338,0.014792899408284,0.0266272189349112,0.0266272189349112,0.0211396207426579,4645.5,338,0.0325443786982248,0.0621301775147929,0.0769230769230769,0.0491607900221964,370.0
bge_m3_1024d,zh_char,蕇,1,1,,0,0,0,,,,0,,,,,,0,,,,,
bge_m3_1024d,zh_char,虍,4,4,0.0279906596988439,4,0,0,0.0501032918691635,,,4,0.0,0.0,0.0,0.0001994325120616,5284.0,4,0.0,0.0,0.0,0.0042078250531715,310.0
bge_m3_1024d,zh_char,虎,2,2,-0.4999999403953552,0,0,0,,,,0,,,,,,0,,,,,
bge_m3_1024d,zh_char,虫,150,140,0.0948365777730941,150,150,150,0.2921915219382693,0.2921915219382693,0.2921915219382693,150,0.0,0.0,0.0,0.0004065119076566,3935.5,150,0.0,0.0,0.0133333333333333,0.0051880432727398,576.0
bge_m3_1024d,zh_char,血,4,4,0.3046050071716308,4,0,0,0.4505877420306206,,,4,0.0,0.0,0.0,0.000236182170232,3994.5,4,0.25,0.25,0.25,0.2528646191316257,206.0
bge_m3_1024d,zh_char,行,7,7,0.0328684523701667,7,7,0,0.0778093878179788,0.0778093878179788,,7,0.1428571428571428,0.1428571428571428,0.1428571428571428,0.1436791204420025,4423.0,7,0.1428571428571428,0.1428571428571428,0.1428571428571428,0.1526805206752233,381.0
bge_m3_1024d,zh_char,衣,21,21,0.0608114227652549,21,21,21,0.1964943747568343,0.1964943747568343,0.1964943747568343,21,0.0476190476190476,0.0476190476190476,0.0476190476190476,0.0477936258213662,5764.0,21,0.0476190476190476,0.0476190476190476,0.0476190476190476,0.0507484063266184,571.0
bge_m3_1024d,zh_char,衤,72,71,0.1080576106905937,72,72,72,0.3188989406787894,0.3188989406787894,0.3188989406787894,72,0.0,0.0,0.0,0.000279746872487,4043.5,72,0.0138888888888888,0.0277777777777777,0.0416666666666666,0.0230068334873269,502.5
bge_m3_1024d,zh_char,襾,1,1,,0,0,0,,,,0,,,,,,0,,,,,
bge_m3_1024d,zh_char,覀,1,1,,0,0,0,,,,0,,,,,,0,,,,,
bge_m3_1024d,zh_char,見,12,12,0.0687681287527084,12,12,12,0.2191587553049127,0.2191587553049127,0.2191587553049127,12,0.0,0.0,0.0,0.0002121386547799,4090.0,12,0.0,0.0,0.0,0.0088197550797213,568.0
bge_m3_1024d,zh_char,角,14,14,0.1890328973531723,14,14,14,0.409310709418995,0.409310709418995,0.409310709418995,14,0.0,0.0,0.0,0.0008951834338077,4094.0,14,0.0,0.0,0.0714285714285714,0.0097699789112004,515.5
bge_m3_1024d,zh_char,言,167,156,0.057691503316164,167,167,167,0.2284086644314898,0.2284086644314898,0.2284086644314898,167,0.0119760479041916,0.0239520958083832,0.0239520958083832,0.0169265602487894,5660.0,167,0.0119760479041916,0.029940119760479,0.029940119760479,0.0216267970916174,505.0
bge_m3_1024d,zh_char,谷,2,2,-0.0302698612213134,0,0,0,,,,0,,,,,,0,,,,,
bge_m3_1024d,zh_char,豆,2,2,0.0672469139099121,0,0,0,,,,0,,,,,,0,,,,,
bge_m3_1024d,zh_char,豕,8,8,0.3158742487430572,8,8,0,0.4991169904824346,0.4991169904824346,,8,0.0,0.0,0.0,0.0002255947346728,4263.5,8,0.0,0.0,0.0,0.0014593396889519,771.5
bge_m3_1024d,zh_char,象,1,1,,0,0,0,,,,0,,,,,,0,,,,,
bge_m3_1024d,zh_char,豸,15,15,0.0834110602736473,15,15,15,0.2421079595883687,0.2421079595883687,0.2421079595883687,15,0.0,0.0,0.0,0.0006572770710959,4278.0,15,0.0,0.0,0.0,0.0031313084703346,627.0
bge_m3_1024d,zh_char,貝,44,42,0.0381744094192981,44,44,44,0.1563599421219392,0.1563599421219392,0.1563599421219392,44,0.0,0.0227272727272727,0.0454545454545454,0.0174021675626529,5715.0,44,0.0227272727272727,0.0227272727272727,0.0227272727272727,0.026436961170323,497.0
bge_m3_1024d,zh_char,赤,3,3,0.1326214075088501,0,0,0,,,,0,,,,,,0,,,,,
bge_m3_1024d,zh_char,走,20,20,0.0482826046645641,20,20,20,0.1971971292048692,0.1971971292048692,0.1971971292048692,20,0.0,0.0,0.0,0.0001888612116585,4377.5,20,0.05,0.05,0.05,0.0568874483546409,522.5
bge_m3_1024d,zh_char,足,4,4,0.1227236613631248,4,0,0,0.2109139841049909,,,4,0.0,0.0,0.0,0.0001945637038951,5044.0,4,0.0,0.25,0.25,0.1262213166792681,532.5
bge_m3_1024d,zh_char,身,3,3,-0.0026888847351074,0,0,0,,,,0,,,,,,0,,,,,
bge_m3_1024d,zh_char,車,61,61,0.1134798899292945,61,61,61,0.323641968104744,0.323641968104744,0.323641968104744,61,0.0,0.0,0.0,0.0005408847255822,4474.0,61,0.0,0.0163934426229508,0.0327868852459016,0.0092925816183357,591.0
bge_m3_1024d,zh_char,辛,2,2,-0.0445692539215087,0,0,0,,,,0,,,,,,0,,,,,
bge_m3_1024d,zh_char,辶,70,70,0.0148970959708094,70,70,70,0.0944151034179542,0.0944151034179542,0.0944151034179542,70,0.0142857142857142,0.0142857142857142,0.0285714285714285,0.0179105669347434,6193.0,70,0.0142857142857142,0.0428571428571428,0.0428571428571428,0.0338420982735737,500.5
bge_m3_1024d,zh_char,邑,2,2,-0.0654057264328002,0,0,0,,,,0,,,,,,0,,,,,
bge_m3_1024d,zh_char,酉,36,35,0.0562632344663143,36,36,36,0.2132830950431525,0.2132830950431525,0.2132830950431525,36,0.0,0.0,0.0,0.0013760389825588,5690.0,36,0.0,0.0,0.0,0.005635588706944,430.5
bge_m3_1024d,zh_char,釆,2,2,-0.0259509682655334,0,0,0,,,,0,,,,,,0,,,,,
bge_m3_1024d,zh_char,里,1,1,,0,0,0,,,,0,,,,,,0,,,,,
bge_m3_1024d,zh_char,金,2,2,0.5202817916870117,0,0,0,,,,0,,,,,,0,,,,,
bge_m3_1024d,zh_char,釒,149,142,0.0632536113262176,149,149,149,0.2394138120314818,0.2394138120314818,0.2394138120314818,149,0.0134228187919463,0.0201342281879194,0.0201342281879194,0.0168767270182305,5655.0,149,0.0134228187919463,0.0134228187919463,0.0335570469798657,0.0218182684918972,504.0
bge_m3_1024d,zh_char,镸,1,1,,0,0,0,,,,0,,,,,,0,,,,,
bge_m3_1024d,zh_char,門,35,35,0.1252416521310806,35,35,35,0.3331214540238891,0.3331214540238891,0.3331214540238891,35,0.0285714285714285,0.0285714285714285,0.0285714285714285,0.0293033873078369,4837.0,35,0.0285714285714285,0.0285714285714285,0.0285714285714285,0.0321015323474404,443.0
bge_m3_1024d,zh_char,阝,138,126,0.1121770143508911,138,138,138,0.326869877345482,0.326869877345482,0.326869877345482,138,0.0,0.0,0.0,0.0002144875074357,4748.0,138,0.0072463768115942,0.0217391304347826,0.0289855072463768,0.0171816916957478,530.0
bge_m3_1024d,zh_char,隹,16,16,0.0366880893707275,16,16,16,0.1178858729545027,0.1178858729545027,0.1178858729545027,16,0.0625,0.0625,0.0625,0.0627651549167281,6783.0,16,0.0,0.0625,0.0625,0.034557771840398,516.0
bge_m3_1024d,zh_char,雈,1,1,,0,0,0,,,,0,,,,,,0,,,,,
bge_m3_1024d,zh_char,雨,27,26,0.05002973228693,27,27,27,0.1634011556980786,0.1634011556980786,0.1634011556980786,27,0.037037037037037,0.037037037037037,0.037037037037037,0.0391148809672821,5800.0,27,0.0,0.037037037037037,0.037037037037037,0.0274621978722363,289.0
bge_m3_1024d,zh_char,雲,3,3,0.4043363034725189,0,0,0,,,,0,,,,,,0,,,,,
bge_m3_1024d,zh_char,非,1,1,,0,0,0,,,,0,,,,,,0,,,,,
bge_m3_1024d,zh_char,面,2,2,-0.0127480626106262,0,0,0,,,,0,,,,,,0,,,,,
bge_m3_1024d,zh_char,革,34,33,0.0861598178744316,34,34,34,0.2580713064902845,0.2580713064902845,0.2580713064902845,34,0.0,0.0,0.0,0.0001735136385461,4976.5,34,0.0294117647058823,0.0588235294117647,0.0588235294117647,0.0432187633640407,495.5
bge_m3_1024d,zh_char,韋,9,9,0.1034077256917953,9,9,9,0.301769956946373,0.301769956946373,0.301769956946373,9,0.0,0.0,0.0,0.0001872134120962,4979.0,9,0.0,0.0,0.0,0.0168368392415864,323.0
bge_m3_1024d,zh_char,韮,1,1,,0,0,0,,,,0,,,,,,0,,,,,
bge_m3_1024d,zh_char,音,4,4,-0.08234703540802,4,0,0,0.0015791985206305,,,4,0.0,0.0,0.0,0.000754536637847,3110.5,4,0.0,0.0,0.0,0.0037243376795153,344.5
bge_m3_1024d,zh_char,頁,46,46,0.0370729379355907,46,46,46,0.1621697383487354,0.1621697383487354,0.1621697383487354,46,0.0217391304347826,0.0217391304347826,0.0652173913043478,0.0288179094101767,5797.0,46,0.0,0.0217391304347826,0.0434782608695652,0.0191070684925552,504.5
bge_m3_1024d,zh_char,風,9,9,0.0093547506257891,9,9,9,0.0769384476459688,0.0769384476459688,0.0769384476459688,9,0.0,0.0,0.0,0.0017376153317894,5928.0,9,0.0,0.0,0.0,0.0030979795003598,432.0
bge_m3_1024d,zh_char,食,6,6,0.0287519451230764,6,6,0,0.0709529953698317,0.0709529953698317,,6,0.0,0.0,0.0,0.0029812846112528,5819.5,6,0.0,0.0,0.0,0.0027453649264019,340.5
bge_m3_1024d,zh_char,飠,39,39,0.0762854069471359,39,39,39,0.2512316899135327,0.2512316899135327,0.2512316899135327,39,0.0256410256410256,0.0256410256410256,0.0256410256410256,0.0258113428834692,5261.0,39,0.0256410256410256,0.0512820512820512,0.0512820512820512,0.0404838693505072,482.0
bge_m3_1024d,zh_char,首,2,2,0.0114655494689941,0,0,0,,,,0,,,,,,0,,,,,
bge_m3_1024d,zh_char,香,1,1,,0,0,0,,,,0,,,,,,0,,,,,
bge_m3_1024d,zh_char,馬,66,66,0.0934531837701797,66,66,66,0.2942076874050227,0.2942076874050227,0.2942076874050227,66,0.0,0.0,0.0,0.0003920589741321,5163.5,66,0.0,0.0,0.0,0.0048814666768375,471.5
bge_m3_1024d,zh_char,骨,14,14,0.0979839265346527,14,14,14,0.2582196454916681,0.2582196454916681,0.2582196454916681,14,0.0,0.0,0.0,0.0001744724115727,5405.5,14,0.0,0.0,0.0,0.0048441006094775,461.5
bge_m3_1024d,zh_char,高,1,1,,0,0,0,,,,0,,,,,,0,,,,,
bge_m3_1024d,zh_char,髟,20,20,0.153249442577362,20,20,20,0.3563651421107351,0.3563651421107351,0.3563651421107351,20,0.0,0.0,0.0,0.0005719811373551,5212.5,20,0.05,0.05,0.05,0.0521249997418966,857.0
bge_m3_1024d,zh_char,鬥,3,3,-0.014040152542293,0,0,0,,,,0,,,,,,0,,,,,
bge_m3_1024d,zh_char,鬼,12,12,0.0497280173003673,12,12,12,0.1602433752268552,0.1602433752268552,0.1602433752268552,12,0.0,0.0,0.0,0.000167193499287,5924.5,12,0.0,0.0,0.0,0.009695539926501,193.5
bge_m3_1024d,zh_char,魚,60,59,0.2237228900194168,60,60,60,0.4569862773021062,0.4569862773021062,0.4569862773021062,60,0.0,0.0,0.0,0.0003150497510785,5264.5,60,0.0,0.0,0.0,0.0054713839374033,543.5
bge_m3_1024d,zh_char,鳥,71,68,0.1017414107918739,71,71,71,0.2999419571018555,0.2999419571018555,0.2999419571018555,71,0.0,0.0,0.0,0.0002946456321241,5429.0,71,0.0,0.0140845070422535,0.0140845070422535,0.0112837504272977,515.0
bge_m3_1024d,zh_char,鹵,3,3,0.0623732395470142,0,0,0,,,,0,,,,,,0,,,,,
bge_m3_1024d,zh_char,鹽,1,1,,0,0,0,,,,0,,,,,,0,,,,,
bge_m3_1024d,zh_char,鹿,11,11,0.2030851244926452,11,11,11,0.3905859068036079,0.3905859068036079,0.3905859068036079,11,0.0,0.0,0.0,0.0001636742659778,5488.0,11,0.0,0.0,0.0,0.0017714719070737,822.0
bge_m3_1024d,zh_char,麥,5,5,-0.0036050318740308,5,0,0,0.0187890902161598,,,5,0.0,0.0,0.0,0.0001510828286915,6039.0,5,0.0,0.0,0.0,0.0016659185523853,700.0
bge_m3_1024d,zh_char,麻,2,2,0.0358285903930664,0,0,0,,,,0,,,,,,0,,,,,
bge_m3_1024d,zh_char,黍,2,2,0.0055599212646484,0,0,0,,,,0,,,,,,0,,,,,
bge_m3_1024d,zh_char,黑,19,19,0.0829032659530639,19,19,19,0.2563633838374364,0.2563633838374364,0.2563633838374364,19,0.0,0.0,0.0,0.0002303945330918,5522.0,19,0.0,0.0,0.0,0.0104293852227868,523.0
bge_m3_1024d,zh_char,黹,3,3,-0.0306006278842687,0,0,0,,,,0,,,,,,0,,,,,
bge_m3_1024d,zh_char,黽,1,1,,0,0,0,,,,0,,,,,,0,,,,,
bge_m3_1024d,zh_char,鼎,2,2,0.5088274478912354,0,0,0,,,,0,,,,,,0,,,,,
bge_m3_1024d,zh_char,鼓,4,4,0.4804837703704834,4,0,0,0.5949114859104156,,,4,0.0,0.0,0.0,0.0021446016312794,2757.0,4,0.0,0.0,0.0,0.0016957030381049,559.0
bge_m3_1024d,zh_char,鼠,9,9,0.2330309003591537,9,9,9,0.4446588059266408,0.4446588059266408,0.4446588059266408,9,0.0,0.0,0.0,0.0001729004966791,5538.0,9,0.0,0.0,0.0,0.0026181680817859,455.0
bge_m3_1024d,zh_char,鼻,3,3,-0.1798807829618454,0,0,0,,,,0,,,,,,0,,,,,
bge_m3_1024d,zh_char,齒,22,21,0.3194927871227264,22,22,22,0.5444833260368217,0.5444833260368217,0.5444833260368217,22,0.0,0.0,0.0,0.0095347142713577,5563.5,22,0.0,0.0,0.0,0.00206311572751,572.5
bge_m3_1024d,zh_char,龍,1,1,,0,0,0,,,,0,,,,,,0,,,,,
bge_m3_1024d,zh_char,龠,2,2,-0.0692940950393676,0,0,0,,,,0,,,,,,0,,,,,
bge_m3_1024d,zh_char,𠘨,1,1,,0,0,0,,,,0,,,,,,0,,,,,
bge_m3_1024d,zh_char,𠚕,1,1,,0,0,0,,,,0,,,,,,0,,,,,
bge_m3_1024d,zh_char,𠩺,1,1,,0,0,0,,,,0,,,,,,0,,,,,
bge_m3_1024d,zh_char,𠫓,1,1,,0,0,0,,,,0,,,,,,0,,,,,
bge_m3_1024d,zh_char,𡱕,1,1,,0,0,0,,,,0,,,,,,0,,,,,
bge_m3_1024d,zh_char,𢆶,1,1,,0,0,0,,,,0,,,,,,0,,,,,
bge_m3_1024d,zh_char,𣶒,1,1,,0,0,0,,,,0,,,,,,0,,,,,
bge_m3_1024d,zh_char,𤤴,3,3,0.1740529537200927,0,0,0,,,,0,,,,,,0,,,,,
bge_m3_1024d,zh_char,𥄎,1,1,,0,0,0,,,,0,,,,,,0,,,,,
bge_m3_1024d,zh_char,𦍌,1,1,,0,0,0,,,,0,,,,,,0,,,,,
bge_m3_1024d,zh_char,𧾷,70,69,0.0709694102406501,70,70,70,0.2467951567045279,0.2467951567045279,0.2467951567045279,70,0.0,0.0,0.0,0.0011076219835721,5678.0,70,0.0,0.0142857142857142,0.0142857142857142,0.0078382218777178,651.0
gte_multilingual_base_768d,cn_def,㐬,1,1,,0,0,0,,,,0,,,,,,0,,,,,
gte_multilingual_base_768d,cn_def,㔾,1,1,,0,0,0,,,,0,,,,,,0,,,,,
gte_multilingual_base_768d,cn_def,㝱,2,2,0.2984375953674316,0,0,0,,,,0,,,,,,0,,,,,
gte_multilingual_base_768d,cn_def,㣺,2,2,-0.059610903263092,0,0,0,,,,0,,,,,,0,,,,,
gte_multilingual_base_768d,cn_def,㫃,7,7,0.1084413975477218,7,7,0,0.2179062291979789,0.2179062291979789,,7,0.0,0.0,0.0,0.0195209363395403,737.0,7,0.0,0.0,0.0,0.005046015147214,533.0
gte_multilingual_base_768d,cn_def,㹜,1,1,,0,0,0,,,,0,,,,,,0,,,,,
gte_multilingual_base_768d,cn_def,㾜,1,1,,0,0,0,,,,0,,,,,,0,,,,,
gte_multilingual_base_768d,cn_def,䀠,1,1,,0,0,0,,,,0,,,,,,0,,,,,
gte_multilingual_base_768d,cn_def,䖵,3,3,-0.023233413696289,0,0,0,,,,0,,,,,,0,,,,,
gte_multilingual_base_768d,cn_def,一,3,3,0.0467147044837474,0,0,0,,,,0,,,,,,0,,,,,
gte_multilingual_base_768d,cn_def,乑,1,1,,0,0,0,,,,0,,,,,,0,,,,,
gte_multilingual_base_768d,cn_def,乙,3,3,-0.0227784309536218,0,0,0,,,,0,,,,,,0,,,,,
gte_multilingual_base_768d,cn_def,二,2,2,-0.0462095737457275,0,0,0,,,,0,,,,,,0,,,,,
gte_multilingual_base_768d,cn_def,京,1,1,,0,0,0,,,,0,,,,,,0,,,,,
gte_multilingual_base_768d,cn_def,人,1,1,,0,0,0,,,,0,,,,,,0,,,,,
gte_multilingual_base_768d,cn_def,亻,138,127,0.0075609539635479,138,138,138,0.0604868861374215,0.0604868861374215,0.0604868861374215,138,0.0144927536231884,0.036231884057971,0.0652173913043478,0.0305668647689385,2072.0,138,0.0289855072463768,0.0652173913043478,0.0797101449275362,0.0524664592427204,417.0
gte_multilingual_base_768d,cn_def,儿,2,2,0.0252796411514282,0,0,0,,,,0,,,,,,0,,,,,
gte_multilingual_base_768d,cn_def,光,1,1,,0,0,0,,,,0,,,,,,0,,,,,
gte_multilingual_base_768d,cn_def,兮,1,1,,0,0,0,,,,0,,,,,,0,,,,,
gte_multilingual_base_768d,cn_def,共,1,1,,0,0,0,,,,0,,,,,,0,,,,,
gte_multilingual_base_768d,cn_def,冂,1,1,,0,0,0,,,,0,,,,,,0,,,,,
gte_multilingual_base_768d,cn_def,冃,2,2,0.2377432584762573,0,0,0,,,,0,,,,,,0,,,,,
gte_multilingual_base_768d,cn_def,冖,2,2,-0.1812199354171753,0,0,0,,,,0,,,,,,0,,,,,
gte_multilingual_base_768d,cn_def,冫,6,6,0.1047122329473495,6,6,0,0.2015294941763083,0.2015294941763083,,6,0.0,0.0,0.0,0.0033683325194207,1835.0,6,0.0,0.0,0.0,0.0019449876029852,515.0
gte_multilingual_base_768d,cn_def,几,1,1,,0,0,0,,,,0,,,,,,0,,,,,
gte_multilingual_base_768d,cn_def,刀,3,3,0.2182081490755081,0,0,0,,,,0,,,,,,0,,,,,
gte_multilingual_base_768d,cn_def,刂,20,20,0.0895989537239074,20,20,20,0.2447163568809628,0.2447163568809628,0.2447163568809628,20,0.0,0.0,0.05,0.0211563843753937,177.5,20,0.0,0.0,0.0,0.0031980588195939,629.0
gte_multilingual_base_768d,cn_def,力,16,16,0.0416704751551151,16,16,16,0.1321331956423819,0.1321331956423819,0.1321331956423819,16,0.0,0.0,0.0,0.0045966361284127,592.0,16,0.0,0.0,0.0,0.0093904524999608,412.5
gte_multilingual_base_768d,cn_def,勹,3,3,0.0107655925676226,0,0,0,,,,0,,,,,,0,,,,,
gte_multilingual_base_768d,cn_def,匕,1,1,,0,0,0,,,,0,,,,,,0,,,,,
gte_multilingual_base_768d,cn_def,匚,5,5,0.0139395715668797,5,0,0,0.0394284347072243,,,5,0.0,0.0,0.0,0.000465856453698,2353.0,5,0.0,0.0,0.0,0.0017986117175369,658.0
gte_multilingual_base_768d,cn_def,匸,2,2,0.0278620719909667,0,0,0,,,,0,,,,,,0,,,,,
gte_multilingual_base_768d,cn_def,十,1,1,,0,0,0,,,,0,,,,,,0,,,,,
gte_multilingual_base_768d,cn_def,卂,1,1,,0,0,0,,,,0,,,,,,0,,,,,
gte_multilingual_base_768d,cn_def,半,1,1,,0,0,0,,,,0,,,,,,0,,,,,
gte_multilingual_base_768d,cn_def,卜,1,1,,0,0,0,,,,0,,,,,,0,,,,,
gte_multilingual_base_768d,cn_def,卩,2,2,0.1930534839630127,0,0,0,,,,0,,,,,,0,,,,,
gte_multilingual_base_768d,cn_def,卵,1,1,,0,0,0,,,,0,,,,,,0,,,,,
gte_multilingual_base_768d,cn_def,厂,1,1,,0,0,0,,,,0,,,,,,0,,,,,
gte_multilingual_base_768d,cn_def,厶,1,1,,0,0,0,,,,0,,,,,,0,,,,,
gte_multilingual_base_768d,cn_def,又,2,2,-0.058669090270996,0,0,0,,,,0,,,,,,0,,,,,
gte_multilingual_base_768d,cn_def,口,122,114,0.0698182582855224,122,122,122,0.2425310035984291,0.2425310035984291,0.2425310035984291,122,0.0,0.0081967213114754,0.0163934426229508,0.0057904558269104,1165.0,122,0.0081967213114754,0.0163934426229508,0.040983606557377,0.0198953346977509,555.5
gte_multilingual_base_768d,cn_def,向,1,1,,0,0,0,,,,0,,,,,,0,,,,,
gte_multilingual_base_768d,cn_def,喜,1,1,,0,0,0,,,,0,,,,,,0,,,,,
gte_multilingual_base_768d,cn_def,囗,10,10,0.0600521527230739,10,10,10,0.1516986787319183,0.1516986787319183,0.1516986787319183,10,0.0,0.0,0.0,0.0010658213119113,1169.5,10,0.0,0.0,0.0,0.0017766011915974,769.0
gte_multilingual_base_768d,cn_def,土,66,66,0.0536522939801216,66,66,66,0.2073628045900753,0.2073628045900753,0.2073628045900753,66,0.0,0.0303030303030303,0.0303030303030303,0.0144314190350887,1029.0,66,0.0303030303030303,0.0454545454545454,0.0454545454545454,0.039077832254543,410.5
gte_multilingual_base_768d,cn_def,壬,1,1,,0,0,0,,,,0,,,,,,0,,,,,
gte_multilingual_base_768d,cn_def,壴,1,1,,0,0,0,,,,0,,,,,,0,,,,,
gte_multilingual_base_768d,cn_def,夂,1,1,,0,0,0,,,,0,,,,,,0,,,,,
gte_multilingual_base_768d,cn_def,夕,1,1,,0,0,0,,,,0,,,,,,0,,,,,
gte_multilingual_base_768d,cn_def,多,1,1,,0,0,0,,,,0,,,,,,0,,,,,
gte_multilingual_base_768d,cn_def,大,4,4,0.0243647489696741,4,0,0,0.0473373949062079,,,4,0.0,0.0,0.0,0.0044295169325592,440.0,4,0.0,0.25,0.25,0.131570030470245,111.5
gte_multilingual_base_768d,cn_def,夭,1,1,,0,0,0,,,,0,,,,,,0,,,,,
gte_multilingual_base_768d,cn_def,夸,1,1,,0,0,0,,,,0,,,,,,0,,,,,
gte_multilingual_base_768d,cn_def,女,69,69,0.0427033938467502,69,69,69,0.1808846858667506,0.1808846858667506,0.1808846858667506,69,0.0,0.0,0.0,0.004570720886371,1232.0,69,0.0,0.0144927536231884,0.0289855072463768,0.0104661687280121,480.0
gte_multilingual_base_768d,cn_def,子,6,6,0.052169132977724,6,6,0,0.1109669984628756,0.1109669984628756,,6,0.0,0.0,0.0,0.0067333830135786,869.0,6,0.0,0.0,0.0,0.001539967888728,781.5
gte_multilingual_base_768d,cn_def,學,1,1,,0,0,0,,,,0,,,,,,0,,,,,
gte_multilingual_base_768d,cn_def,宀,20,20,0.0500552728772163,20,20,20,0.1588623471558094,0.1588623471558094,0.1588623471558094,20,0.0,0.0,0.0,0.003499293015076,1195.5,20,0.0,0.0,0.0,0.004423890313766,648.5
gte_multilingual_base_768d,cn_def,寸,1,1,,0,0,0,,,,0,,,,,,0,,,,,
gte_multilingual_base_768d,cn_def,尢,1,1,,0,0,0,,,,0,,,,,,0,,,,,
gte_multilingual_base_768d,cn_def,尸,7,7,0.0284969918429851,7,7,0,0.0642443307276283,0.0642443307276283,,7,0.0,0.0,0.0,0.0004363045088521,2345.0,7,0.0,0.0,0.0,0.0029509338742146,271.0
gte_multilingual_base_768d,cn_def,尺,1,1,,0,0,0,,,,0,,,,,,0,,,,,
gte_multilingual_base_768d,cn_def,履,2,2,0.2824981212615967,0,0,0,,,,0,,,,,,0,,,,,
gte_multilingual_base_768d,cn_def,山,38,38,0.0889975130558013,38,38,38,0.2675388840174204,0.2675388840174204,0.2675388840174204,38,0.0,0.0263157894736842,0.0526315789473684,0.0199620090587,349.5,38,0.0,0.0263157894736842,0.0526315789473684,0.0140257877955604,433.5
gte_multilingual_base_768d,cn_def,工,1,1,,0,0,0,,,,0,,,,,,0,,,,,
gte_multilingual_base_768d,cn_def,巾,22,22,0.0592357851564884,22,22,22,0.1866327194835652,0.1866327194835652,0.1866327194835652,22,0.0,0.0,0.0,0.0030557252590194,661.0,22,0.0,0.0,0.0,0.0045816966756156,502.5
gte_multilingual_base_768d,cn_def,幺,1,1,,0,0,0,,,,0,,,,,,0,,,,,
gte_multilingual_base_768d,cn_def,广,25,25,0.0476963371038436,25,25,25,0.1640591227263212,0.1640591227263212,0.1640591227263212,25,0.0,0.0,0.0,0.0036558424777489,1011.0,25,0.0,0.04,0.04,0.0149692177692233,307.0
gte_multilingual_base_768d,cn_def,庚,1,1,,0,0,0,,,,0,,,,,,0,,,,,
gte_multilingual_base_768d,cn_def,廾,1,1,,0,0,0,,,,0,,,,,,0,,,,,
gte_multilingual_base_768d,cn_def,弓,9,9,0.0410116910934448,9,9,9,0.1041417879362901,0.1041417879362901,0.1041417879362901,9,0.0,0.0,0.0,0.0011479308171435,1758.0,9,0.0,0.0,0.0,0.0037121459096057,506.0
gte_multilingual_base_768d,cn_def,彡,6,6,0.0478283390402793,6,6,0,0.1122821463892857,0.1122821463892857,,6,0.0,0.0,0.0,0.0140273856161832,346.5,6,0.0,0.0,0.0,0.0235386119455503,284.5
gte_multilingual_base_768d,cn_def,彳,14,14,0.0342518426477909,14,14,14,0.1114189624786377,0.1114189624786377,0.1114189624786377,14,0.0,0.0714285714285714,0.0714285714285714,0.0195688033926899,1200.5,14,0.0,0.0714285714285714,0.0714285714285714,0.0212049406369408,671.0
gte_multilingual_base_768d,cn_def,微,1,1,,0,0,0,,,,0,,,,,,0,,,,,
gte_multilingual_base_768d,cn_def,心,46,44,0.0463207140564918,46,46,46,0.1743861366184833,0.1743861366184833,0.1743861366184833,46,0.0217391304347826,0.0434782608695652,0.0434782608695652,0.0292885499498243,938.0,46,0.0434782608695652,0.0652173913043478,0.0652173913043478,0.0508550783029262,520.0
gte_multilingual_base_768d,cn_def,忄,80,80,0.0679889246821403,80,80,80,0.241783349844627,0.241783349844627,0.241783349844627,80,0.0,0.0125,0.0125,0.0093650900198409,747.5,80,0.0,0.025,0.025,0.0141457534219633,485.0
gte_multilingual_base_768d,cn_def,恣,1,1,,0,0,0,,,,0,,,,,,0,,,,,
gte_multilingual_base_768d,cn_def,戈,6,6,0.0286559425294399,6,6,0,0.0616376729061206,0.0616376729061206,,6,0.0,0.0,0.0,0.0033310066572199,1765.0,6,0.0,0.0,0.0,0.0032633539055428,472.5
gte_multilingual_base_768d,cn_def,戊,2,2,-0.3009703755378723,0,0,0,,,,0,,,,,,0,,,,,
gte_multilingual_base_768d,cn_def,戶,2,2,0.0636496543884277,0,0,0,,,,0,,,,,,0,,,,,
gte_multilingual_base_768d,cn_def,手,7,7,0.0744590312242508,7,7,0,0.1575981357267924,0.1575981357267924,,7,0.0,0.0,0.0,0.0027040225288027,807.0,7,0.0,0.0,0.0,0.0060413981717062,397.0
gte_multilingual_base_768d,cn_def,扌,145,139,0.0527682229876518,145,145,145,0.2134100958062657,0.2134100958062657,0.2134100958062657,145,0.0068965517241379,0.0137931034482758,0.0137931034482758,0.0138156185312268,1146.0,145,0.0137931034482758,0.0275862068965517,0.0275862068965517,0.0257468448379191,401.0
gte_multilingual_base_768d,cn_def,攴,1,1,,0,0,0,,,,0,,,,,,0,,,,,
gte_multilingual_base_768d,cn_def,攵,14,14,0.0279776602983474,14,14,14,0.0955534477585128,0.0955534477585128,0.0955534477585128,14,0.0,0.0,0.0,0.0009844805737331,1037.0,14,0.0,0.0,0.0,0.0042069873438851,411.0
gte_multilingual_base_768d,cn_def,敕,1,1,,0,0,0,,,,0,,,,,,0,,,,,
gte_multilingual_base_768d,cn_def,文,1,1,,0,0,0,,,,0,,,,,,0,,,,,
gte_multilingual_base_768d,cn_def,斗,5,5,0.0365965850651264,5,0,0,0.0712240312248468,,,5,0.0,0.0,0.0,0.0007498957126294,2352.0,5,0.0,0.0,0.0,0.0036855028261307,235.0
gte_multilingual_base_768d,cn_def,斤,4,4,0.0252142753452062,4,0,0,0.051340744132176,,,4,0.0,0.0,0.0,0.0027676376533452,831.5,4,0.0,0.0,0.0,0.0067679807642879,628.5
gte_multilingual_base_768d,cn_def,日,45,43,0.0574802458286285,45,45,45,0.2085325827201207,0.2085325827201207,0.2085325827201207,45,0.0222222222222222,0.0444444444444444,0.0444444444444444,0.0327051150720062,349.0,45,0.0222222222222222,0.0666666666666666,0.1111111111111111,0.0491055366613499,423.0
gte_multilingual_base_768d,cn_def,旨,1,1,,0,0,0,,,,0,,,,,,0,,,,,
gte_multilingual_base_768d,cn_def,是,1,1,,0,0,0,,,,0,,,,,,0,,,,,
gte_multilingual_base_768d,cn_def,曰,1,1,,0,0,0,,,,0,,,,,,0,,,,,
gte_multilingual_base_768d,cn_def,月,4,4,0.1637613028287887,4,0,0,0.2430217210203409,,,4,0.0,0.0,0.0,0.0182421168722538,91.0,4,0.0,0.0,0.0,0.0040090144312982,460.0
gte_multilingual_base_768d,cn_def,木,146,140,0.061396911740303,146,146,146,0.2330960877533134,0.2330960877533134,0.2330960877533134,146,0.0068493150684931,0.0136986301369863,0.0136986301369863,0.0108560516667519,1216.5,146,0.0068493150684931,0.0205479452054794,0.0205479452054794,0.0164144509147897,512.0
gte_multilingual_base_768d,cn_def,林,4,4,-0.0165308322757482,4,0,0,-0.0237756026908755,,,4,0.0,0.0,0.0,0.0006130002912923,2575.5,4,0.0,0.0,0.0,0.0023655290697185,776.0
gte_multilingual_base_768d,cn_def,欠,14,14,0.0226677283644676,14,14,14,0.0844853131898811,0.0844853131898811,0.0844853131898811,14,0.0,0.0714285714285714,0.0714285714285714,0.0244925576596919,1870.0,14,0.0,0.0714285714285714,0.0714285714285714,0.0432787508245237,395.0
gte_multilingual_base_768d,cn_def,止,1,1,,0,0,0,,,,0,,,,,,0,,,,,
gte_multilingual_base_768d,cn_def,步,1,1,,0,0,0,,,,0,,,,,,0,,,,,
gte_multilingual_base_768d,cn_def,歹,11,11,0.0913148373365402,11,11,11,0.2215724412182515,0.2215724412182515,0.2215724412182515,11,0.0,0.0,0.0,0.0034267907504501,365.0,11,0.0,0.0,0.0,0.0036590721720629,555.0
gte_multilingual_base_768d,cn_def,死,1,1,,0,0,0,,,,0,,,,,,0,,,,,
gte_multilingual_base_768d,cn_def,殳,2,2,-0.1512116193771362,0,0,0,,,,0,,,,,,0,,,,,
gte_multilingual_base_768d,cn_def,比,1,1,,0,0,0,,,,0,,,,,,0,,,,,
gte_multilingual_base_768d,cn_def,毛,5,5,0.0873841270804405,5,0,0,0.1615844804793596,,,5,0.0,0.0,0.0,0.0026830420056484,512.0,5,0.0,0.0,0.0,0.0086845541715552,135.0
gte_multilingual_base_768d,cn_def,民,1,1,,0,0,0,,,,0,,,,,,0,,,,,
gte_multilingual_base_768d,cn_def,气,2,2,0.103921890258789,0,0,0,,,,0,,,,,,0,,,,,
gte_multilingual_base_768d,cn_def,水,4,4,0.016156792640686,4,0,0,0.0274189608171582,,,4,0.0,0.0,0.0,0.0004726884172997,3326.0,4,0.0,0.0,0.0,0.0016737757643201,672.5
gte_multilingual_base_768d,cn_def,氵,198,186,0.0701401829719543,198,198,198,0.2530822924201875,0.2530822924201875,0.2530822924201875,198,0.0101010101010101,0.0101010101010101,0.0101010101010101,0.0141974421446071,1304.0,198,0.0101010101010101,0.0151515151515151,0.0202020202020202,0.0162524438859553,563.0
gte_multilingual_base_768d,cn_def,火,36,35,0.0823146551847457,36,36,36,0.251287692045379,0.251287692045379,0.251287692045379,36,0.0277777777777777,0.1111111111111111,0.1111111111111111,0.0617575273304009,311.0,36,0.0833333333333333,0.1111111111111111,0.1111111111111111,0.1049739975010536,382.0
gte_multilingual_base_768d,cn_def,灬,2,2,0.0665192604064941,0,0,0,,,,0,,,,,,0,,,,,
gte_multilingual_base_768d,cn_def,爪,1,1,,0,0,0,,,,0,,,,,,0,,,,,
gte_multilingual_base_768d,cn_def,爭,1,1,,0,0,0,,,,0,,,,,,0,,,,,
gte_multilingual_base_768d,cn_def,父,1,1,,0,0,0,,,,0,,,,,,0,,,,,
gte_multilingual_base_768d,cn_def,爿,1,1,,0,0,0,,,,0,,,,,,0,,,,,
gte_multilingual_base_768d,cn_def,片,2,2,-0.0175424814224243,0,0,0,,,,0,,,,,,0,,,,,
gte_multilingual_base_768d,cn_def,牛,1,1,,0,0,0,,,,0,,,,,,0,,,,,
gte_multilingual_base_768d,cn_def,牜,10,10,0.0455767214298248,10,10,10,0.1182911915704608,0.1182911915704608,0.1182911915704608,10,0.0,0.0,0.1,0.0152717546129121,1705.0,10,0.0,0.0,0.0,0.0090212154385942,768.5
gte_multilingual_base_768d,cn_def,犬,4,4,0.0429317541420459,4,0,0,0.077650670427829,,,4,0.0,0.0,0.0,0.0275316655925085,121.0,4,0.0,0.25,0.25,0.1332133194873336,126.0
gte_multilingual_base_768d,cn_def,犭,28,28,0.0398495234549045,28,28,28,0.1496648282544421,0.1496648282544421,0.1496648282544421,28,0.0,0.0,0.0,0.0038894952594245,1043.5,28,0.0,0.0357142857142857,0.0357142857142857,0.0105905185398996,523.0
gte_multilingual_base_768d,cn_def,玉,2,2,0.0215874910354614,0,0,0,,,,0,,,,,,0,,,,,
gte_multilingual_base_768d,cn_def,王,46,45,0.1036033108830452,46,46,46,0.2953008505536,0.2953008505536,0.2953008505536,46,0.0,0.0,0.0217391304347826,0.013708519065886,401.0,46,0.0,0.0,0.0,0.0106572902998629,425.0
gte_multilingual_base_768d,cn_def,瓜,2,2,0.0814722776412963,0,0,0,,,,0,,,,,,0,,,,,
gte_multilingual_base_768d,cn_def,瓦,4,4,0.2770884037017822,4,0,0,0.3862854614853859,,,4,0.0,0.0,0.0,0.0411818013393786,54.0,4,0.0,0.0,0.0,0.0117881042930367,114.5
gte_multilingual_base_768d,cn_def,田,10,10,0.069009929895401,10,10,10,0.1766345992684364,0.1766345992684364,0.1766345992684364,10,0.0,0.1,0.1,0.0584195518624026,540.5,10,0.0,0.1,0.1,0.0309024044347115,399.5
gte_multilingual_base_768d,cn_def,男,2,2,0.1536033153533935,0,0,0,,,,0,,,,,,0,,,,,
gte_multilingual_base_768d,cn_def,畢,1,1,,0,0,0,,,,0,,,,,,0,,,,,
gte_multilingual_base_768d,cn_def,疒,48,47,0.0957892835140228,48,48,48,0.2806192529387772,0.2806192529387772,0.2806192529387772,48,0.0,0.0,0.0,0.0069152093448788,468.5,48,0.0,0.0208333333333333,0.0625,0.0215903879259341,483.5
gte_multilingual_base_768d,cn_def,癶,1,1,,0,0,0,,,,0,,,,,,0,,,,,
gte_multilingual_base_768d,cn_def,白,7,7,0.129187986254692,7,7,0,0.2496924953801291,0.2496924953801291,,7,0.0,0.0,0.0,0.0269477392414506,61.0,7,0.0,0.0,0.0,0.0079429489893847,362.0
gte_multilingual_base_768d,cn_def,皮,3,3,0.2214557379484176,0,0,0,,,,0,,,,,,0,,,,,
gte_multilingual_base_768d,cn_def,皿,9,9,0.1359183490276336,9,9,9,0.2895693555474281,0.2895693555474281,0.2895693555474281,9,0.0,0.0,0.0,0.0184321309743655,235.0,9,0.0,0.0,0.0,0.0054585987339785,348.0
gte_multilingual_base_768d,cn_def,目,32,32,0.1308384239673614,32,32,32,0.3302270527929067,0.3302270527929067,0.3302270527929067,32,0.0,0.0,0.03125,0.0140615812034561,352.0,32,0.0,0.0,0.0,0.0054842111987762,454.5
gte_multilingual_base_768d,cn_def,矛,1,1,,0,0,0,,,,0,,,,,,0,,,,,
gte_multilingual_base_768d,cn_def,矢,4,4,0.0436773300170898,4,0,0,0.0969376591965556,,,4,0.0,0.0,0.0,0.0004998695216192,1887.0,4,0.0,0.0,0.0,0.0024908519590499,581.5
gte_multilingual_base_768d,cn_def,石,40,39,0.0744137912988662,40,40,40,0.2336463650688529,0.2336463650688529,0.2336463650688529,40,0.0,0.05,0.05,0.015128072253921,651.0,40,0.025,0.05,0.05,0.0368355629983982,371.0
gte_multilingual_base_768d,cn_def,示,5,5,0.0333036407828331,5,0,0,0.0696942606940865,,,5,0.0,0.0,0.0,0.005824358968409,591.0,5,0.0,0.0,0.0,0.0101601030080579,231.0
gte_multilingual_base_768d,cn_def,礻,20,20,0.0771974548697471,20,20,20,0.2218849824741482,0.2218849824741482,0.2218849824741482,20,0.0,0.0,0.05,0.015236312907477,580.0,20,0.0,0.05,0.1,0.0275073992808065,532.5
gte_multilingual_base_768d,cn_def,禾,25,25,0.0287656281143426,25,25,25,0.1137823940254747,0.1137823940254747,0.1137823940254747,25,0.0,0.0,0.0,0.0041650045823093,1383.0,25,0.0,0.0,0.0,0.0077710913770253,396.0
gte_multilingual_base_768d,cn_def,穴,17,17,0.0329383388161659,17,17,17,0.1079969303134609,0.1079969303134609,0.1079969303134609,17,0.0,0.0,0.0,0.001583818772516,1432.0,17,0.0,0.0,0.0588235294117647,0.0095436798266149,631.0
gte_multilingual_base_768d,cn_def,立,4,4,0.0002663930354174,4,0,0,0.0010882779024541,,,4,0.0,0.0,0.0,0.0017576571006933,658.0,4,0.0,0.0,0.0,0.0032252676269369,369.0
gte_multilingual_base_768d,cn_def,竹,63,61,0.0776294693350792,63,63,63,0.2556748271934569,0.2556748271934569,0.2556748271934569,63,0.0158730158730158,0.0476190476190476,0.0476190476190476,0.0340143218966993,748.0,63,0.0317460317460317,0.0476190476190476,0.0476190476190476,0.0397021525302348,639.0
gte_multilingual_base_768d,cn_def,箕,1,1,,0,0,0,,,,0,,,,,,0,,,,,
gte_multilingual_base_768d,cn_def,米,17,17,0.1112266257405281,17,17,17,0.2743957991547444,0.2743957991547444,0.2743957991547444,17,0.0,0.0,0.0,0.0091105895988974,299.0,17,0.0,0.0,0.0,0.0024219778005289,932.0
gte_multilingual_base_768d,cn_def,糸,99,98,0.0604423992335796,99,99,99,0.2299869830503758,0.2299869830503758,0.2299869830503758,99,0.0101010101010101,0.0101010101010101,0.0202020202020202,0.0155175342309741,918.0,99,0.0101010101010101,0.0202020202020202,0.0202020202020202,0.0192855297825542,502.0
gte_multilingual_base_768d,cn_def,縣,1,1,,0,0,0,,,,0,,,,,,0,,,,,
gte_multilingual_base_768d,cn_def,缶,1,1,,0,0,0,,,,0,,,,,,0,,,,,
gte_multilingual_base_768d,cn_def,网,1,1,,0,0,0,,,,0,,,,,,0,,,,,
gte_multilingual_base_768d,cn_def,羊,3,3,0.0295217037200927,0,0,0,,,,0,,,,,,0,,,,,
gte_multilingual_base_768d,cn_def,羽,14,14,0.0401506721973419,14,14,14,0.1241525848662214,0.1241525848662214,0.1241525848662214,14,0.0,0.0,0.0,0.0022316648921976,1973.5,14,0.0,0.0,0.0,0.0090065343070503,535.5
gte_multilingual_base_768d,cn_def,習,1,1,,0,0,0,,,,0,,,,,,0,,,,,
gte_multilingual_base_768d,cn_def,老,3,3,0.2327217310667038,0,0,0,,,,0,,,,,,0,,,,,
gte_multilingual_base_768d,cn_def,耒,6,6,0.0145517671480774,6,6,0,0.043053942422072,0.043053942422072,,6,0.0,0.0,0.0,0.001776733916661,2820.0,6,0.0,0.0,0.0,0.0015068960291474,846.5
gte_multilingual_base_768d,cn_def,耳,6,6,0.011671956628561,6,6,0,0.0295250061899423,0.0295250061899423,,6,0.0,0.0,0.0,0.008084580206517,1955.5,6,0.0,0.0,0.0,0.001197284462489,867.5
gte_multilingual_base_768d,cn_def,肉,73,70,0.0733605548739433,73,73,73,0.2470918991794325,0.2470918991794325,0.2470918991794325,73,0.0,0.0,0.0,0.0051532217079661,595.0,73,0.0,0.0136986301369863,0.0547945205479452,0.0119606208629307,588.0
gte_multilingual_base_768d,cn_def,臣,1,1,,0,0,0,,,,0,,,,,,0,,,,,
gte_multilingual_base_768d,cn_def,臤,1,1,,0,0,0,,,,0,,,,,,0,,,,,
gte_multilingual_base_768d,cn_def,臥,1,1,,0,0,0,,,,0,,,,,,0,,,,,
gte_multilingual_base_768d,cn_def,自,1,1,,0,0,0,,,,0,,,,,,0,,,,,
gte_multilingual_base_768d,cn_def,至,2,2,0.4237312078475952,0,0,0,,,,0,,,,,,0,,,,,
gte_multilingual_base_768d,cn_def,舌,1,1,,0,0,0,,,,0,,,,,,0,,,,,
gte_multilingual_base_768d,cn_def,舟,12,12,0.1567906737327575,12,12,12,0.3263411093503237,0.3263411093503237,0.3263411093503237,12,0.0833333333333333,0.0833333333333333,0.0833333333333333,0.0957419174915478,134.0,12,0.0,0.0833333333333333,0.0833333333333333,0.0470495415046456,633.5
gte_multilingual_base_768d,cn_def,艹,161,151,0.0738135948777198,161,161,161,0.2518676192852558,0.2518676192852558,0.2518676192852558,161,0.0062111801242236,0.0124223602484472,0.0124223602484472,0.0120614890291734,1335.0,161,0.0124223602484472,0.0186335403726708,0.0248447204968944,0.0199857420009729,523.0
gte_multilingual_base_768d,cn_def,蕇,1,1,,0,0,0,,,,0,,,,,,0,,,,,
gte_multilingual_base_768d,cn_def,虍,2,2,-0.040927231311798,0,0,0,,,,0,,,,,,0,,,,,
gte_multilingual_base_768d,cn_def,虫,79,77,0.118895798921585,79,79,79,0.3263420120848319,0.3263420120848319,0.3263420120848319,79,0.0,0.0,0.0126582278481012,0.0077193017051383,494.0,79,0.0,0.0253164556962025,0.0253164556962025,0.0162542777968831,527.0
gte_multilingual_base_768d,cn_def,血,1,1,,0,0,0,,,,0,,,,,,0,,,,,
gte_multilingual_base_768d,cn_def,行,5,5,0.0070592639967799,5,0,0,0.0137399673461914,,,5,0.0,0.0,0.0,0.0004503661607789,2180.0,5,0.0,0.0,0.0,0.0014239337491732,874.0
gte_multilingual_base_768d,cn_def,衣,11,11,0.073246456682682,11,11,11,0.1888755336403846,0.1888755336403846,0.1888755336403846,11,0.0,0.0,0.0,0.0009293824572232,2998.0,11,0.0,0.0,0.0,0.0022741715133026,545.0
gte_multilingual_base_768d,cn_def,衤,34,34,0.1042699962854385,34,34,34,0.2919087413260165,0.2919087413260165,0.2919087413260165,34,0.0,0.0,0.0,0.0075430392751272,440.0,34,0.0,0.0,0.0,0.0057168516901166,349.5
gte_multilingual_base_768d,cn_def,襾,1,1,,0,0,0,,,,0,,,,,,0,,,,,
gte_multilingual_base_768d,cn_def,見,4,4,0.0953131541609764,4,0,0,0.147753027966246,,,4,0.0,0.0,0.25,0.0388111225252542,158.5,4,0.0,0.0,0.0,0.024863562669778,262.5
gte_multilingual_base_768d,cn_def,角,2,2,0.0393869876861572,0,0,0,,,,0,,,,,,0,,,,,
gte_multilingual_base_768d,cn_def,言,98,96,0.0375217348337173,98,98,98,0.1710257163290314,0.1710257163290314,0.1710257163290314,98,0.010204081632653,0.010204081632653,0.0204081632653061,0.0164556814499608,903.0,98,0.0408163265306122,0.0510204081632653,0.0510204081632653,0.0484774865945887,459.5
gte_multilingual_base_768d,cn_def,谷,2,2,0.0271081924438476,0,0,0,,,,0,,,,,,0,,,,,
gte_multilingual_base_768d,cn_def,豆,2,2,0.101090669631958,0,0,0,,,,0,,,,,,0,,,,,
gte_multilingual_base_768d,cn_def,豕,1,1,,0,0,0,,,,0,,,,,,0,,,,,
gte_multilingual_base_768d,cn_def,象,1,1,,0,0,0,,,,0,,,,,,0,,,,,
gte_multilingual_base_768d,cn_def,豸,7,7,0.2558439671993255,7,7,0,0.4197897613048553,0.4197897613048553,,7,0.0,0.0,0.0,0.0233122010717776,40.0,7,0.0,0.0,0.0,0.001901585368925,659.0
gte_multilingual_base_768d,cn_def,貝,30,29,0.0714985579252243,30,30,30,0.2169453451099495,0.2169453451099495,0.2169453451099495,30,0.0,0.0,0.0,0.0068650870944498,359.0,30,0.0,0.0,0.0,0.004919632981153,479.0
gte_multilingual_base_768d,cn_def,赤,1,1,,0,0,0,,,,0,,,,,,0,,,,,
gte_multilingual_base_768d,cn_def,走,8,8,0.0291171409189701,8,8,0,0.0670754173770546,0.0670754173770546,,8,0.0,0.0,0.0,0.0083078624799865,2605.0,8,0.0,0.0,0.0,0.0052028114790488,702.5
gte_multilingual_base_768d,cn_def,足,2,2,-0.0609954595565795,0,0,0,,,,0,,,,,,0,,,,,
gte_multilingual_base_768d,cn_def,身,3,3,-0.0308454036712646,0,0,0,,,,0,,,,,,0,,,,,
gte_multilingual_base_768d,cn_def,車,25,25,0.0782981216907501,25,25,25,0.2348820525407791,0.2348820525407791,0.2348820525407791,25,0.0,0.0,0.0,0.0048364646653659,617.0,25,0.0,0.0,0.0,0.0045033262144232,479.0
gte_multilingual_base_768d,cn_def,辛,2,2,-0.059524655342102,0,0,0,,,,0,,,,,,0,,,,,
gte_multilingual_base_768d,cn_def,辶,52,52,0.0526332668960094,52,52,52,0.2012490381916555,0.2012490381916555,0.2012490381916555,52,0.0,0.0,0.0,0.0015279243772075,1526.5,52,0.0,0.0,0.0384615384615384,0.0080800268059073,459.0
gte_multilingual_base_768d,cn_def,邑,1,1,,0,0,0,,,,0,,,,,,0,,,,,
gte_multilingual_base_768d,cn_def,酉,20,20,0.068734623491764,20,20,20,0.2014586662873626,0.2014586662873626,0.2014586662873626,20,0.0,0.0,0.0,0.0054088205123073,1144.0,20,0.0,0.0,0.0,0.0053802813573396,373.0
gte_multilingual_base_768d,cn_def,釆,2,2,-0.0244303345680236,0,0,0,,,,0,,,,,,0,,,,,
gte_multilingual_base_768d,cn_def,里,1,1,,0,0,0,,,,0,,,,,,0,,,,,
gte_multilingual_base_768d,cn_def,釒,88,86,0.0615918785333633,88,88,88,0.2309216034429317,0.2309216034429317,0.2309216034429317,88,0.0,0.0,0.034090909090909,0.0073784407435253,949.5,88,0.0227272727272727,0.0227272727272727,0.0454545454545454,0.0329539907148033,463.5
gte_multilingual_base_768d,cn_def,門,20,20,0.036537941545248,20,20,20,0.1291148478165268,0.1291148478165268,0.1291148478165268,20,0.05,0.05,0.05,0.0534520178311861,1198.5,20,0.05,0.05,0.05,0.0529628758464963,415.0
gte_multilingual_base_768d,cn_def,阝,49,48,0.0308977868407964,49,49,49,0.1395122028355087,0.1395122028355087,0.1395122028355087,49,0.0204081632653061,0.0408163265306122,0.0612244897959183,0.0319826510651077,2536.0,49,0.0408163265306122,0.0612244897959183,0.0612244897959183,0.0509836855141214,587.0
gte_multilingual_base_768d,cn_def,隹,11,11,0.009333592839539,11,11,11,0.0373997915197502,0.0373997915197502,0.0373997915197502,11,0.0,0.0,0.0,0.001184326851527,2776.0,11,0.0,0.0,0.0,0.0050938065485894,677.0
gte_multilingual_base_768d,cn_def,雈,1,1,,0,0,0,,,,0,,,,,,0,,,,,
gte_multilingual_base_768d,cn_def,雨,22,22,0.1154231950640678,22,22,22,0.2953413465822285,0.2953413465822285,0.2953413465822285,22,0.0,0.0,0.0,0.0110982050043535,371.5,22,0.0454545454545454,0.0454545454545454,0.0454545454545454,0.0490140360677177,722.5
gte_multilingual_base_768d,cn_def,非,1,1,,0,0,0,,,,0,,,,,,0,,,,,
gte_multilingual_base_768d,cn_def,面,2,2,0.0116335153579711,0,0,0,,,,0,,,,,,0,,,,,
gte_multilingual_base_768d,cn_def,革,13,13,0.0838616341352462,13,13,13,0.2201567472746739,0.2201567472746739,0.2201567472746739,13,0.0,0.0,0.0,0.0074364347724403,389.0,13,0.0769230769230769,0.0769230769230769,0.0769230769230769,0.0789941046995767,551.0
gte_multilingual_base_768d,cn_def,韋,2,2,-0.0412495136260986,0,0,0,,,,0,,,,,,0,,,,,
gte_multilingual_base_768d,cn_def,韮,1,1,,0,0,0,,,,0,,,,,,0,,,,,
gte_multilingual_base_768d,cn_def,音,3,3,0.1034578457474708,0,0,0,,,,0,,,,,,0,,,,,
gte_multilingual_base_768d,cn_def,頁,28,28,0.0265274997800588,28,28,28,0.1077920859180656,0.1077920859180656,0.1077920859180656,28,0.0,0.0,0.0,0.0037177352499946,1290.0,28,0.0,0.0,0.0,0.0066529698126316,442.5
gte_multilingual_base_768d,cn_def,風,4,4,0.2074988633394241,4,0,0,0.3109752237796783,,,4,0.0,0.0,0.25,0.0296841673916183,125.5,4,0.0,0.0,0.0,0.0074490312583992,538.5
gte_multilingual_base_768d,cn_def,食,4,4,0.048809926956892,4,0,0,0.0852999184280633,,,4,0.0,0.0,0.0,0.0060090548573373,1824.5,4,0.0,0.0,0.0,0.004718952090285,518.5
gte_multilingual_base_768d,cn_def,飠,22,22,0.0793650224804878,22,22,22,0.2265886696563525,0.2265886696563525,0.2265886696563525,22,0.0,0.0,0.0,0.0067726477210103,659.0,22,0.0,0.0,0.0,0.0070400846229327,307.5
gte_multilingual_base_768d,cn_def,首,2,2,0.0240859985351562,0,0,0,,,,0,,,,,,0,,,,,
gte_multilingual_base_768d,cn_def,馬,35,35,0.0775764882564544,35,35,35,0.2420196196862629,0.2420196196862629,0.2420196196862629,35,0.0,0.0,0.0,0.0041206354271135,820.0,35,0.0,0.0,0.0,0.0037612920343537,391.0
gte_multilingual_base_768d,cn_def,骨,6,6,0.2517373263835907,6,6,0,0.3971059719721476,0.3971059719721476,,6,0.1666666666666666,0.1666666666666666,0.3333333333333333,0.2088613215764706,39.5,6,0.0,0.0,0.0,0.0053463827018244,306.5
gte_multilingual_base_768d,cn_def,高,1,1,,0,0,0,,,,0,,,,,,0,,,,,
gte_multilingual_base_768d,cn_def,髟,11,11,0.0502430647611618,11,11,11,0.1364501978863369,0.1364501978863369,0.1364501978863369,11,0.0,0.0909090909090909,0.0909090909090909,0.0287504881179055,632.0,11,0.0,0.0,0.0,0.0063600294408181,596.0
gte_multilingual_base_768d,cn_def,鬥,3,3,0.0890670642256736,0,0,0,,,,0,,,,,,0,,,,,
gte_multilingual_base_768d,cn_def,鬼,9,9,0.07599788159132,9,9,9,0.1760118429859479,0.1760118429859479,0.1760118429859479,9,0.0,0.0,0.0,0.0019379524862747,1680.0,9,0.0,0.0,0.0,0.0048387087995084,448.0
gte_multilingual_base_768d,cn_def,魚,20,20,0.2066459655761718,20,20,20,0.4172903480939567,0.4172903480939567,0.4172903480939567,20,0.0,0.05,0.05,0.0296746073735955,88.5,20,0.0,0.0,0.0,0.0046265378131123,479.0
gte_multilingual_base_768d,cn_def,鳥,27,27,0.2066016942262649,27,27,27,0.4262547639233094,0.4262547639233094,0.4262547639233094,27,0.0,0.037037037037037,0.074074074074074,0.0378431632120687,41.0,27,0.0,0.0,0.037037037037037,0.0099342346179268,599.0
gte_multilingual_base_768d,cn_def,鹵,3,3,0.3182322084903717,0,0,0,,,,0,,,,,,0,,,,,
gte_multilingual_base_768d,cn_def,鹿,4,4,0.1744502335786819,4,0,0,0.2615015245974064,,,4,0.0,0.0,0.0,0.0078017190276961,270.5,4,0.0,0.0,0.0,0.0014523755325711,845.5
gte_multilingual_base_768d,cn_def,麥,2,2,0.2885231971740722,0,0,0,,,,0,,,,,,0,,,,,
gte_multilingual_base_768d,cn_def,麻,1,1,,0,0,0,,,,0,,,,,,0,,,,,
gte_multilingual_base_768d,cn_def,黍,1,1,,0,0,0,,,,0,,,,,,0,,,,,
gte_multilingual_base_768d,cn_def,黑,10,10,0.037797175347805,10,10,10,0.1102943440899252,0.1102943440899252,0.1102943440899252,10,0.0,0.0,0.0,0.0029376615553577,1341.5,10,0.0,0.0,0.0,0.0084011636933576,330.0
gte_multilingual_base_768d,cn_def,黹,1,1,,0,0,0,,,,0,,,,,,0,,,,,
gte_multilingual_base_768d,cn_def,黽,1,1,,0,0,0,,,,0,,,,,,0,,,,,
gte_multilingual_base_768d,cn_def,鼎,1,1,,0,0,0,,,,0,,,,,,0,,,,,
gte_multilingual_base_768d,cn_def,鼓,2,2,0.4653549194335937,0,0,0,,,,0,,,,,,0,,,,,
gte_multilingual_base_768d,cn_def,鼠,1,1,,0,0,0,,,,0,,,,,,0,,,,,
gte_multilingual_base_768d,cn_def,鼻,1,1,,0,0,0,,,,0,,,,,,0,,,,,
gte_multilingual_base_768d,cn_def,齒,8,7,0.1247002258896827,8,8,0,0.2310465509071946,0.2310465509071946,,8,0.0,0.0,0.0,0.0164628829350327,110.5,8,0.0,0.0,0.0,0.0021791544449663,812.5
gte_multilingual_base_768d,cn_def,龍,1,1,,0,0,0,,,,0,,,,,,0,,,,,
gte_multilingual_base_768d,cn_def,龠,1,1,,0,0,0,,,,0,,,,,,0,,,,,
gte_multilingual_base_768d,cn_def,𠘨,1,1,,0,0,0,,,,0,,,,,,0,,,,,
gte_multilingual_base_768d,cn_def,𠚕,1,1,,0,0,0,,,,0,,,,,,0,,,,,
gte_multilingual_base_768d,cn_def,𠫓,1,1,,0,0,0,,,,0,,,,,,0,,,,,
gte_multilingual_base_768d,cn_def,𡱕,1,1,,0,0,0,,,,0,,,,,,0,,,,,
gte_multilingual_base_768d,cn_def,𢆶,1,1,,0,0,0,,,,0,,,,,,0,,,,,
gte_multilingual_base_768d,cn_def,𣶒,1,1,,0,0,0,,,,0,,,,,,0,,,,,
gte_multilingual_base_768d,cn_def,𤤴,3,3,0.47365602850914,0,0,0,,,,0,,,,,,0,,,,,
gte_multilingual_base_768d,cn_def,𦍌,1,1,,0,0,0,,,,0,,,,,,0,,,,,
gte_multilingual_base_768d,cn_def,𧾷,48,48,0.0801765769720077,48,48,48,0.254622167830045,0.254622167830045,0.254622167830045,48,0.0,0.0416666666666666,0.0625,0.0270126348474884,874.5,48,0.0416666666666666,0.0416666666666666,0.0416666666666666,0.0496547771187771,560.0
gte_multilingual_base_768d,en_def_translated_cn_def,㐬,1,1,,0,0,0,,,,0,,,,,,0,,,,,
gte_multilingual_base_768d,en_def_translated_cn_def,㔾,1,1,,0,0,0,,,,0,,,,,,0,,,,,
gte_multilingual_base_768d,en_def_translated_cn_def,㝱,2,2,0.2661499977111816,0,0,0,,,,0,,,,,,0,,,,,
gte_multilingual_base_768d,en_def_translated_cn_def,㣺,2,2,-0.0361114740371704,0,0,0,,,,0,,,,,,0,,,,,
gte_multilingual_base_768d,en_def_translated_cn_def,㫃,7,7,0.1060856878757476,7,7,0,0.2152808175555297,0.2152808175555297,,7,0.0,0.0,0.1428571428571428,0.0200547347527729,167.0,7,0.0,0.0,0.0,0.0022689220985528,630.0
gte_multilingual_base_768d,en_def_translated_cn_def,㹜,1,1,,0,0,0,,,,0,,,,,,0,,,,,
gte_multilingual_base_768d,en_def_translated_cn_def,㾜,1,1,,0,0,0,,,,0,,,,,,0,,,,,
gte_multilingual_base_768d,en_def_translated_cn_def,䀠,1,1,,0,0,0,,,,0,,,,,,0,,,,,
gte_multilingual_base_768d,en_def_translated_cn_def,䖵,3,3,0.0001497268676757,0,0,0,,,,0,,,,,,0,,,,,
gte_multilingual_base_768d,en_def_translated_cn_def,一,3,3,0.06935715675354,0,0,0,,,,0,,,,,,0,,,,,
gte_multilingual_base_768d,en_def_translated_cn_def,乑,1,1,,0,0,0,,,,0,,,,,,0,,,,,
gte_multilingual_base_768d,en_def_translated_cn_def,乙,3,3,-0.0199324283748865,0,0,0,,,,0,,,,,,0,,,,,
gte_multilingual_base_768d,en_def_translated_cn_def,二,2,2,-0.0620579719543457,0,0,0,,,,0,,,,,,0,,,,,
gte_multilingual_base_768d,en_def_translated_cn_def,京,1,1,,0,0,0,,,,0,,,,,,0,,,,,
gte_multilingual_base_768d,en_def_translated_cn_def,人,1,1,,0,0,0,,,,0,,,,,,0,,,,,
gte_multilingual_base_768d,en_def_translated_cn_def,亻,138,127,0.0045377477072179,138,138,138,0.0407344593001745,0.0407344593001745,0.0407344593001745,138,0.0217391304347826,0.0434782608695652,0.0507246376811594,0.0320181593885707,1938.5,138,0.0217391304347826,0.0797101449275362,0.0797101449275362,0.0464496244381096,405.0
gte_multilingual_base_768d,en_def_translated_cn_def,儿,2,2,-0.0160790681838989,0,0,0,,,,0,,,,,,0,,,,,
gte_multilingual_base_768d,en_def_translated_cn_def,光,1,1,,0,0,0,,,,0,,,,,,0,,,,,
gte_multilingual_base_768d,en_def_translated_cn_def,兮,1,1,,0,0,0,,,,0,,,,,,0,,,,,
gte_multilingual_base_768d,en_def_translated_cn_def,共,1,1,,0,0,0,,,,0,,,,,,0,,,,,
gte_multilingual_base_768d,en_def_translated_cn_def,冂,1,1,,0,0,0,,,,0,,,,,,0,,,,,
gte_multilingual_base_768d,en_def_translated_cn_def,冃,2,2,0.2910873889923095,0,0,0,,,,0,,,,,,0,,,,,
gte_multilingual_base_768d,en_def_translated_cn_def,冖,2,2,-0.2263232469558715,0,0,0,,,,0,,,,,,0,,,,,
gte_multilingual_base_768d,en_def_translated_cn_def,冫,6,6,0.1377084404230117,6,6,0,0.254578772932291,0.254578772932291,,6,0.0,0.0,0.0,0.0122320418640589,342.5,6,0.0,0.0,0.0,0.0023915966348552,450.0
gte_multilingual_base_768d,en_def_translated_cn_def,几,1,1,,0,0,0,,,,0,,,,,,0,,,,,
gte_multilingual_base_768d,en_def_translated_cn_def,刀,3,3,0.2031631469726562,0,0,0,,,,0,,,,,,0,,,,,
gte_multilingual_base_768d,en_def_translated_cn_def,刂,20,20,0.0826934799551963,20,20,20,0.2351034422405064,0.2351034422405064,0.2351034422405064,20,0.0,0.0,0.05,0.0108812383378652,254.0,20,0.0,0.0,0.0,0.0055176092790298,442.0
gte_multilingual_base_768d,en_def_translated_cn_def,力,16,16,0.036492221057415,16,16,16,0.1165703666629269,0.1165703666629269,0.1165703666629269,16,0.0,0.0,0.0,0.0025834639536978,1003.0,16,0.0,0.0,0.0,0.0089144383086922,455.5
gte_multilingual_base_768d,en_def_translated_cn_def,勹,3,3,-0.0202364921569824,0,0,0,,,,0,,,,,,0,,,,,
gte_multilingual_base_768d,en_def_translated_cn_def,匕,1,1,,0,0,0,,,,0,,,,,,0,,,,,
gte_multilingual_base_768d,en_def_translated_cn_def,匚,5,5,0.0266254432499408,5,0,0,0.054337640851736,,,5,0.0,0.0,0.0,0.0032993962868047,1477.0,5,0.0,0.0,0.0,0.0037886746945687,309.0
gte_multilingual_base_768d,en_def_translated_cn_def,匸,2,2,0.0640399456024169,0,0,0,,,,0,,,,,,0,,,,,
gte_multilingual_base_768d,en_def_translated_cn_def,十,1,1,,0,0,0,,,,0,,,,,,0,,,,,
gte_multilingual_base_768d,en_def_translated_cn_def,卂,1,1,,0,0,0,,,,0,,,,,,0,,,,,
gte_multilingual_base_768d,en_def_translated_cn_def,半,1,1,,0,0,0,,,,0,,,,,,0,,,,,
gte_multilingual_base_768d,en_def_translated_cn_def,卜,1,1,,0,0,0,,,,0,,,,,,0,,,,,
gte_multilingual_base_768d,en_def_translated_cn_def,卩,2,2,0.0459347963333129,0,0,0,,,,0,,,,,,0,,,,,
gte_multilingual_base_768d,en_def_translated_cn_def,卵,1,1,,0,0,0,,,,0,,,,,,0,,,,,
gte_multilingual_base_768d,en_def_translated_cn_def,厂,1,1,,0,0,0,,,,0,,,,,,0,,,,,
gte_multilingual_base_768d,en_def_translated_cn_def,厶,1,1,,0,0,0,,,,0,,,,,,0,,,,,
gte_multilingual_base_768d,en_def_translated_cn_def,又,2,2,0.0072493553161621,0,0,0,,,,0,,,,,,0,,,,,
gte_multilingual_base_768d,en_def_translated_cn_def,口,122,114,0.0514716356992721,122,122,122,0.2059045582093664,0.2059045582093664,0.2059045582093664,122,0.0,0.0163934426229508,0.0163934426229508,0.0090174428688847,1251.0,122,0.0163934426229508,0.0327868852459016,0.0327868852459016,0.0251159933255566,524.0
gte_multilingual_base_768d,en_def_translated_cn_def,向,1,1,,0,0,0,,,,0,,,,,,0,,,,,
gte_multilingual_base_768d,en_def_translated_cn_def,喜,1,1,,0,0,0,,,,0,,,,,,0,,,,,
gte_multilingual_base_768d,en_def_translated_cn_def,囗,10,10,0.0640192106366157,10,10,10,0.1598812570795416,0.1598812570795416,0.1598812570795416,10,0.0,0.0,0.0,0.0085990820226858,1120.0,10,0.0,0.0,0.0,0.0020577575674789,715.0
gte_multilingual_base_768d,en_def_translated_cn_def,土,66,66,0.0412601865828037,66,66,66,0.1756871925582262,0.1756871925582262,0.1756871925582262,66,0.0151515151515151,0.0454545454545454,0.0606060606060606,0.0308538723484909,1196.0,66,0.0303030303030303,0.0606060606060606,0.0757575757575757,0.0500194485831034,430.0
gte_multilingual_base_768d,en_def_translated_cn_def,壬,1,1,,0,0,0,,,,0,,,,,,0,,,,,
gte_multilingual_base_768d,en_def_translated_cn_def,壴,1,1,,0,0,0,,,,0,,,,,,0,,,,,
gte_multilingual_base_768d,en_def_translated_cn_def,夂,1,1,,0,0,0,,,,0,,,,,,0,,,,,
gte_multilingual_base_768d,en_def_translated_cn_def,夕,1,1,,0,0,0,,,,0,,,,,,0,,,,,
gte_multilingual_base_768d,en_def_translated_cn_def,多,1,1,,0,0,0,,,,0,,,,,,0,,,,,
gte_multilingual_base_768d,en_def_translated_cn_def,大,4,4,0.0557620525360107,4,0,0,0.0941557716578245,,,4,0.0,0.0,0.0,0.0012167417724161,1064.5,4,0.0,0.0,0.0,0.0203061724469134,279.0
gte_multilingual_base_768d,en_def_translated_cn_def,夭,1,1,,0,0,0,,,,0,,,,,,0,,,,,
gte_multilingual_base_768d,en_def_translated_cn_def,夸,1,1,,0,0,0,,,,0,,,,,,0,,,,,
gte_multilingual_base_768d,en_def_translated_cn_def,女,69,69,0.032170120626688,69,69,69,0.1509501377012634,0.1509501377012634,0.1509501377012634,69,0.0,0.0,0.0,0.0026945164861967,1472.0,69,0.0,0.0,0.0144927536231884,0.0059945096470195,494.0
gte_multilingual_base_768d,en_def_translated_cn_def,子,6,6,0.1070428192615509,6,6,0,0.2062198491767048,0.2062198491767048,,6,0.0,0.0,0.0,0.0237496210825526,188.0,6,0.0,0.0,0.0,0.0012588946743243,828.0
gte_multilingual_base_768d,en_def_translated_cn_def,學,1,1,,0,0,0,,,,0,,,,,,0,,,,,
gte_multilingual_base_768d,en_def_translated_cn_def,宀,20,20,0.0352804884314537,20,20,20,0.1211113549768924,0.1211113549768924,0.1211113549768924,20,0.0,0.0,0.0,0.0020309152516805,1859.0,20,0.0,0.0,0.0,0.0040182274315254,568.5
gte_multilingual_base_768d,en_def_translated_cn_def,寸,1,1,,0,0,0,,,,0,,,,,,0,,,,,
gte_multilingual_base_768d,en_def_translated_cn_def,尢,1,1,,0,0,0,,,,0,,,,,,0,,,,,
gte_multilingual_base_768d,en_def_translated_cn_def,尸,7,7,0.0144824981689453,7,7,0,0.0339455295886312,0.0339455295886312,,7,0.0,0.0,0.0,0.0003844901407698,3026.0,7,0.0,0.0,0.0,0.0030551437113614,618.0
gte_multilingual_base_768d,en_def_translated_cn_def,尺,1,1,,0,0,0,,,,0,,,,,,0,,,,,
gte_multilingual_base_768d,en_def_translated_cn_def,履,2,2,0.1507136821746826,0,0,0,,,,0,,,,,,0,,,,,
gte_multilingual_base_768d,en_def_translated_cn_def,山,38,38,0.0927308276295661,38,38,38,0.2758862631101357,0.2758862631101357,0.2758862631101357,38,0.0,0.0263157894736842,0.0526315789473684,0.026760271616216,307.5,38,0.0,0.0,0.0,0.0097986196921867,353.5
gte_multilingual_base_768d,en_def_translated_cn_def,工,1,1,,0,0,0,,,,0,,,,,,0,,,,,
gte_multilingual_base_768d,en_def_translated_cn_def,巾,22,22,0.0567326992750167,22,22,22,0.1807784488932653,0.1807784488932653,0.1807784488932653,22,0.0,0.0,0.0,0.0061980377226483,309.5,22,0.0,0.0,0.0454545454545454,0.0123823687916054,502.5
gte_multilingual_base_768d,en_def_translated_cn_def,幺,1,1,,0,0,0,,,,0,,,,,,0,,,,,
gte_multilingual_base_768d,en_def_translated_cn_def,广,25,25,0.0432175435125827,25,25,25,0.1526734065264463,0.1526734065264463,0.1526734065264463,25,0.0,0.0,0.0,0.004124836724971,827.0,25,0.0,0.04,0.04,0.0160000628013254,380.0
gte_multilingual_base_768d,en_def_translated_cn_def,庚,1,1,,0,0,0,,,,0,,,,,,0,,,,,
gte_multilingual_base_768d,en_def_translated_cn_def,廾,1,1,,0,0,0,,,,0,,,,,,0,,,,,
gte_multilingual_base_768d,en_def_translated_cn_def,弓,9,9,0.0615336894989013,9,9,9,0.1504679789973629,0.1504679789973629,0.1504679789973629,9,0.0,0.0,0.0,0.0018640630799268,1676.0,9,0.0,0.0,0.0,0.0052907904085179,385.0
gte_multilingual_base_768d,en_def_translated_cn_def,彡,6,6,0.0023750939872115,6,6,0,0.0210762396454811,0.0210762396454811,,6,0.0,0.0,0.0,0.0028306613712607,668.0,6,0.0,0.0,0.0,0.0135760034931555,283.5
gte_multilingual_base_768d,en_def_translated_cn_def,彳,14,14,0.0288697127252817,14,14,14,0.0939654239586421,0.0939654239586421,0.0939654239586421,14,0.0,0.0714285714285714,0.0714285714285714,0.0259121982570486,1127.0,14,0.0,0.0714285714285714,0.0714285714285714,0.0378399133847882,638.0
gte_multilingual_base_768d,en_def_translated_cn_def,微,1,1,,0,0,0,,,,0,,,,,,0,,,,,
gte_multilingual_base_768d,en_def_translated_cn_def,心,46,44,0.0436030142009258,46,46,46,0.1671025713743723,0.1671025713743723,0.1671025713743723,46,0.0217391304347826,0.0217391304347826,0.0217391304347826,0.0260976464502823,987.5,46,0.0,0.0434782608695652,0.0434782608695652,0.0220568029322178,570.5
gte_multilingual_base_768d,en_def_translated_cn_def,忄,80,80,0.054979532957077,80,80,80,0.2137483784230426,0.2137483784230426,0.2137483784230426,80,0.0,0.025,0.05,0.0125382813594999,827.0,80,0.0125,0.025,0.0375,0.0257682446893006,518.5
gte_multilingual_base_768d,en_def_translated_cn_def,恣,1,1,,0,0,0,,,,0,,,,,,0,,,,,
gte_multilingual_base_768d,en_def_translated_cn_def,戈,6,6,0.0452399887144565,6,6,0,0.0987134159853061,0.0987134159853061,,6,0.0,0.0,0.0,0.0031746715175659,643.5,6,0.0,0.0,0.0,0.0036957118303081,512.5
gte_multilingual_base_768d,en_def_translated_cn_def,戊,2,2,-0.3040793538093567,0,0,0,,,,0,,,,,,0,,,,,
gte_multilingual_base_768d,en_def_translated_cn_def,戶,2,2,0.0517277717590332,0,0,0,,,,0,,,,,,0,,,,,
gte_multilingual_base_768d,en_def_translated_cn_def,手,7,7,0.1093483418226242,7,7,0,0.2174892957721437,0.2174892957721437,,7,0.0,0.0,0.0,0.0056365921010415,431.0,7,0.0,0.0,0.0,0.0036784649780627,619.0
gte_multilingual_base_768d,en_def_translated_cn_def,扌,145,139,0.0440202541649341,145,145,145,0.1954115113853637,0.1954115113853637,0.1954115113853637,145,0.0137931034482758,0.0137931034482758,0.0206896551724137,0.0178722875218932,1147.0,145,0.0275862068965517,0.0275862068965517,0.0344827586206896,0.0328393442882399,486.0
gte_multilingual_base_768d,en_def_translated_cn_def,攴,1,1,,0,0,0,,,,0,,,,,,0,,,,,
gte_multilingual_base_768d,en_def_translated_cn_def,攵,14,14,0.035115011036396,14,14,14,0.1088314764201641,0.1088314764201641,0.1088314764201641,14,0.0,0.0,0.0,0.0013806615973401,1386.0,14,0.0,0.0,0.0,0.0043710403607688,395.5
gte_multilingual_base_768d,en_def_translated_cn_def,敕,1,1,,0,0,0,,,,0,,,,,,0,,,,,
gte_multilingual_base_768d,en_def_translated_cn_def,文,1,1,,0,0,0,,,,0,,,,,,0,,,,,
gte_multilingual_base_768d,en_def_translated_cn_def,斗,5,5,-0.0095827104523777,5,0,0,-0.0189113922417163,,,5,0.0,0.0,0.0,0.0003480343802364,3129.0,5,0.0,0.0,0.0,0.0017447028493231,721.0
gte_multilingual_base_768d,en_def_translated_cn_def,斤,4,4,-0.0269989166408777,4,0,0,-0.0428806319832801,,,4,0.0,0.0,0.0,0.0007479306662419,1472.5,4,0.0,0.0,0.0,0.0060536725163193,193.0
gte_multilingual_base_768d,en_def_translated_cn_def,日,45,43,0.0535420589148998,45,45,45,0.2000956674002939,0.2000956674002939,0.2000956674002939,45,0.0222222222222222,0.0444444444444444,0.0444444444444444,0.0409658854704239,416.0,45,0.0444444444444444,0.0666666666666666,0.0666666666666666,0.0659133383480548,339.0
gte_multilingual_base_768d,en_def_translated_cn_def,旨,1,1,,0,0,0,,,,0,,,,,,0,,,,,
gte_multilingual_base_768d,en_def_translated_cn_def,是,1,1,,0,0,0,,,,0,,,,,,0,,,,,
gte_multilingual_base_768d,en_def_translated_cn_def,曰,1,1,,0,0,0,,,,0,,,,,,0,,,,,
gte_multilingual_base_768d,en_def_translated_cn_def,月,4,4,0.136174127459526,4,0,0,0.2372159762308001,,,4,0.0,0.0,0.0,0.0078842619402877,193.5,4,0.0,0.0,0.0,0.0016644429327971,671.5
gte_multilingual_base_768d,en_def_translated_cn_def,木,146,140,0.051865167915821,146,146,146,0.2128236921159678,0.2128236921159678,0.2128236921159678,146,0.0068493150684931,0.0136986301369863,0.0136986301369863,0.0113185740776304,1060.0,146,0.0,0.0205479452054794,0.0342465753424657,0.0130847626944067,435.5
gte_multilingual_base_768d,en_def_translated_cn_def,林,4,4,-0.0339243002235889,4,0,0,-0.0585732525214552,,,4,0.0,0.0,0.0,0.0005099672519024,2722.5,4,0.0,0.0,0.0,0.0022450394906788,457.0
gte_multilingual_base_768d,en_def_translated_cn_def,欠,14,14,0.0190043300390243,14,14,14,0.0633389202744833,0.0633389202744833,0.0633389202744833,14,0.0,0.0,0.0,0.0059862592194361,1928.0,14,0.0714285714285714,0.0714285714285714,0.0714285714285714,0.0807243616925314,383.5
gte_multilingual_base_768d,en_def_translated_cn_def,止,1,1,,0,0,0,,,,0,,,,,,0,,,,,
gte_multilingual_base_768d,en_def_translated_cn_def,步,1,1,,0,0,0,,,,0,,,,,,0,,,,,
gte_multilingual_base_768d,en_def_translated_cn_def,歹,11,11,0.0723583027720451,11,11,11,0.181374811059372,0.181374811059372,0.181374811059372,11,0.0,0.0,0.0909090909090909,0.0235503448594028,416.0,11,0.0,0.0,0.0,0.0048811144340882,335.0
gte_multilingual_base_768d,en_def_translated_cn_def,死,1,1,,0,0,0,,,,0,,,,,,0,,,,,
gte_multilingual_base_768d,en_def_translated_cn_def,殳,2,2,-0.0977100133895874,0,0,0,,,,0,,,,,,0,,,,,
gte_multilingual_base_768d,en_def_translated_cn_def,比,1,1,,0,0,0,,,,0,,,,,,0,,,,,
gte_multilingual_base_768d,en_def_translated_cn_def,毛,5,5,0.0757977738976478,5,0,0,0.1430957302451133,,,5,0.0,0.0,0.0,0.0015382707200689,1318.0,5,0.0,0.0,0.0,0.0029717646623859,393.0
gte_multilingual_base_768d,en_def_translated_cn_def,民,1,1,,0,0,0,,,,0,,,,,,0,,,,,
gte_multilingual_base_768d,en_def_translated_cn_def,气,2,2,0.0761523246765136,0,0,0,,,,0,,,,,,0,,,,,
gte_multilingual_base_768d,en_def_translated_cn_def,水,4,4,0.0430505275726318,4,0,0,0.0739655215293169,,,4,0.0,0.0,0.0,0.0004107921081798,2490.0,4,0.0,0.0,0.0,0.0015995145176767,635.5
gte_multilingual_base_768d,en_def_translated_cn_def,氵,198,186,0.0585514083504676,198,198,198,0.2296944785336352,0.2296944785336352,0.2296944785336352,198,0.0101010101010101,0.0101010101010101,0.0151515151515151,0.0140113875837552,1221.0,198,0.0101010101010101,0.0252525252525252,0.0303030303030303,0.0216491544486482,531.5
gte_multilingual_base_768d,en_def_translated_cn_def,火,36,35,0.0617954172194004,36,36,36,0.2084762549234761,0.2084762549234761,0.2084762549234761,36,0.0555555555555555,0.0833333333333333,0.0833333333333333,0.0678628264424012,529.0,36,0.0277777777777777,0.0833333333333333,0.0833333333333333,0.0563867235864773,356.0
gte_multilingual_base_768d,en_def_translated_cn_def,灬,2,2,-0.1073319911956787,0,0,0,,,,0,,,,,,0,,,,,
gte_multilingual_base_768d,en_def_translated_cn_def,爪,1,1,,0,0,0,,,,0,,,,,,0,,,,,
gte_multilingual_base_768d,en_def_translated_cn_def,爭,1,1,,0,0,0,,,,0,,,,,,0,,,,,
gte_multilingual_base_768d,en_def_translated_cn_def,父,1,1,,0,0,0,,,,0,,,,,,0,,,,,
gte_multilingual_base_768d,en_def_translated_cn_def,爿,1,1,,0,0,0,,,,0,,,,,,0,,,,,
gte_multilingual_base_768d,en_def_translated_cn_def,片,2,2,0.1671810150146484,0,0,0,,,,0,,,,,,0,,,,,
gte_multilingual_base_768d,en_def_translated_cn_def,牛,1,1,,0,0,0,,,,0,,,,,,0,,,,,
gte_multilingual_base_768d,en_def_translated_cn_def,牜,10,10,0.0306290090084075,10,10,10,0.0873929100111126,0.0873929100111126,0.0873929100111126,10,0.0,0.1,0.1,0.0257143572321102,1850.0,10,0.0,0.0,0.0,0.0053544918793777,635.5
gte_multilingual_base_768d,en_def_translated_cn_def,犬,4,4,-0.0452547073364257,4,0,0,-0.0717424303293228,,,4,0.0,0.25,0.25,0.0507772640027152,1021.0,4,0.25,0.25,0.25,0.2522157210013789,292.5
gte_multilingual_base_768d,en_def_translated_cn_def,犭,28,28,0.0505195297300815,28,28,28,0.176012271250199,0.176012271250199,0.176012271250199,28,0.0,0.0,0.0,0.0019299296464834,1585.0,28,0.0,0.0,0.0,0.0040727245362221,483.5
gte_multilingual_base_768d,en_def_translated_cn_def,玉,2,2,0.0572037696838378,0,0,0,,,,0,,,,,,0,,,,,
gte_multilingual_base_768d,en_def_translated_cn_def,王,46,45,0.0995493903756141,46,46,46,0.2866953857566999,0.2866953857566999,0.2866953857566999,46,0.0217391304347826,0.0217391304347826,0.0217391304347826,0.0326912719864955,339.0,46,0.0,0.0217391304347826,0.0217391304347826,0.010308714017009,331.5
gte_multilingual_base_768d,en_def_translated_cn_def,瓜,2,2,0.1636475324630737,0,0,0,,,,0,,,,,,0,,,,,
gte_multilingual_base_768d,en_def_translated_cn_def,瓦,4,4,0.2978035509586334,4,0,0,0.4082586243748665,,,4,0.0,0.0,0.0,0.049527387934646,25.5,4,0.0,0.0,0.0,0.0059199059458037,170.5
gte_multilingual_base_768d,en_def_translated_cn_def,田,10,10,0.0655713379383087,10,10,10,0.1618975847959518,0.1618975847959518,0.1618975847959518,10,0.0,0.1,0.1,0.0262512942580552,1358.5,10,0.0,0.1,0.1,0.0613175441001639,107.5
gte_multilingual_base_768d,en_def_translated_cn_def,男,2,2,0.1461374759674072,0,0,0,,,,0,,,,,,0,,,,,
gte_multilingual_base_768d,en_def_translated_cn_def,畢,1,1,,0,0,0,,,,0,,,,,,0,,,,,
gte_multilingual_base_768d,en_def_translated_cn_def,疒,48,47,0.0833421796560287,48,48,48,0.2597722809296101,0.2597722809296101,0.2597722809296101,48,0.0,0.0208333333333333,0.0208333333333333,0.0077989594697835,676.0,48,0.0,0.0,0.0,0.0046884506933363,485.5
gte_multilingual_base_768d,en_def_translated_cn_def,癶,1,1,,0,0,0,,,,0,,,,,,0,,,,,
gte_multilingual_base_768d,en_def_translated_cn_def,白,7,7,0.0591231286525726,7,7,0,0.1354069826858384,0.1354069826858384,,7,0.0,0.0,0.0,0.0035844662494839,388.0,7,0.0,0.0,0.0,0.0036356767429869,613.0
gte_multilingual_base_768d,en_def_translated_cn_def,皮,3,3,0.0698581114411354,0,0,0,,,,0,,,,,,0,,,,,
gte_multilingual_base_768d,en_def_translated_cn_def,皿,9,9,0.1479724794626236,9,9,9,0.30292557966378,0.30292557966378,0.30292557966378,9,0.0,0.0,0.0,0.0185321814923559,109.0,9,0.0,0.0,0.0,0.0105216241802095,469.0
gte_multilingual_base_768d,en_def_translated_cn_def,目,32,32,0.100449651479721,32,32,32,0.2804415636346675,0.2804415636346675,0.2804415636346675,32,0.0,0.0,0.0,0.0113762737130582,272.5,32,0.0,0.0,0.0,0.00708684299484,402.5
gte_multilingual_base_768d,en_def_translated_cn_def,矛,1,1,,0,0,0,,,,0,,,,,,0,,,,,
gte_multilingual_base_768d,en_def_translated_cn_def,矢,4,4,-0.0014923015842214,4,0,0,0.0046715922653675,,,4,0.0,0.0,0.0,0.0011189398119939,3109.5,4,0.0,0.0,0.0,0.0020543770994853,444.5
gte_multilingual_base_768d,en_def_translated_cn_def,石,40,39,0.0556629858911037,40,40,40,0.1934674344025552,0.1934674344025552,0.1934674344025552,40,0.0,0.0,0.0,0.0050022933036965,1749.0,40,0.0,0.0,0.025,0.0063591772425398,449.5
gte_multilingual_base_768d,en_def_translated_cn_def,示,5,5,0.0093866344541311,5,0,0,0.0290598038583993,,,5,0.0,0.0,0.0,0.0047851734647006,1398.0,5,0.0,0.0,0.0,0.0029255793894748,832.0
gte_multilingual_base_768d,en_def_translated_cn_def,礻,20,20,0.0721525326371193,20,20,20,0.2112116696313023,0.2112116696313023,0.2112116696313023,20,0.0,0.0,0.05,0.0171274654284916,272.0,20,0.0,0.0,0.05,0.0123487791705964,545.0
gte_multilingual_base_768d,en_def_translated_cn_def,禾,25,25,0.0282507576048374,25,25,25,0.1120741403102874,0.1120741403102874,0.1120741403102874,25,0.0,0.0,0.04,0.0071415926958087,1523.0,25,0.0,0.04,0.04,0.0176340120812084,540.0
gte_multilingual_base_768d,en_def_translated_cn_def,穴,17,17,0.0232018865644931,17,17,17,0.0816050730645656,0.0816050730645656,0.0816050730645656,17,0.0,0.0,0.0,0.0023689846265859,1414.0,17,0.0,0.0,0.0,0.0060061425568959,403.0
gte_multilingual_base_768d,en_def_translated_cn_def,立,4,4,0.1014436110854148,4,0,0,0.1652413671836257,,,4,0.0,0.0,0.0,0.0009310011436129,1127.5,4,0.0,0.0,0.0,0.0031250090910786,347.5
gte_multilingual_base_768d,en_def_translated_cn_def,竹,63,61,0.0799323692917823,63,63,63,0.2614827978587339,0.2614827978587339,0.2614827978587339,63,0.0158730158730158,0.0317460317460317,0.0317460317460317,0.0273311875641512,589.0,63,0.0317460317460317,0.0317460317460317,0.0317460317460317,0.036745060312434,525.0
gte_multilingual_base_768d,en_def_translated_cn_def,箕,1,1,,0,0,0,,,,0,,,,,,0,,,,,
gte_multilingual_base_768d,en_def_translated_cn_def,米,17,17,0.0836448818445205,17,17,17,0.2251890823245048,0.2251890823245048,0.2251890823245048,17,0.0,0.0,0.1764705882352941,0.0261956903262724,510.0,17,0.0,0.0588235294117647,0.0588235294117647,0.0327671345478304,697.0
gte_multilingual_base_768d,en_def_translated_cn_def,糸,99,98,0.0535201206803321,99,99,99,0.2137464004371202,0.2137464004371202,0.2137464004371202,99,0.0101010101010101,0.0303030303030303,0.0303030303030303,0.016496221349929,974.0,99,0.0202020202020202,0.0202020202020202,0.0303030303030303,0.0254966556383238,443.0
gte_multilingual_base_768d,en_def_translated_cn_def,縣,1,1,,0,0,0,,,,0,,,,,,0,,,,,
gte_multilingual_base_768d,en_def_translated_cn_def,缶,1,1,,0,0,0,,,,0,,,,,,0,,,,,
gte_multilingual_base_768d,en_def_translated_cn_def,网,1,1,,0,0,0,,,,0,,,,,,0,,,,,
gte_multilingual_base_768d,en_def_translated_cn_def,羊,3,3,-0.002866506576538,0,0,0,,,,0,,,,,,0,,,,,
gte_multilingual_base_768d,en_def_translated_cn_def,羽,14,14,0.0340874753892421,14,14,14,0.1075692571965711,0.1075692571965711,0.1075692571965711,14,0.0,0.0,0.0,0.0031535419989756,686.5,14,0.0,0.0714285714285714,0.0714285714285714,0.0388078144523049,478.5
gte_multilingual_base_768d,en_def_translated_cn_def,習,1,1,,0,0,0,,,,0,,,,,,0,,,,,
gte_multilingual_base_768d,en_def_translated_cn_def,老,3,3,0.3076033592224121,0,0,0,,,,0,,,,,,0,,,,,
gte_multilingual_base_768d,en_def_translated_cn_def,耒,6,6,0.0602603293955326,6,6,0,0.1276461357871691,0.1276461357871691,,6,0.0,0.0,0.0,0.0127293073574133,501.0,6,0.0,0.0,0.0,0.002010262781167,818.5
gte_multilingual_base_768d,en_def_translated_cn_def,耳,6,6,0.0262973941862583,6,6,0,0.0592674882306406,0.0592674882306406,,6,0.0,0.0,0.0,0.0056045648024294,3516.5,6,0.0,0.0,0.0,0.0018373040850793,739.5
gte_multilingual_base_768d,en_def_translated_cn_def,肉,73,70,0.0734789744019508,73,73,73,0.2482066002661642,0.2482066002661642,0.2482066002661642,73,0.0,0.0,0.0136986301369863,0.0066719716990238,532.0,73,0.0,0.0,0.0,0.0064141487351173,498.0
gte_multilingual_base_768d,en_def_translated_cn_def,臣,1,1,,0,0,0,,,,0,,,,,,0,,,,,
gte_multilingual_base_768d,en_def_translated_cn_def,臤,1,1,,0,0,0,,,,0,,,,,,0,,,,,
gte_multilingual_base_768d,en_def_translated_cn_def,臥,1,1,,0,0,0,,,,0,,,,,,0,,,,,
gte_multilingual_base_768d,en_def_translated_cn_def,自,1,1,,0,0,0,,,,0,,,,,,0,,,,,
gte_multilingual_base_768d,en_def_translated_cn_def,至,2,2,0.2859323024749756,0,0,0,,,,0,,,,,,0,,,,,
gte_multilingual_base_768d,en_def_translated_cn_def,舌,1,1,,0,0,0,,,,0,,,,,,0,,,,,
gte_multilingual_base_768d,en_def_translated_cn_def,舟,12,12,0.1690231710672378,12,12,12,0.3436434331039588,0.3436434331039588,0.3436434331039588,12,0.0,0.0833333333333333,0.0833333333333333,0.033454291654154,106.5,12,0.0833333333333333,0.0833333333333333,0.1666666666666666,0.0952339848905423,452.0
gte_multilingual_base_768d,en_def_translated_cn_def,艹,161,151,0.0789718851447105,161,161,161,0.262734578847191,0.262734578847191,0.262734578847191,161,0.0124223602484472,0.0186335403726708,0.0248447204968944,0.0174738250705779,760.0,161,0.0248447204968944,0.0434782608695652,0.0434782608695652,0.0351940912933557,538.0
gte_multilingual_base_768d,en_def_translated_cn_def,蕇,1,1,,0,0,0,,,,0,,,,,,0,,,,,
gte_multilingual_base_768d,en_def_translated_cn_def,虍,2,2,-0.0049949884414672,0,0,0,,,,0,,,,,,0,,,,,
gte_multilingual_base_768d,en_def_translated_cn_def,虫,79,77,0.1123118847608566,79,79,79,0.3165747318181056,0.3165747318181056,0.3165747318181056,79,0.0,0.0,0.0,0.0074699600485553,491.0,79,0.0,0.0,0.0,0.0064710983066176,387.0
gte_multilingual_base_768d,en_def_translated_cn_def,血,1,1,,0,0,0,,,,0,,,,,,0,,,,,
gte_multilingual_base_768d,en_def_translated_cn_def,行,5,5,-0.0027017355896532,5,0,0,-0.0052153587341308,,,5,0.0,0.0,0.0,0.0002204059353022,4638.0,5,0.0,0.0,0.0,0.0015116335078278,794.0
gte_multilingual_base_768d,en_def_translated_cn_def,衣,11,11,0.0708281248807907,11,11,11,0.1762903786518357,0.1762903786518357,0.1762903786518357,11,0.0,0.0,0.0,0.0026437100882979,755.0,11,0.0,0.0,0.0,0.0037831567559167,514.0
gte_multilingual_base_768d,en_def_translated_cn_def,衤,34,34,0.0918457359075546,34,34,34,0.2687982319142012,0.2687982319142012,0.2687982319142012,34,0.0,0.0,0.0,0.0116571166449171,356.5,34,0.0,0.0,0.0294117647058823,0.0103884805881484,511.5
gte_multilingual_base_768d,en_def_translated_cn_def,襾,1,1,,0,0,0,,,,0,,,,,,0,,,,,
gte_multilingual_base_768d,en_def_translated_cn_def,見,4,4,0.0587457008659839,4,0,0,0.093657961115241,,,4,0.0,0.0,0.0,0.0064823315576948,196.5,4,0.0,0.0,0.0,0.0054239930827983,303.5
gte_multilingual_base_768d,en_def_translated_cn_def,角,2,2,0.1130428314208984,0,0,0,,,,0,,,,,,0,,,,,
gte_multilingual_base_768d,en_def_translated_cn_def,言,98,96,0.0289663188159465,98,98,98,0.1454600439340408,0.1454600439340408,0.1454600439340408,98,0.0,0.010204081632653,0.0204081632653061,0.0098934593188255,1275.5,98,0.0204081632653061,0.0408163265306122,0.0510204081632653,0.0319136813123421,449.5
gte_multilingual_base_768d,en_def_translated_cn_def,谷,2,2,0.0836731195449829,0,0,0,,,,0,,,,,,0,,,,,
gte_multilingual_base_768d,en_def_translated_cn_def,豆,2,2,0.0206913948059082,0,0,0,,,,0,,,,,,0,,,,,
gte_multilingual_base_768d,en_def_translated_cn_def,豕,1,1,,0,0,0,,,,0,,,,,,0,,,,,
gte_multilingual_base_768d,en_def_translated_cn_def,象,1,1,,0,0,0,,,,0,,,,,,0,,,,,
gte_multilingual_base_768d,en_def_translated_cn_def,豸,7,7,0.2485705763101577,7,7,0,0.4125146887132099,0.4125146887132099,,7,0.0,0.1428571428571428,0.2857142857142857,0.0755284904151164,14.0,7,0.0,0.0,0.0,0.0017343108836306,617.0
gte_multilingual_base_768d,en_def_translated_cn_def,貝,30,29,0.0663327574729919,30,30,30,0.2062494476015369,0.2062494476015369,0.2062494476015369,30,0.0,0.0,0.0,0.0061206771645045,852.0,30,0.0,0.0,0.0,0.0041105096575389,414.0
gte_multilingual_base_768d,en_def_translated_cn_def,赤,1,1,,0,0,0,,,,0,,,,,,0,,,,,
gte_multilingual_base_768d,en_def_translated_cn_def,走,8,8,0.0085457731038331,8,8,0,0.0235677072778344,0.0235677072778344,,8,0.0,0.0,0.0,0.0013605571090922,1589.5,8,0.0,0.0,0.0,0.0033545469270969,503.0
gte_multilingual_base_768d,en_def_translated_cn_def,足,2,2,-0.0839821100234985,0,0,0,,,,0,,,,,,0,,,,,
gte_multilingual_base_768d,en_def_translated_cn_def,身,3,3,-0.0087395505979657,0,0,0,,,,0,,,,,,0,,,,,
gte_multilingual_base_768d,en_def_translated_cn_def,車,25,25,0.0755983218550682,25,25,25,0.2287044934183359,0.2287044934183359,0.2287044934183359,25,0.0,0.0,0.0,0.0042890898471856,703.0,25,0.0,0.0,0.0,0.0058172321081261,455.0
gte_multilingual_base_768d,en_def_translated_cn_def,辛,2,2,0.0972317457199096,0,0,0,,,,0,,,,,,0,,,,,
gte_multilingual_base_768d,en_def_translated_cn_def,辶,52,52,0.0358616933226585,52,52,52,0.1557596614405226,0.1557596614405226,0.1557596614405226,52,0.0,0.0,0.0,0.0017679339630757,1464.5,52,0.0,0.0192307692307692,0.0192307692307692,0.014065035075738,571.5
gte_multilingual_base_768d,en_def_translated_cn_def,邑,1,1,,0,0,0,,,,0,,,,,,0,,,,,
gte_multilingual_base_768d,en_def_translated_cn_def,酉,20,20,0.0523962639272213,20,20,20,0.165757355466485,0.165757355466485,0.165757355466485,20,0.0,0.0,0.0,0.0025758069755006,1604.0,20,0.0,0.0,0.0,0.005140892063751,645.0
gte_multilingual_base_768d,en_def_translated_cn_def,釆,2,2,-0.1525704264640808,0,0,0,,,,0,,,,,,0,,,,,
gte_multilingual_base_768d,en_def_translated_cn_def,里,1,1,,0,0,0,,,,0,,,,,,0,,,,,
gte_multilingual_base_768d,en_def_translated_cn_def,釒,88,86,0.0554846227169036,88,88,88,0.2171397066929123,0.2171397066929123,0.2171397066929123,88,0.0,0.0,0.0,0.0036441581482991,979.0,88,0.0,0.0,0.0113636363636363,0.008907584449748,485.5
gte_multilingual_base_768d,en_def_translated_cn_def,門,20,20,0.0317111052572727,20,20,20,0.1129520321264863,0.1129520321264863,0.1129520321264863,20,0.0,0.05,0.05,0.0136966740839656,1860.5,20,0.05,0.05,0.05,0.0553945624893213,256.5
gte_multilingual_base_768d,en_def_translated_cn_def,阝,49,48,0.0360292196273803,49,49,49,0.1557928498606292,0.1557928498606292,0.1557928498606292,49,0.0,0.0204081632653061,0.0204081632653061,0.0064049733322164,1965.0,49,0.0204081632653061,0.0204081632653061,0.0612244897959183,0.0293590452280584,424.0
gte_multilingual_base_768d,en_def_translated_cn_def,隹,11,11,0.0260576680302619,11,11,11,0.0752562747590921,0.0752562747590921,0.0752562747590921,11,0.0,0.0,0.0,0.0033605800249721,1586.0,11,0.0,0.0,0.0,0.0061157713790459,363.0
gte_multilingual_base_768d,en_def_translated_cn_def,雈,1,1,,0,0,0,,,,0,,,,,,0,,,,,
gte_multilingual_base_768d,en_def_translated_cn_def,雨,22,22,0.1096948087215423,22,22,22,0.285205957733772,0.285205957733772,0.285205957733772,22,0.0,0.0454545454545454,0.0454545454545454,0.0195475657970574,252.0,22,0.0454545454545454,0.0454545454545454,0.0454545454545454,0.0504165758746012,586.0
gte_multilingual_base_768d,en_def_translated_cn_def,非,1,1,,0,0,0,,,,0,,,,,,0,,,,,
gte_multilingual_base_768d,en_def_translated_cn_def,面,2,2,0.3227258920669555,0,0,0,,,,0,,,,,,0,,,,,
gte_multilingual_base_768d,en_def_translated_cn_def,革,13,13,0.0682604387402534,13,13,13,0.1840824966963667,0.1840824966963667,0.1840824966963667,13,0.0,0.0769230769230769,0.0769230769230769,0.0275799846935815,1221.0,13,0.0769230769230769,0.0769230769230769,0.0769230769230769,0.0803038506426957,674.0
gte_multilingual_base_768d,en_def_translated_cn_def,韋,2,2,-0.1474817395210266,0,0,0,,,,0,,,,,,0,,,,,
gte_multilingual_base_768d,en_def_translated_cn_def,韮,1,1,,0,0,0,,,,0,,,,,,0,,,,,
gte_multilingual_base_768d,en_def_translated_cn_def,音,3,3,0.1737404614686966,0,0,0,,,,0,,,,,,0,,,,,
gte_multilingual_base_768d,en_def_translated_cn_def,頁,28,28,0.0206814017146825,28,28,28,0.0883848736328738,0.0883848736328738,0.0883848736328738,28,0.0,0.0,0.0,0.0040014357524139,3006.5,28,0.0,0.0,0.0,0.0064039168488328,531.0
gte_multilingual_base_768d,en_def_translated_cn_def,風,4,4,0.1222014799714088,4,0,0,0.2013855222612619,,,4,0.0,0.0,0.0,0.0047891729732232,260.5,4,0.0,0.0,0.0,0.0013707742984199,747.0
gte_multilingual_base_768d,en_def_translated_cn_def,食,4,4,0.0174161996692419,4,0,0,0.0357104428112506,,,4,0.0,0.0,0.0,0.0009057232598506,1411.0,4,0.0,0.0,0.0,0.001375667217981,804.5
gte_multilingual_base_768d,en_def_translated_cn_def,飠,22,22,0.0676687732338905,22,22,22,0.2037825159389864,0.2037825159389864,0.2037825159389864,22,0.0,0.0,0.0,0.0088186666652606,713.5,22,0.0,0.0,0.0,0.0114322885521154,381.5
gte_multilingual_base_768d,en_def_translated_cn_def,首,2,2,-0.0490053296089172,0,0,0,,,,0,,,,,,0,,,,,
gte_multilingual_base_768d,en_def_translated_cn_def,馬,35,35,0.0739388391375541,35,35,35,0.2354065685133849,0.2354065685133849,0.2354065685133849,35,0.0,0.0,0.0,0.0040143800954903,590.0,35,0.0,0.0,0.0,0.0053128776798423,426.0
gte_multilingual_base_768d,en_def_translated_cn_def,骨,6,6,0.2773823738098144,6,6,0,0.4280288467804591,0.4280288467804591,,6,0.0,0.1666666666666666,0.3333333333333333,0.1208338841150724,26.0,6,0.0,0.0,0.0,0.0037545732429134,401.0
gte_multilingual_base_768d,en_def_translated_cn_def,高,1,1,,0,0,0,,,,0,,,,,,0,,,,,
gte_multilingual_base_768d,en_def_translated_cn_def,髟,11,11,0.0638389065861702,11,11,11,0.1648470955816182,0.1648470955816182,0.1648470955816182,11,0.0,0.0909090909090909,0.0909090909090909,0.022002673190604,1009.0,11,0.0,0.0,0.0,0.001802641557094,838.0
gte_multilingual_base_768d,en_def_translated_cn_def,鬥,3,3,0.1392734050750732,0,0,0,,,,0,,,,,,0,,,,,
gte_multilingual_base_768d,en_def_translated_cn_def,鬼,9,9,0.078524149954319,9,9,9,0.1802771397762828,0.1802771397762828,0.1802771397762828,9,0.0,0.0,0.0,0.0068045360756495,1035.0,9,0.0,0.0,0.1111111111111111,0.013845213562618,534.0
gte_multilingual_base_768d,en_def_translated_cn_def,魚,20,20,0.1943223923444748,20,20,20,0.4013085866346955,0.4013085866346955,0.4013085866346955,20,0.0,0.05,0.1,0.031542548745437,100.0,20,0.0,0.0,0.0,0.00316275243383,536.0
gte_multilingual_base_768d,en_def_translated_cn_def,鳥,27,27,0.1815767437219619,27,27,27,0.3961196365179839,0.3961196365179839,0.3961196365179839,27,0.037037037037037,0.037037037037037,0.1111111111111111,0.059446374800423,102.0,27,0.0,0.0,0.0,0.002377741330432,595.0
gte_multilingual_base_768d,en_def_translated_cn_def,鹵,3,3,0.1872928887605667,0,0,0,,,,0,,,,,,0,,,,,
gte_multilingual_base_768d,en_def_translated_cn_def,鹿,4,4,0.1727762222290039,4,0,0,0.257830761373043,,,4,0.0,0.0,0.0,0.008708056451424,219.5,4,0.0,0.0,0.0,0.0029953676950113,561.5
gte_multilingual_base_768d,en_def_translated_cn_def,麥,2,2,0.2174633741378784,0,0,0,,,,0,,,,,,0,,,,,
gte_multilingual_base_768d,en_def_translated_cn_def,麻,1,1,,0,0,0,,,,0,,,,,,0,,,,,
gte_multilingual_base_768d,en_def_translated_cn_def,黍,1,1,,0,0,0,,,,0,,,,,,0,,,,,
gte_multilingual_base_768d,en_def_translated_cn_def,黑,10,10,0.0565614365041255,10,10,10,0.1461041057482361,0.1461041057482361,0.1461041057482361,10,0.0,0.0,0.0,0.0054768989151168,1138.0,10,0.0,0.0,0.0,0.0095580547467365,221.0
gte_multilingual_base_768d,en_def_translated_cn_def,黹,1,1,,0,0,0,,,,0,,,,,,0,,,,,
gte_multilingual_base_768d,en_def_translated_cn_def,黽,1,1,,0,0,0,,,,0,,,,,,0,,,,,
gte_multilingual_base_768d,en_def_translated_cn_def,鼎,1,1,,0,0,0,,,,0,,,,,,0,,,,,
gte_multilingual_base_768d,en_def_translated_cn_def,鼓,2,2,0.2666640281677246,0,0,0,,,,0,,,,,,0,,,,,
gte_multilingual_base_768d,en_def_translated_cn_def,鼠,1,1,,0,0,0,,,,0,,,,,,0,,,,,
gte_multilingual_base_768d,en_def_translated_cn_def,鼻,1,1,,0,0,0,,,,0,,,,,,0,,,,,
gte_multilingual_base_768d,en_def_translated_cn_def,齒,8,7,0.1236974596977233,8,8,0,0.2264602235518396,0.2264602235518396,,8,0.0,0.0,0.0,0.0202926960409937,256.0,8,0.0,0.0,0.0,0.0029792072284148,574.5
gte_multilingual_base_768d,en_def_translated_cn_def,龍,1,1,,0,0,0,,,,0,,,,,,0,,,,,
gte_multilingual_base_768d,en_def_translated_cn_def,龠,1,1,,0,0,0,,,,0,,,,,,0,,,,,
gte_multilingual_base_768d,en_def_translated_cn_def,𠘨,1,1,,0,0,0,,,,0,,,,,,0,,,,,
gte_multilingual_base_768d,en_def_translated_cn_def,𠚕,1,1,,0,0,0,,,,0,,,,,,0,,,,,
gte_multilingual_base_768d,en_def_translated_cn_def,𠫓,1,1,,0,0,0,,,,0,,,,,,0,,,,,
gte_multilingual_base_768d,en_def_translated_cn_def,𡱕,1,1,,0,0,0,,,,0,,,,,,0,,,,,
gte_multilingual_base_768d,en_def_translated_cn_def,𢆶,1,1,,0,0,0,,,,0,,,,,,0,,,,,
gte_multilingual_base_768d,en_def_translated_cn_def,𣶒,1,1,,0,0,0,,,,0,,,,,,0,,,,,
gte_multilingual_base_768d,en_def_translated_cn_def,𤤴,3,3,0.5371702313423157,0,0,0,,,,0,,,,,,0,,,,,
gte_multilingual_base_768d,en_def_translated_cn_def,𦍌,1,1,,0,0,0,,,,0,,,,,,0,,,,,
gte_multilingual_base_768d,en_def_translated_cn_def,𧾷,48,48,0.0625038519501686,48,48,48,0.218698768003378,0.218698768003378,0.218698768003378,48,0.0,0.0416666666666666,0.0625,0.018068517390732,889.0,48,0.0208333333333333,0.0416666666666666,0.0416666666666666,0.0289450250637773,585.5
gte_multilingual_base_768d,en_gloss_unihan,㐬,1,1,,0,0,0,,,,0,,,,,,0,,,,,
gte_multilingual_base_768d,en_gloss_unihan,㐭,1,1,,0,0,0,,,,0,,,,,,0,,,,,
gte_multilingual_base_768d,en_gloss_unihan,㔾,1,1,,0,0,0,,,,0,,,,,,0,,,,,
gte_multilingual_base_768d,en_gloss_unihan,㗊,1,1,,0,0,0,,,,0,,,,,,0,,,,,
gte_multilingual_base_768d,en_gloss_unihan,㝱,2,2,0.1013791561126709,0,0,0,,,,0,,,,,,0,,,,,
gte_multilingual_base_768d,en_gloss_unihan,㣺,2,2,0.0354224443435668,0,0,0,,,,0,,,,,,0,,,,,
gte_multilingual_base_768d,en_gloss_unihan,㫃,13,13,0.1342384666204452,13,13,13,0.3022217799264651,0.3022217799264651,0.3022217799264651,13,0.0,0.0,0.0,0.0149977105322998,57.0,13,0.0,0.0,0.0,0.0027726761060843,616.0
gte_multilingual_base_768d,en_gloss_unihan,㹜,1,1,,0,0,0,,,,0,,,,,,0,,,,,
gte_multilingual_base_768d,en_gloss_unihan,㾜,1,1,,0,0,0,,,,0,,,,,,0,,,,,
gte_multilingual_base_768d,en_gloss_unihan,䀠,1,1,,0,0,0,,,,0,,,,,,0,,,,,
gte_multilingual_base_768d,en_gloss_unihan,䖵,4,4,0.137709379196167,4,0,0,0.2190313376486301,,,4,0.0,0.0,0.0,0.0055013037589682,330.0,4,0.0,0.0,0.0,0.0014051173727371,850.0
gte_multilingual_base_768d,en_gloss_unihan,一,3,3,-0.0068010888062417,0,0,0,,,,0,,,,,,0,,,,,
gte_multilingual_base_768d,en_gloss_unihan,丂,1,1,,0,0,0,,,,0,,,,,,0,,,,,
gte_multilingual_base_768d,en_gloss_unihan,与,1,1,,0,0,0,,,,0,,,,,,0,,,,,
gte_multilingual_base_768d,en_gloss_unihan,乑,1,1,,0,0,0,,,,0,,,,,,0,,,,,
gte_multilingual_base_768d,en_gloss_unihan,乙,3,3,-0.0127209024503827,0,0,0,,,,0,,,,,,0,,,,,
gte_multilingual_base_768d,en_gloss_unihan,二,2,2,0.0353026390075683,0,0,0,,,,0,,,,,,0,,,,,
gte_multilingual_base_768d,en_gloss_unihan,云,1,1,,0,0,0,,,,0,,,,,,0,,,,,
gte_multilingual_base_768d,en_gloss_unihan,京,1,1,,0,0,0,,,,0,,,,,,0,,,,,
gte_multilingual_base_768d,en_gloss_unihan,人,2,2,0.05586838722229,0,0,0,,,,0,,,,,,0,,,,,
gte_multilingual_base_768d,en_gloss_unihan,亻,187,173,0.0101533504202961,187,187,187,0.0794831181398249,0.0794831181398249,0.0794831181398249,187,0.0106951871657754,0.0427807486631016,0.0588235294117647,0.0254676081538049,2161.0,187,0.0267379679144385,0.0802139037433155,0.0909090909090909,0.0540450557381948,415.0
gte_multilingual_base_768d,en_gloss_unihan,儿,2,2,-0.1652120351791381,0,0,0,,,,0,,,,,,0,,,,,
gte_multilingual_base_768d,en_gloss_unihan,光,1,1,,0,0,0,,,,0,,,,,,0,,,,,
gte_multilingual_base_768d,en_gloss_unihan,兮,1,1,,0,0,0,,,,0,,,,,,0,,,,,
gte_multilingual_base_768d,en_gloss_unihan,共,1,1,,0,0,0,,,,0,,,,,,0,,,,,
gte_multilingual_base_768d,en_gloss_unihan,冂,1,1,,0,0,0,,,,0,,,,,,0,,,,,
gte_multilingual_base_768d,en_gloss_unihan,冃,2,2,0.2747743129730224,0,0,0,,,,0,,,,,,0,,,,,
gte_multilingual_base_768d,en_gloss_unihan,冖,2,2,-0.0652016401290893,0,0,0,,,,0,,,,,,0,,,,,
gte_multilingual_base_768d,en_gloss_unihan,冫,13,13,0.0728465616703033,13,13,13,0.1913384073055707,0.1913384073055707,0.1913384073055707,13,0.0,0.0,0.0,0.0016103816326657,1506.0,13,0.0,0.0,0.0,0.0026744525208399,754.0
gte_multilingual_base_768d,en_gloss_unihan,几,1,1,,0,0,0,,,,0,,,,,,0,,,,,
gte_multilingual_base_768d,en_gloss_unihan,刀,3,3,0.2749435007572174,0,0,0,,,,0,,,,,,0,,,,,
gte_multilingual_base_768d,en_gloss_unihan,刂,33,33,0.0722797065973281,33,33,33,0.2301291029787424,0.2301291029787424,0.2301291029787424,33,0.0303030303030303,0.0303030303030303,0.0606060606060606,0.0414824642358296,301.0,33,0.0,0.0,0.0303030303030303,0.0108029620602978,439.0
gte_multilingual_base_768d,en_gloss_unihan,力,23,22,0.0538113564252853,23,23,23,0.1737265593331793,0.1737265593331793,0.1737265593331793,23,0.0,0.0,0.0,0.0033989818454901,877.0,23,0.0,0.0,0.0,0.0099489846040059,351.0
gte_multilingual_base_768d,en_gloss_unihan,勹,3,3,-0.0276730861514806,0,0,0,,,,0,,,,,,0,,,,,
gte_multilingual_base_768d,en_gloss_unihan,匕,1,1,,0,0,0,,,,0,,,,,,0,,,,,
gte_multilingual_base_768d,en_gloss_unihan,匚,8,8,0.0192815568298101,8,8,0,0.0501371212303638,0.0501371212303638,,8,0.0,0.0,0.0,0.0005090981179327,3526.0,8,0.0,0.0,0.0,0.0010867351040394,1003.0
gte_multilingual_base_768d,en_gloss_unihan,匸,2,2,0.0984265804290771,0,0,0,,,,0,,,,,,0,,,,,
gte_multilingual_base_768d,en_gloss_unihan,十,3,3,-0.0448691844940185,0,0,0,,,,0,,,,,,0,,,,,
gte_multilingual_base_768d,en_gloss_unihan,卂,1,1,,0,0,0,,,,0,,,,,,0,,,,,
gte_multilingual_base_768d,en_gloss_unihan,午,1,1,,0,0,0,,,,0,,,,,,0,,,,,
gte_multilingual_base_768d,en_gloss_unihan,半,1,1,,0,0,0,,,,0,,,,,,0,,,,,
gte_multilingual_base_768d,en_gloss_unihan,卜,1,1,,0,0,0,,,,0,,,,,,0,,,,,
gte_multilingual_base_768d,en_gloss_unihan,卩,2,2,-0.0867582559585571,0,0,0,,,,0,,,,,,0,,,,,
gte_multilingual_base_768d,en_gloss_unihan,卵,2,2,-0.0773547291755676,0,0,0,,,,0,,,,,,0,,,,,
gte_multilingual_base_768d,en_gloss_unihan,厂,3,3,-0.0254075918346643,0,0,0,,,,0,,,,,,0,,,,,
gte_multilingual_base_768d,en_gloss_unihan,厶,1,1,,0,0,0,,,,0,,,,,,0,,,,,
gte_multilingual_base_768d,en_gloss_unihan,去,1,1,,0,0,0,,,,0,,,,,,0,,,,,
gte_multilingual_base_768d,en_gloss_unihan,又,2,2,-0.0368213653564453,0,0,0,,,,0,,,,,,0,,,,,
gte_multilingual_base_768d,en_gloss_unihan,口,164,150,0.0585459396243095,164,164,164,0.2228480661458267,0.2228480661458267,0.2228480661458267,164,0.0,0.0182926829268292,0.024390243902439,0.0102756999778179,1232.5,164,0.0121951219512195,0.0365853658536585,0.0548780487804878,0.0292237683993692,538.5
gte_multilingual_base_768d,en_gloss_unihan,可,1,1,,0,0,0,,,,0,,,,,,0,,,,,
gte_multilingual_base_768d,en_gloss_unihan,吅,1,1,,0,0,0,,,,0,,,,,,0,,,,,
gte_multilingual_base_768d,en_gloss_unihan,向,1,1,,0,0,0,,,,0,,,,,,0,,,,,
gte_multilingual_base_768d,en_gloss_unihan,喜,1,1,,0,0,0,,,,0,,,,,,0,,,,,
gte_multilingual_base_768d,en_gloss_unihan,囗,11,11,0.0690546557307243,11,11,11,0.1748365637084299,0.1748365637084299,0.1748365637084299,11,0.0,0.0,0.0909090909090909,0.0147484420502574,822.0,11,0.0,0.0,0.0,0.0040529811960681,308.0
gte_multilingual_base_768d,en_gloss_unihan,土,89,87,0.0409249141812324,89,89,89,0.1787660837675748,0.1787660837675748,0.1787660837675748,89,0.0224719101123595,0.0337078651685393,0.0337078651685393,0.0294431456422412,1658.0,89,0.0224719101123595,0.0337078651685393,0.0561797752808988,0.0368520200300355,454.0
gte_multilingual_base_768d,en_gloss_unihan,壬,1,1,,0,0,0,,,,0,,,,,,0,,,,,
gte_multilingual_base_768d,en_gloss_unihan,壴,1,1,,0,0,0,,,,0,,,,,,0,,,,,
gte_multilingual_base_768d,en_gloss_unihan,夂,2,2,0.0539979934692382,0,0,0,,,,0,,,,,,0,,,,,
gte_multilingual_base_768d,en_gloss_unihan,夕,1,1,,0,0,0,,,,0,,,,,,0,,,,,
gte_multilingual_base_768d,en_gloss_unihan,多,1,1,,0,0,0,,,,0,,,,,,0,,,,,
gte_multilingual_base_768d,en_gloss_unihan,大,6,6,0.0228577610105276,6,6,0,0.0527403280138969,0.0527403280138969,,6,0.0,0.0,0.0,0.0081165235275873,4592.0,6,0.0,0.1666666666666666,0.1666666666666666,0.0574620856680891,489.0
gte_multilingual_base_768d,en_gloss_unihan,夭,1,1,,0,0,0,,,,0,,,,,,0,,,,,
gte_multilingual_base_768d,en_gloss_unihan,夸,1,1,,0,0,0,,,,0,,,,,,0,,,,,
gte_multilingual_base_768d,en_gloss_unihan,女,102,100,0.041378378868103,102,102,102,0.1829771720439049,0.1829771720439049,0.1829771720439049,102,0.0,0.0,0.0196078431372549,0.0066795102682858,2308.5,102,0.0294117647058823,0.0392156862745098,0.0490196078431372,0.0384924057817189,516.0
gte_multilingual_base_768d,en_gloss_unihan,子,6,6,0.0554736442863941,6,6,0,0.1150893081600467,0.1150893081600467,,6,0.0,0.0,0.0,0.0081030608451335,730.0,6,0.0,0.0,0.0,0.0011271582654518,953.5
gte_multilingual_base_768d,en_gloss_unihan,學,1,1,,0,0,0,,,,0,,,,,,0,,,,,
gte_multilingual_base_768d,en_gloss_unihan,宀,27,27,0.0181108340620994,27,27,27,0.0796026836873756,0.0796026836873756,0.0796026836873756,27,0.0,0.0,0.0,0.001111957984583,2873.0,27,0.0,0.0,0.0,0.0063770746385554,556.0
gte_multilingual_base_768d,en_gloss_unihan,寸,2,2,-0.013400912284851,0,0,0,,,,0,,,,,,0,,,,,
gte_multilingual_base_768d,en_gloss_unihan,尢,1,1,,0,0,0,,,,0,,,,,,0,,,,,
gte_multilingual_base_768d,en_gloss_unihan,尸,9,9,0.0010619693202897,9,9,9,0.0071180592187576,0.0071180592187576,0.0071180592187576,9,0.0,0.0,0.0,0.001434490361001,5116.0,9,0.0,0.1111111111111111,0.1111111111111111,0.0570286148370471,681.0
gte_multilingual_base_768d,en_gloss_unihan,尺,1,1,,0,0,0,,,,0,,,,,,0,,,,,
gte_multilingual_base_768d,en_gloss_unihan,履,3,3,0.2583108842372894,0,0,0,,,,0,,,,,,0,,,,,
gte_multilingual_base_768d,en_gloss_unihan,山,51,50,0.0996641218662262,51,51,51,0.2922229748401864,0.2922229748401864,0.2922229748401864,51,0.0,0.0392156862745098,0.0392156862745098,0.0217506868966834,367.0,51,0.0,0.0196078431372549,0.0392156862745098,0.0184069957776225,493.0
gte_multilingual_base_768d,en_gloss_unihan,工,1,1,,0,0,0,,,,0,,,,,,0,,,,,
gte_multilingual_base_768d,en_gloss_unihan,巫,1,1,,0,0,0,,,,0,,,,,,0,,,,,
gte_multilingual_base_768d,en_gloss_unihan,巾,30,30,0.0976482778787612,30,30,30,0.2748698788384596,0.2748698788384596,0.2748698788384596,30,0.0,0.0,0.0,0.0033034980196547,533.5,30,0.0,0.0,0.0333333333333333,0.0093923643280238,460.5
gte_multilingual_base_768d,en_gloss_unihan,幺,1,1,,0,0,0,,,,0,,,,,,0,,,,,
gte_multilingual_base_768d,en_gloss_unihan,广,35,35,0.0285630114376544,35,35,35,0.1215598606637546,0.1215598606637546,0.1215598606637546,35,0.0571428571428571,0.0857142857142857,0.0857142857142857,0.0771746350442213,1001.0,35,0.0571428571428571,0.1714285714285714,0.1714285714285714,0.0966799685028645,665.0
gte_multilingual_base_768d,en_gloss_unihan,庚,1,1,,0,0,0,,,,0,,,,,,0,,,,,
gte_multilingual_base_768d,en_gloss_unihan,廾,2,2,0.0274596214294433,0,0,0,,,,0,,,,,,0,,,,,
gte_multilingual_base_768d,en_gloss_unihan,弓,13,13,0.0915339663624763,13,13,13,0.2298005260527134,0.2298005260527134,0.2298005260527134,13,0.0,0.0,0.0,0.0032283278407499,948.0,13,0.0,0.0,0.0,0.0041708892939405,553.0
gte_multilingual_base_768d,en_gloss_unihan,彡,7,7,0.0118988808244466,7,7,0,0.0312118556882653,0.0312118556882653,,7,0.0,0.0,0.0,0.0009427683278317,3246.0,7,0.0,0.0,0.0,0.003216424001204,674.0
gte_multilingual_base_768d,en_gloss_unihan,彣,1,1,,0,0,0,,,,0,,,,,,0,,,,,
gte_multilingual_base_768d,en_gloss_unihan,彳,17,17,0.0524451322853565,17,17,17,0.1588448389597675,0.1588448389597675,0.1588448389597675,17,0.0,0.0,0.0,0.009534616172561,910.0,17,0.0,0.0588235294117647,0.0588235294117647,0.0234364137099374,260.0
gte_multilingual_base_768d,en_gloss_unihan,微,1,1,,0,0,0,,,,0,,,,,,0,,,,,
gte_multilingual_base_768d,en_gloss_unihan,心,56,54,0.0681981518864631,56,56,56,0.2305719154620809,0.2305719154620809,0.2305719154620809,56,0.0,0.0,0.0357142857142857,0.0062507904339035,1692.5,56,0.0,0.0535714285714285,0.0714285714285714,0.0259145098015534,560.5
gte_multilingual_base_768d,en_gloss_unihan,忄,125,125,0.0680794715881347,125,125,125,0.2489018997438252,0.2489018997438252,0.2489018997438252,125,0.0,0.016,0.024,0.0109453784974849,1156.0,125,0.008,0.024,0.048,0.0218126288769715,570.0
gte_multilingual_base_768d,en_gloss_unihan,恣,1,1,,0,0,0,,,,0,,,,,,0,,,,,
gte_multilingual_base_768d,en_gloss_unihan,戈,11,11,0.0656938701868057,11,11,11,0.1664056305519559,0.1664056305519559,0.1664056305519559,11,0.0,0.0,0.0,0.0009328114111951,1541.0,11,0.0,0.0,0.0,0.0022365187966964,522.0
gte_multilingual_base_768d,en_gloss_unihan,戊,2,2,-0.1497774124145507,0,0,0,,,,0,,,,,,0,,,,,
gte_multilingual_base_768d,en_gloss_unihan,戶,4,4,0.079772911965847,4,0,0,0.1435713116079569,,,4,0.0,0.0,0.0,0.0008245797455874,1407.5,4,0.0,0.0,0.0,0.0109125899918661,332.0
gte_multilingual_base_768d,en_gloss_unihan,手,10,9,0.0776659101247787,10,10,10,0.1690262167714536,0.1690262167714536,0.1690262167714536,10,0.0,0.0,0.1,0.0198988121852662,957.0,10,0.0,0.0,0.0,0.0047305119709372,357.0
gte_multilingual_base_768d,en_gloss_unihan,扌,203,190,0.045661773532629,203,203,203,0.1986618530730088,0.1986618530730088,0.1986618530730088,203,0.0049261083743842,0.0295566502463054,0.0443349753694581,0.0172779331201768,1014.0,203,0.0147783251231527,0.0541871921182266,0.064039408866995,0.0359502982975506,425.0
gte_multilingual_base_768d,en_gloss_unihan,支,1,1,,0,0,0,,,,0,,,,,,0,,,,,
gte_multilingual_base_768d,en_gloss_unihan,攴,2,2,0.2750885486602783,0,0,0,,,,0,,,,,,0,,,,,
gte_multilingual_base_768d,en_gloss_unihan,攵,19,19,0.0107189090922474,19,19,19,0.0410384431873497,0.0410384431873497,0.0410384431873497,19,0.0,0.1052631578947368,0.1578947368421052,0.0385217792304795,2771.0,19,0.1578947368421052,0.1578947368421052,0.1578947368421052,0.1660275552554967,340.0
gte_multilingual_base_768d,en_gloss_unihan,敕,1,1,,0,0,0,,,,0,,,,,,0,,,,,
gte_multilingual_base_768d,en_gloss_unihan,文,1,1,,0,0,0,,,,0,,,,,,0,,,,,
gte_multilingual_base_768d,en_gloss_unihan,斗,7,7,0.0236192438751459,7,7,0,0.0599159553114857,0.0599159553114857,,7,0.0,0.0,0.0,0.0006911868378894,1496.0,7,0.0,0.0,0.0,0.0030669208841267,619.0
gte_multilingual_base_768d,en_gloss_unihan,斤,4,4,0.0870275124907493,4,0,0,0.1620067406911403,,,4,0.0,0.0,0.0,0.0010188776469685,983.0,4,0.0,0.0,0.0,0.0026361829078849,389.0
gte_multilingual_base_768d,en_gloss_unihan,日,64,61,0.0550320148468017,64,64,64,0.2112645107263233,0.2112645107263233,0.2112645107263233,64,0.0,0.0625,0.125,0.0331184645308915,577.5,64,0.0625,0.125,0.125,0.0953615017439309,320.5
gte_multilingual_base_768d,en_gloss_unihan,旨,1,1,,0,0,0,,,,0,,,,,,0,,,,,
gte_multilingual_base_768d,en_gloss_unihan,是,1,1,,0,0,0,,,,0,,,,,,0,,,,,
gte_multilingual_base_768d,en_gloss_unihan,曰,1,1,,0,0,0,,,,0,,,,,,0,,,,,
gte_multilingual_base_768d,en_gloss_unihan,月,8,8,0.0426756478846073,8,8,0,0.1179289759602397,0.1179289759602397,,8,0.0,0.0,0.0,0.0067060114332575,3551.0,8,0.0,0.0,0.0,0.0034651824634739,479.0
gte_multilingual_base_768d,en_gloss_unihan,木,255,239,0.0451488532125949,255,255,255,0.1998767666737823,0.1998767666737823,0.1998767666737823,255,0.0039215686274509,0.0196078431372549,0.0235294117647058,0.0118139410684966,2354.0,255,0.0117647058823529,0.0274509803921568,0.0392156862745098,0.0220388632041838,568.0
gte_multilingual_base_768d,en_gloss_unihan,東,2,2,-0.0721171498298645,0,0,0,,,,0,,,,,,0,,,,,
gte_multilingual_base_768d,en_gloss_unihan,林,5,5,0.0342865958809852,5,0,0,0.0677218981087207,,,5,0.0,0.0,0.0,0.0001973864969379,5232.0,5,0.0,0.0,0.0,0.0017473739978769,784.0
gte_multilingual_base_768d,en_gloss_unihan,欠,25,24,0.0315461494028568,25,25,25,0.1166132293641567,0.1166132293641567,0.1166132293641567,25,0.0,0.0,0.0,0.0013635305940626,3524.0,25,0.0,0.0,0.0,0.0060767881185631,554.0
gte_multilingual_base_768d,en_gloss_unihan,止,2,2,0.0102221965789794,0,0,0,,,,0,,,,,,0,,,,,
gte_multilingual_base_768d,en_gloss_unihan,步,1,1,,0,0,0,,,,0,,,,,,0,,,,,
gte_multilingual_base_768d,en_gloss_unihan,歹,17,17,0.0789452418684959,17,17,17,0.2178391910651151,0.2178391910651151,0.2178391910651151,17,0.0588235294117647,0.0588235294117647,0.1176470588235294,0.0700960575457299,761.0,17,0.0588235294117647,0.0588235294117647,0.0588235294117647,0.0627438476162091,484.0
gte_multilingual_base_768d,en_gloss_unihan,死,1,1,,0,0,0,,,,0,,,,,,0,,,,,
gte_multilingual_base_768d,en_gloss_unihan,殳,2,2,0.0677322149276733,0,0,0,,,,0,,,,,,0,,,,,
gte_multilingual_base_768d,en_gloss_unihan,比,1,1,,0,0,0,,,,0,,,,,,0,,,,,
gte_multilingual_base_768d,en_gloss_unihan,毛,9,9,0.0501883029937744,9,9,9,0.1232288028630945,0.1232288028630945,0.1232288028630945,9,0.0,0.1111111111111111,0.1111111111111111,0.0230965422557963,2035.0,9,0.0,0.0,0.1111111111111111,0.0131051635173735,499.0
gte_multilingual_base_768d,en_gloss_unihan,民,1,1,,0,0,0,,,,0,,,,,,0,,,,,
gte_multilingual_base_768d,en_gloss_unihan,气,2,2,0.1353815793991089,0,0,0,,,,0,,,,,,0,,,,,
gte_multilingual_base_768d,en_gloss_unihan,水,4,4,0.0746667012572288,4,0,0,0.1223435644060373,,,4,0.0,0.0,0.0,0.0004085726115359,3301.5,4,0.0,0.0,0.0,0.0085840932455257,456.5
gte_multilingual_base_768d,en_gloss_unihan,氵,316,278,0.0656100362539291,316,316,316,0.2397540946744523,0.2397540946744523,0.2397540946744523,316,0.0126582278481012,0.0253164556962025,0.0348101265822784,0.020619574445583,1452.0,316,0.0221518987341772,0.0443037974683544,0.0537974683544303,0.0358127368658768,500.0
gte_multilingual_base_768d,en_gloss_unihan,火,60,59,0.079685740172863,60,60,60,0.2575354278398057,0.2575354278398057,0.2575354278398057,60,0.0333333333333333,0.05,0.05,0.0492253172928201,441.5,60,0.0333333333333333,0.05,0.0833333333333333,0.050969854881933,487.0
gte_multilingual_base_768d,en_gloss_unihan,灬,3,3,0.0264794025570154,0,0,0,,,,0,,,,,,0,,,,,
gte_multilingual_base_768d,en_gloss_unihan,爪,1,1,,0,0,0,,,,0,,,,,,0,,,,,
gte_multilingual_base_768d,en_gloss_unihan,爭,1,1,,0,0,0,,,,0,,,,,,0,,,,,
gte_multilingual_base_768d,en_gloss_unihan,父,1,1,,0,0,0,,,,0,,,,,,0,,,,,
gte_multilingual_base_768d,en_gloss_unihan,爿,1,1,,0,0,0,,,,0,,,,,,0,,,,,
gte_multilingual_base_768d,en_gloss_unihan,片,3,3,0.2316582202911377,0,0,0,,,,0,,,,,,0,,,,,
gte_multilingual_base_768d,en_gloss_unihan,牛,1,1,,0,0,0,,,,0,,,,,,0,,,,,
gte_multilingual_base_768d,en_gloss_unihan,牜,14,14,0.0314159281551837,14,14,14,0.0961382564689431,0.0961382564689431,0.0961382564689431,14,0.0714285714285714,0.0714285714285714,0.0714285714285714,0.0752595048956752,2320.5,14,0.0,0.0714285714285714,0.0714285714285714,0.0431920574775905,537.5
gte_multilingual_base_768d,en_gloss_unihan,犬,5,5,-0.0281754974275827,5,0,0,-0.0598142951726913,,,5,0.0,0.0,0.0,0.0013795541270053,579.0,5,0.0,0.0,0.0,0.0085161195151078,153.0
gte_multilingual_base_768d,en_gloss_unihan,犭,39,39,0.0618600063025951,39,39,39,0.2119744909115326,0.2119744909115326,0.2119744909115326,39,0.0,0.0,0.0,0.0019377086946926,2315.0,39,0.0,0.0,0.0,0.0023199403423609,702.0
gte_multilingual_base_768d,en_gloss_unihan,玄,1,1,,0,0,0,,,,0,,,,,,0,,,,,
gte_multilingual_base_768d,en_gloss_unihan,玉,3,3,0.102716326713562,0,0,0,,,,0,,,,,,0,,,,,
gte_multilingual_base_768d,en_gloss_unihan,王,78,76,0.1256662011146545,78,78,78,0.3391347059753174,0.3391347059753174,0.3391347059753174,78,0.0128205128205128,0.0128205128205128,0.0256410256410256,0.0220310974616203,344.5,78,0.0256410256410256,0.0384615384615384,0.0384615384615384,0.0379989914082464,428.5
gte_multilingual_base_768d,en_gloss_unihan,瓜,2,2,0.0314053297042846,0,0,0,,,,0,,,,,,0,,,,,
gte_multilingual_base_768d,en_gloss_unihan,瓦,7,7,0.1474315524101257,7,7,0,0.2796661470617567,0.2796661470617567,,7,0.0,0.0,0.0,0.0020348904480968,601.0,7,0.0,0.0,0.0,0.0029063932672197,433.0
gte_multilingual_base_768d,en_gloss_unihan,田,13,13,0.0603480711579322,13,13,13,0.16580181568861,0.16580181568861,0.16580181568861,13,0.0,0.0,0.0,0.0030396160602587,970.0,13,0.0,0.0,0.0,0.0104599166580588,249.0
gte_multilingual_base_768d,en_gloss_unihan,申,1,1,,0,0,0,,,,0,,,,,,0,,,,,
gte_multilingual_base_768d,en_gloss_unihan,男,2,2,0.1737434864044189,0,0,0,,,,0,,,,,,0,,,,,
gte_multilingual_base_768d,en_gloss_unihan,畢,1,1,,0,0,0,,,,0,,,,,,0,,,,,
gte_multilingual_base_768d,en_gloss_unihan,疒,73,69,0.1210162192583084,73,73,73,0.3261854297494235,0.3261854297494235,0.3261854297494235,73,0.0,0.0,0.0273972602739726,0.0066760077875113,794.0,73,0.0,0.0136986301369863,0.0136986301369863,0.0077414206067032,546.0
gte_multilingual_base_768d,en_gloss_unihan,癶,1,1,,0,0,0,,,,0,,,,,,0,,,,,
gte_multilingual_base_768d,en_gloss_unihan,白,7,7,0.1400521844625473,7,7,0,0.2668716966041496,0.2668716966041496,,7,0.0,0.0,0.0,0.0100801580815854,385.0,7,0.0,0.0,0.0,0.0052810533854532,382.0
gte_multilingual_base_768d,en_gloss_unihan,皮,3,3,0.0952195301651954,0,0,0,,,,0,,,,,,0,,,,,
gte_multilingual_base_768d,en_gloss_unihan,皿,11,11,0.0332619920372962,11,11,11,0.096511518752033,0.096511518752033,0.096511518752033,11,0.0,0.0,0.0,0.0061588485611275,1264.0,11,0.0,0.0,0.0909090909090909,0.0176433896060749,452.0
gte_multilingual_base_768d,en_gloss_unihan,目,51,51,0.1297708600759506,51,51,51,0.3392610574031577,0.3392610574031577,0.3392610574031577,51,0.0,0.0392156862745098,0.0588235294117647,0.0215229651533131,166.0,51,0.0,0.0,0.0,0.0073621008994554,413.0
gte_multilingual_base_768d,en_gloss_unihan,矛,1,1,,0,0,0,,,,0,,,,,,0,,,,,
gte_multilingual_base_768d,en_gloss_unihan,矢,6,6,-0.0124009130522608,6,6,0,-0.0257588651341696,-0.0257588651341696,,6,0.0,0.0,0.0,0.0002211711141044,4577.0,6,0.0,0.0,0.0,0.001946628928859,659.5
gte_multilingual_base_768d,en_gloss_unihan,石,56,53,0.0541784353554248,56,56,56,0.1983045815889324,0.1983045815889324,0.1983045815889324,56,0.0178571428571428,0.0178571428571428,0.0178571428571428,0.0217476391260644,1487.0,56,0.0178571428571428,0.0178571428571428,0.0357142857142857,0.0242812672235333,557.5
gte_multilingual_base_768d,en_gloss_unihan,示,5,5,0.0260891914367675,5,0,0,0.0514426652342081,,,5,0.0,0.0,0.0,0.0024071234635794,4080.0,5,0.0,0.2,0.2,0.0679797193860188,596.0
gte_multilingual_base_768d,en_gloss_unihan,礻,36,36,0.0852509066462516,36,36,36,0.2574575412501063,0.2574575412501063,0.2574575412501063,36,0.0,0.0,0.0277777777777777,0.0110036461840914,543.5,36,0.0,0.0555555555555555,0.0555555555555555,0.0228139991511818,352.5
gte_multilingual_base_768d,en_gloss_unihan,禾,44,44,0.0484422445297241,44,44,44,0.1857004029760983,0.1857004029760983,0.1857004029760983,44,0.0227272727272727,0.0454545454545454,0.0454545454545454,0.0316604939740082,1578.5,44,0.0,0.0227272727272727,0.0454545454545454,0.020055789526041,431.0
gte_multilingual_base_768d,en_gloss_unihan,穴,27,27,0.0556520745158195,27,27,27,0.1828892997948935,0.1828892997948935,0.1828892997948935,27,0.037037037037037,0.037037037037037,0.037037037037037,0.0389255601184612,1494.0,27,0.037037037037037,0.037037037037037,0.037037037037037,0.040124403239191,536.0
gte_multilingual_base_768d,en_gloss_unihan,立,5,5,0.0097551103681325,5,0,0,0.0234297133982181,,,5,0.0,0.0,0.0,0.0004102596090837,3504.0,5,0.0,0.0,0.0,0.0037134323867878,669.0
gte_multilingual_base_768d,en_gloss_unihan,竹,105,101,0.0802085623145103,105,105,105,0.266048193563308,0.266048193563308,0.266048193563308,105,0.0095238095238095,0.019047619047619,0.0380952380952381,0.0169865850122448,1879.0,105,0.0,0.0380952380952381,0.0380952380952381,0.0210788245278162,529.0
gte_multilingual_base_768d,en_gloss_unihan,箕,1,1,,0,0,0,,,,0,,,,,,0,,,,,
gte_multilingual_base_768d,en_gloss_unihan,米,26,26,0.0784922167658805,26,26,26,0.2356265125652918,0.2356265125652918,0.2356265125652918,26,0.0,0.0384615384615384,0.0384615384615384,0.0173922241281224,1677.0,26,0.0,0.0384615384615384,0.0769230769230769,0.0188651535097635,725.0
gte_multilingual_base_768d,en_gloss_unihan,糸,160,154,0.0575861856341362,160,160,160,0.2263000730192289,0.2263000730192289,0.2263000730192289,160,0.0,0.0,0.0125,0.0045017369872612,1545.0,160,0.00625,0.025,0.0375,0.0207780081096541,466.5
gte_multilingual_base_768d,en_gloss_unihan,縣,1,1,,0,0,0,,,,0,,,,,,0,,,,,
gte_multilingual_base_768d,en_gloss_unihan,缶,3,3,0.1503384113311767,0,0,0,,,,0,,,,,,0,,,,,
gte_multilingual_base_768d,en_gloss_unihan,网,1,1,,0,0,0,,,,0,,,,,,0,,,,,
gte_multilingual_base_768d,en_gloss_unihan,罒,5,5,0.052858255803585,5,0,0,0.0952038042247295,,,5,0.0,0.0,0.0,0.0007546419296805,2699.0,5,0.0,0.0,0.0,0.0049020520743669,605.0
gte_multilingual_base_768d,en_gloss_unihan,羊,8,8,0.121023379266262,8,8,0,0.248081307625398,0.248081307625398,,8,0.0,0.125,0.125,0.042909148789676,372.0,8,0.0,0.0,0.0,0.0036259867578204,646.5
gte_multilingual_base_768d,en_gloss_unihan,羽,20,20,0.0823664739727974,20,20,20,0.2305240751244127,0.2305240751244127,0.2305240751244127,20,0.0,0.0,0.0,0.0072227890870681,755.5,20,0.0,0.0,0.0,0.0033996163781916,511.0
gte_multilingual_base_768d,en_gloss_unihan,習,1,1,,0,0,0,,,,0,,,,,,0,,,,,
gte_multilingual_base_768d,en_gloss_unihan,老,3,3,0.2927185595035553,0,0,0,,,,0,,,,,,0,,,,,
gte_multilingual_base_768d,en_gloss_unihan,耂,1,1,,0,0,0,,,,0,,,,,,0,,,,,
gte_multilingual_base_768d,en_gloss_unihan,耒,7,7,0.0727041587233543,7,7,0,0.1533957911389214,0.1533957911389214,,7,0.0,0.0,0.0,0.0028751231832155,754.0,7,0.0,0.0,0.0,0.0014906148933154,599.0
gte_multilingual_base_768d,en_gloss_unihan,耳,9,9,0.0502223707735538,9,9,9,0.1288094774095548,0.1288094774095548,0.1288094774095548,9,0.0,0.0,0.0,0.0011381168956016,4000.0,9,0.0,0.0,0.0,0.002140511355108,583.0
gte_multilingual_base_768d,en_gloss_unihan,肉,106,100,0.0599047727882862,106,106,106,0.2248592780428534,0.2248592780428534,0.2248592780428534,106,0.0188679245283018,0.0188679245283018,0.0188679245283018,0.0211252949847155,1548.5,106,0.0188679245283018,0.0283018867924528,0.0283018867924528,0.0263729366340496,472.0
gte_multilingual_base_768d,en_gloss_unihan,臣,1,1,,0,0,0,,,,0,,,,,,0,,,,,
gte_multilingual_base_768d,en_gloss_unihan,臤,1,1,,0,0,0,,,,0,,,,,,0,,,,,
gte_multilingual_base_768d,en_gloss_unihan,臥,1,1,,0,0,0,,,,0,,,,,,0,,,,,
gte_multilingual_base_768d,en_gloss_unihan,自,1,1,,0,0,0,,,,0,,,,,,0,,,,,
gte_multilingual_base_768d,en_gloss_unihan,至,2,2,0.2671959400177002,0,0,0,,,,0,,,,,,0,,,,,
gte_multilingual_base_768d,en_gloss_unihan,舌,1,1,,0,0,0,,,,0,,,,,,0,,,,,
gte_multilingual_base_768d,en_gloss_unihan,舛,1,1,,0,0,0,,,,0,,,,,,0,,,,,
gte_multilingual_base_768d,en_gloss_unihan,舟,16,16,0.1986804902553558,16,16,16,0.4000272741541266,0.4000272741541266,0.4000272741541266,16,0.0,0.0,0.125,0.0257827994151977,80.0,16,0.0,0.0,0.0,0.0035982259707668,522.5
gte_multilingual_base_768d,en_gloss_unihan,色,1,1,,0,0,0,,,,0,,,,,,0,,,,,
gte_multilingual_base_768d,en_gloss_unihan,艹,270,242,0.0906291007995605,270,270,270,0.2827801808473412,0.2827801808473412,0.2827801808473412,270,0.0074074074074074,0.0185185185185185,0.0222222222222222,0.0148260307091548,1331.5,270,0.0111111111111111,0.0296296296296296,0.0296296296296296,0.0211157657701741,563.5
gte_multilingual_base_768d,en_gloss_unihan,蕇,1,1,,0,0,0,,,,0,,,,,,0,,,,,
gte_multilingual_base_768d,en_gloss_unihan,虍,3,3,0.0209716949611902,0,0,0,,,,0,,,,,,0,,,,,
gte_multilingual_base_768d,en_gloss_unihan,虎,1,1,,0,0,0,,,,0,,,,,,0,,,,,
gte_multilingual_base_768d,en_gloss_unihan,虫,124,117,0.140768900513649,124,124,124,0.3591269709981016,0.3591269709981016,0.3591269709981016,124,0.0080645161290322,0.0080645161290322,0.0161290322580645,0.015732024815594,354.0,124,0.0,0.0080645161290322,0.0241935483870967,0.0101006452840573,460.0
gte_multilingual_base_768d,en_gloss_unihan,血,4,4,0.1074074134230613,4,0,0,0.182799931615591,,,4,0.0,0.0,0.0,0.0103175227487237,314.0,4,0.0,0.0,0.25,0.0322488211007722,683.5
gte_multilingual_base_768d,en_gloss_unihan,行,7,7,0.0329440422356128,7,7,0,0.0899855728660311,0.0899855728660311,,7,0.1428571428571428,0.1428571428571428,0.1428571428571428,0.1433277440496838,3554.0,7,0.1428571428571428,0.1428571428571428,0.1428571428571428,0.1444209414525642,504.0
gte_multilingual_base_768d,en_gloss_unihan,衣,18,18,0.0586193948984146,18,18,18,0.1771890577963656,0.1771890577963656,0.1771890577963656,18,0.0,0.0,0.0,0.0010991443780517,1994.0,18,0.0,0.0,0.0,0.0027837497123041,600.5
gte_multilingual_base_768d,en_gloss_unihan,衤,57,56,0.0905198231339454,57,57,57,0.2752163112735408,0.2752163112735408,0.2752163112735408,57,0.0,0.0175438596491228,0.0350877192982456,0.0099399781972798,680.0,57,0.0,0.0175438596491228,0.0526315789473684,0.0128698223850201,611.0
gte_multilingual_base_768d,en_gloss_unihan,襾,1,1,,0,0,0,,,,0,,,,,,0,,,,,
gte_multilingual_base_768d,en_gloss_unihan,覀,1,1,,0,0,0,,,,0,,,,,,0,,,,,
gte_multilingual_base_768d,en_gloss_unihan,見,8,8,0.0605443194508552,8,8,0,0.1378154268022626,0.1378154268022626,,8,0.0,0.0,0.0,0.0126275191927115,445.5,8,0.0,0.0,0.0,0.0039464533415376,472.0
gte_multilingual_base_768d,en_gloss_unihan,角,9,9,0.0611763782799243,9,9,9,0.14926688435177,0.14926688435177,0.14926688435177,9,0.0,0.0,0.0,0.0013649200762726,1714.0,9,0.0,0.0,0.0,0.0032265173378828,604.0
gte_multilingual_base_768d,en_gloss_unihan,言,150,143,0.0417912267148494,150,150,150,0.1873641993415852,0.1873641993415852,0.1873641993415852,150,0.02,0.0266666666666666,0.0333333333333333,0.0245948109408482,1455.5,150,0.02,0.0533333333333333,0.0733333333333333,0.0399587184946573,429.5
gte_multilingual_base_768d,en_gloss_unihan,谷,2,2,0.0234277248382568,0,0,0,,,,0,,,,,,0,,,,,
gte_multilingual_base_768d,en_gloss_unihan,豆,2,2,0.0810173749923706,0,0,0,,,,0,,,,,,0,,,,,
gte_multilingual_base_768d,en_gloss_unihan,豕,6,6,0.1976207047700882,6,6,0,0.3405861109495163,0.3405861109495163,,6,0.0,0.1666666666666666,0.3333333333333333,0.0714326330141991,42.5,6,0.0,0.0,0.0,0.0019111012430236,524.0
gte_multilingual_base_768d,en_gloss_unihan,象,1,1,,0,0,0,,,,0,,,,,,0,,,,,
gte_multilingual_base_768d,en_gloss_unihan,豸,12,12,0.1300006210803985,12,12,12,0.2874338920228183,0.2874338920228183,0.2874338920228183,12,0.0,0.0,0.0,0.0037253831301269,344.0,12,0.0,0.0,0.0,0.0027418150926392,724.0
gte_multilingual_base_768d,en_gloss_unihan,貝,44,42,0.0603821314871311,44,44,44,0.207880398470231,0.207880398470231,0.207880398470231,44,0.0,0.0,0.0,0.0058315732577135,692.5,44,0.0,0.0,0.0,0.0079149206328546,371.0
gte_multilingual_base_768d,en_gloss_unihan,赤,2,2,0.2001509666442871,0,0,0,,,,0,,,,,,0,,,,,
gte_multilingual_base_768d,en_gloss_unihan,走,16,16,0.0300737544894218,16,16,16,0.0983278331696055,0.0983278331696055,0.0983278331696055,16,0.0,0.0,0.0,0.0007870165856582,1926.0,16,0.0,0.0,0.0,0.0031443333996431,749.0
gte_multilingual_base_768d,en_gloss_unihan,足,3,3,-0.001156210899353,0,0,0,,,,0,,,,,,0,,,,,
gte_multilingual_base_768d,en_gloss_unihan,身,3,3,0.1230594292283058,0,0,0,,,,0,,,,,,0,,,,,
gte_multilingual_base_768d,en_gloss_unihan,車,53,53,0.0614890456199646,53,53,53,0.2201092357589107,0.2201092357589107,0.2201092357589107,53,0.0,0.0,0.0,0.0034060124551484,1350.0,53,0.0,0.0,0.0,0.0035157976432406,602.0
gte_multilingual_base_768d,en_gloss_unihan,辛,2,2,-0.0834244489669799,0,0,0,,,,0,,,,,,0,,,,,
gte_multilingual_base_768d,en_gloss_unihan,辶,69,69,0.0384953171014785,69,69,69,0.1698782981332877,0.1698782981332877,0.1698782981332877,69,0.0,0.0,0.0144927536231884,0.0040615382599738,1889.0,69,0.0,0.0144927536231884,0.0144927536231884,0.0126445628413229,537.0
gte_multilingual_base_768d,en_gloss_unihan,邑,1,1,,0,0,0,,,,0,,,,,,0,,,,,
gte_multilingual_base_768d,en_gloss_unihan,酉,32,31,0.0782241746783256,32,32,32,0.2333178091212175,0.2333178091212175,0.2333178091212175,32,0.0,0.0,0.0,0.0047052382500507,2164.5,32,0.0,0.0,0.0,0.0025450456540343,523.5
gte_multilingual_base_768d,en_gloss_unihan,釆,2,2,-0.0975711941719055,0,0,0,,,,0,,,,,,0,,,,,
gte_multilingual_base_768d,en_gloss_unihan,里,1,1,,0,0,0,,,,0,,,,,,0,,,,,
gte_multilingual_base_768d,en_gloss_unihan,金,1,1,,0,0,0,,,,0,,,,,,0,,,,,
gte_multilingual_base_768d,en_gloss_unihan,釒,136,130,0.0406401082873344,136,136,136,0.1822737671284224,0.1822737671284224,0.1822737671284224,136,0.0073529411764705,0.0073529411764705,0.0147058823529411,0.0100826971661851,1855.0,136,0.0220588235294117,0.0220588235294117,0.0220588235294117,0.0282929651712531,499.5
gte_multilingual_base_768d,en_gloss_unihan,門,31,31,0.0426803082227706,31,31,31,0.1573565993157606,0.1573565993157606,0.1573565993157606,31,0.032258064516129,0.032258064516129,0.064516129032258,0.0389169521756308,783.0,31,0.032258064516129,0.064516129032258,0.064516129032258,0.0537347109616733,489.0
gte_multilingual_base_768d,en_gloss_unihan,阝,118,110,0.087586760520935,118,118,118,0.2818111859546122,0.2818111859546122,0.2818111859546122,118,0.0,0.0084745762711864,0.0169491525423728,0.0056293465163682,1723.5,118,0.0084745762711864,0.0169491525423728,0.0254237288135593,0.0159277449063687,575.5
gte_multilingual_base_768d,en_gloss_unihan,隹,14,14,0.0337955355644226,14,14,14,0.1081469474094254,0.1081469474094254,0.1081469474094254,14,0.0,0.0,0.0,0.0011250514810849,1829.0,14,0.0,0.0,0.0,0.0028339269277417,666.5
gte_multilingual_base_768d,en_gloss_unihan,雈,1,1,,0,0,0,,,,0,,,,,,0,,,,,
gte_multilingual_base_768d,en_gloss_unihan,雨,26,26,0.1022650152444839,26,26,26,0.279239866667642,0.279239866667642,0.279239866667642,26,0.0,0.0,0.0384615384615384,0.0139613239665858,534.0,26,0.0384615384615384,0.0384615384615384,0.0384615384615384,0.0431574506881581,474.5
gte_multilingual_base_768d,en_gloss_unihan,雲,2,2,0.5067791938781738,0,0,0,,,,0,,,,,,0,,,,,
gte_multilingual_base_768d,en_gloss_unihan,非,1,1,,0,0,0,,,,0,,,,,,0,,,,,
gte_multilingual_base_768d,en_gloss_unihan,面,2,2,0.0527398586273193,0,0,0,,,,0,,,,,,0,,,,,
gte_multilingual_base_768d,en_gloss_unihan,革,30,30,0.0845146030187606,30,30,30,0.2514941856265068,0.2514941856265068,0.2514941856265068,30,0.0,0.0,0.0,0.0038972759418572,1536.5,30,0.0333333333333333,0.0333333333333333,0.0333333333333333,0.0384936004053198,267.5
gte_multilingual_base_768d,en_gloss_unihan,韋,8,8,0.0843418315052986,8,8,0,0.1880586594343185,0.1880586594343185,,8,0.0,0.0,0.0,0.0011827939679151,1526.5,8,0.0,0.0,0.0,0.0017618785348117,809.5
gte_multilingual_base_768d,en_gloss_unihan,韮,1,1,,0,0,0,,,,0,,,,,,0,,,,,
gte_multilingual_base_768d,en_gloss_unihan,音,3,3,0.0953606739640235,0,0,0,,,,0,,,,,,0,,,,,
gte_multilingual_base_768d,en_gloss_unihan,頁,42,42,0.0349222347140312,42,42,42,0.1453699514580269,0.1453699514580269,0.1453699514580269,42,0.0,0.0,0.0,0.0028502754123936,1704.0,42,0.0,0.0,0.0238095238095238,0.0082615210577898,397.5
gte_multilingual_base_768d,en_gloss_unihan,風,9,9,0.1646483689546585,9,9,9,0.3260833952162001,0.3260833952162001,0.3260833952162001,9,0.1111111111111111,0.1111111111111111,0.1111111111111111,0.1269141267276889,275.0,9,0.0,0.1111111111111111,0.1111111111111111,0.0599114620050732,185.0
gte_multilingual_base_768d,en_gloss_unihan,食,5,5,0.0842108502984047,5,0,0,0.1650987908244133,,,5,0.0,0.0,0.0,0.001010917335301,2879.0,5,0.0,0.0,0.0,0.0237759081397101,238.0
gte_multilingual_base_768d,en_gloss_unihan,飠,36,36,0.0724561288952827,36,36,36,0.231612730719563,0.231612730719563,0.231612730719563,36,0.0,0.0,0.0,0.0035866152297979,875.5,36,0.0,0.0555555555555555,0.0833333333333333,0.0210548356404668,701.5
gte_multilingual_base_768d,en_gloss_unihan,首,2,2,-0.0480044484138488,0,0,0,,,,0,,,,,,0,,,,,
gte_multilingual_base_768d,en_gloss_unihan,香,1,1,,0,0,0,,,,0,,,,,,0,,,,,
gte_multilingual_base_768d,en_gloss_unihan,馬,57,57,0.073636271059513,57,57,57,0.2469803384799314,0.2469803384799314,0.2469803384799314,57,0.0,0.0175438596491228,0.0175438596491228,0.008781295118834,1793.0,57,0.0175438596491228,0.0175438596491228,0.0350877192982456,0.0237710377591124,555.0
gte_multilingual_base_768d,en_gloss_unihan,骨,13,13,0.1296693831682205,13,13,13,0.2900867886268176,0.2900867886268176,0.2900867886268176,13,0.0,0.0,0.1538461538461538,0.0248322225587392,179.0,13,0.0,0.0,0.0,0.0054128837621297,547.0
gte_multilingual_base_768d,en_gloss_unihan,高,1,1,,0,0,0,,,,0,,,,,,0,,,,,
gte_multilingual_base_768d,en_gloss_unihan,髟,16,16,0.1046127825975418,16,16,16,0.2632844070903957,0.2632844070903957,0.2632844070903957,16,0.0,0.0625,0.1875,0.0452900958690653,158.0,16,0.0625,0.1875,0.1875,0.1347005054778784,478.0
gte_multilingual_base_768d,en_gloss_unihan,鬥,3,3,0.0010491212597116,0,0,0,,,,0,,,,,,0,,,,,
gte_multilingual_base_768d,en_gloss_unihan,鬼,11,11,0.1002753898501396,11,11,11,0.2349517233669757,0.2349517233669757,0.2349517233669757,11,0.0,0.0,0.0909090909090909,0.0164650754595756,529.0,11,0.0,0.0,0.0,0.0061618091297554,366.0
gte_multilingual_base_768d,en_gloss_unihan,魚,48,47,0.2053547650575637,48,48,48,0.4304470443166792,0.4304470443166792,0.4304470443166792,48,0.0,0.0208333333333333,0.0208333333333333,0.0273905345149317,109.0,48,0.0,0.0,0.0,0.0034016534244057,425.0
gte_multilingual_base_768d,en_gloss_unihan,鳥,62,60,0.1465565860271453,62,62,62,0.3593129303546682,0.3593129303546682,0.3593129303546682,62,0.0,0.0,0.0,0.0098683791591978,423.5,62,0.0,0.0,0.0,0.0042884503199231,512.5
gte_multilingual_base_768d,en_gloss_unihan,鹵,3,3,0.3001488149166107,0,0,0,,,,0,,,,,,0,,,,,
gte_multilingual_base_768d,en_gloss_unihan,鹽,1,1,,0,0,0,,,,0,,,,,,0,,,,,
gte_multilingual_base_768d,en_gloss_unihan,鹿,7,7,0.1871640980243683,7,7,0,0.3347538730927876,0.3347538730927876,,7,0.1428571428571428,0.1428571428571428,0.1428571428571428,0.1506812603525536,119.0,7,0.0,0.0,0.0,0.0175928235610968,614.0
gte_multilingual_base_768d,en_gloss_unihan,麥,4,4,0.1236180886626243,4,0,0,0.1890148892998695,,,4,0.0,0.25,0.25,0.1256281537434349,1127.5,4,0.25,0.25,0.25,0.2512663352979823,536.5
gte_multilingual_base_768d,en_gloss_unihan,麻,1,1,,0,0,0,,,,0,,,,,,0,,,,,
gte_multilingual_base_768d,en_gloss_unihan,黍,2,2,0.4220635890960693,0,0,0,,,,0,,,,,,0,,,,,
gte_multilingual_base_768d,en_gloss_unihan,黑,17,17,0.0946654677391052,17,17,17,0.2465524055501994,0.2465524055501994,0.2465524055501994,17,0.0,0.0,0.0,0.0044835162931141,757.0,17,0.0,0.0,0.0,0.0054497769510946,436.0
gte_multilingual_base_768d,en_gloss_unihan,黹,2,2,0.2751508951187134,0,0,0,,,,0,,,,,,0,,,,,
gte_multilingual_base_768d,en_gloss_unihan,黽,1,1,,0,0,0,,,,0,,,,,,0,,,,,
gte_multilingual_base_768d,en_gloss_unihan,鼎,2,2,0.2552387714385986,0,0,0,,,,0,,,,,,0,,,,,
gte_multilingual_base_768d,en_gloss_unihan,鼓,4,4,0.341364711523056,4,0,0,0.4586201831698417,,,4,0.0,0.5,0.75,0.1762152777777778,6.5,4,0.0,0.0,0.0,0.0014857366331024,954.5
gte_multilingual_base_768d,en_gloss_unihan,鼠,5,5,0.1865716427564621,5,0,0,0.3025623500347137,,,5,0.0,0.0,0.2,0.0301143033328433,572.0,5,0.0,0.0,0.0,0.012205688058456,430.0
gte_multilingual_base_768d,en_gloss_unihan,鼻,2,2,0.1510872840881347,0,0,0,,,,0,,,,,,0,,,,,
gte_multilingual_base_768d,en_gloss_unihan,齒,16,15,0.1653851419687271,16,16,16,0.3492072487715632,0.3492072487715632,0.3492072487715632,16,0.0,0.0625,0.0625,0.0503145208214261,95.0,16,0.0,0.0,0.0,0.0071521311069702,661.0
gte_multilingual_base_768d,en_gloss_unihan,龍,1,1,,0,0,0,,,,0,,,,,,0,,,,,
gte_multilingual_base_768d,en_gloss_unihan,龠,2,2,0.2333366870880127,0,0,0,,,,0,,,,,,0,,,,,
gte_multilingual_base_768d,en_gloss_unihan,𠘨,1,1,,0,0,0,,,,0,,,,,,0,,,,,
gte_multilingual_base_768d,en_gloss_unihan,𠚕,1,1,,0,0,0,,,,0,,,,,,0,,,,,
gte_multilingual_base_768d,en_gloss_unihan,𠫓,1,1,,0,0,0,,,,0,,,,,,0,,,,,
gte_multilingual_base_768d,en_gloss_unihan,𡱕,1,1,,0,0,0,,,,0,,,,,,0,,,,,
gte_multilingual_base_768d,en_gloss_unihan,𢆶,1,1,,0,0,0,,,,0,,,,,,0,,,,,
gte_multilingual_base_768d,en_gloss_unihan,𣶒,1,1,,0,0,0,,,,0,,,,,,0,,,,,
gte_multilingual_base_768d,en_gloss_unihan,𤤴,3,3,0.3523223400115967,0,0,0,,,,0,,,,,,0,,,,,
gte_multilingual_base_768d,en_gloss_unihan,𦍌,1,1,,0,0,0,,,,0,,,,,,0,,,,,
gte_multilingual_base_768d,en_gloss_unihan,𧾷,65,64,0.0700036436319351,65,65,65,0.2407258492392989,0.2407258492392989,0.2407258492392989,65,0.0,0.0153846153846153,0.0153846153846153,0.0064739740793915,878.0,65,0.0,0.0,0.0307692307692307,0.0065378240106632,571.0
gte_multilingual_base_768d,zh_char,⺝,1,1,,0,0,0,,,,0,,,,,,0,,,,,
gte_multilingual_base_768d,zh_char,㐬,1,1,,0,0,0,,,,0,,,,,,0,,,,,
gte_multilingual_base_768d,zh_char,㐭,1,1,,0,0,0,,,,0,,,,,,0,,,,,
gte_multilingual_base_768d,zh_char,㐺,1,1,,0,0,0,,,,0,,,,,,0,,,,,
gte_multilingual_base_768d,zh_char,㔾,1,1,,0,0,0,,,,0,,,,,,0,,,,,
gte_multilingual_base_768d,zh_char,㗊,1,1,,0,0,0,,,,0,,,,,,0,,,,,
gte_multilingual_base_768d,zh_char,㝱,3,3,0.1851331442594528,0,0,0,,,,0,,,,,,0,,,,,
gte_multilingual_base_768d,zh_char,㣺,2,2,0.0038366317749023,0,0,0,,,,0,,,,,,0,,,,,
gte_multilingual_base_768d,zh_char,㫃,14,14,0.1951304823160171,14,14,14,0.3906023914127478,0.3906023914127478,0.3906023914127478,14,0.0,0.0,0.0,0.0004972251431629,1498.5,14,0.0,0.0,0.0,0.0047067793866751,479.5
gte_multilingual_base_768d,zh_char,㹜,1,1,,0,0,0,,,,0,,,,,,0,,,,,
gte_multilingual_base_768d,zh_char,㾜,1,1,,0,0,0,,,,0,,,,,,0,,,,,
gte_multilingual_base_768d,zh_char,䀠,1,1,,0,0,0,,,,0,,,,,,0,,,,,
gte_multilingual_base_768d,zh_char,䖵,5,5,-0.0727724432945251,5,0,0,-0.1454304635524749,,,5,0.0,0.0,0.0,0.0002032089424527,4314.0,5,0.0,0.0,0.0,0.0016624422546871,511.0
gte_multilingual_base_768d,zh_char,一,3,3,-0.0110827283933758,0,0,0,,,,0,,,,,,0,,,,,
gte_multilingual_base_768d,zh_char,丂,1,1,,0,0,0,,,,0,,,,,,0,,,,,
gte_multilingual_base_768d,zh_char,与,1,1,,0,0,0,,,,0,,,,,,0,,,,,
gte_multilingual_base_768d,zh_char,丠,1,1,,0,0,0,,,,0,,,,,,0,,,,,
gte_multilingual_base_768d,zh_char,丮,1,1,,0,0,0,,,,0,,,,,,0,,,,,
gte_multilingual_base_768d,zh_char,乑,1,1,,0,0,0,,,,0,,,,,,0,,,,,
gte_multilingual_base_768d,zh_char,乙,3,3,-0.0499796457588672,0,0,0,,,,0,,,,,,0,,,,,
gte_multilingual_base_768d,zh_char,二,2,2,-0.0921182632446289,0,0,0,,,,0,,,,,,0,,,,,
gte_multilingual_base_768d,zh_char,云,1,1,,0,0,0,,,,0,,,,,,0,,,,,
gte_multilingual_base_768d,zh_char,京,1,1,,0,0,0,,,,0,,,,,,0,,,,,
gte_multilingual_base_768d,zh_char,人,2,2,-0.0285178422927856,0,0,0,,,,0,,,,,,0,,,,,
gte_multilingual_base_768d,zh_char,亻,201,184,0.0344251468777656,201,201,201,0.170059538594637,0.170059538594637,0.170059538594637,201,0.0149253731343283,0.0547263681592039,0.0696517412935323,0.0309172476208536,5783.0,201,0.0497512437810945,0.0945273631840796,0.1144278606965174,0.0790296123242942,313.0
gte_multilingual_base_768d,zh_char,儿,2,2,0.1288862228393554,0,0,0,,,,0,,,,,,0,,,,,
gte_multilingual_base_768d,zh_char,光,1,1,,0,0,0,,,,0,,,,,,0,,,,,
gte_multilingual_base_768d,zh_char,兮,1,1,,0,0,0,,,,0,,,,,,0,,,,,
gte_multilingual_base_768d,zh_char,共,1,1,,0,0,0,,,,0,,,,,,0,,,,,
gte_multilingual_base_768d,zh_char,冂,1,1,,0,0,0,,,,0,,,,,,0,,,,,
gte_multilingual_base_768d,zh_char,冃,2,2,0.2757604122161865,0,0,0,,,,0,,,,,,0,,,,,
gte_multilingual_base_768d,zh_char,冖,2,2,-0.0583657026290893,0,0,0,,,,0,,,,,,0,,,,,
gte_multilingual_base_768d,zh_char,冥,1,1,,0,0,0,,,,0,,,,,,0,,,,,
gte_multilingual_base_768d,zh_char,冫,13,13,0.0588967613875865,13,13,13,0.1684863004260338,0.1684863004260338,0.1684863004260338,13,0.0,0.0,0.0,0.0008800961411773,5799.0,13,0.0,0.0,0.0,0.002709309541145,540.0
gte_multilingual_base_768d,zh_char,几,1,1,,0,0,0,,,,0,,,,,,0,,,,,
gte_multilingual_base_768d,zh_char,刀,3,3,0.1347130984067917,0,0,0,,,,0,,,,,,0,,,,,
gte_multilingual_base_768d,zh_char,刂,37,37,0.0366893410682678,37,37,37,0.1641565215824222,0.1641565215824222,0.1641565215824222,37,0.027027027027027,0.027027027027027,0.027027027027027,0.0306239512332121,910.0,37,0.027027027027027,0.027027027027027,0.054054054054054,0.0355209844500059,299.0
gte_multilingual_base_768d,zh_char,力,23,22,0.0159479286521673,23,23,23,0.0645755154445119,0.0645755154445119,0.0645755154445119,23,0.0,0.0,0.0434782608695652,0.0070119060555486,6490.0,23,0.0,0.0434782608695652,0.0434782608695652,0.0231328181977042,450.0
gte_multilingual_base_768d,zh_char,勹,3,3,0.0305938720703125,0,0,0,,,,0,,,,,,0,,,,,
gte_multilingual_base_768d,zh_char,匕,1,1,,0,0,0,,,,0,,,,,,0,,,,,
gte_multilingual_base_768d,zh_char,匚,8,8,0.0879021510481834,8,8,0,0.2097221664153039,0.2097221664153039,,8,0.0,0.0,0.0,0.0011333666243897,3071.0,8,0.0,0.0,0.0,0.0093866926775712,633.0
gte_multilingual_base_768d,zh_char,匸,2,2,0.0416648387908935,0,0,0,,,,0,,,,,,0,,,,,
gte_multilingual_base_768d,zh_char,十,3,3,0.22978575527668,0,0,0,,,,0,,,,,,0,,,,,
gte_multilingual_base_768d,zh_char,卂,1,1,,0,0,0,,,,0,,,,,,0,,,,,
gte_multilingual_base_768d,zh_char,午,1,1,,0,0,0,,,,0,,,,,,0,,,,,
gte_multilingual_base_768d,zh_char,半,1,1,,0,0,0,,,,0,,,,,,0,,,,,
gte_multilingual_base_768d,zh_char,卜,1,1,,0,0,0,,,,0,,,,,,0,,,,,
gte_multilingual_base_768d,zh_char,卩,2,2,0.0313804149627685,0,0,0,,,,0,,,,,,0,,,,,
gte_multilingual_base_768d,zh_char,卵,2,2,0.114467978477478,0,0,0,,,,0,,,,,,0,,,,,
gte_multilingual_base_768d,zh_char,厂,6,6,-0.0900096744298935,6,6,0,-0.0616720573355754,-0.0616720573355754,,6,0.0,0.0,0.0,0.0010046617059113,1514.0,6,0.0,0.1666666666666666,0.1666666666666666,0.0470359859788301,366.0
gte_multilingual_base_768d,zh_char,厶,1,1,,0,0,0,,,,0,,,,,,0,,,,,
gte_multilingual_base_768d,zh_char,去,1,1,,0,0,0,,,,0,,,,,,0,,,,,
gte_multilingual_base_768d,zh_char,又,2,2,-0.0774098634719848,0,0,0,,,,0,,,,,,0,,,,,
gte_multilingual_base_768d,zh_char,口,172,157,0.0537479631602764,172,172,172,0.2154888031289501,0.2154888031289501,0.2154888031289501,172,0.0116279069767441,0.0406976744186046,0.0406976744186046,0.0284854588026255,5768.0,172,0.0232558139534883,0.0523255813953488,0.0755813953488372,0.0453976990490157,408.0
gte_multilingual_base_768d,zh_char,可,1,1,,0,0,0,,,,0,,,,,,0,,,,,
gte_multilingual_base_768d,zh_char,吅,1,1,,0,0,0,,,,0,,,,,,0,,,,,
gte_multilingual_base_768d,zh_char,向,1,1,,0,0,0,,,,0,,,,,,0,,,,,
gte_multilingual_base_768d,zh_char,喜,1,1,,0,0,0,,,,0,,,,,,0,,,,,
gte_multilingual_base_768d,zh_char,囗,11,11,0.081281766295433,11,11,11,0.1961334237659519,0.1961334237659519,0.1961334237659519,11,0.0909090909090909,0.1818181818181818,0.2727272727272727,0.1564861179378986,269.0,11,0.0,0.0909090909090909,0.2727272727272727,0.0834530975365674,39.0
gte_multilingual_base_768d,zh_char,土,94,92,0.0486357361078262,94,94,94,0.2012926891565006,0.2012926891565006,0.2012926891565006,94,0.0319148936170212,0.0425531914893617,0.0638297872340425,0.0411135858198125,5742.0,94,0.0425531914893617,0.0638297872340425,0.0638297872340425,0.0584693574649874,421.5
gte_multilingual_base_768d,zh_char,士,1,1,,0,0,0,,,,0,,,,,,0,,,,,
gte_multilingual_base_768d,zh_char,壬,1,1,,0,0,0,,,,0,,,,,,0,,,,,
gte_multilingual_base_768d,zh_char,壴,1,1,,0,0,0,,,,0,,,,,,0,,,,,
gte_multilingual_base_768d,zh_char,夂,2,2,0.0033080577850341,0,0,0,,,,0,,,,,,0,,,,,
gte_multilingual_base_768d,zh_char,夊,1,1,,0,0,0,,,,0,,,,,,0,,,,,
gte_multilingual_base_768d,zh_char,夕,1,1,,0,0,0,,,,0,,,,,,0,,,,,
gte_multilingual_base_768d,zh_char,多,1,1,,0,0,0,,,,0,,,,,,0,,,,,
gte_multilingual_base_768d,zh_char,大,6,6,-0.0309155788272619,6,6,0,0.0065399007871747,0.0065399007871747,,6,0.0,0.0,0.0,0.0142129310323618,5507.5,6,0.0,0.1666666666666666,0.1666666666666666,0.0440843856252152,484.5
gte_multilingual_base_768d,zh_char,夨,1,1,,0,0,0,,,,0,,,,,,0,,,,,
gte_multilingual_base_768d,zh_char,夭,1,1,,0,0,0,,,,0,,,,,,0,,,,,
gte_multilingual_base_768d,zh_char,夰,1,1,,0,0,0,,,,0,,,,,,0,,,,,
gte_multilingual_base_768d,zh_char,夸,1,1,,0,0,0,,,,0,,,,,,0,,,,,
gte_multilingual_base_768d,zh_char,奢,1,1,,0,0,0,,,,0,,,,,,0,,,,,
gte_multilingual_base_768d,zh_char,女,121,116,0.0595660209655761,121,121,121,0.2294246717471598,0.2294246717471598,0.2294246717471598,121,0.0082644628099173,0.0082644628099173,0.0082644628099173,0.0094990127900538,5730.0,121,0.0082644628099173,0.0330578512396694,0.0578512396694214,0.0306012480628202,336.0
gte_multilingual_base_768d,zh_char,子,6,6,-0.0024730204604566,6,6,0,-0.0029735825955867,-0.0029735825955867,,6,0.0,0.0,0.0,0.0001850266252191,6796.5,6,0.0,0.0,0.0,0.0016483649536553,577.5
gte_multilingual_base_768d,zh_char,學,1,1,,0,0,0,,,,0,,,,,,0,,,,,
gte_multilingual_base_768d,zh_char,宀,28,28,0.0153897553682327,28,28,28,0.075319636579869,0.075319636579869,0.075319636579869,28,0.0,0.0,0.0,0.0039568660672648,5922.0,28,0.0357142857142857,0.0357142857142857,0.0357142857142857,0.0421402222126669,290.0
gte_multilingual_base_768d,zh_char,寸,2,2,-0.0316318273544311,0,0,0,,,,0,,,,,,0,,,,,
gte_multilingual_base_768d,zh_char,尢,2,2,0.2015352249145507,0,0,0,,,,0,,,,,,0,,,,,
gte_multilingual_base_768d,zh_char,尸,10,10,0.0552229769527912,10,10,10,0.1387645901180803,0.1387645901180803,0.1387645901180803,10,0.0,0.0,0.0,0.000218408556993,7154.0,10,0.0,0.0,0.0,0.0039186625681987,363.0
gte_multilingual_base_768d,zh_char,尺,1,1,,0,0,0,,,,0,,,,,,0,,,,,
gte_multilingual_base_768d,zh_char,履,3,3,0.4162743985652923,0,0,0,,,,0,,,,,,0,,,,,
gte_multilingual_base_768d,zh_char,山,55,54,0.0504318326711654,55,55,55,0.2017373415556821,0.2017373415556821,0.2017373415556821,55,0.0181818181818181,0.0363636363636363,0.0363636363636363,0.0292860377247837,5626.0,55,0.0363636363636363,0.0909090909090909,0.0909090909090909,0.0697764669436174,212.0
gte_multilingual_base_768d,zh_char,屾,1,1,,0,0,0,,,,0,,,,,,0,,,,,
gte_multilingual_base_768d,zh_char,工,1,1,,0,0,0,,,,0,,,,,,0,,,,,
gte_multilingual_base_768d,zh_char,巫,1,1,,0,0,0,,,,0,,,,,,0,,,,,
gte_multilingual_base_768d,zh_char,巾,35,34,0.0614266544580459,35,35,35,0.2197119997548205,0.2197119997548205,0.2197119997548205,35,0.0285714285714285,0.0285714285714285,0.0285714285714285,0.0290917539908381,5716.0,35,0.0285714285714285,0.0285714285714285,0.0285714285714285,0.0350743824235876,334.0
gte_multilingual_base_768d,zh_char,幺,1,1,,0,0,0,,,,0,,,,,,0,,,,,
gte_multilingual_base_768d,zh_char,广,42,42,0.0461495220661163,42,42,42,0.1840551877172575,0.1840551877172575,0.1840551877172575,42,0.0476190476190476,0.0476190476190476,0.0476190476190476,0.0484361653041255,5710.5,42,0.0476190476190476,0.0476190476190476,0.0476190476190476,0.0531200434883425,372.5
gte_multilingual_base_768d,zh_char,庚,1,1,,0,0,0,,,,0,,,,,,0,,,,,
gte_multilingual_base_768d,zh_char,廾,2,2,-0.1341534852981567,0,0,0,,,,0,,,,,,0,,,,,
gte_multilingual_base_768d,zh_char,弓,15,15,0.0233867466449737,15,15,15,0.1018890490134557,0.1018890490134557,0.1018890490134557,15,0.0,0.0,0.0,0.001512410860113,5978.0,15,0.0,0.0,0.0,0.0069840552341627,484.0
gte_multilingual_base_768d,zh_char,彡,7,7,-0.0360573343932628,7,7,0,-0.0914563412911125,-0.0914563412911125,,7,0.0,0.0,0.0,0.0077391716128095,7465.0,7,0.0,0.1428571428571428,0.1428571428571428,0.0370452022702979,999.0
gte_multilingual_base_768d,zh_char,彣,1,1,,0,0,0,,,,0,,,,,,0,,,,,
gte_multilingual_base_768d,zh_char,彳,19,19,0.0459394417703151,19,19,19,0.1480465608796006,0.1480465608796006,0.1480465608796006,19,0.0,0.0,0.0526315789473684,0.0109502331647857,6452.0,19,0.0526315789473684,0.0526315789473684,0.0526315789473684,0.0561989928470418,389.0
gte_multilingual_base_768d,zh_char,微,1,1,,0,0,0,,,,0,,,,,,0,,,,,
gte_multilingual_base_768d,zh_char,心,62,60,0.059448879212141,62,62,62,0.2197908475439274,0.2197908475439274,0.2197908475439274,62,0.0161290322580645,0.0161290322580645,0.0161290322580645,0.0169201918968956,5864.5,62,0.0161290322580645,0.0161290322580645,0.064516129032258,0.0270580415618302,573.5
gte_multilingual_base_768d,zh_char,忄,133,133,0.0636124238371849,133,133,133,0.2428146698862258,0.2428146698862258,0.2428146698862258,133,0.0,0.0075187969924812,0.0150375939849624,0.0047774416690003,5682.0,133,0.0075187969924812,0.0225563909774436,0.0601503759398496,0.0226056830386403,459.0
gte_multilingual_base_768d,zh_char,恣,1,1,,0,0,0,,,,0,,,,,,0,,,,,
gte_multilingual_base_768d,zh_char,戈,11,11,0.0393926277756691,11,11,11,0.1399812325835228,0.1399812325835228,0.1399812325835228,11,0.0,0.0,0.0,0.0019466509977419,6088.0,11,0.0,0.0,0.0,0.0060074147362151,478.0
gte_multilingual_base_768d,zh_char,戊,2,2,-0.1128830909729003,0,0,0,,,,0,,,,,,0,,,,,
gte_multilingual_base_768d,zh_char,戶,4,4,0.0787485465407371,4,0,0,0.1345837954431772,,,4,0.0,0.0,0.0,0.00046847295803,3760.5,4,0.0,0.0,0.0,0.0044717080510478,526.5
gte_multilingual_base_768d,zh_char,手,12,11,0.1167109757661819,12,12,12,0.2781164661670725,0.2781164661670725,0.2781164661670725,12,0.0,0.0,0.0,0.0004370073357274,3718.5,12,0.0,0.0,0.0833333333333333,0.0113416986490133,297.5
gte_multilingual_base_768d,zh_char,扌,217,203,0.0332950465381145,217,217,217,0.1680150872637187,0.1680150872637187,0.1680150872637187,217,0.0092165898617511,0.032258064516129,0.0506912442396313,0.0223917002728363,5852.0,217,0.0230414746543778,0.0506912442396313,0.0829493087557603,0.0424030975770412,381.0
gte_multilingual_base_768d,zh_char,支,1,1,,0,0,0,,,,0,,,,,,0,,,,,
gte_multilingual_base_768d,zh_char,攴,5,5,0.2801374793052673,5,0,0,0.4231298334896564,,,5,0.0,0.0,0.0,0.0005796120824949,1463.0,5,0.0,0.0,0.0,0.0022351728388399,550.0
gte_multilingual_base_768d,zh_char,攵,21,21,0.0372416377067565,21,21,21,0.1340703043997997,0.1340703043997997,0.1340703043997997,21,0.0,0.0,0.0,0.0019381774004381,5864.0,21,0.0,0.0,0.0,0.0129772399608729,232.0
gte_multilingual_base_768d,zh_char,敕,1,1,,0,0,0,,,,0,,,,,,0,,,,,
gte_multilingual_base_768d,zh_char,文,1,1,,0,0,0,,,,0,,,,,,0,,,,,
gte_multilingual_base_768d,zh_char,斗,7,7,-0.0256557911634445,7,7,0,-0.0047702307679823,-0.0047702307679823,,7,0.0,0.0,0.0,0.0019553865067993,2660.0,7,0.0,0.0,0.0,0.01394390039359,199.0
gte_multilingual_base_768d,zh_char,斤,5,5,0.064760111272335,5,0,0,0.1254840143024921,,,5,0.0,0.0,0.0,0.0029362364273681,5686.0,5,0.0,0.0,0.0,0.0061023459461361,376.0
gte_multilingual_base_768d,zh_char,日,67,64,0.0424911938607692,67,67,67,0.1791473438045872,0.1791473438045872,0.1791473438045872,67,0.0298507462686567,0.0895522388059701,0.0895522388059701,0.051884064344432,5637.0,67,0.0597014925373134,0.1194029850746268,0.1641791044776119,0.0931595363284428,308.0
gte_multilingual_base_768d,zh_char,旨,1,1,,0,0,0,,,,0,,,,,,0,,,,,
gte_multilingual_base_768d,zh_char,是,1,1,,0,0,0,,,,0,,,,,,0,,,,,
gte_multilingual_base_768d,zh_char,曰,1,1,,0,0,0,,,,0,,,,,,0,,,,,
gte_multilingual_base_768d,zh_char,月,9,9,0.04734468460083,9,9,9,0.1642500048296319,0.1642500048296319,0.1642500048296319,9,0.0,0.1111111111111111,0.1111111111111111,0.0558441032551761,3312.0,9,0.1111111111111111,0.1111111111111111,0.1111111111111111,0.1136014202846925,541.0
gte_multilingual_base_768d,zh_char,木,280,257,0.0827822089195251,280,280,280,0.2828818868629501,0.2828818868629501,0.2828818868629501,280,0.0035714285714285,0.0107142857142857,0.0107142857142857,0.0067355988784559,5601.5,280,0.0107142857142857,0.05,0.0642857142857142,0.0303326393451024,446.5
gte_multilingual_base_768d,zh_char,東,2,2,0.360863447189331,0,0,0,,,,0,,,,,,0,,,,,
gte_multilingual_base_768d,zh_char,林,6,6,-0.0188440326601266,6,6,0,-0.0216126864155133,-0.0216126864155133,,6,0.0,0.1666666666666666,0.1666666666666666,0.0836228300206938,2168.5,6,0.1666666666666666,0.1666666666666666,0.1666666666666666,0.1676851910044173,767.0
gte_multilingual_base_768d,zh_char,欠,30,29,0.0432307720184326,30,30,30,0.1805811546122034,0.1805811546122034,0.1805811546122034,30,0.0,0.0333333333333333,0.0333333333333333,0.011850666796261,1847.5,30,0.0,0.0,0.0333333333333333,0.0101926283321568,497.5
gte_multilingual_base_768d,zh_char,止,3,3,-0.1367868185043335,0,0,0,,,,0,,,,,,0,,,,,
gte_multilingual_base_768d,zh_char,步,1,1,,0,0,0,,,,0,,,,,,0,,,,,
gte_multilingual_base_768d,zh_char,歹,18,18,0.0690500065684318,18,18,18,0.2083576367133193,0.2083576367133193,0.2083576367133193,18,0.0,0.0,0.0,0.0003233444008794,4034.5,18,0.0,0.0,0.0,0.0035164029127633,619.5
gte_multilingual_base_768d,zh_char,死,1,1,,0,0,0,,,,0,,,,,,0,,,,,
gte_multilingual_base_768d,zh_char,殳,3,3,0.1817341595888137,0,0,0,,,,0,,,,,,0,,,,,
gte_multilingual_base_768d,zh_char,比,1,1,,0,0,0,,,,0,,,,,,0,,,,,
gte_multilingual_base_768d,zh_char,毛,10,10,0.0879699066281318,10,10,10,0.2135102814063429,0.2135102814063429,0.2135102814063429,10,0.0,0.0,0.0,0.0003295505417961,3838.0,10,0.0,0.0,0.0,0.0041873205155268,646.0
gte_multilingual_base_768d,zh_char,民,1,1,,0,0,0,,,,0,,,,,,0,,,,,
gte_multilingual_base_768d,zh_char,气,2,2,0.1448566913604736,0,0,0,,,,0,,,,,,0,,,,,
gte_multilingual_base_768d,zh_char,水,4,4,0.0509154014289379,4,0,0,0.0865941350348293,,,4,0.0,0.0,0.0,0.000158744803991,7900.5,4,0.0,0.0,0.0,0.0062313954673633,611.5
gte_multilingual_base_768d,zh_char,氵,354,308,0.0570254735648632,354,354,354,0.2219313546452187,0.2219313546452187,0.2219313546452187,354,0.0112994350282485,0.0141242937853107,0.0225988700564971,0.0146584178185924,5696.0,354,0.0254237288135593,0.0423728813559322,0.0649717514124293,0.0384820363793157,422.5
gte_multilingual_base_768d,zh_char,火,64,63,0.0585714355111122,64,64,64,0.218913329004863,0.218913329004863,0.218913329004863,64,0.0,0.0,0.015625,0.0039258371955329,5744.0,64,0.015625,0.03125,0.03125,0.0306023847170234,370.5
gte_multilingual_base_768d,zh_char,灬,3,3,-0.1234970912337303,0,0,0,,,,0,,,,,,0,,,,,
gte_multilingual_base_768d,zh_char,炎,1,1,,0,0,0,,,,0,,,,,,0,,,,,
gte_multilingual_base_768d,zh_char,爪,1,1,,0,0,0,,,,0,,,,,,0,,,,,
gte_multilingual_base_768d,zh_char,爭,1,1,,0,0,0,,,,0,,,,,,0,,,,,
gte_multilingual_base_768d,zh_char,父,1,1,,0,0,0,,,,0,,,,,,0,,,,,
gte_multilingual_base_768d,zh_char,爿,1,1,,0,0,0,,,,0,,,,,,0,,,,,
gte_multilingual_base_768d,zh_char,片,3,3,-0.1406900882720947,0,0,0,,,,0,,,,,,0,,,,,
gte_multilingual_base_768d,zh_char,牛,1,1,,0,0,0,,,,0,,,,,,0,,,,,
gte_multilingual_base_768d,zh_char,牜,18,18,0.0606472305953502,18,18,18,0.2089499283788932,0.2089499283788932,0.2089499283788932,18,0.0,0.0,0.0,0.0002982622271918,2379.0,18,0.0,0.0,0.0,0.0056227652773752,579.0
gte_multilingual_base_768d,zh_char,犬,6,6,-0.0219528041779994,6,6,0,-0.0393784406284491,-0.0393784406284491,,6,0.0,0.0,0.0,0.0006134196443477,6240.0,6,0.0,0.0,0.0,0.0155331372370601,481.0
gte_multilingual_base_768d,zh_char,犭,45,45,0.0590537041425704,45,45,45,0.2224238544288608,0.2224238544288608,0.2224238544288608,45,0.0,0.0,0.0,0.0009501035066139,5635.0,45,0.0,0.0444444444444444,0.0444444444444444,0.0251772873020806,246.0
gte_multilingual_base_768d,zh_char,玄,1,1,,0,0,0,,,,0,,,,,,0,,,,,
gte_multilingual_base_768d,zh_char,玉,3,3,0.0012745460262522,0,0,0,,,,0,,,,,,0,,,,,
gte_multilingual_base_768d,zh_char,王,82,80,0.0569446794688701,82,82,82,0.2222844946152735,0.2222844946152735,0.2222844946152735,82,0.0365853658536585,0.0609756097560975,0.0609756097560975,0.042625428599866,5609.5,82,0.0609756097560975,0.0853658536585365,0.1097560975609756,0.082290671907375,243.5
gte_multilingual_base_768d,zh_char,瓜,2,2,0.421614408493042,0,0,0,,,,0,,,,,,0,,,,,
gte_multilingual_base_768d,zh_char,瓦,13,13,0.2381839305162429,13,13,13,0.4541582419322087,0.4541582419322087,0.4541582419322087,13,0.0,0.0,0.0,0.0015870874118626,2463.0,13,0.0,0.0,0.0769230769230769,0.0130360854354369,287.0
gte_multilingual_base_768d,zh_char,田,13,13,0.0608498752117157,13,13,13,0.1670410110830114,0.1670410110830114,0.1670410110830114,13,0.0,0.0,0.0,0.0002442200432871,5663.0,13,0.0,0.0,0.0,0.0083331154641833,369.0
gte_multilingual_base_768d,zh_char,申,1,1,,0,0,0,,,,0,,,,,,0,,,,,
gte_multilingual_base_768d,zh_char,男,2,2,0.3152801990509033,0,0,0,,,,0,,,,,,0,,,,,
gte_multilingual_base_768d,zh_char,甾,1,1,,0,0,0,,,,0,,,,,,0,,,,,
gte_multilingual_base_768d,zh_char,畢,1,1,,0,0,0,,,,0,,,,,,0,,,,,
gte_multilingual_base_768d,zh_char,疒,76,72,0.1021924540400505,76,76,76,0.300386169569959,0.300386169569959,0.300386169569959,76,0.0131578947368421,0.0394736842105263,0.0526315789473684,0.0268210558708044,5694.0,76,0.0131578947368421,0.0789473684210526,0.0921052631578947,0.045718175701063,457.0
gte_multilingual_base_768d,zh_char,癶,1,1,,0,0,0,,,,0,,,,,,0,,,,,
gte_multilingual_base_768d,zh_char,白,7,7,0.0760213062167167,7,7,0,0.1608770524284669,0.1608770524284669,,7,0.0,0.0,0.0,0.009111905545838,6581.0,7,0.0,0.0,0.0,0.00832727935557,419.0
gte_multilingual_base_768d,zh_char,皮,4,4,0.0523528270423412,4,0,0,0.0910894069820642,,,4,0.0,0.0,0.0,0.0002102444488019,5913.0,4,0.0,0.0,0.0,0.0027239796703264,366.0
gte_multilingual_base_768d,zh_char,皿,15,15,0.0082177026197314,15,15,15,0.052333162476619,0.052333162476619,0.052333162476619,15,0.0,0.0,0.0,0.0016779918551998,5847.0,15,0.0,0.0,0.0666666666666666,0.0122198284799971,487.0
gte_multilingual_base_768d,zh_char,目,61,60,0.0701407939195633,61,61,61,0.2492392808198928,0.2492392808198928,0.2492392808198928,61,0.0163934426229508,0.0163934426229508,0.0163934426229508,0.0168107124617637,5611.0,61,0.0163934426229508,0.0491803278688524,0.0655737704918032,0.0377520993644023,381.0
gte_multilingual_base_768d,zh_char,盾,1,1,,0,0,0,,,,0,,,,,,0,,,,,
gte_multilingual_base_768d,zh_char,矛,1,1,,0,0,0,,,,0,,,,,,0,,,,,
gte_multilingual_base_768d,zh_char,矢,6,6,0.0605220161378383,6,6,0,0.1242902148514986,0.1242902148514986,,6,0.0,0.0,0.0,0.0002311210893882,6133.5,6,0.0,0.0,0.0,0.0013874899172951,776.0
gte_multilingual_base_768d,zh_char,石,61,58,0.0701551511883735,61,61,61,0.2442055994980647,0.2442055994980647,0.2442055994980647,61,0.0,0.0,0.0163934426229508,0.0033196124051215,5869.0,61,0.0163934426229508,0.0163934426229508,0.0327868852459016,0.0226137634499538,466.0
gte_multilingual_base_768d,zh_char,示,6,6,0.0884711593389511,6,6,0,0.1841471707448363,0.1841471707448363,,6,0.0,0.0,0.0,0.0002317942879087,5473.5,6,0.1666666666666666,0.1666666666666666,0.1666666666666666,0.1752119282614297,190.5
gte_multilingual_base_768d,zh_char,礻,41,41,0.054767869412899,41,41,41,0.2086868519872063,0.2086868519872063,0.2086868519872063,41,0.0,0.0,0.0,0.0002454019472084,5665.0,41,0.0,0.0,0.0,0.0064692233687283,535.0
gte_multilingual_base_768d,zh_char,禾,47,47,0.0841692611575126,47,47,47,0.2721018075863731,0.2721018075863731,0.2721018075863731,47,0.0,0.0,0.0,0.0004039067181539,2955.0,47,0.0,0.0,0.0212765957446808,0.0082752870134669,383.0
gte_multilingual_base_768d,zh_char,穴,30,29,0.0619456656277179,30,30,30,0.2033052531226227,0.2033052531226227,0.2033052531226227,30,0.0,0.0,0.0,0.0002297068492489,5827.0,30,0.0,0.0,0.0333333333333333,0.0079603523119673,364.0
gte_multilingual_base_768d,zh_char,立,7,7,-0.0536508560180664,7,7,0,-0.1379995122551918,-0.1379995122551918,,7,0.0,0.0,0.0,0.0015560850433644,4115.0,7,0.0,0.0,0.0,0.0087890340419227,732.0
gte_multilingual_base_768d,zh_char,竹,116,110,0.0781911686062812,116,116,116,0.2694475032581851,0.2694475032581851,0.2694475032581851,116,0.0,0.0,0.0,0.0004277606278325,5652.5,116,0.0086206896551724,0.0258620689655172,0.043103448275862,0.0225732298264968,517.5
gte_multilingual_base_768d,zh_char,箕,1,1,,0,0,0,,,,0,,,,,,0,,,,,
gte_multilingual_base_768d,zh_char,米,28,28,0.0829663574695587,28,28,28,0.2476322505889194,0.2476322505889194,0.2476322505889194,28,0.0357142857142857,0.0357142857142857,0.0357142857142857,0.0360089846389925,5738.0,28,0.0,0.0357142857142857,0.0357142857142857,0.0277992700332723,315.5
gte_multilingual_base_768d,zh_char,糸,178,171,0.0856976509094238,178,178,178,0.2807213701621702,0.2807213701621702,0.2807213701621702,178,0.0,0.0,0.0,0.0005345767743401,5705.5,178,0.0056179775280898,0.0112359550561797,0.0280898876404494,0.0139138486899155,557.0
gte_multilingual_base_768d,zh_char,縣,1,1,,0,0,0,,,,0,,,,,,0,,,,,
gte_multilingual_base_768d,zh_char,缶,4,4,-0.1028464064002037,4,0,0,-0.0219496227800846,,,4,0.0,0.0,0.0,0.0168236441880343,4521.5,4,0.0,0.0,0.25,0.0305431801343725,347.0
gte_multilingual_base_768d,zh_char,网,1,1,,0,0,0,,,,0,,,,,,0,,,,,
gte_multilingual_base_768d,zh_char,罒,5,5,0.1709309071302414,5,0,0,0.2865229249000549,,,5,0.0,0.0,0.0,0.0002575813378968,3163.0,5,0.0,0.0,0.0,0.000994562167204,1025.0
gte_multilingual_base_768d,zh_char,羊,10,10,-0.0038273599930107,10,10,10,0.1226643839851021,0.1226643839851021,0.1226643839851021,10,0.0,0.0,0.0,0.0009708083137598,3238.5,10,0.0,0.1,0.1,0.0346342481669557,386.0
gte_multilingual_base_768d,zh_char,羽,23,23,0.0863672792911529,23,23,23,0.2577980878236501,0.2577980878236501,0.2577980878236501,23,0.0,0.0,0.0,0.0005500327333946,5695.0,23,0.0,0.0,0.0,0.0078478854037005,368.0
gte_multilingual_base_768d,zh_char,習,1,1,,0,0,0,,,,0,,,,,,0,,,,,
gte_multilingual_base_768d,zh_char,老,3,3,0.1403573304414749,0,0,0,,,,0,,,,,,0,,,,,
gte_multilingual_base_768d,zh_char,耂,1,1,,0,0,0,,,,0,,,,,,0,,,,,
gte_multilingual_base_768d,zh_char,耒,7,7,0.0263197086751461,7,7,0,0.0624082547479442,0.0624082547479442,,7,0.0,0.0,0.0,0.0054547800822558,5603.0,7,0.0,0.0,0.1428571428571428,0.0248550496050162,609.0
gte_multilingual_base_768d,zh_char,耳,11,11,-0.0126161752268671,11,11,11,-0.0346465501934289,-0.0346465501934289,-0.0346465501934289,11,0.0,0.0,0.0,0.0002461085196878,7113.0,11,0.0,0.0,0.0,0.0017174200914775,770.0
gte_multilingual_base_768d,zh_char,肉,115,109,0.0649274736642837,115,115,115,0.2386872322258094,0.2386872322258094,0.2386872322258094,115,0.0,0.0,0.0,0.0011369416935942,5791.0,115,0.0,0.017391304347826,0.0260869565217391,0.0144167139429686,431.0
gte_multilingual_base_768d,zh_char,臣,1,1,,0,0,0,,,,0,,,,,,0,,,,,
gte_multilingual_base_768d,zh_char,臤,1,1,,0,0,0,,,,0,,,,,,0,,,,,
gte_multilingual_base_768d,zh_char,臥,1,1,,0,0,0,,,,0,,,,,,0,,,,,
gte_multilingual_base_768d,zh_char,自,1,1,,0,0,0,,,,0,,,,,,0,,,,,
gte_multilingual_base_768d,zh_char,至,2,2,0.0003886222839355,0,0,0,,,,0,,,,,,0,,,,,
gte_multilingual_base_768d,zh_char,舌,1,1,,0,0,0,,,,0,,,,,,0,,,,,
gte_multilingual_base_768d,zh_char,舛,1,1,,0,0,0,,,,0,,,,,,0,,,,,
gte_multilingual_base_768d,zh_char,舟,16,16,0.15659761428833,16,16,16,0.3423235518857837,0.3423235518857837,0.3423235518857837,16,0.0,0.0,0.0625,0.0064658081566177,4543.5,16,0.0,0.0625,0.0625,0.0252339551368539,499.5
gte_multilingual_base_768d,zh_char,色,1,1,,0,0,0,,,,0,,,,,,0,,,,,
gte_multilingual_base_768d,zh_char,艹,338,293,0.0958566442131996,338,338,338,0.2878539233245286,0.2878539233245286,0.2878539233245286,338,0.0207100591715976,0.0325443786982248,0.0325443786982248,0.0257414953461224,3769.0,338,0.0384615384615384,0.0621301775147929,0.0650887573964497,0.0528203129605805,435.5
gte_multilingual_base_768d,zh_char,蕇,1,1,,0,0,0,,,,0,,,,,,0,,,,,
gte_multilingual_base_768d,zh_char,虍,4,4,0.0666237249970436,4,0,0,0.1193479038774967,,,4,0.0,0.0,0.0,0.0001987869707409,5130.5,4,0.0,0.0,0.0,0.0029673689917708,527.0
gte_multilingual_base_768d,zh_char,虎,2,2,-0.4999999403953552,0,0,0,,,,0,,,,,,0,,,,,
gte_multilingual_base_768d,zh_char,虫,150,140,0.1523447781801223,150,150,150,0.3763471040750543,0.3763471040750543,0.3763471040750543,150,0.0,0.0,0.0,0.000421272205529,3930.0,150,0.0,0.0066666666666666,0.0266666666666666,0.0096841367429203,483.5
gte_multilingual_base_768d,zh_char,血,4,4,0.2356489449739456,4,0,0,0.3427833132445812,,,4,0.0,0.0,0.0,0.0002325298693264,3891.0,4,0.0,0.0,0.0,0.0140440201722734,324.5
gte_multilingual_base_768d,zh_char,行,7,7,0.07110196352005,7,7,0,0.1561854903453162,0.1561854903453162,,7,0.0,0.1428571428571428,0.1428571428571428,0.035874909898534,5681.0,7,0.0,0.1428571428571428,0.1428571428571428,0.0747399392407553,472.0
gte_multilingual_base_768d,zh_char,衣,21,21,0.0578602366149425,21,21,21,0.1877956577088861,0.1877956577088861,0.1877956577088861,21,0.0,0.0,0.0,0.0001904158114765,5627.0,21,0.0,0.0476190476190476,0.0952380952380952,0.0216261727409239,526.0
gte_multilingual_base_768d,zh_char,衤,72,71,0.1200074478983879,72,72,72,0.3364206512924284,0.3364206512924284,0.3364206512924284,72,0.0,0.0,0.0,0.000290995543192,4056.5,72,0.0,0.0277777777777777,0.0416666666666666,0.0143990084398486,599.5
gte_multilingual_base_768d,zh_char,襾,1,1,,0,0,0,,,,0,,,,,,0,,,,,
gte_multilingual_base_768d,zh_char,覀,1,1,,0,0,0,,,,0,,,,,,0,,,,,
gte_multilingual_base_768d,zh_char,見,12,12,0.0711661577224731,12,12,12,0.2141454345546662,0.2141454345546662,0.2141454345546662,12,0.0,0.0,0.0,0.0002089751477088,4081.0,12,0.0,0.0,0.0,0.0096483636328594,300.0
gte_multilingual_base_768d,zh_char,角,14,14,0.2079838365316391,14,14,14,0.4318467353337577,0.4318467353337577,0.4318467353337577,14,0.0,0.0,0.0,0.0005580542308649,4089.0,14,0.0,0.0714285714285714,0.0714285714285714,0.0198445726846673,652.0
gte_multilingual_base_768d,zh_char,言,167,156,0.073253259062767,167,167,167,0.2574810484580383,0.2574810484580383,0.2574810484580383,167,0.0119760479041916,0.0359281437125748,0.0359281437125748,0.0218014555523614,5758.0,167,0.0179640718562874,0.0359281437125748,0.0479041916167664,0.0331854080191286,417.0
gte_multilingual_base_768d,zh_char,谷,2,2,-0.0874972343444824,0,0,0,,,,0,,,,,,0,,,,,
gte_multilingual_base_768d,zh_char,豆,2,2,0.0887473821640014,0,0,0,,,,0,,,,,,0,,,,,
gte_multilingual_base_768d,zh_char,豕,8,8,0.3591708242893219,8,8,0,0.5370835140347481,0.5370835140347481,,8,0.0,0.0,0.0,0.0002243758865707,4254.0,8,0.0,0.0,0.0,0.0028067525862758,390.5
gte_multilingual_base_768d,zh_char,象,1,1,,0,0,0,,,,0,,,,,,0,,,,,
gte_multilingual_base_768d,zh_char,豸,15,15,0.1738768070936203,15,15,15,0.3836768686771393,0.3836768686771393,0.3836768686771393,15,0.0,0.0,0.0,0.0004702683087836,4334.0,15,0.0,0.0,0.0,0.0048377689833535,363.0
gte_multilingual_base_768d,zh_char,貝,44,42,0.0653036087751388,44,44,44,0.2227830949070101,0.2227830949070101,0.2227830949070101,44,0.0227272727272727,0.0227272727272727,0.0227272727272727,0.0255977798006021,6216.0,44,0.0227272727272727,0.0227272727272727,0.0227272727272727,0.0274370417078619,467.0
gte_multilingual_base_768d,zh_char,赤,3,3,0.2030386924743652,0,0,0,,,,0,,,,,,0,,,,,
gte_multilingual_base_768d,zh_char,走,20,20,0.0482609681785106,20,20,20,0.1927919285371899,0.1927919285371899,0.1927919285371899,20,0.0,0.0,0.0,0.0001942808862076,4315.5,20,0.0,0.0,0.0,0.0099715298107448,228.0
gte_multilingual_base_768d,zh_char,足,4,4,0.199390172958374,4,0,0,0.2970746606588363,,,4,0.0,0.0,0.0,0.0002054973126403,4972.0,4,0.0,0.0,0.0,0.0185689852125229,161.5
gte_multilingual_base_768d,zh_char,身,3,3,0.02117077447474,0,0,0,,,,0,,,,,,0,,,,,
gte_multilingual_base_768d,zh_char,車,61,61,0.1270272135734558,61,61,61,0.3440326210416731,0.3440326210416731,0.3440326210416731,61,0.0,0.0,0.0,0.0005370407558173,4505.0,61,0.0,0.0163934426229508,0.0327868852459016,0.0099958039350421,613.0
gte_multilingual_base_768d,zh_char,辛,2,2,0.0393903255462646,0,0,0,,,,0,,,,,,0,,,,,
gte_multilingual_base_768d,zh_char,辶,70,70,0.0192525163292884,70,70,70,0.111789798709963,0.111789798709963,0.111789798709963,70,0.0,0.0428571428571428,0.0571428571428571,0.021526739201562,5195.5,70,0.0285714285714285,0.0571428571428571,0.0571428571428571,0.0457497263265618,318.0
gte_multilingual_base_768d,zh_char,邑,2,2,0.1299507617950439,0,0,0,,,,0,,,,,,0,,,,,
gte_multilingual_base_768d,zh_char,酉,36,35,0.0672013089060783,36,36,36,0.2353060606918815,0.2353060606918815,0.2353060606918815,36,0.0,0.0,0.0,0.0005126411451177,5644.5,36,0.0,0.0,0.0,0.0092040673538873,605.0
gte_multilingual_base_768d,zh_char,釆,2,2,-0.0297263860702514,0,0,0,,,,0,,,,,,0,,,,,
gte_multilingual_base_768d,zh_char,里,1,1,,0,0,0,,,,0,,,,,,0,,,,,
gte_multilingual_base_768d,zh_char,金,2,2,0.4240564107894897,0,0,0,,,,0,,,,,,0,,,,,
gte_multilingual_base_768d,zh_char,釒,149,142,0.0791461020708084,149,149,149,0.270893406304187,0.270893406304187,0.270893406304187,149,0.0,0.0067114093959731,0.0134228187919463,0.0026582987403737,5835.0,149,0.0134228187919463,0.0201342281879194,0.0335570469798657,0.022002336432761,418.0
gte_multilingual_base_768d,zh_char,镸,1,1,,0,0,0,,,,0,,,,,,0,,,,,
gte_multilingual_base_768d,zh_char,門,35,35,0.1321856528520584,35,35,35,0.3414650488644838,0.3414650488644838,0.3414650488644838,35,0.0,0.0,0.0,0.0007394770229106,4852.0,35,0.0,0.0,0.0571428571428571,0.0097630658169492,531.0
gte_multilingual_base_768d,zh_char,阝,138,126,0.1094363406300544,138,138,138,0.3233266562236931,0.3233266562236931,0.3233266562236931,138,0.0,0.0072463768115942,0.0072463768115942,0.0038231443116105,4658.5,138,0.0072463768115942,0.0289855072463768,0.036231884057971,0.0211492897921989,461.0
gte_multilingual_base_768d,zh_char,隹,16,16,0.0827719867229461,16,16,16,0.2230491755763068,0.2230491755763068,0.2230491755763068,16,0.0625,0.0625,0.0625,0.0629112799932754,5661.5,16,0.0,0.0625,0.0625,0.0364116119715059,338.5
gte_multilingual_base_768d,zh_char,雈,1,1,,0,0,0,,,,0,,,,,,0,,,,,
gte_multilingual_base_768d,zh_char,雨,27,26,0.0769102796912193,27,27,27,0.2215369298226303,0.2215369298226303,0.2215369298226303,27,0.074074074074074,0.074074074074074,0.074074074074074,0.0745180899241701,5763.0,27,0.037037037037037,0.074074074074074,0.074074074074074,0.0625438311305297,401.0
gte_multilingual_base_768d,zh_char,雲,3,3,0.4256571233272552,0,0,0,,,,0,,,,,,0,,,,,
gte_multilingual_base_768d,zh_char,非,1,1,,0,0,0,,,,0,,,,,,0,,,,,
gte_multilingual_base_768d,zh_char,面,2,2,0.0023295879364013,0,0,0,,,,0,,,,,,0,,,,,
gte_multilingual_base_768d,zh_char,革,34,33,0.1165832728147506,34,34,34,0.3088507621603854,0.3088507621603854,0.3088507621603854,34,0.0,0.0,0.0,0.0001783282183552,4956.5,34,0.0294117647058823,0.0588235294117647,0.0588235294117647,0.0457557323304196,386.0
gte_multilingual_base_768d,zh_char,韋,9,9,0.0869179964065551,9,9,9,0.2788354427450233,0.2788354427450233,0.2788354427450233,9,0.0,0.0,0.0,0.0001844219607069,4977.0,9,0.0,0.0,0.0,0.0092898500118201,516.0
gte_multilingual_base_768d,zh_char,韮,1,1,,0,0,0,,,,0,,,,,,0,,,,,
gte_multilingual_base_768d,zh_char,音,4,4,-0.0528721399605274,4,0,0,0.0639506056904792,,,4,0.0,0.0,0.0,0.0006577342680136,3012.5,4,0.0,0.0,0.0,0.005591014170321,194.0
gte_multilingual_base_768d,zh_char,頁,46,46,0.0624586530029773,46,46,46,0.2212891462866379,0.2212891462866379,0.2212891462866379,46,0.0,0.0,0.0,0.0003577243985188,5909.0,46,0.0,0.0217391304347826,0.0434782608695652,0.0124396546403393,446.5
gte_multilingual_base_768d,zh_char,風,9,9,0.0054263672791421,9,9,9,0.0745630549887816,0.0745630549887816,0.0745630549887816,9,0.0,0.0,0.0,0.003396477439876,6664.0,9,0.0,0.0,0.1111111111111111,0.0137040837995702,611.0
gte_multilingual_base_768d,zh_char,食,6,6,0.001583162928,6,6,0,0.0164836222926775,0.0164836222926775,,6,0.0,0.0,0.0,0.0001558087717606,6430.5,6,0.0,0.0,0.0,0.0025854731010702,681.5
gte_multilingual_base_768d,zh_char,飠,39,39,0.0906958729028701,39,39,39,0.2762624552855507,0.2762624552855507,0.2762624552855507,39,0.0,0.0,0.0,0.0001731226810249,5603.0,39,0.0,0.0512820512820512,0.0769230769230769,0.026493640048518,421.0
gte_multilingual_base_768d,zh_char,首,2,2,0.174126386642456,0,0,0,,,,0,,,,,,0,,,,,
gte_multilingual_base_768d,zh_char,香,1,1,,0,0,0,,,,0,,,,,,0,,,,,
gte_multilingual_base_768d,zh_char,馬,66,66,0.1077313050627708,66,66,66,0.3167043704200875,0.3167043704200875,0.3167043704200875,66,0.0,0.0,0.0,0.0016914724497213,5140.5,66,0.0,0.0,0.0,0.006966118407579,525.0
gte_multilingual_base_768d,zh_char,骨,14,14,0.1174269244074821,14,14,14,0.2877082359045744,0.2877082359045744,0.2877082359045744,14,0.0,0.0,0.0,0.0001755130884896,5428.5,14,0.0,0.0,0.0,0.0057697551791069,387.0
gte_multilingual_base_768d,zh_char,高,1,1,,0,0,0,,,,0,,,,,,0,,,,,
gte_multilingual_base_768d,zh_char,髟,20,20,0.1768289655447006,20,20,20,0.3877306137699634,0.3877306137699634,0.3877306137699634,20,0.0,0.0,0.0,0.0007889689360255,5203.0,20,0.05,0.05,0.05,0.0526799237171633,688.0
gte_multilingual_base_768d,zh_char,鬥,3,3,-0.0412538461387157,0,0,0,,,,0,,,,,,0,,,,,
gte_multilingual_base_768d,zh_char,鬼,12,12,0.0738696008920669,12,12,12,0.2104257922619581,0.2104257922619581,0.2104257922619581,12,0.0,0.0,0.0,0.0001757318628433,5646.5,12,0.0,0.0,0.0,0.0070973218556081,233.5
gte_multilingual_base_768d,zh_char,魚,60,59,0.2676391899585724,60,60,60,0.5024388808757067,0.5024388808757067,0.5024388808757067,60,0.0,0.0,0.0,0.0003131641117103,5263.0,60,0.0,0.0,0.0,0.0043404458858822,516.5
gte_multilingual_base_768d,zh_char,鳥,71,68,0.1400178968906402,71,71,71,0.3556432320513356,0.3556432320513356,0.3556432320513356,71,0.0,0.0,0.0,0.000293926555021,5424.0,71,0.0,0.028169014084507,0.028169014084507,0.0161813820468105,490.0
gte_multilingual_base_768d,zh_char,鹵,3,3,0.1301391571760177,0,0,0,,,,0,,,,,,0,,,,,
gte_multilingual_base_768d,zh_char,鹽,1,1,,0,0,0,,,,0,,,,,,0,,,,,
gte_multilingual_base_768d,zh_char,鹿,11,11,0.2717097997665405,11,11,11,0.4677953503348611,0.4677953503348611,0.4677953503348611,11,0.0,0.0,0.0,0.000176254025101,5488.0,11,0.0,0.0,0.0,0.0015809029935988,751.0
gte_multilingual_base_768d,zh_char,麥,5,5,0.033075712621212,5,0,0,0.1026242703199386,,,5,0.0,0.0,0.0,0.0001599617503583,5689.0,5,0.0,0.0,0.0,0.0013589844388238,885.0
gte_multilingual_base_768d,zh_char,麻,2,2,0.0643198490142822,0,0,0,,,,0,,,,,,0,,,,,
gte_multilingual_base_768d,zh_char,黍,2,2,0.0536922216415405,0,0,0,,,,0,,,,,,0,,,,,
gte_multilingual_base_768d,zh_char,黑,19,19,0.1103740036487579,19,19,19,0.2997707952010004,0.2997707952010004,0.2997707952010004,19,0.0,0.0,0.0,0.0002986458433074,5519.0,19,0.0,0.0526315789473684,0.0526315789473684,0.0345788223397841,503.0
gte_multilingual_base_768d,zh_char,黹,3,3,0.010998566634953,0,0,0,,,,0,,,,,,0,,,,,
gte_multilingual_base_768d,zh_char,黽,1,1,,0,0,0,,,,0,,,,,,0,,,,,
gte_multilingual_base_768d,zh_char,鼎,2,2,0.5197118520736694,0,0,0,,,,0,,,,,,0,,,,,
gte_multilingual_base_768d,zh_char,鼓,4,4,0.4396218359470367,4,0,0,0.5558675676584244,,,4,0.0,0.0,0.0,0.0022226626632249,2881.0,4,0.0,0.0,0.0,0.0017294168186077,562.5
gte_multilingual_base_768d,zh_char,鼠,9,9,0.2752085924148559,9,9,9,0.4860811995135413,0.4860811995135413,0.4860811995135413,9,0.0,0.0,0.0,0.0001822649734595,5533.0,9,0.0,0.0,0.0,0.0026610819417008,460.0
gte_multilingual_base_768d,zh_char,鼻,3,3,-0.1231749057769775,0,0,0,,,,0,,,,,,0,,,,,
gte_multilingual_base_768d,zh_char,齒,22,21,0.3489811420440674,22,22,22,0.5667150277983058,0.5667150277983058,0.5667150277983058,22,0.0,0.0,0.0,0.0033763374253738,5450.0,22,0.0,0.0,0.0,0.00219384609567,598.0
gte_multilingual_base_768d,zh_char,龍,1,1,,0,0,0,,,,0,,,,,,0,,,,,
gte_multilingual_base_768d,zh_char,龠,2,2,0.0489870309829711,0,0,0,,,,0,,,,,,0,,,,,
gte_multilingual_base_768d,zh_char,𠘨,1,1,,0,0,0,,,,0,,,,,,0,,,,,
gte_multilingual_base_768d,zh_char,𠚕,1,1,,0,0,0,,,,0,,,,,,0,,,,,
gte_multilingual_base_768d,zh_char,𠩺,1,1,,0,0,0,,,,0,,,,,,0,,,,,
gte_multilingual_base_768d,zh_char,𠫓,1,1,,0,0,0,,,,0,,,,,,0,,,,,
gte_multilingual_base_768d,zh_char,𡱕,1,1,,0,0,0,,,,0,,,,,,0,,,,,
gte_multilingual_base_768d,zh_char,𢆶,1,1,,0,0,0,,,,0,,,,,,0,,,,,
gte_multilingual_base_768d,zh_char,𣶒,1,1,,0,0,0,,,,0,,,,,,0,,,,,
gte_multilingual_base_768d,zh_char,𤤴,3,3,0.1689817905426025,0,0,0,,,,0,,,,,,0,,,,,
gte_multilingual_base_768d,zh_char,𥄎,1,1,,0,0,0,,,,0,,,,,,0,,,,,
gte_multilingual_base_768d,zh_char,𦍌,1,1,,0,0,0,,,,0,,,,,,0,,,,,
gte_multilingual_base_768d,zh_char,𧾷,70,69,0.0956848189234733,70,70,70,0.2924475141135709,0.2924475141135709,0.2924475141135709,70,0.0,0.0,0.0285714285714285,0.0046799150593618,5616.5,70,0.0285714285714285,0.0285714285714285,0.0428571428571428,0.0340658902053452,415.0
qwen3_0.6b_1024d,cn_def,㐬,1,1,,0,0,0,,,,0,,,,,,0,,,,,
qwen3_0.6b_1024d,cn_def,㔾,1,1,,0,0,0,,,,0,,,,,,0,,,,,
qwen3_0.6b_1024d,cn_def,㝱,2,2,0.1741037368774414,0,0,0,,,,0,,,,,,0,,,,,
qwen3_0.6b_1024d,cn_def,㣺,2,2,-0.0806667804718017,0,0,0,,,,0,,,,,,0,,,,,
qwen3_0.6b_1024d,cn_def,㫃,7,7,0.1311594694852829,7,7,0,0.2516195912446294,0.2516195912446294,,7,0.0,0.1428571428571428,0.1428571428571428,0.0509983803880648,252.0,7,0.0,0.0,0.0,0.0061909902591425,199.0
qwen3_0.6b_1024d,cn_def,㹜,1,1,,0,0,0,,,,0,,,,,,0,,,,,
qwen3_0.6b_1024d,cn_def,㾜,1,1,,0,0,0,,,,0,,,,,,0,,,,,
qwen3_0.6b_1024d,cn_def,䀠,1,1,,0,0,0,,,,0,,,,,,0,,,,,
qwen3_0.6b_1024d,cn_def,䖵,3,3,0.0817585811018943,0,0,0,,,,0,,,,,,0,,,,,
qwen3_0.6b_1024d,cn_def,一,3,3,-0.0020837385673075,0,0,0,,,,0,,,,,,0,,,,,
qwen3_0.6b_1024d,cn_def,乑,1,1,,0,0,0,,,,0,,,,,,0,,,,,
qwen3_0.6b_1024d,cn_def,乙,3,3,-0.0661611557006836,0,0,0,,,,0,,,,,,0,,,,,
qwen3_0.6b_1024d,cn_def,二,2,2,-0.0400323867797851,0,0,0,,,,0,,,,,,0,,,,,
qwen3_0.6b_1024d,cn_def,京,1,1,,0,0,0,,,,0,,,,,,0,,,,,
qwen3_0.6b_1024d,cn_def,人,1,1,,0,0,0,,,,0,,,,,,0,,,,,
qwen3_0.6b_1024d,cn_def,亻,138,127,0.0051645888015627,138,138,138,0.0452543915539602,0.0452543915539602,0.0452543915539602,138,0.0144927536231884,0.0434782608695652,0.0434782608695652,0.0298660571005258,2212.0,138,0.0217391304347826,0.036231884057971,0.0579710144927536,0.0381881085031947,473.0
qwen3_0.6b_1024d,cn_def,儿,2,2,0.0505015850067138,0,0,0,,,,0,,,,,,0,,,,,
qwen3_0.6b_1024d,cn_def,光,1,1,,0,0,0,,,,0,,,,,,0,,,,,
qwen3_0.6b_1024d,cn_def,兮,1,1,,0,0,0,,,,0,,,,,,0,,,,,
qwen3_0.6b_1024d,cn_def,共,1,1,,0,0,0,,,,0,,,,,,0,,,,,
qwen3_0.6b_1024d,cn_def,冂,1,1,,0,0,0,,,,0,,,,,,0,,,,,
qwen3_0.6b_1024d,cn_def,冃,2,2,0.2574506998062134,0,0,0,,,,0,,,,,,0,,,,,
qwen3_0.6b_1024d,cn_def,冖,2,2,-0.0780208110809326,0,0,0,,,,0,,,,,,0,,,,,
qwen3_0.6b_1024d,cn_def,冫,6,6,0.1324238181114196,6,6,0,0.244225911796093,0.244225911796093,,6,0.0,0.0,0.0,0.0056669456540978,692.5,6,0.0,0.0,0.0,0.0022742416952045,478.5
qwen3_0.6b_1024d,cn_def,几,1,1,,0,0,0,,,,0,,,,,,0,,,,,
qwen3_0.6b_1024d,cn_def,刀,3,3,0.2279896736145019,0,0,0,,,,0,,,,,,0,,,,,
qwen3_0.6b_1024d,cn_def,刂,20,20,0.0899162366986274,20,20,20,0.2482183057814836,0.2482183057814836,0.2482183057814836,20,0.0,0.05,0.05,0.015917189708694,300.0,20,0.0,0.0,0.05,0.0098075768801787,387.5
qwen3_0.6b_1024d,cn_def,力,16,16,0.0369300507009029,16,16,16,0.1186794945970177,0.1186794945970177,0.1186794945970177,16,0.0,0.0,0.0,0.006417132973995,614.0,16,0.0,0.0,0.0625,0.0132030162938228,537.0
qwen3_0.6b_1024d,cn_def,勹,3,3,0.019600311294198,0,0,0,,,,0,,,,,,0,,,,,
qwen3_0.6b_1024d,cn_def,匕,1,1,,0,0,0,,,,0,,,,,,0,,,,,
qwen3_0.6b_1024d,cn_def,匚,5,5,0.0604927316308021,5,0,0,0.1139231592416763,,,5,0.0,0.0,0.0,0.0016107102879235,847.0,5,0.0,0.0,0.0,0.0034987613238219,619.0
qwen3_0.6b_1024d,cn_def,匸,2,2,-0.0237671732902526,0,0,0,,,,0,,,,,,0,,,,,
qwen3_0.6b_1024d,cn_def,十,1,1,,0,0,0,,,,0,,,,,,0,,,,,
qwen3_0.6b_1024d,cn_def,卂,1,1,,0,0,0,,,,0,,,,,,0,,,,,
qwen3_0.6b_1024d,cn_def,半,1,1,,0,0,0,,,,0,,,,,,0,,,,,
qwen3_0.6b_1024d,cn_def,卜,1,1,,0,0,0,,,,0,,,,,,0,,,,,
qwen3_0.6b_1024d,cn_def,卩,2,2,0.0371387004852294,0,0,0,,,,0,,,,,,0,,,,,
qwen3_0.6b_1024d,cn_def,卵,1,1,,0,0,0,,,,0,,,,,,0,,,,,
qwen3_0.6b_1024d,cn_def,厂,1,1,,0,0,0,,,,0,,,,,,0,,,,,
qwen3_0.6b_1024d,cn_def,厶,1,1,,0,0,0,,,,0,,,,,,0,,,,,
qwen3_0.6b_1024d,cn_def,又,2,2,-0.0238304138183593,0,0,0,,,,0,,,,,,0,,,,,
qwen3_0.6b_1024d,cn_def,口,122,114,0.0702440813183784,122,122,122,0.2442675462435381,0.2442675462435381,0.2442675462435381,122,0.0,0.0163934426229508,0.0163934426229508,0.0077019391184225,1077.5,122,0.0163934426229508,0.0245901639344262,0.040983606557377,0.02744548453459,531.5
qwen3_0.6b_1024d,cn_def,向,1,1,,0,0,0,,,,0,,,,,,0,,,,,
qwen3_0.6b_1024d,cn_def,喜,1,1,,0,0,0,,,,0,,,,,,0,,,,,
qwen3_0.6b_1024d,cn_def,囗,10,10,0.0522271990776062,10,10,10,0.1380344830453395,0.1380344830453395,0.1380344830453395,10,0.0,0.0,0.0,0.0012049248270151,1123.0,10,0.0,0.0,0.0,0.0020400174328141,648.5
qwen3_0.6b_1024d,cn_def,土,66,66,0.0469013340771198,66,66,66,0.1913874911313707,0.1913874911313707,0.1913874911313707,66,0.0,0.0303030303030303,0.0303030303030303,0.0097475817166391,600.5,66,0.0303030303030303,0.0303030303030303,0.0606060606060606,0.0409359772988302,355.0
qwen3_0.6b_1024d,cn_def,壬,1,1,,0,0,0,,,,0,,,,,,0,,,,,
qwen3_0.6b_1024d,cn_def,壴,1,1,,0,0,0,,,,0,,,,,,0,,,,,
qwen3_0.6b_1024d,cn_def,夂,1,1,,0,0,0,,,,0,,,,,,0,,,,,
qwen3_0.6b_1024d,cn_def,夕,1,1,,0,0,0,,,,0,,,,,,0,,,,,
qwen3_0.6b_1024d,cn_def,多,1,1,,0,0,0,,,,0,,,,,,0,,,,,
qwen3_0.6b_1024d,cn_def,大,4,4,-0.0043080053292214,4,0,0,0.007410897873342,,,4,0.0,0.0,0.0,0.0030141425629898,1424.5,4,0.0,0.0,0.0,0.0096955580651232,117.5
qwen3_0.6b_1024d,cn_def,夭,1,1,,0,0,0,,,,0,,,,,,0,,,,,
qwen3_0.6b_1024d,cn_def,夸,1,1,,0,0,0,,,,0,,,,,,0,,,,,
qwen3_0.6b_1024d,cn_def,女,69,69,0.0446493253111839,69,69,69,0.1860782515689514,0.1860782515689514,0.1860782515689514,69,0.0,0.0144927536231884,0.0144927536231884,0.0063324920330019,1504.0,69,0.0,0.0,0.0289855072463768,0.0094374783672453,479.0
qwen3_0.6b_1024d,cn_def,子,6,6,0.0914498642086982,6,6,0,0.1904102172702551,0.1904102172702551,,6,0.0,0.0,0.0,0.0115228055756277,228.0,6,0.0,0.0,0.0,0.0012448166860009,918.0
qwen3_0.6b_1024d,cn_def,學,1,1,,0,0,0,,,,0,,,,,,0,,,,,
qwen3_0.6b_1024d,cn_def,宀,20,20,0.0295812711119651,20,20,20,0.1051570917479693,0.1051570917479693,0.1051570917479693,20,0.0,0.0,0.0,0.0017066157214558,1859.5,20,0.0,0.0,0.0,0.0048075131482736,621.5
qwen3_0.6b_1024d,cn_def,寸,1,1,,0,0,0,,,,0,,,,,,0,,,,,
qwen3_0.6b_1024d,cn_def,尢,1,1,,0,0,0,,,,0,,,,,,0,,,,,
qwen3_0.6b_1024d,cn_def,尸,7,7,0.0077325729653239,7,7,0,0.0255560877599886,0.0255560877599886,,7,0.0,0.0,0.0,0.0002925711332414,3916.0,7,0.0,0.0,0.0,0.002777936760365,543.0
qwen3_0.6b_1024d,cn_def,尺,1,1,,0,0,0,,,,0,,,,,,0,,,,,
qwen3_0.6b_1024d,cn_def,履,2,2,0.234257698059082,0,0,0,,,,0,,,,,,0,,,,,
qwen3_0.6b_1024d,cn_def,山,38,38,0.085928775370121,38,38,38,0.2606383145688788,0.2606383145688788,0.2606383145688788,38,0.0,0.0,0.0526315789473684,0.0160507156425921,263.0,38,0.0263157894736842,0.0263157894736842,0.0789473684210526,0.0394694299741937,346.5
qwen3_0.6b_1024d,cn_def,工,1,1,,0,0,0,,,,0,,,,,,0,,,,,
qwen3_0.6b_1024d,cn_def,巾,22,22,0.0985457673668861,22,22,22,0.2682645214213566,0.2682645214213566,0.2682645214213566,22,0.0,0.0,0.0454545454545454,0.010884551770987,456.0,22,0.0,0.0,0.0,0.0070331191674779,528.5
qwen3_0.6b_1024d,cn_def,幺,1,1,,0,0,0,,,,0,,,,,,0,,,,,
qwen3_0.6b_1024d,cn_def,广,25,25,0.0394296012818813,25,25,25,0.1419164690002799,0.1419164690002799,0.1419164690002799,25,0.0,0.0,0.0,0.0031570396551458,698.0,25,0.0,0.0,0.0,0.0056539880613232,389.0
qwen3_0.6b_1024d,cn_def,庚,1,1,,0,0,0,,,,0,,,,,,0,,,,,
qwen3_0.6b_1024d,cn_def,廾,1,1,,0,0,0,,,,0,,,,,,0,,,,,
qwen3_0.6b_1024d,cn_def,弓,9,9,0.0554237104952335,9,9,9,0.1354629194570912,0.1354629194570912,0.1354629194570912,9,0.0,0.0,0.0,0.0010873860629105,1600.0,9,0.0,0.0,0.0,0.0032669151022571,741.0
qwen3_0.6b_1024d,cn_def,彡,6,6,0.0467249378561973,6,6,0,0.109504472464323,0.109504472464323,,6,0.0,0.0,0.0,0.002265839160945,639.5,6,0.0,0.0,0.0,0.0123504487860694,235.5
qwen3_0.6b_1024d,cn_def,彳,14,14,0.0470581464469432,14,14,14,0.1407115230602877,0.1407115230602877,0.1407115230602877,14,0.0,0.0714285714285714,0.0714285714285714,0.028713959549086,380.5,14,0.0,0.0714285714285714,0.0714285714285714,0.0349710196280527,318.5
qwen3_0.6b_1024d,cn_def,微,1,1,,0,0,0,,,,0,,,,,,0,,,,,
qwen3_0.6b_1024d,cn_def,心,46,44,0.0569296218454837,46,46,46,0.200575546928398,0.200575546928398,0.200575546928398,46,0.0434782608695652,0.0434782608695652,0.0434782608695652,0.0457296062626098,989.0,46,0.0434782608695652,0.0434782608695652,0.0434782608695652,0.0490197613233023,430.5
qwen3_0.6b_1024d,cn_def,忄,80,80,0.0800587907433509,80,80,80,0.2662238311488181,0.2662238311488181,0.2662238311488181,80,0.0,0.0125,0.0125,0.007655694284275,750.5,80,0.0,0.0375,0.05,0.0168948986799922,526.5
qwen3_0.6b_1024d,cn_def,恣,1,1,,0,0,0,,,,0,,,,,,0,,,,,
qwen3_0.6b_1024d,cn_def,戈,6,6,0.0768987312912941,6,6,0,0.1516341033081213,0.1516341033081213,,6,0.0,0.0,0.0,0.0024370130248507,409.5,6,0.0,0.0,0.0,0.0029953790884513,468.0
qwen3_0.6b_1024d,cn_def,戊,2,2,-0.2740605473518371,0,0,0,,,,0,,,,,,0,,,,,
qwen3_0.6b_1024d,cn_def,戶,2,2,0.0922791957855224,0,0,0,,,,0,,,,,,0,,,,,
qwen3_0.6b_1024d,cn_def,手,7,7,0.0748211964964866,7,7,0,0.1575911130223955,0.1575911130223955,,7,0.0,0.0,0.0,0.0036101520822266,532.0,7,0.0,0.0,0.0,0.0092380751737839,80.0
qwen3_0.6b_1024d,cn_def,扌,145,139,0.056209497153759,145,145,145,0.2218174996689476,0.2218174996689476,0.2218174996689476,145,0.0068965517241379,0.0137931034482758,0.0137931034482758,0.0132375928591922,875.0,145,0.0137931034482758,0.0137931034482758,0.0206896551724137,0.0208879158421174,426.0
qwen3_0.6b_1024d,cn_def,攴,1,1,,0,0,0,,,,0,,,,,,0,,,,,
qwen3_0.6b_1024d,cn_def,攵,14,14,0.0389394126832485,14,14,14,0.1226419646825109,0.1226419646825109,0.1226419646825109,14,0.0,0.0,0.0,0.0023654573562863,1127.5,14,0.0,0.0,0.0,0.0055562081252505,605.0
qwen3_0.6b_1024d,cn_def,敕,1,1,,0,0,0,,,,0,,,,,,0,,,,,
qwen3_0.6b_1024d,cn_def,文,1,1,,0,0,0,,,,0,,,,,,0,,,,,
qwen3_0.6b_1024d,cn_def,斗,5,5,0.0294660571962595,5,0,0,0.0595073252916336,,,5,0.0,0.0,0.0,0.0007702892896782,1318.0,5,0.0,0.0,0.0,0.0072630724021352,290.0
qwen3_0.6b_1024d,cn_def,斤,4,4,0.0513450317084789,4,0,0,0.0958748620469123,,,4,0.0,0.0,0.0,0.0030421276024333,673.0,4,0.0,0.0,0.0,0.0100503709098706,417.5
qwen3_0.6b_1024d,cn_def,日,45,43,0.0650518164038658,45,45,45,0.2239920066048701,0.2239920066048701,0.2239920066048701,45,0.0,0.0444444444444444,0.0444444444444444,0.0229360067983575,306.0,45,0.0444444444444444,0.0888888888888888,0.0888888888888888,0.0720392395524369,463.0
qwen3_0.6b_1024d,cn_def,旨,1,1,,0,0,0,,,,0,,,,,,0,,,,,
qwen3_0.6b_1024d,cn_def,是,1,1,,0,0,0,,,,0,,,,,,0,,,,,
qwen3_0.6b_1024d,cn_def,曰,1,1,,0,0,0,,,,0,,,,,,0,,,,,
qwen3_0.6b_1024d,cn_def,月,4,4,0.1547135114669799,4,0,0,0.2391402348875999,,,4,0.0,0.0,0.0,0.0160193682736252,59.0,4,0.0,0.0,0.0,0.0030320147070661,391.0
qwen3_0.6b_1024d,cn_def,木,146,140,0.0831990763545036,146,146,146,0.275052517697164,0.275052517697164,0.275052517697164,146,0.0,0.0273972602739726,0.0273972602739726,0.0086146141933273,959.5,146,0.0,0.0273972602739726,0.0273972602739726,0.0145232474653665,484.0
qwen3_0.6b_1024d,cn_def,林,4,4,-0.0352730341255664,4,0,0,-0.0588010502979159,,,4,0.0,0.0,0.0,0.0028755459201254,3572.0,4,0.0,0.0,0.0,0.0018410985472311,718.0
qwen3_0.6b_1024d,cn_def,欠,14,14,0.012868482619524,14,14,14,0.0533783083914646,0.0533783083914646,0.0533783083914646,14,0.0,0.0,0.0714285714285714,0.0109322107004715,1989.0,14,0.0714285714285714,0.0714285714285714,0.0714285714285714,0.0773655740389786,329.0
qwen3_0.6b_1024d,cn_def,止,1,1,,0,0,0,,,,0,,,,,,0,,,,,
qwen3_0.6b_1024d,cn_def,步,1,1,,0,0,0,,,,0,,,,,,0,,,,,
qwen3_0.6b_1024d,cn_def,歹,11,11,0.0829651579260826,11,11,11,0.2095842388543215,0.2095842388543215,0.2095842388543215,11,0.0,0.0,0.0,0.0074735647511351,760.0,11,0.0,0.0,0.0,0.0037957932858799,390.0
qwen3_0.6b_1024d,cn_def,死,1,1,,0,0,0,,,,0,,,,,,0,,,,,
qwen3_0.6b_1024d,cn_def,殳,2,2,-0.1701143980026245,0,0,0,,,,0,,,,,,0,,,,,
qwen3_0.6b_1024d,cn_def,比,1,1,,0,0,0,,,,0,,,,,,0,,,,,
qwen3_0.6b_1024d,cn_def,毛,5,5,0.1066480875015258,5,0,0,0.1973826490808278,,,5,0.0,0.0,0.0,0.0026201888751058,591.0,5,0.0,0.0,0.0,0.0112549864552512,178.0
qwen3_0.6b_1024d,cn_def,民,1,1,,0,0,0,,,,0,,,,,,0,,,,,
qwen3_0.6b_1024d,cn_def,气,2,2,0.1378147602081298,0,0,0,,,,0,,,,,,0,,,,,
qwen3_0.6b_1024d,cn_def,水,4,4,0.0138329667970538,4,0,0,0.0300481719896197,,,4,0.0,0.0,0.0,0.0004275773735087,2766.0,4,0.0,0.0,0.0,0.0016327711569399,693.0
qwen3_0.6b_1024d,cn_def,氵,198,186,0.055278941988945,198,198,198,0.2229483970299814,0.2229483970299814,0.2229483970299814,198,0.0101010101010101,0.0101010101010101,0.0101010101010101,0.0129781567531925,1086.0,198,0.0101010101010101,0.0101010101010101,0.0202020202020202,0.016442295703531,509.5
qwen3_0.6b_1024d,cn_def,火,36,35,0.0799056515097618,36,36,36,0.2482485942439072,0.2482485942439072,0.2482485942439072,36,0.0555555555555555,0.0833333333333333,0.1111111111111111,0.0736395068999454,326.0,36,0.0277777777777777,0.1111111111111111,0.1111111111111111,0.0714541758619909,331.0
qwen3_0.6b_1024d,cn_def,灬,2,2,0.0464446544647216,0,0,0,,,,0,,,,,,0,,,,,
qwen3_0.6b_1024d,cn_def,爪,1,1,,0,0,0,,,,0,,,,,,0,,,,,
qwen3_0.6b_1024d,cn_def,爭,1,1,,0,0,0,,,,0,,,,,,0,,,,,
qwen3_0.6b_1024d,cn_def,父,1,1,,0,0,0,,,,0,,,,,,0,,,,,
qwen3_0.6b_1024d,cn_def,爿,1,1,,0,0,0,,,,0,,,,,,0,,,,,
qwen3_0.6b_1024d,cn_def,片,2,2,0.1249480247497558,0,0,0,,,,0,,,,,,0,,,,,
qwen3_0.6b_1024d,cn_def,牛,1,1,,0,0,0,,,,0,,,,,,0,,,,,
qwen3_0.6b_1024d,cn_def,牜,10,10,0.0373701937496662,10,10,10,0.1004935920238494,0.1004935920238494,0.1004935920238494,10,0.0,0.0,0.0,0.0042513983481791,2601.5,10,0.0,0.0,0.0,0.0030459545951535,537.5
qwen3_0.6b_1024d,cn_def,犬,4,4,0.0574795417487621,4,0,0,0.0938807325437665,,,4,0.0,0.0,0.25,0.0397770146319714,180.5,4,0.0,0.25,0.25,0.0895224819584422,86.0
qwen3_0.6b_1024d,cn_def,犭,28,28,0.0550829768180847,28,28,28,0.1894245990053085,0.1894245990053085,0.1894245990053085,28,0.0,0.0,0.0,0.0029058201625345,1159.5,28,0.0,0.0,0.0,0.0040611040700278,609.0
qwen3_0.6b_1024d,cn_def,玉,2,2,-0.012592613697052,0,0,0,,,,0,,,,,,0,,,,,
qwen3_0.6b_1024d,cn_def,王,46,45,0.09690573066473,46,46,46,0.2849778689687018,0.2849778689687018,0.2849778689687018,46,0.0,0.0434782608695652,0.0434782608695652,0.0245405459768927,314.5,46,0.0,0.0,0.0434782608695652,0.0093332897056946,466.5
qwen3_0.6b_1024d,cn_def,瓜,2,2,0.1535115242004394,0,0,0,,,,0,,,,,,0,,,,,
qwen3_0.6b_1024d,cn_def,瓦,4,4,0.2785592377185821,4,0,0,0.404385220259428,,,4,0.0,0.25,0.25,0.0841244903303033,15.5,4,0.0,0.0,0.25,0.0543378747531708,69.5
qwen3_0.6b_1024d,cn_def,田,10,10,0.0647075548768043,10,10,10,0.1609544428065419,0.1609544428065419,0.1609544428065419,10,0.1,0.1,0.1,0.1047322915141856,684.5,10,0.0,0.1,0.1,0.0371836093168602,311.0
qwen3_0.6b_1024d,cn_def,男,2,2,0.3808672428131103,0,0,0,,,,0,,,,,,0,,,,,
qwen3_0.6b_1024d,cn_def,畢,1,1,,0,0,0,,,,0,,,,,,0,,,,,
qwen3_0.6b_1024d,cn_def,疒,48,47,0.1155101507902145,48,48,48,0.3132989853232478,0.3132989853232478,0.3132989853232478,48,0.0,0.0,0.0208333333333333,0.007486268316805,289.5,48,0.0,0.0,0.0208333333333333,0.0084175462729779,547.5
qwen3_0.6b_1024d,cn_def,癶,1,1,,0,0,0,,,,0,,,,,,0,,,,,
qwen3_0.6b_1024d,cn_def,白,7,7,0.1035871729254722,7,7,0,0.2095565439334937,0.2095565439334937,,7,0.0,0.0,0.0,0.0158170913430185,268.0,7,0.0,0.0,0.0,0.0037628985211761,543.0
qwen3_0.6b_1024d,cn_def,皮,3,3,0.174222707748413,0,0,0,,,,0,,,,,,0,,,,,
qwen3_0.6b_1024d,cn_def,皿,9,9,0.1305985450744629,9,9,9,0.2793370042410161,0.2793370042410161,0.2793370042410161,9,0.0,0.0,0.0,0.0165106061034592,142.0,9,0.0,0.0,0.0,0.0033335696745999,315.0
qwen3_0.6b_1024d,cn_def,目,32,32,0.1168838962912559,32,32,32,0.3087583594024181,0.3087583594024181,0.3087583594024181,32,0.0,0.0,0.0,0.009337588722447,316.5,32,0.0,0.0,0.0,0.0062969823444199,535.0
qwen3_0.6b_1024d,cn_def,矛,1,1,,0,0,0,,,,0,,,,,,0,,,,,
qwen3_0.6b_1024d,cn_def,矢,4,4,0.0305664930492639,4,0,0,0.0571393594145774,,,4,0.0,0.0,0.0,0.0008639860914924,2235.5,4,0.0,0.0,0.0,0.0020408062576718,553.0
qwen3_0.6b_1024d,cn_def,石,40,39,0.0664762556552887,40,40,40,0.2174156533787027,0.2174156533787027,0.2174156533787027,40,0.0,0.0,0.0,0.005403383824771,636.0,40,0.0,0.0,0.025,0.0093766771925228,473.0
qwen3_0.6b_1024d,cn_def,示,5,5,0.0033807039726525,5,0,0,0.0136280883103609,,,5,0.0,0.0,0.0,0.0010128128087129,2503.0,5,0.0,0.0,0.0,0.0027069170299476,769.0
qwen3_0.6b_1024d,cn_def,礻,20,20,0.0870743915438652,20,20,20,0.2387856209650635,0.2387856209650635,0.2387856209650635,20,0.05,0.05,0.1,0.0644299117232683,244.5,20,0.0,0.05,0.05,0.032471663687697,312.0
qwen3_0.6b_1024d,cn_def,禾,25,25,0.0488944873213768,25,25,25,0.1690288390219211,0.1690288390219211,0.1690288390219211,25,0.0,0.0,0.04,0.0115860508383811,703.0,25,0.0,0.04,0.08,0.0201767375244768,370.0
qwen3_0.6b_1024d,cn_def,穴,17,17,0.0323033034801483,17,17,17,0.1036429342211169,0.1036429342211169,0.1036429342211169,17,0.0,0.0,0.0,0.0015187269053148,1603.0,17,0.0,0.0,0.0,0.004169990495526,541.0
qwen3_0.6b_1024d,cn_def,立,4,4,-0.0245933532714843,4,0,0,-0.0467396611347794,,,4,0.0,0.0,0.0,0.0006254918160393,1781.0,4,0.0,0.0,0.0,0.0025203225101489,409.0
qwen3_0.6b_1024d,cn_def,竹,63,61,0.0997312888503074,63,63,63,0.2944242009922626,0.2944242009922626,0.2944242009922626,63,0.0158730158730158,0.0158730158730158,0.0158730158730158,0.0227583278091908,847.0,63,0.0158730158730158,0.0317460317460317,0.0476190476190476,0.0300588659783504,421.0
qwen3_0.6b_1024d,cn_def,箕,1,1,,0,0,0,,,,0,,,,,,0,,,,,
qwen3_0.6b_1024d,cn_def,米,17,17,0.0976104140281677,17,17,17,0.2530692544053582,0.2530692544053582,0.2530692544053582,17,0.0,0.0,0.0,0.0079662837482183,287.0,17,0.0,0.0,0.0,0.0031527681899205,672.0
qwen3_0.6b_1024d,cn_def,糸,99,98,0.0744916424155235,99,99,99,0.2580536029423879,0.2580536029423879,0.2580536029423879,99,0.0101010101010101,0.0202020202020202,0.0202020202020202,0.0165433941324618,646.0,99,0.0101010101010101,0.0202020202020202,0.0202020202020202,0.0180684594913755,441.0
qwen3_0.6b_1024d,cn_def,縣,1,1,,0,0,0,,,,0,,,,,,0,,,,,
qwen3_0.6b_1024d,cn_def,缶,1,1,,0,0,0,,,,0,,,,,,0,,,,,
qwen3_0.6b_1024d,cn_def,网,1,1,,0,0,0,,,,0,,,,,,0,,,,,
qwen3_0.6b_1024d,cn_def,羊,3,3,0.0386048555374145,0,0,0,,,,0,,,,,,0,,,,,
qwen3_0.6b_1024d,cn_def,羽,14,14,0.0323834456503391,14,14,14,0.1021922009864023,0.1021922009864023,0.1021922009864023,14,0.0,0.0,0.0,0.0017592901138856,1005.5,14,0.0,0.0,0.0,0.0081883006956349,428.0
qwen3_0.6b_1024d,cn_def,習,1,1,,0,0,0,,,,0,,,,,,0,,,,,
qwen3_0.6b_1024d,cn_def,老,3,3,0.2267576903104782,0,0,0,,,,0,,,,,,0,,,,,
qwen3_0.6b_1024d,cn_def,耒,6,6,0.0483165755867958,6,6,0,0.116351685176293,0.116351685176293,,6,0.0,0.0,0.0,0.001847169967216,2233.5,6,0.0,0.0,0.0,0.0012463313344608,898.5
qwen3_0.6b_1024d,cn_def,耳,6,6,0.0967554748058319,6,6,0,0.1870955675840377,0.1870955675840377,,6,0.0,0.0,0.0,0.008009175709232,847.0,6,0.0,0.0,0.0,0.0019684568317226,629.5
qwen3_0.6b_1024d,cn_def,肉,73,70,0.0721108391880989,73,73,73,0.2445387962363558,0.2445387962363558,0.2445387962363558,73,0.0,0.0,0.0,0.0044471498418404,833.0,73,0.0,0.0136986301369863,0.0136986301369863,0.0127232662745454,537.0
qwen3_0.6b_1024d,cn_def,臣,1,1,,0,0,0,,,,0,,,,,,0,,,,,
qwen3_0.6b_1024d,cn_def,臤,1,1,,0,0,0,,,,0,,,,,,0,,,,,
qwen3_0.6b_1024d,cn_def,臥,1,1,,0,0,0,,,,0,,,,,,0,,,,,
qwen3_0.6b_1024d,cn_def,自,1,1,,0,0,0,,,,0,,,,,,0,,,,,
qwen3_0.6b_1024d,cn_def,至,2,2,0.3840804100036621,0,0,0,,,,0,,,,,,0,,,,,
qwen3_0.6b_1024d,cn_def,舌,1,1,,0,0,0,,,,0,,,,,,0,,,,,
qwen3_0.6b_1024d,cn_def,舟,12,12,0.1965814679861068,12,12,12,0.3799141260484854,0.3799141260484854,0.3799141260484854,12,0.0833333333333333,0.1666666666666666,0.25,0.1374108833935508,55.0,12,0.0833333333333333,0.0833333333333333,0.0833333333333333,0.0936275651079418,290.5
qwen3_0.6b_1024d,cn_def,艹,161,151,0.1017688736319542,161,161,161,0.3004150473692032,0.3004150473692032,0.3004150473692032,161,0.0124223602484472,0.0124223602484472,0.0124223602484472,0.0164834637651778,572.0,161,0.0124223602484472,0.0186335403726708,0.0248447204968944,0.0189818478637618,461.0
qwen3_0.6b_1024d,cn_def,蕇,1,1,,0,0,0,,,,0,,,,,,0,,,,,
qwen3_0.6b_1024d,cn_def,虍,2,2,0.1128114461898803,0,0,0,,,,0,,,,,,0,,,,,
qwen3_0.6b_1024d,cn_def,虫,79,77,0.1608566343784332,79,79,79,0.3860837022620665,0.3860837022620665,0.3860837022620665,79,0.0,0.0,0.0253164556962025,0.012465924742397,285.0,79,0.0,0.0126582278481012,0.0253164556962025,0.01280940954716,416.0
qwen3_0.6b_1024d,cn_def,血,1,1,,0,0,0,,,,0,,,,,,0,,,,,
qwen3_0.6b_1024d,cn_def,行,5,5,0.0007545709377154,5,0,0,0.0018225172534585,,,5,0.0,0.0,0.0,0.00024050732066,3839.0,5,0.0,0.0,0.0,0.0010756204817504,1029.0
qwen3_0.6b_1024d,cn_def,衣,11,11,0.1017817035317421,11,11,11,0.2385424541478807,0.2385424541478807,0.2385424541478807,11,0.0,0.0,0.0,0.001090515786391,1726.0,11,0.0,0.0,0.0,0.0022866609196662,452.0
qwen3_0.6b_1024d,cn_def,衤,34,34,0.1037982106208801,34,34,34,0.2904686789740534,0.2904686789740534,0.2904686789740534,34,0.0,0.0,0.0,0.0073070978298402,272.0,34,0.0,0.0,0.0294117647058823,0.0090039811739253,310.5
qwen3_0.6b_1024d,cn_def,襾,1,1,,0,0,0,,,,0,,,,,,0,,,,,
qwen3_0.6b_1024d,cn_def,見,4,4,0.0545531101524829,4,0,0,0.0857108291238546,,,4,0.0,0.0,0.25,0.0277410923501724,197.0,4,0.0,0.0,0.0,0.0132356623332109,332.5
qwen3_0.6b_1024d,cn_def,角,2,2,0.0353063344955444,0,0,0,,,,0,,,,,,0,,,,,
qwen3_0.6b_1024d,cn_def,言,98,96,0.0396390408277511,98,98,98,0.1768948628795238,0.1768948628795238,0.1768948628795238,98,0.010204081632653,0.0204081632653061,0.0306122448979591,0.0203718976521292,1164.0,98,0.0306122448979591,0.0510204081632653,0.0510204081632653,0.0454758936427887,457.0
qwen3_0.6b_1024d,cn_def,谷,2,2,0.0879057645797729,0,0,0,,,,0,,,,,,0,,,,,
qwen3_0.6b_1024d,cn_def,豆,2,2,0.167803406715393,0,0,0,,,,0,,,,,,0,,,,,
qwen3_0.6b_1024d,cn_def,豕,1,1,,0,0,0,,,,0,,,,,,0,,,,,
qwen3_0.6b_1024d,cn_def,象,1,1,,0,0,0,,,,0,,,,,,0,,,,,
qwen3_0.6b_1024d,cn_def,豸,7,7,0.2661773264408111,7,7,0,0.4416436957461493,0.4416436957461493,,7,0.0,0.2857142857142857,0.4285714285714285,0.088427831287795,20.0,7,0.0,0.0,0.0,0.0029441509114654,589.0
qwen3_0.6b_1024d,cn_def,貝,30,29,0.0759197399020195,30,30,30,0.2264695396336416,0.2264695396336416,0.2264695396336416,30,0.0,0.0,0.0,0.0085139071722427,463.0,30,0.0,0.0,0.0,0.0060025614113135,545.0
qwen3_0.6b_1024d,cn_def,赤,1,1,,0,0,0,,,,0,,,,,,0,,,,,
qwen3_0.6b_1024d,cn_def,走,8,8,0.0173485614359378,8,8,0,0.0429410571232438,0.0429410571232438,,8,0.0,0.0,0.0,0.0016715454712381,679.0,8,0.0,0.0,0.0,0.0018485181459317,565.5
qwen3_0.6b_1024d,cn_def,足,2,2,-0.0371716022491455,0,0,0,,,,0,,,,,,0,,,,,
qwen3_0.6b_1024d,cn_def,身,3,3,0.0815872326493263,0,0,0,,,,0,,,,,,0,,,,,
qwen3_0.6b_1024d,cn_def,車,25,25,0.0773030593991279,25,25,25,0.2302650868147611,0.2302650868147611,0.2302650868147611,25,0.0,0.0,0.0,0.0056008914018054,598.0,25,0.0,0.0,0.04,0.009413643788476,449.0
qwen3_0.6b_1024d,cn_def,辛,2,2,0.0185272693634033,0,0,0,,,,0,,,,,,0,,,,,
qwen3_0.6b_1024d,cn_def,辶,52,52,0.0545718669891357,52,52,52,0.2052450372586743,0.2052450372586743,0.2052450372586743,52,0.0,0.0,0.0,0.0033888042515322,1221.0,52,0.0,0.0192307692307692,0.0384615384615384,0.0118819764336724,515.5
qwen3_0.6b_1024d,cn_def,邑,1,1,,0,0,0,,,,0,,,,,,0,,,,,
qwen3_0.6b_1024d,cn_def,酉,20,20,0.0583306662738323,20,20,20,0.1778883891645818,0.1778883891645818,0.1778883891645818,20,0.0,0.0,0.0,0.0045387086510801,1539.5,20,0.0,0.0,0.05,0.0110219875978266,612.5
qwen3_0.6b_1024d,cn_def,釆,2,2,-0.0139752030372619,0,0,0,,,,0,,,,,,0,,,,,
qwen3_0.6b_1024d,cn_def,里,1,1,,0,0,0,,,,0,,,,,,0,,,,,
qwen3_0.6b_1024d,cn_def,釒,88,86,0.0810491740703582,88,88,88,0.268413230035962,0.268413230035962,0.268413230035962,88,0.0,0.0,0.0227272727272727,0.0068326851344957,1135.5,88,0.0113636363636363,0.034090909090909,0.0568181818181818,0.0247115352891712,432.5
qwen3_0.6b_1024d,cn_def,門,20,20,0.0291423201560974,20,20,20,0.107581845857203,0.107581845857203,0.107581845857203,20,0.05,0.05,0.05,0.0512568320345182,2112.5,20,0.05,0.05,0.05,0.0537964033910186,365.5
qwen3_0.6b_1024d,cn_def,阝,49,48,0.0346114374697208,49,49,49,0.1515263783536395,0.1515263783536395,0.1515263783536395,49,0.0204081632653061,0.0204081632653061,0.0204081632653061,0.02370868515226,1675.0,49,0.0204081632653061,0.0408163265306122,0.0612244897959183,0.033613576464069,534.0
qwen3_0.6b_1024d,cn_def,隹,11,11,0.023598687723279,11,11,11,0.0729248125783421,0.0729248125783421,0.0729248125783421,11,0.0,0.0,0.0,0.0049794867689768,950.0,11,0.0,0.0,0.0,0.0110252143760868,362.0
qwen3_0.6b_1024d,cn_def,雈,1,1,,0,0,0,,,,0,,,,,,0,,,,,
qwen3_0.6b_1024d,cn_def,雨,22,22,0.120595596730709,22,22,22,0.3025326955724846,0.3025326955724846,0.3025326955724846,22,0.0,0.0,0.0909090909090909,0.0169571577545698,336.0,22,0.0454545454545454,0.0454545454545454,0.0454545454545454,0.0487923994466272,540.5
qwen3_0.6b_1024d,cn_def,非,1,1,,0,0,0,,,,0,,,,,,0,,,,,
qwen3_0.6b_1024d,cn_def,面,2,2,0.0244443416595459,0,0,0,,,,0,,,,,,0,,,,,
qwen3_0.6b_1024d,cn_def,革,13,13,0.080787755548954,13,13,13,0.2106756643893627,0.2106756643893627,0.2106756643893627,13,0.0,0.0769230769230769,0.0769230769230769,0.040057386107923,822.0,13,0.0769230769230769,0.0769230769230769,0.0769230769230769,0.0802969492151964,442.0
qwen3_0.6b_1024d,cn_def,韋,2,2,-0.1024482250213623,0,0,0,,,,0,,,,,,0,,,,,
qwen3_0.6b_1024d,cn_def,韮,1,1,,0,0,0,,,,0,,,,,,0,,,,,
qwen3_0.6b_1024d,cn_def,音,3,3,0.1817367821931839,0,0,0,,,,0,,,,,,0,,,,,
qwen3_0.6b_1024d,cn_def,頁,28,28,0.0289650615304708,28,28,28,0.1197512430205409,0.1197512430205409,0.1197512430205409,28,0.0,0.0,0.0,0.0026387881672028,1524.0,28,0.0,0.0,0.0,0.0031207393449114,511.5
qwen3_0.6b_1024d,cn_def,風,4,4,0.1241590604186058,4,0,0,0.1970608215779066,,,4,0.0,0.0,0.0,0.0040418181128283,442.5,4,0.0,0.0,0.0,0.0015405788945141,696.5
qwen3_0.6b_1024d,cn_def,食,4,4,-0.0143715143203735,4,0,0,-0.0260620039189234,,,4,0.0,0.0,0.0,0.0009528825384748,3821.0,4,0.0,0.0,0.0,0.0016119511691812,669.0
qwen3_0.6b_1024d,cn_def,飠,22,22,0.0925766602158546,22,22,22,0.2524804143891246,0.2524804143891246,0.2524804143891246,22,0.0,0.0454545454545454,0.0454545454545454,0.0136084319236098,453.0,22,0.0,0.0,0.0,0.009094476582235,313.0
qwen3_0.6b_1024d,cn_def,首,2,2,0.0476980209350585,0,0,0,,,,0,,,,,,0,,,,,
qwen3_0.6b_1024d,cn_def,馬,35,35,0.0680331289768219,35,35,35,0.2232087962329387,0.2232087962329387,0.2232087962329387,35,0.0,0.0,0.0,0.0029043893844499,728.0,35,0.0,0.0,0.0,0.004700471708028,421.0
qwen3_0.6b_1024d,cn_def,骨,6,6,0.1813393235206604,6,6,0,0.3045858989159266,0.3045858989159266,,6,0.0,0.0,0.1666666666666666,0.0376413332881717,73.0,6,0.0,0.0,0.0,0.0107889593883824,515.0
qwen3_0.6b_1024d,cn_def,高,1,1,,0,0,0,,,,0,,,,,,0,,,,,
qwen3_0.6b_1024d,cn_def,髟,11,11,0.0950900688767433,11,11,11,0.2291658485138958,0.2291658485138958,0.2291658485138958,11,0.0,0.0,0.0909090909090909,0.0136324090860765,812.0,11,0.0,0.0,0.0909090909090909,0.0131070160200862,679.0
qwen3_0.6b_1024d,cn_def,鬥,3,3,0.1296540945768356,0,0,0,,,,0,,,,,,0,,,,,
qwen3_0.6b_1024d,cn_def,鬼,9,9,0.0816510245203971,9,9,9,0.186309605009026,0.186309605009026,0.186309605009026,9,0.0,0.0,0.0,0.001589412936897,582.0,9,0.0,0.0,0.0,0.002307733486379,775.0
qwen3_0.6b_1024d,cn_def,魚,20,20,0.2736914455890655,20,20,20,0.4931388989090919,0.4931388989090919,0.4931388989090919,20,0.0,0.1,0.15,0.0698384338003199,27.0,20,0.0,0.05,0.05,0.0322938244733174,190.5
qwen3_0.6b_1024d,cn_def,鳥,27,27,0.2644091546535492,27,27,27,0.4925256139702267,0.4925256139702267,0.4925256139702267,27,0.037037037037037,0.1111111111111111,0.1851851851851851,0.0814983860186206,37.0,27,0.0,0.0,0.0,0.0047788525283191,421.0
qwen3_0.6b_1024d,cn_def,鹵,3,3,0.1786195486783981,0,0,0,,,,0,,,,,,0,,,,,
qwen3_0.6b_1024d,cn_def,鹿,4,4,0.2076802998781204,4,0,0,0.3040497973561287,,,4,0.0,0.0,0.0,0.0174878735630536,131.0,4,0.0,0.0,0.0,0.0020812060126228,550.5
qwen3_0.6b_1024d,cn_def,麥,2,2,0.1577711105346679,0,0,0,,,,0,,,,,,0,,,,,
qwen3_0.6b_1024d,cn_def,麻,1,1,,0,0,0,,,,0,,,,,,0,,,,,
qwen3_0.6b_1024d,cn_def,黍,1,1,,0,0,0,,,,0,,,,,,0,,,,,
qwen3_0.6b_1024d,cn_def,黑,10,10,0.0328564420342445,10,10,10,0.0937917545437812,0.0937917545437812,0.0937917545437812,10,0.0,0.0,0.0,0.0013635769794868,804.5,10,0.0,0.0,0.0,0.0035461355391293,369.5
qwen3_0.6b_1024d,cn_def,黹,1,1,,0,0,0,,,,0,,,,,,0,,,,,
qwen3_0.6b_1024d,cn_def,黽,1,1,,0,0,0,,,,0,,,,,,0,,,,,
qwen3_0.6b_1024d,cn_def,鼎,1,1,,0,0,0,,,,0,,,,,,0,,,,,
qwen3_0.6b_1024d,cn_def,鼓,2,2,0.2413816452026367,0,0,0,,,,0,,,,,,0,,,,,
qwen3_0.6b_1024d,cn_def,鼠,1,1,,0,0,0,,,,0,,,,,,0,,,,,
qwen3_0.6b_1024d,cn_def,鼻,1,1,,0,0,0,,,,0,,,,,,0,,,,,
qwen3_0.6b_1024d,cn_def,齒,8,7,0.096709705889225,8,8,0,0.1913669863715767,0.1913669863715767,,8,0.0,0.0,0.0,0.008157875672278,462.5,8,0.0,0.0,0.0,0.0019440296880726,468.5
qwen3_0.6b_1024d,cn_def,龍,1,1,,0,0,0,,,,0,,,,,,0,,,,,
qwen3_0.6b_1024d,cn_def,龠,1,1,,0,0,0,,,,0,,,,,,0,,,,,
qwen3_0.6b_1024d,cn_def,𠘨,1,1,,0,0,0,,,,0,,,,,,0,,,,,
qwen3_0.6b_1024d,cn_def,𠚕,1,1,,0,0,0,,,,0,,,,,,0,,,,,
qwen3_0.6b_1024d,cn_def,𠫓,1,1,,0,0,0,,,,0,,,,,,0,,,,,
qwen3_0.6b_1024d,cn_def,𡱕,1,1,,0,0,0,,,,0,,,,,,0,,,,,
qwen3_0.6b_1024d,cn_def,𢆶,1,1,,0,0,0,,,,0,,,,,,0,,,,,
qwen3_0.6b_1024d,cn_def,𣶒,1,1,,0,0,0,,,,0,,,,,,0,,,,,
qwen3_0.6b_1024d,cn_def,𤤴,3,3,0.5951669216156006,0,0,0,,,,0,,,,,,0,,,,,
qwen3_0.6b_1024d,cn_def,𦍌,1,1,,0,0,0,,,,0,,,,,,0,,,,,
qwen3_0.6b_1024d,cn_def,𧾷,48,48,0.0978585109114646,48,48,48,0.2871295510946463,0.2871295510946463,0.2871295510946463,48,0.0208333333333333,0.0625,0.0625,0.0411544061672202,448.0,48,0.0208333333333333,0.0625,0.0625,0.0361147492757672,522.5
qwen3_0.6b_1024d,en_def_translated_cn_def,㐬,1,1,,0,0,0,,,,0,,,,,,0,,,,,
qwen3_0.6b_1024d,en_def_translated_cn_def,㔾,1,1,,0,0,0,,,,0,,,,,,0,,,,,
qwen3_0.6b_1024d,en_def_translated_cn_def,㝱,2,2,0.4230294227600097,0,0,0,,,,0,,,,,,0,,,,,
qwen3_0.6b_1024d,en_def_translated_cn_def,㣺,2,2,-0.1948465704917907,0,0,0,,,,0,,,,,,0,,,,,
qwen3_0.6b_1024d,en_def_translated_cn_def,㫃,7,7,0.117866538465023,7,7,0,0.2395208877112184,0.2395208877112184,,7,0.0,0.0,0.0,0.0094911782831371,155.0,7,0.0,0.0,0.0,0.0065088223081758,528.0
qwen3_0.6b_1024d,en_def_translated_cn_def,㹜,1,1,,0,0,0,,,,0,,,,,,0,,,,,
qwen3_0.6b_1024d,en_def_translated_cn_def,㾜,1,1,,0,0,0,,,,0,,,,,,0,,,,,
qwen3_0.6b_1024d,en_def_translated_cn_def,䀠,1,1,,0,0,0,,,,0,,,,,,0,,,,,
qwen3_0.6b_1024d,en_def_translated_cn_def,䖵,3,3,-0.0345323085784912,0,0,0,,,,0,,,,,,0,,,,,
qwen3_0.6b_1024d,en_def_translated_cn_def,一,3,3,0.0242244005203247,0,0,0,,,,0,,,,,,0,,,,,
qwen3_0.6b_1024d,en_def_translated_cn_def,乑,1,1,,0,0,0,,,,0,,,,,,0,,,,,
qwen3_0.6b_1024d,en_def_translated_cn_def,乙,3,3,-0.0906445160508155,0,0,0,,,,0,,,,,,0,,,,,
qwen3_0.6b_1024d,en_def_translated_cn_def,二,2,2,-0.1208189725875854,0,0,0,,,,0,,,,,,0,,,,,
qwen3_0.6b_1024d,en_def_translated_cn_def,京,1,1,,0,0,0,,,,0,,,,,,0,,,,,
qwen3_0.6b_1024d,en_def_translated_cn_def,人,1,1,,0,0,0,,,,0,,,,,,0,,,,,
qwen3_0.6b_1024d,en_def_translated_cn_def,亻,138,127,0.0046610478311777,138,138,138,0.0424988318160446,0.0424988318160446,0.0424988318160446,138,0.0072463768115942,0.0289855072463768,0.0434782608695652,0.0173925291890767,2243.5,138,0.0217391304347826,0.0434782608695652,0.0434782608695652,0.0362958617927969,454.0
qwen3_0.6b_1024d,en_def_translated_cn_def,儿,2,2,0.0830276012420654,0,0,0,,,,0,,,,,,0,,,,,
qwen3_0.6b_1024d,en_def_translated_cn_def,光,1,1,,0,0,0,,,,0,,,,,,0,,,,,
qwen3_0.6b_1024d,en_def_translated_cn_def,兮,1,1,,0,0,0,,,,0,,,,,,0,,,,,
qwen3_0.6b_1024d,en_def_translated_cn_def,共,1,1,,0,0,0,,,,0,,,,,,0,,,,,
qwen3_0.6b_1024d,en_def_translated_cn_def,冂,1,1,,0,0,0,,,,0,,,,,,0,,,,,
qwen3_0.6b_1024d,en_def_translated_cn_def,冃,2,2,0.326117992401123,0,0,0,,,,0,,,,,,0,,,,,
qwen3_0.6b_1024d,en_def_translated_cn_def,冖,2,2,-0.0869518518447876,0,0,0,,,,0,,,,,,0,,,,,
qwen3_0.6b_1024d,en_def_translated_cn_def,冫,6,6,0.1183349266648292,6,6,0,0.2230279768506685,0.2230279768506685,,6,0.0,0.0,0.1666666666666666,0.0222078553314384,1458.5,6,0.0,0.0,0.0,0.0016105741139308,601.0
qwen3_0.6b_1024d,en_def_translated_cn_def,几,1,1,,0,0,0,,,,0,,,,,,0,,,,,
qwen3_0.6b_1024d,en_def_translated_cn_def,刀,3,3,0.2553086280822754,0,0,0,,,,0,,,,,,0,,,,,
qwen3_0.6b_1024d,en_def_translated_cn_def,刂,20,20,0.0931247100234031,20,20,20,0.2563620321452617,0.2563620321452617,0.2563620321452617,20,0.0,0.0,0.05,0.0153828028988901,587.0,20,0.0,0.0,0.0,0.0030808691039972,516.0
qwen3_0.6b_1024d,en_def_translated_cn_def,力,16,16,0.0440033338963985,16,16,16,0.1368585412856191,0.1368585412856191,0.1368585412856191,16,0.0,0.0,0.0,0.002564194442365,1182.0,16,0.0,0.0,0.0,0.0031126916147536,486.0
qwen3_0.6b_1024d,en_def_translated_cn_def,勹,3,3,-0.0125571489334106,0,0,0,,,,0,,,,,,0,,,,,
qwen3_0.6b_1024d,en_def_translated_cn_def,匕,1,1,,0,0,0,,,,0,,,,,,0,,,,,
qwen3_0.6b_1024d,en_def_translated_cn_def,匚,5,5,0.0763891190290451,5,0,0,0.1423457264900207,,,5,0.0,0.0,0.0,0.0096212669771771,1353.0,5,0.0,0.0,0.0,0.0025232813078323,542.0
qwen3_0.6b_1024d,en_def_translated_cn_def,匸,2,2,-0.001128077507019,0,0,0,,,,0,,,,,,0,,,,,
qwen3_0.6b_1024d,en_def_translated_cn_def,十,1,1,,0,0,0,,,,0,,,,,,0,,,,,
qwen3_0.6b_1024d,en_def_translated_cn_def,卂,1,1,,0,0,0,,,,0,,,,,,0,,,,,
qwen3_0.6b_1024d,en_def_translated_cn_def,半,1,1,,0,0,0,,,,0,,,,,,0,,,,,
qwen3_0.6b_1024d,en_def_translated_cn_def,卜,1,1,,0,0,0,,,,0,,,,,,0,,,,,
qwen3_0.6b_1024d,en_def_translated_cn_def,卩,2,2,0.0418857336044311,0,0,0,,,,0,,,,,,0,,,,,
qwen3_0.6b_1024d,en_def_translated_cn_def,卵,1,1,,0,0,0,,,,0,,,,,,0,,,,,
qwen3_0.6b_1024d,en_def_translated_cn_def,厂,1,1,,0,0,0,,,,0,,,,,,0,,,,,
qwen3_0.6b_1024d,en_def_translated_cn_def,厶,1,1,,0,0,0,,,,0,,,,,,0,,,,,
qwen3_0.6b_1024d,en_def_translated_cn_def,又,2,2,-0.0348895192146301,0,0,0,,,,0,,,,,,0,,,,,
qwen3_0.6b_1024d,en_def_translated_cn_def,口,122,114,0.0538550168275833,122,122,122,0.2089980066387501,0.2089980066387501,0.2089980066387501,122,0.0,0.0081967213114754,0.0163934426229508,0.0073118909326955,1564.5,122,0.0081967213114754,0.0327868852459016,0.0655737704918032,0.021683169414891,516.0
qwen3_0.6b_1024d,en_def_translated_cn_def,向,1,1,,0,0,0,,,,0,,,,,,0,,,,,
qwen3_0.6b_1024d,en_def_translated_cn_def,喜,1,1,,0,0,0,,,,0,,,,,,0,,,,,
qwen3_0.6b_1024d,en_def_translated_cn_def,囗,10,10,0.0433446131646633,10,10,10,0.1175117410719394,0.1175117410719394,0.1175117410719394,10,0.0,0.0,0.0,0.0023458911121969,891.5,10,0.0,0.0,0.0,0.0024932518228222,666.0
qwen3_0.6b_1024d,en_def_translated_cn_def,土,66,66,0.0353300161659717,66,66,66,0.158913494539306,0.158913494539306,0.158913494539306,66,0.0151515151515151,0.0303030303030303,0.0303030303030303,0.0250611192920271,849.0,66,0.0151515151515151,0.0606060606060606,0.0757575757575757,0.0387804944979137,405.5
qwen3_0.6b_1024d,en_def_translated_cn_def,壬,1,1,,0,0,0,,,,0,,,,,,0,,,,,
qwen3_0.6b_1024d,en_def_translated_cn_def,壴,1,1,,0,0,0,,,,0,,,,,,0,,,,,
qwen3_0.6b_1024d,en_def_translated_cn_def,夂,1,1,,0,0,0,,,,0,,,,,,0,,,,,
qwen3_0.6b_1024d,en_def_translated_cn_def,夕,1,1,,0,0,0,,,,0,,,,,,0,,,,,
qwen3_0.6b_1024d,en_def_translated_cn_def,多,1,1,,0,0,0,,,,0,,,,,,0,,,,,
qwen3_0.6b_1024d,en_def_translated_cn_def,大,4,4,0.0465244464576244,4,0,0,0.0943543678149581,,,4,0.0,0.0,0.0,0.0019240484342762,541.5,4,0.0,0.0,0.0,0.022088842868903,78.0
qwen3_0.6b_1024d,en_def_translated_cn_def,夭,1,1,,0,0,0,,,,0,,,,,,0,,,,,
qwen3_0.6b_1024d,en_def_translated_cn_def,夸,1,1,,0,0,0,,,,0,,,,,,0,,,,,
qwen3_0.6b_1024d,en_def_translated_cn_def,女,69,69,0.0437848344445228,69,69,69,0.1834060689366922,0.1834060689366922,0.1834060689366922,69,0.0,0.0,0.0,0.0025058701607958,1775.0,69,0.0,0.0,0.0144927536231884,0.0056738297657376,565.0
qwen3_0.6b_1024d,en_def_translated_cn_def,子,6,6,0.0923693627119064,6,6,0,0.1933847963809967,0.1933847963809967,,6,0.0,0.0,0.0,0.0194709952180983,909.5,6,0.0,0.0,0.0,0.0012270155850033,861.5
qwen3_0.6b_1024d,en_def_translated_cn_def,學,1,1,,0,0,0,,,,0,,,,,,0,,,,,
qwen3_0.6b_1024d,en_def_translated_cn_def,宀,20,20,0.0243696309626102,20,20,20,0.0881020171567797,0.0881020171567797,0.0881020171567797,20,0.0,0.0,0.0,0.0014129886972422,2013.0,20,0.0,0.0,0.0,0.0042139339984426,541.0
qwen3_0.6b_1024d,en_def_translated_cn_def,寸,1,1,,0,0,0,,,,0,,,,,,0,,,,,
qwen3_0.6b_1024d,en_def_translated_cn_def,尢,1,1,,0,0,0,,,,0,,,,,,0,,,,,
qwen3_0.6b_1024d,en_def_translated_cn_def,尸,7,7,0.0152958575636148,7,7,0,0.030324757764382,0.030324757764382,,7,0.0,0.0,0.0,0.0121194689620668,3240.0,7,0.0,0.0,0.0,0.0142296092246579,787.0
qwen3_0.6b_1024d,en_def_translated_cn_def,尺,1,1,,0,0,0,,,,0,,,,,,0,,,,,
qwen3_0.6b_1024d,en_def_translated_cn_def,履,2,2,0.205297589302063,0,0,0,,,,0,,,,,,0,,,,,
qwen3_0.6b_1024d,en_def_translated_cn_def,山,38,38,0.0890924036502838,38,38,38,0.2684546125758635,0.2684546125758635,0.2684546125758635,38,0.0,0.0,0.0526315789473684,0.0126135441728491,351.5,38,0.0,0.0263157894736842,0.0263157894736842,0.0113066242057075,455.0
qwen3_0.6b_1024d,en_def_translated_cn_def,工,1,1,,0,0,0,,,,0,,,,,,0,,,,,
qwen3_0.6b_1024d,en_def_translated_cn_def,巾,22,22,0.0603014640510082,22,22,22,0.1937329770827835,0.1937329770827835,0.1937329770827835,22,0.0,0.0,0.0,0.003372096265061,687.5,22,0.0,0.0454545454545454,0.0454545454545454,0.017431807208398,473.5
qwen3_0.6b_1024d,en_def_translated_cn_def,幺,1,1,,0,0,0,,,,0,,,,,,0,,,,,
qwen3_0.6b_1024d,en_def_translated_cn_def,广,25,25,0.0360813252627849,25,25,25,0.1333248519524932,0.1333248519524932,0.1333248519524932,25,0.0,0.0,0.0,0.001381383967842,1380.0,25,0.0,0.0,0.0,0.0058934542217618,519.0
qwen3_0.6b_1024d,en_def_translated_cn_def,庚,1,1,,0,0,0,,,,0,,,,,,0,,,,,
qwen3_0.6b_1024d,en_def_translated_cn_def,廾,1,1,,0,0,0,,,,0,,,,,,0,,,,,
qwen3_0.6b_1024d,en_def_translated_cn_def,弓,9,9,0.0418848730623722,9,9,9,0.1096256597278018,0.1096256597278018,0.1096256597278018,9,0.0,0.0,0.0,0.0005949164532958,1674.0,9,0.0,0.0,0.0,0.0048377651175079,699.0
qwen3_0.6b_1024d,en_def_translated_cn_def,彡,6,6,0.0503950268030166,6,6,0,0.1150601829091707,0.1150601829091707,,6,0.0,0.0,0.0,0.0058699245669325,375.0,6,0.0,0.0,0.0,0.0175820769018481,92.0
qwen3_0.6b_1024d,en_def_translated_cn_def,彳,14,14,0.0386727824807167,14,14,14,0.1173637945737157,0.1173637945737157,0.1173637945737157,14,0.0,0.0,0.0,0.0089033660792912,1159.0,14,0.0,0.0714285714285714,0.1428571428571428,0.0389420613258902,526.5
qwen3_0.6b_1024d,en_def_translated_cn_def,微,1,1,,0,0,0,,,,0,,,,,,0,,,,,
qwen3_0.6b_1024d,en_def_translated_cn_def,心,46,44,0.0532775782048702,46,46,46,0.1934417188977417,0.1934417188977417,0.1934417188977417,46,0.0217391304347826,0.0217391304347826,0.0217391304347826,0.0236174846405385,839.0,46,0.0217391304347826,0.0434782608695652,0.0434782608695652,0.0378977458850645,402.0
qwen3_0.6b_1024d,en_def_translated_cn_def,忄,80,80,0.0691340118646621,80,80,80,0.2445939104538411,0.2445939104538411,0.2445939104538411,80,0.0,0.0125,0.0125,0.0079206276223349,693.0,80,0.0,0.0125,0.025,0.0107814547053141,493.5
qwen3_0.6b_1024d,en_def_translated_cn_def,恣,1,1,,0,0,0,,,,0,,,,,,0,,,,,
qwen3_0.6b_1024d,en_def_translated_cn_def,戈,6,6,0.0871397629380226,6,6,0,0.1727831034610668,0.1727831034610668,,6,0.0,0.0,0.0,0.0024814651719227,525.5,6,0.0,0.0,0.0,0.0022320385192753,796.5
qwen3_0.6b_1024d,en_def_translated_cn_def,戊,2,2,-0.0941420197486877,0,0,0,,,,0,,,,,,0,,,,,
qwen3_0.6b_1024d,en_def_translated_cn_def,戶,2,2,0.005056619644165,0,0,0,,,,0,,,,,,0,,,,,
qwen3_0.6b_1024d,en_def_translated_cn_def,手,7,7,0.0864735096693039,7,7,0,0.1795061627136809,0.1795061627136809,,7,0.0,0.0,0.0,0.0042376329751857,197.0,7,0.0,0.0,0.0,0.0116687230471936,491.0
qwen3_0.6b_1024d,en_def_translated_cn_def,扌,145,139,0.051884438842535,145,145,145,0.2140455528836825,0.2140455528836825,0.2140455528836825,145,0.0068965517241379,0.0206896551724137,0.0206896551724137,0.0150317371254903,1123.0,145,0.0206896551724137,0.0206896551724137,0.0344827586206896,0.0262993296488719,460.0
qwen3_0.6b_1024d,en_def_translated_cn_def,攴,1,1,,0,0,0,,,,0,,,,,,0,,,,,
qwen3_0.6b_1024d,en_def_translated_cn_def,攵,14,14,0.0284978840500116,14,14,14,0.0965664515803967,0.0965664515803967,0.0965664515803967,14,0.0,0.0,0.0,0.0014195694512222,1128.0,14,0.0,0.0,0.0714285714285714,0.010635951646639,469.5
qwen3_0.6b_1024d,en_def_translated_cn_def,敕,1,1,,0,0,0,,,,0,,,,,,0,,,,,
qwen3_0.6b_1024d,en_def_translated_cn_def,文,1,1,,0,0,0,,,,0,,,,,,0,,,,,
qwen3_0.6b_1024d,en_def_translated_cn_def,斗,5,5,0.0382438674569129,5,0,0,0.0766599230468273,,,5,0.0,0.0,0.0,0.0003174996608716,2919.0,5,0.0,0.0,0.0,0.002410573369651,925.0
qwen3_0.6b_1024d,en_def_translated_cn_def,斤,4,4,0.0297160148620605,4,0,0,0.0639831207226961,,,4,0.0,0.0,0.0,0.0013785268829972,1178.0,4,0.0,0.0,0.0,0.0055207756153462,558.5
qwen3_0.6b_1024d,en_def_translated_cn_def,日,45,43,0.0529979653656482,45,45,45,0.1972603455599811,0.1972603455599811,0.1972603455599811,45,0.0,0.0444444444444444,0.0444444444444444,0.0170078949002454,595.0,45,0.0,0.0666666666666666,0.0666666666666666,0.0279050433370029,317.0
qwen3_0.6b_1024d,en_def_translated_cn_def,旨,1,1,,0,0,0,,,,0,,,,,,0,,,,,
qwen3_0.6b_1024d,en_def_translated_cn_def,是,1,1,,0,0,0,,,,0,,,,,,0,,,,,
qwen3_0.6b_1024d,en_def_translated_cn_def,曰,1,1,,0,0,0,,,,0,,,,,,0,,,,,
qwen3_0.6b_1024d,en_def_translated_cn_def,月,4,4,0.1329265087842941,4,0,0,0.232196407392621,,,4,0.0,0.0,0.0,0.0132072540155743,102.5,4,0.0,0.0,0.0,0.0036102931331699,339.0
qwen3_0.6b_1024d,en_def_translated_cn_def,木,146,140,0.0647322461009025,146,146,146,0.2415972332125657,0.2415972332125657,0.2415972332125657,146,0.0068493150684931,0.0068493150684931,0.0136986301369863,0.0104841550297008,1881.5,146,0.0068493150684931,0.0205479452054794,0.0205479452054794,0.0191704997702593,504.5
qwen3_0.6b_1024d,en_def_translated_cn_def,林,4,4,-0.0008973677759058,4,0,0,0.0026348689571022,,,4,0.0,0.0,0.0,0.0007227789853028,2682.5,4,0.0,0.0,0.0,0.0028897898412331,494.5
qwen3_0.6b_1024d,en_def_translated_cn_def,欠,14,14,0.0011877018259838,14,14,14,0.007969687692821,0.007969687692821,0.007969687692821,14,0.0,0.0,0.0,0.0031384178375046,2372.5,14,0.0,0.1428571428571428,0.1428571428571428,0.030740200813142,684.0
qwen3_0.6b_1024d,en_def_translated_cn_def,止,1,1,,0,0,0,,,,0,,,,,,0,,,,,
qwen3_0.6b_1024d,en_def_translated_cn_def,步,1,1,,0,0,0,,,,0,,,,,,0,,,,,
qwen3_0.6b_1024d,en_def_translated_cn_def,歹,11,11,0.0579254515469074,11,11,11,0.1537269594317132,0.1537269594317132,0.1537269594317132,11,0.0,0.0909090909090909,0.0909090909090909,0.0362762773601379,1723.0,11,0.0,0.0,0.0,0.0038842192572762,462.0
qwen3_0.6b_1024d,en_def_translated_cn_def,死,1,1,,0,0,0,,,,0,,,,,,0,,,,,
qwen3_0.6b_1024d,en_def_translated_cn_def,殳,2,2,-0.0432530045509338,0,0,0,,,,0,,,,,,0,,,,,
qwen3_0.6b_1024d,en_def_translated_cn_def,比,1,1,,0,0,0,,,,0,,,,,,0,,,,,
qwen3_0.6b_1024d,en_def_translated_cn_def,毛,5,5,0.0777352824807167,5,0,0,0.1382528759539127,,,5,0.0,0.0,0.0,0.0012078327064269,1250.0,5,0.0,0.0,0.0,0.004319134426694,230.0
qwen3_0.6b_1024d,en_def_translated_cn_def,民,1,1,,0,0,0,,,,0,,,,,,0,,,,,
qwen3_0.6b_1024d,en_def_translated_cn_def,气,2,2,0.0808324813842773,0,0,0,,,,0,,,,,,0,,,,,
qwen3_0.6b_1024d,en_def_translated_cn_def,水,4,4,0.0451763086020946,4,0,0,0.0779180927202105,,,4,0.0,0.0,0.0,0.0005867969401762,3781.5,4,0.0,0.0,0.0,0.002378492283398,401.0
qwen3_0.6b_1024d,en_def_translated_cn_def,氵,198,186,0.0597722642123699,198,198,198,0.2313481099136888,0.2313481099136888,0.2313481099136888,198,0.0101010101010101,0.0101010101010101,0.0101010101010101,0.0133209075379303,1240.5,198,0.0151515151515151,0.0151515151515151,0.0252525252525252,0.0201524478349685,498.5
qwen3_0.6b_1024d,en_def_translated_cn_def,火,36,35,0.0750437378883361,36,36,36,0.2377487196483546,0.2377487196483546,0.2377487196483546,36,0.0555555555555555,0.0833333333333333,0.1111111111111111,0.0685301787755874,407.0,36,0.0277777777777777,0.0833333333333333,0.0833333333333333,0.0465153838056763,323.5
qwen3_0.6b_1024d,en_def_translated_cn_def,灬,2,2,-0.0260798931121826,0,0,0,,,,0,,,,,,0,,,,,
qwen3_0.6b_1024d,en_def_translated_cn_def,爪,1,1,,0,0,0,,,,0,,,,,,0,,,,,
qwen3_0.6b_1024d,en_def_translated_cn_def,爭,1,1,,0,0,0,,,,0,,,,,,0,,,,,
qwen3_0.6b_1024d,en_def_translated_cn_def,父,1,1,,0,0,0,,,,0,,,,,,0,,,,,
qwen3_0.6b_1024d,en_def_translated_cn_def,爿,1,1,,0,0,0,,,,0,,,,,,0,,,,,
qwen3_0.6b_1024d,en_def_translated_cn_def,片,2,2,0.1600050926208496,0,0,0,,,,0,,,,,,0,,,,,
qwen3_0.6b_1024d,en_def_translated_cn_def,牛,1,1,,0,0,0,,,,0,,,,,,0,,,,,
qwen3_0.6b_1024d,en_def_translated_cn_def,牜,10,10,0.0468722023069858,10,10,10,0.1279045950621366,0.1279045950621366,0.1279045950621366,10,0.0,0.0,0.1,0.0109834002055755,2102.5,10,0.0,0.0,0.0,0.0038040201627965,436.0
qwen3_0.6b_1024d,en_def_translated_cn_def,犬,4,4,-0.0212685465812683,4,0,0,-0.05229599296581,,,4,0.0,0.25,0.25,0.1270374611482152,559.5,4,0.25,0.25,0.25,0.255233788788628,248.5
qwen3_0.6b_1024d,en_def_translated_cn_def,犭,28,28,0.0589516051113605,28,28,28,0.1996703071054071,0.1996703071054071,0.1996703071054071,28,0.0,0.0,0.0,0.0024758077478265,1401.0,28,0.0,0.0,0.0,0.0029974510841364,455.5
qwen3_0.6b_1024d,en_def_translated_cn_def,玉,2,2,-0.0053151249885559,0,0,0,,,,0,,,,,,0,,,,,
qwen3_0.6b_1024d,en_def_translated_cn_def,王,46,45,0.1084424555301666,46,46,46,0.2995381897477352,0.2995381897477352,0.2995381897477352,46,0.0,0.0217391304347826,0.0217391304347826,0.018184741595513,299.5,46,0.0,0.0,0.0217391304347826,0.009495978786902,406.0
qwen3_0.6b_1024d,en_def_translated_cn_def,瓜,2,2,0.1064305305480957,0,0,0,,,,0,,,,,,0,,,,,
qwen3_0.6b_1024d,en_def_translated_cn_def,瓦,4,4,0.3461104333400726,4,0,0,0.4642772972583771,,,4,0.0,0.25,0.25,0.1011921047488762,39.0,4,0.0,0.0,0.0,0.0052895357753293,351.5
qwen3_0.6b_1024d,en_def_translated_cn_def,田,10,10,0.0629949569702148,10,10,10,0.1598168574273586,0.1598168574273586,0.1598168574273586,10,0.0,0.0,0.0,0.003073478073451,1822.5,10,0.0,0.0,0.1,0.0213130583001122,299.0
qwen3_0.6b_1024d,en_def_translated_cn_def,男,2,2,0.2506201267242431,0,0,0,,,,0,,,,,,0,,,,,
qwen3_0.6b_1024d,en_def_translated_cn_def,畢,1,1,,0,0,0,,,,0,,,,,,0,,,,,
qwen3_0.6b_1024d,en_def_translated_cn_def,疒,48,47,0.1004318222403526,48,48,48,0.2915317345565806,0.2915317345565806,0.2915317345565806,48,0.0,0.0,0.0,0.0044707661851323,700.5,48,0.0,0.0208333333333333,0.0208333333333333,0.0110854668532407,594.0
qwen3_0.6b_1024d,en_def_translated_cn_def,癶,1,1,,0,0,0,,,,0,,,,,,0,,,,,
qwen3_0.6b_1024d,en_def_translated_cn_def,白,7,7,0.0978268012404441,7,7,0,0.1949246855718749,0.1949246855718749,,7,0.0,0.0,0.0,0.0103841106077409,124.0,7,0.0,0.0,0.0,0.0035177681612742,660.0
qwen3_0.6b_1024d,en_def_translated_cn_def,皮,3,3,0.1036451682448387,0,0,0,,,,0,,,,,,0,,,,,
qwen3_0.6b_1024d,en_def_translated_cn_def,皿,9,9,0.1571257412433624,9,9,9,0.3207572682036294,0.3207572682036294,0.3207572682036294,9,0.0,0.0,0.0,0.022089423114449,85.0,9,0.0,0.0,0.0,0.0040380895781212,497.0
qwen3_0.6b_1024d,en_def_translated_cn_def,目,32,32,0.087231159210205,32,32,32,0.2562873041024431,0.2562873041024431,0.2562873041024431,32,0.0,0.0,0.0,0.0051286121853766,382.0,32,0.0,0.0,0.0,0.0068209815864239,468.5
qwen3_0.6b_1024d,en_def_translated_cn_def,矛,1,1,,0,0,0,,,,0,,,,,,0,,,,,
qwen3_0.6b_1024d,en_def_translated_cn_def,矢,4,4,0.037023227661848,4,0,0,0.0644643142586574,,,4,0.0,0.0,0.0,0.0010362132935883,2542.5,4,0.0,0.0,0.0,0.0041230211159964,631.0
qwen3_0.6b_1024d,en_def_translated_cn_def,石,40,39,0.0475064329802989,40,40,40,0.1738006985746324,0.1738006985746324,0.1738006985746324,40,0.0,0.0,0.0,0.003100145887854,1800.5,40,0.0,0.0,0.0,0.0052198563686537,494.0
qwen3_0.6b_1024d,en_def_translated_cn_def,示,5,5,0.0162517074495553,5,0,0,0.0470670260488986,,,5,0.0,0.0,0.0,0.0116246301448623,1019.0,5,0.0,0.0,0.0,0.0091767519349318,285.0
qwen3_0.6b_1024d,en_def_translated_cn_def,礻,20,20,0.0788228660821914,20,20,20,0.2194015586748719,0.2194015586748719,0.2194015586748719,20,0.0,0.0,0.05,0.0227150665882811,234.0,20,0.0,0.05,0.05,0.025548342501247,403.5
qwen3_0.6b_1024d,en_def_translated_cn_def,禾,25,25,0.0322733893990516,25,25,25,0.1258052217215299,0.1258052217215299,0.1258052217215299,25,0.0,0.0,0.0,0.0040925554065836,1126.0,25,0.0,0.0,0.0,0.0096786778053629,419.0
qwen3_0.6b_1024d,en_def_translated_cn_def,穴,17,17,0.0176306404173374,17,17,17,0.0636230382301351,0.0636230382301351,0.0636230382301351,17,0.0,0.0,0.0,0.0016480307640903,1925.0,17,0.0,0.0,0.0,0.0048401925927646,446.0
qwen3_0.6b_1024d,en_def_translated_cn_def,立,4,4,0.029848575592041,4,0,0,0.0546737997792661,,,4,0.0,0.0,0.0,0.0005155781200168,2600.5,4,0.0,0.0,0.0,0.0015436969375195,657.0
qwen3_0.6b_1024d,en_def_translated_cn_def,竹,63,61,0.0835984125733375,63,63,63,0.2650772142150099,0.2650772142150099,0.2650772142150099,63,0.0158730158730158,0.0158730158730158,0.0158730158730158,0.0226359350588841,1089.0,63,0.0158730158730158,0.0158730158730158,0.0476190476190476,0.0236797998916222,457.0
qwen3_0.6b_1024d,en_def_translated_cn_def,箕,1,1,,0,0,0,,,,0,,,,,,0,,,,,
qwen3_0.6b_1024d,en_def_translated_cn_def,米,17,17,0.0741426795721054,17,17,17,0.2070832535186234,0.2070832535186234,0.2070832535186234,17,0.0,0.0,0.0,0.0047440875589157,632.0,17,0.0,0.0,0.0,0.0020586876230495,579.0
qwen3_0.6b_1024d,en_def_translated_cn_def,糸,99,98,0.0588036701083183,99,99,99,0.225695387544957,0.225695387544957,0.225695387544957,99,0.0101010101010101,0.0202020202020202,0.0202020202020202,0.0163132814721739,1152.0,99,0.0101010101010101,0.0303030303030303,0.0303030303030303,0.0234942469690791,438.0
qwen3_0.6b_1024d,en_def_translated_cn_def,縣,1,1,,0,0,0,,,,0,,,,,,0,,,,,
qwen3_0.6b_1024d,en_def_translated_cn_def,缶,1,1,,0,0,0,,,,0,,,,,,0,,,,,
qwen3_0.6b_1024d,en_def_translated_cn_def,网,1,1,,0,0,0,,,,0,,,,,,0,,,,,
qwen3_0.6b_1024d,en_def_translated_cn_def,羊,3,3,0.0849973335862159,0,0,0,,,,0,,,,,,0,,,,,
qwen3_0.6b_1024d,en_def_translated_cn_def,羽,14,14,0.0308274794369936,14,14,14,0.0995372177234717,0.0995372177234717,0.0995372177234717,14,0.0,0.0,0.0,0.0022035644667329,1378.0,14,0.0,0.0,0.0,0.0049063525266805,325.5
qwen3_0.6b_1024d,en_def_translated_cn_def,習,1,1,,0,0,0,,,,0,,,,,,0,,,,,
qwen3_0.6b_1024d,en_def_translated_cn_def,老,3,3,0.3442026674747467,0,0,0,,,,0,,,,,,0,,,,,
qwen3_0.6b_1024d,en_def_translated_cn_def,耒,6,6,0.065821535885334,6,6,0,0.1357396820870538,0.1357396820870538,,6,0.0,0.0,0.0,0.0147702336144709,652.5,6,0.0,0.0,0.0,0.0022075376115031,530.0
qwen3_0.6b_1024d,en_def_translated_cn_def,耳,6,6,0.0466758422553539,6,6,0,0.1102001729110876,0.1102001729110876,,6,0.0,0.0,0.0,0.0010082524945899,1839.0,6,0.0,0.0,0.0,0.0012841943447751,834.5
qwen3_0.6b_1024d,en_def_translated_cn_def,肉,73,70,0.0758500918745994,73,73,73,0.2517769330193939,0.2517769330193939,0.2517769330193939,73,0.0,0.0136986301369863,0.0136986301369863,0.0102918734178378,834.0,73,0.0,0.0273972602739726,0.0410958904109589,0.0155196391280516,482.0
qwen3_0.6b_1024d,en_def_translated_cn_def,臣,1,1,,0,0,0,,,,0,,,,,,0,,,,,
qwen3_0.6b_1024d,en_def_translated_cn_def,臤,1,1,,0,0,0,,,,0,,,,,,0,,,,,
qwen3_0.6b_1024d,en_def_translated_cn_def,臥,1,1,,0,0,0,,,,0,,,,,,0,,,,,
qwen3_0.6b_1024d,en_def_translated_cn_def,自,1,1,,0,0,0,,,,0,,,,,,0,,,,,
qwen3_0.6b_1024d,en_def_translated_cn_def,至,2,2,0.3700470924377441,0,0,0,,,,0,,,,,,0,,,,,
qwen3_0.6b_1024d,en_def_translated_cn_def,舌,1,1,,0,0,0,,,,0,,,,,,0,,,,,
qwen3_0.6b_1024d,en_def_translated_cn_def,舟,12,12,0.1890748292207718,12,12,12,0.3719772252564629,0.3719772252564629,0.3719772252564629,12,0.0,0.0833333333333333,0.0833333333333333,0.0677038472536716,47.5,12,0.0833333333333333,0.0833333333333333,0.0833333333333333,0.0877404791642358,244.0
qwen3_0.6b_1024d,en_def_translated_cn_def,艹,161,151,0.1011548042297363,161,161,161,0.3001685115676489,0.3001685115676489,0.3001685115676489,161,0.0062111801242236,0.0124223602484472,0.0248447204968944,0.0134649648063352,1097.0,161,0.0124223602484472,0.0248447204968944,0.031055900621118,0.0239731603772132,532.0
qwen3_0.6b_1024d,en_def_translated_cn_def,蕇,1,1,,0,0,0,,,,0,,,,,,0,,,,,
qwen3_0.6b_1024d,en_def_translated_cn_def,虍,2,2,0.1137049198150634,0,0,0,,,,0,,,,,,0,,,,,
qwen3_0.6b_1024d,en_def_translated_cn_def,虫,79,77,0.1548883914947509,79,79,79,0.3778208551244645,0.3778208551244645,0.3778208551244645,79,0.0,0.0,0.0,0.007536005227585,350.0,79,0.0,0.0126582278481012,0.0126582278481012,0.0080456328225029,374.0
qwen3_0.6b_1024d,en_def_translated_cn_def,血,1,1,,0,0,0,,,,0,,,,,,0,,,,,
qwen3_0.6b_1024d,en_def_translated_cn_def,行,5,5,-0.0286483764648437,5,0,0,-0.0588391032069921,,,5,0.0,0.0,0.0,0.000246377196928,4921.0,5,0.0,0.0,0.0,0.0012326144718946,929.0
qwen3_0.6b_1024d,en_def_translated_cn_def,衣,11,11,0.0819911584258079,11,11,11,0.2027159972031685,0.2027159972031685,0.2027159972031685,11,0.0,0.0,0.0,0.0018854904351785,629.0,11,0.0,0.0,0.0,0.002584567278295,439.0
qwen3_0.6b_1024d,en_def_translated_cn_def,衤,34,34,0.0907925963401794,34,34,34,0.2690756338484147,0.2690756338484147,0.2690756338484147,34,0.0,0.0,0.0,0.0041973681932554,388.5,34,0.0,0.0,0.0,0.006070569998494,552.5
qwen3_0.6b_1024d,en_def_translated_cn_def,襾,1,1,,0,0,0,,,,0,,,,,,0,,,,,
qwen3_0.6b_1024d,en_def_translated_cn_def,見,4,4,0.0482178516685962,4,0,0,0.0845063962042331,,,4,0.0,0.0,0.0,0.0049371039249797,379.5,4,0.0,0.0,0.0,0.0070545819361344,302.0
qwen3_0.6b_1024d,en_def_translated_cn_def,角,2,2,0.0838410854339599,0,0,0,,,,0,,,,,,0,,,,,
qwen3_0.6b_1024d,en_def_translated_cn_def,言,98,96,0.0353263169527053,98,98,98,0.1639182942691354,0.1639182942691354,0.1639182942691354,98,0.0,0.0,0.0204081632653061,0.0054486459656181,1097.0,98,0.010204081632653,0.010204081632653,0.0204081632653061,0.0181209697906079,401.5
qwen3_0.6b_1024d,en_def_translated_cn_def,谷,2,2,0.0509817600250244,0,0,0,,,,0,,,,,,0,,,,,
qwen3_0.6b_1024d,en_def_translated_cn_def,豆,2,2,0.0617496967315673,0,0,0,,,,0,,,,,,0,,,,,
qwen3_0.6b_1024d,en_def_translated_cn_def,豕,1,1,,0,0,0,,,,0,,,,,,0,,,,,
qwen3_0.6b_1024d,en_def_translated_cn_def,象,1,1,,0,0,0,,,,0,,,,,,0,,,,,
qwen3_0.6b_1024d,en_def_translated_cn_def,豸,7,7,0.2815228998661041,7,7,0,0.4706248960324696,0.4706248960324696,,7,0.0,0.0,0.1428571428571428,0.0479021129306265,16.0,7,0.0,0.0,0.0,0.0023432368023419,727.0
qwen3_0.6b_1024d,en_def_translated_cn_def,貝,30,29,0.0623003095388412,30,30,30,0.1999854068271815,0.1999854068271815,0.1999854068271815,30,0.0,0.0,0.0,0.0045626473058606,667.5,30,0.0,0.0333333333333333,0.0333333333333333,0.0112827358509002,476.0
qwen3_0.6b_1024d,en_def_translated_cn_def,赤,1,1,,0,0,0,,,,0,,,,,,0,,,,,
qwen3_0.6b_1024d,en_def_translated_cn_def,走,8,8,0.0146070886403322,8,8,0,0.0489836046472191,0.0489836046472191,,8,0.0,0.0,0.0,0.003201969759809,1258.5,8,0.0,0.0,0.0,0.0030899654383166,413.5
qwen3_0.6b_1024d,en_def_translated_cn_def,足,2,2,0.0701018571853637,0,0,0,,,,0,,,,,,0,,,,,
qwen3_0.6b_1024d,en_def_translated_cn_def,身,3,3,-0.0243193302303552,0,0,0,,,,0,,,,,,0,,,,,
qwen3_0.6b_1024d,en_def_translated_cn_def,車,25,25,0.0654721856117248,25,25,25,0.2080454701185226,0.2080454701185226,0.2080454701185226,25,0.0,0.0,0.0,0.0018924192647771,1063.0,25,0.0,0.0,0.0,0.0077519310502331,431.0
qwen3_0.6b_1024d,en_def_translated_cn_def,辛,2,2,0.090217113494873,0,0,0,,,,0,,,,,,0,,,,,
qwen3_0.6b_1024d,en_def_translated_cn_def,辶,52,52,0.038810659199953,52,52,52,0.1644971134821669,0.1644971134821669,0.1644971134821669,52,0.0,0.0192307692307692,0.0192307692307692,0.0129663585903553,1551.0,52,0.0192307692307692,0.0384615384615384,0.0384615384615384,0.0276944725488802,606.5
qwen3_0.6b_1024d,en_def_translated_cn_def,邑,1,1,,0,0,0,,,,0,,,,,,0,,,,,
qwen3_0.6b_1024d,en_def_translated_cn_def,酉,20,20,0.0437341481447219,20,20,20,0.1425458232872188,0.1425458232872188,0.1425458232872188,20,0.0,0.0,0.0,0.0038664164307569,2050.5,20,0.0,0.05,0.05,0.0161458092971662,597.0
qwen3_0.6b_1024d,en_def_translated_cn_def,釆,2,2,-0.2115063667297363,0,0,0,,,,0,,,,,,0,,,,,
qwen3_0.6b_1024d,en_def_translated_cn_def,里,1,1,,0,0,0,,,,0,,,,,,0,,,,,
qwen3_0.6b_1024d,en_def_translated_cn_def,釒,88,86,0.065970130264759,88,88,88,0.2401079048339108,0.2401079048339108,0.2401079048339108,88,0.0,0.0,0.0,0.003674617619542,900.5,88,0.0,0.034090909090909,0.0568181818181818,0.017306782661009,419.0
qwen3_0.6b_1024d,en_def_translated_cn_def,門,20,20,0.0302362237125635,20,20,20,0.1075297218281775,0.1075297218281775,0.1075297218281775,20,0.0,0.0,0.0,0.0030101873372183,1177.5,20,0.0,0.05,0.05,0.0296240126134888,458.5
qwen3_0.6b_1024d,en_def_translated_cn_def,阝,49,48,0.0298435799777507,49,49,49,0.1361942013573585,0.1361942013573585,0.1361942013573585,49,0.0,0.0,0.0204081632653061,0.0055994131417261,1216.0,49,0.0204081632653061,0.0612244897959183,0.0816326530612244,0.0432963472939359,401.0
qwen3_0.6b_1024d,en_def_translated_cn_def,隹,11,11,0.0367313735187053,11,11,11,0.1114252572032538,0.1114252572032538,0.1114252572032538,11,0.0,0.0,0.0,0.0031165808792606,2139.0,11,0.0,0.0,0.0,0.010132155673135,166.0
qwen3_0.6b_1024d,en_def_translated_cn_def,雈,1,1,,0,0,0,,,,0,,,,,,0,,,,,
qwen3_0.6b_1024d,en_def_translated_cn_def,雨,22,22,0.1382433027029037,22,22,22,0.330642182633958,0.330642182633958,0.330642182633958,22,0.0,0.0454545454545454,0.0909090909090909,0.0340147748675944,247.0,22,0.0454545454545454,0.0454545454545454,0.0454545454545454,0.0487809735490422,418.0
qwen3_0.6b_1024d,en_def_translated_cn_def,非,1,1,,0,0,0,,,,0,,,,,,0,,,,,
qwen3_0.6b_1024d,en_def_translated_cn_def,面,2,2,0.3525465726852417,0,0,0,,,,0,,,,,,0,,,,,
qwen3_0.6b_1024d,en_def_translated_cn_def,革,13,13,0.0593681335449218,13,13,13,0.1665553926275326,0.1665553926275326,0.1665553926275326,13,0.0,0.0769230769230769,0.0769230769230769,0.0404991804370469,1415.0,13,0.0769230769230769,0.0769230769230769,0.0769230769230769,0.0795227485681072,631.0
qwen3_0.6b_1024d,en_def_translated_cn_def,韋,2,2,-0.1060165166854858,0,0,0,,,,0,,,,,,0,,,,,
qwen3_0.6b_1024d,en_def_translated_cn_def,韮,1,1,,0,0,0,,,,0,,,,,,0,,,,,
qwen3_0.6b_1024d,en_def_translated_cn_def,音,3,3,0.2467286586761474,0,0,0,,,,0,,,,,,0,,,,,
qwen3_0.6b_1024d,en_def_translated_cn_def,頁,28,28,0.0228571873158216,28,28,28,0.1020880786735298,0.1020880786735298,0.1020880786735298,28,0.0,0.0,0.0,0.0025540153664334,1716.5,28,0.0,0.0,0.0,0.00323414010039,528.0
qwen3_0.6b_1024d,en_def_translated_cn_def,風,4,4,0.1049427986145019,4,0,0,0.1845815470442176,,,4,0.0,0.0,0.0,0.0044534081674858,728.0,4,0.0,0.0,0.0,0.0026639391674678,435.0
qwen3_0.6b_1024d,en_def_translated_cn_def,食,4,4,0.0331178903579711,4,0,0,0.054722789209336,,,4,0.0,0.0,0.0,0.0023076269278886,1132.0,4,0.0,0.0,0.0,0.0014087446765689,711.0
qwen3_0.6b_1024d,en_def_translated_cn_def,飠,22,22,0.0854546353220939,22,22,22,0.2424515039152042,0.2424515039152042,0.2424515039152042,22,0.0,0.0,0.0454545454545454,0.0086934493555005,629.5,22,0.0,0.0,0.0,0.006660202897628,470.5
qwen3_0.6b_1024d,en_def_translated_cn_def,首,2,2,0.077547550201416,0,0,0,,,,0,,,,,,0,,,,,
qwen3_0.6b_1024d,en_def_translated_cn_def,馬,35,35,0.0860256403684616,35,35,35,0.2605446786752769,0.2605446786752769,0.2605446786752769,35,0.0,0.0,0.0,0.004665860739971,948.0,35,0.0,0.0,0.0,0.0061567115272394,431.0
qwen3_0.6b_1024d,en_def_translated_cn_def,骨,6,6,0.2436781227588653,6,6,0,0.3813603470722834,0.3813603470722834,,6,0.0,0.3333333333333333,0.5,0.1571791267746804,106.5,6,0.0,0.0,0.0,0.0095243116465951,406.0
qwen3_0.6b_1024d,en_def_translated_cn_def,高,1,1,,0,0,0,,,,0,,,,,,0,,,,,
qwen3_0.6b_1024d,en_def_translated_cn_def,髟,11,11,0.0853497087955474,11,11,11,0.2062473371624946,0.2062473371624946,0.2062473371624946,11,0.0,0.0,0.0909090909090909,0.016679608768766,767.0,11,0.0,0.0,0.0,0.0021053411162984,803.0
qwen3_0.6b_1024d,en_def_translated_cn_def,鬥,3,3,0.1496718674898147,0,0,0,,,,0,,,,,,0,,,,,
qwen3_0.6b_1024d,en_def_translated_cn_def,鬼,9,9,0.0958982557058334,9,9,9,0.2116671270794338,0.2116671270794338,0.2116671270794338,9,0.0,0.0,0.0,0.0057308682033117,1618.0,9,0.0,0.0,0.0,0.0065278689619031,651.0
qwen3_0.6b_1024d,en_def_translated_cn_def,魚,20,20,0.2720582187175751,20,20,20,0.4929758748039603,0.4929758748039603,0.4929758748039603,20,0.05,0.05,0.15,0.0837617110749637,40.5,20,0.0,0.0,0.0,0.0080287815423756,353.0
qwen3_0.6b_1024d,en_def_translated_cn_def,鳥,27,27,0.2673194706439972,27,27,27,0.4968132213861854,0.4968132213861854,0.4968132213861854,27,0.037037037037037,0.1111111111111111,0.1851851851851851,0.0823991458182482,40.0,27,0.0,0.0,0.0,0.0053414092983915,398.0
qwen3_0.6b_1024d,en_def_translated_cn_def,鹵,3,3,0.1481664180755615,0,0,0,,,,0,,,,,,0,,,,,
qwen3_0.6b_1024d,en_def_translated_cn_def,鹿,4,4,0.2625680863857269,4,0,0,0.3708527982234955,,,4,0.0,0.0,0.25,0.0400658519221642,157.5,4,0.0,0.0,0.0,0.0115003950388353,403.5
qwen3_0.6b_1024d,en_def_translated_cn_def,麥,2,2,0.1043205261230468,0,0,0,,,,0,,,,,,0,,,,,
qwen3_0.6b_1024d,en_def_translated_cn_def,麻,1,1,,0,0,0,,,,0,,,,,,0,,,,,
qwen3_0.6b_1024d,en_def_translated_cn_def,黍,1,1,,0,0,0,,,,0,,,,,,0,,,,,
qwen3_0.6b_1024d,en_def_translated_cn_def,黑,10,10,0.05146174877882,10,10,10,0.1325089870020747,0.1325089870020747,0.1325089870020747,10,0.0,0.0,0.0,0.0087161148490174,802.5,10,0.0,0.0,0.0,0.004039983975014,366.0
qwen3_0.6b_1024d,en_def_translated_cn_def,黹,1,1,,0,0,0,,,,0,,,,,,0,,,,,
qwen3_0.6b_1024d,en_def_translated_cn_def,黽,1,1,,0,0,0,,,,0,,,,,,0,,,,,
qwen3_0.6b_1024d,en_def_translated_cn_def,鼎,1,1,,0,0,0,,,,0,,,,,,0,,,,,
qwen3_0.6b_1024d,en_def_translated_cn_def,鼓,2,2,0.2531102895736694,0,0,0,,,,0,,,,,,0,,,,,
qwen3_0.6b_1024d,en_def_translated_cn_def,鼠,1,1,,0,0,0,,,,0,,,,,,0,,,,,
qwen3_0.6b_1024d,en_def_translated_cn_def,鼻,1,1,,0,0,0,,,,0,,,,,,0,,,,,
qwen3_0.6b_1024d,en_def_translated_cn_def,齒,8,7,0.1215764433145523,8,8,0,0.2220364180393517,0.2220364180393517,,8,0.0,0.0,0.0,0.0127388546156845,199.0,8,0.0,0.0,0.0,0.0029085852841153,391.0
qwen3_0.6b_1024d,en_def_translated_cn_def,龍,1,1,,0,0,0,,,,0,,,,,,0,,,,,
qwen3_0.6b_1024d,en_def_translated_cn_def,龠,1,1,,0,0,0,,,,0,,,,,,0,,,,,
qwen3_0.6b_1024d,en_def_translated_cn_def,𠘨,1,1,,0,0,0,,,,0,,,,,,0,,,,,
qwen3_0.6b_1024d,en_def_translated_cn_def,𠚕,1,1,,0,0,0,,,,0,,,,,,0,,,,,
qwen3_0.6b_1024d,en_def_translated_cn_def,𠫓,1,1,,0,0,0,,,,0,,,,,,0,,,,,
qwen3_0.6b_1024d,en_def_translated_cn_def,𡱕,1,1,,0,0,0,,,,0,,,,,,0,,,,,
qwen3_0.6b_1024d,en_def_translated_cn_def,𢆶,1,1,,0,0,0,,,,0,,,,,,0,,,,,
qwen3_0.6b_1024d,en_def_translated_cn_def,𣶒,1,1,,0,0,0,,,,0,,,,,,0,,,,,
qwen3_0.6b_1024d,en_def_translated_cn_def,𤤴,3,3,0.5948693156242371,0,0,0,,,,0,,,,,,0,,,,,
qwen3_0.6b_1024d,en_def_translated_cn_def,𦍌,1,1,,0,0,0,,,,0,,,,,,0,,,,,
qwen3_0.6b_1024d,en_def_translated_cn_def,𧾷,48,48,0.0697052329778671,48,48,48,0.2345052928333947,0.2345052928333947,0.2345052928333947,48,0.0,0.0208333333333333,0.0208333333333333,0.0129316755717001,647.5,48,0.0208333333333333,0.0208333333333333,0.0208333333333333,0.0244898752517213,540.5
qwen3_0.6b_1024d,en_gloss_unihan,㐬,1,1,,0,0,0,,,,0,,,,,,0,,,,,
qwen3_0.6b_1024d,en_gloss_unihan,㐭,1,1,,0,0,0,,,,0,,,,,,0,,,,,
qwen3_0.6b_1024d,en_gloss_unihan,㔾,1,1,,0,0,0,,,,0,,,,,,0,,,,,
qwen3_0.6b_1024d,en_gloss_unihan,㗊,1,1,,0,0,0,,,,0,,,,,,0,,,,,
qwen3_0.6b_1024d,en_gloss_unihan,㝱,2,2,-0.0258801579475402,0,0,0,,,,0,,,,,,0,,,,,
qwen3_0.6b_1024d,en_gloss_unihan,㣺,2,2,-0.0511945486068725,0,0,0,,,,0,,,,,,0,,,,,
qwen3_0.6b_1024d,en_gloss_unihan,㫃,13,13,0.1283524334430694,13,13,13,0.2982722623990132,0.2982722623990132,0.2982722623990132,13,0.0,0.0,0.0,0.0159031434304734,158.0,13,0.0,0.0,0.0,0.0024802142627805,659.0
qwen3_0.6b_1024d,en_gloss_unihan,㹜,1,1,,0,0,0,,,,0,,,,,,0,,,,,
qwen3_0.6b_1024d,en_gloss_unihan,㾜,1,1,,0,0,0,,,,0,,,,,,0,,,,,
qwen3_0.6b_1024d,en_gloss_unihan,䀠,1,1,,0,0,0,,,,0,,,,,,0,,,,,
qwen3_0.6b_1024d,en_gloss_unihan,䖵,4,4,0.0363523960113525,4,0,0,0.0630680108442902,,,4,0.0,0.0,0.0,0.0018150591297053,645.0,4,0.0,0.0,0.0,0.0118037855348609,731.0
qwen3_0.6b_1024d,en_gloss_unihan,一,3,3,-0.0400639362633228,0,0,0,,,,0,,,,,,0,,,,,
qwen3_0.6b_1024d,en_gloss_unihan,丂,1,1,,0,0,0,,,,0,,,,,,0,,,,,
qwen3_0.6b_1024d,en_gloss_unihan,与,1,1,,0,0,0,,,,0,,,,,,0,,,,,
qwen3_0.6b_1024d,en_gloss_unihan,乑,1,1,,0,0,0,,,,0,,,,,,0,,,,,
qwen3_0.6b_1024d,en_gloss_unihan,乙,3,3,-0.0840357914566993,0,0,0,,,,0,,,,,,0,,,,,
qwen3_0.6b_1024d,en_gloss_unihan,二,2,2,0.0132994651794433,0,0,0,,,,0,,,,,,0,,,,,
qwen3_0.6b_1024d,en_gloss_unihan,云,1,1,,0,0,0,,,,0,,,,,,0,,,,,
qwen3_0.6b_1024d,en_gloss_unihan,京,1,1,,0,0,0,,,,0,,,,,,0,,,,,
qwen3_0.6b_1024d,en_gloss_unihan,人,2,2,0.0227470397949218,0,0,0,,,,0,,,,,,0,,,,,
qwen3_0.6b_1024d,en_gloss_unihan,亻,187,173,0.0110222725197672,187,187,187,0.0848245130114775,0.0848245130114775,0.0848245130114775,187,0.0106951871657754,0.0106951871657754,0.0106951871657754,0.0148680939972055,2640.0,187,0.0053475935828877,0.0427807486631016,0.0641711229946524,0.0273709164105953,429.0
qwen3_0.6b_1024d,en_gloss_unihan,儿,2,2,-0.1000934839248657,0,0,0,,,,0,,,,,,0,,,,,
qwen3_0.6b_1024d,en_gloss_unihan,光,1,1,,0,0,0,,,,0,,,,,,0,,,,,
qwen3_0.6b_1024d,en_gloss_unihan,兮,1,1,,0,0,0,,,,0,,,,,,0,,,,,
qwen3_0.6b_1024d,en_gloss_unihan,共,1,1,,0,0,0,,,,0,,,,,,0,,,,,
qwen3_0.6b_1024d,en_gloss_unihan,冂,1,1,,0,0,0,,,,0,,,,,,0,,,,,
qwen3_0.6b_1024d,en_gloss_unihan,冃,2,2,0.2949650287628174,0,0,0,,,,0,,,,,,0,,,,,
qwen3_0.6b_1024d,en_gloss_unihan,冖,2,2,-0.0031462311744689,0,0,0,,,,0,,,,,,0,,,,,
qwen3_0.6b_1024d,en_gloss_unihan,冫,13,13,0.088205985724926,13,13,13,0.2199440942360804,0.2199440942360804,0.2199440942360804,13,0.0,0.0,0.0,0.0012981280988459,1437.0,13,0.0,0.0,0.0,0.0017012464716685,799.0
qwen3_0.6b_1024d,en_gloss_unihan,几,1,1,,0,0,0,,,,0,,,,,,0,,,,,
qwen3_0.6b_1024d,en_gloss_unihan,刀,3,3,0.3813443183898926,0,0,0,,,,0,,,,,,0,,,,,
qwen3_0.6b_1024d,en_gloss_unihan,刂,33,33,0.0773102566599845,33,33,33,0.2399134261702949,0.2399134261702949,0.2399134261702949,33,0.0,0.0,0.0303030303030303,0.0124100044212079,450.0,33,0.0,0.0,0.0303030303030303,0.0085274090653297,354.0
qwen3_0.6b_1024d,en_gloss_unihan,力,23,22,0.048549897968769,23,23,23,0.1655745906755328,0.1655745906755328,0.1655745906755328,23,0.0,0.0,0.0,0.0050003722854464,753.0,23,0.0,0.0,0.0,0.0039360487074399,568.0
qwen3_0.6b_1024d,en_gloss_unihan,勹,3,3,-0.041813176125288,0,0,0,,,,0,,,,,,0,,,,,
qwen3_0.6b_1024d,en_gloss_unihan,匕,1,1,,0,0,0,,,,0,,,,,,0,,,,,
qwen3_0.6b_1024d,en_gloss_unihan,匚,8,8,0.0378435514867305,8,8,0,0.1005756785161793,0.1005756785161793,,8,0.0,0.0,0.0,0.0008039268973471,1879.5,8,0.0,0.0,0.0,0.0014165071552173,784.5
qwen3_0.6b_1024d,en_gloss_unihan,匸,2,2,0.030649185180664,0,0,0,,,,0,,,,,,0,,,,,
qwen3_0.6b_1024d,en_gloss_unihan,十,3,3,-0.0792270526289939,0,0,0,,,,0,,,,,,0,,,,,
qwen3_0.6b_1024d,en_gloss_unihan,卂,1,1,,0,0,0,,,,0,,,,,,0,,,,,
qwen3_0.6b_1024d,en_gloss_unihan,午,1,1,,0,0,0,,,,0,,,,,,0,,,,,
qwen3_0.6b_1024d,en_gloss_unihan,半,1,1,,0,0,0,,,,0,,,,,,0,,,,,
qwen3_0.6b_1024d,en_gloss_unihan,卜,1,1,,0,0,0,,,,0,,,,,,0,,,,,
qwen3_0.6b_1024d,en_gloss_unihan,卩,2,2,0.0697526931762695,0,0,0,,,,0,,,,,,0,,,,,
qwen3_0.6b_1024d,en_gloss_unihan,卵,2,2,-0.0821768641471862,0,0,0,,,,0,,,,,,0,,,,,
qwen3_0.6b_1024d,en_gloss_unihan,厂,3,3,-0.0120702581480145,0,0,0,,,,0,,,,,,0,,,,,
qwen3_0.6b_1024d,en_gloss_unihan,厶,1,1,,0,0,0,,,,0,,,,,,0,,,,,
qwen3_0.6b_1024d,en_gloss_unihan,去,1,1,,0,0,0,,,,0,,,,,,0,,,,,
qwen3_0.6b_1024d,en_gloss_unihan,又,2,2,-0.095849871635437,0,0,0,,,,0,,,,,,0,,,,,
qwen3_0.6b_1024d,en_gloss_unihan,口,164,150,0.0667866542935371,164,164,164,0.2397097997060727,0.2397097997060727,0.2397097997060727,164,0.0,0.0060975609756097,0.024390243902439,0.0063355979677193,1598.5,164,0.0060975609756097,0.0365853658536585,0.048780487804878,0.0249855633017433,582.5
qwen3_0.6b_1024d,en_gloss_unihan,可,1,1,,0,0,0,,,,0,,,,,,0,,,,,
qwen3_0.6b_1024d,en_gloss_unihan,吅,1,1,,0,0,0,,,,0,,,,,,0,,,,,
qwen3_0.6b_1024d,en_gloss_unihan,向,1,1,,0,0,0,,,,0,,,,,,0,,,,,
qwen3_0.6b_1024d,en_gloss_unihan,喜,1,1,,0,0,0,,,,0,,,,,,0,,,,,
qwen3_0.6b_1024d,en_gloss_unihan,囗,11,11,0.0775513723492622,11,11,11,0.2005034887485883,0.2005034887485883,0.2005034887485883,11,0.0,0.0,0.0,0.0093438372974236,668.0,11,0.0,0.0,0.0,0.0041560282261388,570.0
qwen3_0.6b_1024d,en_gloss_unihan,土,89,87,0.0441270172595977,89,89,89,0.1864097753037395,0.1864097753037395,0.1864097753037395,89,0.0112359550561797,0.0224719101123595,0.0224719101123595,0.0190554594654876,1572.0,89,0.0,0.0561797752808988,0.0674157303370786,0.0247638841994159,529.0
qwen3_0.6b_1024d,en_gloss_unihan,壬,1,1,,0,0,0,,,,0,,,,,,0,,,,,
qwen3_0.6b_1024d,en_gloss_unihan,壴,1,1,,0,0,0,,,,0,,,,,,0,,,,,
qwen3_0.6b_1024d,en_gloss_unihan,夂,2,2,0.1375259160995483,0,0,0,,,,0,,,,,,0,,,,,
qwen3_0.6b_1024d,en_gloss_unihan,夕,1,1,,0,0,0,,,,0,,,,,,0,,,,,
qwen3_0.6b_1024d,en_gloss_unihan,多,1,1,,0,0,0,,,,0,,,,,,0,,,,,
qwen3_0.6b_1024d,en_gloss_unihan,大,6,6,0.0322716385126113,6,6,0,0.0742285540327429,0.0742285540327429,,6,0.1666666666666666,0.1666666666666666,0.1666666666666666,0.1668580538845483,3857.5,6,0.0,0.0,0.1666666666666666,0.0294355974377126,664.0
qwen3_0.6b_1024d,en_gloss_unihan,夭,1,1,,0,0,0,,,,0,,,,,,0,,,,,
qwen3_0.6b_1024d,en_gloss_unihan,夸,1,1,,0,0,0,,,,0,,,,,,0,,,,,
qwen3_0.6b_1024d,en_gloss_unihan,女,102,100,0.0477596037089824,102,102,102,0.1998670047842989,0.1998670047842989,0.1998670047842989,102,0.0,0.0098039215686274,0.0196078431372549,0.0087708592179036,1776.5,102,0.0098039215686274,0.0294117647058823,0.0686274509803921,0.0288213997024057,472.0
qwen3_0.6b_1024d,en_gloss_unihan,子,6,6,0.1134269684553146,6,6,0,0.217200802018245,0.217200802018245,,6,0.0,0.0,0.0,0.0051600931923174,497.5,6,0.0,0.0,0.0,0.0027459273858942,504.5
qwen3_0.6b_1024d,en_gloss_unihan,學,1,1,,0,0,0,,,,0,,,,,,0,,,,,
qwen3_0.6b_1024d,en_gloss_unihan,宀,27,27,0.0234165620058774,27,27,27,0.1003071337213946,0.1003071337213946,0.1003071337213946,27,0.0,0.0,0.0,0.0008426249762026,3169.0,27,0.0,0.0,0.0,0.0029241277375906,478.0
qwen3_0.6b_1024d,en_gloss_unihan,寸,2,2,0.0215760469436645,0,0,0,,,,0,,,,,,0,,,,,
qwen3_0.6b_1024d,en_gloss_unihan,尢,1,1,,0,0,0,,,,0,,,,,,0,,,,,
qwen3_0.6b_1024d,en_gloss_unihan,尸,9,9,0.0276534426957368,9,9,9,0.0726628684335284,0.0726628684335284,0.0726628684335284,9,0.0,0.0,0.0,0.0082026236497604,4917.0,9,0.1111111111111111,0.1111111111111111,0.1111111111111111,0.1150145863559053,948.0
qwen3_0.6b_1024d,en_gloss_unihan,尺,1,1,,0,0,0,,,,0,,,,,,0,,,,,
qwen3_0.6b_1024d,en_gloss_unihan,履,3,3,0.3264694213867187,0,0,0,,,,0,,,,,,0,,,,,
qwen3_0.6b_1024d,en_gloss_unihan,山,51,50,0.1182266548275947,51,51,51,0.3224836211907221,0.3224836211907221,0.3224836211907221,51,0.0196078431372549,0.0588235294117647,0.0784313725490196,0.0393414218604217,246.0,51,0.0,0.0196078431372549,0.0196078431372549,0.0115514837936265,332.0
qwen3_0.6b_1024d,en_gloss_unihan,工,1,1,,0,0,0,,,,0,,,,,,0,,,,,
qwen3_0.6b_1024d,en_gloss_unihan,巫,1,1,,0,0,0,,,,0,,,,,,0,,,,,
qwen3_0.6b_1024d,en_gloss_unihan,巾,30,30,0.1035728901624679,30,30,30,0.286284154218932,0.286284154218932,0.286284154218932,30,0.0,0.0,0.0,0.0046529928947668,871.5,30,0.0,0.0333333333333333,0.0333333333333333,0.0146152125067592,570.0
qwen3_0.6b_1024d,en_gloss_unihan,幺,1,1,,0,0,0,,,,0,,,,,,0,,,,,
qwen3_0.6b_1024d,en_gloss_unihan,广,35,35,0.0410019569098949,35,35,35,0.1588705398674522,0.1588705398674522,0.1588705398674522,35,0.0571428571428571,0.1142857142857142,0.1428571428571428,0.0737662369070036,2204.0,35,0.0285714285714285,0.0857142857142857,0.0857142857142857,0.0619717495653949,474.0
qwen3_0.6b_1024d,en_gloss_unihan,庚,1,1,,0,0,0,,,,0,,,,,,0,,,,,
qwen3_0.6b_1024d,en_gloss_unihan,廾,2,2,-0.0818067789077758,0,0,0,,,,0,,,,,,0,,,,,
qwen3_0.6b_1024d,en_gloss_unihan,弓,13,13,0.0836486592888832,13,13,13,0.2137243879529146,0.2137243879529146,0.2137243879529146,13,0.0,0.0,0.0,0.0028386150078482,2575.0,13,0.0,0.0,0.0,0.0028711466387471,424.0
qwen3_0.6b_1024d,en_gloss_unihan,彡,7,7,0.0259002055972814,7,7,0,0.0676967645330088,0.0676967645330088,,7,0.0,0.0,0.0,0.0024144057314157,2749.0,7,0.0,0.1428571428571428,0.1428571428571428,0.0474169172963563,786.0
qwen3_0.6b_1024d,en_gloss_unihan,彣,1,1,,0,0,0,,,,0,,,,,,0,,,,,
qwen3_0.6b_1024d,en_gloss_unihan,彳,17,17,0.0386502332985401,17,17,17,0.1263400899136767,0.1263400899136767,0.1263400899136767,17,0.0,0.0,0.0588235294117647,0.0094928284790829,1045.0,17,0.0,0.0,0.0,0.0076800924982038,376.0
qwen3_0.6b_1024d,en_gloss_unihan,微,1,1,,0,0,0,,,,0,,,,,,0,,,,,
qwen3_0.6b_1024d,en_gloss_unihan,心,56,54,0.071113720536232,56,56,56,0.2386386025297854,0.2386386025297854,0.2386386025297854,56,0.0,0.0,0.0357142857142857,0.008528366360965,1186.0,56,0.0357142857142857,0.0535714285714285,0.0714285714285714,0.0520563289442966,542.0
qwen3_0.6b_1024d,en_gloss_unihan,忄,125,125,0.0807439535856247,125,125,125,0.2732775847539305,0.2732775847539305,0.2732775847539305,125,0.0,0.016,0.04,0.0131338562765065,1196.0,125,0.008,0.024,0.032,0.0196689057795189,519.0
qwen3_0.6b_1024d,en_gloss_unihan,恣,1,1,,0,0,0,,,,0,,,,,,0,,,,,
qwen3_0.6b_1024d,en_gloss_unihan,戈,11,11,0.0959490314126014,11,11,11,0.2280253788286989,0.2280253788286989,0.2280253788286989,11,0.0,0.0,0.0,0.0020933414978149,626.0,11,0.0,0.0,0.0,0.0087406192443203,501.0
qwen3_0.6b_1024d,en_gloss_unihan,戊,2,2,-0.1064925193786621,0,0,0,,,,0,,,,,,0,,,,,
qwen3_0.6b_1024d,en_gloss_unihan,戶,4,4,0.0554642677307128,4,0,0,0.1273057856597006,,,4,0.0,0.0,0.0,0.0004214281176203,3634.0,4,0.0,0.0,0.0,0.0013215253442436,832.5
qwen3_0.6b_1024d,en_gloss_unihan,手,10,9,0.0671691223978996,10,10,10,0.1422728316858411,0.1422728316858411,0.1422728316858411,10,0.0,0.0,0.0,0.0130525148257503,1817.0,10,0.0,0.0,0.0,0.0090253036905962,341.0
qwen3_0.6b_1024d,en_gloss_unihan,扌,203,190,0.0443426147103309,203,203,203,0.1954089447722903,0.1954089447722903,0.1954089447722903,203,0.0049261083743842,0.0098522167487684,0.0246305418719211,0.0138974542184574,1420.0,203,0.0295566502463054,0.0492610837438423,0.0689655172413793,0.0447870738310639,491.0
qwen3_0.6b_1024d,en_gloss_unihan,支,1,1,,0,0,0,,,,0,,,,,,0,,,,,
qwen3_0.6b_1024d,en_gloss_unihan,攴,2,2,0.0525052547454834,0,0,0,,,,0,,,,,,0,,,,,
qwen3_0.6b_1024d,en_gloss_unihan,攵,19,19,0.0089234802871942,19,19,19,0.0399192707662127,0.0399192707662127,0.0399192707662127,19,0.0,0.0526315789473684,0.1052631578947368,0.0204961475412128,2295.0,19,0.0526315789473684,0.1052631578947368,0.1052631578947368,0.0880277528538308,284.0
qwen3_0.6b_1024d,en_gloss_unihan,敕,1,1,,0,0,0,,,,0,,,,,,0,,,,,
qwen3_0.6b_1024d,en_gloss_unihan,文,1,1,,0,0,0,,,,0,,,,,,0,,,,,
qwen3_0.6b_1024d,en_gloss_unihan,斗,7,7,0.0155277932062745,7,7,0,0.0461502975917288,0.0461502975917288,,7,0.0,0.0,0.0,0.0004725555098146,4423.0,7,0.0,0.0,0.0,0.0014233392454475,837.0
qwen3_0.6b_1024d,en_gloss_unihan,斤,4,4,0.1146271228790283,4,0,0,0.1983914226293563,,,4,0.0,0.0,0.0,0.0096619287984247,1099.5,4,0.0,0.0,0.0,0.0022049728643036,504.5
qwen3_0.6b_1024d,en_gloss_unihan,日,64,61,0.0715516209602356,64,64,64,0.2472159162571188,0.2472159162571188,0.2472159162571188,64,0.015625,0.03125,0.03125,0.0263881393028673,544.0,64,0.015625,0.09375,0.109375,0.0523350041960277,473.5
qwen3_0.6b_1024d,en_gloss_unihan,旨,1,1,,0,0,0,,,,0,,,,,,0,,,,,
qwen3_0.6b_1024d,en_gloss_unihan,是,1,1,,0,0,0,,,,0,,,,,,0,,,,,
qwen3_0.6b_1024d,en_gloss_unihan,曰,1,1,,0,0,0,,,,0,,,,,,0,,,,,
qwen3_0.6b_1024d,en_gloss_unihan,月,8,8,0.1129220873117446,8,8,0,0.2461466733366251,0.2461466733366251,,8,0.125,0.125,0.125,0.1274623540598345,3173.5,8,0.0,0.0,0.0,0.0017041742906154,639.0
qwen3_0.6b_1024d,en_gloss_unihan,木,255,239,0.0648555383086204,255,255,255,0.2420782853356179,0.2420782853356179,0.2420782853356179,255,0.0039215686274509,0.0156862745098039,0.0196078431372549,0.0125939591919777,1759.0,255,0.0117647058823529,0.0352941176470588,0.0392156862745098,0.0253642588237706,530.0
qwen3_0.6b_1024d,en_gloss_unihan,東,2,2,0.0427932739257812,0,0,0,,,,0,,,,,,0,,,,,
qwen3_0.6b_1024d,en_gloss_unihan,林,5,5,0.0194012410938739,5,0,0,0.0516028087586164,,,5,0.0,0.0,0.0,0.0002014851040886,4393.0,5,0.0,0.0,0.0,0.0023627035448753,893.0
qwen3_0.6b_1024d,en_gloss_unihan,欠,25,24,0.0497223138809204,25,25,25,0.1643467450141906,0.1643467450141906,0.1643467450141906,25,0.0,0.0,0.0,0.0017084756771236,2357.0,25,0.0,0.0,0.0,0.004350405096707,597.0
qwen3_0.6b_1024d,en_gloss_unihan,止,2,2,0.0064508914947509,0,0,0,,,,0,,,,,,0,,,,,
qwen3_0.6b_1024d,en_gloss_unihan,步,1,1,,0,0,0,,,,0,,,,,,0,,,,,
qwen3_0.6b_1024d,en_gloss_unihan,歹,17,17,0.0751583725214004,17,17,17,0.2152952639495625,0.2152952639495625,0.2152952639495625,17,0.0588235294117647,0.0588235294117647,0.1176470588235294,0.0696044006606162,553.0,17,0.0588235294117647,0.0588235294117647,0.0588235294117647,0.0627188729726661,416.0
qwen3_0.6b_1024d,en_gloss_unihan,死,1,1,,0,0,0,,,,0,,,,,,0,,,,,
qwen3_0.6b_1024d,en_gloss_unihan,殳,2,2,0.0050201416015625,0,0,0,,,,0,,,,,,0,,,,,
qwen3_0.6b_1024d,en_gloss_unihan,比,1,1,,0,0,0,,,,0,,,,,,0,,,,,
qwen3_0.6b_1024d,en_gloss_unihan,毛,9,9,0.0854349806904792,9,9,9,0.1925874104102452,0.1925874104102452,0.1925874104102452,9,0.0,0.0,0.0,0.0043393139971042,399.0,9,0.0,0.1111111111111111,0.1111111111111111,0.040671068666877,441.0
qwen3_0.6b_1024d,en_gloss_unihan,民,1,1,,0,0,0,,,,0,,,,,,0,,,,,
qwen3_0.6b_1024d,en_gloss_unihan,气,2,2,0.1651484966278076,0,0,0,,,,0,,,,,,0,,,,,
qwen3_0.6b_1024d,en_gloss_unihan,水,4,4,0.088903784751892,4,0,0,0.1432423517107963,,,4,0.0,0.0,0.0,0.0015660203747184,3725.0,4,0.0,0.0,0.0,0.004990672074687,528.0
qwen3_0.6b_1024d,en_gloss_unihan,氵,316,278,0.0750125721096992,316,316,316,0.2582931015846803,0.2582931015846803,0.2582931015846803,316,0.0094936708860759,0.0126582278481012,0.0158227848101265,0.0150272220482923,1447.5,316,0.0094936708860759,0.0253164556962025,0.0348101265822784,0.0212140631176128,531.5
qwen3_0.6b_1024d,en_gloss_unihan,火,60,59,0.0946092084050178,60,60,60,0.2846963913490375,0.2846963913490375,0.2846963913490375,60,0.0333333333333333,0.1,0.1,0.058581509119945,576.5,60,0.0333333333333333,0.05,0.1166666666666666,0.0521893076936762,505.0
qwen3_0.6b_1024d,en_gloss_unihan,灬,3,3,0.0714983940124511,0,0,0,,,,0,,,,,,0,,,,,
qwen3_0.6b_1024d,en_gloss_unihan,爪,1,1,,0,0,0,,,,0,,,,,,0,,,,,
qwen3_0.6b_1024d,en_gloss_unihan,爭,1,1,,0,0,0,,,,0,,,,,,0,,,,,
qwen3_0.6b_1024d,en_gloss_unihan,父,1,1,,0,0,0,,,,0,,,,,,0,,,,,
qwen3_0.6b_1024d,en_gloss_unihan,爿,1,1,,0,0,0,,,,0,,,,,,0,,,,,
qwen3_0.6b_1024d,en_gloss_unihan,片,3,3,0.1710665971040725,0,0,0,,,,0,,,,,,0,,,,,
qwen3_0.6b_1024d,en_gloss_unihan,牛,1,1,,0,0,0,,,,0,,,,,,0,,,,,
qwen3_0.6b_1024d,en_gloss_unihan,牜,14,14,0.0544197782874107,14,14,14,0.152150167950562,0.152150167950562,0.152150167950562,14,0.0,0.0,0.0714285714285714,0.0132823293544123,1288.5,14,0.0,0.0714285714285714,0.0714285714285714,0.0270741947750161,154.0
qwen3_0.6b_1024d,en_gloss_unihan,犬,5,5,-0.0010432958370074,5,0,0,-0.001364064682275,,,5,0.0,0.0,0.0,0.002566407323984,2384.0,5,0.0,0.0,0.0,0.0086842209985001,522.0
qwen3_0.6b_1024d,en_gloss_unihan,犭,39,39,0.0666566267609596,39,39,39,0.2245765334138503,0.2245765334138503,0.2245765334138503,39,0.0,0.0,0.0,0.0014133941689841,2043.0,39,0.0,0.0,0.0,0.0025688807334246,649.0
qwen3_0.6b_1024d,en_gloss_unihan,玄,1,1,,0,0,0,,,,0,,,,,,0,,,,,
qwen3_0.6b_1024d,en_gloss_unihan,玉,3,3,0.1455381661653518,0,0,0,,,,0,,,,,,0,,,,,
qwen3_0.6b_1024d,en_gloss_unihan,王,78,76,0.1258919984102249,78,78,78,0.3391148520347017,0.3391148520347017,0.3391148520347017,78,0.0,0.0128205128205128,0.0256410256410256,0.0123291551979226,328.5,78,0.0,0.0128205128205128,0.0256410256410256,0.0112335697927203,603.0
qwen3_0.6b_1024d,en_gloss_unihan,瓜,2,2,0.2021901607513427,0,0,0,,,,0,,,,,,0,,,,,
qwen3_0.6b_1024d,en_gloss_unihan,瓦,7,7,0.1565044224262237,7,7,0,0.2854964083858898,0.2854964083858898,,7,0.0,0.0,0.0,0.005361227235287,834.0,7,0.0,0.0,0.0,0.002386195624659,421.0
qwen3_0.6b_1024d,en_gloss_unihan,田,13,13,0.0394244082272052,13,13,13,0.1165605498334536,0.1165605498334536,0.1165605498334536,13,0.0,0.0,0.0,0.0030148127511935,1768.0,13,0.0,0.0,0.0,0.0162348377317127,494.0
qwen3_0.6b_1024d,en_gloss_unihan,申,1,1,,0,0,0,,,,0,,,,,,0,,,,,
qwen3_0.6b_1024d,en_gloss_unihan,男,2,2,0.2059447765350341,0,0,0,,,,0,,,,,,0,,,,,
qwen3_0.6b_1024d,en_gloss_unihan,畢,1,1,,0,0,0,,,,0,,,,,,0,,,,,
qwen3_0.6b_1024d,en_gloss_unihan,疒,73,69,0.1317934244871139,73,73,73,0.3400090797740507,0.3400090797740507,0.3400090797740507,73,0.0,0.0,0.0,0.0047108062158268,592.0,73,0.0,0.0,0.0136986301369863,0.0061962046605308,489.0
qwen3_0.6b_1024d,en_gloss_unihan,癶,1,1,,0,0,0,,,,0,,,,,,0,,,,,
qwen3_0.6b_1024d,en_gloss_unihan,白,7,7,0.1352703422307968,7,7,0,0.2629548174196056,0.2629548174196056,,7,0.0,0.0,0.1428571428571428,0.024476640079404,443.0,7,0.0,0.0,0.0,0.0065132534530577,294.0
qwen3_0.6b_1024d,en_gloss_unihan,皮,3,3,0.0714596137404441,0,0,0,,,,0,,,,,,0,,,,,
qwen3_0.6b_1024d,en_gloss_unihan,皿,11,11,0.0436295084655284,11,11,11,0.1253276050768115,0.1253276050768115,0.1253276050768115,11,0.0,0.0,0.0,0.0069010197189727,1316.0,11,0.0,0.0,0.0909090909090909,0.0120991730844756,564.0
qwen3_0.6b_1024d,en_gloss_unihan,目,51,51,0.1160218492150306,51,51,51,0.3181498936359204,0.3181498936359204,0.3181498936359204,51,0.0,0.0,0.0196078431372549,0.0156642607844862,210.0,51,0.0,0.0196078431372549,0.0196078431372549,0.0078332221027913,583.0
qwen3_0.6b_1024d,en_gloss_unihan,矛,1,1,,0,0,0,,,,0,,,,,,0,,,,,
qwen3_0.6b_1024d,en_gloss_unihan,矢,6,6,0.0065431594848632,6,6,0,0.0166357321043809,0.0166357321043809,,6,0.0,0.0,0.0,0.0002702904534564,4593.0,6,0.0,0.0,0.0,0.0040062679054604,639.0
qwen3_0.6b_1024d,en_gloss_unihan,石,56,53,0.064319796860218,56,56,56,0.2205830640325854,0.2205830640325854,0.2205830640325854,56,0.0178571428571428,0.0178571428571428,0.0357142857142857,0.0221024637440914,1627.0,56,0.0178571428571428,0.0357142857142857,0.0535714285714285,0.0322769357201339,614.5
qwen3_0.6b_1024d,en_gloss_unihan,示,5,5,0.0392277240753173,5,0,0,0.0729078002274036,,,5,0.0,0.0,0.0,0.0007118270058669,5482.0,5,0.0,0.0,0.0,0.0051095804363274,799.0
qwen3_0.6b_1024d,en_gloss_unihan,礻,36,36,0.0731912031769752,36,36,36,0.2334048784751859,0.2334048784751859,0.2334048784751859,36,0.0,0.0,0.0555555555555555,0.0101136255120601,679.0,36,0.0,0.0277777777777777,0.0833333333333333,0.0232243203317292,517.0
qwen3_0.6b_1024d,en_gloss_unihan,禾,44,44,0.0472596324980258,44,44,44,0.1809157997539097,0.1809157997539097,0.1809157997539097,44,0.0,0.0454545454545454,0.0454545454545454,0.0171908170452506,1167.0,44,0.0,0.0681818181818181,0.0909090909090909,0.0241483255713568,450.0
qwen3_0.6b_1024d,en_gloss_unihan,穴,27,27,0.0543301030993461,27,27,27,0.185639850795269,0.185639850795269,0.185639850795269,27,0.037037037037037,0.037037037037037,0.037037037037037,0.0390220167452449,1628.0,27,0.037037037037037,0.037037037037037,0.037037037037037,0.0412725975441192,603.0
qwen3_0.6b_1024d,en_gloss_unihan,立,5,5,-0.0041404487565159,5,0,0,-0.0083223332650959,,,5,0.0,0.0,0.0,0.0004565889528571,3196.0,5,0.0,0.0,0.0,0.0018403199145342,697.0
qwen3_0.6b_1024d,en_gloss_unihan,竹,105,101,0.0841114595532417,105,105,105,0.2720912226342729,0.2720912226342729,0.2720912226342729,105,0.0,0.0095238095238095,0.019047619047619,0.010517355436205,1092.0,105,0.0,0.0095238095238095,0.019047619047619,0.0111772221967578,540.0
qwen3_0.6b_1024d,en_gloss_unihan,箕,1,1,,0,0,0,,,,0,,,,,,0,,,,,
qwen3_0.6b_1024d,en_gloss_unihan,米,26,26,0.1011527776718139,26,26,26,0.2753651184746279,0.2753651184746279,0.2753651184746279,26,0.0,0.0,0.0,0.0100373085649676,594.0,26,0.0,0.0384615384615384,0.0384615384615384,0.0118748056379403,808.0
qwen3_0.6b_1024d,en_gloss_unihan,糸,160,154,0.0572466030716896,160,160,160,0.2262136601551901,0.2262136601551901,0.2262136601551901,160,0.0,0.0,0.00625,0.0031045931348902,1418.0,160,0.00625,0.0125,0.025,0.0154160643340949,508.5
qwen3_0.6b_1024d,en_gloss_unihan,縣,1,1,,0,0,0,,,,0,,,,,,0,,,,,
qwen3_0.6b_1024d,en_gloss_unihan,缶,3,3,0.0604509897530078,0,0,0,,,,0,,,,,,0,,,,,
qwen3_0.6b_1024d,en_gloss_unihan,网,1,1,,0,0,0,,,,0,,,,,,0,,,,,
qwen3_0.6b_1024d,en_gloss_unihan,罒,5,5,0.043366003781557,5,0,0,0.078205244988203,,,5,0.0,0.0,0.0,0.0005985693672483,1596.0,5,0.0,0.0,0.0,0.0026025126075357,503.0
qwen3_0.6b_1024d,en_gloss_unihan,羊,8,8,0.0733517780900001,8,8,0,0.1688577616587281,0.1688577616587281,,8,0.0,0.0,0.0,0.0036264704637425,920.0,8,0.0,0.0,0.0,0.0016112430314113,761.0
qwen3_0.6b_1024d,en_gloss_unihan,羽,20,20,0.0911960825324058,20,20,20,0.2474649214651435,0.2474649214651435,0.2474649214651435,20,0.0,0.0,0.05,0.0144159924403527,629.0,20,0.0,0.0,0.0,0.0042122820986573,646.0
qwen3_0.6b_1024d,en_gloss_unihan,習,1,1,,0,0,0,,,,0,,,,,,0,,,,,
qwen3_0.6b_1024d,en_gloss_unihan,老,3,3,0.2709114551544189,0,0,0,,,,0,,,,,,0,,,,,
qwen3_0.6b_1024d,en_gloss_unihan,耂,1,1,,0,0,0,,,,0,,,,,,0,,,,,
qwen3_0.6b_1024d,en_gloss_unihan,耒,7,7,0.035771869122982,7,7,0,0.0955609322658607,0.0955609322658607,,7,0.0,0.0,0.0,0.0021571504117385,2461.0,7,0.0,0.0,0.0,0.0022773020925964,737.0
qwen3_0.6b_1024d,en_gloss_unihan,耳,9,9,0.0404304414987564,9,9,9,0.1041550880504979,0.1041550880504979,0.1041550880504979,9,0.0,0.0,0.0,0.0007030322720516,1632.0,9,0.0,0.0,0.0,0.0055371498415344,453.0
qwen3_0.6b_1024d,en_gloss_unihan,肉,106,100,0.0740216895937919,106,106,106,0.2533384410418429,0.2533384410418429,0.2533384410418429,106,0.0094339622641509,0.0094339622641509,0.0094339622641509,0.0114301028603942,2163.5,106,0.0188679245283018,0.0283018867924528,0.0377358490566037,0.0261830551576907,655.0
qwen3_0.6b_1024d,en_gloss_unihan,臣,1,1,,0,0,0,,,,0,,,,,,0,,,,,
qwen3_0.6b_1024d,en_gloss_unihan,臤,1,1,,0,0,0,,,,0,,,,,,0,,,,,
qwen3_0.6b_1024d,en_gloss_unihan,臥,1,1,,0,0,0,,,,0,,,,,,0,,,,,
qwen3_0.6b_1024d,en_gloss_unihan,自,1,1,,0,0,0,,,,0,,,,,,0,,,,,
qwen3_0.6b_1024d,en_gloss_unihan,至,2,2,0.2250466346740722,0,0,0,,,,0,,,,,,0,,,,,
qwen3_0.6b_1024d,en_gloss_unihan,舌,1,1,,0,0,0,,,,0,,,,,,0,,,,,
qwen3_0.6b_1024d,en_gloss_unihan,舛,1,1,,0,0,0,,,,0,,,,,,0,,,,,
qwen3_0.6b_1024d,en_gloss_unihan,舟,16,16,0.2409038841724395,16,16,16,0.4488110179081559,0.4488110179081559,0.4488110179081559,16,0.0,0.0,0.1875,0.0497171891804391,32.0,16,0.0,0.0,0.0,0.0043131915885723,676.5
qwen3_0.6b_1024d,en_gloss_unihan,色,1,1,,0,0,0,,,,0,,,,,,0,,,,,
qwen3_0.6b_1024d,en_gloss_unihan,艹,270,242,0.1040471568703651,270,270,270,0.303331200785383,0.303331200785383,0.303331200785383,270,0.0037037037037037,0.0148148148148148,0.0148148148148148,0.0119153002333103,1121.5,270,0.0037037037037037,0.0185185185185185,0.0259259259259259,0.015160479721332,577.5
qwen3_0.6b_1024d,en_gloss_unihan,蕇,1,1,,0,0,0,,,,0,,,,,,0,,,,,
qwen3_0.6b_1024d,en_gloss_unihan,虍,3,3,0.1070608273148536,0,0,0,,,,0,,,,,,0,,,,,
qwen3_0.6b_1024d,en_gloss_unihan,虎,1,1,,0,0,0,,,,0,,,,,,0,,,,,
qwen3_0.6b_1024d,en_gloss_unihan,虫,124,117,0.1508700847625732,124,124,124,0.374707952832743,0.374707952832743,0.374707952832743,124,0.0,0.0241935483870967,0.0241935483870967,0.0131715751474009,371.0,124,0.0,0.0,0.0080645161290322,0.0051915819584457,623.0
qwen3_0.6b_1024d,en_gloss_unihan,血,4,4,0.1176104918122291,4,0,0,0.2004450410604477,,,4,0.0,0.0,0.0,0.003100249068506,476.0,4,0.0,0.0,0.0,0.0132399949728973,528.5
qwen3_0.6b_1024d,en_gloss_unihan,行,7,7,0.0219027772545814,7,7,0,0.0580049620143004,0.0580049620143004,,7,0.0,0.1428571428571428,0.1428571428571428,0.0717000929665922,3974.0,7,0.0,0.1428571428571428,0.1428571428571428,0.0727693948083307,822.0
qwen3_0.6b_1024d,en_gloss_unihan,衣,18,18,0.0733610168099403,18,18,18,0.209476730475823,0.209476730475823,0.209476730475823,18,0.0,0.0,0.0,0.0025767306069377,1282.0,18,0.0,0.0,0.0,0.004998015399129,713.5
qwen3_0.6b_1024d,en_gloss_unihan,衤,57,56,0.1032154634594917,57,57,57,0.2975411181289114,0.2975411181289114,0.2975411181289114,57,0.0,0.0,0.0,0.0091570328173251,603.0,57,0.0,0.0175438596491228,0.0175438596491228,0.0084194808707284,575.0
qwen3_0.6b_1024d,en_gloss_unihan,襾,1,1,,0,0,0,,,,0,,,,,,0,,,,,
qwen3_0.6b_1024d,en_gloss_unihan,覀,1,1,,0,0,0,,,,0,,,,,,0,,,,,
qwen3_0.6b_1024d,en_gloss_unihan,見,8,8,0.0379793457686901,8,8,0,0.0896071658935397,0.0896071658935397,,8,0.0,0.0,0.0,0.0081702035172268,1769.0,8,0.0,0.0,0.0,0.0045263740092146,708.5
qwen3_0.6b_1024d,en_gloss_unihan,角,9,9,0.0672325938940048,9,9,9,0.1605084447397126,0.1605084447397126,0.1605084447397126,9,0.0,0.0,0.0,0.0008496919932165,1813.0,9,0.0,0.0,0.0,0.0026049408268174,542.0
qwen3_0.6b_1024d,en_gloss_unihan,言,150,143,0.0438140667974948,150,150,150,0.1922347739959756,0.1922347739959756,0.1922347739959756,150,0.0133333333333333,0.02,0.04,0.0203712933594103,1437.5,150,0.02,0.0533333333333333,0.0533333333333333,0.0410243596203041,503.0
qwen3_0.6b_1024d,en_gloss_unihan,谷,2,2,-0.0585802793502807,0,0,0,,,,0,,,,,,0,,,,,
qwen3_0.6b_1024d,en_gloss_unihan,豆,2,2,0.1046847105026245,0,0,0,,,,0,,,,,,0,,,,,
qwen3_0.6b_1024d,en_gloss_unihan,豕,6,6,0.2631252706050873,6,6,0,0.429077750382324,0.429077750382324,,6,0.1666666666666666,0.3333333333333333,0.6666666666666666,0.264770359790685,8.5,6,0.0,0.0,0.0,0.0089004509586582,156.5
qwen3_0.6b_1024d,en_gloss_unihan,象,1,1,,0,0,0,,,,0,,,,,,0,,,,,
qwen3_0.6b_1024d,en_gloss_unihan,豸,12,12,0.1092426553368568,12,12,12,0.258154792090257,0.258154792090257,0.258154792090257,12,0.0,0.0,0.0,0.0031511746443138,963.0,12,0.0,0.0,0.0,0.0046724159939833,639.0
qwen3_0.6b_1024d,en_gloss_unihan,貝,44,42,0.0581929348409175,44,44,44,0.1999664082699878,0.1999664082699878,0.1999664082699878,44,0.0,0.0,0.0,0.0085383910899442,892.0,44,0.0,0.0,0.0,0.0074591607937875,319.0
qwen3_0.6b_1024d,en_gloss_unihan,赤,2,2,0.2285782098770141,0,0,0,,,,0,,,,,,0,,,,,
qwen3_0.6b_1024d,en_gloss_unihan,走,16,16,0.0291803367435932,16,16,16,0.0966370007954537,0.0966370007954537,0.0966370007954537,16,0.0,0.0,0.0,0.0022808595108603,3349.5,16,0.0,0.0,0.0,0.0056656761566805,736.0
qwen3_0.6b_1024d,en_gloss_unihan,足,3,3,-0.0008262793417088,0,0,0,,,,0,,,,,,0,,,,,
qwen3_0.6b_1024d,en_gloss_unihan,身,3,3,0.0481677837669849,0,0,0,,,,0,,,,,,0,,,,,
qwen3_0.6b_1024d,en_gloss_unihan,車,53,53,0.0737565159797668,53,53,53,0.2460094580321379,0.2460094580321379,0.2460094580321379,53,0.0,0.0,0.0188679245283018,0.0050699012699911,1278.0,53,0.0,0.0,0.0188679245283018,0.0079410770137063,421.0
qwen3_0.6b_1024d,en_gloss_unihan,辛,2,2,0.040523886680603,0,0,0,,,,0,,,,,,0,,,,,
qwen3_0.6b_1024d,en_gloss_unihan,辶,69,69,0.0428964383900165,69,69,69,0.1820013881728485,0.1820013881728485,0.1820013881728485,69,0.0,0.0144927536231884,0.0144927536231884,0.0075224671252399,1745.0,69,0.0144927536231884,0.0144927536231884,0.0289855072463768,0.0208135316656833,589.0
qwen3_0.6b_1024d,en_gloss_unihan,邑,1,1,,0,0,0,,,,0,,,,,,0,,,,,
qwen3_0.6b_1024d,en_gloss_unihan,酉,32,31,0.0984798818826675,32,32,32,0.2693531893310137,0.2693531893310137,0.2693531893310137,32,0.0,0.0,0.0,0.0054130873187434,1182.5,32,0.0,0.0,0.0,0.0021814318028893,571.5
qwen3_0.6b_1024d,en_gloss_unihan,釆,2,2,-0.1035667061805725,0,0,0,,,,0,,,,,,0,,,,,
qwen3_0.6b_1024d,en_gloss_unihan,里,1,1,,0,0,0,,,,0,,,,,,0,,,,,
qwen3_0.6b_1024d,en_gloss_unihan,金,1,1,,0,0,0,,,,0,,,,,,0,,,,,
qwen3_0.6b_1024d,en_gloss_unihan,釒,136,130,0.0584059059619903,136,136,136,0.2236261988496955,0.2236261988496955,0.2236261988496955,136,0.0073529411764705,0.0073529411764705,0.0073529411764705,0.0097156418155319,1911.5,136,0.0147058823529411,0.0147058823529411,0.0220588235294117,0.0204771278011369,436.5
qwen3_0.6b_1024d,en_gloss_unihan,門,31,31,0.0634514912962913,31,31,31,0.2110125597926878,0.2110125597926878,0.2110125597926878,31,0.032258064516129,0.032258064516129,0.0967741935483871,0.0400129324061124,1741.0,31,0.032258064516129,0.064516129032258,0.064516129032258,0.0517373489895395,550.0
qwen3_0.6b_1024d,en_gloss_unihan,阝,118,110,0.089555375277996,118,118,118,0.2836071127054865,0.2836071127054865,0.2836071127054865,118,0.0,0.0,0.0084745762711864,0.0061115163584791,1154.5,118,0.0,0.0254237288135593,0.0338983050847457,0.0170868189897332,598.5
qwen3_0.6b_1024d,en_gloss_unihan,隹,14,14,0.0356295853853225,14,14,14,0.115117693852101,0.115117693852101,0.115117693852101,14,0.0,0.0,0.0,0.0011117423862387,2441.5,14,0.0,0.0,0.0,0.0024404784690327,731.0
qwen3_0.6b_1024d,en_gloss_unihan,雈,1,1,,0,0,0,,,,0,,,,,,0,,,,,
qwen3_0.6b_1024d,en_gloss_unihan,雨,26,26,0.1068955957889556,26,26,26,0.2861879724436081,0.2861879724436081,0.2861879724436081,26,0.0,0.0384615384615384,0.0384615384615384,0.014200941084846,469.5,26,0.0384615384615384,0.0384615384615384,0.0384615384615384,0.043638336924894,396.0
qwen3_0.6b_1024d,en_gloss_unihan,雲,2,2,0.5163223743438721,0,0,0,,,,0,,,,,,0,,,,,
qwen3_0.6b_1024d,en_gloss_unihan,非,1,1,,0,0,0,,,,0,,,,,,0,,,,,
qwen3_0.6b_1024d,en_gloss_unihan,面,2,2,0.088030457496643,0,0,0,,,,0,,,,,,0,,,,,
qwen3_0.6b_1024d,en_gloss_unihan,革,30,30,0.08901297301054,30,30,30,0.2598368058602015,0.2598368058602015,0.2598368058602015,30,0.0,0.0,0.0,0.0027399016587548,870.5,30,0.0333333333333333,0.0333333333333333,0.0333333333333333,0.0372877117870299,509.0
qwen3_0.6b_1024d,en_gloss_unihan,韋,8,8,0.0842026993632316,8,8,0,0.1823609936982393,0.1823609936982393,,8,0.0,0.0,0.0,0.0016194862631902,648.0,8,0.0,0.0,0.0,0.0017267483929218,804.5
qwen3_0.6b_1024d,en_gloss_unihan,韮,1,1,,0,0,0,,,,0,,,,,,0,,,,,
qwen3_0.6b_1024d,en_gloss_unihan,音,3,3,0.0643917694687843,0,0,0,,,,0,,,,,,0,,,,,
qwen3_0.6b_1024d,en_gloss_unihan,頁,42,42,0.0297711119055748,42,42,42,0.1308352747000754,0.1308352747000754,0.1308352747000754,42,0.0,0.0,0.0,0.0017194077709839,2415.5,42,0.0,0.0,0.0,0.0068105720857459,579.5
qwen3_0.6b_1024d,en_gloss_unihan,風,9,9,0.1552044600248336,9,9,9,0.3072936998473273,0.3072936998473273,0.3072936998473273,9,0.1111111111111111,0.2222222222222222,0.3333333333333333,0.1527620470916076,222.0,9,0.0,0.1111111111111111,0.1111111111111111,0.0316526932183008,192.0
qwen3_0.6b_1024d,en_gloss_unihan,食,5,5,0.0434303283691406,5,0,0,0.0842567048966884,,,5,0.0,0.0,0.0,0.0006187859688209,3750.0,5,0.0,0.0,0.0,0.0030240848913597,420.0
qwen3_0.6b_1024d,en_gloss_unihan,飠,36,36,0.0995583087205886,36,36,36,0.2831335448297775,0.2831335448297775,0.2831335448297775,36,0.0,0.0,0.0,0.0054461896726927,766.5,36,0.0,0.0,0.0277777777777777,0.0080253979347194,609.5
qwen3_0.6b_1024d,en_gloss_unihan,首,2,2,0.049956202507019,0,0,0,,,,0,,,,,,0,,,,,
qwen3_0.6b_1024d,en_gloss_unihan,香,1,1,,0,0,0,,,,0,,,,,,0,,,,,
qwen3_0.6b_1024d,en_gloss_unihan,馬,57,57,0.0897369012236595,57,57,57,0.2778457087431952,0.2778457087431952,0.2778457087431952,57,0.0,0.0175438596491228,0.0526315789473684,0.0122707777467274,1092.0,57,0.0350877192982456,0.0350877192982456,0.0350877192982456,0.0412195548427538,591.0
qwen3_0.6b_1024d,en_gloss_unihan,骨,13,13,0.1498251408338546,13,13,13,0.3211010963870929,0.3211010963870929,0.3211010963870929,13,0.0,0.0,0.0769230769230769,0.0143611444717507,362.0,13,0.0,0.0,0.0,0.0027502346299203,800.0
qwen3_0.6b_1024d,en_gloss_unihan,高,1,1,,0,0,0,,,,0,,,,,,0,,,,,
qwen3_0.6b_1024d,en_gloss_unihan,髟,16,16,0.104440338909626,16,16,16,0.2600596085540019,0.2600596085540019,0.2600596085540019,16,0.0,0.125,0.1875,0.0658597113401216,273.0,16,0.0,0.125,0.125,0.0397339754380749,177.0
qwen3_0.6b_1024d,en_gloss_unihan,鬥,3,3,0.0992694720625877,0,0,0,,,,0,,,,,,0,,,,,
qwen3_0.6b_1024d,en_gloss_unihan,鬼,11,11,0.1277172416448593,11,11,11,0.2790144272148609,0.2790144272148609,0.2790144272148609,11,0.0,0.0,0.0,0.0152903111972994,133.0,11,0.0,0.0,0.0,0.0043615263303653,567.0
qwen3_0.6b_1024d,en_gloss_unihan,魚,48,47,0.2148291021585464,48,48,48,0.4408626942895353,0.4408626942895353,0.4408626942895353,48,0.0,0.0416666666666666,0.1041666666666666,0.0325831452327111,151.0,48,0.0,0.0,0.0,0.0034170452540497,544.5
qwen3_0.6b_1024d,en_gloss_unihan,鳥,62,60,0.1984207928180694,62,62,62,0.4250448149058126,0.4250448149058126,0.4250448149058126,62,0.0,0.0,0.064516129032258,0.0186076848578788,155.5,62,0.0,0.0,0.0,0.0055762528252665,621.5
qwen3_0.6b_1024d,en_gloss_unihan,鹵,3,3,0.3695541322231293,0,0,0,,,,0,,,,,,0,,,,,
qwen3_0.6b_1024d,en_gloss_unihan,鹽,1,1,,0,0,0,,,,0,,,,,,0,,,,,
qwen3_0.6b_1024d,en_gloss_unihan,鹿,7,7,0.1927238404750824,7,7,0,0.3451758005789348,0.3451758005789348,,7,0.0,0.2857142857142857,0.2857142857142857,0.1046077782865183,213.0,7,0.0,0.0,0.0,0.0044097154484915,870.0
qwen3_0.6b_1024d,en_gloss_unihan,麥,4,4,0.099947452545166,4,0,0,0.1599395293742418,,,4,0.0,0.25,0.25,0.1276731169684801,657.5,4,0.0,0.0,0.0,0.002770965212776,648.0
qwen3_0.6b_1024d,en_gloss_unihan,麻,1,1,,0,0,0,,,,0,,,,,,0,,,,,
qwen3_0.6b_1024d,en_gloss_unihan,黍,2,2,0.4206247329711914,0,0,0,,,,0,,,,,,0,,,,,
qwen3_0.6b_1024d,en_gloss_unihan,黑,17,17,0.0956601798534393,17,17,17,0.2484263409586513,0.2484263409586513,0.2484263409586513,17,0.0,0.0,0.0,0.0028579350528893,734.0,17,0.0,0.0,0.0,0.0051491071752937,476.0
qwen3_0.6b_1024d,en_gloss_unihan,黹,2,2,0.2809016704559326,0,0,0,,,,0,,,,,,0,,,,,
qwen3_0.6b_1024d,en_gloss_unihan,黽,1,1,,0,0,0,,,,0,,,,,,0,,,,,
qwen3_0.6b_1024d,en_gloss_unihan,鼎,2,2,0.2970583438873291,0,0,0,,,,0,,,,,,0,,,,,
qwen3_0.6b_1024d,en_gloss_unihan,鼓,4,4,0.3056023120880127,4,0,0,0.4201940819621086,,,4,0.0,0.5,0.75,0.1692650103519669,6.0,4,0.0,0.0,0.0,0.002026196143183,599.0
qwen3_0.6b_1024d,en_gloss_unihan,鼠,5,5,0.1318343579769134,5,0,0,0.228386977314949,,,5,0.0,0.0,0.0,0.0025550101083153,593.0,5,0.0,0.0,0.0,0.0098929520798009,768.0
qwen3_0.6b_1024d,en_gloss_unihan,鼻,2,2,0.1944657564163208,0,0,0,,,,0,,,,,,0,,,,,
qwen3_0.6b_1024d,en_gloss_unihan,齒,16,15,0.1537548303604126,16,16,16,0.3350787311792373,0.3350787311792373,0.3350787311792373,16,0.0,0.0,0.0625,0.026136802915185,171.5,16,0.0,0.0,0.0,0.0060979116425339,668.0
qwen3_0.6b_1024d,en_gloss_unihan,龍,1,1,,0,0,0,,,,0,,,,,,0,,,,,
qwen3_0.6b_1024d,en_gloss_unihan,龠,2,2,0.1827058792114257,0,0,0,,,,0,,,,,,0,,,,,
qwen3_0.6b_1024d,en_gloss_unihan,𠘨,1,1,,0,0,0,,,,0,,,,,,0,,,,,
qwen3_0.6b_1024d,en_gloss_unihan,𠚕,1,1,,0,0,0,,,,0,,,,,,0,,,,,
qwen3_0.6b_1024d,en_gloss_unihan,𠫓,1,1,,0,0,0,,,,0,,,,,,0,,,,,
qwen3_0.6b_1024d,en_gloss_unihan,𡱕,1,1,,0,0,0,,,,0,,,,,,0,,,,,
qwen3_0.6b_1024d,en_gloss_unihan,𢆶,1,1,,0,0,0,,,,0,,,,,,0,,,,,
qwen3_0.6b_1024d,en_gloss_unihan,𣶒,1,1,,0,0,0,,,,0,,,,,,0,,,,,
qwen3_0.6b_1024d,en_gloss_unihan,𤤴,3,3,0.3700461387634277,0,0,0,,,,0,,,,,,0,,,,,
qwen3_0.6b_1024d,en_gloss_unihan,𦍌,1,1,,0,0,0,,,,0,,,,,,0,,,,,
qwen3_0.6b_1024d,en_gloss_unihan,𧾷,65,64,0.0892166271805763,65,65,65,0.2753939141734288,0.2753939141734288,0.2753939141734288,65,0.0,0.0153846153846153,0.0153846153846153,0.0077866235998409,472.0,65,0.0153846153846153,0.0307692307692307,0.0461538461538461,0.0314788911484199,519.0
qwen3_0.6b_1024d,zh_char,⺝,1,1,,0,0,0,,,,0,,,,,,0,,,,,
qwen3_0.6b_1024d,zh_char,㐬,1,1,,0,0,0,,,,0,,,,,,0,,,,,
qwen3_0.6b_1024d,zh_char,㐭,1,1,,0,0,0,,,,0,,,,,,0,,,,,
qwen3_0.6b_1024d,zh_char,㐺,1,1,,0,0,0,,,,0,,,,,,0,,,,,
qwen3_0.6b_1024d,zh_char,㔾,1,1,,0,0,0,,,,0,,,,,,0,,,,,
qwen3_0.6b_1024d,zh_char,㗊,1,1,,0,0,0,,,,0,,,,,,0,,,,,
qwen3_0.6b_1024d,zh_char,㝱,3,3,0.1697820872068405,0,0,0,,,,0,,,,,,0,,,,,
qwen3_0.6b_1024d,zh_char,㣺,2,2,0.0059913396835327,0,0,0,,,,0,,,,,,0,,,,,
qwen3_0.6b_1024d,zh_char,㫃,14,14,0.0719966888427734,14,14,14,0.1904393725895456,0.1904393725895456,0.1904393725895456,14,0.0,0.0,0.0,0.0056654012667614,2426.0,14,0.0,0.0,0.0,0.0053589535991473,334.0
qwen3_0.6b_1024d,zh_char,㹜,1,1,,0,0,0,,,,0,,,,,,0,,,,,
qwen3_0.6b_1024d,zh_char,㾜,1,1,,0,0,0,,,,0,,,,,,0,,,,,
qwen3_0.6b_1024d,zh_char,䀠,1,1,,0,0,0,,,,0,,,,,,0,,,,,
qwen3_0.6b_1024d,zh_char,䖵,5,5,0.0755232572555542,5,0,0,0.1437654078006744,,,5,0.0,0.0,0.0,0.0068321728674752,341.0,5,0.0,0.0,0.0,0.0115685752807886,1004.0
qwen3_0.6b_1024d,zh_char,一,3,3,-0.004380464553833,0,0,0,,,,0,,,,,,0,,,,,
qwen3_0.6b_1024d,zh_char,丂,1,1,,0,0,0,,,,0,,,,,,0,,,,,
qwen3_0.6b_1024d,zh_char,与,1,1,,0,0,0,,,,0,,,,,,0,,,,,
qwen3_0.6b_1024d,zh_char,丠,1,1,,0,0,0,,,,0,,,,,,0,,,,,
qwen3_0.6b_1024d,zh_char,丮,1,1,,0,0,0,,,,0,,,,,,0,,,,,
qwen3_0.6b_1024d,zh_char,乑,1,1,,0,0,0,,,,0,,,,,,0,,,,,
qwen3_0.6b_1024d,zh_char,乙,3,3,-0.0643950328230857,0,0,0,,,,0,,,,,,0,,,,,
qwen3_0.6b_1024d,zh_char,二,2,2,-0.0174530744552612,0,0,0,,,,0,,,,,,0,,,,,
qwen3_0.6b_1024d,zh_char,云,1,1,,0,0,0,,,,0,,,,,,0,,,,,
qwen3_0.6b_1024d,zh_char,京,1,1,,0,0,0,,,,0,,,,,,0,,,,,
qwen3_0.6b_1024d,zh_char,人,2,2,-0.0460252165794372,0,0,0,,,,0,,,,,,0,,,,,
qwen3_0.6b_1024d,zh_char,亻,201,184,0.0240064933896064,201,201,201,0.1361549598540165,0.1361549598540165,0.1361549598540165,201,0.0298507462686567,0.044776119402985,0.0597014925373134,0.043195264740906,1867.0,201,0.044776119402985,0.0845771144278607,0.1094527363184079,0.0764453436157545,256.0
qwen3_0.6b_1024d,zh_char,儿,2,2,0.0495249032974243,0,0,0,,,,0,,,,,,0,,,,,
qwen3_0.6b_1024d,zh_char,光,1,1,,0,0,0,,,,0,,,,,,0,,,,,
qwen3_0.6b_1024d,zh_char,兮,1,1,,0,0,0,,,,0,,,,,,0,,,,,
qwen3_0.6b_1024d,zh_char,共,1,1,,0,0,0,,,,0,,,,,,0,,,,,
qwen3_0.6b_1024d,zh_char,冂,1,1,,0,0,0,,,,0,,,,,,0,,,,,
qwen3_0.6b_1024d,zh_char,冃,2,2,0.2168070077896118,0,0,0,,,,0,,,,,,0,,,,,
qwen3_0.6b_1024d,zh_char,冖,2,2,-0.0133397579193115,0,0,0,,,,0,,,,,,0,,,,,
qwen3_0.6b_1024d,zh_char,冥,1,1,,0,0,0,,,,0,,,,,,0,,,,,
qwen3_0.6b_1024d,zh_char,冫,13,13,0.0950696617364883,13,13,13,0.2286673042063529,0.2286673042063529,0.2286673042063529,13,0.0,0.0769230769230769,0.0769230769230769,0.0268052287075455,383.0,13,0.0,0.0,0.0769230769230769,0.019313117724493,497.0
qwen3_0.6b_1024d,zh_char,几,1,1,,0,0,0,,,,0,,,,,,0,,,,,
qwen3_0.6b_1024d,zh_char,刀,3,3,0.250065803527832,0,0,0,,,,0,,,,,,0,,,,,
qwen3_0.6b_1024d,zh_char,刂,37,37,0.0737313851714134,37,37,37,0.2346270397255146,0.2346270397255146,0.2346270397255146,37,0.027027027027027,0.027027027027027,0.081081081081081,0.0348854282231778,890.0,37,0.027027027027027,0.027027027027027,0.027027027027027,0.0344191225642013,366.0
qwen3_0.6b_1024d,zh_char,力,23,22,0.0347717516124248,23,23,23,0.1211882144536661,0.1211882144536661,0.1211882144536661,23,0.0,0.0434782608695652,0.0434782608695652,0.0255594316217947,636.0,23,0.0434782608695652,0.0434782608695652,0.0434782608695652,0.0497712218320151,275.0
qwen3_0.6b_1024d,zh_char,勹,3,3,0.0484542064368724,0,0,0,,,,0,,,,,,0,,,,,
qwen3_0.6b_1024d,zh_char,匕,1,1,,0,0,0,,,,0,,,,,,0,,,,,
qwen3_0.6b_1024d,zh_char,匚,8,8,0.0805981680750846,8,8,0,0.1810525692999363,0.1810525692999363,,8,0.0,0.0,0.0,0.0008305337270375,4458.5,8,0.0,0.0,0.0,0.0054912547558882,537.5
qwen3_0.6b_1024d,zh_char,匸,2,2,0.0650391578674316,0,0,0,,,,0,,,,,,0,,,,,
qwen3_0.6b_1024d,zh_char,十,3,3,0.0076541504822671,0,0,0,,,,0,,,,,,0,,,,,
qwen3_0.6b_1024d,zh_char,卂,1,1,,0,0,0,,,,0,,,,,,0,,,,,
qwen3_0.6b_1024d,zh_char,午,1,1,,0,0,0,,,,0,,,,,,0,,,,,
qwen3_0.6b_1024d,zh_char,半,1,1,,0,0,0,,,,0,,,,,,0,,,,,
qwen3_0.6b_1024d,zh_char,卜,1,1,,0,0,0,,,,0,,,,,,0,,,,,
qwen3_0.6b_1024d,zh_char,卩,2,2,-0.0129497051239013,0,0,0,,,,0,,,,,,0,,,,,
qwen3_0.6b_1024d,zh_char,卵,2,2,0.0355122089385986,0,0,0,,,,0,,,,,,0,,,,,
qwen3_0.6b_1024d,zh_char,厂,6,6,0.0346148014068603,6,6,0,0.0747565235942602,0.0747565235942602,,6,0.0,0.1666666666666666,0.1666666666666666,0.0348550895249436,1522.5,6,0.1666666666666666,0.1666666666666666,0.1666666666666666,0.1689539293812963,396.5
qwen3_0.6b_1024d,zh_char,厶,1,1,,0,0,0,,,,0,,,,,,0,,,,,
qwen3_0.6b_1024d,zh_char,去,1,1,,0,0,0,,,,0,,,,,,0,,,,,
qwen3_0.6b_1024d,zh_char,又,2,2,-0.1208366751670837,0,0,0,,,,0,,,,,,0,,,,,
qwen3_0.6b_1024d,zh_char,口,172,157,0.0980492159724235,172,172,172,0.2935455036295448,0.2935455036295448,0.2935455036295448,172,0.005813953488372,0.0232558139534883,0.0465116279069767,0.0173523812179465,1100.5,172,0.0,0.0174418604651162,0.0523255813953488,0.0185432482545393,299.0
qwen3_0.6b_1024d,zh_char,可,1,1,,0,0,0,,,,0,,,,,,0,,,,,
qwen3_0.6b_1024d,zh_char,吅,1,1,,0,0,0,,,,0,,,,,,0,,,,,
qwen3_0.6b_1024d,zh_char,向,1,1,,0,0,0,,,,0,,,,,,0,,,,,
qwen3_0.6b_1024d,zh_char,喜,1,1,,0,0,0,,,,0,,,,,,0,,,,,
qwen3_0.6b_1024d,zh_char,囗,11,11,0.0965121164917945,11,11,11,0.226871986280788,0.226871986280788,0.226871986280788,11,0.0,0.0,0.0,0.0133427601177956,195.0,11,0.0,0.0,0.0,0.0053107354237807,213.0
qwen3_0.6b_1024d,zh_char,土,94,92,0.0944467261433601,94,94,94,0.2886462744047984,0.2886462744047984,0.2886462744047984,94,0.0,0.0212765957446808,0.0319148936170212,0.0141669188491706,912.5,94,0.0106382978723404,0.0212765957446808,0.0531914893617021,0.025974900829392,264.5
qwen3_0.6b_1024d,zh_char,士,1,1,,0,0,0,,,,0,,,,,,0,,,,,
qwen3_0.6b_1024d,zh_char,壬,1,1,,0,0,0,,,,0,,,,,,0,,,,,
qwen3_0.6b_1024d,zh_char,壴,1,1,,0,0,0,,,,0,,,,,,0,,,,,
qwen3_0.6b_1024d,zh_char,夂,2,2,-0.0084657073020935,0,0,0,,,,0,,,,,,0,,,,,
qwen3_0.6b_1024d,zh_char,夊,1,1,,0,0,0,,,,0,,,,,,0,,,,,
qwen3_0.6b_1024d,zh_char,夕,1,1,,0,0,0,,,,0,,,,,,0,,,,,
qwen3_0.6b_1024d,zh_char,多,1,1,,0,0,0,,,,0,,,,,,0,,,,,
qwen3_0.6b_1024d,zh_char,大,6,6,0.0570683479309082,6,6,0,0.1198983776072661,0.1198983776072661,,6,0.0,0.0,0.1666666666666666,0.0211158795451146,2715.5,6,0.0,0.1666666666666666,0.1666666666666666,0.0583978754507191,432.0
qwen3_0.6b_1024d,zh_char,夨,1,1,,0,0,0,,,,0,,,,,,0,,,,,
qwen3_0.6b_1024d,zh_char,夭,1,1,,0,0,0,,,,0,,,,,,0,,,,,
qwen3_0.6b_1024d,zh_char,夰,1,1,,0,0,0,,,,0,,,,,,0,,,,,
qwen3_0.6b_1024d,zh_char,夸,1,1,,0,0,0,,,,0,,,,,,0,,,,,
qwen3_0.6b_1024d,zh_char,奢,1,1,,0,0,0,,,,0,,,,,,0,,,,,
qwen3_0.6b_1024d,zh_char,女,121,116,0.0779459550976753,121,121,121,0.2628114894956104,0.2628114894956104,0.2628114894956104,121,0.0082644628099173,0.0165289256198347,0.0330578512396694,0.0201258283079339,1357.0,121,0.0082644628099173,0.0578512396694214,0.0909090909090909,0.0360967724422473,297.0
qwen3_0.6b_1024d,zh_char,子,6,6,-0.0053310869261622,6,6,0,0.0030999781253437,0.0030999781253437,,6,0.0,0.0,0.0,0.0018520506129645,1360.0,6,0.0,0.0,0.0,0.0043178962810048,380.0
qwen3_0.6b_1024d,zh_char,學,1,1,,0,0,0,,,,0,,,,,,0,,,,,
qwen3_0.6b_1024d,zh_char,宀,28,28,0.0257675033062696,28,28,28,0.1064352449694914,0.1064352449694914,0.1064352449694914,28,0.0,0.0,0.0,0.0055841084757295,1550.5,28,0.0,0.0357142857142857,0.0714285714285714,0.0218609158215533,277.0
qwen3_0.6b_1024d,zh_char,寸,2,2,-0.0469028949737548,0,0,0,,,,0,,,,,,0,,,,,
qwen3_0.6b_1024d,zh_char,尢,2,2,-0.0944836139678955,0,0,0,,,,0,,,,,,0,,,,,
qwen3_0.6b_1024d,zh_char,尸,10,10,0.0288512222468853,10,10,10,0.0861614022403955,0.0861614022403955,0.0861614022403955,10,0.0,0.0,0.0,0.0012301003016017,2590.5,10,0.0,0.0,0.0,0.0076067341849649,677.0
qwen3_0.6b_1024d,zh_char,尺,1,1,,0,0,0,,,,0,,,,,,0,,,,,
qwen3_0.6b_1024d,zh_char,履,3,3,0.1716547757387161,0,0,0,,,,0,,,,,,0,,,,,
qwen3_0.6b_1024d,zh_char,山,55,54,0.1200178489089012,55,55,55,0.3253560116345232,0.3253560116345232,0.3253560116345232,55,0.0,0.0363636363636363,0.0545454545454545,0.0220544322747016,355.0,55,0.0181818181818181,0.0181818181818181,0.0181818181818181,0.0296800713439456,193.0
qwen3_0.6b_1024d,zh_char,屾,1,1,,0,0,0,,,,0,,,,,,0,,,,,
qwen3_0.6b_1024d,zh_char,工,1,1,,0,0,0,,,,0,,,,,,0,,,,,
qwen3_0.6b_1024d,zh_char,巫,1,1,,0,0,0,,,,0,,,,,,0,,,,,
qwen3_0.6b_1024d,zh_char,巾,35,34,0.0605334937572479,35,35,35,0.202056779393128,0.202056779393128,0.202056779393128,35,0.0285714285714285,0.0571428571428571,0.0571428571428571,0.0491656021863158,1226.0,35,0.0,0.0857142857142857,0.1142857142857142,0.0429755657289341,299.0
qwen3_0.6b_1024d,zh_char,幺,1,1,,0,0,0,,,,0,,,,,,0,,,,,
qwen3_0.6b_1024d,zh_char,广,42,42,0.0596849732100963,42,42,42,0.2092119475737923,0.2092119475737923,0.2092119475737923,42,0.0476190476190476,0.0714285714285714,0.0952380952380952,0.0569766236069164,982.5,42,0.0476190476190476,0.119047619047619,0.119047619047619,0.0838537913119077,339.0
qwen3_0.6b_1024d,zh_char,庚,1,1,,0,0,0,,,,0,,,,,,0,,,,,
qwen3_0.6b_1024d,zh_char,廾,2,2,-0.2323075532913208,0,0,0,,,,0,,,,,,0,,,,,
qwen3_0.6b_1024d,zh_char,弓,15,15,0.0611669719219207,15,15,15,0.1726235046982765,0.1726235046982765,0.1726235046982765,15,0.0666666666666666,0.0666666666666666,0.0666666666666666,0.0764780075681532,791.0,15,0.0666666666666666,0.1333333333333333,0.2,0.0964734989322352,466.0
qwen3_0.6b_1024d,zh_char,彡,7,7,0.0583056956529617,7,7,0,0.1280916689762047,0.1280916689762047,,7,0.0,0.0,0.1428571428571428,0.0193511436167602,1853.0,7,0.0,0.1428571428571428,0.1428571428571428,0.0435192087813248,105.0
qwen3_0.6b_1024d,zh_char,彣,1,1,,0,0,0,,,,0,,,,,,0,,,,,
qwen3_0.6b_1024d,zh_char,彳,19,19,0.0367826484143734,19,19,19,0.1214566166071515,0.1214566166071515,0.1214566166071515,19,0.0,0.0,0.0526315789473684,0.0104030853806856,1944.0,19,0.0,0.0526315789473684,0.0526315789473684,0.0319695138970464,374.0
qwen3_0.6b_1024d,zh_char,微,1,1,,0,0,0,,,,0,,,,,,0,,,,,
qwen3_0.6b_1024d,zh_char,心,62,60,0.0738463327288627,62,62,62,0.248083739406279,0.248083739406279,0.248083739406279,62,0.0,0.0161290322580645,0.0161290322580645,0.0110973408602701,1520.0,62,0.0161290322580645,0.032258064516129,0.032258064516129,0.0276647435657773,358.0
qwen3_0.6b_1024d,zh_char,忄,133,133,0.0905759111046791,133,133,133,0.2911613548342558,0.2911613548342558,0.2911613548342558,133,0.0075187969924812,0.0300751879699248,0.0451127819548872,0.0236607782829511,1400.0,133,0.0225563909774436,0.0526315789473684,0.0902255639097744,0.0426939414292868,405.0
qwen3_0.6b_1024d,zh_char,恣,1,1,,0,0,0,,,,0,,,,,,0,,,,,
qwen3_0.6b_1024d,zh_char,戈,11,11,0.0496640801429748,11,11,11,0.1329343839633193,0.1329343839633193,0.1329343839633193,11,0.0,0.0,0.0909090909090909,0.0107530339173067,2571.0,11,0.0,0.0909090909090909,0.0909090909090909,0.0270946808300455,226.0
qwen3_0.6b_1024d,zh_char,戊,2,2,-0.0289180278778076,0,0,0,,,,0,,,,,,0,,,,,
qwen3_0.6b_1024d,zh_char,戶,4,4,0.0294061098247766,4,0,0,0.0486193355172872,,,4,0.0,0.0,0.0,0.0011978377646582,1499.0,4,0.0,0.0,0.0,0.0214136512896046,258.5
qwen3_0.6b_1024d,zh_char,手,12,11,0.0634225308895111,12,12,12,0.161368830439945,0.161368830439945,0.161368830439945,12,0.0,0.0,0.0,0.0012192915867423,1260.5,12,0.0,0.0,0.0,0.0098199557148739,347.0
qwen3_0.6b_1024d,zh_char,扌,217,203,0.0511208847165107,217,217,217,0.212794259490986,0.212794259490986,0.212794259490986,217,0.0184331797235023,0.032258064516129,0.0368663594470046,0.0274492273890956,1834.0,217,0.0138248847926267,0.0460829493087557,0.0737327188940092,0.03642232436383,342.0
qwen3_0.6b_1024d,zh_char,支,1,1,,0,0,0,,,,0,,,,,,0,,,,,
qwen3_0.6b_1024d,zh_char,攴,5,5,0.0880212038755416,5,0,0,0.1570123857818544,,,5,0.0,0.0,0.0,0.00043391335244,2301.0,5,0.0,0.0,0.0,0.0015560161585133,771.0
qwen3_0.6b_1024d,zh_char,攵,21,21,0.0205197464674711,21,21,21,0.0760628885279099,0.0760628885279099,0.0760628885279099,21,0.0,0.0,0.0476190476190476,0.0064037603521653,829.0,21,0.0,0.0,0.0476190476190476,0.0157245810453763,162.0
qwen3_0.6b_1024d,zh_char,敕,1,1,,0,0,0,,,,0,,,,,,0,,,,,
qwen3_0.6b_1024d,zh_char,文,1,1,,0,0,0,,,,0,,,,,,0,,,,,
qwen3_0.6b_1024d,zh_char,斗,7,7,0.0194416157901287,7,7,0,0.0568750990288598,0.0568750990288598,,7,0.0,0.0,0.0,0.001568510441194,2470.0,7,0.0,0.0,0.0,0.0040918391699798,532.0
qwen3_0.6b_1024d,zh_char,斤,5,5,0.0299177654087543,5,0,0,0.0817592315375805,,,5,0.0,0.0,0.0,0.0142084580181428,268.0,5,0.0,0.0,0.0,0.0102855679725585,87.0
qwen3_0.6b_1024d,zh_char,日,67,64,0.0545253977179527,67,67,67,0.2111408639310011,0.2111408639310011,0.2111408639310011,67,0.044776119402985,0.0895522388059701,0.1044776119402985,0.0685693446721279,822.0,67,0.044776119402985,0.1194029850746268,0.1492537313432835,0.0864379600920167,308.0
qwen3_0.6b_1024d,zh_char,旨,1,1,,0,0,0,,,,0,,,,,,0,,,,,
qwen3_0.6b_1024d,zh_char,是,1,1,,0,0,0,,,,0,,,,,,0,,,,,
qwen3_0.6b_1024d,zh_char,曰,1,1,,0,0,0,,,,0,,,,,,0,,,,,
qwen3_0.6b_1024d,zh_char,月,9,9,0.059163648635149,9,9,9,0.1490740488386816,0.1490740488386816,0.1490740488386816,9,0.0,0.0,0.0,0.006880075437758,1904.0,9,0.0,0.0,0.1111111111111111,0.0295311445366159,114.0
qwen3_0.6b_1024d,zh_char,木,280,257,0.076440192759037,280,280,280,0.263838364692804,0.263838364692804,0.263838364692804,280,0.0035714285714285,0.0285714285714285,0.0535714285714285,0.0181950438049498,1606.5,280,0.0035714285714285,0.0535714285714285,0.0678571428571428,0.0307268769263646,367.0
qwen3_0.6b_1024d,zh_char,東,2,2,-0.0216615200042724,0,0,0,,,,0,,,,,,0,,,,,
qwen3_0.6b_1024d,zh_char,林,6,6,0.0540929324924945,6,6,0,0.1112612808744112,0.1112612808744112,,6,0.0,0.0,0.0,0.0006591835973815,1540.0,6,0.0,0.0,0.0,0.0039935732187927,370.5
qwen3_0.6b_1024d,zh_char,欠,30,29,0.0448807962238788,30,30,30,0.1569217222121854,0.1569217222121854,0.1569217222121854,30,0.0,0.0,0.0333333333333333,0.0062933618511943,2389.5,30,0.0,0.0333333333333333,0.0333333333333333,0.0272617165060855,293.5
qwen3_0.6b_1024d,zh_char,止,3,3,-0.0247960090637207,0,0,0,,,,0,,,,,,0,,,,,
qwen3_0.6b_1024d,zh_char,步,1,1,,0,0,0,,,,0,,,,,,0,,,,,
qwen3_0.6b_1024d,zh_char,歹,18,18,0.0731970965862274,18,18,18,0.2050501683519946,0.2050501683519946,0.2050501683519946,18,0.0,0.0,0.0,0.0034565903689944,1790.0,18,0.0,0.0,0.0,0.004233084576462,502.5
qwen3_0.6b_1024d,zh_char,死,1,1,,0,0,0,,,,0,,,,,,0,,,,,
qwen3_0.6b_1024d,zh_char,殳,3,3,0.1104517802596092,0,0,0,,,,0,,,,,,0,,,,,
qwen3_0.6b_1024d,zh_char,比,1,1,,0,0,0,,,,0,,,,,,0,,,,,
qwen3_0.6b_1024d,zh_char,毛,10,10,0.0909201726317405,10,10,10,0.2178698979318142,0.2178698979318142,0.2178698979318142,10,0.0,0.0,0.0,0.0072485966427052,2105.5,10,0.1,0.1,0.1,0.1048737970084244,651.5
qwen3_0.6b_1024d,zh_char,民,1,1,,0,0,0,,,,0,,,,,,0,,,,,
qwen3_0.6b_1024d,zh_char,气,2,2,0.4459164142608642,0,0,0,,,,0,,,,,,0,,,,,
qwen3_0.6b_1024d,zh_char,水,4,4,0.1066203489899635,4,0,0,0.166612833738327,,,4,0.0,0.0,0.0,0.0013856260499632,1675.0,4,0.0,0.0,0.0,0.0220239126198878,261.5
qwen3_0.6b_1024d,zh_char,氵,354,308,0.0880286991596221,354,354,354,0.2810809052138889,0.2810809052138889,0.2810809052138889,354,0.0084745762711864,0.0254237288135593,0.03954802259887,0.0195459466649041,1247.5,354,0.019774011299435,0.0423728813559322,0.0819209039548022,0.0402491914746051,288.0
qwen3_0.6b_1024d,zh_char,火,64,63,0.1087829321622848,64,64,64,0.3100582442712039,0.3100582442712039,0.3100582442712039,64,0.046875,0.0625,0.0625,0.0607262006429614,654.0,64,0.03125,0.046875,0.0625,0.0437201050040363,297.5
qwen3_0.6b_1024d,zh_char,灬,3,3,0.0478145293891429,0,0,0,,,,0,,,,,,0,,,,,
qwen3_0.6b_1024d,zh_char,炎,1,1,,0,0,0,,,,0,,,,,,0,,,,,
qwen3_0.6b_1024d,zh_char,爪,1,1,,0,0,0,,,,0,,,,,,0,,,,,
qwen3_0.6b_1024d,zh_char,爭,1,1,,0,0,0,,,,0,,,,,,0,,,,,
qwen3_0.6b_1024d,zh_char,父,1,1,,0,0,0,,,,0,,,,,,0,,,,,
qwen3_0.6b_1024d,zh_char,爿,1,1,,0,0,0,,,,0,,,,,,0,,,,,
qwen3_0.6b_1024d,zh_char,片,3,3,0.1539331227540969,0,0,0,,,,0,,,,,,0,,,,,
qwen3_0.6b_1024d,zh_char,牛,1,1,,0,0,0,,,,0,,,,,,0,,,,,
qwen3_0.6b_1024d,zh_char,牜,18,18,0.0449385419487953,18,18,18,0.145451336271233,0.145451336271233,0.145451336271233,18,0.0,0.0,0.0,0.0035129553268302,2343.0,18,0.0,0.0,0.0,0.0038403286878457,446.0
qwen3_0.6b_1024d,zh_char,犬,6,6,-0.0232174880802631,6,6,0,-0.0542341448987523,-0.0542341448987523,,6,0.0,0.0,0.0,0.0003466579696212,3538.0,6,0.0,0.0,0.0,0.003852297895506,546.5
qwen3_0.6b_1024d,zh_char,犭,45,45,0.1324200630187988,45,45,45,0.3433144238673978,0.3433144238673978,0.3433144238673978,45,0.0,0.0,0.0666666666666666,0.0151092940406962,589.0,45,0.0,0.0222222222222222,0.0222222222222222,0.013095163037227,259.0
qwen3_0.6b_1024d,zh_char,玄,1,1,,0,0,0,,,,0,,,,,,0,,,,,
qwen3_0.6b_1024d,zh_char,玉,3,3,0.1820556372404098,0,0,0,,,,0,,,,,,0,,,,,
qwen3_0.6b_1024d,zh_char,王,82,80,0.0733516067266464,82,82,82,0.2528012992541601,0.2528012992541601,0.2528012992541601,82,0.024390243902439,0.073170731707317,0.1219512195121951,0.0552671282578094,691.0,82,0.0365853658536585,0.0853658536585365,0.1585365853658536,0.0690204921681716,272.5
qwen3_0.6b_1024d,zh_char,瓜,2,2,0.3235940933227539,0,0,0,,,,0,,,,,,0,,,,,
qwen3_0.6b_1024d,zh_char,瓦,13,13,0.1355551183223724,13,13,13,0.300580274600249,0.300580274600249,0.300580274600249,13,0.0,0.0,0.0,0.0030315563947994,1161.0,13,0.0,0.0,0.0,0.0048248518026757,265.0
qwen3_0.6b_1024d,zh_char,田,13,13,0.0224842652678489,13,13,13,0.0769149460829794,0.0769149460829794,0.0769149460829794,13,0.0769230769230769,0.1538461538461538,0.1538461538461538,0.0935506085566428,1776.0,13,0.0769230769230769,0.0769230769230769,0.1538461538461538,0.0915827486181004,258.0
qwen3_0.6b_1024d,zh_char,申,1,1,,0,0,0,,,,0,,,,,,0,,,,,
qwen3_0.6b_1024d,zh_char,男,2,2,0.3080893754959106,0,0,0,,,,0,,,,,,0,,,,,
qwen3_0.6b_1024d,zh_char,甾,1,1,,0,0,0,,,,0,,,,,,0,,,,,
qwen3_0.6b_1024d,zh_char,畢,1,1,,0,0,0,,,,0,,,,,,0,,,,,
qwen3_0.6b_1024d,zh_char,疒,76,72,0.1685957163572311,76,76,76,0.388978999304144,0.388978999304144,0.388978999304144,76,0.0263157894736842,0.0394736842105263,0.0394736842105263,0.0403879408538339,475.0,76,0.0131578947368421,0.0263157894736842,0.0394736842105263,0.0272010974995386,387.5
qwen3_0.6b_1024d,zh_char,癶,1,1,,0,0,0,,,,0,,,,,,0,,,,,
qwen3_0.6b_1024d,zh_char,白,7,7,0.0959379523992538,7,7,0,0.2124863235013825,0.2124863235013825,,7,0.0,0.0,0.0,0.0046456550906378,744.0,7,0.0,0.0,0.0,0.0042313943931716,452.0
qwen3_0.6b_1024d,zh_char,皮,4,4,0.0952874794602394,4,0,0,0.1570011470466852,,,4,0.0,0.0,0.0,0.0008278128431749,1130.0,4,0.0,0.0,0.0,0.0010962233789113,991.0
qwen3_0.6b_1024d,zh_char,皿,15,15,0.0482056848704814,15,15,15,0.1401118497053782,0.1401118497053782,0.1401118497053782,15,0.0,0.0,0.0,0.002864533053979,1552.0,15,0.0,0.0666666666666666,0.0666666666666666,0.0446635808764677,191.0
qwen3_0.6b_1024d,zh_char,目,61,60,0.0825908407568931,61,61,61,0.2642301186369579,0.2642301186369579,0.2642301186369579,61,0.0327868852459016,0.0491803278688524,0.0491803278688524,0.0390967231902002,743.0,61,0.0327868852459016,0.0327868852459016,0.0327868852459016,0.0424366530293416,267.0
qwen3_0.6b_1024d,zh_char,盾,1,1,,0,0,0,,,,0,,,,,,0,,,,,
qwen3_0.6b_1024d,zh_char,矛,1,1,,0,0,0,,,,0,,,,,,0,,,,,
qwen3_0.6b_1024d,zh_char,矢,6,6,0.0368449203670024,6,6,0,0.0712591586634516,0.0712591586634516,,6,0.0,0.0,0.0,0.0062449817979798,2775.0,6,0.0,0.0,0.1666666666666666,0.0259491315694014,584.0
qwen3_0.6b_1024d,zh_char,石,61,58,0.0777790248394012,61,61,61,0.2510345078638342,0.2510345078638342,0.2510345078638342,61,0.0,0.0,0.0,0.0023304755260576,1791.0,61,0.0,0.0163934426229508,0.0327868852459016,0.0132500550176429,289.0
qwen3_0.6b_1024d,zh_char,示,6,6,0.1060790345072746,6,6,0,0.2032291078940034,0.2032291078940034,,6,0.0,0.0,0.0,0.0021676863573482,519.0,6,0.0,0.0,0.0,0.0087637091112047,265.0
qwen3_0.6b_1024d,zh_char,礻,41,41,0.0682007223367691,41,41,41,0.2256626463381619,0.2256626463381619,0.2256626463381619,41,0.0,0.024390243902439,0.024390243902439,0.0093075943847025,1069.0,41,0.024390243902439,0.024390243902439,0.024390243902439,0.0340291285372209,172.0
qwen3_0.6b_1024d,zh_char,禾,47,47,0.0611912459135055,47,47,47,0.215688685153393,0.215688685153393,0.215688685153393,47,0.0,0.0,0.0212765957446808,0.0064891667506392,1270.0,47,0.0,0.0,0.0,0.0082056523501825,313.0
qwen3_0.6b_1024d,zh_char,穴,30,29,0.0819432288408279,30,30,30,0.2389490192135175,0.2389490192135175,0.2389490192135175,30,0.0333333333333333,0.0333333333333333,0.0333333333333333,0.0354256924424559,909.0,30,0.0333333333333333,0.0333333333333333,0.0333333333333333,0.0372295672116539,387.0
qwen3_0.6b_1024d,zh_char,立,7,7,0.0006694339681416,7,7,0,-0.0009913741211806,-0.0009913741211806,,7,0.0,0.0,0.0,0.0162625362673866,1697.0,7,0.0,0.0,0.0,0.0121789375076952,296.0
qwen3_0.6b_1024d,zh_char,竹,116,110,0.092995099723339,116,116,116,0.2886057493822841,0.2886057493822841,0.2886057493822841,116,0.0086206896551724,0.0258620689655172,0.0258620689655172,0.0164672773885589,1264.0,116,0.0086206896551724,0.0258620689655172,0.043103448275862,0.0244775661330827,344.5
qwen3_0.6b_1024d,zh_char,箕,1,1,,0,0,0,,,,0,,,,,,0,,,,,
qwen3_0.6b_1024d,zh_char,米,28,28,0.096031554043293,28,28,28,0.2711394482425281,0.2711394482425281,0.2711394482425281,28,0.0357142857142857,0.0714285714285714,0.0714285714285714,0.0569753189982016,420.5,28,0.0,0.0714285714285714,0.0714285714285714,0.0324390323443206,236.0
qwen3_0.6b_1024d,zh_char,糸,178,171,0.1515882611274719,178,178,178,0.3788206442834788,0.3788206442834788,0.3788206442834788,178,0.0056179775280898,0.0112359550561797,0.0224719101123595,0.0124442614911292,805.0,178,0.0,0.0056179775280898,0.0168539325842696,0.0093189077383133,390.5
qwen3_0.6b_1024d,zh_char,縣,1,1,,0,0,0,,,,0,,,,,,0,,,,,
qwen3_0.6b_1024d,zh_char,缶,4,4,0.0262336730957031,4,0,0,0.0583395827561616,,,4,0.0,0.0,0.0,0.0005328716497544,5376.5,4,0.0,0.0,0.0,0.0013857728174018,736.0
qwen3_0.6b_1024d,zh_char,网,1,1,,0,0,0,,,,0,,,,,,0,,,,,
qwen3_0.6b_1024d,zh_char,罒,5,5,0.127578780055046,5,0,0,0.2177981734275818,,,5,0.0,0.0,0.0,0.000919692921599,1951.0,5,0.0,0.0,0.0,0.0016157342849394,730.0
qwen3_0.6b_1024d,zh_char,羊,10,10,0.1277050077915191,10,10,10,0.2811745751649141,0.2811745751649141,0.2811745751649141,10,0.0,0.0,0.0,0.0015213878363468,1770.0,10,0.0,0.0,0.1,0.0175568039044797,363.0
qwen3_0.6b_1024d,zh_char,羽,23,23,0.1606170535087585,23,23,23,0.362834143978746,0.362834143978746,0.362834143978746,23,0.0434782608695652,0.0869565217391304,0.1304347826086956,0.0805196148288463,238.0,23,0.0,0.0,0.0,0.0110634437595854,358.0
qwen3_0.6b_1024d,zh_char,習,1,1,,0,0,0,,,,0,,,,,,0,,,,,
qwen3_0.6b_1024d,zh_char,老,3,3,0.2066857069730758,0,0,0,,,,0,,,,,,0,,,,,
qwen3_0.6b_1024d,zh_char,耂,1,1,,0,0,0,,,,0,,,,,,0,,,,,
qwen3_0.6b_1024d,zh_char,耒,7,7,0.0599695146083831,7,7,0,0.1330929771065712,0.1330929771065712,,7,0.0,0.0,0.0,0.0034114925769766,577.0,7,0.0,0.0,0.0,0.0054342099127069,305.0
qwen3_0.6b_1024d,zh_char,耳,11,11,0.0777197405695915,11,11,11,0.1866801624948328,0.1866801624948328,0.1866801624948328,11,0.0,0.0,0.0,0.0016707144097936,4274.0,11,0.0,0.0,0.0,0.0072806255520797,354.0
qwen3_0.6b_1024d,zh_char,肉,115,109,0.1003663390874862,115,115,115,0.3013438846349068,0.3013438846349068,0.3013438846349068,115,0.0,0.0,0.0260869565217391,0.0072911709713413,1142.0,115,0.0,0.017391304347826,0.0260869565217391,0.0157255089210185,429.0
qwen3_0.6b_1024d,zh_char,臣,1,1,,0,0,0,,,,0,,,,,,0,,,,,
qwen3_0.6b_1024d,zh_char,臤,1,1,,0,0,0,,,,0,,,,,,0,,,,,
qwen3_0.6b_1024d,zh_char,臥,1,1,,0,0,0,,,,0,,,,,,0,,,,,
qwen3_0.6b_1024d,zh_char,自,1,1,,0,0,0,,,,0,,,,,,0,,,,,
qwen3_0.6b_1024d,zh_char,至,2,2,0.2353801727294922,0,0,0,,,,0,,,,,,0,,,,,
qwen3_0.6b_1024d,zh_char,舌,1,1,,0,0,0,,,,0,,,,,,0,,,,,
qwen3_0.6b_1024d,zh_char,舛,1,1,,0,0,0,,,,0,,,,,,0,,,,,
qwen3_0.6b_1024d,zh_char,舟,16,16,0.1578999012708664,16,16,16,0.3447420517913997,0.3447420517913997,0.3447420517913997,16,0.0,0.0,0.1875,0.0316659509578901,94.0,16,0.0,0.0625,0.0625,0.0248009906413528,268.5
qwen3_0.6b_1024d,zh_char,色,1,1,,0,0,0,,,,0,,,,,,0,,,,,
qwen3_0.6b_1024d,zh_char,艹,338,293,0.0988727957010269,338,338,338,0.2947409178196458,0.2947409178196458,0.2947409178196458,338,0.0088757396449704,0.0236686390532544,0.044378698224852,0.0213481397302188,1386.5,338,0.0177514792899408,0.0532544378698224,0.0710059171597633,0.0401409449284868,340.0
qwen3_0.6b_1024d,zh_char,蕇,1,1,,0,0,0,,,,0,,,,,,0,,,,,
qwen3_0.6b_1024d,zh_char,虍,4,4,0.1027276888489723,4,0,0,0.1581345852464437,,,4,0.0,0.0,0.0,0.0022346995365185,1461.5,4,0.0,0.0,0.0,0.0029457096780359,612.5
qwen3_0.6b_1024d,zh_char,虎,2,2,0.0461502075195312,0,0,0,,,,0,,,,,,0,,,,,
qwen3_0.6b_1024d,zh_char,虫,150,140,0.2229383289813995,150,150,150,0.4604983319963018,0.4604983319963018,0.4604983319963018,150,0.0066666666666666,0.0266666666666666,0.04,0.0202918430722252,424.5,150,0.0066666666666666,0.0066666666666666,0.0066666666666666,0.0145946620823944,394.0
qwen3_0.6b_1024d,zh_char,血,4,4,0.2081004828214645,4,0,0,0.3076571822166443,,,4,0.0,0.0,0.0,0.0006527106616162,1965.5,4,0.0,0.0,0.0,0.0267832629488111,157.5
qwen3_0.6b_1024d,zh_char,行,7,7,0.0628611892461776,7,7,0,0.1409166157245636,0.1409166157245636,,7,0.0,0.0,0.0,0.0008118936917492,3894.0,7,0.0,0.0,0.1428571428571428,0.0217972393936102,387.0
qwen3_0.6b_1024d,zh_char,衣,21,21,0.0770603939890861,21,21,21,0.2206918034879934,0.2206918034879934,0.2206918034879934,21,0.0,0.0476190476190476,0.0476190476190476,0.0254613613029249,1979.0,21,0.0476190476190476,0.0476190476190476,0.0476190476190476,0.0531856347084861,351.0
qwen3_0.6b_1024d,zh_char,衤,72,71,0.1087483614683151,72,72,72,0.3126948614501291,0.3126948614501291,0.3126948614501291,72,0.0138888888888888,0.0138888888888888,0.0416666666666666,0.0211078673137389,778.0,72,0.0277777777777777,0.0416666666666666,0.0555555555555555,0.0397474822378998,365.5
qwen3_0.6b_1024d,zh_char,襾,1,1,,0,0,0,,,,0,,,,,,0,,,,,
qwen3_0.6b_1024d,zh_char,覀,1,1,,0,0,0,,,,0,,,,,,0,,,,,
qwen3_0.6b_1024d,zh_char,見,12,12,0.2117919921875,12,12,12,0.4010914750397205,0.4010914750397205,0.4010914750397205,12,0.0,0.0833333333333333,0.1666666666666666,0.0521544905564977,41.5,12,0.0833333333333333,0.0833333333333333,0.0833333333333333,0.0911195440379634,597.5
qwen3_0.6b_1024d,zh_char,角,14,14,0.0817363634705543,14,14,14,0.2143296632649643,0.2143296632649643,0.2143296632649643,14,0.0,0.0,0.0,0.0050742721202742,1556.0,14,0.0,0.0714285714285714,0.0714285714285714,0.0247391809880123,614.5
qwen3_0.6b_1024d,zh_char,言,167,156,0.1221112683415412,167,167,167,0.3349074936070351,0.3349074936070351,0.3349074936070351,167,0.0119760479041916,0.0119760479041916,0.0179640718562874,0.0162815163241518,1358.0,167,0.0119760479041916,0.0239520958083832,0.0359281437125748,0.021107304352348,457.0
qwen3_0.6b_1024d,zh_char,谷,2,2,-0.1161996126174926,0,0,0,,,,0,,,,,,0,,,,,
qwen3_0.6b_1024d,zh_char,豆,2,2,0.0662604570388794,0,0,0,,,,0,,,,,,0,,,,,
qwen3_0.6b_1024d,zh_char,豕,8,8,0.2034064084291458,8,8,0,0.3663792796432972,0.3663792796432972,,8,0.0,0.0,0.0,0.0161671077239098,392.0,8,0.0,0.0,0.0,0.0040881193740541,289.5
qwen3_0.6b_1024d,zh_char,象,1,1,,0,0,0,,,,0,,,,,,0,,,,,
qwen3_0.6b_1024d,zh_char,豸,15,15,0.2166860699653625,15,15,15,0.4190748125314713,0.4190748125314713,0.4190748125314713,15,0.0,0.0,0.0,0.0102750565448324,185.0,15,0.0,0.0,0.0,0.0031303038514602,489.0
qwen3_0.6b_1024d,zh_char,貝,44,42,0.1438251584768295,44,44,44,0.3526044112037528,0.3526044112037528,0.3526044112037528,44,0.0,0.0,0.0,0.0033760451846331,780.0,44,0.0,0.0,0.0,0.0069980020092074,278.5
qwen3_0.6b_1024d,zh_char,赤,3,3,0.0031324226874858,0,0,0,,,,0,,,,,,0,,,,,
qwen3_0.6b_1024d,zh_char,走,20,20,0.1034076884388923,20,20,20,0.2705525792203843,0.2705525792203843,0.2705525792203843,20,0.0,0.0,0.05,0.008085334003509,592.5,20,0.0,0.05,0.05,0.0327601103850146,333.0
qwen3_0.6b_1024d,zh_char,足,4,4,0.1614577770233154,4,0,0,0.2406431287527084,,,4,0.25,0.25,0.25,0.2502748716681173,2580.0,4,0.25,0.25,0.25,0.2615763341092288,46.0
qwen3_0.6b_1024d,zh_char,身,3,3,-0.0133221941068768,0,0,0,,,,0,,,,,,0,,,,,
qwen3_0.6b_1024d,zh_char,車,61,61,0.1444622129201889,61,61,61,0.3642724885101445,0.3642724885101445,0.3642724885101445,61,0.0,0.0,0.0,0.0033585616499142,868.0,61,0.0,0.0,0.0,0.0040956871477697,519.0
qwen3_0.6b_1024d,zh_char,辛,2,2,-0.0825788974761962,0,0,0,,,,0,,,,,,0,,,,,
qwen3_0.6b_1024d,zh_char,辶,70,70,0.0363279059529304,70,70,70,0.1638738657746996,0.1638738657746996,0.1638738657746996,70,0.0142857142857142,0.0285714285714285,0.0571428571428571,0.0261151915493293,1330.5,70,0.0142857142857142,0.0571428571428571,0.0571428571428571,0.0370103347700943,362.5
qwen3_0.6b_1024d,zh_char,邑,2,2,-0.0179611444473266,0,0,0,,,,0,,,,,,0,,,,,
qwen3_0.6b_1024d,zh_char,酉,36,35,0.0866986215114593,36,36,36,0.2575344200918658,0.2575344200918658,0.2575344200918658,36,0.0,0.0,0.0277777777777777,0.006805410784247,1309.5,36,0.0277777777777777,0.0277777777777777,0.0277777777777777,0.035387437677174,337.0
qwen3_0.6b_1024d,zh_char,釆,2,2,0.0690314769744873,0,0,0,,,,0,,,,,,0,,,,,
qwen3_0.6b_1024d,zh_char,里,1,1,,0,0,0,,,,0,,,,,,0,,,,,
qwen3_0.6b_1024d,zh_char,金,2,2,0.1010268926620483,0,0,0,,,,0,,,,,,0,,,,,
qwen3_0.6b_1024d,zh_char,釒,149,142,0.1819894015789032,149,149,149,0.4166457475531821,0.4166457475531821,0.4166457475531821,149,0.0134228187919463,0.0134228187919463,0.0201342281879194,0.0201323358788371,471.0,149,0.0134228187919463,0.0268456375838926,0.0268456375838926,0.0229824279514992,596.0
qwen3_0.6b_1024d,zh_char,镸,1,1,,0,0,0,,,,0,,,,,,0,,,,,
qwen3_0.6b_1024d,zh_char,門,35,35,0.1538265496492386,35,35,35,0.3663912719913891,0.3663912719913891,0.3663912719913891,35,0.0,0.0,0.0,0.0059523963641619,887.0,35,0.0,0.0,0.0,0.0045375518447816,427.0
qwen3_0.6b_1024d,zh_char,阝,138,126,0.0851944610476493,138,138,138,0.273373386653923,0.273373386653923,0.273373386653923,138,0.0072463768115942,0.036231884057971,0.0507246376811594,0.0222882620573146,1142.5,138,0.0217391304347826,0.0652173913043478,0.0869565217391304,0.047599880502341,333.5
qwen3_0.6b_1024d,zh_char,隹,16,16,0.0298663936555385,16,16,16,0.0968511768151074,0.0968511768151074,0.0968511768151074,16,0.0625,0.0625,0.0625,0.0634614113125422,1912.5,16,0.0,0.0625,0.0625,0.0362416125987471,242.0
qwen3_0.6b_1024d,zh_char,雈,1,1,,0,0,0,,,,0,,,,,,0,,,,,
qwen3_0.6b_1024d,zh_char,雨,27,26,0.111843965947628,27,27,27,0.2978899917668766,0.2978899917668766,0.2978899917668766,27,0.037037037037037,0.037037037037037,0.037037037037037,0.0423868011366957,458.0,27,0.0,0.074074074074074,0.074074074074074,0.0382817576709224,307.0
qwen3_0.6b_1024d,zh_char,雲,3,3,0.0758419036865234,0,0,0,,,,0,,,,,,0,,,,,
qwen3_0.6b_1024d,zh_char,非,1,1,,0,0,0,,,,0,,,,,,0,,,,,
qwen3_0.6b_1024d,zh_char,面,2,2,0.1898174285888672,0,0,0,,,,0,,,,,,0,,,,,
qwen3_0.6b_1024d,zh_char,革,34,33,0.0980814695358276,34,34,34,0.2757123049403376,0.2757123049403376,0.2757123049403376,34,0.0,0.0,0.0,0.0053408465400454,1168.5,34,0.0294117647058823,0.0294117647058823,0.0294117647058823,0.0366375459771815,344.5
qwen3_0.6b_1024d,zh_char,韋,9,9,0.1789460182189941,9,9,9,0.3367603984143998,0.3367603984143998,0.3367603984143998,9,0.0,0.0,0.0,0.0079161514011851,282.0,9,0.0,0.0,0.0,0.0025260699616262,663.0
qwen3_0.6b_1024d,zh_char,韮,1,1,,0,0,0,,,,0,,,,,,0,,,,,
qwen3_0.6b_1024d,zh_char,音,4,4,0.0044062533415853,4,0,0,0.0181848410284146,,,4,0.0,0.0,0.0,0.001083712914077,2082.0,4,0.0,0.0,0.0,0.0029039659824138,586.0
qwen3_0.6b_1024d,zh_char,頁,46,46,0.1421699672937393,46,46,46,0.3552607427472654,0.3552607427472654,0.3552607427472654,46,0.0,0.0,0.0434782608695652,0.0113538375920922,285.0,46,0.0,0.0217391304347826,0.0217391304347826,0.0141142015144369,402.5
qwen3_0.6b_1024d,zh_char,風,9,9,0.1899791806936264,9,9,9,0.3624150198366906,0.3624150198366906,0.3624150198366906,9,0.0,0.1111111111111111,0.2222222222222222,0.0393421894348004,152.0,9,0.0,0.0,0.0,0.0030549178441285,385.0
qwen3_0.6b_1024d,zh_char,食,6,6,0.0668997466564178,6,6,0,0.1581059371431668,0.1581059371431668,,6,0.0,0.0,0.0,0.0087580198094272,2156.5,6,0.0,0.0,0.0,0.0044615890854721,428.0
qwen3_0.6b_1024d,zh_char,飠,39,39,0.1657042503356933,39,39,39,0.3835425587036671,0.3835425587036671,0.3835425587036671,39,0.0256410256410256,0.0512820512820512,0.0512820512820512,0.0455844640898274,372.0,39,0.0512820512820512,0.0512820512820512,0.0512820512820512,0.0538073732991143,492.0
qwen3_0.6b_1024d,zh_char,首,2,2,0.2539258003234863,0,0,0,,,,0,,,,,,0,,,,,
qwen3_0.6b_1024d,zh_char,香,1,1,,0,0,0,,,,0,,,,,,0,,,,,
qwen3_0.6b_1024d,zh_char,馬,66,66,0.1817540377378463,66,66,66,0.413369351320646,0.413369351320646,0.413369351320646,66,0.0,0.0,0.0151515151515151,0.0116066256329201,704.0,66,0.0,0.0,0.0,0.0071703798450976,400.0
qwen3_0.6b_1024d,zh_char,骨,14,14,0.1351695209741592,14,14,14,0.303203886108739,0.303203886108739,0.303203886108739,14,0.0,0.0,0.0,0.0084480143987577,254.0,14,0.0,0.0,0.0,0.0041204979813373,693.0
qwen3_0.6b_1024d,zh_char,高,1,1,,0,0,0,,,,0,,,,,,0,,,,,
qwen3_0.6b_1024d,zh_char,髟,20,20,0.1012436524033546,20,20,20,0.267662289366126,0.267662289366126,0.267662289366126,20,0.05,0.1,0.1,0.074481052074024,536.0,20,0.05,0.1,0.15,0.090352123660211,300.0
qwen3_0.6b_1024d,zh_char,鬥,3,3,0.2459285259246826,0,0,0,,,,0,,,,,,0,,,,,
qwen3_0.6b_1024d,zh_char,鬼,12,12,0.1675745099782943,12,12,12,0.3457215521484613,0.3457215521484613,0.3457215521484613,12,0.0,0.0,0.0,0.016701959614064,491.0,12,0.0,0.0,0.0,0.0064459306351394,360.5
qwen3_0.6b_1024d,zh_char,魚,60,59,0.43155238032341,60,60,60,0.6484797904888789,0.6484797904888789,0.6484797904888789,60,0.0333333333333333,0.05,0.1,0.0586288145830525,84.5,60,0.0,0.0,0.0166666666666666,0.0085985544089806,401.0
qwen3_0.6b_1024d,zh_char,鳥,71,68,0.3642526865005493,71,71,71,0.5954387775609191,0.5954387775609191,0.5954387775609191,71,0.0,0.028169014084507,0.056338028169014,0.0245352986168063,93.0,71,0.0,0.0,0.0,0.0042714568841343,570.0
qwen3_0.6b_1024d,zh_char,鹵,3,3,0.1647775918245315,0,0,0,,,,0,,,,,,0,,,,,
qwen3_0.6b_1024d,zh_char,鹽,1,1,,0,0,0,,,,0,,,,,,0,,,,,
qwen3_0.6b_1024d,zh_char,鹿,11,11,0.2432615160942077,11,11,11,0.4310847276991064,0.4310847276991064,0.4310847276991064,11,0.0,0.0,0.0,0.019004934269493,126.0,11,0.0,0.0,0.0,0.0038729391592116,422.0
qwen3_0.6b_1024d,zh_char,麥,5,5,0.2793867588043213,5,0,0,0.4217845648527145,,,5,0.0,0.0,0.2,0.0764122708567152,12.0,5,0.0,0.0,0.0,0.0050527105171485,482.0
qwen3_0.6b_1024d,zh_char,麻,2,2,0.1223223209381103,0,0,0,,,,0,,,,,,0,,,,,
qwen3_0.6b_1024d,zh_char,黍,2,2,0.0293796062469482,0,0,0,,,,0,,,,,,0,,,,,
qwen3_0.6b_1024d,zh_char,黑,19,19,0.1121299937367439,19,19,19,0.2847860388849911,0.2847860388849911,0.2847860388849911,19,0.0,0.0,0.0,0.0020891278553668,3544.0,19,0.0,0.0,0.0,0.0049266025028783,345.0
qwen3_0.6b_1024d,zh_char,黹,3,3,0.0118467407301068,0,0,0,,,,0,,,,,,0,,,,,
qwen3_0.6b_1024d,zh_char,黽,1,1,,0,0,0,,,,0,,,,,,0,,,,,
qwen3_0.6b_1024d,zh_char,鼎,2,2,0.1455812454223632,0,0,0,,,,0,,,,,,0,,,,,
qwen3_0.6b_1024d,zh_char,鼓,4,4,0.1965788602828979,4,0,0,0.2971208095550537,,,4,0.0,0.0,0.0,0.0053794018674952,220.5,4,0.0,0.0,0.0,0.0014543702467082,655.0
qwen3_0.6b_1024d,zh_char,鼠,9,9,0.274133563041687,9,9,9,0.4598816153075959,0.4598816153075959,0.4598816153075959,9,0.0,0.0,0.1111111111111111,0.0402709613142095,60.0,9,0.0,0.0,0.0,0.005715823311064,630.0
qwen3_0.6b_1024d,zh_char,鼻,3,3,0.0346252135932445,0,0,0,,,,0,,,,,,0,,,,,
qwen3_0.6b_1024d,zh_char,齒,22,21,0.2210292667150497,22,22,22,0.4311401200565425,0.4311401200565425,0.4311401200565425,22,0.0,0.0,0.0,0.0101117330807223,256.0,22,0.0,0.0,0.0,0.0045771011494292,553.5
qwen3_0.6b_1024d,zh_char,龍,1,1,,0,0,0,,,,0,,,,,,0,,,,,
qwen3_0.6b_1024d,zh_char,龠,2,2,-0.0614403486251831,0,0,0,,,,0,,,,,,0,,,,,
qwen3_0.6b_1024d,zh_char,𠘨,1,1,,0,0,0,,,,0,,,,,,0,,,,,
qwen3_0.6b_1024d,zh_char,𠚕,1,1,,0,0,0,,,,0,,,,,,0,,,,,
qwen3_0.6b_1024d,zh_char,𠩺,1,1,,0,0,0,,,,0,,,,,,0,,,,,
qwen3_0.6b_1024d,zh_char,𠫓,1,1,,0,0,0,,,,0,,,,,,0,,,,,
qwen3_0.6b_1024d,zh_char,𡱕,1,1,,0,0,0,,,,0,,,,,,0,,,,,
qwen3_0.6b_1024d,zh_char,𢆶,1,1,,0,0,0,,,,0,,,,,,0,,,,,
qwen3_0.6b_1024d,zh_char,𣶒,1,1,,0,0,0,,,,0,,,,,,0,,,,,
qwen3_0.6b_1024d,zh_char,𤤴,3,3,0.3246854245662689,0,0,0,,,,0,,,,,,0,,,,,
qwen3_0.6b_1024d,zh_char,𥄎,1,1,,0,0,0,,,,0,,,,,,0,,,,,
qwen3_0.6b_1024d,zh_char,𦍌,1,1,,0,0,0,,,,0,,,,,,0,,,,,
qwen3_0.6b_1024d,zh_char,𧾷,70,69,0.098424807190895,70,70,70,0.294040650867724,0.294040650867724,0.294040650867724,70,0.0,0.0285714285714285,0.0428571428571428,0.0132897273627189,1119.5,70,0.0142857142857142,0.0714285714285714,0.0714285714285714,0.0375009188837516,307.0
qwen3_4b_2560d_int8,cn_def,㐬,1,1,,0,0,0,,,,0,,,,,,0,,,,,
qwen3_4b_2560d_int8,cn_def,㔾,1,1,,0,0,0,,,,0,,,,,,0,,,,,
qwen3_4b_2560d_int8,cn_def,㝱,2,2,0.1453797817230224,0,0,0,,,,0,,,,,,0,,,,,
qwen3_4b_2560d_int8,cn_def,㣺,2,2,-0.0258949995040893,0,0,0,,,,0,,,,,,0,,,,,
qwen3_4b_2560d_int8,cn_def,㫃,7,7,0.1064371839165687,7,7,0,0.2111993027584893,0.2111993027584893,,7,0.0,0.0,0.1428571428571428,0.0233021478115466,249.0,7,0.0,0.0,0.0,0.0098986403119465,458.0
qwen3_4b_2560d_int8,cn_def,㹜,1,1,,0,0,0,,,,0,,,,,,0,,,,,
qwen3_4b_2560d_int8,cn_def,㾜,1,1,,0,0,0,,,,0,,,,,,0,,,,,
qwen3_4b_2560d_int8,cn_def,䀠,1,1,,0,0,0,,,,0,,,,,,0,,,,,
qwen3_4b_2560d_int8,cn_def,䖵,3,3,0.0543249435722827,0,0,0,,,,0,,,,,,0,,,,,
qwen3_4b_2560d_int8,cn_def,一,3,3,-0.011355479247868,0,0,0,,,,0,,,,,,0,,,,,
qwen3_4b_2560d_int8,cn_def,乑,1,1,,0,0,0,,,,0,,,,,,0,,,,,
qwen3_4b_2560d_int8,cn_def,乙,3,3,-0.0279390010982751,0,0,0,,,,0,,,,,,0,,,,,
qwen3_4b_2560d_int8,cn_def,二,2,2,-0.1109237670898437,0,0,0,,,,0,,,,,,0,,,,,
qwen3_4b_2560d_int8,cn_def,京,1,1,,0,0,0,,,,0,,,,,,0,,,,,
qwen3_4b_2560d_int8,cn_def,人,1,1,,0,0,0,,,,0,,,,,,0,,,,,
qwen3_4b_2560d_int8,cn_def,亻,138,127,0.0045182979665696,138,138,138,0.0416414388118014,0.0416414388118014,0.0416414388118014,138,0.0,0.0289855072463768,0.0507246376811594,0.0207276473312545,1902.5,138,0.0144927536231884,0.0579710144927536,0.0869565217391304,0.0378847723087741,406.0
qwen3_4b_2560d_int8,cn_def,儿,2,2,-0.0152353048324584,0,0,0,,,,0,,,,,,0,,,,,
qwen3_4b_2560d_int8,cn_def,光,1,1,,0,0,0,,,,0,,,,,,0,,,,,
qwen3_4b_2560d_int8,cn_def,兮,1,1,,0,0,0,,,,0,,,,,,0,,,,,
qwen3_4b_2560d_int8,cn_def,共,1,1,,0,0,0,,,,0,,,,,,0,,,,,
qwen3_4b_2560d_int8,cn_def,冂,1,1,,0,0,0,,,,0,,,,,,0,,,,,
qwen3_4b_2560d_int8,cn_def,冃,2,2,0.343768835067749,0,0,0,,,,0,,,,,,0,,,,,
qwen3_4b_2560d_int8,cn_def,冖,2,2,-0.0217226147651672,0,0,0,,,,0,,,,,,0,,,,,
qwen3_4b_2560d_int8,cn_def,冫,6,6,0.1049653068184852,6,6,0,0.2014206697543462,0.2014206697543462,,6,0.0,0.0,0.0,0.0039169303302004,936.5,6,0.0,0.0,0.0,0.0015906232624226,661.0
qwen3_4b_2560d_int8,cn_def,几,1,1,,0,0,0,,,,0,,,,,,0,,,,,
qwen3_4b_2560d_int8,cn_def,刀,3,3,0.2620396614074707,0,0,0,,,,0,,,,,,0,,,,,
qwen3_4b_2560d_int8,cn_def,刂,20,20,0.0815178230404853,20,20,20,0.2314056078437715,0.2314056078437715,0.2314056078437715,20,0.0,0.1,0.1,0.0253606920225839,738.0,20,0.0,0.0,0.0,0.0044808121733104,536.5
qwen3_4b_2560d_int8,cn_def,力,16,16,0.0585322715342044,16,16,16,0.1715408401796594,0.1715408401796594,0.1715408401796594,16,0.0,0.0,0.0,0.0113141087786355,258.5,16,0.0,0.0,0.0,0.0091316824682062,605.0
qwen3_4b_2560d_int8,cn_def,勹,3,3,0.049548864364624,0,0,0,,,,0,,,,,,0,,,,,
qwen3_4b_2560d_int8,cn_def,匕,1,1,,0,0,0,,,,0,,,,,,0,,,,,
qwen3_4b_2560d_int8,cn_def,匚,5,5,0.0496548190712928,5,0,0,0.0987060004845261,,,5,0.0,0.0,0.0,0.0007736263418795,1318.0,5,0.0,0.0,0.0,0.0023945365160095,563.0
qwen3_4b_2560d_int8,cn_def,匸,2,2,-0.056054413318634,0,0,0,,,,0,,,,,,0,,,,,
qwen3_4b_2560d_int8,cn_def,十,1,1,,0,0,0,,,,0,,,,,,0,,,,,
qwen3_4b_2560d_int8,cn_def,卂,1,1,,0,0,0,,,,0,,,,,,0,,,,,
qwen3_4b_2560d_int8,cn_def,半,1,1,,0,0,0,,,,0,,,,,,0,,,,,
qwen3_4b_2560d_int8,cn_def,卜,1,1,,0,0,0,,,,0,,,,,,0,,,,,
qwen3_4b_2560d_int8,cn_def,卩,2,2,0.1418423652648925,0,0,0,,,,0,,,,,,0,,,,,
qwen3_4b_2560d_int8,cn_def,卵,1,1,,0,0,0,,,,0,,,,,,0,,,,,
qwen3_4b_2560d_int8,cn_def,厂,1,1,,0,0,0,,,,0,,,,,,0,,,,,
qwen3_4b_2560d_int8,cn_def,厶,1,1,,0,0,0,,,,0,,,,,,0,,,,,
qwen3_4b_2560d_int8,cn_def,又,2,2,0.057310938835144,0,0,0,,,,0,,,,,,0,,,,,
qwen3_4b_2560d_int8,cn_def,口,122,114,0.0583248995244503,122,122,122,0.2200411259498233,0.2200411259498233,0.2200411259498233,122,0.0,0.0081967213114754,0.0081967213114754,0.0053734185346662,1019.0,122,0.0081967213114754,0.0163934426229508,0.0245901639344262,0.0179313189606914,498.5
qwen3_4b_2560d_int8,cn_def,向,1,1,,0,0,0,,,,0,,,,,,0,,,,,
qwen3_4b_2560d_int8,cn_def,喜,1,1,,0,0,0,,,,0,,,,,,0,,,,,
qwen3_4b_2560d_int8,cn_def,囗,10,10,0.063852921128273,10,10,10,0.1587224297225475,0.1587224297225475,0.1587224297225475,10,0.0,0.0,0.0,0.0013555197494054,841.0,10,0.0,0.0,0.0,0.0027892180733618,668.0
qwen3_4b_2560d_int8,cn_def,土,66,66,0.0503848977386951,66,66,66,0.1991773931253137,0.1991773931253137,0.1991773931253137,66,0.0,0.0454545454545454,0.0454545454545454,0.0176824893779938,810.0,66,0.0303030303030303,0.0303030303030303,0.0454545454545454,0.0403428693215911,352.5
qwen3_4b_2560d_int8,cn_def,壬,1,1,,0,0,0,,,,0,,,,,,0,,,,,
qwen3_4b_2560d_int8,cn_def,壴,1,1,,0,0,0,,,,0,,,,,,0,,,,,
qwen3_4b_2560d_int8,cn_def,夂,1,1,,0,0,0,,,,0,,,,,,0,,,,,
qwen3_4b_2560d_int8,cn_def,夕,1,1,,0,0,0,,,,0,,,,,,0,,,,,
qwen3_4b_2560d_int8,cn_def,多,1,1,,0,0,0,,,,0,,,,,,0,,,,,
qwen3_4b_2560d_int8,cn_def,大,4,4,0.0183191690593957,4,0,0,0.036074421252124,,,4,0.0,0.0,0.0,0.0019764875295367,1347.5,4,0.0,0.0,0.0,0.0180645272740241,64.5
qwen3_4b_2560d_int8,cn_def,夭,1,1,,0,0,0,,,,0,,,,,,0,,,,,
qwen3_4b_2560d_int8,cn_def,夸,1,1,,0,0,0,,,,0,,,,,,0,,,,,
qwen3_4b_2560d_int8,cn_def,女,69,69,0.03706881031394,69,69,69,0.1648857376970134,0.1648857376970134,0.1648857376970134,69,0.0,0.0,0.0,0.0048675162039244,1387.0,69,0.0,0.0289855072463768,0.0434782608695652,0.0165512207957174,388.0
qwen3_4b_2560d_int8,cn_def,子,6,6,0.0704139396548271,6,6,0,0.1477227099239826,0.1477227099239826,,6,0.0,0.0,0.0,0.0050789957098826,703.5,6,0.0,0.0,0.0,0.0020363873381051,933.5
qwen3_4b_2560d_int8,cn_def,學,1,1,,0,0,0,,,,0,,,,,,0,,,,,
qwen3_4b_2560d_int8,cn_def,宀,20,20,0.038517702370882,20,20,20,0.1299677354982122,0.1299677354982122,0.1299677354982122,20,0.0,0.0,0.0,0.0008839943732028,1572.5,20,0.0,0.0,0.0,0.0068773686661718,535.0
qwen3_4b_2560d_int8,cn_def,寸,1,1,,0,0,0,,,,0,,,,,,0,,,,,
qwen3_4b_2560d_int8,cn_def,尢,1,1,,0,0,0,,,,0,,,,,,0,,,,,
qwen3_4b_2560d_int8,cn_def,尸,7,7,0.0086336927488446,7,7,0,0.0211474008059927,0.0211474008059927,,7,0.0,0.0,0.0,0.000487191374643,3921.0,7,0.0,0.0,0.0,0.002335908830807,606.0
qwen3_4b_2560d_int8,cn_def,尺,1,1,,0,0,0,,,,0,,,,,,0,,,,,
qwen3_4b_2560d_int8,cn_def,履,2,2,0.2774326801300049,0,0,0,,,,0,,,,,,0,,,,,
qwen3_4b_2560d_int8,cn_def,山,38,38,0.0841632261872291,38,38,38,0.2570594787095232,0.2570594787095232,0.2570594787095232,38,0.0,0.0526315789473684,0.0526315789473684,0.0289231908196259,299.5,38,0.0,0.0526315789473684,0.0526315789473684,0.0214558158950712,386.0
qwen3_4b_2560d_int8,cn_def,工,1,1,,0,0,0,,,,0,,,,,,0,,,,,
qwen3_4b_2560d_int8,cn_def,巾,22,22,0.0851163491606712,22,22,22,0.2404186542738567,0.2404186542738567,0.2404186542738567,22,0.0,0.0,0.0,0.0079794361044584,286.0,22,0.0,0.0454545454545454,0.0454545454545454,0.0140876966607705,487.5
qwen3_4b_2560d_int8,cn_def,幺,1,1,,0,0,0,,,,0,,,,,,0,,,,,
qwen3_4b_2560d_int8,cn_def,广,25,25,0.0360830053687095,25,25,25,0.1323411662690341,0.1323411662690341,0.1323411662690341,25,0.0,0.0,0.0,0.0027234444157841,977.0,25,0.0,0.0,0.0,0.0088447059776442,426.0
qwen3_4b_2560d_int8,cn_def,庚,1,1,,0,0,0,,,,0,,,,,,0,,,,,
qwen3_4b_2560d_int8,cn_def,廾,1,1,,0,0,0,,,,0,,,,,,0,,,,,
qwen3_4b_2560d_int8,cn_def,弓,9,9,0.0311353728175163,9,9,9,0.0795262138255768,0.0795262138255768,0.0795262138255768,9,0.0,0.0,0.0,0.0007076557203933,2028.0,9,0.0,0.0,0.0,0.0019770063287868,554.0
qwen3_4b_2560d_int8,cn_def,彡,6,6,0.001969909761101,6,6,0,0.0162825714796781,0.0162825714796781,,6,0.0,0.0,0.0,0.001422022887569,1100.5,6,0.0,0.0,0.0,0.0077080078024421,173.5
qwen3_4b_2560d_int8,cn_def,彳,14,14,0.0712469890713691,14,14,14,0.1952194890805653,0.1952194890805653,0.1952194890805653,14,0.0,0.0714285714285714,0.0714285714285714,0.0244481618087867,742.5,14,0.0714285714285714,0.0714285714285714,0.0714285714285714,0.0803050358466318,525.0
qwen3_4b_2560d_int8,cn_def,微,1,1,,0,0,0,,,,0,,,,,,0,,,,,
qwen3_4b_2560d_int8,cn_def,心,46,44,0.0468635559082031,46,46,46,0.1757780931404103,0.1757780931404103,0.1757780931404103,46,0.0434782608695652,0.0434782608695652,0.0434782608695652,0.0472281624835218,747.5,46,0.0434782608695652,0.0434782608695652,0.0652173913043478,0.0507344626936453,385.0
qwen3_4b_2560d_int8,cn_def,忄,80,80,0.071660578250885,80,80,80,0.249319271557033,0.249319271557033,0.249319271557033,80,0.0,0.0125,0.0125,0.0122166107233643,513.0,80,0.0125,0.025,0.0375,0.0227258749476675,519.5
qwen3_4b_2560d_int8,cn_def,恣,1,1,,0,0,0,,,,0,,,,,,0,,,,,
qwen3_4b_2560d_int8,cn_def,戈,6,6,0.0313856936991214,6,6,0,0.0675298062463601,0.0675298062463601,,6,0.0,0.0,0.0,0.0015423597414779,1230.0,6,0.0,0.0,0.0,0.0040808910780233,333.0
qwen3_4b_2560d_int8,cn_def,戊,2,2,-0.1745203733444214,0,0,0,,,,0,,,,,,0,,,,,
qwen3_4b_2560d_int8,cn_def,戶,2,2,0.0606884956359863,0,0,0,,,,0,,,,,,0,,,,,
qwen3_4b_2560d_int8,cn_def,手,7,7,0.0798684731125831,7,7,0,0.1622820592352322,0.1622820592352322,,7,0.0,0.0,0.1428571428571428,0.0198643719568442,480.0,7,0.0,0.1428571428571428,0.2857142857142857,0.0450287757908738,426.0
qwen3_4b_2560d_int8,cn_def,扌,145,139,0.064178392291069,145,145,145,0.2380168873238666,0.2380168873238666,0.2380168873238666,145,0.0068965517241379,0.0206896551724137,0.0275862068965517,0.0184737414836868,709.0,145,0.0137931034482758,0.0137931034482758,0.0206896551724137,0.0208180946790002,426.0
qwen3_4b_2560d_int8,cn_def,攴,1,1,,0,0,0,,,,0,,,,,,0,,,,,
qwen3_4b_2560d_int8,cn_def,攵,14,14,0.0320800319314003,14,14,14,0.1035103992159877,0.1035103992159877,0.1035103992159877,14,0.0,0.0,0.0,0.0027515351099752,1310.5,14,0.0,0.0,0.0,0.0052768100174585,641.5
qwen3_4b_2560d_int8,cn_def,敕,1,1,,0,0,0,,,,0,,,,,,0,,,,,
qwen3_4b_2560d_int8,cn_def,文,1,1,,0,0,0,,,,0,,,,,,0,,,,,
qwen3_4b_2560d_int8,cn_def,斗,5,5,-0.0003971576807089,5,0,0,-0.0018226816318929,,,5,0.0,0.0,0.0,0.0006745698122714,1462.0,5,0.0,0.0,0.0,0.0122485882604705,489.0
qwen3_4b_2560d_int8,cn_def,斤,4,4,0.0399406738579273,4,0,0,0.0718436995521187,,,4,0.0,0.0,0.0,0.0009918055245899,938.0,4,0.0,0.0,0.0,0.0069198320956402,620.0
qwen3_4b_2560d_int8,cn_def,日,45,43,0.0532400533556938,45,45,45,0.1973867690552853,0.1973867690552853,0.1973867690552853,45,0.0,0.0444444444444444,0.0666666666666666,0.0244608601771968,471.0,45,0.0666666666666666,0.0888888888888888,0.1111111111111111,0.082043907485576,364.0
qwen3_4b_2560d_int8,cn_def,旨,1,1,,0,0,0,,,,0,,,,,,0,,,,,
qwen3_4b_2560d_int8,cn_def,是,1,1,,0,0,0,,,,0,,,,,,0,,,,,
qwen3_4b_2560d_int8,cn_def,曰,1,1,,0,0,0,,,,0,,,,,,0,,,,,
qwen3_4b_2560d_int8,cn_def,月,4,4,0.1557531356811523,4,0,0,0.2382857054471969,,,4,0.0,0.0,0.0,0.0312161634702618,53.5,4,0.0,0.0,0.0,0.0069462656561776,396.0
qwen3_4b_2560d_int8,cn_def,木,146,140,0.063630111515522,146,146,146,0.2382617851094126,0.2382617851094126,0.2382617851094126,146,0.0068493150684931,0.0136986301369863,0.0205479452054794,0.0122997895257363,1238.0,146,0.0,0.0273972602739726,0.0342465753424657,0.0167455092660896,441.5
qwen3_4b_2560d_int8,cn_def,林,4,4,-0.0278626885265111,4,0,0,-0.0442927494877949,,,4,0.0,0.0,0.0,0.0009080343506044,3353.5,4,0.0,0.0,0.0,0.0017265991243003,673.0
qwen3_4b_2560d_int8,cn_def,欠,14,14,0.0089367982000112,14,14,14,0.0423415831423231,0.0423415831423231,0.0423415831423231,14,0.0,0.0,0.0714285714285714,0.0186876379875059,1730.0,14,0.0714285714285714,0.1428571428571428,0.1428571428571428,0.1178411842516566,310.5
qwen3_4b_2560d_int8,cn_def,止,1,1,,0,0,0,,,,0,,,,,,0,,,,,
qwen3_4b_2560d_int8,cn_def,步,1,1,,0,0,0,,,,0,,,,,,0,,,,,
qwen3_4b_2560d_int8,cn_def,歹,11,11,0.0810143575072288,11,11,11,0.1977767625992948,0.1977767625992948,0.1977767625992948,11,0.0,0.0,0.0,0.0141114207725524,927.0,11,0.0,0.0,0.0,0.0028248348667551,410.0
qwen3_4b_2560d_int8,cn_def,死,1,1,,0,0,0,,,,0,,,,,,0,,,,,
qwen3_4b_2560d_int8,cn_def,殳,2,2,-0.1212489604949951,0,0,0,,,,0,,,,,,0,,,,,
qwen3_4b_2560d_int8,cn_def,比,1,1,,0,0,0,,,,0,,,,,,0,,,,,
qwen3_4b_2560d_int8,cn_def,毛,5,5,0.100101038813591,5,0,0,0.1848866283893585,,,5,0.0,0.0,0.0,0.0037410064301575,392.0,5,0.0,0.0,0.0,0.0055010386032239,154.0
qwen3_4b_2560d_int8,cn_def,民,1,1,,0,0,0,,,,0,,,,,,0,,,,,
qwen3_4b_2560d_int8,cn_def,气,2,2,0.1473767757415771,0,0,0,,,,0,,,,,,0,,,,,
qwen3_4b_2560d_int8,cn_def,水,4,4,0.0571845360100269,4,0,0,0.1000452698208391,,,4,0.0,0.0,0.0,0.0008892527850583,1220.5,4,0.0,0.0,0.0,0.0064823751122299,369.0
qwen3_4b_2560d_int8,cn_def,氵,198,186,0.0513314865529537,198,198,198,0.2135834872929586,0.2135834872929586,0.2135834872929586,198,0.0101010101010101,0.0101010101010101,0.0101010101010101,0.0138025571577892,1049.5,198,0.0101010101010101,0.0303030303030303,0.0454545454545454,0.0205946393983172,501.0
qwen3_4b_2560d_int8,cn_def,火,36,35,0.0705779418349266,36,36,36,0.2265693423234754,0.2265693423234754,0.2265693423234754,36,0.0277777777777777,0.0555555555555555,0.0833333333333333,0.048559158511425,461.5,36,0.0833333333333333,0.1388888888888889,0.1388888888888889,0.1091894882265451,375.0
qwen3_4b_2560d_int8,cn_def,灬,2,2,0.0086698532104492,0,0,0,,,,0,,,,,,0,,,,,
qwen3_4b_2560d_int8,cn_def,爪,1,1,,0,0,0,,,,0,,,,,,0,,,,,
qwen3_4b_2560d_int8,cn_def,爭,1,1,,0,0,0,,,,0,,,,,,0,,,,,
qwen3_4b_2560d_int8,cn_def,父,1,1,,0,0,0,,,,0,,,,,,0,,,,,
qwen3_4b_2560d_int8,cn_def,爿,1,1,,0,0,0,,,,0,,,,,,0,,,,,
qwen3_4b_2560d_int8,cn_def,片,2,2,0.0935616493225097,0,0,0,,,,0,,,,,,0,,,,,
qwen3_4b_2560d_int8,cn_def,牛,1,1,,0,0,0,,,,0,,,,,,0,,,,,
qwen3_4b_2560d_int8,cn_def,牜,10,10,0.0316082537174224,10,10,10,0.0896023765206337,0.0896023765206337,0.0896023765206337,10,0.0,0.0,0.0,0.0089558555249331,1497.0,10,0.0,0.0,0.0,0.00230398490243,705.0
qwen3_4b_2560d_int8,cn_def,犬,4,4,0.0275078620761632,4,0,0,0.0493534614797681,,,4,0.0,0.0,0.0,0.0146098843777927,487.5,4,0.25,0.25,0.25,0.2524546144508497,360.5
qwen3_4b_2560d_int8,cn_def,犭,28,28,0.0391860492527484,28,28,28,0.146666840733295,0.146666840733295,0.146666840733295,28,0.0,0.0,0.0,0.0039015174575416,960.0,28,0.0,0.0,0.0,0.003332467595934,500.0
qwen3_4b_2560d_int8,cn_def,玉,2,2,0.1076745986938476,0,0,0,,,,0,,,,,,0,,,,,
qwen3_4b_2560d_int8,cn_def,王,46,45,0.0932994484901428,46,46,46,0.2762918607736735,0.2762918607736735,0.2762918607736735,46,0.0217391304347826,0.0217391304347826,0.0434782608695652,0.0310477700481982,522.0,46,0.0,0.0,0.0,0.0080503592470064,376.5
qwen3_4b_2560d_int8,cn_def,瓜,2,2,0.2083741426467895,0,0,0,,,,0,,,,,,0,,,,,
qwen3_4b_2560d_int8,cn_def,瓦,4,4,0.2328131943941116,4,0,0,0.3419244028627872,,,4,0.0,0.0,0.0,0.0241485897223602,49.5,4,0.0,0.0,0.0,0.0076581739455957,140.5
qwen3_4b_2560d_int8,cn_def,田,10,10,0.0825617015361785,10,10,10,0.1957154974807053,0.1957154974807053,0.1957154974807053,10,0.0,0.1,0.1,0.0274816041172717,629.5,10,0.1,0.1,0.1,0.1123665930824625,333.0
qwen3_4b_2560d_int8,cn_def,男,2,2,0.3065667152404785,0,0,0,,,,0,,,,,,0,,,,,
qwen3_4b_2560d_int8,cn_def,畢,1,1,,0,0,0,,,,0,,,,,,0,,,,,
qwen3_4b_2560d_int8,cn_def,疒,48,47,0.0909406915307045,48,48,48,0.2723883021002014,0.2723883021002014,0.2723883021002014,48,0.0,0.0,0.0208333333333333,0.0084884763505947,491.0,48,0.0208333333333333,0.0208333333333333,0.0208333333333333,0.0285723747525826,445.0
qwen3_4b_2560d_int8,cn_def,癶,1,1,,0,0,0,,,,0,,,,,,0,,,,,
qwen3_4b_2560d_int8,cn_def,白,7,7,0.1041899621486663,7,7,0,0.214992989386831,0.214992989386831,,7,0.0,0.0,0.0,0.0269580600217113,76.0,7,0.0,0.0,0.0,0.0025040470228694,483.0
qwen3_4b_2560d_int8,cn_def,皮,3,3,0.1024882420897483,0,0,0,,,,0,,,,,,0,,,,,
qwen3_4b_2560d_int8,cn_def,皿,9,9,0.1151742935180664,9,9,9,0.2511808404492007,0.2511808404492007,0.2511808404492007,9,0.0,0.0,0.0,0.016873355952438,351.0,9,0.0,0.0,0.0,0.0040041881295493,361.0
qwen3_4b_2560d_int8,cn_def,目,32,32,0.1215220764279365,32,32,32,0.3159141852229368,0.3159141852229368,0.3159141852229368,32,0.0,0.03125,0.03125,0.0286422868701263,137.0,32,0.0,0.03125,0.0625,0.0157493233792972,489.5
qwen3_4b_2560d_int8,cn_def,矛,1,1,,0,0,0,,,,0,,,,,,0,,,,,
qwen3_4b_2560d_int8,cn_def,矢,4,4,0.0305622424930334,4,0,0,0.0658176373690366,,,4,0.0,0.0,0.0,0.0004966563794669,2788.5,4,0.0,0.0,0.0,0.0037259330301486,691.0
qwen3_4b_2560d_int8,cn_def,石,40,39,0.065342754125595,40,40,40,0.2172229140298441,0.2172229140298441,0.2172229140298441,40,0.0,0.0,0.0,0.0032226358179291,1440.5,40,0.0,0.0,0.0,0.006328863076952,352.0
qwen3_4b_2560d_int8,cn_def,示,5,5,-0.010941743850708,5,0,0,-0.0213657092303037,,,5,0.0,0.0,0.0,0.003425299056814,3003.0,5,0.0,0.0,0.0,0.0021778227842629,721.0
qwen3_4b_2560d_int8,cn_def,礻,20,20,0.0756626725196838,20,20,20,0.2150927122682333,0.2150927122682333,0.2150927122682333,20,0.05,0.05,0.05,0.0603258522976989,347.0,20,0.05,0.05,0.05,0.0584622595431616,343.0
qwen3_4b_2560d_int8,cn_def,禾,25,25,0.0299408715218305,25,25,25,0.1189278406277298,0.1189278406277298,0.1189278406277298,25,0.0,0.0,0.0,0.0068231852528006,1849.0,25,0.0,0.04,0.04,0.0248639597770483,407.0
qwen3_4b_2560d_int8,cn_def,穴,17,17,0.03314845636487,17,17,17,0.1096421531675493,0.1096421531675493,0.1096421531675493,17,0.0,0.0,0.0,0.001691537083166,1399.0,17,0.0,0.0,0.0588235294117647,0.009547359219222,660.0
qwen3_4b_2560d_int8,cn_def,立,4,4,-0.0132737951353192,4,0,0,-0.0232647299999371,,,4,0.0,0.0,0.0,0.0006545484775292,1856.5,4,0.0,0.0,0.0,0.0024286906153717,409.0
qwen3_4b_2560d_int8,cn_def,竹,63,61,0.0921045318245887,63,63,63,0.280410936693587,0.280410936693587,0.280410936693587,63,0.0158730158730158,0.0317460317460317,0.0476190476190476,0.0313810306092113,814.0,63,0.0317460317460317,0.0317460317460317,0.0317460317460317,0.0374335694946253,442.0
qwen3_4b_2560d_int8,cn_def,箕,1,1,,0,0,0,,,,0,,,,,,0,,,,,
qwen3_4b_2560d_int8,cn_def,米,17,17,0.0891772732138633,17,17,17,0.2368993188857155,0.2368993188857155,0.2368993188857155,17,0.0,0.0,0.0,0.0078159472133754,234.0,17,0.0,0.0,0.0,0.0027607006632934,697.0
qwen3_4b_2560d_int8,cn_def,糸,99,98,0.0587058812379837,99,99,99,0.2256001685134539,0.2256001685134539,0.2256001685134539,99,0.0101010101010101,0.0101010101010101,0.0303030303030303,0.0166648159406358,947.0,99,0.0101010101010101,0.0101010101010101,0.0202020202020202,0.0163610108071239,376.0
qwen3_4b_2560d_int8,cn_def,縣,1,1,,0,0,0,,,,0,,,,,,0,,,,,
qwen3_4b_2560d_int8,cn_def,缶,1,1,,0,0,0,,,,0,,,,,,0,,,,,
qwen3_4b_2560d_int8,cn_def,网,1,1,,0,0,0,,,,0,,,,,,0,,,,,
qwen3_4b_2560d_int8,cn_def,羊,3,3,0.0268174801021814,0,0,0,,,,0,,,,,,0,,,,,
qwen3_4b_2560d_int8,cn_def,羽,14,14,0.0310433153063058,14,14,14,0.099987001923312,0.099987001923312,0.099987001923312,14,0.0,0.0,0.0,0.0018587642875021,1341.5,14,0.0,0.0,0.0,0.0063142013731932,424.0
qwen3_4b_2560d_int8,cn_def,習,1,1,,0,0,0,,,,0,,,,,,0,,,,,
qwen3_4b_2560d_int8,cn_def,老,3,3,0.2296404093503952,0,0,0,,,,0,,,,,,0,,,,,
qwen3_4b_2560d_int8,cn_def,耒,6,6,0.0319080501794815,6,6,0,0.07388780079782,0.07388780079782,,6,0.0,0.0,0.0,0.0023970710307357,2078.0,6,0.0,0.0,0.0,0.0015310227815275,842.0
qwen3_4b_2560d_int8,cn_def,耳,6,6,0.0924466103315353,6,6,0,0.1796945550789435,0.1796945550789435,,6,0.0,0.0,0.0,0.0094658817666207,552.5,6,0.0,0.0,0.0,0.001268246671156,793.0
qwen3_4b_2560d_int8,cn_def,肉,73,70,0.0739584118127822,73,73,73,0.2476150131758863,0.2476150131758863,0.2476150131758863,73,0.0,0.0,0.0136986301369863,0.0053444564839306,862.0,73,0.0,0.0136986301369863,0.0136986301369863,0.0121168705357132,462.0
qwen3_4b_2560d_int8,cn_def,臣,1,1,,0,0,0,,,,0,,,,,,0,,,,,
qwen3_4b_2560d_int8,cn_def,臤,1,1,,0,0,0,,,,0,,,,,,0,,,,,
qwen3_4b_2560d_int8,cn_def,臥,1,1,,0,0,0,,,,0,,,,,,0,,,,,
qwen3_4b_2560d_int8,cn_def,自,1,1,,0,0,0,,,,0,,,,,,0,,,,,
qwen3_4b_2560d_int8,cn_def,至,2,2,0.4060124158859253,0,0,0,,,,0,,,,,,0,,,,,
qwen3_4b_2560d_int8,cn_def,舌,1,1,,0,0,0,,,,0,,,,,,0,,,,,
qwen3_4b_2560d_int8,cn_def,舟,12,12,0.159478560090065,12,12,12,0.3299354662497838,0.3299354662497838,0.3299354662497838,12,0.0,0.0833333333333333,0.0833333333333333,0.0562349713432292,75.0,12,0.0833333333333333,0.0833333333333333,0.0833333333333333,0.087260119314389,616.5
qwen3_4b_2560d_int8,cn_def,艹,161,151,0.082748994231224,161,161,161,0.2691111901994817,0.2691111901994817,0.2691111901994817,161,0.0124223602484472,0.0186335403726708,0.0186335403726708,0.0179443955366452,720.0,161,0.0186335403726708,0.0186335403726708,0.0248447204968944,0.0242255964116707,435.0
qwen3_4b_2560d_int8,cn_def,蕇,1,1,,0,0,0,,,,0,,,,,,0,,,,,
qwen3_4b_2560d_int8,cn_def,虍,2,2,0.058243989944458,0,0,0,,,,0,,,,,,0,,,,,
qwen3_4b_2560d_int8,cn_def,虫,79,77,0.1258264034986496,79,79,79,0.3377837549211292,0.3377837549211292,0.3377837549211292,79,0.0,0.0,0.0253164556962025,0.0087196879478142,382.0,79,0.0,0.0126582278481012,0.0126582278481012,0.01171986018306,485.0
qwen3_4b_2560d_int8,cn_def,血,1,1,,0,0,0,,,,0,,,,,,0,,,,,
qwen3_4b_2560d_int8,cn_def,行,5,5,0.0117551330476999,5,0,0,0.022824976965785,,,5,0.0,0.0,0.0,0.0003202790603106,3331.0,5,0.0,0.0,0.0,0.0011748355443132,952.0
qwen3_4b_2560d_int8,cn_def,衣,11,11,0.073272667825222,11,11,11,0.1864006642082875,0.1864006642082875,0.1864006642082875,11,0.0,0.0,0.0,0.0006680077879502,2507.0,11,0.0,0.0,0.0,0.0018335445055984,737.0
qwen3_4b_2560d_int8,cn_def,衤,34,34,0.0894350558519363,34,34,34,0.2642325238489053,0.2642325238489053,0.2642325238489053,34,0.0,0.0,0.0,0.0086574254916465,306.5,34,0.0,0.0,0.0,0.0054194455786617,462.5
qwen3_4b_2560d_int8,cn_def,襾,1,1,,0,0,0,,,,0,,,,,,0,,,,,
qwen3_4b_2560d_int8,cn_def,見,4,4,0.0594987086951732,4,0,0,0.1008821728173643,,,4,0.0,0.0,0.0,0.0297998185740904,125.5,4,0.0,0.0,0.0,0.0045625730714256,339.0
qwen3_4b_2560d_int8,cn_def,角,2,2,0.0343546867370605,0,0,0,,,,0,,,,,,0,,,,,
qwen3_4b_2560d_int8,cn_def,言,98,96,0.0391572751104831,98,98,98,0.1757960374970749,0.1757960374970749,0.1757960374970749,98,0.0,0.0204081632653061,0.0306122448979591,0.0117821648509342,758.0,98,0.0408163265306122,0.0612244897959183,0.0612244897959183,0.0541944359608826,391.5
qwen3_4b_2560d_int8,cn_def,谷,2,2,0.1074349880218505,0,0,0,,,,0,,,,,,0,,,,,
qwen3_4b_2560d_int8,cn_def,豆,2,2,0.1580431461334228,0,0,0,,,,0,,,,,,0,,,,,
qwen3_4b_2560d_int8,cn_def,豕,1,1,,0,0,0,,,,0,,,,,,0,,,,,
qwen3_4b_2560d_int8,cn_def,象,1,1,,0,0,0,,,,0,,,,,,0,,,,,
qwen3_4b_2560d_int8,cn_def,豸,7,7,0.2213167399168014,7,7,0,0.3852960382189069,0.3852960382189069,,7,0.0,0.0,0.2857142857142857,0.0559371325333125,33.0,7,0.0,0.0,0.0,0.0018432479913997,528.0
qwen3_4b_2560d_int8,cn_def,貝,30,29,0.0538563281297683,30,30,30,0.1806846132191518,0.1806846132191518,0.1806846132191518,30,0.0,0.0,0.0333333333333333,0.0092194844920217,521.5,30,0.0,0.0,0.0333333333333333,0.0089724995477652,484.0
qwen3_4b_2560d_int8,cn_def,赤,1,1,,0,0,0,,,,0,,,,,,0,,,,,
qwen3_4b_2560d_int8,cn_def,走,8,8,0.0213278699666261,8,8,0,0.0535087129101157,0.0535087129101157,,8,0.0,0.0,0.0,0.003447194519553,613.0,8,0.0,0.0,0.0,0.0022346214978175,748.0
qwen3_4b_2560d_int8,cn_def,足,2,2,0.0307381153106689,0,0,0,,,,0,,,,,,0,,,,,
qwen3_4b_2560d_int8,cn_def,身,3,3,0.0275079403072595,0,0,0,,,,0,,,,,,0,,,,,
qwen3_4b_2560d_int8,cn_def,車,25,25,0.0769537389278411,25,25,25,0.2305664647556841,0.2305664647556841,0.2305664647556841,25,0.0,0.04,0.04,0.0120871475950272,994.0,25,0.0,0.04,0.04,0.0151701218441501,385.0
qwen3_4b_2560d_int8,cn_def,辛,2,2,-0.0337656140327453,0,0,0,,,,0,,,,,,0,,,,,
qwen3_4b_2560d_int8,cn_def,辶,52,52,0.0490329749882221,52,52,52,0.1915908646769821,0.1915908646769821,0.1915908646769821,52,0.0,0.0,0.0,0.0057730350399696,1250.5,52,0.0,0.0384615384615384,0.0384615384615384,0.019216703484066,594.5
qwen3_4b_2560d_int8,cn_def,邑,1,1,,0,0,0,,,,0,,,,,,0,,,,,
qwen3_4b_2560d_int8,cn_def,酉,20,20,0.0578287206590175,20,20,20,0.1781256545335054,0.1781256545335054,0.1781256545335054,20,0.0,0.0,0.0,0.0041197760253379,1029.0,20,0.0,0.0,0.0,0.0086064346042635,610.5
qwen3_4b_2560d_int8,cn_def,釆,2,2,-0.0534640550613403,0,0,0,,,,0,,,,,,0,,,,,
qwen3_4b_2560d_int8,cn_def,里,1,1,,0,0,0,,,,0,,,,,,0,,,,,
qwen3_4b_2560d_int8,cn_def,釒,88,86,0.0672919228672981,88,88,88,0.2413837632206692,0.2413837632206692,0.2413837632206692,88,0.0,0.0113636363636363,0.0113636363636363,0.0085326151629357,961.0,88,0.0,0.0227272727272727,0.034090909090909,0.0207380120106926,368.0
qwen3_4b_2560d_int8,cn_def,門,20,20,0.0366955809295177,20,20,20,0.1279338620603084,0.1279338620603084,0.1279338620603084,20,0.0,0.05,0.05,0.0278999608361698,1626.0,20,0.05,0.05,0.05,0.0541883634987895,484.0
qwen3_4b_2560d_int8,cn_def,阝,49,48,0.0337325371801853,49,49,49,0.1490677689886367,0.1490677689886367,0.1490677689886367,49,0.0204081632653061,0.0204081632653061,0.0408163265306122,0.0251771906165578,2139.0,49,0.0408163265306122,0.0408163265306122,0.0612244897959183,0.0462099551837464,615.0
qwen3_4b_2560d_int8,cn_def,隹,11,11,0.0193511359393596,11,11,11,0.0590840931981802,0.0590840931981802,0.0590840931981802,11,0.0,0.0,0.0,0.003841768428996,863.0,11,0.0,0.0,0.0,0.013287952310688,309.0
qwen3_4b_2560d_int8,cn_def,雈,1,1,,0,0,0,,,,0,,,,,,0,,,,,
qwen3_4b_2560d_int8,cn_def,雨,22,22,0.0898393169045448,22,22,22,0.252824493853206,0.252824493853206,0.252824493853206,22,0.0,0.0454545454545454,0.0454545454545454,0.0303412763265508,352.5,22,0.0454545454545454,0.0454545454545454,0.0454545454545454,0.0485004917167764,428.0
qwen3_4b_2560d_int8,cn_def,非,1,1,,0,0,0,,,,0,,,,,,0,,,,,
qwen3_4b_2560d_int8,cn_def,面,2,2,-0.0693381428718566,0,0,0,,,,0,,,,,,0,,,,,
qwen3_4b_2560d_int8,cn_def,革,13,13,0.0838549435138702,13,13,13,0.2139825369589603,0.2139825369589603,0.2139825369589603,13,0.0,0.0769230769230769,0.0769230769230769,0.0426794303286877,608.0,13,0.0769230769230769,0.0769230769230769,0.0769230769230769,0.0807693347399637,307.0
qwen3_4b_2560d_int8,cn_def,韋,2,2,-0.099575936794281,0,0,0,,,,0,,,,,,0,,,,,
qwen3_4b_2560d_int8,cn_def,韮,1,1,,0,0,0,,,,0,,,,,,0,,,,,
qwen3_4b_2560d_int8,cn_def,音,3,3,0.1253353357315063,0,0,0,,,,0,,,,,,0,,,,,
qwen3_4b_2560d_int8,cn_def,頁,28,28,0.0331631861627101,28,28,28,0.1297506708818088,0.1297506708818088,0.1297506708818088,28,0.0,0.0,0.0,0.0036883506010633,1249.5,28,0.0,0.0,0.0,0.0043316122112341,515.0
qwen3_4b_2560d_int8,cn_def,風,4,4,0.1303726881742477,4,0,0,0.2097993791103363,,,4,0.0,0.0,0.0,0.007925248367965,256.5,4,0.0,0.0,0.0,0.0017927817799348,523.0
qwen3_4b_2560d_int8,cn_def,食,4,4,0.0215684976428747,4,0,0,0.0380380921997129,,,4,0.0,0.0,0.0,0.002089165741655,1837.5,4,0.0,0.0,0.0,0.0026444359099086,525.0
qwen3_4b_2560d_int8,cn_def,飠,22,22,0.0688703432679176,22,22,22,0.2063265874643217,0.2063265874643217,0.2063265874643217,22,0.0,0.0,0.0,0.0030406186575252,633.5,22,0.0,0.0,0.0,0.006275789010649,379.0
qwen3_4b_2560d_int8,cn_def,首,2,2,-0.0421431064605712,0,0,0,,,,0,,,,,,0,,,,,
qwen3_4b_2560d_int8,cn_def,馬,35,35,0.0706679373979568,35,35,35,0.2281317405934844,0.2281317405934844,0.2281317405934844,35,0.0,0.0,0.0,0.006976501219372,850.0,35,0.0,0.0285714285714285,0.0285714285714285,0.0107556849462612,358.0
qwen3_4b_2560d_int8,cn_def,骨,6,6,0.1759267151355743,6,6,0,0.3008468300104141,0.3008468300104141,,6,0.0,0.1666666666666666,0.3333333333333333,0.1033909405960801,168.0,6,0.0,0.0,0.0,0.0025838737031972,453.5
qwen3_4b_2560d_int8,cn_def,高,1,1,,0,0,0,,,,0,,,,,,0,,,,,
qwen3_4b_2560d_int8,cn_def,髟,11,11,0.0785431936383247,11,11,11,0.2016385234892368,0.2016385234892368,0.2016385234892368,11,0.0,0.0,0.0,0.0195354963695322,971.0,11,0.0,0.0,0.0,0.0042471096541429,828.0
qwen3_4b_2560d_int8,cn_def,鬥,3,3,0.1117208003997802,0,0,0,,,,0,,,,,,0,,,,,
qwen3_4b_2560d_int8,cn_def,鬼,9,9,0.0830196514725685,9,9,9,0.1899446478734413,0.1899446478734413,0.1899446478734413,9,0.0,0.0,0.0,0.0065092127983498,403.0,9,0.0,0.0,0.0,0.0021699253168645,660.0
qwen3_4b_2560d_int8,cn_def,魚,20,20,0.2194387316703796,20,20,20,0.4320965491235256,0.4320965491235256,0.4320965491235256,20,0.0,0.1,0.15,0.0565364063409032,71.0,20,0.0,0.0,0.0,0.0051678181014595,411.0
qwen3_4b_2560d_int8,cn_def,鳥,27,27,0.2049565613269806,27,27,27,0.4249888009702166,0.4249888009702166,0.4249888009702166,27,0.037037037037037,0.074074074074074,0.1111111111111111,0.0810441670740492,61.0,27,0.0,0.0,0.0,0.0073163193660887,531.0
qwen3_4b_2560d_int8,cn_def,鹵,3,3,0.2269282341003418,0,0,0,,,,0,,,,,,0,,,,,
qwen3_4b_2560d_int8,cn_def,鹿,4,4,0.1538612097501754,4,0,0,0.2357733957469463,,,4,0.0,0.0,0.25,0.0415065809573352,148.5,4,0.0,0.0,0.0,0.0023872907414632,553.5
qwen3_4b_2560d_int8,cn_def,麥,2,2,0.1098246574401855,0,0,0,,,,0,,,,,,0,,,,,
qwen3_4b_2560d_int8,cn_def,麻,1,1,,0,0,0,,,,0,,,,,,0,,,,,
qwen3_4b_2560d_int8,cn_def,黍,1,1,,0,0,0,,,,0,,,,,,0,,,,,
qwen3_4b_2560d_int8,cn_def,黑,10,10,0.059469424188137,10,10,10,0.1547143730334937,0.1547143730334937,0.1547143730334937,10,0.0,0.0,0.0,0.0055246446106789,442.0,10,0.0,0.0,0.0,0.0089794407706423,446.0
qwen3_4b_2560d_int8,cn_def,黹,1,1,,0,0,0,,,,0,,,,,,0,,,,,
qwen3_4b_2560d_int8,cn_def,黽,1,1,,0,0,0,,,,0,,,,,,0,,,,,
qwen3_4b_2560d_int8,cn_def,鼎,1,1,,0,0,0,,,,0,,,,,,0,,,,,
qwen3_4b_2560d_int8,cn_def,鼓,2,2,0.2335469722747802,0,0,0,,,,0,,,,,,0,,,,,
qwen3_4b_2560d_int8,cn_def,鼠,1,1,,0,0,0,,,,0,,,,,,0,,,,,
qwen3_4b_2560d_int8,cn_def,鼻,1,1,,0,0,0,,,,0,,,,,,0,,,,,
qwen3_4b_2560d_int8,cn_def,齒,8,7,0.1129799336194992,8,8,0,0.2131398376077413,0.2131398376077413,,8,0.0,0.0,0.0,0.0046217218100516,345.0,8,0.0,0.0,0.0,0.0030733470115909,605.0
qwen3_4b_2560d_int8,cn_def,龍,1,1,,0,0,0,,,,0,,,,,,0,,,,,
qwen3_4b_2560d_int8,cn_def,龠,1,1,,0,0,0,,,,0,,,,,,0,,,,,
qwen3_4b_2560d_int8,cn_def,𠘨,1,1,,0,0,0,,,,0,,,,,,0,,,,,
qwen3_4b_2560d_int8,cn_def,𠚕,1,1,,0,0,0,,,,0,,,,,,0,,,,,
qwen3_4b_2560d_int8,cn_def,𠫓,1,1,,0,0,0,,,,0,,,,,,0,,,,,
qwen3_4b_2560d_int8,cn_def,𡱕,1,1,,0,0,0,,,,0,,,,,,0,,,,,
qwen3_4b_2560d_int8,cn_def,𢆶,1,1,,0,0,0,,,,0,,,,,,0,,,,,
qwen3_4b_2560d_int8,cn_def,𣶒,1,1,,0,0,0,,,,0,,,,,,0,,,,,
qwen3_4b_2560d_int8,cn_def,𤤴,3,3,0.5702652335166931,0,0,0,,,,0,,,,,,0,,,,,
qwen3_4b_2560d_int8,cn_def,𦍌,1,1,,0,0,0,,,,0,,,,,,0,,,,,
qwen3_4b_2560d_int8,cn_def,𧾷,48,48,0.0886276885867118,48,48,48,0.2702684723772108,0.2702684723772108,0.2702684723772108,48,0.0,0.0833333333333333,0.1041666666666666,0.0403805977202388,439.0,48,0.0416666666666666,0.0416666666666666,0.0416666666666666,0.0477160296310591,423.5
qwen3_4b_2560d_int8,en_def_translated_cn_def,㐬,1,1,,0,0,0,,,,0,,,,,,0,,,,,
qwen3_4b_2560d_int8,en_def_translated_cn_def,㔾,1,1,,0,0,0,,,,0,,,,,,0,,,,,
qwen3_4b_2560d_int8,en_def_translated_cn_def,㝱,2,2,0.2130177021026611,0,0,0,,,,0,,,,,,0,,,,,
qwen3_4b_2560d_int8,en_def_translated_cn_def,㣺,2,2,-0.0836415886878967,0,0,0,,,,0,,,,,,0,,,,,
qwen3_4b_2560d_int8,en_def_translated_cn_def,㫃,7,7,0.1136541813611984,7,7,0,0.2231778523751667,0.2231778523751667,,7,0.0,0.0,0.1428571428571428,0.026192570164853,302.0,7,0.0,0.0,0.0,0.003198734970683,335.0
qwen3_4b_2560d_int8,en_def_translated_cn_def,㹜,1,1,,0,0,0,,,,0,,,,,,0,,,,,
qwen3_4b_2560d_int8,en_def_translated_cn_def,㾜,1,1,,0,0,0,,,,0,,,,,,0,,,,,
qwen3_4b_2560d_int8,en_def_translated_cn_def,䀠,1,1,,0,0,0,,,,0,,,,,,0,,,,,
qwen3_4b_2560d_int8,en_def_translated_cn_def,䖵,3,3,0.0776140317320823,0,0,0,,,,0,,,,,,0,,,,,
qwen3_4b_2560d_int8,en_def_translated_cn_def,一,3,3,0.0403019599616527,0,0,0,,,,0,,,,,,0,,,,,
qwen3_4b_2560d_int8,en_def_translated_cn_def,乑,1,1,,0,0,0,,,,0,,,,,,0,,,,,
qwen3_4b_2560d_int8,en_def_translated_cn_def,乙,3,3,-0.0508068017661571,0,0,0,,,,0,,,,,,0,,,,,
qwen3_4b_2560d_int8,en_def_translated_cn_def,二,2,2,-0.1149726510047912,0,0,0,,,,0,,,,,,0,,,,,
qwen3_4b_2560d_int8,en_def_translated_cn_def,京,1,1,,0,0,0,,,,0,,,,,,0,,,,,
qwen3_4b_2560d_int8,en_def_translated_cn_def,人,1,1,,0,0,0,,,,0,,,,,,0,,,,,
qwen3_4b_2560d_int8,en_def_translated_cn_def,亻,138,127,0.0031891507096588,138,138,138,0.0306074664374624,0.0306074664374624,0.0306074664374624,138,0.0,0.0289855072463768,0.0507246376811594,0.0153066621647431,1997.0,138,0.0217391304347826,0.0434782608695652,0.0869565217391304,0.0388164813185398,410.0
qwen3_4b_2560d_int8,en_def_translated_cn_def,儿,2,2,0.0818570852279663,0,0,0,,,,0,,,,,,0,,,,,
qwen3_4b_2560d_int8,en_def_translated_cn_def,光,1,1,,0,0,0,,,,0,,,,,,0,,,,,
qwen3_4b_2560d_int8,en_def_translated_cn_def,兮,1,1,,0,0,0,,,,0,,,,,,0,,,,,
qwen3_4b_2560d_int8,en_def_translated_cn_def,共,1,1,,0,0,0,,,,0,,,,,,0,,,,,
qwen3_4b_2560d_int8,en_def_translated_cn_def,冂,1,1,,0,0,0,,,,0,,,,,,0,,,,,
qwen3_4b_2560d_int8,en_def_translated_cn_def,冃,2,2,0.332139253616333,0,0,0,,,,0,,,,,,0,,,,,
qwen3_4b_2560d_int8,en_def_translated_cn_def,冖,2,2,0.0492500066757202,0,0,0,,,,0,,,,,,0,,,,,
qwen3_4b_2560d_int8,en_def_translated_cn_def,冫,6,6,0.1209543868899345,6,6,0,0.2284699045121669,0.2284699045121669,,6,0.0,0.0,0.1666666666666666,0.0340396756737871,635.0,6,0.0,0.0,0.0,0.0016472701600862,633.0
qwen3_4b_2560d_int8,en_def_translated_cn_def,几,1,1,,0,0,0,,,,0,,,,,,0,,,,,
qwen3_4b_2560d_int8,en_def_translated_cn_def,刀,3,3,0.23875792324543,0,0,0,,,,0,,,,,,0,,,,,
qwen3_4b_2560d_int8,en_def_translated_cn_def,刂,20,20,0.0685519576072692,20,20,20,0.2046712697483599,0.2046712697483599,0.2046712697483599,20,0.0,0.0,0.0,0.009390157473719,588.5,20,0.0,0.0,0.0,0.004987257612576,508.0
qwen3_4b_2560d_int8,en_def_translated_cn_def,力,16,16,0.0505241304636001,16,16,16,0.152303762268275,0.152303762268275,0.152303762268275,16,0.0,0.0,0.0,0.0092947942281583,420.0,16,0.0,0.0,0.0,0.0051304702743528,477.5
qwen3_4b_2560d_int8,en_def_translated_cn_def,勹,3,3,0.013789732940495,0,0,0,,,,0,,,,,,0,,,,,
qwen3_4b_2560d_int8,en_def_translated_cn_def,匕,1,1,,0,0,0,,,,0,,,,,,0,,,,,
qwen3_4b_2560d_int8,en_def_translated_cn_def,匚,5,5,0.041833259165287,5,0,0,0.0815534844994545,,,5,0.0,0.0,0.0,0.010093027954141,1269.0,5,0.0,0.0,0.0,0.0023002275322864,437.0
qwen3_4b_2560d_int8,en_def_translated_cn_def,匸,2,2,-0.0440847277641296,0,0,0,,,,0,,,,,,0,,,,,
qwen3_4b_2560d_int8,en_def_translated_cn_def,十,1,1,,0,0,0,,,,0,,,,,,0,,,,,
qwen3_4b_2560d_int8,en_def_translated_cn_def,卂,1,1,,0,0,0,,,,0,,,,,,0,,,,,
qwen3_4b_2560d_int8,en_def_translated_cn_def,半,1,1,,0,0,0,,,,0,,,,,,0,,,,,
qwen3_4b_2560d_int8,en_def_translated_cn_def,卜,1,1,,0,0,0,,,,0,,,,,,0,,,,,
qwen3_4b_2560d_int8,en_def_translated_cn_def,卩,2,2,-0.0052219629287719,0,0,0,,,,0,,,,,,0,,,,,
qwen3_4b_2560d_int8,en_def_translated_cn_def,卵,1,1,,0,0,0,,,,0,,,,,,0,,,,,
qwen3_4b_2560d_int8,en_def_translated_cn_def,厂,1,1,,0,0,0,,,,0,,,,,,0,,,,,
qwen3_4b_2560d_int8,en_def_translated_cn_def,厶,1,1,,0,0,0,,,,0,,,,,,0,,,,,
qwen3_4b_2560d_int8,en_def_translated_cn_def,又,2,2,0.0662959814071655,0,0,0,,,,0,,,,,,0,,,,,
qwen3_4b_2560d_int8,en_def_translated_cn_def,口,122,114,0.0475499220192432,122,122,122,0.1951471097752085,0.1951471097752085,0.1951471097752085,122,0.0,0.0081967213114754,0.0245901639344262,0.0078047580103927,1630.0,122,0.0163934426229508,0.0245901639344262,0.040983606557377,0.0258709033288997,478.5
qwen3_4b_2560d_int8,en_def_translated_cn_def,向,1,1,,0,0,0,,,,0,,,,,,0,,,,,
qwen3_4b_2560d_int8,en_def_translated_cn_def,喜,1,1,,0,0,0,,,,0,,,,,,0,,,,,
qwen3_4b_2560d_int8,en_def_translated_cn_def,囗,10,10,0.0420866012573242,10,10,10,0.1103567190468311,0.1103567190468311,0.1103567190468311,10,0.0,0.0,0.0,0.0024771536154697,2370.0,10,0.0,0.0,0.0,0.0098319581911351,659.0
qwen3_4b_2560d_int8,en_def_translated_cn_def,土,66,66,0.0399406962096691,66,66,66,0.172301969709665,0.172301969709665,0.172301969709665,66,0.0151515151515151,0.0303030303030303,0.0454545454545454,0.02835062270259,985.5,66,0.0303030303030303,0.0606060606060606,0.0606060606060606,0.0496447300500256,338.5
qwen3_4b_2560d_int8,en_def_translated_cn_def,壬,1,1,,0,0,0,,,,0,,,,,,0,,,,,
qwen3_4b_2560d_int8,en_def_translated_cn_def,壴,1,1,,0,0,0,,,,0,,,,,,0,,,,,
qwen3_4b_2560d_int8,en_def_translated_cn_def,夂,1,1,,0,0,0,,,,0,,,,,,0,,,,,
qwen3_4b_2560d_int8,en_def_translated_cn_def,夕,1,1,,0,0,0,,,,0,,,,,,0,,,,,
qwen3_4b_2560d_int8,en_def_translated_cn_def,多,1,1,,0,0,0,,,,0,,,,,,0,,,,,
qwen3_4b_2560d_int8,en_def_translated_cn_def,大,4,4,0.024290045723319,4,0,0,0.0443377860356122,,,4,0.0,0.0,0.0,0.001047567958052,1646.0,4,0.0,0.0,0.0,0.0043826147205507,272.0
qwen3_4b_2560d_int8,en_def_translated_cn_def,夭,1,1,,0,0,0,,,,0,,,,,,0,,,,,
qwen3_4b_2560d_int8,en_def_translated_cn_def,夸,1,1,,0,0,0,,,,0,,,,,,0,,,,,
qwen3_4b_2560d_int8,en_def_translated_cn_def,女,69,69,0.0309388265013694,69,69,69,0.1462922753442241,0.1462922753442241,0.1462922753442241,69,0.0,0.0,0.0,0.0024382446530973,1680.0,69,0.0,0.0,0.0144927536231884,0.0071252376838668,416.0
qwen3_4b_2560d_int8,en_def_translated_cn_def,子,6,6,0.1079654395580291,6,6,0,0.2077380640742679,0.2077380640742679,,6,0.0,0.0,0.0,0.0191316637840802,472.0,6,0.0,0.0,0.0,0.0019942097187929,557.0
qwen3_4b_2560d_int8,en_def_translated_cn_def,學,1,1,,0,0,0,,,,0,,,,,,0,,,,,
qwen3_4b_2560d_int8,en_def_translated_cn_def,宀,20,20,0.0203571617603302,20,20,20,0.0785499968566,0.0785499968566,0.0785499968566,20,0.0,0.0,0.0,0.0007880104771012,2053.5,20,0.0,0.0,0.0,0.0055026017234306,529.0
qwen3_4b_2560d_int8,en_def_translated_cn_def,寸,1,1,,0,0,0,,,,0,,,,,,0,,,,,
qwen3_4b_2560d_int8,en_def_translated_cn_def,尢,1,1,,0,0,0,,,,0,,,,,,0,,,,,
qwen3_4b_2560d_int8,en_def_translated_cn_def,尸,7,7,-0.0029258159920573,7,7,0,-0.0077121296365346,-0.0077121296365346,,7,0.0,0.0,0.0,0.0003313738389011,4556.0,7,0.0,0.0,0.0,0.0023961962552359,880.0
qwen3_4b_2560d_int8,en_def_translated_cn_def,尺,1,1,,0,0,0,,,,0,,,,,,0,,,,,
qwen3_4b_2560d_int8,en_def_translated_cn_def,履,2,2,0.2820241451263428,0,0,0,,,,0,,,,,,0,,,,,
qwen3_4b_2560d_int8,en_def_translated_cn_def,山,38,38,0.0844532549381256,38,38,38,0.2582795431371778,0.2582795431371778,0.2582795431371778,38,0.0,0.0,0.0526315789473684,0.0183423309274165,193.0,38,0.0,0.0,0.0,0.0080855897654631,443.5
qwen3_4b_2560d_int8,en_def_translated_cn_def,工,1,1,,0,0,0,,,,0,,,,,,0,,,,,
qwen3_4b_2560d_int8,en_def_translated_cn_def,巾,22,22,0.0601365230977535,22,22,22,0.1893282856114886,0.1893282856114886,0.1893282856114886,22,0.0,0.0,0.0,0.0085644817794719,379.0,22,0.0,0.0454545454545454,0.0454545454545454,0.0291474655379539,508.0
qwen3_4b_2560d_int8,en_def_translated_cn_def,幺,1,1,,0,0,0,,,,0,,,,,,0,,,,,
qwen3_4b_2560d_int8,en_def_translated_cn_def,广,25,25,0.0322623588144779,25,25,25,0.1200724858045578,0.1200724858045578,0.1200724858045578,25,0.0,0.0,0.0,0.0035775277199964,1470.0,25,0.0,0.0,0.04,0.0137988732578385,594.0
qwen3_4b_2560d_int8,en_def_translated_cn_def,庚,1,1,,0,0,0,,,,0,,,,,,0,,,,,
qwen3_4b_2560d_int8,en_def_translated_cn_def,廾,1,1,,0,0,0,,,,0,,,,,,0,,,,,
qwen3_4b_2560d_int8,en_def_translated_cn_def,弓,9,9,0.0352239608764648,9,9,9,0.0940545681450102,0.0940545681450102,0.0940545681450102,9,0.0,0.0,0.0,0.0005812827467483,2681.0,9,0.0,0.0,0.0,0.0049094014697485,780.0
qwen3_4b_2560d_int8,en_def_translated_cn_def,彡,6,6,0.0041711488738656,6,6,0,0.0171185477326313,0.0171185477326313,,6,0.0,0.0,0.0,0.0019153428147026,774.5,6,0.0,0.0,0.0,0.0161977256955059,259.5
qwen3_4b_2560d_int8,en_def_translated_cn_def,彳,14,14,0.0391548089683055,14,14,14,0.1236986078854118,0.1236986078854118,0.1236986078854118,14,0.0,0.0,0.0,0.0057758323679729,849.5,14,0.0,0.0714285714285714,0.0714285714285714,0.0301969165343833,591.5
qwen3_4b_2560d_int8,en_def_translated_cn_def,微,1,1,,0,0,0,,,,0,,,,,,0,,,,,
qwen3_4b_2560d_int8,en_def_translated_cn_def,心,46,44,0.0452025011181831,46,46,46,0.1739700005501104,0.1739700005501104,0.1739700005501104,46,0.0217391304347826,0.0217391304347826,0.0217391304347826,0.0243291565322532,762.0,46,0.0,0.0652173913043478,0.0652173913043478,0.0247198274008813,511.5
qwen3_4b_2560d_int8,en_def_translated_cn_def,忄,80,80,0.0622073002159595,80,80,80,0.2300890362355858,0.2300890362355858,0.2300890362355858,80,0.0,0.0375,0.0375,0.0149811542328595,664.5,80,0.0125,0.0375,0.0375,0.027592919891644,466.5
qwen3_4b_2560d_int8,en_def_translated_cn_def,恣,1,1,,0,0,0,,,,0,,,,,,0,,,,,
qwen3_4b_2560d_int8,en_def_translated_cn_def,戈,6,6,0.0462510585784912,6,6,0,0.0962172684570153,0.0962172684570153,,6,0.0,0.0,0.0,0.0011847166462821,1052.5,6,0.0,0.0,0.0,0.0057443932390011,817.5
qwen3_4b_2560d_int8,en_def_translated_cn_def,戊,2,2,-0.119728147983551,0,0,0,,,,0,,,,,,0,,,,,
qwen3_4b_2560d_int8,en_def_translated_cn_def,戶,2,2,0.0447866916656494,0,0,0,,,,0,,,,,,0,,,,,
qwen3_4b_2560d_int8,en_def_translated_cn_def,手,7,7,0.0838545188307762,7,7,0,0.1742834076285362,0.1742834076285362,,7,0.0,0.0,0.1428571428571428,0.0173551658356045,961.0,7,0.0,0.0,0.0,0.0110905992417121,466.0
qwen3_4b_2560d_int8,en_def_translated_cn_def,扌,145,139,0.0447443425655365,145,145,145,0.1960448452239406,0.1960448452239406,0.1960448452239406,145,0.0137931034482758,0.0206896551724137,0.0344827586206896,0.0209374844293712,1049.0,145,0.0206896551724137,0.0206896551724137,0.0275862068965517,0.026729204976409,487.0
qwen3_4b_2560d_int8,en_def_translated_cn_def,攴,1,1,,0,0,0,,,,0,,,,,,0,,,,,
qwen3_4b_2560d_int8,en_def_translated_cn_def,攵,14,14,0.0376013033092021,14,14,14,0.1166062039722289,0.1166062039722289,0.1166062039722289,14,0.0,0.0,0.0,0.0018922024830352,1394.5,14,0.0,0.0,0.0,0.0047889359373052,395.5
qwen3_4b_2560d_int8,en_def_translated_cn_def,敕,1,1,,0,0,0,,,,0,,,,,,0,,,,,
qwen3_4b_2560d_int8,en_def_translated_cn_def,文,1,1,,0,0,0,,,,0,,,,,,0,,,,,
qwen3_4b_2560d_int8,en_def_translated_cn_def,斗,5,5,0.0356624610722065,5,0,0,0.0685814190655946,,,5,0.0,0.0,0.0,0.0003350613785238,2818.0,5,0.0,0.0,0.0,0.0031482195667151,463.0
qwen3_4b_2560d_int8,en_def_translated_cn_def,斤,4,4,0.0268757734447717,4,0,0,0.0548807391896843,,,4,0.0,0.0,0.0,0.0027795048519875,354.0,4,0.0,0.0,0.0,0.0060854597706743,216.5
qwen3_4b_2560d_int8,en_def_translated_cn_def,日,45,43,0.0480892658233642,45,45,45,0.1831478179949853,0.1831478179949853,0.1831478179949853,45,0.0222222222222222,0.0444444444444444,0.0666666666666666,0.0433661591815994,505.0,45,0.0222222222222222,0.0666666666666666,0.0666666666666666,0.0446243071938956,291.0
qwen3_4b_2560d_int8,en_def_translated_cn_def,旨,1,1,,0,0,0,,,,0,,,,,,0,,,,,
qwen3_4b_2560d_int8,en_def_translated_cn_def,是,1,1,,0,0,0,,,,0,,,,,,0,,,,,
qwen3_4b_2560d_int8,en_def_translated_cn_def,曰,1,1,,0,0,0,,,,0,,,,,,0,,,,,
qwen3_4b_2560d_int8,en_def_translated_cn_def,月,4,4,0.1485271453857422,4,0,0,0.2379870619624853,,,4,0.0,0.0,0.0,0.0226875026740255,47.5,4,0.0,0.0,0.0,0.0024485442105273,423.0
qwen3_4b_2560d_int8,en_def_translated_cn_def,木,146,140,0.0538355037569999,146,146,146,0.2183773943401669,0.2183773943401669,0.2183773943401669,146,0.0068493150684931,0.0068493150684931,0.0136986301369863,0.0104083855592347,1756.5,146,0.0068493150684931,0.0205479452054794,0.0273972602739726,0.0192068613220745,513.0
qwen3_4b_2560d_int8,en_def_translated_cn_def,林,4,4,-0.0007032950525172,4,0,0,0.0075934641063213,,,4,0.0,0.0,0.0,0.0007720133194707,3103.0,4,0.0,0.0,0.0,0.0019776022005295,510.0
qwen3_4b_2560d_int8,en_def_translated_cn_def,欠,14,14,0.0129685243591666,14,14,14,0.0498161067121795,0.0498161067121795,0.0498161067121795,14,0.0,0.0,0.0,0.0041159759757968,1582.0,14,0.0,0.0714285714285714,0.0714285714285714,0.0293223889859791,536.5
qwen3_4b_2560d_int8,en_def_translated_cn_def,止,1,1,,0,0,0,,,,0,,,,,,0,,,,,
qwen3_4b_2560d_int8,en_def_translated_cn_def,步,1,1,,0,0,0,,,,0,,,,,,0,,,,,
qwen3_4b_2560d_int8,en_def_translated_cn_def,歹,11,11,0.076061800122261,11,11,11,0.1900949423963373,0.1900949423963373,0.1900949423963373,11,0.0,0.0,0.1818181818181818,0.0232751717066099,1008.0,11,0.0,0.0,0.0,0.0020640798939241,444.0
qwen3_4b_2560d_int8,en_def_translated_cn_def,死,1,1,,0,0,0,,,,0,,,,,,0,,,,,
qwen3_4b_2560d_int8,en_def_translated_cn_def,殳,2,2,0.0168049335479736,0,0,0,,,,0,,,,,,0,,,,,
qwen3_4b_2560d_int8,en_def_translated_cn_def,比,1,1,,0,0,0,,,,0,,,,,,0,,,,,
qwen3_4b_2560d_int8,en_def_translated_cn_def,毛,5,5,0.0569521896541118,5,0,0,0.1115040704607963,,,5,0.0,0.0,0.0,0.0034147794291448,638.0,5,0.0,0.0,0.0,0.0060237949795012,219.0
qwen3_4b_2560d_int8,en_def_translated_cn_def,民,1,1,,0,0,0,,,,0,,,,,,0,,,,,
qwen3_4b_2560d_int8,en_def_translated_cn_def,气,2,2,0.0387330055236816,0,0,0,,,,0,,,,,,0,,,,,
qwen3_4b_2560d_int8,en_def_translated_cn_def,水,4,4,0.0586441345512867,4,0,0,0.1033241925761103,,,4,0.0,0.0,0.0,0.0005316444436718,4054.5,4,0.0,0.0,0.0,0.0034471888260897,370.0
qwen3_4b_2560d_int8,en_def_translated_cn_def,氵,198,186,0.0594747439026832,198,198,198,0.2313813198324895,0.2313813198324895,0.2313813198324895,198,0.0101010101010101,0.0101010101010101,0.0202020202020202,0.0144975878632579,887.0,198,0.0151515151515151,0.0252525252525252,0.0252525252525252,0.0235989982499165,542.0
qwen3_4b_2560d_int8,en_def_translated_cn_def,火,36,35,0.0512869842350482,36,36,36,0.1839171283774905,0.1839171283774905,0.1839171283774905,36,0.0555555555555555,0.0555555555555555,0.1111111111111111,0.0694925178019588,675.0,36,0.0555555555555555,0.0555555555555555,0.1111111111111111,0.0677205594705981,513.0
qwen3_4b_2560d_int8,en_def_translated_cn_def,灬,2,2,-0.0729531049728393,0,0,0,,,,0,,,,,,0,,,,,
qwen3_4b_2560d_int8,en_def_translated_cn_def,爪,1,1,,0,0,0,,,,0,,,,,,0,,,,,
qwen3_4b_2560d_int8,en_def_translated_cn_def,爭,1,1,,0,0,0,,,,0,,,,,,0,,,,,
qwen3_4b_2560d_int8,en_def_translated_cn_def,父,1,1,,0,0,0,,,,0,,,,,,0,,,,,
qwen3_4b_2560d_int8,en_def_translated_cn_def,爿,1,1,,0,0,0,,,,0,,,,,,0,,,,,
qwen3_4b_2560d_int8,en_def_translated_cn_def,片,2,2,0.090839147567749,0,0,0,,,,0,,,,,,0,,,,,
qwen3_4b_2560d_int8,en_def_translated_cn_def,牛,1,1,,0,0,0,,,,0,,,,,,0,,,,,
qwen3_4b_2560d_int8,en_def_translated_cn_def,牜,10,10,0.0299418866634368,10,10,10,0.0871791142970323,0.0871791142970323,0.0871791142970323,10,0.0,0.0,0.0,0.0079447600677585,2502.0,10,0.0,0.0,0.0,0.0026114562735898,813.0
qwen3_4b_2560d_int8,en_def_translated_cn_def,犬,4,4,-0.0162129793316125,4,0,0,-0.0223947842605412,,,4,0.0,0.0,0.25,0.032144324794867,606.0,4,0.25,0.25,0.25,0.2564220681659463,115.0
qwen3_4b_2560d_int8,en_def_translated_cn_def,犭,28,28,0.0431820079684257,28,28,28,0.1579111395403742,0.1579111395403742,0.1579111395403742,28,0.0,0.0,0.0,0.0025896227491349,1160.5,28,0.0,0.0,0.0,0.0034749277298242,608.0
qwen3_4b_2560d_int8,en_def_translated_cn_def,玉,2,2,0.0117274522781372,0,0,0,,,,0,,,,,,0,,,,,
qwen3_4b_2560d_int8,en_def_translated_cn_def,王,46,45,0.0946388468146324,46,46,46,0.2777442650302597,0.2777442650302597,0.2777442650302597,46,0.0,0.0434782608695652,0.0434782608695652,0.0256468548304726,404.5,46,0.0,0.0,0.0,0.00529716313686,430.5
qwen3_4b_2560d_int8,en_def_translated_cn_def,瓜,2,2,0.1508784294128418,0,0,0,,,,0,,,,,,0,,,,,
qwen3_4b_2560d_int8,en_def_translated_cn_def,瓦,4,4,0.3494751453399658,4,0,0,0.4673185721039772,,,4,0.0,0.0,0.25,0.0670717592592592,28.5,4,0.0,0.0,0.0,0.0134868603140616,86.0
qwen3_4b_2560d_int8,en_def_translated_cn_def,田,10,10,0.0461041666567325,10,10,10,0.1235859464854002,0.1235859464854002,0.1235859464854002,10,0.0,0.0,0.0,0.0045450058345008,1894.5,10,0.0,0.0,0.1,0.0249862381491292,192.5
qwen3_4b_2560d_int8,en_def_translated_cn_def,男,2,2,0.2888433933258056,0,0,0,,,,0,,,,,,0,,,,,
qwen3_4b_2560d_int8,en_def_translated_cn_def,畢,1,1,,0,0,0,,,,0,,,,,,0,,,,,
qwen3_4b_2560d_int8,en_def_translated_cn_def,疒,48,47,0.0861243531107902,48,48,48,0.2642514282973328,0.2642514282973328,0.2642514282973328,48,0.0,0.0,0.0,0.0050522988222153,816.5,48,0.0,0.0208333333333333,0.0208333333333333,0.0139597463725589,577.5
qwen3_4b_2560d_int8,en_def_translated_cn_def,癶,1,1,,0,0,0,,,,0,,,,,,0,,,,,
qwen3_4b_2560d_int8,en_def_translated_cn_def,白,7,7,0.0999778807163238,7,7,0,0.2074884282691138,0.2074884282691138,,7,0.0,0.1428571428571428,0.1428571428571428,0.0445961194630196,252.0,7,0.0,0.0,0.0,0.0017685147350351,787.0
qwen3_4b_2560d_int8,en_def_translated_cn_def,皮,3,3,0.0796317234635353,0,0,0,,,,0,,,,,,0,,,,,
qwen3_4b_2560d_int8,en_def_translated_cn_def,皿,9,9,0.1213872134685516,9,9,9,0.2625117856595251,0.2625117856595251,0.2625117856595251,9,0.0,0.0,0.2222222222222222,0.0289280004913118,301.0,9,0.0,0.0,0.0,0.0028323197691965,481.0
qwen3_4b_2560d_int8,en_def_translated_cn_def,目,32,32,0.0908055305480957,32,32,32,0.2627628792542964,0.2627628792542964,0.2627628792542964,32,0.0,0.0,0.0,0.0091883052337913,196.5,32,0.0,0.0,0.0,0.0065708665401064,520.0
qwen3_4b_2560d_int8,en_def_translated_cn_def,矛,1,1,,0,0,0,,,,0,,,,,,0,,,,,
qwen3_4b_2560d_int8,en_def_translated_cn_def,矢,4,4,0.0147019224241375,4,0,0,0.0259938845410943,,,4,0.0,0.0,0.0,0.0005203838889362,2857.5,4,0.0,0.0,0.0,0.0041687716873622,394.0
qwen3_4b_2560d_int8,en_def_translated_cn_def,石,40,39,0.0544027723371982,40,40,40,0.1916362983407452,0.1916362983407452,0.1916362983407452,40,0.0,0.0,0.025,0.0060387257299895,1053.0,40,0.0,0.025,0.025,0.0105592389210143,401.0
qwen3_4b_2560d_int8,en_def_translated_cn_def,示,5,5,0.0041529657319188,5,0,0,0.0116262736730277,,,5,0.0,0.0,0.0,0.0019670589902571,2030.0,5,0.0,0.0,0.0,0.0059836188819517,160.0
qwen3_4b_2560d_int8,en_def_translated_cn_def,礻,20,20,0.0778415501117706,20,20,20,0.2201985447201878,0.2201985447201878,0.2201985447201878,20,0.0,0.05,0.05,0.0272234182705749,207.0,20,0.0,0.0,0.1,0.0220312238022275,376.0
qwen3_4b_2560d_int8,en_def_translated_cn_def,禾,25,25,0.028258578851819,25,25,25,0.1142359748110175,0.1142359748110175,0.1142359748110175,25,0.0,0.0,0.0,0.003629632316194,1333.0,25,0.0,0.0,0.0,0.0047727071733137,434.0
qwen3_4b_2560d_int8,en_def_translated_cn_def,穴,17,17,0.0091816540807485,17,17,17,0.0345949225456399,0.0345949225456399,0.0345949225456399,17,0.0,0.0,0.0,0.0021797192355003,1775.0,17,0.0,0.0,0.0,0.0043774736462368,214.0
qwen3_4b_2560d_int8,en_def_translated_cn_def,立,4,4,0.0012439886340871,4,0,0,0.0051819125656038,,,4,0.0,0.0,0.0,0.0004602454347882,2876.0,4,0.0,0.0,0.0,0.0022048695735941,580.0
qwen3_4b_2560d_int8,en_def_translated_cn_def,竹,63,61,0.0808021575212478,63,63,63,0.2615553530834851,0.2615553530834851,0.2615553530834851,63,0.0158730158730158,0.0158730158730158,0.0158730158730158,0.0236203072872205,863.0,63,0.0158730158730158,0.0476190476190476,0.0476190476190476,0.0314268229827964,530.0
qwen3_4b_2560d_int8,en_def_translated_cn_def,箕,1,1,,0,0,0,,,,0,,,,,,0,,,,,
qwen3_4b_2560d_int8,en_def_translated_cn_def,米,17,17,0.0785785838961601,17,17,17,0.2175628994865452,0.2175628994865452,0.2175628994865452,17,0.0,0.0,0.0,0.0082829510883775,356.0,17,0.0,0.0,0.0,0.0023429527376534,596.0
qwen3_4b_2560d_int8,en_def_translated_cn_def,糸,99,98,0.0476067401468753,99,99,99,0.1994764619610375,0.1994764619610375,0.1994764619610375,99,0.0101010101010101,0.0101010101010101,0.0101010101010101,0.0144355883379085,982.0,99,0.0303030303030303,0.0303030303030303,0.0303030303030303,0.0358576191074591,394.0
qwen3_4b_2560d_int8,en_def_translated_cn_def,縣,1,1,,0,0,0,,,,0,,,,,,0,,,,,
qwen3_4b_2560d_int8,en_def_translated_cn_def,缶,1,1,,0,0,0,,,,0,,,,,,0,,,,,
qwen3_4b_2560d_int8,en_def_translated_cn_def,网,1,1,,0,0,0,,,,0,,,,,,0,,,,,
qwen3_4b_2560d_int8,en_def_translated_cn_def,羊,3,3,0.1001946106553077,0,0,0,,,,0,,,,,,0,,,,,
qwen3_4b_2560d_int8,en_def_translated_cn_def,羽,14,14,0.0287447702139616,14,14,14,0.0915408616752496,0.0915408616752496,0.0915408616752496,14,0.0,0.0,0.0,0.003189416430303,974.5,14,0.0,0.0,0.0714285714285714,0.0101913129044978,542.0
qwen3_4b_2560d_int8,en_def_translated_cn_def,習,1,1,,0,0,0,,,,0,,,,,,0,,,,,
qwen3_4b_2560d_int8,en_def_translated_cn_def,老,3,3,0.2223660945892334,0,0,0,,,,0,,,,,,0,,,,,
qwen3_4b_2560d_int8,en_def_translated_cn_def,耒,6,6,0.0457598529756069,6,6,0,0.09519664136072,0.09519664136072,,6,0.0,0.0,0.0,0.0099027006382608,518.5,6,0.0,0.0,0.0,0.0027066010279539,587.5
qwen3_4b_2560d_int8,en_def_translated_cn_def,耳,6,6,0.0735295936465263,6,6,0,0.1511492071052392,0.1511492071052392,,6,0.0,0.0,0.0,0.00376661434254,1074.5,6,0.0,0.0,0.0,0.0015919475780061,811.5
qwen3_4b_2560d_int8,en_def_translated_cn_def,肉,73,70,0.0694003924727439,73,73,73,0.2396064727018549,0.2396064727018549,0.2396064727018549,73,0.0,0.0136986301369863,0.0136986301369863,0.0061106036398819,1062.0,73,0.0,0.0410958904109589,0.0410958904109589,0.0193539260120656,474.0
qwen3_4b_2560d_int8,en_def_translated_cn_def,臣,1,1,,0,0,0,,,,0,,,,,,0,,,,,
qwen3_4b_2560d_int8,en_def_translated_cn_def,臤,1,1,,0,0,0,,,,0,,,,,,0,,,,,
qwen3_4b_2560d_int8,en_def_translated_cn_def,臥,1,1,,0,0,0,,,,0,,,,,,0,,,,,
qwen3_4b_2560d_int8,en_def_translated_cn_def,自,1,1,,0,0,0,,,,0,,,,,,0,,,,,
qwen3_4b_2560d_int8,en_def_translated_cn_def,至,2,2,0.3242015838623047,0,0,0,,,,0,,,,,,0,,,,,
qwen3_4b_2560d_int8,en_def_translated_cn_def,舌,1,1,,0,0,0,,,,0,,,,,,0,,,,,
qwen3_4b_2560d_int8,en_def_translated_cn_def,舟,12,12,0.1610371023416519,12,12,12,0.3321697674691677,0.3321697674691677,0.3321697674691677,12,0.0,0.0,0.0,0.0247179737160214,45.5,12,0.0,0.0833333333333333,0.0833333333333333,0.0535290499674652,348.0
qwen3_4b_2560d_int8,en_def_translated_cn_def,艹,161,151,0.0776239857077598,161,161,161,0.260512581780576,0.260512581780576,0.260512581780576,161,0.0062111801242236,0.0062111801242236,0.0186335403726708,0.0105347109826266,1286.0,161,0.0062111801242236,0.0186335403726708,0.031055900621118,0.0147595709116986,561.0
qwen3_4b_2560d_int8,en_def_translated_cn_def,蕇,1,1,,0,0,0,,,,0,,,,,,0,,,,,
qwen3_4b_2560d_int8,en_def_translated_cn_def,虍,2,2,0.0350618362426757,0,0,0,,,,0,,,,,,0,,,,,
qwen3_4b_2560d_int8,en_def_translated_cn_def,虫,79,77,0.1137599498033523,79,79,79,0.319765348694747,0.319765348694747,0.319765348694747,79,0.0,0.0,0.0126582278481012,0.0072179871997197,880.0,79,0.0,0.0126582278481012,0.0126582278481012,0.0105498830043345,527.0
qwen3_4b_2560d_int8,en_def_translated_cn_def,血,1,1,,0,0,0,,,,0,,,,,,0,,,,,
qwen3_4b_2560d_int8,en_def_translated_cn_def,行,5,5,-0.0125109199434518,5,0,0,-0.0226462232880294,,,5,0.0,0.0,0.0,0.0002319059991424,4505.0,5,0.0,0.0,0.0,0.0012570565732435,820.0
qwen3_4b_2560d_int8,en_def_translated_cn_def,衣,11,11,0.0641059204936027,11,11,11,0.1621857681734995,0.1621857681734995,0.1621857681734995,11,0.0,0.0,0.0,0.0014377285295071,871.0,11,0.0,0.0,0.0,0.003687999806185,461.0
qwen3_4b_2560d_int8,en_def_translated_cn_def,衤,34,34,0.0871549695730209,34,34,34,0.2600113949464524,0.2600113949464524,0.2600113949464524,34,0.0,0.0,0.0,0.0072797742967554,255.0,34,0.0,0.0,0.0,0.0040754705831489,563.0
qwen3_4b_2560d_int8,en_def_translated_cn_def,襾,1,1,,0,0,0,,,,0,,,,,,0,,,,,
qwen3_4b_2560d_int8,en_def_translated_cn_def,見,4,4,0.0466784238815307,4,0,0,0.0795572404749691,,,4,0.0,0.0,0.0,0.0027593763486901,364.5,4,0.0,0.0,0.0,0.0029466594330039,679.5
qwen3_4b_2560d_int8,en_def_translated_cn_def,角,2,2,0.0790029764175415,0,0,0,,,,0,,,,,,0,,,,,
qwen3_4b_2560d_int8,en_def_translated_cn_def,言,98,96,0.0295962654054164,98,98,98,0.1476960411124235,0.1476960411124235,0.1476960411124235,98,0.0,0.0,0.0204081632653061,0.0055343459273376,1340.5,98,0.010204081632653,0.0204081632653061,0.0306122448979591,0.0195954758230423,422.5
qwen3_4b_2560d_int8,en_def_translated_cn_def,谷,2,2,-0.0025044679641723,0,0,0,,,,0,,,,,,0,,,,,
qwen3_4b_2560d_int8,en_def_translated_cn_def,豆,2,2,0.1865427494049072,0,0,0,,,,0,,,,,,0,,,,,
qwen3_4b_2560d_int8,en_def_translated_cn_def,豕,1,1,,0,0,0,,,,0,,,,,,0,,,,,
qwen3_4b_2560d_int8,en_def_translated_cn_def,象,1,1,,0,0,0,,,,0,,,,,,0,,,,,
qwen3_4b_2560d_int8,en_def_translated_cn_def,豸,7,7,0.2090852409601211,7,7,0,0.3712771875517709,0.3712771875517709,,7,0.0,0.1428571428571428,0.2857142857142857,0.0724509134257677,20.0,7,0.0,0.0,0.0,0.002618245357366,689.0
qwen3_4b_2560d_int8,en_def_translated_cn_def,貝,30,29,0.0454840995371341,30,30,30,0.159705882348741,0.159705882348741,0.159705882348741,30,0.0,0.0,0.0,0.004077391414369,883.5,30,0.0,0.0,0.0,0.0034904044441227,658.5
qwen3_4b_2560d_int8,en_def_translated_cn_def,赤,1,1,,0,0,0,,,,0,,,,,,0,,,,,
qwen3_4b_2560d_int8,en_def_translated_cn_def,走,8,8,0.0210825372487306,8,8,0,0.0562805659137666,0.0562805659137666,,8,0.0,0.0,0.0,0.0048413012517323,1163.0,8,0.0,0.0,0.0,0.0048535058418374,508.5
qwen3_4b_2560d_int8,en_def_translated_cn_def,足,2,2,-0.1128650307655334,0,0,0,,,,0,,,,,,0,,,,,
qwen3_4b_2560d_int8,en_def_translated_cn_def,身,3,3,-0.0329062156379222,0,0,0,,,,0,,,,,,0,,,,,
qwen3_4b_2560d_int8,en_def_translated_cn_def,車,25,25,0.0638858377933502,25,25,25,0.2050044768303632,0.2050044768303632,0.2050044768303632,25,0.0,0.0,0.0,0.0031628432859888,1057.0,25,0.0,0.04,0.04,0.012899318846312,390.0
qwen3_4b_2560d_int8,en_def_translated_cn_def,辛,2,2,0.0129406452178955,0,0,0,,,,0,,,,,,0,,,,,
qwen3_4b_2560d_int8,en_def_translated_cn_def,辶,52,52,0.0337874814867973,52,52,52,0.1503069139479731,0.1503069139479731,0.1503069139479731,52,0.0,0.0,0.0192307692307692,0.0057149711064944,1314.5,52,0.0,0.0192307692307692,0.0384615384615384,0.0155028670051784,571.5
qwen3_4b_2560d_int8,en_def_translated_cn_def,邑,1,1,,0,0,0,,,,0,,,,,,0,,,,,
qwen3_4b_2560d_int8,en_def_translated_cn_def,酉,20,20,0.0479897633194923,20,20,20,0.1552104231435805,0.1552104231435805,0.1552104231435805,20,0.0,0.0,0.0,0.0026351376599495,2070.0,20,0.0,0.0,0.0,0.0053589123512632,558.0
qwen3_4b_2560d_int8,en_def_translated_cn_def,釆,2,2,-0.1876159310340881,0,0,0,,,,0,,,,,,0,,,,,
qwen3_4b_2560d_int8,en_def_translated_cn_def,里,1,1,,0,0,0,,,,0,,,,,,0,,,,,
qwen3_4b_2560d_int8,en_def_translated_cn_def,釒,88,86,0.0590466298162937,88,88,88,0.2251835677571679,0.2251835677571679,0.2251835677571679,88,0.0,0.0,0.0,0.0034171063469465,1366.0,88,0.0,0.0227272727272727,0.0454545454545454,0.0139894644724866,451.0
qwen3_4b_2560d_int8,en_def_translated_cn_def,門,20,20,0.0320225954055786,20,20,20,0.1144741646479815,0.1144741646479815,0.1144741646479815,20,0.0,0.0,0.0,0.0055217994076129,886.5,20,0.0,0.05,0.05,0.0227561644191083,450.0
qwen3_4b_2560d_int8,en_def_translated_cn_def,阝,49,48,0.0248606521636247,49,49,49,0.1200995917612572,0.1200995917612572,0.1200995917612572,49,0.0,0.0204081632653061,0.0408163265306122,0.0085759754054594,1550.0,49,0.0204081632653061,0.0408163265306122,0.0408163265306122,0.0332769142386001,451.0
qwen3_4b_2560d_int8,en_def_translated_cn_def,隹,11,11,0.0340645872056484,11,11,11,0.0956343383612957,0.0956343383612957,0.0956343383612957,11,0.0,0.0,0.0,0.0047351234040412,1757.0,11,0.0,0.0909090909090909,0.0909090909090909,0.0336110758552263,408.0
qwen3_4b_2560d_int8,en_def_translated_cn_def,雈,1,1,,0,0,0,,,,0,,,,,,0,,,,,
qwen3_4b_2560d_int8,en_def_translated_cn_def,雨,22,22,0.1023607328534126,22,22,22,0.272888048467311,0.272888048467311,0.272888048467311,22,0.0,0.0454545454545454,0.0454545454545454,0.016140667028154,308.0,22,0.0454545454545454,0.0454545454545454,0.0454545454545454,0.0486710893830992,596.5
qwen3_4b_2560d_int8,en_def_translated_cn_def,非,1,1,,0,0,0,,,,0,,,,,,0,,,,,
qwen3_4b_2560d_int8,en_def_translated_cn_def,面,2,2,0.1762735843658447,0,0,0,,,,0,,,,,,0,,,,,
qwen3_4b_2560d_int8,en_def_translated_cn_def,革,13,13,0.0682306066155433,13,13,13,0.1806345734601983,0.1806345734601983,0.1806345734601983,13,0.0,0.0769230769230769,0.0769230769230769,0.0212228650432431,820.0,13,0.0769230769230769,0.0769230769230769,0.0769230769230769,0.0800258867564563,302.0
qwen3_4b_2560d_int8,en_def_translated_cn_def,韋,2,2,-0.1471664905548095,0,0,0,,,,0,,,,,,0,,,,,
qwen3_4b_2560d_int8,en_def_translated_cn_def,韮,1,1,,0,0,0,,,,0,,,,,,0,,,,,
qwen3_4b_2560d_int8,en_def_translated_cn_def,音,3,3,0.2307584285736084,0,0,0,,,,0,,,,,,0,,,,,
qwen3_4b_2560d_int8,en_def_translated_cn_def,頁,28,28,0.0207721572369337,28,28,28,0.0906220136343368,0.0906220136343368,0.0906220136343368,28,0.0,0.0,0.0,0.0023230905580559,2165.0,28,0.0,0.0,0.0,0.0036227998500354,621.0
qwen3_4b_2560d_int8,en_def_translated_cn_def,風,4,4,0.0758214369416236,4,0,0,0.136314021423459,,,4,0.0,0.0,0.0,0.0018513794772686,1156.5,4,0.0,0.0,0.0,0.0017606370229552,730.5
qwen3_4b_2560d_int8,en_def_translated_cn_def,食,4,4,0.0334080047905445,4,0,0,0.0580059313215315,,,4,0.0,0.0,0.0,0.0028489255301805,571.0,4,0.0,0.0,0.0,0.0013241385870402,766.5
qwen3_4b_2560d_int8,en_def_translated_cn_def,飠,22,22,0.0707612559199333,22,22,22,0.2143751103430986,0.2143751103430986,0.2143751103430986,22,0.0,0.0,0.0,0.0033021367588591,466.0,22,0.0,0.0,0.0,0.0063011668169282,551.5
qwen3_4b_2560d_int8,en_def_translated_cn_def,首,2,2,-0.0158621668815612,0,0,0,,,,0,,,,,,0,,,,,
qwen3_4b_2560d_int8,en_def_translated_cn_def,馬,35,35,0.0649153366684913,35,35,35,0.2174614332616329,0.2174614332616329,0.2174614332616329,35,0.0,0.0,0.0,0.005850829392479,799.0,35,0.0,0.0,0.0,0.0061344649370535,364.0
qwen3_4b_2560d_int8,en_def_translated_cn_def,骨,6,6,0.1960072219371795,6,6,0,0.3273776893814404,0.3273776893814404,,6,0.0,0.1666666666666666,0.3333333333333333,0.0804172393341367,166.0,6,0.0,0.0,0.0,0.0018354335291115,625.5
qwen3_4b_2560d_int8,en_def_translated_cn_def,高,1,1,,0,0,0,,,,0,,,,,,0,,,,,
qwen3_4b_2560d_int8,en_def_translated_cn_def,髟,11,11,0.0649811476469039,11,11,11,0.1658834791318937,0.1658834791318937,0.1658834791318937,11,0.0,0.0,0.0,0.0093158823351787,796.0,11,0.0,0.0,0.0,0.0029141870526718,551.0
qwen3_4b_2560d_int8,en_def_translated_cn_def,鬥,3,3,0.1300006657838821,0,0,0,,,,0,,,,,,0,,,,,
qwen3_4b_2560d_int8,en_def_translated_cn_def,鬼,9,9,0.0811079889535904,9,9,9,0.1858809519455664,0.1858809519455664,0.1858809519455664,9,0.0,0.0,0.0,0.0049197430468552,800.0,9,0.0,0.0,0.0,0.0024249354028003,408.0
qwen3_4b_2560d_int8,en_def_translated_cn_def,魚,20,20,0.2053857445716858,20,20,20,0.4161564588546753,0.4161564588546753,0.4161564588546753,20,0.0,0.05,0.15,0.0383934488554515,118.5,20,0.0,0.0,0.0,0.0055662547988872,475.5
qwen3_4b_2560d_int8,en_def_translated_cn_def,鳥,27,27,0.1716187894344329,27,27,27,0.3843147503212094,0.3843147503212094,0.3843147503212094,27,0.0,0.037037037037037,0.074074074074074,0.0360285828207687,74.0,27,0.0,0.0,0.0,0.0044670224280553,559.0
qwen3_4b_2560d_int8,en_def_translated_cn_def,鹵,3,3,0.157853290438652,0,0,0,,,,0,,,,,,0,,,,,
qwen3_4b_2560d_int8,en_def_translated_cn_def,鹿,4,4,0.1807069331407547,4,0,0,0.2720876708626747,,,4,0.0,0.0,0.0,0.0212148878362646,114.0,4,0.0,0.0,0.0,0.0025421903139463,644.0
qwen3_4b_2560d_int8,en_def_translated_cn_def,麥,2,2,0.2183694839477539,0,0,0,,,,0,,,,,,0,,,,,
qwen3_4b_2560d_int8,en_def_translated_cn_def,麻,1,1,,0,0,0,,,,0,,,,,,0,,,,,
qwen3_4b_2560d_int8,en_def_translated_cn_def,黍,1,1,,0,0,0,,,,0,,,,,,0,,,,,
qwen3_4b_2560d_int8,en_def_translated_cn_def,黑,10,10,0.0577132105827331,10,10,10,0.1433243010193109,0.1433243010193109,0.1433243010193109,10,0.0,0.0,0.1,0.0193214586578812,865.0,10,0.0,0.0,0.0,0.0038710573092522,281.0
qwen3_4b_2560d_int8,en_def_translated_cn_def,黹,1,1,,0,0,0,,,,0,,,,,,0,,,,,
qwen3_4b_2560d_int8,en_def_translated_cn_def,黽,1,1,,0,0,0,,,,0,,,,,,0,,,,,
qwen3_4b_2560d_int8,en_def_translated_cn_def,鼎,1,1,,0,0,0,,,,0,,,,,,0,,,,,
qwen3_4b_2560d_int8,en_def_translated_cn_def,鼓,2,2,0.1740257740020752,0,0,0,,,,0,,,,,,0,,,,,
qwen3_4b_2560d_int8,en_def_translated_cn_def,鼠,1,1,,0,0,0,,,,0,,,,,,0,,,,,
qwen3_4b_2560d_int8,en_def_translated_cn_def,鼻,1,1,,0,0,0,,,,0,,,,,,0,,,,,
qwen3_4b_2560d_int8,en_def_translated_cn_def,齒,8,7,0.105907417833805,8,8,0,0.1981499150861054,0.1981499150861054,,8,0.0,0.0,0.0,0.0038743373871689,786.5,8,0.0,0.0,0.0,0.002847215009605,556.5
qwen3_4b_2560d_int8,en_def_translated_cn_def,龍,1,1,,0,0,0,,,,0,,,,,,0,,,,,
qwen3_4b_2560d_int8,en_def_translated_cn_def,龠,1,1,,0,0,0,,,,0,,,,,,0,,,,,
qwen3_4b_2560d_int8,en_def_translated_cn_def,𠘨,1,1,,0,0,0,,,,0,,,,,,0,,,,,
qwen3_4b_2560d_int8,en_def_translated_cn_def,𠚕,1,1,,0,0,0,,,,0,,,,,,0,,,,,
qwen3_4b_2560d_int8,en_def_translated_cn_def,𠫓,1,1,,0,0,0,,,,0,,,,,,0,,,,,
qwen3_4b_2560d_int8,en_def_translated_cn_def,𡱕,1,1,,0,0,0,,,,0,,,,,,0,,,,,
qwen3_4b_2560d_int8,en_def_translated_cn_def,𢆶,1,1,,0,0,0,,,,0,,,,,,0,,,,,
qwen3_4b_2560d_int8,en_def_translated_cn_def,𣶒,1,1,,0,0,0,,,,0,,,,,,0,,,,,
qwen3_4b_2560d_int8,en_def_translated_cn_def,𤤴,3,3,0.5725257992744446,0,0,0,,,,0,,,,,,0,,,,,
qwen3_4b_2560d_int8,en_def_translated_cn_def,𦍌,1,1,,0,0,0,,,,0,,,,,,0,,,,,
qwen3_4b_2560d_int8,en_def_translated_cn_def,𧾷,48,48,0.0599820427596569,48,48,48,0.2124336642057945,0.2124336642057945,0.2124336642057945,48,0.0,0.0625,0.0625,0.0182852003479513,905.5,48,0.0208333333333333,0.0208333333333333,0.0208333333333333,0.023215257538586,628.0
qwen3_4b_2560d_int8,en_gloss_unihan,㐬,1,1,,0,0,0,,,,0,,,,,,0,,,,,
qwen3_4b_2560d_int8,en_gloss_unihan,㐭,1,1,,0,0,0,,,,0,,,,,,0,,,,,
qwen3_4b_2560d_int8,en_gloss_unihan,㔾,1,1,,0,0,0,,,,0,,,,,,0,,,,,
qwen3_4b_2560d_int8,en_gloss_unihan,㗊,1,1,,0,0,0,,,,0,,,,,,0,,,,,
qwen3_4b_2560d_int8,en_gloss_unihan,㝱,2,2,-0.0392371416091918,0,0,0,,,,0,,,,,,0,,,,,
qwen3_4b_2560d_int8,en_gloss_unihan,㣺,2,2,-0.0505187511444091,0,0,0,,,,0,,,,,,0,,,,,
qwen3_4b_2560d_int8,en_gloss_unihan,㫃,13,13,0.1393584758043289,13,13,13,0.3126278478079117,0.3126278478079117,0.3126278478079117,13,0.0,0.0,0.0,0.0286160423969474,61.0,13,0.0,0.0,0.0,0.0023053928007387,780.0
qwen3_4b_2560d_int8,en_gloss_unihan,㹜,1,1,,0,0,0,,,,0,,,,,,0,,,,,
qwen3_4b_2560d_int8,en_gloss_unihan,㾜,1,1,,0,0,0,,,,0,,,,,,0,,,,,
qwen3_4b_2560d_int8,en_gloss_unihan,䀠,1,1,,0,0,0,,,,0,,,,,,0,,,,,
qwen3_4b_2560d_int8,en_gloss_unihan,䖵,4,4,0.1534925252199173,4,0,0,0.2392558269202709,,,4,0.0,0.0,0.0,0.0060434910697542,156.5,4,0.0,0.0,0.0,0.0023921991881218,479.0
qwen3_4b_2560d_int8,en_gloss_unihan,一,3,3,0.01472008228302,0,0,0,,,,0,,,,,,0,,,,,
qwen3_4b_2560d_int8,en_gloss_unihan,丂,1,1,,0,0,0,,,,0,,,,,,0,,,,,
qwen3_4b_2560d_int8,en_gloss_unihan,与,1,1,,0,0,0,,,,0,,,,,,0,,,,,
qwen3_4b_2560d_int8,en_gloss_unihan,乑,1,1,,0,0,0,,,,0,,,,,,0,,,,,
qwen3_4b_2560d_int8,en_gloss_unihan,乙,3,3,-0.0685850754380226,0,0,0,,,,0,,,,,,0,,,,,
qwen3_4b_2560d_int8,en_gloss_unihan,二,2,2,-0.0193442702293396,0,0,0,,,,0,,,,,,0,,,,,
qwen3_4b_2560d_int8,en_gloss_unihan,云,1,1,,0,0,0,,,,0,,,,,,0,,,,,
qwen3_4b_2560d_int8,en_gloss_unihan,京,1,1,,0,0,0,,,,0,,,,,,0,,,,,
qwen3_4b_2560d_int8,en_gloss_unihan,人,2,2,0.0417485237121582,0,0,0,,,,0,,,,,,0,,,,,
qwen3_4b_2560d_int8,en_gloss_unihan,亻,187,173,0.011698018759489,187,187,187,0.0876013519127858,0.0876013519127858,0.0876013519127858,187,0.0053475935828877,0.0267379679144385,0.0320855614973262,0.0167738319255454,2256.0,187,0.0213903743315508,0.0748663101604278,0.0909090909090909,0.0482203488624878,414.0
qwen3_4b_2560d_int8,en_gloss_unihan,儿,2,2,-0.0345619320869445,0,0,0,,,,0,,,,,,0,,,,,
qwen3_4b_2560d_int8,en_gloss_unihan,光,1,1,,0,0,0,,,,0,,,,,,0,,,,,
qwen3_4b_2560d_int8,en_gloss_unihan,兮,1,1,,0,0,0,,,,0,,,,,,0,,,,,
qwen3_4b_2560d_int8,en_gloss_unihan,共,1,1,,0,0,0,,,,0,,,,,,0,,,,,
qwen3_4b_2560d_int8,en_gloss_unihan,冂,1,1,,0,0,0,,,,0,,,,,,0,,,,,
qwen3_4b_2560d_int8,en_gloss_unihan,冃,2,2,0.2904044389724731,0,0,0,,,,0,,,,,,0,,,,,
qwen3_4b_2560d_int8,en_gloss_unihan,冖,2,2,0.022878885269165,0,0,0,,,,0,,,,,,0,,,,,
qwen3_4b_2560d_int8,en_gloss_unihan,冫,13,13,0.0782395526766777,13,13,13,0.2005900994229775,0.2005900994229775,0.2005900994229775,13,0.0,0.0,0.0,0.0046895494761537,963.0,13,0.0,0.0,0.0,0.0018492906358059,743.0
qwen3_4b_2560d_int8,en_gloss_unihan,几,1,1,,0,0,0,,,,0,,,,,,0,,,,,
qwen3_4b_2560d_int8,en_gloss_unihan,刀,3,3,0.2824629247188568,0,0,0,,,,0,,,,,,0,,,,,
qwen3_4b_2560d_int8,en_gloss_unihan,刂,33,33,0.0673321336507797,33,33,33,0.2189352426000616,0.2189352426000616,0.2189352426000616,33,0.0,0.0303030303030303,0.0303030303030303,0.0195514485332106,275.0,33,0.0,0.0303030303030303,0.0303030303030303,0.0196351737125616,427.0
qwen3_4b_2560d_int8,en_gloss_unihan,力,23,22,0.05237752571702,23,23,23,0.1720295052408524,0.1720295052408524,0.1720295052408524,23,0.0,0.0,0.0,0.0043303714949026,1324.0,23,0.0,0.0,0.0,0.0053667445836783,426.0
qwen3_4b_2560d_int8,en_gloss_unihan,勹,3,3,-0.0493251867592334,0,0,0,,,,0,,,,,,0,,,,,
qwen3_4b_2560d_int8,en_gloss_unihan,匕,1,1,,0,0,0,,,,0,,,,,,0,,,,,
qwen3_4b_2560d_int8,en_gloss_unihan,匚,8,8,0.0534070916473865,8,8,0,0.128318827599287,0.128318827599287,,8,0.0,0.0,0.0,0.0017709046814332,3871.0,8,0.0,0.0,0.0,0.0014140930663517,722.0
qwen3_4b_2560d_int8,en_gloss_unihan,匸,2,2,0.0583395957946777,0,0,0,,,,0,,,,,,0,,,,,
qwen3_4b_2560d_int8,en_gloss_unihan,十,3,3,-0.0683929100632667,0,0,0,,,,0,,,,,,0,,,,,
qwen3_4b_2560d_int8,en_gloss_unihan,卂,1,1,,0,0,0,,,,0,,,,,,0,,,,,
qwen3_4b_2560d_int8,en_gloss_unihan,午,1,1,,0,0,0,,,,0,,,,,,0,,,,,
qwen3_4b_2560d_int8,en_gloss_unihan,半,1,1,,0,0,0,,,,0,,,,,,0,,,,,
qwen3_4b_2560d_int8,en_gloss_unihan,卜,1,1,,0,0,0,,,,0,,,,,,0,,,,,
qwen3_4b_2560d_int8,en_gloss_unihan,卩,2,2,0.0795958042144775,0,0,0,,,,0,,,,,,0,,,,,
qwen3_4b_2560d_int8,en_gloss_unihan,卵,2,2,-0.0705115795135498,0,0,0,,,,0,,,,,,0,,,,,
qwen3_4b_2560d_int8,en_gloss_unihan,厂,3,3,-0.0405085869133472,0,0,0,,,,0,,,,,,0,,,,,
qwen3_4b_2560d_int8,en_gloss_unihan,厶,1,1,,0,0,0,,,,0,,,,,,0,,,,,
qwen3_4b_2560d_int8,en_gloss_unihan,去,1,1,,0,0,0,,,,0,,,,,,0,,,,,
qwen3_4b_2560d_int8,en_gloss_unihan,又,2,2,-0.0446618795394897,0,0,0,,,,0,,,,,,0,,,,,
qwen3_4b_2560d_int8,en_gloss_unihan,口,164,150,0.0563914030790329,164,164,164,0.2184209813329777,0.2184209813329777,0.2184209813329777,164,0.0060975609756097,0.024390243902439,0.0365853658536585,0.0150373052769084,1568.5,164,0.0182926829268292,0.048780487804878,0.0609756097560975,0.0378056635420587,554.5
qwen3_4b_2560d_int8,en_gloss_unihan,可,1,1,,0,0,0,,,,0,,,,,,0,,,,,
qwen3_4b_2560d_int8,en_gloss_unihan,吅,1,1,,0,0,0,,,,0,,,,,,0,,,,,
qwen3_4b_2560d_int8,en_gloss_unihan,向,1,1,,0,0,0,,,,0,,,,,,0,,,,,
qwen3_4b_2560d_int8,en_gloss_unihan,喜,1,1,,0,0,0,,,,0,,,,,,0,,,,,
qwen3_4b_2560d_int8,en_gloss_unihan,囗,11,11,0.0748775824904441,11,11,11,0.1858286102387038,0.1858286102387038,0.1858286102387038,11,0.0,0.0,0.0,0.0068198209483323,1074.0,11,0.0,0.0,0.0,0.0038495771061861,299.0
qwen3_4b_2560d_int8,en_gloss_unihan,土,89,87,0.0458409823477268,89,89,89,0.1901769206827778,0.1901769206827778,0.1901769206827778,89,0.0112359550561797,0.0224719101123595,0.0337078651685393,0.0201940786626809,1995.0,89,0.0112359550561797,0.0449438202247191,0.0674157303370786,0.0338490182505404,563.0
qwen3_4b_2560d_int8,en_gloss_unihan,壬,1,1,,0,0,0,,,,0,,,,,,0,,,,,
qwen3_4b_2560d_int8,en_gloss_unihan,壴,1,1,,0,0,0,,,,0,,,,,,0,,,,,
qwen3_4b_2560d_int8,en_gloss_unihan,夂,2,2,0.0795528888702392,0,0,0,,,,0,,,,,,0,,,,,
qwen3_4b_2560d_int8,en_gloss_unihan,夕,1,1,,0,0,0,,,,0,,,,,,0,,,,,
qwen3_4b_2560d_int8,en_gloss_unihan,多,1,1,,0,0,0,,,,0,,,,,,0,,,,,
qwen3_4b_2560d_int8,en_gloss_unihan,大,6,6,0.0108925187960267,6,6,0,0.0196921822304526,0.0196921822304526,,6,0.1666666666666666,0.1666666666666666,0.1666666666666666,0.1669184294754289,3120.5,6,0.1666666666666666,0.1666666666666666,0.1666666666666666,0.1690900215052986,499.0
qwen3_4b_2560d_int8,en_gloss_unihan,夭,1,1,,0,0,0,,,,0,,,,,,0,,,,,
qwen3_4b_2560d_int8,en_gloss_unihan,夸,1,1,,0,0,0,,,,0,,,,,,0,,,,,
qwen3_4b_2560d_int8,en_gloss_unihan,女,102,100,0.0421607121825218,102,102,102,0.1861333722413024,0.1861333722413024,0.1861333722413024,102,0.0098039215686274,0.0098039215686274,0.0098039215686274,0.0134201551784434,2004.0,102,0.0196078431372549,0.0392156862745098,0.0588235294117647,0.0337246623618783,479.0
qwen3_4b_2560d_int8,en_gloss_unihan,子,6,6,0.1072636619210243,6,6,0,0.2015426568686962,0.2015426568686962,,6,0.0,0.0,0.0,0.0200729564899227,980.0,6,0.0,0.0,0.0,0.0096236221953029,300.5
qwen3_4b_2560d_int8,en_gloss_unihan,學,1,1,,0,0,0,,,,0,,,,,,0,,,,,
qwen3_4b_2560d_int8,en_gloss_unihan,宀,27,27,0.0175658818334341,27,27,27,0.0764465158184369,0.0764465158184369,0.0764465158184369,27,0.0,0.0,0.0,0.0008761351877985,4131.0,27,0.0,0.0,0.0,0.0031089912945761,550.0
qwen3_4b_2560d_int8,en_gloss_unihan,寸,2,2,0.0226492881774902,0,0,0,,,,0,,,,,,0,,,,,
qwen3_4b_2560d_int8,en_gloss_unihan,尢,1,1,,0,0,0,,,,0,,,,,,0,,,,,
qwen3_4b_2560d_int8,en_gloss_unihan,尸,9,9,0.031617060303688,9,9,9,0.0808404824799961,0.0808404824799961,0.0808404824799961,9,0.0,0.0,0.0,0.0085525709384212,3138.0,9,0.1111111111111111,0.1111111111111111,0.1111111111111111,0.1172691456257713,579.0
qwen3_4b_2560d_int8,en_gloss_unihan,尺,1,1,,0,0,0,,,,0,,,,,,0,,,,,
qwen3_4b_2560d_int8,en_gloss_unihan,履,3,3,0.3618715703487396,0,0,0,,,,0,,,,,,0,,,,,
qwen3_4b_2560d_int8,en_gloss_unihan,山,51,50,0.1033756956458091,51,51,51,0.2977390625313216,0.2977390625313216,0.2977390625313216,51,0.0196078431372549,0.0392156862745098,0.0392156862745098,0.0360459615129772,180.0,51,0.0,0.0196078431372549,0.0392156862745098,0.0177138258146121,427.0
qwen3_4b_2560d_int8,en_gloss_unihan,工,1,1,,0,0,0,,,,0,,,,,,0,,,,,
qwen3_4b_2560d_int8,en_gloss_unihan,巫,1,1,,0,0,0,,,,0,,,,,,0,,,,,
qwen3_4b_2560d_int8,en_gloss_unihan,巾,30,30,0.1021006181836128,30,30,30,0.2828545381004612,0.2828545381004612,0.2828545381004612,30,0.0,0.0,0.0333333333333333,0.0077008253732873,788.5,30,0.0,0.0,0.0,0.0027245127124904,661.5
qwen3_4b_2560d_int8,en_gloss_unihan,幺,1,1,,0,0,0,,,,0,,,,,,0,,,,,
qwen3_4b_2560d_int8,en_gloss_unihan,广,35,35,0.0282037425786256,35,35,35,0.1205954555821205,0.1205954555821205,0.1205954555821205,35,0.0571428571428571,0.0857142857142857,0.0857142857142857,0.0648037399547512,3427.0,35,0.0571428571428571,0.1142857142857142,0.1142857142857142,0.0812075960601959,442.0
qwen3_4b_2560d_int8,en_gloss_unihan,庚,1,1,,0,0,0,,,,0,,,,,,0,,,,,
qwen3_4b_2560d_int8,en_gloss_unihan,廾,2,2,-0.0461398959159851,0,0,0,,,,0,,,,,,0,,,,,
qwen3_4b_2560d_int8,en_gloss_unihan,弓,13,13,0.0987589806318283,13,13,13,0.2388456538319587,0.2388456538319587,0.2388456538319587,13,0.0,0.0769230769230769,0.0769230769230769,0.0327537792558528,723.0,13,0.0,0.0,0.0,0.0064839636658188,397.0
qwen3_4b_2560d_int8,en_gloss_unihan,彡,7,7,0.0028846492059528,7,7,0,0.0101439424657395,0.0101439424657395,,7,0.0,0.0,0.0,0.0004401966325202,3276.0,7,0.0,0.0,0.0,0.0026497491104137,727.0
qwen3_4b_2560d_int8,en_gloss_unihan,彣,1,1,,0,0,0,,,,0,,,,,,0,,,,,
qwen3_4b_2560d_int8,en_gloss_unihan,彳,17,17,0.0290988124907016,17,17,17,0.0998277663636733,0.0998277663636733,0.0998277663636733,17,0.0,0.0,0.0,0.0056177038205793,1816.0,17,0.0,0.0,0.0588235294117647,0.0125667031634483,501.0
qwen3_4b_2560d_int8,en_gloss_unihan,微,1,1,,0,0,0,,,,0,,,,,,0,,,,,
qwen3_4b_2560d_int8,en_gloss_unihan,心,56,54,0.0613995343446731,56,56,56,0.2173166754988155,0.2173166754988155,0.2173166754988155,56,0.0,0.0178571428571428,0.0357142857142857,0.0111286957192952,1314.5,56,0.0357142857142857,0.0714285714285714,0.0714285714285714,0.0563658584289447,431.0
qwen3_4b_2560d_int8,en_gloss_unihan,忄,125,125,0.0667754337191581,125,125,125,0.2461517921816557,0.2461517921816557,0.2461517921816557,125,0.0,0.008,0.016,0.0074582475001199,788.0,125,0.008,0.024,0.056,0.0230737878964425,416.0
qwen3_4b_2560d_int8,en_gloss_unihan,恣,1,1,,0,0,0,,,,0,,,,,,0,,,,,
qwen3_4b_2560d_int8,en_gloss_unihan,戈,11,11,0.0484549254179,11,11,11,0.1303982992063869,0.1303982992063869,0.1303982992063869,11,0.0,0.0,0.0,0.0009602684553132,1259.0,11,0.0,0.0,0.0,0.0039823512180529,586.0
qwen3_4b_2560d_int8,en_gloss_unihan,戊,2,2,-0.1408458352088928,0,0,0,,,,0,,,,,,0,,,,,
qwen3_4b_2560d_int8,en_gloss_unihan,戶,4,4,0.031752586364746,4,0,0,0.0704597756266594,,,4,0.0,0.0,0.0,0.0003491358082501,4447.5,4,0.0,0.0,0.0,0.0020710802294973,755.0
qwen3_4b_2560d_int8,en_gloss_unihan,手,10,9,0.0831522420048713,10,10,10,0.1777732446789741,0.1777732446789741,0.1777732446789741,10,0.0,0.0,0.0,0.008304727221594,333.0,10,0.0,0.0,0.0,0.0050227462304338,607.0
qwen3_4b_2560d_int8,en_gloss_unihan,扌,203,190,0.0465015023946762,203,203,203,0.2002150662050678,0.2002150662050678,0.2002150662050678,203,0.0049261083743842,0.0246305418719211,0.0591133004926108,0.0206327420876309,980.0,203,0.0344827586206896,0.0541871921182266,0.0738916256157635,0.0483085210478533,495.0
qwen3_4b_2560d_int8,en_gloss_unihan,支,1,1,,0,0,0,,,,0,,,,,,0,,,,,
qwen3_4b_2560d_int8,en_gloss_unihan,攴,2,2,0.1675794124603271,0,0,0,,,,0,,,,,,0,,,,,
qwen3_4b_2560d_int8,en_gloss_unihan,攵,19,19,0.0067849857732653,19,19,19,0.0328821375426885,0.0328821375426885,0.0328821375426885,19,0.0,0.0526315789473684,0.1578947368421052,0.0265424981384284,2489.0,19,0.0,0.1578947368421052,0.1578947368421052,0.0687835566717723,269.0
qwen3_4b_2560d_int8,en_gloss_unihan,敕,1,1,,0,0,0,,,,0,,,,,,0,,,,,
qwen3_4b_2560d_int8,en_gloss_unihan,文,1,1,,0,0,0,,,,0,,,,,,0,,,,,
qwen3_4b_2560d_int8,en_gloss_unihan,斗,7,7,0.0029693671967834,7,7,0,0.0164948946663311,0.0164948946663311,,7,0.0,0.0,0.0,0.0006087943826374,2041.0,7,0.0,0.0,0.0,0.0018575403235259,677.0
qwen3_4b_2560d_int8,en_gloss_unihan,斤,4,4,0.0998984575271606,4,0,0,0.1701647865120321,,,4,0.0,0.0,0.0,0.0144496374612465,88.0,4,0.0,0.0,0.0,0.0042352161831042,400.0
qwen3_4b_2560d_int8,en_gloss_unihan,日,64,61,0.0531013533473014,64,64,64,0.2044261718911002,0.2044261718911002,0.2044261718911002,64,0.03125,0.046875,0.078125,0.0448150339375591,880.0,64,0.03125,0.140625,0.171875,0.0753683072433465,419.5
qwen3_4b_2560d_int8,en_gloss_unihan,旨,1,1,,0,0,0,,,,0,,,,,,0,,,,,
qwen3_4b_2560d_int8,en_gloss_unihan,是,1,1,,0,0,0,,,,0,,,,,,0,,,,,
qwen3_4b_2560d_int8,en_gloss_unihan,曰,1,1,,0,0,0,,,,0,,,,,,0,,,,,
qwen3_4b_2560d_int8,en_gloss_unihan,月,8,8,0.0779037326574325,8,8,0,0.1852650811197236,0.1852650811197236,,8,0.0,0.125,0.125,0.0254928213493478,1956.5,8,0.0,0.0,0.0,0.0015447535120835,612.5
qwen3_4b_2560d_int8,en_gloss_unihan,木,255,239,0.063293844461441,255,255,255,0.2390559146911198,0.2390559146911198,0.2390559146911198,255,0.0078431372549019,0.0235294117647058,0.0274509803921568,0.0149890146654724,1666.0,255,0.0156862745098039,0.0274509803921568,0.0313725490196078,0.0251531732873876,610.0
qwen3_4b_2560d_int8,en_gloss_unihan,東,2,2,0.0266766548156738,0,0,0,,,,0,,,,,,0,,,,,
qwen3_4b_2560d_int8,en_gloss_unihan,林,5,5,0.039362858980894,5,0,0,0.0778911236673593,,,5,0.0,0.0,0.0,0.0002888000742293,5769.0,5,0.0,0.0,0.0,0.0016275626576168,729.0
qwen3_4b_2560d_int8,en_gloss_unihan,欠,25,24,0.0335098057985305,25,25,25,0.1213261250406503,0.1213261250406503,0.1213261250406503,25,0.0,0.0,0.0,0.0009875488132706,2613.0,25,0.0,0.0,0.04,0.0111618459658932,345.0
qwen3_4b_2560d_int8,en_gloss_unihan,止,2,2,0.0485525131225585,0,0,0,,,,0,,,,,,0,,,,,
qwen3_4b_2560d_int8,en_gloss_unihan,步,1,1,,0,0,0,,,,0,,,,,,0,,,,,
qwen3_4b_2560d_int8,en_gloss_unihan,歹,17,17,0.0741714015603065,17,17,17,0.2075816555058255,0.2075816555058255,0.2075816555058255,17,0.0588235294117647,0.0588235294117647,0.0588235294117647,0.0637331963591927,379.0,17,0.0588235294117647,0.0588235294117647,0.0588235294117647,0.0624142721580928,519.0
qwen3_4b_2560d_int8,en_gloss_unihan,死,1,1,,0,0,0,,,,0,,,,,,0,,,,,
qwen3_4b_2560d_int8,en_gloss_unihan,殳,2,2,0.1148188114166259,0,0,0,,,,0,,,,,,0,,,,,
qwen3_4b_2560d_int8,en_gloss_unihan,比,1,1,,0,0,0,,,,0,,,,,,0,,,,,
qwen3_4b_2560d_int8,en_gloss_unihan,毛,9,9,0.0642570555210113,9,9,9,0.1525813285261392,0.1525813285261392,0.1525813285261392,9,0.0,0.0,0.1111111111111111,0.0151493775369123,705.0,9,0.1111111111111111,0.1111111111111111,0.1111111111111111,0.1158642631034437,414.0
qwen3_4b_2560d_int8,en_gloss_unihan,民,1,1,,0,0,0,,,,0,,,,,,0,,,,,
qwen3_4b_2560d_int8,en_gloss_unihan,气,2,2,0.1536781787872314,0,0,0,,,,0,,,,,,0,,,,,
qwen3_4b_2560d_int8,en_gloss_unihan,水,4,4,0.0729135647416114,4,0,0,0.1188597294967621,,,4,0.0,0.0,0.0,0.0002508584631115,5951.5,4,0.0,0.0,0.0,0.0020434109521276,761.0
qwen3_4b_2560d_int8,en_gloss_unihan,氵,316,278,0.0602317489683628,316,316,316,0.2296608764209631,0.2296608764209631,0.2296608764209631,316,0.0126582278481012,0.0158227848101265,0.0221518987341772,0.0169719324693428,1915.5,316,0.0189873417721519,0.0316455696202531,0.0348101265822784,0.0283341591818007,521.0
qwen3_4b_2560d_int8,en_gloss_unihan,火,60,59,0.0719565451145172,60,60,60,0.240913614568611,0.240913614568611,0.240913614568611,60,0.0333333333333333,0.05,0.05,0.0466690807506122,955.0,60,0.0333333333333333,0.0666666666666666,0.0833333333333333,0.0548451959994676,426.5
qwen3_4b_2560d_int8,en_gloss_unihan,灬,3,3,0.0009462833404541,0,0,0,,,,0,,,,,,0,,,,,
qwen3_4b_2560d_int8,en_gloss_unihan,爪,1,1,,0,0,0,,,,0,,,,,,0,,,,,
qwen3_4b_2560d_int8,en_gloss_unihan,爭,1,1,,0,0,0,,,,0,,,,,,0,,,,,
qwen3_4b_2560d_int8,en_gloss_unihan,父,1,1,,0,0,0,,,,0,,,,,,0,,,,,
qwen3_4b_2560d_int8,en_gloss_unihan,爿,1,1,,0,0,0,,,,0,,,,,,0,,,,,
qwen3_4b_2560d_int8,en_gloss_unihan,片,3,3,0.2394649982452392,0,0,0,,,,0,,,,,,0,,,,,
qwen3_4b_2560d_int8,en_gloss_unihan,牛,1,1,,0,0,0,,,,0,,,,,,0,,,,,
qwen3_4b_2560d_int8,en_gloss_unihan,牜,14,14,0.0470022596418857,14,14,14,0.1394509434633489,0.1394509434633489,0.1394509434633489,14,0.0714285714285714,0.0714285714285714,0.0714285714285714,0.0743364377235662,2424.5,14,0.0,0.0714285714285714,0.0714285714285714,0.0390223927216604,688.0
qwen3_4b_2560d_int8,en_gloss_unihan,犬,5,5,-0.0279833786189556,5,0,0,-0.0617124848999083,,,5,0.0,0.0,0.0,0.0113053241046865,1460.0,5,0.0,0.0,0.0,0.0102029926001813,421.0
qwen3_4b_2560d_int8,en_gloss_unihan,犭,39,39,0.0606112889945507,39,39,39,0.2098702730085605,0.2098702730085605,0.2098702730085605,39,0.0,0.0,0.0,0.0015375916840828,1884.0,39,0.0,0.0,0.0,0.0027694110851495,653.0
qwen3_4b_2560d_int8,en_gloss_unihan,玄,1,1,,0,0,0,,,,0,,,,,,0,,,,,
qwen3_4b_2560d_int8,en_gloss_unihan,玉,3,3,0.1131325587630271,0,0,0,,,,0,,,,,,0,,,,,
qwen3_4b_2560d_int8,en_gloss_unihan,王,78,76,0.1417649239301681,78,78,78,0.3616076078361425,0.3616076078361425,0.3616076078361425,78,0.0256410256410256,0.0256410256410256,0.0384615384615384,0.0379457071501589,176.0,78,0.0,0.0256410256410256,0.0512820512820512,0.0165022930092187,637.5
qwen3_4b_2560d_int8,en_gloss_unihan,瓜,2,2,0.1728612184524536,0,0,0,,,,0,,,,,,0,,,,,
qwen3_4b_2560d_int8,en_gloss_unihan,瓦,7,7,0.1580435633659362,7,7,0,0.2928410284221172,0.2928410284221172,,7,0.0,0.0,0.0,0.0094927307406807,959.0,7,0.0,0.0,0.0,0.0072306884583957,672.0
qwen3_4b_2560d_int8,en_gloss_unihan,田,13,13,0.0384856984019279,13,13,13,0.1139567361141626,0.1139567361141626,0.1139567361141626,13,0.0,0.0,0.0,0.0041543275592656,1108.0,13,0.0,0.0769230769230769,0.1538461538461538,0.0501353291589282,335.0
qwen3_4b_2560d_int8,en_gloss_unihan,申,1,1,,0,0,0,,,,0,,,,,,0,,,,,
qwen3_4b_2560d_int8,en_gloss_unihan,男,2,2,0.1870300769805908,0,0,0,,,,0,,,,,,0,,,,,
qwen3_4b_2560d_int8,en_gloss_unihan,畢,1,1,,0,0,0,,,,0,,,,,,0,,,,,
qwen3_4b_2560d_int8,en_gloss_unihan,疒,73,69,0.1066416874527931,73,73,73,0.3031926851668586,0.3031926851668586,0.3031926851668586,73,0.0,0.0,0.0136986301369863,0.0060872417938107,903.0,73,0.0,0.0136986301369863,0.0273972602739726,0.0104897148556177,493.0
qwen3_4b_2560d_int8,en_gloss_unihan,癶,1,1,,0,0,0,,,,0,,,,,,0,,,,,
qwen3_4b_2560d_int8,en_gloss_unihan,白,7,7,0.1450511813163757,7,7,0,0.2695953766150133,0.2695953766150133,,7,0.0,0.1428571428571428,0.1428571428571428,0.0332948633016809,199.0,7,0.0,0.0,0.0,0.0194445000070433,292.0
qwen3_4b_2560d_int8,en_gloss_unihan,皮,3,3,0.1430670469999313,0,0,0,,,,0,,,,,,0,,,,,
qwen3_4b_2560d_int8,en_gloss_unihan,皿,11,11,0.0555865541100502,11,11,11,0.1471423035995527,0.1471423035995527,0.1471423035995527,11,0.0,0.0,0.0,0.0110344053960138,633.0,11,0.0,0.0909090909090909,0.0909090909090909,0.0347821144364257,346.0
qwen3_4b_2560d_int8,en_gloss_unihan,目,51,51,0.1086317375302314,51,51,51,0.306231236076165,0.306231236076165,0.306231236076165,51,0.0,0.0588235294117647,0.0588235294117647,0.0275346915547526,179.0,51,0.0,0.0,0.0392156862745098,0.0087837898667632,517.0
qwen3_4b_2560d_int8,en_gloss_unihan,矛,1,1,,0,0,0,,,,0,,,,,,0,,,,,
qwen3_4b_2560d_int8,en_gloss_unihan,矢,6,6,-0.0004446506500244,6,6,0,7.687629355738561e-05,7.687629355738561e-05,,6,0.0,0.0,0.0,0.0002854660280689,3706.5,6,0.0,0.0,0.0,0.0016309723340885,905.5
qwen3_4b_2560d_int8,en_gloss_unihan,石,56,53,0.0571180544793605,56,56,56,0.2047987602917211,0.2047987602917211,0.2047987602917211,56,0.0178571428571428,0.0178571428571428,0.0178571428571428,0.0209980256270071,2464.5,56,0.0178571428571428,0.0357142857142857,0.0357142857142857,0.0296960116406567,530.5
qwen3_4b_2560d_int8,en_gloss_unihan,示,5,5,0.0068482877686619,5,0,0,0.0127502787858247,,,5,0.0,0.0,0.0,0.0007037200949111,3433.0,5,0.0,0.0,0.0,0.0105533849875508,849.0
qwen3_4b_2560d_int8,en_gloss_unihan,礻,36,36,0.0678566768765449,36,36,36,0.2222446294294463,0.2222446294294463,0.2222446294294463,36,0.0,0.0277777777777777,0.0555555555555555,0.0156047271727058,584.5,36,0.0,0.0277777777777777,0.0555555555555555,0.022856092100044,511.0
qwen3_4b_2560d_int8,en_gloss_unihan,禾,44,44,0.0556432381272316,44,44,44,0.2032123968873003,0.2032123968873003,0.2032123968873003,44,0.0,0.0227272727272727,0.0454545454545454,0.0150473640719416,913.0,44,0.0227272727272727,0.0454545454545454,0.0454545454545454,0.0357445030980373,550.5
qwen3_4b_2560d_int8,en_gloss_unihan,穴,27,27,0.0521200932562351,27,27,27,0.1795507506639869,0.1795507506639869,0.1795507506639869,27,0.037037037037037,0.037037037037037,0.037037037037037,0.0405776222750878,1597.0,27,0.037037037037037,0.037037037037037,0.074074074074074,0.0439822633519772,518.0
qwen3_4b_2560d_int8,en_gloss_unihan,立,5,5,0.0063522337004542,5,0,0,0.0130302799865603,,,5,0.0,0.0,0.0,0.0004638981575405,2500.0,5,0.0,0.0,0.0,0.0021927046274587,705.0
qwen3_4b_2560d_int8,en_gloss_unihan,竹,105,101,0.1046233624219894,105,105,105,0.3060309553607588,0.3060309553607588,0.3060309553607588,105,0.0095238095238095,0.019047619047619,0.019047619047619,0.0180149593025752,856.0,105,0.0,0.0285714285714285,0.0285714285714285,0.0129101652811417,545.0
qwen3_4b_2560d_int8,en_gloss_unihan,箕,1,1,,0,0,0,,,,0,,,,,,0,,,,,
qwen3_4b_2560d_int8,en_gloss_unihan,米,26,26,0.1032355353236198,26,26,26,0.2794890785768915,0.2794890785768915,0.2794890785768915,26,0.0,0.0,0.0384615384615384,0.0080023871949026,799.5,26,0.0,0.0384615384615384,0.0384615384615384,0.0117004335472142,655.0
qwen3_4b_2560d_int8,en_gloss_unihan,糸,160,154,0.0558570176362991,160,160,160,0.2236829206522088,0.2236829206522088,0.2236829206522088,160,0.0,0.0,0.0125,0.0043894645190125,1586.0,160,0.0125,0.01875,0.03125,0.0209669320155382,446.0
qwen3_4b_2560d_int8,en_gloss_unihan,縣,1,1,,0,0,0,,,,0,,,,,,0,,,,,
qwen3_4b_2560d_int8,en_gloss_unihan,缶,3,3,0.0612393207848072,0,0,0,,,,0,,,,,,0,,,,,
qwen3_4b_2560d_int8,en_gloss_unihan,网,1,1,,0,0,0,,,,0,,,,,,0,,,,,
qwen3_4b_2560d_int8,en_gloss_unihan,罒,5,5,0.0647440701723098,5,0,0,0.121131981164217,,,5,0.0,0.0,0.0,0.000703608222694,1287.0,5,0.0,0.0,0.0,0.0037490141880095,592.0
qwen3_4b_2560d_int8,en_gloss_unihan,羊,8,8,0.1306131929159164,8,8,0,0.2659803377464413,0.2659803377464413,,8,0.0,0.125,0.125,0.0481762229154362,517.5,8,0.0,0.0,0.0,0.0014102864715717,796.0
qwen3_4b_2560d_int8,en_gloss_unihan,羽,20,20,0.0715450420975685,20,20,20,0.2093968832166865,0.2093968832166865,0.2093968832166865,20,0.0,0.05,0.05,0.0135835382488661,1009.0,20,0.0,0.0,0.0,0.0064187809712941,701.5
qwen3_4b_2560d_int8,en_gloss_unihan,習,1,1,,0,0,0,,,,0,,,,,,0,,,,,
qwen3_4b_2560d_int8,en_gloss_unihan,老,3,3,0.2756161689758301,0,0,0,,,,0,,,,,,0,,,,,
qwen3_4b_2560d_int8,en_gloss_unihan,耂,1,1,,0,0,0,,,,0,,,,,,0,,,,,
qwen3_4b_2560d_int8,en_gloss_unihan,耒,7,7,0.0826538205146789,7,7,0,0.1748124169451849,0.1748124169451849,,7,0.0,0.0,0.0,0.0124434944557108,431.0,7,0.0,0.0,0.0,0.0044062440824525,746.0
qwen3_4b_2560d_int8,en_gloss_unihan,耳,9,9,0.0533544607460498,9,9,9,0.1410425930387444,0.1410425930387444,0.1410425930387444,9,0.0,0.0,0.0,0.0017315514673534,674.0,9,0.0,0.0,0.0,0.0046687594696452,442.0
qwen3_4b_2560d_int8,en_gloss_unihan,肉,106,100,0.0649412125349044,106,106,106,0.2352552353799835,0.2352552353799835,0.2352552353799835,106,0.0094339622641509,0.0188679245283018,0.0188679245283018,0.0152533213690909,2074.0,106,0.0188679245283018,0.0188679245283018,0.0283018867924528,0.025470704203752,497.0
qwen3_4b_2560d_int8,en_gloss_unihan,臣,1,1,,0,0,0,,,,0,,,,,,0,,,,,
qwen3_4b_2560d_int8,en_gloss_unihan,臤,1,1,,0,0,0,,,,0,,,,,,0,,,,,
qwen3_4b_2560d_int8,en_gloss_unihan,臥,1,1,,0,0,0,,,,0,,,,,,0,,,,,
qwen3_4b_2560d_int8,en_gloss_unihan,自,1,1,,0,0,0,,,,0,,,,,,0,,,,,
qwen3_4b_2560d_int8,en_gloss_unihan,至,2,2,0.1544468402862548,0,0,0,,,,0,,,,,,0,,,,,
qwen3_4b_2560d_int8,en_gloss_unihan,舌,1,1,,0,0,0,,,,0,,,,,,0,,,,,
qwen3_4b_2560d_int8,en_gloss_unihan,舛,1,1,,0,0,0,,,,0,,,,,,0,,,,,
qwen3_4b_2560d_int8,en_gloss_unihan,舟,16,16,0.2002525925636291,16,16,16,0.4003920771647244,0.4003920771647244,0.4003920771647244,16,0.0,0.0,0.0625,0.0354860816307433,39.5,16,0.0,0.0,0.0,0.0040146570137966,502.0
qwen3_4b_2560d_int8,en_gloss_unihan,色,1,1,,0,0,0,,,,0,,,,,,0,,,,,
qwen3_4b_2560d_int8,en_gloss_unihan,艹,270,242,0.0901857689023017,270,270,270,0.2820057354712238,0.2820057354712238,0.2820057354712238,270,0.0037037037037037,0.0111111111111111,0.0111111111111111,0.0106792686709108,1313.5,270,0.0111111111111111,0.0259259259259259,0.0407407407407407,0.0216670919345228,561.5
qwen3_4b_2560d_int8,en_gloss_unihan,蕇,1,1,,0,0,0,,,,0,,,,,,0,,,,,
qwen3_4b_2560d_int8,en_gloss_unihan,虍,3,3,0.0948072299361229,0,0,0,,,,0,,,,,,0,,,,,
qwen3_4b_2560d_int8,en_gloss_unihan,虎,1,1,,0,0,0,,,,0,,,,,,0,,,,,
qwen3_4b_2560d_int8,en_gloss_unihan,虫,124,117,0.1522475779056549,124,124,124,0.3778198298908049,0.3778198298908049,0.3778198298908049,124,0.0,0.0,0.0241935483870967,0.0108032408313011,285.0,124,0.0,0.0,0.0080645161290322,0.0049435587351462,513.5
qwen3_4b_2560d_int8,en_gloss_unihan,血,4,4,0.0790160074830055,4,0,0,0.1323977925349027,,,4,0.0,0.0,0.0,0.0088699420409455,127.5,4,0.0,0.25,0.25,0.0634834969999509,716.0
qwen3_4b_2560d_int8,en_gloss_unihan,行,7,7,0.0075574032962322,7,7,0,0.0254914836425866,0.0254914836425866,,7,0.1428571428571428,0.1428571428571428,0.1428571428571428,0.1430686440307344,4090.0,7,0.1428571428571428,0.1428571428571428,0.1428571428571428,0.1446536516324003,679.0
qwen3_4b_2560d_int8,en_gloss_unihan,衣,18,18,0.0585612766444683,18,18,18,0.1756203720966974,0.1756203720966974,0.1756203720966974,18,0.0,0.0,0.0,0.0047550489894182,1414.0,18,0.0,0.0,0.0,0.007507637953138,771.0
qwen3_4b_2560d_int8,en_gloss_unihan,衤,57,56,0.0890219360589981,57,57,57,0.2736515522599547,0.2736515522599547,0.2736515522599547,57,0.0,0.0,0.0175438596491228,0.0101783653652701,659.0,57,0.0,0.0175438596491228,0.0175438596491228,0.0077864893694583,547.0
qwen3_4b_2560d_int8,en_gloss_unihan,襾,1,1,,0,0,0,,,,0,,,,,,0,,,,,
qwen3_4b_2560d_int8,en_gloss_unihan,覀,1,1,,0,0,0,,,,0,,,,,,0,,,,,
qwen3_4b_2560d_int8,en_gloss_unihan,見,8,8,0.0613715983927249,8,8,0,0.1408347779652103,0.1408347779652103,,8,0.0,0.0,0.0,0.0155328044464531,925.0,8,0.0,0.0,0.0,0.0030301803459516,682.0
qwen3_4b_2560d_int8,en_gloss_unihan,角,9,9,0.0824049040675163,9,9,9,0.1894532406909598,0.1894532406909598,0.1894532406909598,9,0.0,0.0,0.0,0.002227343264071,2195.0,9,0.0,0.0,0.0,0.0027571636649122,495.0
qwen3_4b_2560d_int8,en_gloss_unihan,言,150,143,0.0425694994628429,150,150,150,0.1894477158784866,0.1894477158784866,0.1894477158784866,150,0.0133333333333333,0.0266666666666666,0.0266666666666666,0.0233863796078869,1407.0,150,0.0333333333333333,0.0666666666666666,0.0733333333333333,0.0531017723155363,457.5
qwen3_4b_2560d_int8,en_gloss_unihan,谷,2,2,-0.0683772563934326,0,0,0,,,,0,,,,,,0,,,,,
qwen3_4b_2560d_int8,en_gloss_unihan,豆,2,2,0.2722117900848388,0,0,0,,,,0,,,,,,0,,,,,
qwen3_4b_2560d_int8,en_gloss_unihan,豕,6,6,0.2651285827159881,6,6,0,0.4304203148931265,0.4304203148931265,,6,0.1666666666666666,0.5,0.8333333333333334,0.2908326187267753,7.0,6,0.0,0.0,0.0,0.0066663666175535,163.0
qwen3_4b_2560d_int8,en_gloss_unihan,象,1,1,,0,0,0,,,,0,,,,,,0,,,,,
qwen3_4b_2560d_int8,en_gloss_unihan,豸,12,12,0.1206620261073112,12,12,12,0.2717323048661152,0.2717323048661152,0.2717323048661152,12,0.0,0.0,0.0,0.0057983677933146,176.0,12,0.0,0.0,0.0,0.0023869488620236,641.5
qwen3_4b_2560d_int8,en_gloss_unihan,貝,44,42,0.0488013997673988,44,44,44,0.1786830548027699,0.1786830548027699,0.1786830548027699,44,0.0,0.0,0.0454545454545454,0.0081059478616563,1524.5,44,0.0,0.0,0.0227272727272727,0.0082509383343727,440.0
qwen3_4b_2560d_int8,en_gloss_unihan,赤,2,2,0.2423642873764038,0,0,0,,,,0,,,,,,0,,,,,
qwen3_4b_2560d_int8,en_gloss_unihan,走,16,16,0.0136834299191832,16,16,16,0.0491698886908125,0.0491698886908125,0.0491698886908125,16,0.0,0.0,0.0,0.0017302403068446,4428.5,16,0.0,0.0,0.0,0.0062891938461602,937.5
qwen3_4b_2560d_int8,en_gloss_unihan,足,3,3,0.0270483884960412,0,0,0,,,,0,,,,,,0,,,,,
qwen3_4b_2560d_int8,en_gloss_unihan,身,3,3,0.0642264708876609,0,0,0,,,,0,,,,,,0,,,,,
qwen3_4b_2560d_int8,en_gloss_unihan,車,53,53,0.0742456540465354,53,53,53,0.2469782055056882,0.2469782055056882,0.2469782055056882,53,0.0,0.0,0.0,0.0044410157445279,1328.0,53,0.0,0.0,0.0188679245283018,0.0090241654201435,473.0
qwen3_4b_2560d_int8,en_gloss_unihan,辛,2,2,-0.0375277996063232,0,0,0,,,,0,,,,,,0,,,,,
qwen3_4b_2560d_int8,en_gloss_unihan,辶,69,69,0.0383274406194686,69,69,69,0.1699096619664435,0.1699096619664435,0.1699096619664435,69,0.0,0.0,0.0144927536231884,0.0042305576706426,1452.0,69,0.0,0.0144927536231884,0.0144927536231884,0.0096245542693834,564.0
qwen3_4b_2560d_int8,en_gloss_unihan,邑,1,1,,0,0,0,,,,0,,,,,,0,,,,,
qwen3_4b_2560d_int8,en_gloss_unihan,酉,32,31,0.0976469963788986,32,32,32,0.26946889134706,0.26946889134706,0.26946889134706,32,0.0,0.0,0.0,0.0093790071942494,516.5,32,0.0,0.0,0.0,0.0023302126398904,519.5
qwen3_4b_2560d_int8,en_gloss_unihan,釆,2,2,-0.1019617915153503,0,0,0,,,,0,,,,,,0,,,,,
qwen3_4b_2560d_int8,en_gloss_unihan,里,1,1,,0,0,0,,,,0,,,,,,0,,,,,
qwen3_4b_2560d_int8,en_gloss_unihan,金,1,1,,0,0,0,,,,0,,,,,,0,,,,,
qwen3_4b_2560d_int8,en_gloss_unihan,釒,136,130,0.0588555224239826,136,136,136,0.2251347675149137,0.2251347675149137,0.2251347675149137,136,0.0073529411764705,0.0073529411764705,0.0147058823529411,0.0099622374086183,2267.0,136,0.0147058823529411,0.0147058823529411,0.0294117647058823,0.0205069027088179,559.0
qwen3_4b_2560d_int8,en_gloss_unihan,門,31,31,0.0490991584956646,31,31,31,0.1754058064712632,0.1754058064712632,0.1754058064712632,31,0.032258064516129,0.032258064516129,0.032258064516129,0.0367768660736407,2461.0,31,0.032258064516129,0.032258064516129,0.032258064516129,0.036986321266544,385.0
qwen3_4b_2560d_int8,en_gloss_unihan,阝,118,110,0.0865358710289001,118,118,118,0.2793781263280218,0.2793781263280218,0.2793781263280218,118,0.0,0.0084745762711864,0.0169491525423728,0.0068261706289151,1705.5,118,0.0,0.0254237288135593,0.0423728813559322,0.0157700808589268,619.0
qwen3_4b_2560d_int8,en_gloss_unihan,隹,14,14,0.0329899415373802,14,14,14,0.1060695783235132,0.1060695783235132,0.1060695783235132,14,0.0,0.0,0.0,0.0020721855865065,2236.5,14,0.0,0.0,0.0,0.0035053450880408,540.0
qwen3_4b_2560d_int8,en_gloss_unihan,雈,1,1,,0,0,0,,,,0,,,,,,0,,,,,
qwen3_4b_2560d_int8,en_gloss_unihan,雨,26,26,0.083750307559967,26,26,26,0.2444078564070738,0.2444078564070738,0.2444078564070738,26,0.0,0.0384615384615384,0.0384615384615384,0.0200719907905448,352.0,26,0.0384615384615384,0.0769230769230769,0.0769230769230769,0.0543844713229648,657.5
qwen3_4b_2560d_int8,en_gloss_unihan,雲,2,2,0.504166841506958,0,0,0,,,,0,,,,,,0,,,,,
qwen3_4b_2560d_int8,en_gloss_unihan,非,1,1,,0,0,0,,,,0,,,,,,0,,,,,
qwen3_4b_2560d_int8,en_gloss_unihan,面,2,2,0.1765165328979492,0,0,0,,,,0,,,,,,0,,,,,
qwen3_4b_2560d_int8,en_gloss_unihan,革,30,30,0.1055881455540657,30,30,30,0.2894144149807592,0.2894144149807592,0.2894144149807592,30,0.0,0.0,0.0333333333333333,0.0082141739321592,510.0,30,0.0,0.0333333333333333,0.0333333333333333,0.0225298690568177,451.0
qwen3_4b_2560d_int8,en_gloss_unihan,韋,8,8,0.0815383717417717,8,8,0,0.1826303759589791,0.1826303759589791,,8,0.0,0.0,0.0,0.0034492356532328,1362.5,8,0.0,0.0,0.0,0.0024057515093009,760.0
qwen3_4b_2560d_int8,en_gloss_unihan,韮,1,1,,0,0,0,,,,0,,,,,,0,,,,,
qwen3_4b_2560d_int8,en_gloss_unihan,音,3,3,0.0172767639160156,0,0,0,,,,0,,,,,,0,,,,,
qwen3_4b_2560d_int8,en_gloss_unihan,頁,42,42,0.0313344709575176,42,42,42,0.1352136491055023,0.1352136491055023,0.1352136491055023,42,0.0,0.0,0.0,0.0018687361777338,2069.5,42,0.0,0.0,0.0,0.0075244333098305,448.5
qwen3_4b_2560d_int8,en_gloss_unihan,風,9,9,0.178323820233345,9,9,9,0.3427695540918244,0.3427695540918244,0.3427695540918244,9,0.1111111111111111,0.1111111111111111,0.1111111111111111,0.1416779550496223,18.0,9,0.0,0.0,0.1111111111111111,0.0238118919259329,207.0
qwen3_4b_2560d_int8,en_gloss_unihan,食,5,5,0.0127021074295043,5,0,0,0.0242639314383268,,,5,0.0,0.0,0.0,0.0002509831618919,4821.0,5,0.0,0.0,0.0,0.0024945504806315,488.0
qwen3_4b_2560d_int8,en_gloss_unihan,飠,36,36,0.080295406281948,36,36,36,0.247211781097576,0.247211781097576,0.247211781097576,36,0.0277777777777777,0.0277777777777777,0.0277777777777777,0.0308841830061634,1056.5,36,0.0,0.0277777777777777,0.0277777777777777,0.0125600848934476,613.5
qwen3_4b_2560d_int8,en_gloss_unihan,首,2,2,-0.0781540274620056,0,0,0,,,,0,,,,,,0,,,,,
qwen3_4b_2560d_int8,en_gloss_unihan,香,1,1,,0,0,0,,,,0,,,,,,0,,,,,
qwen3_4b_2560d_int8,en_gloss_unihan,馬,57,57,0.0724507570266723,57,57,57,0.2442035172788197,0.2442035172788197,0.2442035172788197,57,0.0,0.0,0.0,0.0087403977713839,741.0,57,0.0175438596491228,0.0526315789473684,0.0526315789473684,0.0295350210163675,699.0
qwen3_4b_2560d_int8,en_gloss_unihan,骨,13,13,0.1557445973157882,13,13,13,0.3297935793033013,0.3297935793033013,0.3297935793033013,13,0.0,0.0,0.0769230769230769,0.0215502203015611,269.0,13,0.0,0.0,0.0,0.0032724023028805,513.0
qwen3_4b_2560d_int8,en_gloss_unihan,高,1,1,,0,0,0,,,,0,,,,,,0,,,,,
qwen3_4b_2560d_int8,en_gloss_unihan,髟,16,16,0.0919962748885154,16,16,16,0.2404168436187319,0.2404168436187319,0.2404168436187319,16,0.0,0.1875,0.25,0.0827688526940733,70.5,16,0.0625,0.125,0.125,0.0942316897050504,139.5
qwen3_4b_2560d_int8,en_gloss_unihan,鬥,3,3,0.0605061464011669,0,0,0,,,,0,,,,,,0,,,,,
qwen3_4b_2560d_int8,en_gloss_unihan,鬼,11,11,0.10650135576725,11,11,11,0.2423325038769028,0.2423325038769028,0.2423325038769028,11,0.0,0.0,0.1818181818181818,0.0299243972426941,144.0,11,0.0,0.0,0.0,0.0109578863511129,545.0
qwen3_4b_2560d_int8,en_gloss_unihan,魚,48,47,0.2242167443037033,48,48,48,0.4513518773019314,0.4513518773019314,0.4513518773019314,48,0.0,0.0625,0.125,0.034366580094023,85.0,48,0.0,0.0,0.0,0.0062838577979149,529.0
qwen3_4b_2560d_int8,en_gloss_unihan,鳥,62,60,0.1945913136005401,62,62,62,0.4210890480166962,0.4210890480166962,0.4210890480166962,62,0.0,0.0,0.032258064516129,0.0174544886874626,116.0,62,0.0,0.0,0.0,0.0046863188082548,642.0
qwen3_4b_2560d_int8,en_gloss_unihan,鹵,3,3,0.2889780104160309,0,0,0,,,,0,,,,,,0,,,,,
qwen3_4b_2560d_int8,en_gloss_unihan,鹽,1,1,,0,0,0,,,,0,,,,,,0,,,,,
qwen3_4b_2560d_int8,en_gloss_unihan,鹿,7,7,0.1412031948566436,7,7,0,0.2693925920341696,0.2693925920341696,,7,0.1428571428571428,0.1428571428571428,0.2857142857142857,0.1649247277060912,299.0,7,0.0,0.0,0.1428571428571428,0.0192862652793177,543.0
qwen3_4b_2560d_int8,en_gloss_unihan,麥,4,4,0.0758817195892334,4,0,0,0.1242598686367273,,,4,0.25,0.25,0.25,0.2522517579745104,1818.5,4,0.0,0.25,0.25,0.0844423961816353,601.0
qwen3_4b_2560d_int8,en_gloss_unihan,麻,1,1,,0,0,0,,,,0,,,,,,0,,,,,
qwen3_4b_2560d_int8,en_gloss_unihan,黍,2,2,0.4745993614196777,0,0,0,,,,0,,,,,,0,,,,,
qwen3_4b_2560d_int8,en_gloss_unihan,黑,17,17,0.0852046310901641,17,17,17,0.2324128224076155,0.2324128224076155,0.2324128224076155,17,0.0,0.0,0.0,0.0104759222511819,848.0,17,0.0,0.0,0.0,0.003466282659731,513.0
qwen3_4b_2560d_int8,en_gloss_unihan,黹,2,2,0.2460987567901611,0,0,0,,,,0,,,,,,0,,,,,
qwen3_4b_2560d_int8,en_gloss_unihan,黽,1,1,,0,0,0,,,,0,,,,,,0,,,,,
qwen3_4b_2560d_int8,en_gloss_unihan,鼎,2,2,0.3738374710083008,0,0,0,,,,0,,,,,,0,,,,,
qwen3_4b_2560d_int8,en_gloss_unihan,鼓,4,4,0.3232612311840057,4,0,0,0.4430172145366668,,,4,0.0,0.5,0.75,0.1630952380952381,5.5,4,0.0,0.0,0.0,0.0017252320708885,798.0
qwen3_4b_2560d_int8,en_gloss_unihan,鼠,5,5,0.2214894294738769,5,0,0,0.3441736280918121,,,5,0.0,0.0,0.2,0.0534032524339252,28.0,5,0.0,0.0,0.0,0.0069876861585704,285.0
qwen3_4b_2560d_int8,en_gloss_unihan,鼻,2,2,0.1628971099853515,0,0,0,,,,0,,,,,,0,,,,,
qwen3_4b_2560d_int8,en_gloss_unihan,齒,16,15,0.142960786819458,16,16,16,0.3150640511885285,0.3150640511885285,0.3150640511885285,16,0.0,0.0,0.0,0.0107824725436684,233.0,16,0.0,0.0,0.0,0.0034580657521339,800.5
qwen3_4b_2560d_int8,en_gloss_unihan,龍,1,1,,0,0,0,,,,0,,,,,,0,,,,,
qwen3_4b_2560d_int8,en_gloss_unihan,龠,2,2,0.2058897018432617,0,0,0,,,,0,,,,,,0,,,,,
qwen3_4b_2560d_int8,en_gloss_unihan,𠘨,1,1,,0,0,0,,,,0,,,,,,0,,,,,
qwen3_4b_2560d_int8,en_gloss_unihan,𠚕,1,1,,0,0,0,,,,0,,,,,,0,,,,,
qwen3_4b_2560d_int8,en_gloss_unihan,𠫓,1,1,,0,0,0,,,,0,,,,,,0,,,,,
qwen3_4b_2560d_int8,en_gloss_unihan,𡱕,1,1,,0,0,0,,,,0,,,,,,0,,,,,
qwen3_4b_2560d_int8,en_gloss_unihan,𢆶,1,1,,0,0,0,,,,0,,,,,,0,,,,,
qwen3_4b_2560d_int8,en_gloss_unihan,𣶒,1,1,,0,0,0,,,,0,,,,,,0,,,,,
qwen3_4b_2560d_int8,en_gloss_unihan,𤤴,3,3,0.4015072286128998,0,0,0,,,,0,,,,,,0,,,,,
qwen3_4b_2560d_int8,en_gloss_unihan,𦍌,1,1,,0,0,0,,,,0,,,,,,0,,,,,
qwen3_4b_2560d_int8,en_gloss_unihan,𧾷,65,64,0.0774668008089065,65,65,65,0.254540492565586,0.254540492565586,0.254540492565586,65,0.0,0.0153846153846153,0.0307692307692307,0.0097957839294984,575.0,65,0.0153846153846153,0.0307692307692307,0.0307692307692307,0.0271874233970772,470.0
qwen3_4b_2560d_int8,zh_char,⺝,1,1,,0,0,0,,,,0,,,,,,0,,,,,
qwen3_4b_2560d_int8,zh_char,㐬,1,1,,0,0,0,,,,0,,,,,,0,,,,,
qwen3_4b_2560d_int8,zh_char,㐭,1,1,,0,0,0,,,,0,,,,,,0,,,,,
qwen3_4b_2560d_int8,zh_char,㐺,1,1,,0,0,0,,,,0,,,,,,0,,,,,
qwen3_4b_2560d_int8,zh_char,㔾,1,1,,0,0,0,,,,0,,,,,,0,,,,,
qwen3_4b_2560d_int8,zh_char,㗊,1,1,,0,0,0,,,,0,,,,,,0,,,,,
qwen3_4b_2560d_int8,zh_char,㝱,3,3,0.1579983234405517,0,0,0,,,,0,,,,,,0,,,,,
qwen3_4b_2560d_int8,zh_char,㣺,2,2,0.0405727624893188,0,0,0,,,,0,,,,,,0,,,,,
qwen3_4b_2560d_int8,zh_char,㫃,14,14,0.1155267059803009,14,14,14,0.2745333415888516,0.2745333415888516,0.2745333415888516,14,0.0,0.0,0.0,0.0076426095803163,270.5,14,0.0,0.0,0.0,0.0061652532284867,207.5
qwen3_4b_2560d_int8,zh_char,㹜,1,1,,0,0,0,,,,0,,,,,,0,,,,,
qwen3_4b_2560d_int8,zh_char,㾜,1,1,,0,0,0,,,,0,,,,,,0,,,,,
qwen3_4b_2560d_int8,zh_char,䀠,1,1,,0,0,0,,,,0,,,,,,0,,,,,
qwen3_4b_2560d_int8,zh_char,䖵,5,5,0.0991326346993446,5,0,0,0.1832107618451118,,,5,0.0,0.0,0.0,0.0016573752967997,1147.0,5,0.0,0.0,0.0,0.0015666850194977,760.0
qwen3_4b_2560d_int8,zh_char,一,3,3,0.0022590954322367,0,0,0,,,,0,,,,,,0,,,,,
qwen3_4b_2560d_int8,zh_char,丂,1,1,,0,0,0,,,,0,,,,,,0,,,,,
qwen3_4b_2560d_int8,zh_char,与,1,1,,0,0,0,,,,0,,,,,,0,,,,,
qwen3_4b_2560d_int8,zh_char,丠,1,1,,0,0,0,,,,0,,,,,,0,,,,,
qwen3_4b_2560d_int8,zh_char,丮,1,1,,0,0,0,,,,0,,,,,,0,,,,,
qwen3_4b_2560d_int8,zh_char,乑,1,1,,0,0,0,,,,0,,,,,,0,,,,,
qwen3_4b_2560d_int8,zh_char,乙,3,3,-0.0530010871589183,0,0,0,,,,0,,,,,,0,,,,,
qwen3_4b_2560d_int8,zh_char,二,2,2,-0.0062652826309204,0,0,0,,,,0,,,,,,0,,,,,
qwen3_4b_2560d_int8,zh_char,云,1,1,,0,0,0,,,,0,,,,,,0,,,,,
qwen3_4b_2560d_int8,zh_char,京,1,1,,0,0,0,,,,0,,,,,,0,,,,,
qwen3_4b_2560d_int8,zh_char,人,2,2,0.1566966772079467,0,0,0,,,,0,,,,,,0,,,,,
qwen3_4b_2560d_int8,zh_char,亻,201,184,0.0256320983171463,201,201,201,0.1427471464272792,0.1427471464272792,0.1427471464272792,201,0.0497512437810945,0.0746268656716417,0.0746268656716417,0.0646040488359014,1048.0,201,0.0646766169154228,0.1293532338308457,0.1592039800995024,0.0964360983017706,259.0
qwen3_4b_2560d_int8,zh_char,儿,2,2,-0.064176321029663,0,0,0,,,,0,,,,,,0,,,,,
qwen3_4b_2560d_int8,zh_char,光,1,1,,0,0,0,,,,0,,,,,,0,,,,,
qwen3_4b_2560d_int8,zh_char,兮,1,1,,0,0,0,,,,0,,,,,,0,,,,,
qwen3_4b_2560d_int8,zh_char,共,1,1,,0,0,0,,,,0,,,,,,0,,,,,
qwen3_4b_2560d_int8,zh_char,冂,1,1,,0,0,0,,,,0,,,,,,0,,,,,
qwen3_4b_2560d_int8,zh_char,冃,2,2,0.4294723272323608,0,0,0,,,,0,,,,,,0,,,,,
qwen3_4b_2560d_int8,zh_char,冖,2,2,-0.0951082706451416,0,0,0,,,,0,,,,,,0,,,,,
qwen3_4b_2560d_int8,zh_char,冥,1,1,,0,0,0,,,,0,,,,,,0,,,,,
qwen3_4b_2560d_int8,zh_char,冫,13,13,0.1152145415544509,13,13,13,0.2654232594829339,0.2654232594829339,0.2654232594829339,13,0.0,0.0,0.0,0.0099126644428852,1843.0,13,0.0,0.0,0.0,0.0065790100378839,478.0
qwen3_4b_2560d_int8,zh_char,几,1,1,,0,0,0,,,,0,,,,,,0,,,,,
qwen3_4b_2560d_int8,zh_char,刀,3,3,0.3683353960514068,0,0,0,,,,0,,,,,,0,,,,,
qwen3_4b_2560d_int8,zh_char,刂,37,37,0.119299791753292,37,37,37,0.316530423742291,0.316530423742291,0.316530423742291,37,0.027027027027027,0.054054054054054,0.054054054054054,0.0462495898811509,317.0,37,0.027027027027027,0.054054054054054,0.081081081081081,0.0467676379565528,349.0
qwen3_4b_2560d_int8,zh_char,力,23,22,0.0706836506724357,23,23,23,0.2072992154761501,0.2072992154761501,0.2072992154761501,23,0.0434782608695652,0.0434782608695652,0.217391304347826,0.0727516061765849,351.0,23,0.0434782608695652,0.0869565217391304,0.0869565217391304,0.0748928149743675,433.0
qwen3_4b_2560d_int8,zh_char,勹,3,3,0.0441981963813304,0,0,0,,,,0,,,,,,0,,,,,
qwen3_4b_2560d_int8,zh_char,匕,1,1,,0,0,0,,,,0,,,,,,0,,,,,
qwen3_4b_2560d_int8,zh_char,匚,8,8,0.1090746596455574,8,8,0,0.2289296835660934,0.2289296835660934,,8,0.0,0.0,0.0,0.0016731456059368,895.5,8,0.0,0.0,0.0,0.005298200134474,480.5
qwen3_4b_2560d_int8,zh_char,匸,2,2,0.0832774639129638,0,0,0,,,,0,,,,,,0,,,,,
qwen3_4b_2560d_int8,zh_char,十,3,3,0.0976426601409912,0,0,0,,,,0,,,,,,0,,,,,
qwen3_4b_2560d_int8,zh_char,卂,1,1,,0,0,0,,,,0,,,,,,0,,,,,
qwen3_4b_2560d_int8,zh_char,午,1,1,,0,0,0,,,,0,,,,,,0,,,,,
qwen3_4b_2560d_int8,zh_char,半,1,1,,0,0,0,,,,0,,,,,,0,,,,,
qwen3_4b_2560d_int8,zh_char,卜,1,1,,0,0,0,,,,0,,,,,,0,,,,,
qwen3_4b_2560d_int8,zh_char,卩,2,2,0.0659066438674926,0,0,0,,,,0,,,,,,0,,,,,
qwen3_4b_2560d_int8,zh_char,卵,2,2,-0.1071361899375915,0,0,0,,,,0,,,,,,0,,,,,
qwen3_4b_2560d_int8,zh_char,厂,6,6,0.0171586517244577,6,6,0,0.043658684939146,0.043658684939146,,6,0.0,0.0,0.0,0.0140519328444236,1086.5,6,0.0,0.0,0.1666666666666666,0.0339394993617323,116.0
qwen3_4b_2560d_int8,zh_char,厶,1,1,,0,0,0,,,,0,,,,,,0,,,,,
qwen3_4b_2560d_int8,zh_char,去,1,1,,0,0,0,,,,0,,,,,,0,,,,,
qwen3_4b_2560d_int8,zh_char,又,2,2,-0.1477063298225402,0,0,0,,,,0,,,,,,0,,,,,
qwen3_4b_2560d_int8,zh_char,口,172,157,0.1225581616163253,172,172,172,0.3271617068297251,0.3271617068297251,0.3271617068297251,172,0.0348837209302325,0.063953488372093,0.0988372093023255,0.0562910355722704,302.0,172,0.0465116279069767,0.0813953488372093,0.1046511627906976,0.0705205258182541,245.5
qwen3_4b_2560d_int8,zh_char,可,1,1,,0,0,0,,,,0,,,,,,0,,,,,
qwen3_4b_2560d_int8,zh_char,吅,1,1,,0,0,0,,,,0,,,,,,0,,,,,
qwen3_4b_2560d_int8,zh_char,向,1,1,,0,0,0,,,,0,,,,,,0,,,,,
qwen3_4b_2560d_int8,zh_char,喜,1,1,,0,0,0,,,,0,,,,,,0,,,,,
qwen3_4b_2560d_int8,zh_char,囗,11,11,0.1028546392917633,11,11,11,0.2340672424232417,0.2340672424232417,0.2340672424232417,11,0.0,0.0,0.0,0.0115852511503704,439.0,11,0.0,0.0,0.0,0.0060213136074698,461.0
qwen3_4b_2560d_int8,zh_char,土,94,92,0.0816819742321968,94,94,94,0.2669610957060247,0.2669610957060247,0.2669610957060247,94,0.0,0.0744680851063829,0.0851063829787234,0.0371337815774015,548.0,94,0.0212765957446808,0.0531914893617021,0.0957446808510638,0.046372432777052,252.0
qwen3_4b_2560d_int8,zh_char,士,1,1,,0,0,0,,,,0,,,,,,0,,,,,
qwen3_4b_2560d_int8,zh_char,壬,1,1,,0,0,0,,,,0,,,,,,0,,,,,
qwen3_4b_2560d_int8,zh_char,壴,1,1,,0,0,0,,,,0,,,,,,0,,,,,
qwen3_4b_2560d_int8,zh_char,夂,2,2,0.0039539337158203,0,0,0,,,,0,,,,,,0,,,,,
qwen3_4b_2560d_int8,zh_char,夊,1,1,,0,0,0,,,,0,,,,,,0,,,,,
qwen3_4b_2560d_int8,zh_char,夕,1,1,,0,0,0,,,,0,,,,,,0,,,,,
qwen3_4b_2560d_int8,zh_char,多,1,1,,0,0,0,,,,0,,,,,,0,,,,,
qwen3_4b_2560d_int8,zh_char,大,6,6,-0.013200107961893,6,6,0,-0.0343196137497822,-0.0343196137497822,,6,0.0,0.0,0.0,0.0137642303040047,1506.5,6,0.0,0.0,0.0,0.0167179923751376,219.5
qwen3_4b_2560d_int8,zh_char,夨,1,1,,0,0,0,,,,0,,,,,,0,,,,,
qwen3_4b_2560d_int8,zh_char,夭,1,1,,0,0,0,,,,0,,,,,,0,,,,,
qwen3_4b_2560d_int8,zh_char,夰,1,1,,0,0,0,,,,0,,,,,,0,,,,,
qwen3_4b_2560d_int8,zh_char,夸,1,1,,0,0,0,,,,0,,,,,,0,,,,,
qwen3_4b_2560d_int8,zh_char,奢,1,1,,0,0,0,,,,0,,,,,,0,,,,,
qwen3_4b_2560d_int8,zh_char,女,121,116,0.0924826487898826,121,121,121,0.2895400979409903,0.2895400979409903,0.2895400979409903,121,0.0,0.0495867768595041,0.0743801652892562,0.0281519739115186,795.0,121,0.0165289256198347,0.0578512396694214,0.0826446280991735,0.0429696296107512,334.0
qwen3_4b_2560d_int8,zh_char,子,6,6,0.0153617225587368,6,6,0,0.0348566885416706,0.0348566885416706,,6,0.0,0.0,0.1666666666666666,0.0211478462129968,2318.5,6,0.0,0.0,0.0,0.0025325122625232,692.0
qwen3_4b_2560d_int8,zh_char,學,1,1,,0,0,0,,,,0,,,,,,0,,,,,
qwen3_4b_2560d_int8,zh_char,宀,28,28,0.0273124556988477,28,28,28,0.1070548511675692,0.1070548511675692,0.1070548511675692,28,0.0357142857142857,0.0714285714285714,0.0714285714285714,0.0444602969424416,3144.0,28,0.0714285714285714,0.1071428571428571,0.1428571428571428,0.0987463384816899,294.0
qwen3_4b_2560d_int8,zh_char,寸,2,2,-0.0109679102897644,0,0,0,,,,0,,,,,,0,,,,,
qwen3_4b_2560d_int8,zh_char,尢,2,2,0.0038502216339111,0,0,0,,,,0,,,,,,0,,,,,
qwen3_4b_2560d_int8,zh_char,尸,10,10,0.0612609758973121,10,10,10,0.1581995910033583,0.1581995910033583,0.1581995910033583,10,0.0,0.0,0.0,0.0103887832835807,2207.5,10,0.0,0.0,0.1,0.0198112852582263,227.5
qwen3_4b_2560d_int8,zh_char,尺,1,1,,0,0,0,,,,0,,,,,,0,,,,,
qwen3_4b_2560d_int8,zh_char,履,3,3,0.4247538149356842,0,0,0,,,,0,,,,,,0,,,,,
qwen3_4b_2560d_int8,zh_char,山,55,54,0.1324426829814911,55,55,55,0.3431939298795028,0.3431939298795028,0.3431939298795028,55,0.0181818181818181,0.0727272727272727,0.1272727272727272,0.0631882287844992,109.0,55,0.0181818181818181,0.0909090909090909,0.1272727272727272,0.0490470218032512,189.0
qwen3_4b_2560d_int8,zh_char,屾,1,1,,0,0,0,,,,0,,,,,,0,,,,,
qwen3_4b_2560d_int8,zh_char,工,1,1,,0,0,0,,,,0,,,,,,0,,,,,
qwen3_4b_2560d_int8,zh_char,巫,1,1,,0,0,0,,,,0,,,,,,0,,,,,
qwen3_4b_2560d_int8,zh_char,巾,35,34,0.0974436625838279,35,35,35,0.2716483533382415,0.2716483533382415,0.2716483533382415,35,0.0,0.0285714285714285,0.0571428571428571,0.0181321843234691,308.0,35,0.0,0.0571428571428571,0.1142857142857142,0.035676952507561,149.0
qwen3_4b_2560d_int8,zh_char,幺,1,1,,0,0,0,,,,0,,,,,,0,,,,,
qwen3_4b_2560d_int8,zh_char,广,42,42,0.0584914833307266,42,42,42,0.2063926374317989,0.2063926374317989,0.2063926374317989,42,0.0476190476190476,0.0476190476190476,0.0476190476190476,0.0551887490758634,686.5,42,0.0238095238095238,0.0952380952380952,0.1666666666666666,0.0678694428700344,264.5
qwen3_4b_2560d_int8,zh_char,庚,1,1,,0,0,0,,,,0,,,,,,0,,,,,
qwen3_4b_2560d_int8,zh_char,廾,2,2,-0.1132291555404663,0,0,0,,,,0,,,,,,0,,,,,
qwen3_4b_2560d_int8,zh_char,弓,15,15,0.0633662194013595,15,15,15,0.1788294536372025,0.1788294536372025,0.1788294536372025,15,0.0,0.0,0.0,0.0058861149611966,1017.0,15,0.0,0.0,0.0,0.0090660516102397,103.0
qwen3_4b_2560d_int8,zh_char,彡,7,7,0.0028550964780151,7,7,0,0.0112890529313257,0.0112890529313257,,7,0.0,0.0,0.0,0.0078791331027821,1446.0,7,0.0,0.0,0.0,0.0085614013966797,399.0
qwen3_4b_2560d_int8,zh_char,彣,1,1,,0,0,0,,,,0,,,,,,0,,,,,
qwen3_4b_2560d_int8,zh_char,彳,19,19,0.0387633703649044,19,19,19,0.129843574507456,0.129843574507456,0.129843574507456,19,0.0,0.0526315789473684,0.0526315789473684,0.0166502451494679,394.0,19,0.0526315789473684,0.0526315789473684,0.0526315789473684,0.063252694016808,462.0
qwen3_4b_2560d_int8,zh_char,微,1,1,,0,0,0,,,,0,,,,,,0,,,,,
qwen3_4b_2560d_int8,zh_char,心,62,60,0.0829579085111618,62,62,62,0.2653525585549012,0.2653525585549012,0.2653525585549012,62,0.0161290322580645,0.032258064516129,0.0483870967741935,0.0278274862708922,714.0,62,0.032258064516129,0.0483870967741935,0.0483870967741935,0.0451878821893614,339.0
qwen3_4b_2560d_int8,zh_char,忄,133,133,0.1082079112529754,133,133,133,0.3196466083400288,0.3196466083400288,0.3196466083400288,133,0.0225563909774436,0.075187969924812,0.1052631578947368,0.0507625912342181,424.0,133,0.0300751879699248,0.0977443609022556,0.1203007518796992,0.0677441952144752,286.0
qwen3_4b_2560d_int8,zh_char,恣,1,1,,0,0,0,,,,0,,,,,,0,,,,,
qwen3_4b_2560d_int8,zh_char,戈,11,11,0.0825665220618248,11,11,11,0.2001130936497991,0.2001130936497991,0.2001130936497991,11,0.0,0.0,0.0,0.0034438898011957,427.0,11,0.0,0.0,0.0,0.0053416993004941,372.0
qwen3_4b_2560d_int8,zh_char,戊,2,2,-0.1791550517082214,0,0,0,,,,0,,,,,,0,,,,,
qwen3_4b_2560d_int8,zh_char,戶,4,4,0.011171817779541,4,0,0,0.019267538562417,,,4,0.0,0.0,0.0,0.0023572959867543,4417.5,4,0.0,0.0,0.0,0.0053583210661936,414.0
qwen3_4b_2560d_int8,zh_char,手,12,11,0.124903105199337,12,12,12,0.2752855035165946,0.2752855035165946,0.2752855035165946,12,0.1666666666666666,0.1666666666666666,0.1666666666666666,0.1716744046682552,562.5,12,0.0833333333333333,0.1666666666666666,0.1666666666666666,0.134410444696504,436.0
qwen3_4b_2560d_int8,zh_char,扌,217,203,0.0903338119387626,217,217,217,0.2880735278970772,0.2880735278970772,0.2880735278970772,217,0.0230414746543778,0.0506912442396313,0.064516129032258,0.0380529137914264,523.0,217,0.0368663594470046,0.0829493087557603,0.1105990783410138,0.0673301951626729,234.0
qwen3_4b_2560d_int8,zh_char,支,1,1,,0,0,0,,,,0,,,,,,0,,,,,
qwen3_4b_2560d_int8,zh_char,攴,5,5,0.2042140513658523,5,0,0,0.3208756268024444,,,5,0.0,0.0,0.0,0.0178264989049217,446.0,5,0.0,0.0,0.0,0.0050800701952093,564.0
qwen3_4b_2560d_int8,zh_char,攵,21,21,0.0317115038633346,21,21,21,0.1111288601089091,0.1111288601089091,0.1111288601089091,21,0.0,0.0,0.0952380952380952,0.019092798407855,566.0,21,0.0,0.0,0.0952380952380952,0.0242457096337041,115.0
qwen3_4b_2560d_int8,zh_char,敕,1,1,,0,0,0,,,,0,,,,,,0,,,,,
qwen3_4b_2560d_int8,zh_char,文,1,1,,0,0,0,,,,0,,,,,,0,,,,,
qwen3_4b_2560d_int8,zh_char,斗,7,7,0.0115856444463133,7,7,0,0.029060632522617,0.029060632522617,,7,0.0,0.0,0.0,0.0015473059974604,1214.0,7,0.0,0.0,0.0,0.0049354187896094,433.0
qwen3_4b_2560d_int8,zh_char,斤,5,5,0.0634111911058425,5,0,0,0.1349988769739866,,,5,0.0,0.0,0.0,0.0051618018190725,201.0,5,0.0,0.0,0.0,0.0048947808942968,154.0
qwen3_4b_2560d_int8,zh_char,日,67,64,0.0548403970897197,67,67,67,0.2079233417926884,0.2079233417926884,0.2079233417926884,67,0.0597014925373134,0.1343283582089552,0.1641791044776119,0.099375953850523,779.0,67,0.0597014925373134,0.1641791044776119,0.2238805970149253,0.1128935958231004,185.0
qwen3_4b_2560d_int8,zh_char,旨,1,1,,0,0,0,,,,0,,,,,,0,,,,,
qwen3_4b_2560d_int8,zh_char,是,1,1,,0,0,0,,,,0,,,,,,0,,,,,
qwen3_4b_2560d_int8,zh_char,曰,1,1,,0,0,0,,,,0,,,,,,0,,,,,
qwen3_4b_2560d_int8,zh_char,月,9,9,0.0395927429199218,9,9,9,0.1064861398966362,0.1064861398966362,0.1064861398966362,9,0.0,0.0,0.0,0.0011181276346675,2047.0,9,0.0,0.1111111111111111,0.1111111111111111,0.0403724245517209,296.0
qwen3_4b_2560d_int8,zh_char,木,280,257,0.1094179973006248,280,280,280,0.3181208905348155,0.3181208905348155,0.3181208905348155,280,0.025,0.0607142857142857,0.075,0.045427698063269,484.5,280,0.0285714285714285,0.0571428571428571,0.0714285714285714,0.0488274657648839,346.0
qwen3_4b_2560d_int8,zh_char,東,2,2,0.1319688558578491,0,0,0,,,,0,,,,,,0,,,,,
qwen3_4b_2560d_int8,zh_char,林,6,6,0.0353478416800498,6,6,0,0.076659757643938,0.076659757643938,,6,0.0,0.0,0.0,0.0181568117125657,585.0,6,0.0,0.1666666666666666,0.1666666666666666,0.085871938969644,375.5
qwen3_4b_2560d_int8,zh_char,欠,30,29,0.0503289364278316,30,30,30,0.1706552344684799,0.1706552344684799,0.1706552344684799,30,0.0,0.0333333333333333,0.0333333333333333,0.0190732671393635,1368.5,30,0.0333333333333333,0.0666666666666666,0.0666666666666666,0.0581666923992896,210.5
qwen3_4b_2560d_int8,zh_char,止,3,3,-0.0857075452804565,0,0,0,,,,0,,,,,,0,,,,,
qwen3_4b_2560d_int8,zh_char,步,1,1,,0,0,0,,,,0,,,,,,0,,,,,
qwen3_4b_2560d_int8,zh_char,歹,18,18,0.1172739639878273,18,18,18,0.2866768207814958,0.2866768207814958,0.2866768207814958,18,0.0,0.0,0.0555555555555555,0.0257047831155975,177.0,18,0.0,0.0,0.0,0.0054989858296734,520.5
qwen3_4b_2560d_int8,zh_char,死,1,1,,0,0,0,,,,0,,,,,,0,,,,,
qwen3_4b_2560d_int8,zh_char,殳,3,3,0.0873796939849853,0,0,0,,,,0,,,,,,0,,,,,
qwen3_4b_2560d_int8,zh_char,比,1,1,,0,0,0,,,,0,,,,,,0,,,,,
qwen3_4b_2560d_int8,zh_char,毛,10,10,0.0782132893800735,10,10,10,0.1893010564148426,0.1893010564148426,0.1893010564148426,10,0.0,0.0,0.0,0.0019049358311625,1528.5,10,0.0,0.0,0.0,0.010289419106718,446.0
qwen3_4b_2560d_int8,zh_char,民,1,1,,0,0,0,,,,0,,,,,,0,,,,,
qwen3_4b_2560d_int8,zh_char,气,2,2,0.3313138484954834,0,0,0,,,,0,,,,,,0,,,,,
qwen3_4b_2560d_int8,zh_char,水,4,4,0.0730543136596679,4,0,0,0.1150547480210661,,,4,0.0,0.0,0.0,0.0003001988064525,3956.5,4,0.0,0.0,0.25,0.0292505072291987,574.0
qwen3_4b_2560d_int8,zh_char,氵,354,308,0.1134551391005516,354,354,354,0.319345606584365,0.319345606584365,0.319345606584365,354,0.0338983050847457,0.0706214689265536,0.1073446327683615,0.0574754129722343,386.0,354,0.0508474576271186,0.0875706214689265,0.1214689265536723,0.0768139439153769,292.5
qwen3_4b_2560d_int8,zh_char,火,64,63,0.1067945212125778,64,64,64,0.3049240271793678,0.3049240271793678,0.3049240271793678,64,0.0625,0.125,0.125,0.0920662860539545,480.5,64,0.09375,0.15625,0.234375,0.1327592951637928,181.5
qwen3_4b_2560d_int8,zh_char,灬,3,3,0.2498110085725784,0,0,0,,,,0,,,,,,0,,,,,
qwen3_4b_2560d_int8,zh_char,炎,1,1,,0,0,0,,,,0,,,,,,0,,,,,
qwen3_4b_2560d_int8,zh_char,爪,1,1,,0,0,0,,,,0,,,,,,0,,,,,
qwen3_4b_2560d_int8,zh_char,爭,1,1,,0,0,0,,,,0,,,,,,0,,,,,
qwen3_4b_2560d_int8,zh_char,父,1,1,,0,0,0,,,,0,,,,,,0,,,,,
qwen3_4b_2560d_int8,zh_char,爿,1,1,,0,0,0,,,,0,,,,,,0,,,,,
qwen3_4b_2560d_int8,zh_char,片,3,3,0.1276156902313232,0,0,0,,,,0,,,,,,0,,,,,
qwen3_4b_2560d_int8,zh_char,牛,1,1,,0,0,0,,,,0,,,,,,0,,,,,
qwen3_4b_2560d_int8,zh_char,牜,18,18,0.090718999505043,18,18,18,0.2420205896358109,0.2420205896358109,0.2420205896358109,18,0.0,0.0,0.0555555555555555,0.0164645009511455,1180.0,18,0.0,0.0,0.0555555555555555,0.0126606094228091,230.0
qwen3_4b_2560d_int8,zh_char,犬,6,6,-0.0123449964448809,6,6,0,-0.0247280936067303,-0.0247280936067303,,6,0.0,0.0,0.0,0.0024563778994152,1661.5,6,0.0,0.0,0.1666666666666666,0.0285658707859392,273.5
qwen3_4b_2560d_int8,zh_char,犭,45,45,0.1366658508777618,45,45,45,0.3478163372725248,0.3478163372725248,0.3478163372725248,45,0.0,0.0888888888888888,0.1333333333333333,0.041223450471566,342.0,45,0.0444444444444444,0.0666666666666666,0.1111111111111111,0.0625889448037351,316.0
qwen3_4b_2560d_int8,zh_char,玄,1,1,,0,0,0,,,,0,,,,,,0,,,,,
qwen3_4b_2560d_int8,zh_char,玉,3,3,0.1799079626798629,0,0,0,,,,0,,,,,,0,,,,,
qwen3_4b_2560d_int8,zh_char,王,82,80,0.1168217733502388,82,82,82,0.3267331429552741,0.3267331429552741,0.3267331429552741,82,0.0609756097560975,0.1585365853658536,0.1829268292682926,0.1117061396677715,106.0,82,0.0975609756097561,0.1341463414634146,0.1463414634146341,0.1187625193426015,267.0
qwen3_4b_2560d_int8,zh_char,瓜,2,2,0.2477807998657226,0,0,0,,,,0,,,,,,0,,,,,
qwen3_4b_2560d_int8,zh_char,瓦,13,13,0.1967755854129791,13,13,13,0.3853764912256828,0.3853764912256828,0.3853764912256828,13,0.0769230769230769,0.0769230769230769,0.1538461538461538,0.0970336719314509,76.0,13,0.0,0.0769230769230769,0.0769230769230769,0.0441003815953378,576.0
qwen3_4b_2560d_int8,zh_char,田,13,13,0.0379005335271358,13,13,13,0.108590794655566,0.108590794655566,0.108590794655566,13,0.0,0.0769230769230769,0.1538461538461538,0.0501759146027387,923.0,13,0.0769230769230769,0.2307692307692307,0.2307692307692307,0.114690738448699,252.0
qwen3_4b_2560d_int8,zh_char,申,1,1,,0,0,0,,,,0,,,,,,0,,,,,
qwen3_4b_2560d_int8,zh_char,男,2,2,0.3577948808670044,0,0,0,,,,0,,,,,,0,,,,,
qwen3_4b_2560d_int8,zh_char,甾,1,1,,0,0,0,,,,0,,,,,,0,,,,,
qwen3_4b_2560d_int8,zh_char,畢,1,1,,0,0,0,,,,0,,,,,,0,,,,,
qwen3_4b_2560d_int8,zh_char,疒,76,72,0.1547122597694397,76,76,76,0.3747273537232296,0.3747273537232296,0.3747273537232296,76,0.0131578947368421,0.0526315789473684,0.1184210526315789,0.0407807873847935,187.0,76,0.0526315789473684,0.0526315789473684,0.0789473684210526,0.0655177904977746,332.5
qwen3_4b_2560d_int8,zh_char,癶,1,1,,0,0,0,,,,0,,,,,,0,,,,,
qwen3_4b_2560d_int8,zh_char,白,7,7,0.0851530358195304,7,7,0,0.1865389911191804,0.1865389911191804,,7,0.0,0.0,0.0,0.0103884799853666,662.0,7,0.0,0.0,0.0,0.0073331146959387,386.0
qwen3_4b_2560d_int8,zh_char,皮,4,4,0.2185626029968261,4,0,0,0.3172502666711807,,,4,0.0,0.0,0.25,0.0564040775721863,27.5,4,0.0,0.0,0.0,0.0012972265475999,998.5
qwen3_4b_2560d_int8,zh_char,皿,15,15,0.0634313151240348,15,15,15,0.187042657410105,0.187042657410105,0.187042657410105,15,0.0,0.0,0.0,0.0022226723265849,1032.0,15,0.0,0.0,0.0,0.0105393873719921,393.0
qwen3_4b_2560d_int8,zh_char,目,61,60,0.1441147923469543,61,61,61,0.3607947806232288,0.3607947806232288,0.3607947806232288,61,0.0163934426229508,0.081967213114754,0.1147540983606557,0.0526348456768096,244.0,61,0.0491803278688524,0.0655737704918032,0.081967213114754,0.0681778996808076,187.0
qwen3_4b_2560d_int8,zh_char,盾,1,1,,0,0,0,,,,0,,,,,,0,,,,,
qwen3_4b_2560d_int8,zh_char,矛,1,1,,0,0,0,,,,0,,,,,,0,,,,,
qwen3_4b_2560d_int8,zh_char,矢,6,6,0.0830399841070175,6,6,0,0.1567911853392919,0.1567911853392919,,6,0.0,0.0,0.0,0.0055457855229059,598.0,6,0.0,0.0,0.0,0.0097325772002347,394.0
qwen3_4b_2560d_int8,zh_char,石,61,58,0.0930836647748947,61,61,61,0.2788801603324589,0.2788801603324589,0.2788801603324589,61,0.0,0.0163934426229508,0.0655737704918032,0.0213848613825997,450.0,61,0.0,0.0327868852459016,0.0491803278688524,0.0259785242516494,234.0
qwen3_4b_2560d_int8,zh_char,示,6,6,0.084485724568367,6,6,0,0.16641566157341,0.16641566157341,,6,0.1666666666666666,0.1666666666666666,0.3333333333333333,0.1934585946402178,192.0,6,0.1666666666666666,0.3333333333333333,0.3333333333333333,0.2527409809419061,192.5
qwen3_4b_2560d_int8,zh_char,礻,41,41,0.0737086236476898,41,41,41,0.2383661442777005,0.2383661442777005,0.2383661442777005,41,0.024390243902439,0.024390243902439,0.024390243902439,0.0294439767783539,681.0,41,0.024390243902439,0.024390243902439,0.024390243902439,0.0307602254317446,456.0
qwen3_4b_2560d_int8,zh_char,禾,47,47,0.0882083177566528,47,47,47,0.2694264671349145,0.2694264671349145,0.2694264671349145,47,0.0212765957446808,0.0212765957446808,0.1063829787234042,0.0411135203199145,498.0,47,0.0,0.0212765957446808,0.0212765957446808,0.0141103369459025,245.0
qwen3_4b_2560d_int8,zh_char,穴,30,29,0.0957707092165947,30,30,30,0.2644768052889655,0.2644768052889655,0.2644768052889655,30,0.0,0.0333333333333333,0.1,0.0302260892719831,715.5,30,0.0,0.0333333333333333,0.0666666666666666,0.027536258626116,416.5
qwen3_4b_2560d_int8,zh_char,立,7,7,0.0227607991546392,7,7,0,0.056479832822723,0.056479832822723,,7,0.0,0.0,0.0,0.001053823098268,5800.0,7,0.0,0.0,0.0,0.0074636940460754,212.0
qwen3_4b_2560d_int8,zh_char,竹,116,110,0.1069534569978714,116,116,116,0.3125224264623629,0.3125224264623629,0.3125224264623629,116,0.0086206896551724,0.0344827586206896,0.0517241379310344,0.0275027228027506,455.0,116,0.0258620689655172,0.0603448275862069,0.0775862068965517,0.0482526279062389,359.5
qwen3_4b_2560d_int8,zh_char,箕,1,1,,0,0,0,,,,0,,,,,,0,,,,,
qwen3_4b_2560d_int8,zh_char,米,28,28,0.1117161065340042,28,28,28,0.2966887834481895,0.2966887834481895,0.2966887834481895,28,0.0357142857142857,0.0714285714285714,0.1071428571428571,0.0597345614801662,254.0,28,0.0,0.0714285714285714,0.1071428571428571,0.0458426901389806,192.0
qwen3_4b_2560d_int8,zh_char,糸,178,171,0.1294647306203842,178,178,178,0.3477592433415604,0.3477592433415604,0.3477592433415604,178,0.0112359550561797,0.0337078651685393,0.0617977528089887,0.0296174918998113,457.0,178,0.0168539325842696,0.0337078651685393,0.0505617977528089,0.0322664682122986,410.0
qwen3_4b_2560d_int8,zh_char,縣,1,1,,0,0,0,,,,0,,,,,,0,,,,,
qwen3_4b_2560d_int8,zh_char,缶,4,4,0.1269148141145706,4,0,0,0.2137884125113487,,,4,0.0,0.0,0.0,0.0046792535598714,1251.0,4,0.0,0.0,0.0,0.0025549012391117,437.0
qwen3_4b_2560d_int8,zh_char,网,1,1,,0,0,0,,,,0,,,,,,0,,,,,
qwen3_4b_2560d_int8,zh_char,罒,5,5,0.0587587356567382,5,0,0,0.1097716055810451,,,5,0.0,0.0,0.0,0.0004447829094992,5985.0,5,0.0,0.0,0.0,0.001257554943613,856.0
qwen3_4b_2560d_int8,zh_char,羊,10,10,0.1182023361325264,10,10,10,0.2598283540457487,0.2598283540457487,0.2598283540457487,10,0.0,0.1,0.1,0.0561414803056966,314.5,10,0.1,0.3,0.3,0.1613822729620985,269.0
qwen3_4b_2560d_int8,zh_char,羽,23,23,0.1581950187683105,23,23,23,0.3594372257914232,0.3594372257914232,0.3594372257914232,23,0.0,0.0,0.0869565217391304,0.0290107400808809,47.0,23,0.0,0.0434782608695652,0.1304347826086956,0.0242895907981659,382.0
qwen3_4b_2560d_int8,zh_char,習,1,1,,0,0,0,,,,0,,,,,,0,,,,,
qwen3_4b_2560d_int8,zh_char,老,3,3,0.4692404270172119,0,0,0,,,,0,,,,,,0,,,,,
qwen3_4b_2560d_int8,zh_char,耂,1,1,,0,0,0,,,,0,,,,,,0,,,,,
qwen3_4b_2560d_int8,zh_char,耒,7,7,0.0952835530042648,7,7,0,0.2040626992072378,0.2040626992072378,,7,0.0,0.1428571428571428,0.1428571428571428,0.0768300664432071,114.0,7,0.0,0.1428571428571428,0.1428571428571428,0.0373148295102319,790.0
qwen3_4b_2560d_int8,zh_char,耳,11,11,0.0666804537177085,11,11,11,0.1722848835316571,0.1722848835316571,0.1722848835316571,11,0.0,0.0,0.0,0.0104564403547825,2166.0,11,0.0,0.0,0.0,0.0021459025464143,894.0
qwen3_4b_2560d_int8,zh_char,肉,115,109,0.1119775250554084,115,115,115,0.3201312360556229,0.3201312360556229,0.3201312360556229,115,0.017391304347826,0.0260869565217391,0.0434782608695652,0.0289194703831047,877.0,115,0.0,0.0347826086956521,0.0695652173913043,0.025728969042977,286.0
qwen3_4b_2560d_int8,zh_char,臣,1,1,,0,0,0,,,,0,,,,,,0,,,,,
qwen3_4b_2560d_int8,zh_char,臤,1,1,,0,0,0,,,,0,,,,,,0,,,,,
qwen3_4b_2560d_int8,zh_char,臥,1,1,,0,0,0,,,,0,,,,,,0,,,,,
qwen3_4b_2560d_int8,zh_char,自,1,1,,0,0,0,,,,0,,,,,,0,,,,,
qwen3_4b_2560d_int8,zh_char,至,2,2,0.017521858215332,0,0,0,,,,0,,,,,,0,,,,,
qwen3_4b_2560d_int8,zh_char,舌,1,1,,0,0,0,,,,0,,,,,,0,,,,,
qwen3_4b_2560d_int8,zh_char,舛,1,1,,0,0,0,,,,0,,,,,,0,,,,,
qwen3_4b_2560d_int8,zh_char,舟,16,16,0.2066862434148788,16,16,16,0.4067281167954206,0.4067281167954206,0.4067281167954206,16,0.0625,0.25,0.4375,0.1690158043370244,28.5,16,0.0625,0.125,0.125,0.1008639806371406,250.5
qwen3_4b_2560d_int8,zh_char,色,1,1,,0,0,0,,,,0,,,,,,0,,,,,
qwen3_4b_2560d_int8,zh_char,艹,338,293,0.1160295307636261,338,338,338,0.3178843697746554,0.3178843697746554,0.3178843697746554,338,0.0384615384615384,0.0917159763313609,0.1065088757396449,0.0659332578133299,472.0,338,0.059171597633136,0.0976331360946745,0.1301775147928994,0.0836409370451964,292.5
qwen3_4b_2560d_int8,zh_char,蕇,1,1,,0,0,0,,,,0,,,,,,0,,,,,
qwen3_4b_2560d_int8,zh_char,虍,4,4,0.071481741964817,4,0,0,0.1133791301399469,,,4,0.0,0.0,0.0,0.0076965522053081,1569.0,4,0.0,0.0,0.0,0.0056321323677779,463.0
qwen3_4b_2560d_int8,zh_char,虎,2,2,0.0617842674255371,0,0,0,,,,0,,,,,,0,,,,,
qwen3_4b_2560d_int8,zh_char,虫,150,140,0.2482930719852447,150,150,150,0.4836721241287887,0.4836721241287887,0.4836721241287887,150,0.0066666666666666,0.0466666666666666,0.1,0.040190748541596,155.0,150,0.02,0.0266666666666666,0.0466666666666666,0.033415983297113,274.0
qwen3_4b_2560d_int8,zh_char,血,4,4,0.1976574212312698,4,0,0,0.2916535250842571,,,4,0.0,0.0,0.0,0.0019822946629949,1447.0,4,0.0,0.0,0.0,0.0103096748858941,283.0
qwen3_4b_2560d_int8,zh_char,行,7,7,0.062714397907257,7,7,0,0.1399012112191745,0.1399012112191745,,7,0.0,0.0,0.0,0.0005866782514317,2363.0,7,0.0,0.0,0.0,0.0188107404453183,236.0
qwen3_4b_2560d_int8,zh_char,衣,21,21,0.1131747663021087,21,21,21,0.2883450399552072,0.2883450399552072,0.2883450399552072,21,0.0,0.0476190476190476,0.0476190476190476,0.0239975896232709,433.0,21,0.0,0.0476190476190476,0.0476190476190476,0.0258252812035358,335.0
qwen3_4b_2560d_int8,zh_char,衤,72,71,0.1419147253036499,72,72,72,0.3645254718915869,0.3645254718915869,0.3645254718915869,72,0.0,0.0138888888888888,0.0277777777777777,0.0148200865523328,302.5,72,0.0,0.0416666666666666,0.0694444444444444,0.0280321365436287,366.0
qwen3_4b_2560d_int8,zh_char,襾,1,1,,0,0,0,,,,0,,,,,,0,,,,,
qwen3_4b_2560d_int8,zh_char,覀,1,1,,0,0,0,,,,0,,,,,,0,,,,,
qwen3_4b_2560d_int8,zh_char,見,12,12,0.1366718858480453,12,12,12,0.2995834325750668,0.2995834325750668,0.2995834325750668,12,0.0,0.0,0.1666666666666666,0.0308209523952885,132.5,12,0.0,0.0,0.0,0.0103826232230737,304.5
qwen3_4b_2560d_int8,zh_char,角,14,14,0.1061154007911682,14,14,14,0.256404987935509,0.256404987935509,0.256404987935509,14,0.0,0.0,0.0,0.0027961108317559,2340.5,14,0.0,0.0,0.0,0.0096654162120115,591.5
qwen3_4b_2560d_int8,zh_char,言,167,156,0.1113118603825569,167,167,167,0.3190154048787084,0.3190154048787084,0.3190154048787084,167,0.029940119760479,0.0359281437125748,0.0419161676646706,0.0380016511063309,826.0,167,0.0359281437125748,0.0419161676646706,0.059880239520958,0.0448289896659639,380.0
qwen3_4b_2560d_int8,zh_char,谷,2,2,0.0022270679473876,0,0,0,,,,0,,,,,,0,,,,,
qwen3_4b_2560d_int8,zh_char,豆,2,2,0.2702482938766479,0,0,0,,,,0,,,,,,0,,,,,
qwen3_4b_2560d_int8,zh_char,豕,8,8,0.2313886731863021,8,8,0,0.3954757899045944,0.3954757899045944,,8,0.125,0.5,0.5,0.2655942373929419,8.5,8,0.125,0.25,0.25,0.1967098291026178,82.0
qwen3_4b_2560d_int8,zh_char,象,1,1,,0,0,0,,,,0,,,,,,0,,,,,
qwen3_4b_2560d_int8,zh_char,豸,15,15,0.2641140818595886,15,15,15,0.4708093206087748,0.4708093206087748,0.4708093206087748,15,0.0,0.0666666666666666,0.2,0.064599140596893,103.0,15,0.0,0.0666666666666666,0.0666666666666666,0.0333256910144898,342.0
qwen3_4b_2560d_int8,zh_char,貝,44,42,0.1308154612779617,44,44,44,0.3340592593250965,0.3340592593250965,0.3340592593250965,44,0.0,0.0,0.0,0.0065596286569743,930.0,44,0.0,0.0454545454545454,0.0454545454545454,0.0266230461671672,279.5
qwen3_4b_2560d_int8,zh_char,赤,3,3,0.1985948085784912,0,0,0,,,,0,,,,,,0,,,,,
qwen3_4b_2560d_int8,zh_char,走,20,20,0.1211621910333633,20,20,20,0.300733570754528,0.300733570754528,0.300733570754528,20,0.0,0.0,0.0,0.0113280990238356,259.5,20,0.0,0.0,0.0,0.0063038336198236,361.5
qwen3_4b_2560d_int8,zh_char,足,4,4,0.1714189797639846,4,0,0,0.2636598274111748,,,4,0.0,0.0,0.0,0.0076373235109461,929.0,4,0.0,0.0,0.25,0.0468976167006541,71.0
qwen3_4b_2560d_int8,zh_char,身,3,3,0.041355688124895,0,0,0,,,,0,,,,,,0,,,,,
qwen3_4b_2560d_int8,zh_char,車,61,61,0.1987478286027908,61,61,61,0.4330874966671232,0.4330874966671232,0.4330874966671232,61,0.0163934426229508,0.0655737704918032,0.1311475409836065,0.0501605506533522,135.0,61,0.0,0.0,0.0,0.0057094690621401,458.0
qwen3_4b_2560d_int8,zh_char,辛,2,2,-0.1267052888870239,0,0,0,,,,0,,,,,,0,,,,,
qwen3_4b_2560d_int8,zh_char,辶,70,70,0.0574258938431739,70,70,70,0.2157575945702514,0.2157575945702514,0.2157575945702514,70,0.0142857142857142,0.0857142857142857,0.0857142857142857,0.0449447440568127,1291.0,70,0.0285714285714285,0.1142857142857142,0.1714285714285714,0.075158027631258,292.0
qwen3_4b_2560d_int8,zh_char,邑,2,2,-0.0984834432601928,0,0,0,,,,0,,,,,,0,,,,,
qwen3_4b_2560d_int8,zh_char,酉,36,35,0.1440209001302719,36,36,36,0.3525220151576731,0.3525220151576731,0.3525220151576731,36,0.0,0.0833333333333333,0.1388888888888889,0.0433466335025673,148.0,36,0.0,0.0555555555555555,0.0555555555555555,0.0329091497607595,356.0
qwen3_4b_2560d_int8,zh_char,釆,2,2,-0.1051474809646606,0,0,0,,,,0,,,,,,0,,,,,
qwen3_4b_2560d_int8,zh_char,里,1,1,,0,0,0,,,,0,,,,,,0,,,,,
qwen3_4b_2560d_int8,zh_char,金,2,2,0.3533589839935303,0,0,0,,,,0,,,,,,0,,,,,
qwen3_4b_2560d_int8,zh_char,釒,149,142,0.1756611466407776,149,149,149,0.4080982740793452,0.4080982740793452,0.4080982740793452,149,0.0201342281879194,0.0335570469798657,0.046979865771812,0.0324541285308861,243.0,149,0.0268456375838926,0.046979865771812,0.0536912751677852,0.0399599945707615,471.0
qwen3_4b_2560d_int8,zh_char,镸,1,1,,0,0,0,,,,0,,,,,,0,,,,,
qwen3_4b_2560d_int8,zh_char,門,35,35,0.1357014626264572,35,35,35,0.3384103208248104,0.3384103208248104,0.3384103208248104,35,0.1142857142857142,0.1428571428571428,0.1714285714285714,0.1370009764873116,146.0,35,0.0285714285714285,0.0857142857142857,0.1142857142857142,0.0675213767299813,334.0
qwen3_4b_2560d_int8,zh_char,阝,138,126,0.0806056857109069,138,138,138,0.2666125424354728,0.2666125424354728,0.2666125424354728,138,0.0217391304347826,0.0652173913043478,0.0942028985507246,0.0470940140754534,556.5,138,0.036231884057971,0.072463768115942,0.108695652173913,0.0579108010465601,319.0
qwen3_4b_2560d_int8,zh_char,隹,16,16,0.043809350579977,16,16,16,0.1377092059701681,0.1377092059701681,0.1377092059701681,16,0.0625,0.0625,0.0625,0.0643663282111144,1435.0,16,0.0,0.0625,0.0625,0.0431690022754934,237.5
qwen3_4b_2560d_int8,zh_char,雈,1,1,,0,0,0,,,,0,,,,,,0,,,,,
qwen3_4b_2560d_int8,zh_char,雨,27,26,0.1395120024681091,27,27,27,0.3380825607864945,0.3380825607864945,0.3380825607864945,27,0.1851851851851851,0.2962962962962963,0.3333333333333333,0.2328622933866949,30.0,27,0.1111111111111111,0.2222222222222222,0.2222222222222222,0.1694577177377454,289.0
qwen3_4b_2560d_int8,zh_char,雲,3,3,0.2043209820985794,0,0,0,,,,0,,,,,,0,,,,,
qwen3_4b_2560d_int8,zh_char,非,1,1,,0,0,0,,,,0,,,,,,0,,,,,
qwen3_4b_2560d_int8,zh_char,面,2,2,0.2357494831085205,0,0,0,,,,0,,,,,,0,,,,,
qwen3_4b_2560d_int8,zh_char,革,34,33,0.1139421761035919,34,34,34,0.3016268746817813,0.3016268746817813,0.3016268746817813,34,0.0,0.0294117647058823,0.0294117647058823,0.0124527061034688,1328.5,34,0.0294117647058823,0.0294117647058823,0.0294117647058823,0.0371173763216536,348.5
qwen3_4b_2560d_int8,zh_char,韋,9,9,0.1282876878976822,9,9,9,0.2705102873345216,0.2705102873345216,0.2705102873345216,9,0.0,0.0,0.0,0.0094351348447793,527.0,9,0.0,0.0,0.0,0.0029856927685334,677.0
qwen3_4b_2560d_int8,zh_char,韮,1,1,,0,0,0,,,,0,,,,,,0,,,,,
qwen3_4b_2560d_int8,zh_char,音,4,4,0.0552619285881519,4,0,0,0.0939511070027947,,,4,0.0,0.0,0.0,0.0020543594098096,766.0,4,0.0,0.0,0.0,0.0022304768954,439.0
qwen3_4b_2560d_int8,zh_char,頁,46,46,0.1190473362803459,46,46,46,0.3202714493255252,0.3202714493255252,0.3202714493255252,46,0.0,0.0217391304347826,0.0217391304347826,0.0153664044073529,376.5,46,0.0,0.0,0.0434782608695652,0.010742612997519,401.5
qwen3_4b_2560d_int8,zh_char,風,9,9,0.2059536725282669,9,9,9,0.3814275339245796,0.3814275339245796,0.3814275339245796,9,0.0,0.2222222222222222,0.3333333333333333,0.1019416956949171,45.0,9,0.0,0.1111111111111111,0.1111111111111111,0.0583764787973192,279.0
qwen3_4b_2560d_int8,zh_char,食,6,6,0.1435082703828811,6,6,0,0.2682772769282261,0.2682772769282261,,6,0.0,0.1666666666666666,0.1666666666666666,0.0443022043075326,162.5,6,0.0,0.0,0.0,0.006807612653587,612.0
qwen3_4b_2560d_int8,zh_char,飠,39,39,0.2620091438293457,39,39,39,0.494146921695807,0.494146921695807,0.494146921695807,39,0.0512820512820512,0.1282051282051282,0.2051282051282051,0.1109162193079414,32.0,39,0.0256410256410256,0.0512820512820512,0.1025641025641025,0.0504442347545639,286.0
qwen3_4b_2560d_int8,zh_char,首,2,2,0.1995186805725097,0,0,0,,,,0,,,,,,0,,,,,
qwen3_4b_2560d_int8,zh_char,香,1,1,,0,0,0,,,,0,,,,,,0,,,,,
qwen3_4b_2560d_int8,zh_char,馬,66,66,0.1690491735935211,66,66,66,0.3973317201616186,0.3973317201616186,0.3973317201616186,66,0.0151515151515151,0.0454545454545454,0.0909090909090909,0.0388197754188789,144.5,66,0.0,0.0,0.0151515151515151,0.009743116755653,348.5
qwen3_4b_2560d_int8,zh_char,骨,14,14,0.1263433545827865,14,14,14,0.2894792210842882,0.2894792210842882,0.2894792210842882,14,0.0,0.0,0.0,0.006569739061797,632.0,14,0.0,0.0,0.0,0.0068628344684364,491.5
qwen3_4b_2560d_int8,zh_char,高,1,1,,0,0,0,,,,0,,,,,,0,,,,,
qwen3_4b_2560d_int8,zh_char,髟,20,20,0.1437292993068695,20,20,20,0.334273804910481,0.334273804910481,0.334273804910481,20,0.15,0.15,0.2,0.1646034397604552,183.5,20,0.1,0.1,0.1,0.1122556317850895,206.0
qwen3_4b_2560d_int8,zh_char,鬥,3,3,0.1577328890562057,0,0,0,,,,0,,,,,,0,,,,,
qwen3_4b_2560d_int8,zh_char,鬼,12,12,0.1434832364320755,12,12,12,0.3090709559619427,0.3090709559619427,0.3090709559619427,12,0.0,0.0833333333333333,0.0833333333333333,0.0321568434159053,228.0,12,0.0,0.0,0.0,0.0096919422178685,295.5
qwen3_4b_2560d_int8,zh_char,魚,60,59,0.3418713808059692,60,60,60,0.5715880831082661,0.5715880831082661,0.5715880831082661,60,0.0166666666666666,0.1166666666666666,0.2,0.0837760146737204,47.0,60,0.0166666666666666,0.05,0.05,0.0349962631791725,431.0
qwen3_4b_2560d_int8,zh_char,鳥,71,68,0.3373884260654449,71,71,71,0.569805298053043,0.569805298053043,0.569805298053043,71,0.0,0.0140845070422535,0.0704225352112676,0.0274559358243874,80.0,71,0.0,0.0140845070422535,0.028169014084507,0.0167226146224153,438.0
qwen3_4b_2560d_int8,zh_char,鹵,3,3,0.0509572029113769,0,0,0,,,,0,,,,,,0,,,,,
qwen3_4b_2560d_int8,zh_char,鹽,1,1,,0,0,0,,,,0,,,,,,0,,,,,
qwen3_4b_2560d_int8,zh_char,鹿,11,11,0.1523064374923706,11,11,11,0.3123481964523142,0.3123481964523142,0.3123481964523142,11,0.0,0.0,0.1818181818181818,0.0348393855134827,149.0,11,0.0,0.0,0.0909090909090909,0.0201486571528204,256.0
qwen3_4b_2560d_int8,zh_char,麥,5,5,0.3058013916015625,5,0,0,0.4442118167877197,,,5,0.0,0.2,0.6,0.1268743667679837,8.0,5,0.0,0.0,0.0,0.0194516329048672,524.0
qwen3_4b_2560d_int8,zh_char,麻,2,2,0.1716902256011963,0,0,0,,,,0,,,,,,0,,,,,
qwen3_4b_2560d_int8,zh_char,黍,2,2,0.0072762966156005,0,0,0,,,,0,,,,,,0,,,,,
qwen3_4b_2560d_int8,zh_char,黑,19,19,0.0879225507378578,19,19,19,0.2403931596169346,0.2403931596169346,0.2403931596169346,19,0.0,0.0526315789473684,0.0526315789473684,0.0131363719280058,2148.0,19,0.0,0.0,0.0,0.0091286463222279,413.0
qwen3_4b_2560d_int8,zh_char,黹,3,3,0.0753106698393821,0,0,0,,,,0,,,,,,0,,,,,
qwen3_4b_2560d_int8,zh_char,黽,1,1,,0,0,0,,,,0,,,,,,0,,,,,
qwen3_4b_2560d_int8,zh_char,鼎,2,2,0.2671140432357788,0,0,0,,,,0,,,,,,0,,,,,
qwen3_4b_2560d_int8,zh_char,鼓,4,4,0.2673569619655609,4,0,0,0.3802189864218235,,,4,0.0,0.0,0.25,0.0321062585213528,98.0,4,0.0,0.0,0.0,0.0027166703874452,330.0
qwen3_4b_2560d_int8,zh_char,鼠,9,9,0.2296300679445266,9,9,9,0.4046743015448252,0.4046743015448252,0.4046743015448252,9,0.1111111111111111,0.1111111111111111,0.2222222222222222,0.1388198144837167,50.0,9,0.0,0.0,0.1111111111111111,0.0160847313887318,334.0
qwen3_4b_2560d_int8,zh_char,鼻,3,3,0.0927076339721679,0,0,0,,,,0,,,,,,0,,,,,
qwen3_4b_2560d_int8,zh_char,齒,22,21,0.2943466305732727,22,22,22,0.5014964128759775,0.5014964128759775,0.5014964128759775,22,0.0,0.0,0.0909090909090909,0.0466084617488324,25.0,22,0.0,0.0,0.0,0.0034077653581796,719.5
qwen3_4b_2560d_int8,zh_char,龍,1,1,,0,0,0,,,,0,,,,,,0,,,,,
qwen3_4b_2560d_int8,zh_char,龠,2,2,0.0930037498474121,0,0,0,,,,0,,,,,,0,,,,,
qwen3_4b_2560d_int8,zh_char,𠘨,1,1,,0,0,0,,,,0,,,,,,0,,,,,
qwen3_4b_2560d_int8,zh_char,𠚕,1,1,,0,0,0,,,,0,,,,,,0,,,,,
qwen3_4b_2560d_int8,zh_char,𠩺,1,1,,0,0,0,,,,0,,,,,,0,,,,,
qwen3_4b_2560d_int8,zh_char,𠫓,1,1,,0,0,0,,,,0,,,,,,0,,,,,
qwen3_4b_2560d_int8,zh_char,𡱕,1,1,,0,0,0,,,,0,,,,,,0,,,,,
qwen3_4b_2560d_int8,zh_char,𢆶,1,1,,0,0,0,,,,0,,,,,,0,,,,,
qwen3_4b_2560d_int8,zh_char,𣶒,1,1,,0,0,0,,,,0,,,,,,0,,,,,
qwen3_4b_2560d_int8,zh_char,𤤴,3,3,0.2523500919342041,0,0,0,,,,0,,,,,,0,,,,,
qwen3_4b_2560d_int8,zh_char,𥄎,1,1,,0,0,0,,,,0,,,,,,0,,,,,
qwen3_4b_2560d_int8,zh_char,𦍌,1,1,,0,0,0,,,,0,,,,,,0,,,,,
qwen3_4b_2560d_int8,zh_char,𧾷,70,69,0.1582859307527542,70,70,70,0.382233768914427,0.382233768914427,0.382233768914427,70,0.0428571428571428,0.1142857142857142,0.1571428571428571,0.0815945927525598,321.5,70,0.0571428571428571,0.0857142857142857,0.1,0.0747928559842987,284.5
