model,channel,anchor_family,rank_change_raw,rank_change_centered
bge_m3_1024d,cn_def,ROOT-20000,1531.84,2107.44
bge_m3_1024d,cn_def,ROOT-200A2,-126.0,581.0
bge_m3_1024d,cn_def,ROOT-200A4,2282.6666666666665,2415.3333333333335
bge_m3_1024d,cn_def,ROOT-2053E,-8.0,-6.0
bge_m3_1024d,cn_def,ROOT-20CCB,548.5,1019.0
bge_m3_1024d,cn_def,ROOT-2123C,1680.25,1881.25
bge_m3_1024d,cn_def,ROOT-219CD,1135.375,1371.25
bge_m3_1024d,cn_def,ROOT-21C55,1584.0,1170.0
bge_m3_1024d,cn_def,ROOT-22398,422.0,621.0
bge_m3_1024d,cn_def,ROOT-2274A,-173.0,-276.0
bge_m3_1024d,cn_def,ROOT-2304B,3657.0,1562.0
bge_m3_1024d,cn_def,ROOT-23386,1569.0,2385.0
bge_m3_1024d,cn_def,ROOT-233DF,2431.1666666666665,1858.3333333333333
bge_m3_1024d,cn_def,ROOT-2394F,1370.9285714285713,1841.2857142857142
bge_m3_1024d,cn_def,ROOT-239BC,484.5,428.5
bge_m3_1024d,cn_def,ROOT-25762,3282.0,4937.0
bge_m3_1024d,cn_def,ROOT-26B07,3250.0,1741.0
bge_m3_1024d,cn_def,ROOT-271A3,1366.75,1433.5
bge_m3_1024d,cn_def,ROOT-27BAB,3122.0,3998.0
bge_m3_1024d,cn_def,ROOT-342D,1836.0,2625.3333333333335
bge_m3_1024d,cn_def,ROOT-3431,2054.0,1252.0
bge_m3_1024d,cn_def,ROOT-34B8,1058.25,1578.25
bge_m3_1024d,cn_def,ROOT-34BC,539.0,1017.0
bge_m3_1024d,cn_def,ROOT-34DE,977.0,1216.25
bge_m3_1024d,cn_def,ROOT-3563,467.55555555555554,457.22222222222223
bge_m3_1024d,cn_def,ROOT-37A2,527.75,834.3333333333334
bge_m3_1024d,cn_def,ROOT-382F,1646.0,1823.125
bge_m3_1024d,cn_def,ROOT-3840,59.0,-227.2
bge_m3_1024d,cn_def,ROOT-3E12,712.0,437.0
bge_m3_1024d,cn_def,ROOT-4020,1016.0,1443.0
bge_m3_1024d,cn_def,ROOT-41C2,425.9,681.6
bge_m3_1024d,cn_def,ROOT-470C,106.0,144.0
bge_m3_1024d,cn_def,ROOT-4E00,391.5,163.0
bge_m3_1024d,cn_def,ROOT-4E01,1403.3076923076924,2187.769230769231
bge_m3_1024d,cn_def,ROOT-4E02,896.0,1284.0
bge_m3_1024d,cn_def,ROOT-4E03,2130.5,2677.5
bge_m3_1024d,cn_def,ROOT-4E08,1006.0,658.0
bge_m3_1024d,cn_def,ROOT-4E0D,805.75,1028.25
bge_m3_1024d,cn_def,ROOT-4E0F,374.0,570.0
bge_m3_1024d,cn_def,ROOT-4E11,1934.6666666666667,2323.3333333333335
bge_m3_1024d,cn_def,ROOT-4E14,1847.7222222222222,2078.3888888888887
bge_m3_1024d,cn_def,ROOT-4E16,2735.0,3447.0
bge_m3_1024d,cn_def,ROOT-4E18,1754.5,1483.0
bge_m3_1024d,cn_def,ROOT-4E19,1617.3333333333333,2381.3333333333335
bge_m3_1024d,cn_def,ROOT-4E1E,29.0,136.5
bge_m3_1024d,cn_def,ROOT-4E26,1411.0,1494.0
bge_m3_1024d,cn_def,ROOT-4E2D,1365.0,2046.0
bge_m3_1024d,cn_def,ROOT-4E30,3318.75,3571.75
bge_m3_1024d,cn_def,ROOT-4E32,1440.0,3578.0
bge_m3_1024d,cn_def,ROOT-4E36,1423.3333333333333,1439.1666666666667
bge_m3_1024d,cn_def,ROOT-4E38,1671.0,609.0
bge_m3_1024d,cn_def,ROOT-4E3F,1219.7692307692307,1365.923076923077
bge_m3_1024d,cn_def,ROOT-4E42,1462.5,1764.0
bge_m3_1024d,cn_def,ROOT-4E43,419.3333333333333,511.3333333333333
bge_m3_1024d,cn_def,ROOT-4E45,1239.3333333333333,980.6666666666666
bge_m3_1024d,cn_def,ROOT-4E47,249.0,149.0
bge_m3_1024d,cn_def,ROOT-4E4B,1498.0,3899.0
bge_m3_1024d,cn_def,ROOT-4E4D,912.6363636363636,925.1818181818181
bge_m3_1024d,cn_def,ROOT-4E4E,2249.0,2131.0
bge_m3_1024d,cn_def,ROOT-4E4F,1229.0,1734.4
bge_m3_1024d,cn_def,ROOT-4E58,-306.0,-345.0
bge_m3_1024d,cn_def,ROOT-4E59,630.75,1187.0
bge_m3_1024d,cn_def,ROOT-4E5D,1642.857142857143,1179.5714285714287
bge_m3_1024d,cn_def,ROOT-4E5E,57.0,54.0
bge_m3_1024d,cn_def,ROOT-4E5F,961.3333333333334,1144.6666666666667
bge_m3_1024d,cn_def,ROOT-4E88,4.833333333333333,318.5
bge_m3_1024d,cn_def,ROOT-4E8C,952.5,1328.5
bge_m3_1024d,cn_def,ROOT-4E8E,1296.875,1428.75
bge_m3_1024d,cn_def,ROOT-4E8F,1514.0,2446.3333333333335
bge_m3_1024d,cn_def,ROOT-4E91,1244.8333333333333,1861.8333333333333
bge_m3_1024d,cn_def,ROOT-4E94,644.8333333333334,1001.0833333333334
bge_m3_1024d,cn_def,ROOT-4E95,213.0,585.0
bge_m3_1024d,cn_def,ROOT-4E9E,1298.0,1139.0
bge_m3_1024d,cn_def,ROOT-4E9F,611.0,488.5
bge_m3_1024d,cn_def,ROOT-4EA1,2811.3333333333335,2797.3333333333335
bge_m3_1024d,cn_def,ROOT-4EA2,786.7,959.6
bge_m3_1024d,cn_def,ROOT-4EA4,932.8,998.3333333333334
bge_m3_1024d,cn_def,ROOT-4EA5,1547.6666666666667,1662.9166666666667
bge_m3_1024d,cn_def,ROOT-4EAC,1030.25,955.375
bge_m3_1024d,cn_def,ROOT-4EAE,77.0,48.0
bge_m3_1024d,cn_def,ROOT-4EBA,635.6666666666666,1224.3333333333333
bge_m3_1024d,cn_def,ROOT-4EC1,632.0,737.0
bge_m3_1024d,cn_def,ROOT-4EC4,362.0,46.0
bge_m3_1024d,cn_def,ROOT-4ECA,1254.6666666666667,1645.7222222222222
bge_m3_1024d,cn_def,ROOT-4ECB,2742.3333333333335,3291.3333333333335
bge_m3_1024d,cn_def,ROOT-4EE4,1471.2666666666667,1374.8666666666666
bge_m3_1024d,cn_def,ROOT-4EE5,897.5,1375.0
bge_m3_1024d,cn_def,ROOT-4F0F,1243.5,1578.5
bge_m3_1024d,cn_def,ROOT-4F10,1875.0,1957.5
bge_m3_1024d,cn_def,ROOT-4F59,1183.1,1423.6
bge_m3_1024d,cn_def,ROOT-4F86,1943.6666666666667,2237.3333333333335
bge_m3_1024d,cn_def,ROOT-4F8C,1175.0,760.0
bge_m3_1024d,cn_def,ROOT-4F96,1375.142857142857,844.2857142857143
bge_m3_1024d,cn_def,ROOT-4FAF,693.0,-99.0
bge_m3_1024d,cn_def,ROOT-4FDD,1980.6666666666667,1915.3333333333333
bge_m3_1024d,cn_def,ROOT-5009,1158.7,1414.5
bge_m3_1024d,cn_def,ROOT-501D,1395.0,1929.0
bge_m3_1024d,cn_def,ROOT-50C9,706.4545454545455,996.3636363636364
bge_m3_1024d,cn_def,ROOT-5140,1453.6666666666667,1868.3333333333333
bge_m3_1024d,cn_def,ROOT-5143,1208.2,1242.6
bge_m3_1024d,cn_def,ROOT-5144,-196.0,-640.0
bge_m3_1024d,cn_def,ROOT-5145,1122.0,1704.0
bge_m3_1024d,cn_def,ROOT-5146,1353.9,1405.0
bge_m3_1024d,cn_def,ROOT-5148,2138.0,3170.0
bge_m3_1024d,cn_def,ROOT-5149,354.25,588.5
bge_m3_1024d,cn_def,ROOT-514B,-603.0,-742.0
bge_m3_1024d,cn_def,ROOT-514D,732.5,901.5
bge_m3_1024d,cn_def,ROOT-5152,701.0,1411.0
bge_m3_1024d,cn_def,ROOT-5154,3018.0,1473.0
bge_m3_1024d,cn_def,ROOT-5165,1571.6,1712.2
bge_m3_1024d,cn_def,ROOT-5168,1292.4285714285713,1688.2857142857142
bge_m3_1024d,cn_def,ROOT-5169,1126.6666666666667,723.0
bge_m3_1024d,cn_def,ROOT-516A,1336.0,1609.0
bge_m3_1024d,cn_def,ROOT-516B,858.5,1068.5
bge_m3_1024d,cn_def,ROOT-516C,1253.5,1200.875
bge_m3_1024d,cn_def,ROOT-5171,679.6666666666666,551.6666666666666
bge_m3_1024d,cn_def,ROOT-5176,1491.2307692307693,1677.8461538461538
bge_m3_1024d,cn_def,ROOT-5177,4789.0,5961.0
bge_m3_1024d,cn_def,ROOT-5178,-350.0,-1941.0
bge_m3_1024d,cn_def,ROOT-517C,1545.1,2096.7
bge_m3_1024d,cn_def,ROOT-5180,1940.0,794.0
bge_m3_1024d,cn_def,ROOT-5183,2421.75,2049.75
bge_m3_1024d,cn_def,ROOT-5189,1405.5,1286.5
bge_m3_1024d,cn_def,ROOT-518A,1676.0,1819.0
bge_m3_1024d,cn_def,ROOT-518E,1708.3333333333333,643.3333333333334
bge_m3_1024d,cn_def,ROOT-51A2,-3.0,-2.0
bge_m3_1024d,cn_def,ROOT-51A5,970.0,1019.25
bge_m3_1024d,cn_def,ROOT-51AB,316.0,914.0
bge_m3_1024d,cn_def,ROOT-51E0,1995.8,801.4
bge_m3_1024d,cn_def,ROOT-51E1,1553.6666666666667,1881.888888888889
bge_m3_1024d,cn_def,ROOT-51F6,2539.5,2847.5
bge_m3_1024d,cn_def,ROOT-51FA,-27.0,70.0
bge_m3_1024d,cn_def,ROOT-51FD,0.0,0.0
bge_m3_1024d,cn_def,ROOT-5200,1686.7333333333333,2011.2
bge_m3_1024d,cn_def,ROOT-5203,1183.2,955.8
bge_m3_1024d,cn_def,ROOT-5206,1079.25,1562.875
bge_m3_1024d,cn_def,ROOT-5211,1577.5,1746.0
bge_m3_1024d,cn_def,ROOT-5217,2193.0,2836.0
bge_m3_1024d,cn_def,ROOT-5225,-177.0,-321.0
bge_m3_1024d,cn_def,ROOT-5229,1718.0,2525.0
bge_m3_1024d,cn_def,ROOT-5236,46.0,-35.5
bge_m3_1024d,cn_def,ROOT-5247,685.6,1120.8
bge_m3_1024d,cn_def,ROOT-529B,1229.2,1768.1333333333334
bge_m3_1024d,cn_def,ROOT-52DE,2032.0,2183.25
bge_m3_1024d,cn_def,ROOT-52F9,981.4,1090.5
bge_m3_1024d,cn_def,ROOT-52FA,1405.2,1162.3
bge_m3_1024d,cn_def,ROOT-52FB,1389.3333333333333,1504.6666666666667
bge_m3_1024d,cn_def,ROOT-52FF,1093.3333333333333,696.8333333333334
bge_m3_1024d,cn_def,ROOT-5303,1637.5333333333333,1634.0666666666666
bge_m3_1024d,cn_def,ROOT-5305,1736.6153846153845,1642.923076923077
bge_m3_1024d,cn_def,ROOT-5315,1267.695652173913,1200.8695652173913
bge_m3_1024d,cn_def,ROOT-5317,2080.0,1915.0
bge_m3_1024d,cn_def,ROOT-5321,3147.5,3719.5
bge_m3_1024d,cn_def,ROOT-5340,1600.6666666666667,2032.5833333333333
bge_m3_1024d,cn_def,ROOT-5341,1228.3333333333333,1369.0
bge_m3_1024d,cn_def,ROOT-5347,29.0,77.0
bge_m3_1024d,cn_def,ROOT-5348,1940.25,2132.75
bge_m3_1024d,cn_def,ROOT-5349,1265.5,1608.5
bge_m3_1024d,cn_def,ROOT-534A,633.2857142857143,942.8571428571429
bge_m3_1024d,cn_def,ROOT-5351,1487.0,1395.090909090909
bge_m3_1024d,cn_def,ROOT-5352,1065.25,940.3333333333334
bge_m3_1024d,cn_def,ROOT-5353,468.6,765.4
bge_m3_1024d,cn_def,ROOT-5357,2588.0,2020.6666666666667
bge_m3_1024d,cn_def,ROOT-535C,972.75,817.75
bge_m3_1024d,cn_def,ROOT-5360,1305.3076923076924,1642.076923076923
bge_m3_1024d,cn_def,ROOT-5371,1059.3333333333333,1442.3333333333333
bge_m3_1024d,cn_def,ROOT-5373,284.5,51.5
bge_m3_1024d,cn_def,ROOT-5377,668.3333333333334,599.0
bge_m3_1024d,cn_def,ROOT-5378,342.6666666666667,376.0
bge_m3_1024d,cn_def,ROOT-5384,1707.6666666666667,1892.3333333333333
bge_m3_1024d,cn_def,ROOT-539F,673.0,311.25
bge_m3_1024d,cn_def,ROOT-53B6,584.6363636363636,881.6363636363636
bge_m3_1024d,cn_def,ROOT-53BB,898.6666666666666,2159.0
bge_m3_1024d,cn_def,ROOT-53C3,1560.6666666666667,1695.3333333333333
bge_m3_1024d,cn_def,ROOT-53C8,1449.2666666666667,1586.9333333333334
bge_m3_1024d,cn_def,ROOT-53C9,1357.0,2017.0
bge_m3_1024d,cn_def,ROOT-53CA,977.8571428571429,1368.4285714285713
bge_m3_1024d,cn_def,ROOT-53CD,1397.6,2220.4
bge_m3_1024d,cn_def,ROOT-53D6,131.66666666666666,39.333333333333336
bge_m3_1024d,cn_def,ROOT-53D7,863.5,887.5
bge_m3_1024d,cn_def,ROOT-53E3,1665.6666666666667,1887.0
bge_m3_1024d,cn_def,ROOT-53E4,1447.9615384615386,1717.1923076923076
bge_m3_1024d,cn_def,ROOT-53EA,426.0,3888.0
bge_m3_1024d,cn_def,ROOT-53F2,4661.0,4590.0
bge_m3_1024d,cn_def,ROOT-53F8,806.0,912.25
bge_m3_1024d,cn_def,ROOT-5404,1437.4444444444443,1426.1851851851852
bge_m3_1024d,cn_def,ROOT-5408,352.6923076923077,566.6923076923077
bge_m3_1024d,cn_def,ROOT-5409,894.1111111111111,1085.6666666666667
bge_m3_1024d,cn_def,ROOT-540C,1686.1666666666667,1610.0
bge_m3_1024d,cn_def,ROOT-540D,1026.0,652.3333333333334
bge_m3_1024d,cn_def,ROOT-540E,816.3333333333334,1046.0
bge_m3_1024d,cn_def,ROOT-5411,227.0,718.0
bge_m3_1024d,cn_def,ROOT-5433,982.3333333333334,1115.0
bge_m3_1024d,cn_def,ROOT-5442,1482.75,1282.5
bge_m3_1024d,cn_def,ROOT-544A,673.25,992.375
bge_m3_1024d,cn_def,ROOT-5468,1857.6153846153845,2148.3846153846152
bge_m3_1024d,cn_def,ROOT-548E,1073.5,1095.0
bge_m3_1024d,cn_def,ROOT-54B8,413.7142857142857,590.0
bge_m3_1024d,cn_def,ROOT-54E1,595.4,575.2
bge_m3_1024d,cn_def,ROOT-54E5,463.0,607.0
bge_m3_1024d,cn_def,ROOT-5584,531.0,619.3333333333334
bge_m3_1024d,cn_def,ROOT-55AE,1305.1,1559.2
bge_m3_1024d,cn_def,ROOT-55C7,2010.3333333333333,2409.6666666666665
bge_m3_1024d,cn_def,ROOT-56B4,545.0,460.0
bge_m3_1024d,cn_def,ROOT-56D7,929.0,965.6666666666666
bge_m3_1024d,cn_def,ROOT-56DA,1113.0,1120.0
bge_m3_1024d,cn_def,ROOT-56DB,2684.0,1392.5
bge_m3_1024d,cn_def,ROOT-56DE,2631.5,3144.75
bge_m3_1024d,cn_def,ROOT-56E0,895.25,1121.25
bge_m3_1024d,cn_def,ROOT-56F0,1195.0,1349.0
bge_m3_1024d,cn_def,ROOT-56F7,2576.0,1336.0
bge_m3_1024d,cn_def,ROOT-56FA,1238.0,1136.8
bge_m3_1024d,cn_def,ROOT-571F,2344.0,1174.5
bge_m3_1024d,cn_def,ROOT-572D,1690.642857142857,1555.9285714285713
bge_m3_1024d,cn_def,ROOT-5750,1896.0,1394.0
bge_m3_1024d,cn_def,ROOT-57F6,1179.0,1457.0
bge_m3_1024d,cn_def,ROOT-57F7,716.0,2310.5
bge_m3_1024d,cn_def,ROOT-5807,925.5,906.3333333333334
bge_m3_1024d,cn_def,ROOT-582F,804.3571428571429,1112.5
bge_m3_1024d,cn_def,ROOT-58EB,978.75,1544.5
bge_m3_1024d,cn_def,ROOT-58EC,734.0,963.625
bge_m3_1024d,cn_def,ROOT-58F4,6.0,0.6666666666666666
bge_m3_1024d,cn_def,ROOT-58F9,1996.5,2238.0
bge_m3_1024d,cn_def,ROOT-58FD,1360.0,2546.6666666666665
bge_m3_1024d,cn_def,ROOT-5903,113.0,802.0
bge_m3_1024d,cn_def,ROOT-590F,1651.0,2385.0
bge_m3_1024d,cn_def,ROOT-5915,282.0,316.0
bge_m3_1024d,cn_def,ROOT-5917,1434.0,1585.7142857142858
bge_m3_1024d,cn_def,ROOT-591A,1096.25,1249.0
bge_m3_1024d,cn_def,ROOT-591C,1250.0,1588.0
bge_m3_1024d,cn_def,ROOT-5927,1787.0,1892.0
bge_m3_1024d,cn_def,ROOT-5929,466.6666666666667,77.0
bge_m3_1024d,cn_def,ROOT-592A,112.0,81.0
bge_m3_1024d,cn_def,ROOT-592B,2426.3333333333335,1944.0
bge_m3_1024d,cn_def,ROOT-592D,13.0,-41.25
bge_m3_1024d,cn_def,ROOT-592E,1782.0,2572.5
bge_m3_1024d,cn_def,ROOT-5932,2033.5,1806.0
bge_m3_1024d,cn_def,ROOT-5937,2497.0,1628.3333333333333
bge_m3_1024d,cn_def,ROOT-593E,1105.4444444444443,1241.7777777777778
bge_m3_1024d,cn_def,ROOT-5944,1011.0,743.4
bge_m3_1024d,cn_def,ROOT-5948,1569.0,1317.0
bge_m3_1024d,cn_def,ROOT-5949,485.0,622.3333333333334
bge_m3_1024d,cn_def,ROOT-594F,1321.5,328.0
bge_m3_1024d,cn_def,ROOT-5950,249.75,592.75
bge_m3_1024d,cn_def,ROOT-595A,1803.0,2684.5
bge_m3_1024d,cn_def,ROOT-5967,1505.5,1921.0
bge_m3_1024d,cn_def,ROOT-5973,1009.0714285714286,1419.5714285714287
bge_m3_1024d,cn_def,ROOT-59A5,1605.5,2844.0
bge_m3_1024d,cn_def,ROOT-59BB,1172.25,1975.75
bge_m3_1024d,cn_def,ROOT-59BE,330.5,964.0
bge_m3_1024d,cn_def,ROOT-5A41,2175.7,1838.2
bge_m3_1024d,cn_def,ROOT-5B50,24.333333333333332,-75.66666666666667
bge_m3_1024d,cn_def,ROOT-5B54,2867.0,3829.0
bge_m3_1024d,cn_def,ROOT-5B58,1736.0,1890.0
bge_m3_1024d,cn_def,ROOT-5B5A,1045.5,1974.25
bge_m3_1024d,cn_def,ROOT-5B5D,1293.0,1933.0
bge_m3_1024d,cn_def,ROOT-5B63,1435.0,733.0
bge_m3_1024d,cn_def,ROOT-5B68,1367.0,1137.0
bge_m3_1024d,cn_def,ROOT-5B6B,1354.5,2119.0
bge_m3_1024d,cn_def,ROOT-5B83,1633.25,615.125
bge_m3_1024d,cn_def,ROOT-5B88,581.0,604.0
bge_m3_1024d,cn_def,ROOT-5B89,1528.0,2236.25
bge_m3_1024d,cn_def,ROOT-5B97,1719.0,1651.0
bge_m3_1024d,cn_def,ROOT-5B98,1649.2857142857142,1929.0
bge_m3_1024d,cn_def,ROOT-5B9A,1954.6666666666667,2239.6666666666665
bge_m3_1024d,cn_def,ROOT-5B9C,-6.0,-1.0
bge_m3_1024d,cn_def,ROOT-5BA3,2097.5,2853.75
bge_m3_1024d,cn_def,ROOT-5BB3,2062.0,1733.0
bge_m3_1024d,cn_def,ROOT-5BB6,940.5,669.0
bge_m3_1024d,cn_def,ROOT-5BBF,1671.0,1881.0
bge_m3_1024d,cn_def,ROOT-5BC5,-89.0,-47.0
bge_m3_1024d,cn_def,ROOT-5BCD,1363.0,1668.6
bge_m3_1024d,cn_def,ROOT-5BF8,967.75,920.75
bge_m3_1024d,cn_def,ROOT-5C07,784.0,1121.4
bge_m3_1024d,cn_def,ROOT-5C08,933.8333333333334,1396.6666666666667
bge_m3_1024d,cn_def,ROOT-5C09,894.3333333333334,1087.6666666666667
bge_m3_1024d,cn_def,ROOT-5C0A,1997.25,1619.25
bge_m3_1024d,cn_def,ROOT-5C0B,882.0,3251.0
bge_m3_1024d,cn_def,ROOT-5C0D,1492.0,2809.0
bge_m3_1024d,cn_def,ROOT-5C0F,1187.7894736842106,1751.578947368421
bge_m3_1024d,cn_def,ROOT-5C17,1604.25,1354.0
bge_m3_1024d,cn_def,ROOT-5C1A,1105.6666666666667,1272.2857142857142
bge_m3_1024d,cn_def,ROOT-5C39,1046.0,1345.75
bge_m3_1024d,cn_def,ROOT-5C3E,1030.0,885.0
bge_m3_1024d,cn_def,ROOT-5C40,3051.0,2980.0
bge_m3_1024d,cn_def,ROOT-5C48,920.5,1668.0
bge_m3_1024d,cn_def,ROOT-5C4B,1742.6,2538.4
bge_m3_1024d,cn_def,ROOT-5C55,1850.5,1350.0
bge_m3_1024d,cn_def,ROOT-5C6F,958.1666666666666,1484.6666666666667
bge_m3_1024d,cn_def,ROOT-5C70,1634.0,2695.25
bge_m3_1024d,cn_def,ROOT-5C71,1276.75,1204.5
bge_m3_1024d,cn_def,ROOT-5CA1,491.5,1189.25
bge_m3_1024d,cn_def,ROOT-5CF6,1762.0,1915.0
bge_m3_1024d,cn_def,ROOT-5DDD,737.5,1106.0
bge_m3_1024d,cn_def,ROOT-5DDE,696.5,1415.5
bge_m3_1024d,cn_def,ROOT-5DDF,2135.0,4291.0
bge_m3_1024d,cn_def,ROOT-5DE2,2331.0,1039.0
bge_m3_1024d,cn_def,ROOT-5DE5,1108.7222222222222,1052.6666666666667
bge_m3_1024d,cn_def,ROOT-5DE6,465.0,771.0
bge_m3_1024d,cn_def,ROOT-5DE8,864.8571428571429,1184.4285714285713
bge_m3_1024d,cn_def,ROOT-5DEB,1340.0,1069.0
bge_m3_1024d,cn_def,ROOT-5DEE,958.0,828.5
bge_m3_1024d,cn_def,ROOT-5DF1,903.8888888888889,820.4444444444445
bge_m3_1024d,cn_def,ROOT-5DF3,343.0,852.3333333333334
bge_m3_1024d,cn_def,ROOT-5DF4,1841.5714285714287,2580.1428571428573
bge_m3_1024d,cn_def,ROOT-5DFF,906.5,788.0
bge_m3_1024d,cn_def,ROOT-5E00,2727.0,2598.0
bge_m3_1024d,cn_def,ROOT-5E0C,222.75,196.25
bge_m3_1024d,cn_def,ROOT-5E1A,738.0,474.0
bge_m3_1024d,cn_def,ROOT-5E1D,984.0,1321.0
bge_m3_1024d,cn_def,ROOT-5E2D,0.0,0.0
bge_m3_1024d,cn_def,ROOT-5E36,262.0,394.0
bge_m3_1024d,cn_def,ROOT-5E72,857.8666666666667,1464.4666666666667
bge_m3_1024d,cn_def,ROOT-5E73,780.2857142857143,663.5714285714286
bge_m3_1024d,cn_def,ROOT-5E78,-7.0,-1.0
bge_m3_1024d,cn_def,ROOT-5E79,695.0,555.0
bge_m3_1024d,cn_def,ROOT-5E7A,505.6,356.4
bge_m3_1024d,cn_def,ROOT-5E9A,1572.0,70.33333333333333
bge_m3_1024d,cn_def,ROOT-5EB6,1631.3333333333333,1837.3333333333333
bge_m3_1024d,cn_def,ROOT-5EB7,1452.5,2047.5
bge_m3_1024d,cn_def,ROOT-5EFA,1725.25,1575.25
bge_m3_1024d,cn_def,ROOT-5F01,1378.0,874.0
bge_m3_1024d,cn_def,ROOT-5F0B,1140.5454545454545,1784.3636363636363
bge_m3_1024d,cn_def,ROOT-5F0D,3095.0,2219.0
bge_m3_1024d,cn_def,ROOT-5F13,1538.5,466.5
bge_m3_1024d,cn_def,ROOT-5F15,4103.0,5379.0
bge_m3_1024d,cn_def,ROOT-5F17,631.2857142857143,870.2857142857143
bge_m3_1024d,cn_def,ROOT-5F1F,924.8888888888889,699.3333333333334
bge_m3_1024d,cn_def,ROOT-5F31,989.75,1404.5
bge_m3_1024d,cn_def,ROOT-5F56,1551.75,896.5
bge_m3_1024d,cn_def,ROOT-5F57,468.0,900.0
bge_m3_1024d,cn_def,ROOT-5F6D,534.5,616.5
bge_m3_1024d,cn_def,ROOT-5F9E,821.2,1066.8
bge_m3_1024d,cn_def,ROOT-5FB9,346.0,505.0
bge_m3_1024d,cn_def,ROOT-5FC3,2701.0,1338.0
bge_m3_1024d,cn_def,ROOT-5FC5,444.2,1008.4
bge_m3_1024d,cn_def,ROOT-601D,4794.0,4675.0
bge_m3_1024d,cn_def,ROOT-606F,3397.0,3910.0
bge_m3_1024d,cn_def,ROOT-60E0,856.0,1713.5
bge_m3_1024d,cn_def,ROOT-610F,607.0,919.75
bge_m3_1024d,cn_def,ROOT-611B,-273.0,-30.0
bge_m3_1024d,cn_def,ROOT-6208,939.0,196.0
bge_m3_1024d,cn_def,ROOT-620A,-323.0,-488.0
bge_m3_1024d,cn_def,ROOT-620D,1670.6666666666667,2254.8333333333335
bge_m3_1024d,cn_def,ROOT-620E,2661.0,2976.0
bge_m3_1024d,cn_def,ROOT-6211,2244.875,2328.0
bge_m3_1024d,cn_def,ROOT-6212,747.5,661.0
bge_m3_1024d,cn_def,ROOT-6214,1574.0,2471.0
bge_m3_1024d,cn_def,ROOT-6216,1549.3333333333333,1415.5
bge_m3_1024d,cn_def,ROOT-6236,-5.5,-278.0
bge_m3_1024d,cn_def,ROOT-6241,813.125,792.625
bge_m3_1024d,cn_def,ROOT-6247,1318.0,2068.0
bge_m3_1024d,cn_def,ROOT-624B,527.3333333333334,559.0
bge_m3_1024d,cn_def,ROOT-624D,2239.75,2701.75
bge_m3_1024d,cn_def,ROOT-6298,1168.6666666666667,1836.3333333333333
bge_m3_1024d,cn_def,ROOT-62DC,1103.0,1134.0
bge_m3_1024d,cn_def,ROOT-652F,1042.9,1851.9
bge_m3_1024d,cn_def,ROOT-6538,1564.1818181818182,2063.5454545454545
bge_m3_1024d,cn_def,ROOT-6544,2761.0,4491.0
bge_m3_1024d,cn_def,ROOT-6556,1436.0,2060.6666666666665
bge_m3_1024d,cn_def,ROOT-6562,1590.0,3049.5
bge_m3_1024d,cn_def,ROOT-6563,1902.0,1401.5
bge_m3_1024d,cn_def,ROOT-6566,314.0,-219.0
bge_m3_1024d,cn_def,ROOT-6578,1797.0,2916.0
bge_m3_1024d,cn_def,ROOT-6587,1036.7777777777778,1327.888888888889
bge_m3_1024d,cn_def,ROOT-6597,1735.5,1646.0
bge_m3_1024d,cn_def,ROOT-65A4,1629.2,1338.9333333333334
bge_m3_1024d,cn_def,ROOT-65AC,543.75,916.0
bge_m3_1024d,cn_def,ROOT-65B0,1147.0,1318.0
bge_m3_1024d,cn_def,ROOT-65B9,1087.1333333333334,1280.3333333333333
bge_m3_1024d,cn_def,ROOT-65BC,1589.75,1587.0
bge_m3_1024d,cn_def,ROOT-65C1,1269.2,1881.0
bge_m3_1024d,cn_def,ROOT-65CB,2242.0,3379.0
bge_m3_1024d,cn_def,ROOT-65CF,370.3333333333333,295.0
bge_m3_1024d,cn_def,ROOT-65E6,914.3333333333334,935.3333333333334
bge_m3_1024d,cn_def,ROOT-65E8,1617.4,1011.0
bge_m3_1024d,cn_def,ROOT-65EC,817.25,1281.875
bge_m3_1024d,cn_def,ROOT-6606,1625.0,1578.4
bge_m3_1024d,cn_def,ROOT-660C,1132.2,1476.2
bge_m3_1024d,cn_def,ROOT-660E,-1664.0,-1885.0
bge_m3_1024d,cn_def,ROOT-660F,1621.0,2150.0
bge_m3_1024d,cn_def,ROOT-6613,2083.4285714285716,2211.714285714286
bge_m3_1024d,cn_def,ROOT-6614,2317.0,2599.0
bge_m3_1024d,cn_def,ROOT-661C,-633.0,-1311.0
bge_m3_1024d,cn_def,ROOT-661F,1104.5,708.25
bge_m3_1024d,cn_def,ROOT-6625,267.0,62.0
bge_m3_1024d,cn_def,ROOT-662F,1319.0,2054.6666666666665
bge_m3_1024d,cn_def,ROOT-6631,3.0,5.0
bge_m3_1024d,cn_def,ROOT-6649,455.0,791.0
bge_m3_1024d,cn_def,ROOT-66F0,1443.0,2478.0
bge_m3_1024d,cn_def,ROOT-66F4,1230.0,2453.0
bge_m3_1024d,cn_def,ROOT-66FC,1549.2,2192.0
bge_m3_1024d,cn_def,ROOT-66FE,1673.25,1531.875
bge_m3_1024d,cn_def,ROOT-6700,1075.0,1786.0
bge_m3_1024d,cn_def,ROOT-6703,978.125,1414.0
bge_m3_1024d,cn_def,ROOT-670B,1783.8,2453.6
bge_m3_1024d,cn_def,ROOT-6715,76.0,303.5
bge_m3_1024d,cn_def,ROOT-671D,2076.3333333333335,1664.6666666666667
bge_m3_1024d,cn_def,ROOT-6728,1520.0,1369.0
bge_m3_1024d,cn_def,ROOT-672A,1921.5,1558.25
bge_m3_1024d,cn_def,ROOT-672B,2634.75,2784.25
bge_m3_1024d,cn_def,ROOT-672C,-402.0,102.0
bge_m3_1024d,cn_def,ROOT-672E,1088.6666666666667,2063.0
bge_m3_1024d,cn_def,ROOT-6731,1295.0,1556.6
bge_m3_1024d,cn_def,ROOT-6735,730.0,1304.0
bge_m3_1024d,cn_def,ROOT-6740,-4.0,-14.0
bge_m3_1024d,cn_def,ROOT-675F,319.5,418.0
bge_m3_1024d,cn_def,ROOT-6771,1400.5555555555557,1293.3333333333333
bge_m3_1024d,cn_def,ROOT-6797,1566.142857142857,1989.0
bge_m3_1024d,cn_def,ROOT-679C,403.625,336.0
bge_m3_1024d,cn_def,ROOT-67D0,1305.0,1105.0
bge_m3_1024d,cn_def,ROOT-67EC,1472.55,1917.7
bge_m3_1024d,cn_def,ROOT-6817,318.0,462.0
bge_m3_1024d,cn_def,ROOT-6840,170.0,500.5
bge_m3_1024d,cn_def,ROOT-6851,2195.0,2815.0
bge_m3_1024d,cn_def,ROOT-69AE,729.5,909.5
bge_m3_1024d,cn_def,ROOT-6A02,1298.2,2017.2
bge_m3_1024d,cn_def,ROOT-6A0A,874.0,1674.5
bge_m3_1024d,cn_def,ROOT-6B20,3405.0,2645.0
bge_m3_1024d,cn_def,ROOT-6B2E,1373.4,1363.2
bge_m3_1024d,cn_def,ROOT-6B62,1276.3333333333333,1721.6666666666667
bge_m3_1024d,cn_def,ROOT-6B63,1618.4,2206.4
bge_m3_1024d,cn_def,ROOT-6B65,-251.0,-911.0
bge_m3_1024d,cn_def,ROOT-6B66,2753.0,2985.5
bge_m3_1024d,cn_def,ROOT-6BB5,2526.0,2078.5
bge_m3_1024d,cn_def,ROOT-6BB7,304.0,306.0
bge_m3_1024d,cn_def,ROOT-6BBF,3275.0,3263.0
bge_m3_1024d,cn_def,ROOT-6BC0,8.0,7.0
bge_m3_1024d,cn_def,ROOT-6BCC,1145.0,1546.5
bge_m3_1024d,cn_def,ROOT-6BCD,227.33333333333334,129.33333333333334
bge_m3_1024d,cn_def,ROOT-6BCE,-904.0,-1716.0
bge_m3_1024d,cn_def,ROOT-6BD4,1058.6666666666667,1854.2222222222222
bge_m3_1024d,cn_def,ROOT-6BDB,2213.5,1626.0
bge_m3_1024d,cn_def,ROOT-6BF3,2180.0,1785.0
bge_m3_1024d,cn_def,ROOT-6C0F,2984.3333333333335,1946.3333333333333
bge_m3_1024d,cn_def,ROOT-6C10,1493.1,1075.6
bge_m3_1024d,cn_def,ROOT-6C11,708.0,902.6666666666666
bge_m3_1024d,cn_def,ROOT-6C14,3073.0,3978.0
bge_m3_1024d,cn_def,ROOT-6C38,974.0,1337.5
bge_m3_1024d,cn_def,ROOT-6C42,1109.2,1804.0
bge_m3_1024d,cn_def,ROOT-6C93,477.0,870.0
bge_m3_1024d,cn_def,ROOT-6C99,2119.25,1264.25
bge_m3_1024d,cn_def,ROOT-6C9B,466.0,465.0
bge_m3_1024d,cn_def,ROOT-6CC9,2427.0,2313.5
bge_m3_1024d,cn_def,ROOT-6CD5,1963.0,3419.0
bge_m3_1024d,cn_def,ROOT-6D3B,549.0,1527.0
bge_m3_1024d,cn_def,ROOT-6ED5,2063.0,2096.5
bge_m3_1024d,cn_def,ROOT-6FD5,44.0,51.0
bge_m3_1024d,cn_def,ROOT-706B,505.0,992.0
bge_m3_1024d,cn_def,ROOT-708E,1376.5,2155.8333333333335
bge_m3_1024d,cn_def,ROOT-7097,672.0909090909091,843.3636363636364
bge_m3_1024d,cn_def,ROOT-70CF,1123.0,2165.0
bge_m3_1024d,cn_def,ROOT-7109,1998.0,1737.5
bge_m3_1024d,cn_def,ROOT-7121,2098.5,2457.5
bge_m3_1024d,cn_def,ROOT-7126,1123.5,735.5
bge_m3_1024d,cn_def,ROOT-7136,1306.0,1698.5
bge_m3_1024d,cn_def,ROOT-718F,1524.5,1092.5
bge_m3_1024d,cn_def,ROOT-71D5,1232.0,1934.0
bge_m3_1024d,cn_def,ROOT-71DF,32.0,52.0
bge_m3_1024d,cn_def,ROOT-722A,75.0,117.0
bge_m3_1024d,cn_def,ROOT-722D,889.5,867.3333333333334
bge_m3_1024d,cn_def,ROOT-7230,1410.7142857142858,1517.0
bge_m3_1024d,cn_def,ROOT-7235,1534.0,753.0
bge_m3_1024d,cn_def,ROOT-7236,1000.6428571428571,966.2857142857143
bge_m3_1024d,cn_def,ROOT-723B,2404.6666666666665,1505.0
bge_m3_1024d,cn_def,ROOT-723E,199.66666666666666,990.6666666666666
bge_m3_1024d,cn_def,ROOT-723F,953.5,1283.6666666666667
bge_m3_1024d,cn_def,ROOT-7259,1117.142857142857,705.0
bge_m3_1024d,cn_def,ROOT-72AC,1628.0,1362.0
bge_m3_1024d,cn_def,ROOT-72C2,13.0,23.0
bge_m3_1024d,cn_def,ROOT-72C4,2128.0,2359.0
bge_m3_1024d,cn_def,ROOT-7312,596.0,466.0
bge_m3_1024d,cn_def,ROOT-7384,1168.3333333333333,950.0
bge_m3_1024d,cn_def,ROOT-7387,5287.0,5410.0
bge_m3_1024d,cn_def,ROOT-7389,70.0,-27.0
bge_m3_1024d,cn_def,ROOT-738B,244.5,482.0
bge_m3_1024d,cn_def,ROOT-74DC,1978.6,1417.4
bge_m3_1024d,cn_def,ROOT-7518,2355.285714285714,1601.7142857142858
bge_m3_1024d,cn_def,ROOT-751A,341.625,267.25
bge_m3_1024d,cn_def,ROOT-751F,1980.6666666666667,1304.6666666666667
bge_m3_1024d,cn_def,ROOT-7522,1279.0,1708.0
bge_m3_1024d,cn_def,ROOT-7528,1293.6875,1784.4375
bge_m3_1024d,cn_def,ROOT-752B,1122.0,1458.0
bge_m3_1024d,cn_def,ROOT-7530,1466.5,1177.0
bge_m3_1024d,cn_def,ROOT-7531,1826.3333333333333,2372.0833333333335
bge_m3_1024d,cn_def,ROOT-7532,1785.0,1962.2222222222222
bge_m3_1024d,cn_def,ROOT-7533,655.25,762.75
bge_m3_1024d,cn_def,ROOT-754F,796.0,1193.0
bge_m3_1024d,cn_def,ROOT-7550,3623.0,3703.0
bge_m3_1024d,cn_def,ROOT-755C,-342.0,-1063.0
bge_m3_1024d,cn_def,ROOT-7562,1618.0,2463.5
bge_m3_1024d,cn_def,ROOT-756B,2060.0,3686.0
bge_m3_1024d,cn_def,ROOT-7570,1285.0,2173.0
bge_m3_1024d,cn_def,ROOT-758B,802.0,392.25
bge_m3_1024d,cn_def,ROOT-7591,434.75,758.75
bge_m3_1024d,cn_def,ROOT-75BE,119.0,58.0
bge_m3_1024d,cn_def,ROOT-7678,-470.5,-116.0
bge_m3_1024d,cn_def,ROOT-7679,167.0,325.5
bge_m3_1024d,cn_def,ROOT-767D,1460.8666666666666,1317.4666666666667
bge_m3_1024d,cn_def,ROOT-7683,20.0,-552.0
bge_m3_1024d,cn_def,ROOT-7686,930.6666666666666,1607.1666666666667
bge_m3_1024d,cn_def,ROOT-7687,1773.3333333333333,2995.8333333333335
bge_m3_1024d,cn_def,ROOT-76AE,1397.2307692307693,1059.3846153846155
bge_m3_1024d,cn_def,ROOT-76BF,1805.3333333333333,1396.3333333333333
bge_m3_1024d,cn_def,ROOT-76CA,960.25,1869.5
bge_m3_1024d,cn_def,ROOT-76CD,1718.0,2803.0
bge_m3_1024d,cn_def,ROOT-76E1,1396.3333333333333,1403.0
bge_m3_1024d,cn_def,ROOT-76E3,1680.8181818181818,1980.3636363636363
bge_m3_1024d,cn_def,ROOT-76F4,1022.3333333333334,1126.3333333333333
bge_m3_1024d,cn_def,ROOT-76F8,1562.5,2432.6666666666665
bge_m3_1024d,cn_def,ROOT-76FE,1352.5,1612.0
bge_m3_1024d,cn_def,ROOT-7707,-49.5,-70.0
bge_m3_1024d,cn_def,ROOT-7709,76.0,135.0
bge_m3_1024d,cn_def,ROOT-771F,-393.0,-882.0
bge_m3_1024d,cn_def,ROOT-776A,918.0,1238.5
bge_m3_1024d,cn_def,ROOT-777F,1358.5,1915.0
bge_m3_1024d,cn_def,ROOT-77DB,823.8,856.8
bge_m3_1024d,cn_def,ROOT-77E2,1543.3333333333333,1969.1666666666667
bge_m3_1024d,cn_def,ROOT-77F3,1232.0,1512.25
bge_m3_1024d,cn_def,ROOT-793A,-155.5,-215.5
bge_m3_1024d,cn_def,ROOT-796D,943.25,924.0
bge_m3_1024d,cn_def,ROOT-79B9,4473.0,2073.0
bge_m3_1024d,cn_def,ROOT-79BA,580.5555555555555,1275.2222222222222
bge_m3_1024d,cn_def,ROOT-79BB,3520.0,4767.0
bge_m3_1024d,cn_def,ROOT-79BE,710.4545454545455,913.1818181818181
bge_m3_1024d,cn_def,ROOT-79C0,2058.0,1739.6666666666667
bge_m3_1024d,cn_def,ROOT-79CB,2428.2,2849.4
bge_m3_1024d,cn_def,ROOT-79E6,1381.0,1254.5
bge_m3_1024d,cn_def,ROOT-7ACB,1136.6666666666667,1443.0
bge_m3_1024d,cn_def,ROOT-7ADF,1233.0,2140.5
bge_m3_1024d,cn_def,ROOT-7AE0,1510.857142857143,1329.0
bge_m3_1024d,cn_def,ROOT-7AE5,746.7142857142857,893.0
bge_m3_1024d,cn_def,ROOT-7AF9,26.0,104.0
bge_m3_1024d,cn_def,ROOT-7B6E,1526.0,1521.0
bge_m3_1024d,cn_def,ROOT-7B97,-198.0,-295.0
bge_m3_1024d,cn_def,ROOT-7C73,1765.75,840.25
bge_m3_1024d,cn_def,ROOT-7CFB,173.0,963.5
bge_m3_1024d,cn_def,ROOT-7D2F,2275.0,3074.3333333333335
bge_m3_1024d,cn_def,ROOT-7DBF,2301.0,834.0
bge_m3_1024d,cn_def,ROOT-7E23,241.0,217.0
bge_m3_1024d,cn_def,ROOT-7F54,1229.0,1731.3333333333333
bge_m3_1024d,cn_def,ROOT-7F72,3528.5,2805.0
bge_m3_1024d,cn_def,ROOT-7F77,403.0,1449.0
bge_m3_1024d,cn_def,ROOT-7F85,432.3333333333333,621.6666666666666
bge_m3_1024d,cn_def,ROOT-7F8A,808.8888888888889,865.8888888888889
bge_m3_1024d,cn_def,ROOT-7F94,110.0,157.0
bge_m3_1024d,cn_def,ROOT-7FA9,1316.1666666666667,1347.3333333333333
bge_m3_1024d,cn_def,ROOT-7FBD,-1451.0,-1767.0
bge_m3_1024d,cn_def,ROOT-7FD2,1033.3333333333333,1582.3333333333333
bge_m3_1024d,cn_def,ROOT-7FDF,1454.5,1894.6666666666667
bge_m3_1024d,cn_def,ROOT-8012,546.0,514.0
bge_m3_1024d,cn_def,ROOT-8033,1442.8,1174.6
bge_m3_1024d,cn_def,ROOT-8036,1634.0,2061.5
bge_m3_1024d,cn_def,ROOT-8076,381.0,696.4
bge_m3_1024d,cn_def,ROOT-807D,1982.0,1313.0
bge_m3_1024d,cn_def,ROOT-807F,1138.142857142857,1545.857142857143
bge_m3_1024d,cn_def,ROOT-80C3,2990.5,1523.0
bge_m3_1024d,cn_def,ROOT-810A,2060.5,863.0
bge_m3_1024d,cn_def,ROOT-81E4,1604.5,1505.0
bge_m3_1024d,cn_def,ROOT-81EA,145.0,545.0
bge_m3_1024d,cn_def,ROOT-81ED,1621.0,1188.0
bge_m3_1024d,cn_def,ROOT-81F3,1261.142857142857,1580.142857142857
bge_m3_1024d,cn_def,ROOT-81FE,1235.25,2388.25
bge_m3_1024d,cn_def,ROOT-8200,1052.5,1369.25
bge_m3_1024d,cn_def,ROOT-8201,197.0,200.0
bge_m3_1024d,cn_def,ROOT-8202,110.0,52.0
bge_m3_1024d,cn_def,ROOT-8204,1229.0,1770.0
bge_m3_1024d,cn_def,ROOT-821C,2702.0,3714.0
bge_m3_1024d,cn_def,ROOT-822C,2672.3333333333335,3134.6666666666665
bge_m3_1024d,cn_def,ROOT-826E,-93.0,-214.0
bge_m3_1024d,cn_def,ROOT-826F,1715.625,2460.0
bge_m3_1024d,cn_def,ROOT-82BB,1308.5,2224.25
bge_m3_1024d,cn_def,ROOT-82D7,1941.0,2130.6666666666665
bge_m3_1024d,cn_def,ROOT-82E5,182.25,373.0
bge_m3_1024d,cn_def,ROOT-830D,416.75,793.5
bge_m3_1024d,cn_def,ROOT-8332,781.5,1128.5
bge_m3_1024d,cn_def,ROOT-83AB,1241.5333333333333,1425.4
bge_m3_1024d,cn_def,ROOT-83EF,735.0,193.0
bge_m3_1024d,cn_def,ROOT-8408,3590.0,1182.0
bge_m3_1024d,cn_def,ROOT-842C,1711.5,2185.5
bge_m3_1024d,cn_def,ROOT-8457,1143.0,1807.0
bge_m3_1024d,cn_def,ROOT-8499,1809.25,1926.25
bge_m3_1024d,cn_def,ROOT-8511,1993.0,3108.0
bge_m3_1024d,cn_def,ROOT-864D,808.0,1465.0
bge_m3_1024d,cn_def,ROOT-864E,3157.0,2398.5
bge_m3_1024d,cn_def,ROOT-8650,1893.5,1239.5
bge_m3_1024d,cn_def,ROOT-865F,-68.0,-16.0
bge_m3_1024d,cn_def,ROOT-86A4,2089.5,2133.0
bge_m3_1024d,cn_def,ROOT-8700,1498.2857142857142,1145.4285714285713
bge_m3_1024d,cn_def,ROOT-8840,1741.5,2131.0
bge_m3_1024d,cn_def,ROOT-884C,1100.0,587.0
bge_m3_1024d,cn_def,ROOT-884D,582.0,996.0
bge_m3_1024d,cn_def,ROOT-8863,785.5,1146.0
bge_m3_1024d,cn_def,ROOT-8870,2347.0,3046.0
bge_m3_1024d,cn_def,ROOT-8881,2630.0,3424.5
bge_m3_1024d,cn_def,ROOT-8944,1547.375,1805.375
bge_m3_1024d,cn_def,ROOT-897E,-297.0,-138.0
bge_m3_1024d,cn_def,ROOT-897F,435.0,-67.33333333333333
bge_m3_1024d,cn_def,ROOT-8983,1164.0,1748.5
bge_m3_1024d,cn_def,ROOT-898B,2987.2,2938.8
bge_m3_1024d,cn_def,ROOT-898F,739.0,713.0
bge_m3_1024d,cn_def,ROOT-89AA,1788.5,2993.5
bge_m3_1024d,cn_def,ROOT-89BA,120.0,225.0
bge_m3_1024d,cn_def,ROOT-89D2,269.5,-293.5
bge_m3_1024d,cn_def,ROOT-89E3,2278.0,2803.3333333333335
bge_m3_1024d,cn_def,ROOT-8A79,1120.3333333333333,1664.3333333333333
bge_m3_1024d,cn_def,ROOT-8C37,1280.4166666666667,1377.9166666666667
bge_m3_1024d,cn_def,ROOT-8C46,1431.9285714285713,1417.4285714285713
bge_m3_1024d,cn_def,ROOT-8C48,1157.3333333333333,1540.6666666666667
bge_m3_1024d,cn_def,ROOT-8C50,1324.5,2981.0
bge_m3_1024d,cn_def,ROOT-8C5A,507.0,776.0
bge_m3_1024d,cn_def,ROOT-8C61,160.5,33.0
bge_m3_1024d,cn_def,ROOT-8C6A,1818.5,2123.5
bge_m3_1024d,cn_def,ROOT-8C9D,939.3333333333334,56.666666666666664
bge_m3_1024d,cn_def,ROOT-8C9E,768.5,524.25
bge_m3_1024d,cn_def,ROOT-8CAC,1018.4,1538.2
bge_m3_1024d,cn_def,ROOT-8CB4,1119.5,1289.5
bge_m3_1024d,cn_def,ROOT-8CCF,2429.4,2184.2
bge_m3_1024d,cn_def,ROOT-8CEA,3406.0,4783.0
bge_m3_1024d,cn_def,ROOT-8D0A,1436.5,1365.0
bge_m3_1024d,cn_def,ROOT-8D1B,2288.0,3098.0
bge_m3_1024d,cn_def,ROOT-8D64,307.0,349.0
bge_m3_1024d,cn_def,ROOT-8D66,4271.0,3050.0
bge_m3_1024d,cn_def,ROOT-8D6B,1804.0,2901.0
bge_m3_1024d,cn_def,ROOT-8DB3,558.0,164.0
bge_m3_1024d,cn_def,ROOT-8ECD,579.8888888888889,1043.888888888889
bge_m3_1024d,cn_def,ROOT-8F9B,1345.6666666666667,1094.6666666666667
bge_m3_1024d,cn_def,ROOT-8F9F,1107.5833333333333,1431.8333333333333
bge_m3_1024d,cn_def,ROOT-8FB0,2032.875,2406.5
bge_m3_1024d,cn_def,ROOT-8FB1,1119.25,1513.25
bge_m3_1024d,cn_def,ROOT-8FB2,326.5,1600.0
bge_m3_1024d,cn_def,ROOT-9000,1117.0,1392.0
bge_m3_1024d,cn_def,ROOT-9023,2224.8,2454.2
bge_m3_1024d,cn_def,ROOT-9054,670.6666666666666,1629.3333333333333
bge_m3_1024d,cn_def,ROOT-9077,1034.0,1528.0
bge_m3_1024d,cn_def,ROOT-9091,1675.6666666666667,2821.3333333333335
bge_m3_1024d,cn_def,ROOT-9095,382.0,143.0
bge_m3_1024d,cn_def,ROOT-90A3,229.0,55.0
bge_m3_1024d,cn_def,ROOT-90CE,2228.0,909.0
bge_m3_1024d,cn_def,ROOT-90ED,480.0,1079.0
bge_m3_1024d,cn_def,ROOT-9109,2269.5,1229.5
bge_m3_1024d,cn_def,ROOT-912D,2579.0,2703.5
bge_m3_1024d,cn_def,ROOT-9149,951.0,540.0
bge_m3_1024d,cn_def,ROOT-914B,-171.33333333333334,-336.3333333333333
bge_m3_1024d,cn_def,ROOT-91C6,956.7142857142857,1180.642857142857
bge_m3_1024d,cn_def,ROOT-91C7,1466.0,1981.5
bge_m3_1024d,cn_def,ROOT-91CC,1996.125,1741.5
bge_m3_1024d,cn_def,ROOT-91CF,3047.0,1062.0
bge_m3_1024d,cn_def,ROOT-9577,1088.5,1779.0
bge_m3_1024d,cn_def,ROOT-9580,939.5,958.1666666666666
bge_m3_1024d,cn_def,ROOT-958F,2403.0,2656.0
bge_m3_1024d,cn_def,ROOT-9591,39.0,82.0
bge_m3_1024d,cn_def,ROOT-9592,3531.0,1759.0
bge_m3_1024d,cn_def,ROOT-95B5,2418.0,3490.0
bge_m3_1024d,cn_def,ROOT-961C,1137.0,1891.0
bge_m3_1024d,cn_def,ROOT-9673,180.0,20.0
bge_m3_1024d,cn_def,ROOT-9686,1099.0,1527.0
bge_m3_1024d,cn_def,ROOT-968B,232.5,759.0
bge_m3_1024d,cn_def,ROOT-96A8,4363.0,5286.0
bge_m3_1024d,cn_def,ROOT-96B9,1008.55,975.85
bge_m3_1024d,cn_def,ROOT-96BB,989.0,375.0
bge_m3_1024d,cn_def,ROOT-96BC,-1812.0,-1536.0
bge_m3_1024d,cn_def,ROOT-96CB,876.0,1499.0
bge_m3_1024d,cn_def,ROOT-96CD,3962.0,5067.0
bge_m3_1024d,cn_def,ROOT-96E3,1944.0,3179.5
bge_m3_1024d,cn_def,ROOT-96F7,1096.5,1634.5
bge_m3_1024d,cn_def,ROOT-9700,1832.3333333333333,2693.3333333333335
bge_m3_1024d,cn_def,ROOT-9752,854.0,539.9166666666666
bge_m3_1024d,cn_def,ROOT-975E,1235.3125,1274.5625
bge_m3_1024d,cn_def,ROOT-9762,528.5,513.5
bge_m3_1024d,cn_def,ROOT-9808,3225.0,3972.0
bge_m3_1024d,cn_def,ROOT-983B,3678.0,5352.0
bge_m3_1024d,cn_def,ROOT-985B,2631.0,2915.0
bge_m3_1024d,cn_def,ROOT-9865,1309.0,2042.0
bge_m3_1024d,cn_def,ROOT-99AC,605.0,360.6666666666667
bge_m3_1024d,cn_def,ROOT-9AD8,750.375,993.5625
bge_m3_1024d,cn_def,ROOT-9B32,2067.3333333333335,1024.6666666666667
bge_m3_1024d,cn_def,ROOT-9B3C,1193.875,687.0
bge_m3_1024d,cn_def,ROOT-9B5A,1807.6666666666667,1333.3333333333333
bge_m3_1024d,cn_def,ROOT-9BAE,4237.5,3246.5
bge_m3_1024d,cn_def,ROOT-9E75,1395.0,863.0
bge_m3_1024d,cn_def,ROOT-9E7F,1983.75,1383.5
bge_m3_1024d,cn_def,ROOT-9E97,2085.8,1505.0
bge_m3_1024d,cn_def,ROOT-9ED1,-229.0,-207.0
bge_m3_1024d,cn_def,ROOT-9EFD,3955.0,4048.0
bge_m3_1024d,cn_def,ROOT-9F13,4117.0,3269.0
bge_m3_1024d,cn_def,ROOT-9F4A,1605.5714285714287,2118.5714285714284
bge_m3_1024d,cn_def,ROOT-9F8D,1376.2727272727273,1310.4545454545455
bge_m3_1024d,cn_def,ROOT-9FA0,934.0,215.0
bge_m3_1024d,en_def_translated_cn_def,ROOT-20000,1544.84,2075.96
bge_m3_1024d,en_def_translated_cn_def,ROOT-200A2,-13.0,153.0
bge_m3_1024d,en_def_translated_cn_def,ROOT-200A4,1650.0,2163.0
bge_m3_1024d,en_def_translated_cn_def,ROOT-2053E,154.5,187.5
bge_m3_1024d,en_def_translated_cn_def,ROOT-20CCB,534.0,731.0
bge_m3_1024d,en_def_translated_cn_def,ROOT-2123C,1191.8333333333333,1624.1666666666667
bge_m3_1024d,en_def_translated_cn_def,ROOT-219CD,993.75,1406.625
bge_m3_1024d,en_def_translated_cn_def,ROOT-21C55,1602.5,2130.0
bge_m3_1024d,en_def_translated_cn_def,ROOT-22398,411.0,792.0
bge_m3_1024d,en_def_translated_cn_def,ROOT-2274A,-318.0,-373.0
bge_m3_1024d,en_def_translated_cn_def,ROOT-2304B,3361.0,2923.0
bge_m3_1024d,en_def_translated_cn_def,ROOT-23386,1815.0,2870.0
bge_m3_1024d,en_def_translated_cn_def,ROOT-233DF,1772.5,1303.0
bge_m3_1024d,en_def_translated_cn_def,ROOT-2394F,1122.357142857143,1369.0
bge_m3_1024d,en_def_translated_cn_def,ROOT-239BC,491.0,566.0
bge_m3_1024d,en_def_translated_cn_def,ROOT-25762,3538.0,4375.0
bge_m3_1024d,en_def_translated_cn_def,ROOT-26B07,3228.0,1666.0
bge_m3_1024d,en_def_translated_cn_def,ROOT-271A3,857.5833333333334,1413.1666666666667
bge_m3_1024d,en_def_translated_cn_def,ROOT-27BAB,1308.0,1141.0
bge_m3_1024d,en_def_translated_cn_def,ROOT-342D,1254.6666666666667,1878.3333333333333
bge_m3_1024d,en_def_translated_cn_def,ROOT-3431,393.0,-9.0
bge_m3_1024d,en_def_translated_cn_def,ROOT-34B8,967.25,1677.75
bge_m3_1024d,en_def_translated_cn_def,ROOT-34BC,2340.0,2650.0
bge_m3_1024d,en_def_translated_cn_def,ROOT-34DE,516.25,1028.0
bge_m3_1024d,en_def_translated_cn_def,ROOT-3563,187.33333333333334,78.77777777777777
bge_m3_1024d,en_def_translated_cn_def,ROOT-37A2,499.3333333333333,717.75
bge_m3_1024d,en_def_translated_cn_def,ROOT-382F,1551.25,2348.4375
bge_m3_1024d,en_def_translated_cn_def,ROOT-3840,-170.8,-137.2
bge_m3_1024d,en_def_translated_cn_def,ROOT-3E12,2742.0,4218.0
bge_m3_1024d,en_def_translated_cn_def,ROOT-4020,964.3333333333334,1266.0
bge_m3_1024d,en_def_translated_cn_def,ROOT-41C2,441.8,416.3
bge_m3_1024d,en_def_translated_cn_def,ROOT-470C,250.0,351.0
bge_m3_1024d,en_def_translated_cn_def,ROOT-4E00,722.5,626.5
bge_m3_1024d,en_def_translated_cn_def,ROOT-4E01,1708.3846153846155,1758.2307692307693
bge_m3_1024d,en_def_translated_cn_def,ROOT-4E02,287.0,275.0
bge_m3_1024d,en_def_translated_cn_def,ROOT-4E03,761.5,2063.5
bge_m3_1024d,en_def_translated_cn_def,ROOT-4E08,338.5,288.0
bge_m3_1024d,en_def_translated_cn_def,ROOT-4E0D,1145.25,1139.5
bge_m3_1024d,en_def_translated_cn_def,ROOT-4E0F,12.0,18.0
bge_m3_1024d,en_def_translated_cn_def,ROOT-4E11,999.6666666666666,1643.0
bge_m3_1024d,en_def_translated_cn_def,ROOT-4E14,1435.611111111111,2015.7777777777778
bge_m3_1024d,en_def_translated_cn_def,ROOT-4E16,1429.0,3708.0
bge_m3_1024d,en_def_translated_cn_def,ROOT-4E18,2180.5,1857.0
bge_m3_1024d,en_def_translated_cn_def,ROOT-4E19,928.0,1879.6666666666667
bge_m3_1024d,en_def_translated_cn_def,ROOT-4E1E,108.0,345.5
bge_m3_1024d,en_def_translated_cn_def,ROOT-4E26,-463.0,108.0
bge_m3_1024d,en_def_translated_cn_def,ROOT-4E2D,1659.1666666666667,2051.0
bge_m3_1024d,en_def_translated_cn_def,ROOT-4E30,2835.75,2779.0
bge_m3_1024d,en_def_translated_cn_def,ROOT-4E32,1422.0,2817.0
bge_m3_1024d,en_def_translated_cn_def,ROOT-4E36,1132.3333333333333,1282.3333333333333
bge_m3_1024d,en_def_translated_cn_def,ROOT-4E38,1539.0,1037.0
bge_m3_1024d,en_def_translated_cn_def,ROOT-4E3F,780.6153846153846,718.2307692307693
bge_m3_1024d,en_def_translated_cn_def,ROOT-4E42,1796.5,3027.0
bge_m3_1024d,en_def_translated_cn_def,ROOT-4E43,250.66666666666666,258.0
bge_m3_1024d,en_def_translated_cn_def,ROOT-4E45,1243.6666666666667,1175.0
bge_m3_1024d,en_def_translated_cn_def,ROOT-4E47,106.0,586.0
bge_m3_1024d,en_def_translated_cn_def,ROOT-4E4B,1342.0,3814.0
bge_m3_1024d,en_def_translated_cn_def,ROOT-4E4D,771.5454545454545,859.9090909090909
bge_m3_1024d,en_def_translated_cn_def,ROOT-4E4E,2129.0,2358.0
bge_m3_1024d,en_def_translated_cn_def,ROOT-4E4F,703.0,1255.4
bge_m3_1024d,en_def_translated_cn_def,ROOT-4E58,-304.0,-96.0
bge_m3_1024d,en_def_translated_cn_def,ROOT-4E59,497.0,415.5
bge_m3_1024d,en_def_translated_cn_def,ROOT-4E5D,1041.0,838.7142857142857
bge_m3_1024d,en_def_translated_cn_def,ROOT-4E5E,99.0,116.0
bge_m3_1024d,en_def_translated_cn_def,ROOT-4E5F,905.8333333333334,981.8333333333334
bge_m3_1024d,en_def_translated_cn_def,ROOT-4E88,410.1666666666667,838.0
bge_m3_1024d,en_def_translated_cn_def,ROOT-4E8C,621.5,846.75
bge_m3_1024d,en_def_translated_cn_def,ROOT-4E8E,693.0,578.25
bge_m3_1024d,en_def_translated_cn_def,ROOT-4E8F,1527.0,2401.0
bge_m3_1024d,en_def_translated_cn_def,ROOT-4E91,967.3333333333334,1931.6666666666667
bge_m3_1024d,en_def_translated_cn_def,ROOT-4E94,665.3333333333334,777.75
bge_m3_1024d,en_def_translated_cn_def,ROOT-4E95,126.0,126.0
bge_m3_1024d,en_def_translated_cn_def,ROOT-4E9E,1153.5,1505.0
bge_m3_1024d,en_def_translated_cn_def,ROOT-4E9F,577.0,301.0
bge_m3_1024d,en_def_translated_cn_def,ROOT-4EA1,3037.0,2015.6666666666667
bge_m3_1024d,en_def_translated_cn_def,ROOT-4EA2,638.0,831.2
bge_m3_1024d,en_def_translated_cn_def,ROOT-4EA4,1262.7333333333333,1425.3333333333333
bge_m3_1024d,en_def_translated_cn_def,ROOT-4EA5,1462.25,1839.0
bge_m3_1024d,en_def_translated_cn_def,ROOT-4EAC,994.375,996.0
bge_m3_1024d,en_def_translated_cn_def,ROOT-4EAE,107.0,81.0
bge_m3_1024d,en_def_translated_cn_def,ROOT-4EBA,396.0,1240.6666666666667
bge_m3_1024d,en_def_translated_cn_def,ROOT-4EC1,675.0,691.0
bge_m3_1024d,en_def_translated_cn_def,ROOT-4EC4,1506.0,2256.0
bge_m3_1024d,en_def_translated_cn_def,ROOT-4ECA,1210.7777777777778,1593.1666666666667
bge_m3_1024d,en_def_translated_cn_def,ROOT-4ECB,1966.3333333333333,3054.6666666666665
bge_m3_1024d,en_def_translated_cn_def,ROOT-4EE4,1346.3333333333333,1190.6
bge_m3_1024d,en_def_translated_cn_def,ROOT-4EE5,-175.0,202.5
bge_m3_1024d,en_def_translated_cn_def,ROOT-4F0F,1322.5,2238.5
bge_m3_1024d,en_def_translated_cn_def,ROOT-4F10,1400.5,2319.0
bge_m3_1024d,en_def_translated_cn_def,ROOT-4F59,902.4,1497.3
bge_m3_1024d,en_def_translated_cn_def,ROOT-4F86,1545.6666666666667,1370.3333333333333
bge_m3_1024d,en_def_translated_cn_def,ROOT-4F8C,1162.0,961.0
bge_m3_1024d,en_def_translated_cn_def,ROOT-4F96,1259.7142857142858,1969.2857142857142
bge_m3_1024d,en_def_translated_cn_def,ROOT-4FAF,372.0,194.0
bge_m3_1024d,en_def_translated_cn_def,ROOT-4FDD,1617.6666666666667,1675.3333333333333
bge_m3_1024d,en_def_translated_cn_def,ROOT-5009,1276.8,1370.8
bge_m3_1024d,en_def_translated_cn_def,ROOT-501D,2192.0,2723.0
bge_m3_1024d,en_def_translated_cn_def,ROOT-50C9,490.54545454545456,927.8181818181819
bge_m3_1024d,en_def_translated_cn_def,ROOT-5140,818.6666666666666,792.0
bge_m3_1024d,en_def_translated_cn_def,ROOT-5143,1017.6,998.2
bge_m3_1024d,en_def_translated_cn_def,ROOT-5144,-46.0,-408.0
bge_m3_1024d,en_def_translated_cn_def,ROOT-5145,563.0,1116.0
bge_m3_1024d,en_def_translated_cn_def,ROOT-5146,1245.1,1235.1
bge_m3_1024d,en_def_translated_cn_def,ROOT-5148,1949.0,2452.5
bge_m3_1024d,en_def_translated_cn_def,ROOT-5149,208.75,256.5
bge_m3_1024d,en_def_translated_cn_def,ROOT-514B,-561.0,-673.0
bge_m3_1024d,en_def_translated_cn_def,ROOT-514D,186.16666666666666,461.1666666666667
bge_m3_1024d,en_def_translated_cn_def,ROOT-5152,789.0,1608.6666666666667
bge_m3_1024d,en_def_translated_cn_def,ROOT-5154,1179.0,409.0
bge_m3_1024d,en_def_translated_cn_def,ROOT-5165,1200.4,1309.2
bge_m3_1024d,en_def_translated_cn_def,ROOT-5168,1317.0,1599.0
bge_m3_1024d,en_def_translated_cn_def,ROOT-5169,1131.0,782.0
bge_m3_1024d,en_def_translated_cn_def,ROOT-516A,766.0,1669.0
bge_m3_1024d,en_def_translated_cn_def,ROOT-516B,253.0,-849.5
bge_m3_1024d,en_def_translated_cn_def,ROOT-516C,1092.125,991.25
bge_m3_1024d,en_def_translated_cn_def,ROOT-5171,495.8333333333333,643.6666666666666
bge_m3_1024d,en_def_translated_cn_def,ROOT-5176,865.7692307692307,896.3076923076923
bge_m3_1024d,en_def_translated_cn_def,ROOT-5177,2151.0,4867.0
bge_m3_1024d,en_def_translated_cn_def,ROOT-5178,-205.0,-1081.0
bge_m3_1024d,en_def_translated_cn_def,ROOT-517C,1474.1,2013.1
bge_m3_1024d,en_def_translated_cn_def,ROOT-5180,2165.0,1823.0
bge_m3_1024d,en_def_translated_cn_def,ROOT-5183,1102.0,1610.75
bge_m3_1024d,en_def_translated_cn_def,ROOT-5189,1097.0,1323.0
bge_m3_1024d,en_def_translated_cn_def,ROOT-518A,2369.0,1980.5
bge_m3_1024d,en_def_translated_cn_def,ROOT-518E,913.0,724.6666666666666
bge_m3_1024d,en_def_translated_cn_def,ROOT-51A2,-1.0,-13.0
bge_m3_1024d,en_def_translated_cn_def,ROOT-51A5,935.0,1186.0
bge_m3_1024d,en_def_translated_cn_def,ROOT-51AB,677.0,1665.0
bge_m3_1024d,en_def_translated_cn_def,ROOT-51E0,1552.0,640.8
bge_m3_1024d,en_def_translated_cn_def,ROOT-51E1,1225.7777777777778,1595.111111111111
bge_m3_1024d,en_def_translated_cn_def,ROOT-51F6,2487.5,2335.0
bge_m3_1024d,en_def_translated_cn_def,ROOT-51FA,-289.75,-249.0
bge_m3_1024d,en_def_translated_cn_def,ROOT-51FD,0.0,0.0
bge_m3_1024d,en_def_translated_cn_def,ROOT-5200,1280.6666666666667,1305.6
bge_m3_1024d,en_def_translated_cn_def,ROOT-5203,1146.4,1033.6
bge_m3_1024d,en_def_translated_cn_def,ROOT-5206,900.3125,1078.125
bge_m3_1024d,en_def_translated_cn_def,ROOT-5211,1336.0,1618.5
bge_m3_1024d,en_def_translated_cn_def,ROOT-5217,397.0,506.0
bge_m3_1024d,en_def_translated_cn_def,ROOT-5225,-330.0,-763.0
bge_m3_1024d,en_def_translated_cn_def,ROOT-5229,1926.0,2434.0
bge_m3_1024d,en_def_translated_cn_def,ROOT-5236,557.0,1425.0
bge_m3_1024d,en_def_translated_cn_def,ROOT-5247,637.6,984.2
bge_m3_1024d,en_def_translated_cn_def,ROOT-529B,1240.3333333333333,1521.6
bge_m3_1024d,en_def_translated_cn_def,ROOT-52DE,1596.0,1972.5
bge_m3_1024d,en_def_translated_cn_def,ROOT-52F9,818.2,1019.3
bge_m3_1024d,en_def_translated_cn_def,ROOT-52FA,1140.1,1248.9
bge_m3_1024d,en_def_translated_cn_def,ROOT-52FB,1126.3333333333333,1537.0
bge_m3_1024d,en_def_translated_cn_def,ROOT-52FF,1223.5,650.0
bge_m3_1024d,en_def_translated_cn_def,ROOT-5303,1495.8,1359.4666666666667
bge_m3_1024d,en_def_translated_cn_def,ROOT-5305,1814.3076923076924,1614.6923076923076
bge_m3_1024d,en_def_translated_cn_def,ROOT-5315,1204.391304347826,1406.2608695652175
bge_m3_1024d,en_def_translated_cn_def,ROOT-5317,1340.0,1743.0
bge_m3_1024d,en_def_translated_cn_def,ROOT-5321,1400.5,3312.5
bge_m3_1024d,en_def_translated_cn_def,ROOT-5340,1522.4166666666667,1958.3333333333333
bge_m3_1024d,en_def_translated_cn_def,ROOT-5341,727.0,572.6666666666666
bge_m3_1024d,en_def_translated_cn_def,ROOT-5347,384.0,811.0
bge_m3_1024d,en_def_translated_cn_def,ROOT-5348,1235.5,2134.0
bge_m3_1024d,en_def_translated_cn_def,ROOT-5349,904.0,1097.5
bge_m3_1024d,en_def_translated_cn_def,ROOT-534A,272.42857142857144,467.85714285714283
bge_m3_1024d,en_def_translated_cn_def,ROOT-5351,1140.090909090909,1480.2727272727273
bge_m3_1024d,en_def_translated_cn_def,ROOT-5352,782.5,852.1666666666666
bge_m3_1024d,en_def_translated_cn_def,ROOT-5353,508.8,897.8
bge_m3_1024d,en_def_translated_cn_def,ROOT-5357,1730.3333333333333,1438.0
bge_m3_1024d,en_def_translated_cn_def,ROOT-535C,689.0,662.5
bge_m3_1024d,en_def_translated_cn_def,ROOT-5360,757.6153846153846,985.0769230769231
bge_m3_1024d,en_def_translated_cn_def,ROOT-5371,1222.3333333333333,1105.3333333333333
bge_m3_1024d,en_def_translated_cn_def,ROOT-5373,149.5,385.0
bge_m3_1024d,en_def_translated_cn_def,ROOT-5377,637.3333333333334,663.3333333333334
bge_m3_1024d,en_def_translated_cn_def,ROOT-5378,407.6666666666667,380.3333333333333
bge_m3_1024d,en_def_translated_cn_def,ROOT-5384,959.0,2220.6666666666665
bge_m3_1024d,en_def_translated_cn_def,ROOT-539F,622.25,468.0
bge_m3_1024d,en_def_translated_cn_def,ROOT-53B6,403.72727272727275,608.0
bge_m3_1024d,en_def_translated_cn_def,ROOT-53BB,1760.6666666666667,2433.3333333333335
bge_m3_1024d,en_def_translated_cn_def,ROOT-53C3,1482.3333333333333,1640.8333333333333
bge_m3_1024d,en_def_translated_cn_def,ROOT-53C8,1027.9333333333334,972.5333333333333
bge_m3_1024d,en_def_translated_cn_def,ROOT-53C9,801.5,1243.0
bge_m3_1024d,en_def_translated_cn_def,ROOT-53CA,1032.7142857142858,1591.7142857142858
bge_m3_1024d,en_def_translated_cn_def,ROOT-53CD,1384.0,1873.2
bge_m3_1024d,en_def_translated_cn_def,ROOT-53D6,234.66666666666666,395.6666666666667
bge_m3_1024d,en_def_translated_cn_def,ROOT-53D7,772.0,1500.0
bge_m3_1024d,en_def_translated_cn_def,ROOT-53E3,1299.0,952.0
bge_m3_1024d,en_def_translated_cn_def,ROOT-53E4,1120.8076923076924,1476.8076923076924
bge_m3_1024d,en_def_translated_cn_def,ROOT-53EA,956.0,3690.0
bge_m3_1024d,en_def_translated_cn_def,ROOT-53F2,1842.0,763.0
bge_m3_1024d,en_def_translated_cn_def,ROOT-53F8,418.75,405.5
bge_m3_1024d,en_def_translated_cn_def,ROOT-5404,1219.9259259259259,1451.0
bge_m3_1024d,en_def_translated_cn_def,ROOT-5408,472.61538461538464,450.3076923076923
bge_m3_1024d,en_def_translated_cn_def,ROOT-5409,813.6666666666666,885.5555555555555
bge_m3_1024d,en_def_translated_cn_def,ROOT-540C,1537.6666666666667,1612.3333333333333
bge_m3_1024d,en_def_translated_cn_def,ROOT-540D,1411.0,853.6666666666666
bge_m3_1024d,en_def_translated_cn_def,ROOT-540E,1033.0,1263.6666666666667
bge_m3_1024d,en_def_translated_cn_def,ROOT-5411,933.0,1586.0
bge_m3_1024d,en_def_translated_cn_def,ROOT-5433,1345.6666666666667,1110.3333333333333
bge_m3_1024d,en_def_translated_cn_def,ROOT-5442,1181.75,1360.5
bge_m3_1024d,en_def_translated_cn_def,ROOT-544A,675.0,1114.125
bge_m3_1024d,en_def_translated_cn_def,ROOT-5468,1601.1538461538462,1841.923076923077
bge_m3_1024d,en_def_translated_cn_def,ROOT-548E,1508.0,1847.0
bge_m3_1024d,en_def_translated_cn_def,ROOT-54B8,346.85714285714283,297.2857142857143
bge_m3_1024d,en_def_translated_cn_def,ROOT-54E1,1147.4,1232.4
bge_m3_1024d,en_def_translated_cn_def,ROOT-54E5,-1220.0,-1001.0
bge_m3_1024d,en_def_translated_cn_def,ROOT-5584,505.6666666666667,850.6666666666666
bge_m3_1024d,en_def_translated_cn_def,ROOT-55AE,1189.9,1698.8
bge_m3_1024d,en_def_translated_cn_def,ROOT-55C7,1371.0,2126.6666666666665
bge_m3_1024d,en_def_translated_cn_def,ROOT-56B4,316.0,312.5
bge_m3_1024d,en_def_translated_cn_def,ROOT-56D7,975.6666666666666,1060.111111111111
bge_m3_1024d,en_def_translated_cn_def,ROOT-56DA,1022.0,998.0
bge_m3_1024d,en_def_translated_cn_def,ROOT-56DB,1463.5,1126.0
bge_m3_1024d,en_def_translated_cn_def,ROOT-56DE,2186.5,2661.75
bge_m3_1024d,en_def_translated_cn_def,ROOT-56E0,810.25,917.25
bge_m3_1024d,en_def_translated_cn_def,ROOT-56F0,794.0,1874.0
bge_m3_1024d,en_def_translated_cn_def,ROOT-56F7,1279.0,1178.0
bge_m3_1024d,en_def_translated_cn_def,ROOT-56FA,998.8,968.0
bge_m3_1024d,en_def_translated_cn_def,ROOT-571F,1962.75,1994.5
bge_m3_1024d,en_def_translated_cn_def,ROOT-572D,1339.7142857142858,1272.2857142857142
bge_m3_1024d,en_def_translated_cn_def,ROOT-5750,1181.6666666666667,1262.3333333333333
bge_m3_1024d,en_def_translated_cn_def,ROOT-57F6,989.0,1032.0
bge_m3_1024d,en_def_translated_cn_def,ROOT-57F7,840.5,2349.0
bge_m3_1024d,en_def_translated_cn_def,ROOT-5807,620.8333333333334,684.0
bge_m3_1024d,en_def_translated_cn_def,ROOT-582F,570.7857142857143,719.6428571428571
bge_m3_1024d,en_def_translated_cn_def,ROOT-58EB,995.25,1671.0
bge_m3_1024d,en_def_translated_cn_def,ROOT-58EC,802.75,672.75
bge_m3_1024d,en_def_translated_cn_def,ROOT-58F4,-18.333333333333332,-8.666666666666666
bge_m3_1024d,en_def_translated_cn_def,ROOT-58F9,2370.0,3558.5
bge_m3_1024d,en_def_translated_cn_def,ROOT-58FD,1587.6666666666667,2255.3333333333335
bge_m3_1024d,en_def_translated_cn_def,ROOT-5903,111.0,677.0
bge_m3_1024d,en_def_translated_cn_def,ROOT-590F,1552.0,1644.0
bge_m3_1024d,en_def_translated_cn_def,ROOT-5915,145.0,113.0
bge_m3_1024d,en_def_translated_cn_def,ROOT-5917,1421.4285714285713,1669.142857142857
bge_m3_1024d,en_def_translated_cn_def,ROOT-591A,667.25,661.5
bge_m3_1024d,en_def_translated_cn_def,ROOT-591C,1199.0,2498.3333333333335
bge_m3_1024d,en_def_translated_cn_def,ROOT-5927,1736.0,1791.0
bge_m3_1024d,en_def_translated_cn_def,ROOT-5929,554.6666666666666,304.6666666666667
bge_m3_1024d,en_def_translated_cn_def,ROOT-592A,-79.0,66.0
bge_m3_1024d,en_def_translated_cn_def,ROOT-592B,2818.3333333333335,2337.3333333333335
bge_m3_1024d,en_def_translated_cn_def,ROOT-592D,-33.25,-40.5
bge_m3_1024d,en_def_translated_cn_def,ROOT-592E,1602.6,2096.1
bge_m3_1024d,en_def_translated_cn_def,ROOT-5932,1091.5,1394.0
bge_m3_1024d,en_def_translated_cn_def,ROOT-5937,2097.3333333333335,1593.3333333333333
bge_m3_1024d,en_def_translated_cn_def,ROOT-593E,901.7777777777778,1210.6666666666667
bge_m3_1024d,en_def_translated_cn_def,ROOT-5944,530.6,581.6
bge_m3_1024d,en_def_translated_cn_def,ROOT-5948,1580.0,2390.0
bge_m3_1024d,en_def_translated_cn_def,ROOT-5949,246.66666666666666,444.6666666666667
bge_m3_1024d,en_def_translated_cn_def,ROOT-594F,1077.5,177.5
bge_m3_1024d,en_def_translated_cn_def,ROOT-5950,585.0,1077.25
bge_m3_1024d,en_def_translated_cn_def,ROOT-595A,1738.5,3148.0
bge_m3_1024d,en_def_translated_cn_def,ROOT-5967,776.0,1429.5
bge_m3_1024d,en_def_translated_cn_def,ROOT-5973,1024.0714285714287,1293.5714285714287
bge_m3_1024d,en_def_translated_cn_def,ROOT-59A5,1505.5,2932.0
bge_m3_1024d,en_def_translated_cn_def,ROOT-59BB,731.75,1072.5
bge_m3_1024d,en_def_translated_cn_def,ROOT-59BE,60.0,1051.0
bge_m3_1024d,en_def_translated_cn_def,ROOT-5A41,1749.7,1552.6
bge_m3_1024d,en_def_translated_cn_def,ROOT-5B50,367.6666666666667,23.666666666666668
bge_m3_1024d,en_def_translated_cn_def,ROOT-5B54,1916.0,2947.0
bge_m3_1024d,en_def_translated_cn_def,ROOT-5B58,287.0,86.0
bge_m3_1024d,en_def_translated_cn_def,ROOT-5B5A,891.0,1249.25
bge_m3_1024d,en_def_translated_cn_def,ROOT-5B5D,884.5,1209.0
bge_m3_1024d,en_def_translated_cn_def,ROOT-5B63,704.0,802.0
bge_m3_1024d,en_def_translated_cn_def,ROOT-5B68,854.0,1164.0
bge_m3_1024d,en_def_translated_cn_def,ROOT-5B6B,1342.5,2467.5
bge_m3_1024d,en_def_translated_cn_def,ROOT-5B83,1316.125,642.875
bge_m3_1024d,en_def_translated_cn_def,ROOT-5B88,74.0,40.0
bge_m3_1024d,en_def_translated_cn_def,ROOT-5B89,1319.5,1576.5
bge_m3_1024d,en_def_translated_cn_def,ROOT-5B97,1413.3333333333333,1626.1666666666667
bge_m3_1024d,en_def_translated_cn_def,ROOT-5B98,1385.4285714285713,1837.857142857143
bge_m3_1024d,en_def_translated_cn_def,ROOT-5B9A,2026.0,3090.0
bge_m3_1024d,en_def_translated_cn_def,ROOT-5B9C,-57.0,-256.0
bge_m3_1024d,en_def_translated_cn_def,ROOT-5BA3,1854.0,2385.25
bge_m3_1024d,en_def_translated_cn_def,ROOT-5BB3,1193.3333333333333,1063.0
bge_m3_1024d,en_def_translated_cn_def,ROOT-5BB6,1400.5,911.5
bge_m3_1024d,en_def_translated_cn_def,ROOT-5BBF,863.5,1595.5
bge_m3_1024d,en_def_translated_cn_def,ROOT-5BC5,-540.0,-89.0
bge_m3_1024d,en_def_translated_cn_def,ROOT-5BCD,1438.4,1538.0
bge_m3_1024d,en_def_translated_cn_def,ROOT-5BF8,495.25,696.0
bge_m3_1024d,en_def_translated_cn_def,ROOT-5C07,493.4,974.2
bge_m3_1024d,en_def_translated_cn_def,ROOT-5C08,549.1666666666666,819.3333333333334
bge_m3_1024d,en_def_translated_cn_def,ROOT-5C09,1014.3333333333334,922.0
bge_m3_1024d,en_def_translated_cn_def,ROOT-5C0A,1458.25,1388.75
bge_m3_1024d,en_def_translated_cn_def,ROOT-5C0B,-59.0,662.0
bge_m3_1024d,en_def_translated_cn_def,ROOT-5C0D,1415.0,2242.0
bge_m3_1024d,en_def_translated_cn_def,ROOT-5C0F,1219.0526315789473,2000.421052631579
bge_m3_1024d,en_def_translated_cn_def,ROOT-5C17,1435.625,1604.0
bge_m3_1024d,en_def_translated_cn_def,ROOT-5C1A,951.6190476190476,1404.7619047619048
bge_m3_1024d,en_def_translated_cn_def,ROOT-5C39,879.25,1102.75
bge_m3_1024d,en_def_translated_cn_def,ROOT-5C3E,1112.0,540.0
bge_m3_1024d,en_def_translated_cn_def,ROOT-5C40,2251.0,1916.0
bge_m3_1024d,en_def_translated_cn_def,ROOT-5C48,593.5,814.0
bge_m3_1024d,en_def_translated_cn_def,ROOT-5C4B,839.2,1730.2
bge_m3_1024d,en_def_translated_cn_def,ROOT-5C55,1742.5,1783.5
bge_m3_1024d,en_def_translated_cn_def,ROOT-5C6F,1015.1666666666666,1187.0
bge_m3_1024d,en_def_translated_cn_def,ROOT-5C70,1468.25,1633.25
bge_m3_1024d,en_def_translated_cn_def,ROOT-5C71,1240.0,1547.25
bge_m3_1024d,en_def_translated_cn_def,ROOT-5CA1,458.25,341.5
bge_m3_1024d,en_def_translated_cn_def,ROOT-5CF6,1606.0,2278.0
bge_m3_1024d,en_def_translated_cn_def,ROOT-5DDD,299.5,602.75
bge_m3_1024d,en_def_translated_cn_def,ROOT-5DDE,379.0,736.5
bge_m3_1024d,en_def_translated_cn_def,ROOT-5DDF,599.0,2002.0
bge_m3_1024d,en_def_translated_cn_def,ROOT-5DE2,1114.0,1058.0
bge_m3_1024d,en_def_translated_cn_def,ROOT-5DE5,990.1111111111111,946.5
bge_m3_1024d,en_def_translated_cn_def,ROOT-5DE6,415.0,392.0
bge_m3_1024d,en_def_translated_cn_def,ROOT-5DE8,476.85714285714283,1045.857142857143
bge_m3_1024d,en_def_translated_cn_def,ROOT-5DEB,813.0,1146.0
bge_m3_1024d,en_def_translated_cn_def,ROOT-5DEE,73.5,-354.0
bge_m3_1024d,en_def_translated_cn_def,ROOT-5DF1,743.5555555555555,1425.2222222222222
bge_m3_1024d,en_def_translated_cn_def,ROOT-5DF3,970.6666666666666,1319.0
bge_m3_1024d,en_def_translated_cn_def,ROOT-5DF4,1561.0,2325.1428571428573
bge_m3_1024d,en_def_translated_cn_def,ROOT-5DFF,1251.0,1057.5
bge_m3_1024d,en_def_translated_cn_def,ROOT-5E00,3227.5,2875.5
bge_m3_1024d,en_def_translated_cn_def,ROOT-5E0C,-17.25,136.25
bge_m3_1024d,en_def_translated_cn_def,ROOT-5E1A,798.5,469.5
bge_m3_1024d,en_def_translated_cn_def,ROOT-5E1D,446.6666666666667,784.5
bge_m3_1024d,en_def_translated_cn_def,ROOT-5E2D,0.0,0.0
bge_m3_1024d,en_def_translated_cn_def,ROOT-5E36,680.0,435.0
bge_m3_1024d,en_def_translated_cn_def,ROOT-5E72,805.3333333333334,1161.8666666666666
bge_m3_1024d,en_def_translated_cn_def,ROOT-5E73,449.7142857142857,349.0
bge_m3_1024d,en_def_translated_cn_def,ROOT-5E78,0.0,0.0
bge_m3_1024d,en_def_translated_cn_def,ROOT-5E79,318.0,645.0
bge_m3_1024d,en_def_translated_cn_def,ROOT-5E7A,531.8,724.6
bge_m3_1024d,en_def_translated_cn_def,ROOT-5E9A,1645.6666666666667,211.0
bge_m3_1024d,en_def_translated_cn_def,ROOT-5EB6,1970.3333333333333,2367.1666666666665
bge_m3_1024d,en_def_translated_cn_def,ROOT-5EB7,865.5,1510.5
bge_m3_1024d,en_def_translated_cn_def,ROOT-5EFA,1645.75,1388.0
bge_m3_1024d,en_def_translated_cn_def,ROOT-5F01,911.0,470.0
bge_m3_1024d,en_def_translated_cn_def,ROOT-5F0B,983.0909090909091,1454.6363636363637
bge_m3_1024d,en_def_translated_cn_def,ROOT-5F0D,2245.0,2003.0
bge_m3_1024d,en_def_translated_cn_def,ROOT-5F13,532.0,1112.5
bge_m3_1024d,en_def_translated_cn_def,ROOT-5F15,4717.0,5139.0
bge_m3_1024d,en_def_translated_cn_def,ROOT-5F17,548.4285714285714,994.4285714285714
bge_m3_1024d,en_def_translated_cn_def,ROOT-5F1F,745.2222222222222,741.5555555555555
bge_m3_1024d,en_def_translated_cn_def,ROOT-5F31,384.25,778.5
bge_m3_1024d,en_def_translated_cn_def,ROOT-5F56,879.5,340.25
bge_m3_1024d,en_def_translated_cn_def,ROOT-5F57,382.0,1259.0
bge_m3_1024d,en_def_translated_cn_def,ROOT-5F6D,613.5,892.0
bge_m3_1024d,en_def_translated_cn_def,ROOT-5F9E,1295.2,1812.0
bge_m3_1024d,en_def_translated_cn_def,ROOT-5FB9,532.0,271.0
bge_m3_1024d,en_def_translated_cn_def,ROOT-5FC3,1593.5,433.5
bge_m3_1024d,en_def_translated_cn_def,ROOT-5FC5,309.0,537.0
bge_m3_1024d,en_def_translated_cn_def,ROOT-601D,4114.0,5407.0
bge_m3_1024d,en_def_translated_cn_def,ROOT-606F,3343.0,3648.0
bge_m3_1024d,en_def_translated_cn_def,ROOT-60E0,609.5,1874.5
bge_m3_1024d,en_def_translated_cn_def,ROOT-610F,669.75,1027.0
bge_m3_1024d,en_def_translated_cn_def,ROOT-611B,331.0,292.0
bge_m3_1024d,en_def_translated_cn_def,ROOT-6208,866.0,649.0
bge_m3_1024d,en_def_translated_cn_def,ROOT-620A,-171.0,-379.0
bge_m3_1024d,en_def_translated_cn_def,ROOT-620D,1269.6666666666667,1757.0
bge_m3_1024d,en_def_translated_cn_def,ROOT-620E,1868.0,3720.0
bge_m3_1024d,en_def_translated_cn_def,ROOT-6211,1512.75,2222.625
bge_m3_1024d,en_def_translated_cn_def,ROOT-6212,76.0,410.0
bge_m3_1024d,en_def_translated_cn_def,ROOT-6214,2798.0,3381.0
bge_m3_1024d,en_def_translated_cn_def,ROOT-6216,676.8333333333334,706.0
bge_m3_1024d,en_def_translated_cn_def,ROOT-6236,49.5,-356.5
bge_m3_1024d,en_def_translated_cn_def,ROOT-6241,386.375,528.5
bge_m3_1024d,en_def_translated_cn_def,ROOT-6247,242.0,213.0
bge_m3_1024d,en_def_translated_cn_def,ROOT-624B,487.8333333333333,957.1666666666666
bge_m3_1024d,en_def_translated_cn_def,ROOT-624D,1511.75,1852.0
bge_m3_1024d,en_def_translated_cn_def,ROOT-6298,1204.0,1994.0
bge_m3_1024d,en_def_translated_cn_def,ROOT-62DC,1529.0,1634.0
bge_m3_1024d,en_def_translated_cn_def,ROOT-652F,745.2,1063.0
bge_m3_1024d,en_def_translated_cn_def,ROOT-6538,1304.0,1611.6363636363637
bge_m3_1024d,en_def_translated_cn_def,ROOT-6544,1989.0,4702.0
bge_m3_1024d,en_def_translated_cn_def,ROOT-6556,1129.6666666666667,2068.6666666666665
bge_m3_1024d,en_def_translated_cn_def,ROOT-6562,1247.5,2216.0
bge_m3_1024d,en_def_translated_cn_def,ROOT-6563,2175.0,760.0
bge_m3_1024d,en_def_translated_cn_def,ROOT-6566,-233.0,-799.0
bge_m3_1024d,en_def_translated_cn_def,ROOT-6578,1412.0,3134.0
bge_m3_1024d,en_def_translated_cn_def,ROOT-6587,608.5555555555555,508.6666666666667
bge_m3_1024d,en_def_translated_cn_def,ROOT-6597,1622.0,1955.0
bge_m3_1024d,en_def_translated_cn_def,ROOT-65A4,1494.5333333333333,1316.6
bge_m3_1024d,en_def_translated_cn_def,ROOT-65AC,671.75,1093.75
bge_m3_1024d,en_def_translated_cn_def,ROOT-65B0,821.0,616.0
bge_m3_1024d,en_def_translated_cn_def,ROOT-65B9,845.4,967.9333333333333
bge_m3_1024d,en_def_translated_cn_def,ROOT-65BC,2342.5,2360.0
bge_m3_1024d,en_def_translated_cn_def,ROOT-65C1,1007.6,1556.2
bge_m3_1024d,en_def_translated_cn_def,ROOT-65CB,1504.0,2550.0
bge_m3_1024d,en_def_translated_cn_def,ROOT-65CF,329.3333333333333,590.3333333333334
bge_m3_1024d,en_def_translated_cn_def,ROOT-65E6,586.0,784.8333333333334
bge_m3_1024d,en_def_translated_cn_def,ROOT-65E8,1439.0,1356.0
bge_m3_1024d,en_def_translated_cn_def,ROOT-65EC,695.375,1065.5
bge_m3_1024d,en_def_translated_cn_def,ROOT-6606,1570.4,2150.4
bge_m3_1024d,en_def_translated_cn_def,ROOT-660C,874.8,1142.4
bge_m3_1024d,en_def_translated_cn_def,ROOT-660E,-2247.0,-1391.0
bge_m3_1024d,en_def_translated_cn_def,ROOT-660F,1333.0,1576.0
bge_m3_1024d,en_def_translated_cn_def,ROOT-6613,2126.0,1493.5714285714287
bge_m3_1024d,en_def_translated_cn_def,ROOT-6614,1982.5,2316.5
bge_m3_1024d,en_def_translated_cn_def,ROOT-661C,-412.0,-426.0
bge_m3_1024d,en_def_translated_cn_def,ROOT-661F,1418.25,956.0
bge_m3_1024d,en_def_translated_cn_def,ROOT-6625,1004.0,136.0
bge_m3_1024d,en_def_translated_cn_def,ROOT-662F,1493.3333333333333,1973.1666666666667
bge_m3_1024d,en_def_translated_cn_def,ROOT-6631,-1.0,-1.0
bge_m3_1024d,en_def_translated_cn_def,ROOT-6649,858.0,489.0
bge_m3_1024d,en_def_translated_cn_def,ROOT-66F0,393.0,719.0
bge_m3_1024d,en_def_translated_cn_def,ROOT-66F4,1138.0,2294.0
bge_m3_1024d,en_def_translated_cn_def,ROOT-66FC,1311.4,1842.4
bge_m3_1024d,en_def_translated_cn_def,ROOT-66FE,1555.875,1706.5
bge_m3_1024d,en_def_translated_cn_def,ROOT-6700,653.0,842.0
bge_m3_1024d,en_def_translated_cn_def,ROOT-6703,1505.375,1520.25
bge_m3_1024d,en_def_translated_cn_def,ROOT-670B,982.6,1772.6
bge_m3_1024d,en_def_translated_cn_def,ROOT-6715,-377.5,193.5
bge_m3_1024d,en_def_translated_cn_def,ROOT-671D,1579.0,1463.6666666666667
bge_m3_1024d,en_def_translated_cn_def,ROOT-6728,1142.0,865.0
bge_m3_1024d,en_def_translated_cn_def,ROOT-672A,2108.25,1861.0
bge_m3_1024d,en_def_translated_cn_def,ROOT-672B,2022.0,2111.75
bge_m3_1024d,en_def_translated_cn_def,ROOT-672C,-172.0,425.0
bge_m3_1024d,en_def_translated_cn_def,ROOT-672E,300.6666666666667,1469.3333333333333
bge_m3_1024d,en_def_translated_cn_def,ROOT-6731,942.8,1322.9
bge_m3_1024d,en_def_translated_cn_def,ROOT-6735,248.0,488.0
bge_m3_1024d,en_def_translated_cn_def,ROOT-6740,-342.0,-571.0
bge_m3_1024d,en_def_translated_cn_def,ROOT-675F,679.25,1744.0
bge_m3_1024d,en_def_translated_cn_def,ROOT-6771,1470.3333333333333,1289.7777777777778
bge_m3_1024d,en_def_translated_cn_def,ROOT-6797,1153.0,1280.857142857143
bge_m3_1024d,en_def_translated_cn_def,ROOT-679C,826.0,798.25
bge_m3_1024d,en_def_translated_cn_def,ROOT-67D0,989.3333333333334,1079.3333333333333
bge_m3_1024d,en_def_translated_cn_def,ROOT-67EC,1153.15,1662.5
bge_m3_1024d,en_def_translated_cn_def,ROOT-6817,162.0,352.0
bge_m3_1024d,en_def_translated_cn_def,ROOT-6840,74.0,246.0
bge_m3_1024d,en_def_translated_cn_def,ROOT-6851,1175.0,2018.0
bge_m3_1024d,en_def_translated_cn_def,ROOT-69AE,1052.0,759.5
bge_m3_1024d,en_def_translated_cn_def,ROOT-6A02,1023.6,1498.8
bge_m3_1024d,en_def_translated_cn_def,ROOT-6A0A,691.0,1548.5
bge_m3_1024d,en_def_translated_cn_def,ROOT-6B20,2785.0,1834.0
bge_m3_1024d,en_def_translated_cn_def,ROOT-6B2E,1585.0,1932.8
bge_m3_1024d,en_def_translated_cn_def,ROOT-6B62,776.0,1254.3333333333333
bge_m3_1024d,en_def_translated_cn_def,ROOT-6B63,1180.8,1624.0
bge_m3_1024d,en_def_translated_cn_def,ROOT-6B65,-161.0,-735.0
bge_m3_1024d,en_def_translated_cn_def,ROOT-6B66,3312.5,4179.5
bge_m3_1024d,en_def_translated_cn_def,ROOT-6BB5,1780.0,1266.0
bge_m3_1024d,en_def_translated_cn_def,ROOT-6BB7,737.0,1282.0
bge_m3_1024d,en_def_translated_cn_def,ROOT-6BBF,2662.0,3905.0
bge_m3_1024d,en_def_translated_cn_def,ROOT-6BC0,240.0,365.0
bge_m3_1024d,en_def_translated_cn_def,ROOT-6BCC,872.0,1418.0
bge_m3_1024d,en_def_translated_cn_def,ROOT-6BCD,263.0,141.33333333333334
bge_m3_1024d,en_def_translated_cn_def,ROOT-6BCE,-926.0,-1763.0
bge_m3_1024d,en_def_translated_cn_def,ROOT-6BD4,796.3333333333334,1147.4444444444443
bge_m3_1024d,en_def_translated_cn_def,ROOT-6BDB,1492.5,865.5
bge_m3_1024d,en_def_translated_cn_def,ROOT-6BF3,1380.0,1072.0
bge_m3_1024d,en_def_translated_cn_def,ROOT-6C0F,2487.6666666666665,1355.0
bge_m3_1024d,en_def_translated_cn_def,ROOT-6C10,1183.1,645.6
bge_m3_1024d,en_def_translated_cn_def,ROOT-6C11,352.3333333333333,664.3333333333334
bge_m3_1024d,en_def_translated_cn_def,ROOT-6C14,3796.0,3644.0
bge_m3_1024d,en_def_translated_cn_def,ROOT-6C38,879.0,1163.5
bge_m3_1024d,en_def_translated_cn_def,ROOT-6C42,833.4,1657.8
bge_m3_1024d,en_def_translated_cn_def,ROOT-6C93,1257.0,3740.0
bge_m3_1024d,en_def_translated_cn_def,ROOT-6C99,1779.0,1539.5
bge_m3_1024d,en_def_translated_cn_def,ROOT-6C9B,724.0,938.0
bge_m3_1024d,en_def_translated_cn_def,ROOT-6CC9,1793.0,1595.0
bge_m3_1024d,en_def_translated_cn_def,ROOT-6CD5,2247.0,2329.0
bge_m3_1024d,en_def_translated_cn_def,ROOT-6D3B,64.0,11.0
bge_m3_1024d,en_def_translated_cn_def,ROOT-6ED5,1426.0,1714.0
bge_m3_1024d,en_def_translated_cn_def,ROOT-6FD5,522.0,312.0
bge_m3_1024d,en_def_translated_cn_def,ROOT-706B,1181.0,1556.0
bge_m3_1024d,en_def_translated_cn_def,ROOT-708E,943.8333333333334,1569.0
bge_m3_1024d,en_def_translated_cn_def,ROOT-7097,922.1818181818181,660.0
bge_m3_1024d,en_def_translated_cn_def,ROOT-70CF,541.3333333333334,1653.6666666666667
bge_m3_1024d,en_def_translated_cn_def,ROOT-7109,2307.5,1603.0
bge_m3_1024d,en_def_translated_cn_def,ROOT-7121,1688.0,2099.0
bge_m3_1024d,en_def_translated_cn_def,ROOT-7126,1233.25,771.0
bge_m3_1024d,en_def_translated_cn_def,ROOT-7136,1424.5,1091.0
bge_m3_1024d,en_def_translated_cn_def,ROOT-718F,1136.5,813.5
bge_m3_1024d,en_def_translated_cn_def,ROOT-71D5,722.0,733.0
bge_m3_1024d,en_def_translated_cn_def,ROOT-71DF,66.0,83.0
bge_m3_1024d,en_def_translated_cn_def,ROOT-722A,51.0,18.0
bge_m3_1024d,en_def_translated_cn_def,ROOT-722D,1125.3333333333333,1180.5
bge_m3_1024d,en_def_translated_cn_def,ROOT-7230,1280.0,1381.857142857143
bge_m3_1024d,en_def_translated_cn_def,ROOT-7235,1506.0,542.0
bge_m3_1024d,en_def_translated_cn_def,ROOT-7236,825.4285714285714,578.0
bge_m3_1024d,en_def_translated_cn_def,ROOT-723B,1288.3333333333333,1708.3333333333333
bge_m3_1024d,en_def_translated_cn_def,ROOT-723E,243.66666666666666,969.6666666666666
bge_m3_1024d,en_def_translated_cn_def,ROOT-723F,431.1666666666667,1020.0
bge_m3_1024d,en_def_translated_cn_def,ROOT-7259,812.2857142857143,753.5714285714286
bge_m3_1024d,en_def_translated_cn_def,ROOT-72AC,684.0,625.0
bge_m3_1024d,en_def_translated_cn_def,ROOT-72C2,20.0,21.0
bge_m3_1024d,en_def_translated_cn_def,ROOT-72C4,2504.0,2762.0
bge_m3_1024d,en_def_translated_cn_def,ROOT-7312,579.0,630.5
bge_m3_1024d,en_def_translated_cn_def,ROOT-7384,973.1666666666666,1246.1666666666667
bge_m3_1024d,en_def_translated_cn_def,ROOT-7387,4707.0,5392.0
bge_m3_1024d,en_def_translated_cn_def,ROOT-7389,-18.0,42.0
bge_m3_1024d,en_def_translated_cn_def,ROOT-738B,211.5,493.0
bge_m3_1024d,en_def_translated_cn_def,ROOT-74DC,1816.4,903.2
bge_m3_1024d,en_def_translated_cn_def,ROOT-7518,1907.5714285714287,1020.2857142857143
bge_m3_1024d,en_def_translated_cn_def,ROOT-751A,202.5,137.375
bge_m3_1024d,en_def_translated_cn_def,ROOT-751F,1387.3333333333333,1110.6666666666667
bge_m3_1024d,en_def_translated_cn_def,ROOT-7522,654.3333333333334,775.3333333333334
bge_m3_1024d,en_def_translated_cn_def,ROOT-7528,1066.375,1402.4375
bge_m3_1024d,en_def_translated_cn_def,ROOT-752B,1021.75,1426.3125
bge_m3_1024d,en_def_translated_cn_def,ROOT-7530,766.0,1212.5
bge_m3_1024d,en_def_translated_cn_def,ROOT-7531,1337.0,1962.5833333333333
bge_m3_1024d,en_def_translated_cn_def,ROOT-7532,1331.6666666666667,1328.4444444444443
bge_m3_1024d,en_def_translated_cn_def,ROOT-7533,839.75,803.0
bge_m3_1024d,en_def_translated_cn_def,ROOT-754F,614.0,997.5
bge_m3_1024d,en_def_translated_cn_def,ROOT-7550,2802.0,4176.0
bge_m3_1024d,en_def_translated_cn_def,ROOT-755C,144.0,44.0
bge_m3_1024d,en_def_translated_cn_def,ROOT-7562,1113.0,2391.5
bge_m3_1024d,en_def_translated_cn_def,ROOT-756B,300.0,215.0
bge_m3_1024d,en_def_translated_cn_def,ROOT-7570,346.0,908.0
bge_m3_1024d,en_def_translated_cn_def,ROOT-758B,939.25,1175.25
bge_m3_1024d,en_def_translated_cn_def,ROOT-7591,440.0,1068.75
bge_m3_1024d,en_def_translated_cn_def,ROOT-75BE,132.0,90.0
bge_m3_1024d,en_def_translated_cn_def,ROOT-7678,-434.5,-456.0
bge_m3_1024d,en_def_translated_cn_def,ROOT-7679,787.5,1417.5
bge_m3_1024d,en_def_translated_cn_def,ROOT-767D,1132.5333333333333,1249.4
bge_m3_1024d,en_def_translated_cn_def,ROOT-7683,-415.0,-1016.0
bge_m3_1024d,en_def_translated_cn_def,ROOT-7686,695.1666666666666,1273.5
bge_m3_1024d,en_def_translated_cn_def,ROOT-7687,1262.1666666666667,2307.0
bge_m3_1024d,en_def_translated_cn_def,ROOT-76AE,1121.1538461538462,801.0
bge_m3_1024d,en_def_translated_cn_def,ROOT-76BF,1455.0,2004.0
bge_m3_1024d,en_def_translated_cn_def,ROOT-76CA,675.75,1451.5
bge_m3_1024d,en_def_translated_cn_def,ROOT-76CD,1591.0,2661.0
bge_m3_1024d,en_def_translated_cn_def,ROOT-76E1,973.3333333333334,203.33333333333334
bge_m3_1024d,en_def_translated_cn_def,ROOT-76E3,1338.7272727272727,1181.8181818181818
bge_m3_1024d,en_def_translated_cn_def,ROOT-76F4,831.0,1311.0
bge_m3_1024d,en_def_translated_cn_def,ROOT-76F8,1527.8333333333333,1791.1666666666667
bge_m3_1024d,en_def_translated_cn_def,ROOT-76FE,1013.0,2269.0
bge_m3_1024d,en_def_translated_cn_def,ROOT-7707,-21.0,-206.0
bge_m3_1024d,en_def_translated_cn_def,ROOT-7709,100.0,-24.0
bge_m3_1024d,en_def_translated_cn_def,ROOT-771F,-432.0,-770.0
bge_m3_1024d,en_def_translated_cn_def,ROOT-776A,881.0,914.5
bge_m3_1024d,en_def_translated_cn_def,ROOT-777F,955.5,1506.5
bge_m3_1024d,en_def_translated_cn_def,ROOT-77DB,1104.2,1045.4
bge_m3_1024d,en_def_translated_cn_def,ROOT-77E2,950.0,1224.8333333333333
bge_m3_1024d,en_def_translated_cn_def,ROOT-77F3,95.75,269.0
bge_m3_1024d,en_def_translated_cn_def,ROOT-793A,-170.5,-206.5
bge_m3_1024d,en_def_translated_cn_def,ROOT-796D,382.25,702.25
bge_m3_1024d,en_def_translated_cn_def,ROOT-79B9,2979.0,1110.0
bge_m3_1024d,en_def_translated_cn_def,ROOT-79BA,308.44444444444446,742.5555555555555
bge_m3_1024d,en_def_translated_cn_def,ROOT-79BB,2780.0,3310.0
bge_m3_1024d,en_def_translated_cn_def,ROOT-79BE,803.9090909090909,771.4545454545455
bge_m3_1024d,en_def_translated_cn_def,ROOT-79C0,1434.6666666666667,1025.6666666666667
bge_m3_1024d,en_def_translated_cn_def,ROOT-79CB,2084.6,2968.8
bge_m3_1024d,en_def_translated_cn_def,ROOT-79E6,3149.0,2282.0
bge_m3_1024d,en_def_translated_cn_def,ROOT-7ACB,546.8333333333334,941.5
bge_m3_1024d,en_def_translated_cn_def,ROOT-7ADF,850.5,1540.0
bge_m3_1024d,en_def_translated_cn_def,ROOT-7AE0,1552.5714285714287,1441.0
bge_m3_1024d,en_def_translated_cn_def,ROOT-7AE5,555.4285714285714,931.8571428571429
bge_m3_1024d,en_def_translated_cn_def,ROOT-7AF9,169.0,181.0
bge_m3_1024d,en_def_translated_cn_def,ROOT-7B6E,1164.0,1257.0
bge_m3_1024d,en_def_translated_cn_def,ROOT-7B97,-416.0,-554.0
bge_m3_1024d,en_def_translated_cn_def,ROOT-7C73,1816.5,1779.25
bge_m3_1024d,en_def_translated_cn_def,ROOT-7CFB,923.0,329.0
bge_m3_1024d,en_def_translated_cn_def,ROOT-7D2F,1936.6666666666667,2334.0
bge_m3_1024d,en_def_translated_cn_def,ROOT-7DBF,2141.0,821.0
bge_m3_1024d,en_def_translated_cn_def,ROOT-7E23,45.0,68.0
bge_m3_1024d,en_def_translated_cn_def,ROOT-7F54,1004.3333333333334,1752.0
bge_m3_1024d,en_def_translated_cn_def,ROOT-7F72,2950.0,3501.0
bge_m3_1024d,en_def_translated_cn_def,ROOT-7F77,-100.0,230.0
bge_m3_1024d,en_def_translated_cn_def,ROOT-7F85,1563.3333333333333,1536.3333333333333
bge_m3_1024d,en_def_translated_cn_def,ROOT-7F8A,808.8888888888889,894.8888888888889
bge_m3_1024d,en_def_translated_cn_def,ROOT-7F94,14.0,18.0
bge_m3_1024d,en_def_translated_cn_def,ROOT-7FA9,1371.0,1610.1666666666667
bge_m3_1024d,en_def_translated_cn_def,ROOT-7FBD,-386.0,-986.0
bge_m3_1024d,en_def_translated_cn_def,ROOT-7FD2,749.0,834.6666666666666
bge_m3_1024d,en_def_translated_cn_def,ROOT-7FDF,1025.1666666666667,1765.6666666666667
bge_m3_1024d,en_def_translated_cn_def,ROOT-8012,277.0,379.0
bge_m3_1024d,en_def_translated_cn_def,ROOT-8033,1509.0,1480.8
bge_m3_1024d,en_def_translated_cn_def,ROOT-8036,1946.5,1591.0
bge_m3_1024d,en_def_translated_cn_def,ROOT-8076,967.6,1381.8
bge_m3_1024d,en_def_translated_cn_def,ROOT-807D,2153.0,1628.0
bge_m3_1024d,en_def_translated_cn_def,ROOT-807F,700.0,1359.7142857142858
bge_m3_1024d,en_def_translated_cn_def,ROOT-80C3,985.0,905.0
bge_m3_1024d,en_def_translated_cn_def,ROOT-810A,1607.5,1164.0
bge_m3_1024d,en_def_translated_cn_def,ROOT-81E4,595.5,1308.0
bge_m3_1024d,en_def_translated_cn_def,ROOT-81EA,-478.5,-460.0
bge_m3_1024d,en_def_translated_cn_def,ROOT-81ED,1543.5,1634.5
bge_m3_1024d,en_def_translated_cn_def,ROOT-81F3,879.8571428571429,1417.857142857143
bge_m3_1024d,en_def_translated_cn_def,ROOT-81FE,896.75,1761.75
bge_m3_1024d,en_def_translated_cn_def,ROOT-8200,960.5,1207.5
bge_m3_1024d,en_def_translated_cn_def,ROOT-8201,369.3333333333333,315.6666666666667
bge_m3_1024d,en_def_translated_cn_def,ROOT-8202,11.0,12.0
bge_m3_1024d,en_def_translated_cn_def,ROOT-8204,1092.0,1721.0
bge_m3_1024d,en_def_translated_cn_def,ROOT-821C,1670.0,4411.0
bge_m3_1024d,en_def_translated_cn_def,ROOT-822C,804.0,1408.6666666666667
bge_m3_1024d,en_def_translated_cn_def,ROOT-826E,547.0,193.0
bge_m3_1024d,en_def_translated_cn_def,ROOT-826F,1178.0,1594.0
bge_m3_1024d,en_def_translated_cn_def,ROOT-82BB,1106.5,1484.75
bge_m3_1024d,en_def_translated_cn_def,ROOT-82D7,2407.6666666666665,3624.6666666666665
bge_m3_1024d,en_def_translated_cn_def,ROOT-82E5,444.25,528.25
bge_m3_1024d,en_def_translated_cn_def,ROOT-830D,363.75,553.75
bge_m3_1024d,en_def_translated_cn_def,ROOT-8332,496.5,1359.5
bge_m3_1024d,en_def_translated_cn_def,ROOT-83AB,1029.3333333333333,1299.4
bge_m3_1024d,en_def_translated_cn_def,ROOT-83EF,724.0,149.0
bge_m3_1024d,en_def_translated_cn_def,ROOT-8408,3570.0,1095.0
bge_m3_1024d,en_def_translated_cn_def,ROOT-842C,1336.0,2066.0
bge_m3_1024d,en_def_translated_cn_def,ROOT-8457,1546.0,1936.0
bge_m3_1024d,en_def_translated_cn_def,ROOT-8499,2046.5,2399.75
bge_m3_1024d,en_def_translated_cn_def,ROOT-8511,1265.0,2056.0
bge_m3_1024d,en_def_translated_cn_def,ROOT-864D,791.0,1790.0
bge_m3_1024d,en_def_translated_cn_def,ROOT-864E,2371.0,1962.0
bge_m3_1024d,en_def_translated_cn_def,ROOT-8650,2245.5,1918.5
bge_m3_1024d,en_def_translated_cn_def,ROOT-865F,373.0,312.0
bge_m3_1024d,en_def_translated_cn_def,ROOT-86A4,1340.5,1101.5
bge_m3_1024d,en_def_translated_cn_def,ROOT-8700,897.4285714285714,763.4285714285714
bge_m3_1024d,en_def_translated_cn_def,ROOT-8840,2258.5,2378.0
bge_m3_1024d,en_def_translated_cn_def,ROOT-884C,1400.0,918.0
bge_m3_1024d,en_def_translated_cn_def,ROOT-884D,603.0,363.0
bge_m3_1024d,en_def_translated_cn_def,ROOT-8863,280.5,334.5
bge_m3_1024d,en_def_translated_cn_def,ROOT-8870,2359.0,2124.0
bge_m3_1024d,en_def_translated_cn_def,ROOT-8881,1637.75,2998.5
bge_m3_1024d,en_def_translated_cn_def,ROOT-8944,1078.5,1469.125
bge_m3_1024d,en_def_translated_cn_def,ROOT-897E,-161.0,-153.0
bge_m3_1024d,en_def_translated_cn_def,ROOT-897F,644.6666666666666,323.0
bge_m3_1024d,en_def_translated_cn_def,ROOT-8983,1071.5,1242.5
bge_m3_1024d,en_def_translated_cn_def,ROOT-898B,2074.0,3180.0
bge_m3_1024d,en_def_translated_cn_def,ROOT-898F,134.0,151.0
bge_m3_1024d,en_def_translated_cn_def,ROOT-89AA,1111.0,2016.0
bge_m3_1024d,en_def_translated_cn_def,ROOT-89BA,11.0,57.0
bge_m3_1024d,en_def_translated_cn_def,ROOT-89D2,380.0,-550.5
bge_m3_1024d,en_def_translated_cn_def,ROOT-89E3,2591.3333333333335,3275.0
bge_m3_1024d,en_def_translated_cn_def,ROOT-8A79,763.5555555555555,1009.4444444444445
bge_m3_1024d,en_def_translated_cn_def,ROOT-8C37,1025.3333333333333,854.3333333333334
bge_m3_1024d,en_def_translated_cn_def,ROOT-8C46,821.4285714285714,1019.4285714285714
bge_m3_1024d,en_def_translated_cn_def,ROOT-8C48,1092.1666666666667,1083.3333333333333
bge_m3_1024d,en_def_translated_cn_def,ROOT-8C50,951.5,1704.0
bge_m3_1024d,en_def_translated_cn_def,ROOT-8C5A,529.0,446.0
bge_m3_1024d,en_def_translated_cn_def,ROOT-8C61,93.0,98.0
bge_m3_1024d,en_def_translated_cn_def,ROOT-8C6A,379.5,924.5
bge_m3_1024d,en_def_translated_cn_def,ROOT-8C9D,698.3333333333334,543.3333333333334
bge_m3_1024d,en_def_translated_cn_def,ROOT-8C9E,523.75,528.25
bge_m3_1024d,en_def_translated_cn_def,ROOT-8CAC,640.6,1214.8
bge_m3_1024d,en_def_translated_cn_def,ROOT-8CB4,2118.75,2341.0
bge_m3_1024d,en_def_translated_cn_def,ROOT-8CCF,2616.6,2832.2
bge_m3_1024d,en_def_translated_cn_def,ROOT-8CEA,1376.0,3382.0
bge_m3_1024d,en_def_translated_cn_def,ROOT-8D0A,1600.0,1008.0
bge_m3_1024d,en_def_translated_cn_def,ROOT-8D1B,2610.0,4482.0
bge_m3_1024d,en_def_translated_cn_def,ROOT-8D64,110.0,88.0
bge_m3_1024d,en_def_translated_cn_def,ROOT-8D66,3750.0,1459.0
bge_m3_1024d,en_def_translated_cn_def,ROOT-8D6B,1145.0,2080.0
bge_m3_1024d,en_def_translated_cn_def,ROOT-8DB3,960.75,421.0
bge_m3_1024d,en_def_translated_cn_def,ROOT-8ECD,459.6666666666667,1150.7777777777778
bge_m3_1024d,en_def_translated_cn_def,ROOT-8F9B,710.0,585.3333333333334
bge_m3_1024d,en_def_translated_cn_def,ROOT-8F9F,990.25,1413.5833333333333
bge_m3_1024d,en_def_translated_cn_def,ROOT-8FB0,2190.0,2403.875
bge_m3_1024d,en_def_translated_cn_def,ROOT-8FB1,1045.0,1309.75
bge_m3_1024d,en_def_translated_cn_def,ROOT-8FB2,238.5,1276.0
bge_m3_1024d,en_def_translated_cn_def,ROOT-9000,1407.5,1312.5
bge_m3_1024d,en_def_translated_cn_def,ROOT-9023,2209.2,2972.4
bge_m3_1024d,en_def_translated_cn_def,ROOT-9054,472.3333333333333,792.3333333333334
bge_m3_1024d,en_def_translated_cn_def,ROOT-9077,1616.0,2370.0
bge_m3_1024d,en_def_translated_cn_def,ROOT-9091,1099.0,1423.0
bge_m3_1024d,en_def_translated_cn_def,ROOT-9095,7.0,499.0
bge_m3_1024d,en_def_translated_cn_def,ROOT-90A3,289.0,56.0
bge_m3_1024d,en_def_translated_cn_def,ROOT-90CE,2036.0,808.5
bge_m3_1024d,en_def_translated_cn_def,ROOT-90ED,347.5,824.5
bge_m3_1024d,en_def_translated_cn_def,ROOT-9109,243.5,423.5
bge_m3_1024d,en_def_translated_cn_def,ROOT-912D,2629.5,2261.0
bge_m3_1024d,en_def_translated_cn_def,ROOT-9149,839.0,766.0
bge_m3_1024d,en_def_translated_cn_def,ROOT-914B,-236.66666666666666,-297.0
bge_m3_1024d,en_def_translated_cn_def,ROOT-91C6,832.5714285714286,1079.5
bge_m3_1024d,en_def_translated_cn_def,ROOT-91C7,970.75,1168.25
bge_m3_1024d,en_def_translated_cn_def,ROOT-91CC,1910.625,1870.5
bge_m3_1024d,en_def_translated_cn_def,ROOT-91CF,2086.0,1186.0
bge_m3_1024d,en_def_translated_cn_def,ROOT-9577,1093.5,1377.1666666666667
bge_m3_1024d,en_def_translated_cn_def,ROOT-9580,790.8333333333334,1081.0
bge_m3_1024d,en_def_translated_cn_def,ROOT-958F,1395.0,2936.0
bge_m3_1024d,en_def_translated_cn_def,ROOT-9591,106.0,177.0
bge_m3_1024d,en_def_translated_cn_def,ROOT-9592,1934.0,1991.0
bge_m3_1024d,en_def_translated_cn_def,ROOT-95B5,1767.0,2595.0
bge_m3_1024d,en_def_translated_cn_def,ROOT-961C,842.0,1324.0
bge_m3_1024d,en_def_translated_cn_def,ROOT-9673,831.0,874.0
bge_m3_1024d,en_def_translated_cn_def,ROOT-9686,274.0,386.0
bge_m3_1024d,en_def_translated_cn_def,ROOT-968B,528.0,419.5
bge_m3_1024d,en_def_translated_cn_def,ROOT-96A8,3391.0,4384.0
bge_m3_1024d,en_def_translated_cn_def,ROOT-96B9,659.9,935.65
bge_m3_1024d,en_def_translated_cn_def,ROOT-96BB,559.0,921.0
bge_m3_1024d,en_def_translated_cn_def,ROOT-96BC,-489.0,-436.0
bge_m3_1024d,en_def_translated_cn_def,ROOT-96CB,1420.0,1959.0
bge_m3_1024d,en_def_translated_cn_def,ROOT-96CD,4126.0,4814.0
bge_m3_1024d,en_def_translated_cn_def,ROOT-96E3,2079.0,2439.0
bge_m3_1024d,en_def_translated_cn_def,ROOT-96F7,1216.0,2342.0
bge_m3_1024d,en_def_translated_cn_def,ROOT-9700,1320.3333333333333,1787.8333333333333
bge_m3_1024d,en_def_translated_cn_def,ROOT-9752,742.8333333333334,618.5833333333334
bge_m3_1024d,en_def_translated_cn_def,ROOT-975E,1046.125,1155.125
bge_m3_1024d,en_def_translated_cn_def,ROOT-9762,552.0,794.0
bge_m3_1024d,en_def_translated_cn_def,ROOT-9808,2800.0,4156.0
bge_m3_1024d,en_def_translated_cn_def,ROOT-983B,2480.0,4499.0
bge_m3_1024d,en_def_translated_cn_def,ROOT-985B,1498.0,3509.0
bge_m3_1024d,en_def_translated_cn_def,ROOT-9865,858.0,1774.0
bge_m3_1024d,en_def_translated_cn_def,ROOT-99AC,911.0,508.6666666666667
bge_m3_1024d,en_def_translated_cn_def,ROOT-9AD8,718.4375,881.75
bge_m3_1024d,en_def_translated_cn_def,ROOT-9B32,2012.0,1003.0
bge_m3_1024d,en_def_translated_cn_def,ROOT-9B3C,1243.125,1543.125
bge_m3_1024d,en_def_translated_cn_def,ROOT-9B5A,1536.0,1071.3333333333333
bge_m3_1024d,en_def_translated_cn_def,ROOT-9BAE,4390.5,2488.0
bge_m3_1024d,en_def_translated_cn_def,ROOT-9E75,466.0,-5.0
bge_m3_1024d,en_def_translated_cn_def,ROOT-9E7F,1437.25,1206.0
bge_m3_1024d,en_def_translated_cn_def,ROOT-9E97,1446.8,1337.0
bge_m3_1024d,en_def_translated_cn_def,ROOT-9ED1,-1616.0,-1018.0
bge_m3_1024d,en_def_translated_cn_def,ROOT-9EFD,3194.5,2393.0
bge_m3_1024d,en_def_translated_cn_def,ROOT-9F13,2023.0,2926.0
bge_m3_1024d,en_def_translated_cn_def,ROOT-9F4A,2275.714285714286,1718.4285714285713
bge_m3_1024d,en_def_translated_cn_def,ROOT-9F8D,874.8181818181819,941.6363636363636
bge_m3_1024d,en_def_translated_cn_def,ROOT-9FA0,1640.0,277.0
bge_m3_1024d,en_gloss_unihan,ROOT-20000,1385.4571428571428,2286.657142857143
bge_m3_1024d,en_gloss_unihan,ROOT-20086,2776.8,2063.2
bge_m3_1024d,en_gloss_unihan,ROOT-200A2,1960.0,2027.0
bge_m3_1024d,en_gloss_unihan,ROOT-200A4,666.0,679.3333333333334
bge_m3_1024d,en_gloss_unihan,ROOT-2010C,904.3333333333334,849.6666666666666
bge_m3_1024d,en_gloss_unihan,ROOT-2053E,1216.0,1121.5
bge_m3_1024d,en_gloss_unihan,ROOT-20A7A,-1.0,-3.0
bge_m3_1024d,en_gloss_unihan,ROOT-20CCB,524.0,579.0
bge_m3_1024d,en_gloss_unihan,ROOT-2123C,2333.235294117647,2047.8235294117646
bge_m3_1024d,en_gloss_unihan,ROOT-219CD,1732.1,2071.4
bge_m3_1024d,en_gloss_unihan,ROOT-21C55,487.0,1086.5
bge_m3_1024d,en_gloss_unihan,ROOT-21FE7,2920.25,2703.25
bge_m3_1024d,en_gloss_unihan,ROOT-22398,3107.5,4829.5
bge_m3_1024d,en_gloss_unihan,ROOT-2274A,1999.3333333333333,3332.0
bge_m3_1024d,en_gloss_unihan,ROOT-2304B,204.0,4812.0
bge_m3_1024d,en_gloss_unihan,ROOT-23386,3103.5,4497.0
bge_m3_1024d,en_gloss_unihan,ROOT-233DF,932.7142857142857,1332.2857142857142
bge_m3_1024d,en_gloss_unihan,ROOT-2394F,1383.75,2245.25
bge_m3_1024d,en_gloss_unihan,ROOT-239BC,32.5,32.0
bge_m3_1024d,en_gloss_unihan,ROOT-25055,1360.0,2463.5
bge_m3_1024d,en_gloss_unihan,ROOT-25762,1358.0,4627.0
bge_m3_1024d,en_gloss_unihan,ROOT-2634C,12.0,259.0
bge_m3_1024d,en_gloss_unihan,ROOT-26B07,3013.0,3538.0
bge_m3_1024d,en_gloss_unihan,ROOT-271A3,1926.357142857143,2549.714285714286
bge_m3_1024d,en_gloss_unihan,ROOT-27BAB,739.0,723.0
bge_m3_1024d,en_gloss_unihan,ROOT-342D,1447.0,1671.3333333333333
bge_m3_1024d,en_gloss_unihan,ROOT-3431,963.0,581.0
bge_m3_1024d,en_gloss_unihan,ROOT-34B8,1623.6666666666667,3158.8333333333335
bge_m3_1024d,en_gloss_unihan,ROOT-34BC,2844.0,3970.0
bge_m3_1024d,en_gloss_unihan,ROOT-34DE,671.0,1485.857142857143
bge_m3_1024d,en_gloss_unihan,ROOT-3563,763.3636363636364,1057.909090909091
bge_m3_1024d,en_gloss_unihan,ROOT-37A2,1024.1176470588234,1152.0
bge_m3_1024d,en_gloss_unihan,ROOT-382F,2442.4347826086955,3051.304347826087
bge_m3_1024d,en_gloss_unihan,ROOT-3840,911.25,1643.75
bge_m3_1024d,en_gloss_unihan,ROOT-39B0,852.125,1061.375
bge_m3_1024d,en_gloss_unihan,ROOT-3E12,3585.0,2517.0
bge_m3_1024d,en_gloss_unihan,ROOT-4020,1121.5,2645.75
bge_m3_1024d,en_gloss_unihan,ROOT-41C2,1208.2631578947369,1727.2105263157894
bge_m3_1024d,en_gloss_unihan,ROOT-4588,592.0,3456.0
bge_m3_1024d,en_gloss_unihan,ROOT-470C,4.0,3.0
bge_m3_1024d,en_gloss_unihan,ROOT-4E00,862.6666666666666,1961.0
bge_m3_1024d,en_gloss_unihan,ROOT-4E01,1608.2,2141.25
bge_m3_1024d,en_gloss_unihan,ROOT-4E02,361.0,1581.0
bge_m3_1024d,en_gloss_unihan,ROOT-4E03,2044.5,2179.0
bge_m3_1024d,en_gloss_unihan,ROOT-4E08,1063.0,480.0
bge_m3_1024d,en_gloss_unihan,ROOT-4E0D,2104.0,3320.846153846154
bge_m3_1024d,en_gloss_unihan,ROOT-4E0F,353.0,297.0
bge_m3_1024d,en_gloss_unihan,ROOT-4E11,-154.57142857142858,93.14285714285714
bge_m3_1024d,en_gloss_unihan,ROOT-4E14,1877.2142857142858,2467.035714285714
bge_m3_1024d,en_gloss_unihan,ROOT-4E16,904.1666666666666,1643.5
bge_m3_1024d,en_gloss_unihan,ROOT-4E18,3355.5,2316.0
bge_m3_1024d,en_gloss_unihan,ROOT-4E19,3214.8,4095.4
bge_m3_1024d,en_gloss_unihan,ROOT-4E1E,69.5,43.5
bge_m3_1024d,en_gloss_unihan,ROOT-4E26,53.0,2559.0
bge_m3_1024d,en_gloss_unihan,ROOT-4E29,2946.0,1134.0
bge_m3_1024d,en_gloss_unihan,ROOT-4E2D,1603.5,2739.6666666666665
bge_m3_1024d,en_gloss_unihan,ROOT-4E30,2549.0,2884.5555555555557
bge_m3_1024d,en_gloss_unihan,ROOT-4E32,1186.0,1942.0
bge_m3_1024d,en_gloss_unihan,ROOT-4E36,1323.4285714285713,1096.142857142857
bge_m3_1024d,en_gloss_unihan,ROOT-4E38,1794.25,2180.75
bge_m3_1024d,en_gloss_unihan,ROOT-4E39,5485.5,946.0
bge_m3_1024d,en_gloss_unihan,ROOT-4E3F,2145.65,2442.95
bge_m3_1024d,en_gloss_unihan,ROOT-4E42,2967.0,2651.6666666666665
bge_m3_1024d,en_gloss_unihan,ROOT-4E43,719.6666666666666,1186.3333333333333
bge_m3_1024d,en_gloss_unihan,ROOT-4E45,2914.6666666666665,3401.3333333333335
bge_m3_1024d,en_gloss_unihan,ROOT-4E47,1161.0,2202.0
bge_m3_1024d,en_gloss_unihan,ROOT-4E4B,1016.0,1526.0
bge_m3_1024d,en_gloss_unihan,ROOT-4E4D,1645.8823529411766,2056.176470588235
bge_m3_1024d,en_gloss_unihan,ROOT-4E4E,201.5,1178.5
bge_m3_1024d,en_gloss_unihan,ROOT-4E4F,1147.6,2370.2
bge_m3_1024d,en_gloss_unihan,ROOT-4E58,1106.0,2320.0
bge_m3_1024d,en_gloss_unihan,ROOT-4E59,941.5,1572.0
bge_m3_1024d,en_gloss_unihan,ROOT-4E5D,1201.7272727272727,1768.8181818181818
bge_m3_1024d,en_gloss_unihan,ROOT-4E5E,153.0,137.0
bge_m3_1024d,en_gloss_unihan,ROOT-4E5F,1712.4615384615386,3014.5384615384614
bge_m3_1024d,en_gloss_unihan,ROOT-4E88,92.625,756.5
bge_m3_1024d,en_gloss_unihan,ROOT-4E8C,1241.909090909091,1761.8181818181818
bge_m3_1024d,en_gloss_unihan,ROOT-4E8E,940.75,1294.875
bge_m3_1024d,en_gloss_unihan,ROOT-4E8F,1188.857142857143,1215.7142857142858
bge_m3_1024d,en_gloss_unihan,ROOT-4E91,537.0,1574.125
bge_m3_1024d,en_gloss_unihan,ROOT-4E92,2261.0,2716.0
bge_m3_1024d,en_gloss_unihan,ROOT-4E94,404.53333333333336,1486.6
bge_m3_1024d,en_gloss_unihan,ROOT-4E95,964.0,1300.0
bge_m3_1024d,en_gloss_unihan,ROOT-4E9E,2474.0,3411.6
bge_m3_1024d,en_gloss_unihan,ROOT-4E9F,2153.5,840.0
bge_m3_1024d,en_gloss_unihan,ROOT-4EA1,2056.285714285714,3858.0
bge_m3_1024d,en_gloss_unihan,ROOT-4EA2,1153.3846153846155,2223.0
bge_m3_1024d,en_gloss_unihan,ROOT-4EA4,1662.6190476190477,2755.285714285714
bge_m3_1024d,en_gloss_unihan,ROOT-4EA5,2052.176470588235,1590.1764705882354
bge_m3_1024d,en_gloss_unihan,ROOT-4EAC,1223.8181818181818,1390.6363636363637
bge_m3_1024d,en_gloss_unihan,ROOT-4EAE,1305.0,2382.0
bge_m3_1024d,en_gloss_unihan,ROOT-4EBA,1155.6666666666667,2144.6666666666665
bge_m3_1024d,en_gloss_unihan,ROOT-4EC1,613.0,739.0
bge_m3_1024d,en_gloss_unihan,ROOT-4EC4,733.0,155.0
bge_m3_1024d,en_gloss_unihan,ROOT-4ECA,1780.1724137931035,2466.0689655172414
bge_m3_1024d,en_gloss_unihan,ROOT-4ECB,2280.5,1948.6666666666667
bge_m3_1024d,en_gloss_unihan,ROOT-4EE4,2093.2105263157896,3321.0
bge_m3_1024d,en_gloss_unihan,ROOT-4EE5,220.0,1323.5
bge_m3_1024d,en_gloss_unihan,ROOT-4F0F,2769.0,4257.0
bge_m3_1024d,en_gloss_unihan,ROOT-4F10,733.3333333333334,1001.6666666666666
bge_m3_1024d,en_gloss_unihan,ROOT-4F11,1930.6666666666667,2327.6666666666665
bge_m3_1024d,en_gloss_unihan,ROOT-4F59,1537.625,2514.4375
bge_m3_1024d,en_gloss_unihan,ROOT-4F86,1880.8333333333333,3406.6666666666665
bge_m3_1024d,en_gloss_unihan,ROOT-4F8C,10.0,-746.0
bge_m3_1024d,en_gloss_unihan,ROOT-4F96,1667.25,2452.75
bge_m3_1024d,en_gloss_unihan,ROOT-4FAF,4611.0,2277.5
bge_m3_1024d,en_gloss_unihan,ROOT-4FDD,965.6666666666666,1783.6666666666667
bge_m3_1024d,en_gloss_unihan,ROOT-5009,2362.6923076923076,3835.6923076923076
bge_m3_1024d,en_gloss_unihan,ROOT-501D,-175.0,-807.0
bge_m3_1024d,en_gloss_unihan,ROOT-50C9,923.4705882352941,1359.5882352941176
bge_m3_1024d,en_gloss_unihan,ROOT-5140,1670.0,890.0
bge_m3_1024d,en_gloss_unihan,ROOT-5143,1172.6470588235295,2676.8823529411766
bge_m3_1024d,en_gloss_unihan,ROOT-5144,831.0,1394.0
bge_m3_1024d,en_gloss_unihan,ROOT-5145,-363.5,184.0
bge_m3_1024d,en_gloss_unihan,ROOT-5146,1949.65,1936.8
bge_m3_1024d,en_gloss_unihan,ROOT-5148,1214.75,1967.75
bge_m3_1024d,en_gloss_unihan,ROOT-5149,1949.75,3124.25
bge_m3_1024d,en_gloss_unihan,ROOT-514B,1.0,1.0
bge_m3_1024d,en_gloss_unihan,ROOT-514D,727.4444444444445,897.1111111111111
bge_m3_1024d,en_gloss_unihan,ROOT-5152,2966.3636363636365,2570.181818181818
bge_m3_1024d,en_gloss_unihan,ROOT-5154,-144.0,-848.0
bge_m3_1024d,en_gloss_unihan,ROOT-5165,1746.3333333333333,1989.5
bge_m3_1024d,en_gloss_unihan,ROOT-5168,1893.4,2794.4
bge_m3_1024d,en_gloss_unihan,ROOT-5169,2175.0,4564.5
bge_m3_1024d,en_gloss_unihan,ROOT-516A,1277.0,1208.0
bge_m3_1024d,en_gloss_unihan,ROOT-516B,201.66666666666666,1031.6666666666667
bge_m3_1024d,en_gloss_unihan,ROOT-516C,1251.2727272727273,1574.2727272727273
bge_m3_1024d,en_gloss_unihan,ROOT-516E,1646.0,6135.0
bge_m3_1024d,en_gloss_unihan,ROOT-5171,664.2857142857143,1136.857142857143
bge_m3_1024d,en_gloss_unihan,ROOT-5176,1442.2173913043478,2354.913043478261
bge_m3_1024d,en_gloss_unihan,ROOT-5177,4995.0,4952.0
bge_m3_1024d,en_gloss_unihan,ROOT-5178,-1055.0,-2411.0
bge_m3_1024d,en_gloss_unihan,ROOT-517C,910.625,1965.5625
bge_m3_1024d,en_gloss_unihan,ROOT-5180,3327.0,2798.0
bge_m3_1024d,en_gloss_unihan,ROOT-5183,2361.5,2425.25
bge_m3_1024d,en_gloss_unihan,ROOT-5189,1412.5,1877.5
bge_m3_1024d,en_gloss_unihan,ROOT-518A,3659.0,3679.0
bge_m3_1024d,en_gloss_unihan,ROOT-518E,1551.3333333333333,2937.777777777778
bge_m3_1024d,en_gloss_unihan,ROOT-518F,-776.0,-1572.0
bge_m3_1024d,en_gloss_unihan,ROOT-5193,2037.3636363636363,2377.909090909091
bge_m3_1024d,en_gloss_unihan,ROOT-5198,1312.8,2488.2
bge_m3_1024d,en_gloss_unihan,ROOT-51A2,1.0,1.0
bge_m3_1024d,en_gloss_unihan,ROOT-51A5,1939.375,3735.625
bge_m3_1024d,en_gloss_unihan,ROOT-51AB,984.0,1522.0
bge_m3_1024d,en_gloss_unihan,ROOT-51E0,1098.0,1420.1666666666667
bge_m3_1024d,en_gloss_unihan,ROOT-51E1,762.8,2005.1
bge_m3_1024d,en_gloss_unihan,ROOT-51F6,495.3333333333333,1244.0
bge_m3_1024d,en_gloss_unihan,ROOT-51FA,1413.0,1816.6666666666667
bge_m3_1024d,en_gloss_unihan,ROOT-51FD,1456.0,4309.0
bge_m3_1024d,en_gloss_unihan,ROOT-5200,1696.8181818181818,2688.0
bge_m3_1024d,en_gloss_unihan,ROOT-5203,651.7777777777778,1548.6666666666667
bge_m3_1024d,en_gloss_unihan,ROOT-5206,1663.3181818181818,2016.0
bge_m3_1024d,en_gloss_unihan,ROOT-5211,814.0,1117.0
bge_m3_1024d,en_gloss_unihan,ROOT-5217,986.0,1492.0
bge_m3_1024d,en_gloss_unihan,ROOT-5225,-51.0,-283.0
bge_m3_1024d,en_gloss_unihan,ROOT-5229,1868.5,3031.5
bge_m3_1024d,en_gloss_unihan,ROOT-5236,102.0,296.0
bge_m3_1024d,en_gloss_unihan,ROOT-5247,1149.5,2766.8333333333335
bge_m3_1024d,en_gloss_unihan,ROOT-524D,653.0,287.0
bge_m3_1024d,en_gloss_unihan,ROOT-529B,925.9473684210526,1568.1052631578948
bge_m3_1024d,en_gloss_unihan,ROOT-52A6,876.0,2398.5
bge_m3_1024d,en_gloss_unihan,ROOT-52DE,2303.0,2925.25
bge_m3_1024d,en_gloss_unihan,ROOT-52F9,1987.7368421052631,1585.2631578947369
bge_m3_1024d,en_gloss_unihan,ROOT-52FA,1368.8,1720.8
bge_m3_1024d,en_gloss_unihan,ROOT-52FB,1528.3333333333333,1723.6666666666667
bge_m3_1024d,en_gloss_unihan,ROOT-52FF,1267.75,1455.0
bge_m3_1024d,en_gloss_unihan,ROOT-5303,2058.24,2189.16
bge_m3_1024d,en_gloss_unihan,ROOT-5305,1033.125,1379.375
bge_m3_1024d,en_gloss_unihan,ROOT-530A,1928.1666666666667,1139.3333333333333
bge_m3_1024d,en_gloss_unihan,ROOT-5315,1483.9736842105262,2522.7894736842104
bge_m3_1024d,en_gloss_unihan,ROOT-5317,2354.5,3515.5
bge_m3_1024d,en_gloss_unihan,ROOT-5321,2107.0,3952.0
bge_m3_1024d,en_gloss_unihan,ROOT-5340,2305.0,2874.3571428571427
bge_m3_1024d,en_gloss_unihan,ROOT-5341,992.0,1832.6666666666667
bge_m3_1024d,en_gloss_unihan,ROOT-5347,9.0,12.0
bge_m3_1024d,en_gloss_unihan,ROOT-5348,1598.75,1922.25
bge_m3_1024d,en_gloss_unihan,ROOT-5349,2860.9166666666665,3542.1666666666665
bge_m3_1024d,en_gloss_unihan,ROOT-534A,850.875,679.75
bge_m3_1024d,en_gloss_unihan,ROOT-5351,2014.952380952381,3038.9523809523807
bge_m3_1024d,en_gloss_unihan,ROOT-5352,1237.9411764705883,1573.9411764705883
bge_m3_1024d,en_gloss_unihan,ROOT-5353,695.9,1313.7
bge_m3_1024d,en_gloss_unihan,ROOT-5357,961.0,2955.0
bge_m3_1024d,en_gloss_unihan,ROOT-535C,190.75,308.0
bge_m3_1024d,en_gloss_unihan,ROOT-535E,808.0,1017.0
bge_m3_1024d,en_gloss_unihan,ROOT-5360,1434.3684210526317,2559.8947368421054
bge_m3_1024d,en_gloss_unihan,ROOT-536C,331.6666666666667,653.0
bge_m3_1024d,en_gloss_unihan,ROOT-5371,2198.8333333333335,2326.6666666666665
bge_m3_1024d,en_gloss_unihan,ROOT-5373,108.5,-680.0
bge_m3_1024d,en_gloss_unihan,ROOT-5377,482.57142857142856,893.0
bge_m3_1024d,en_gloss_unihan,ROOT-5378,880.6666666666666,1504.0
bge_m3_1024d,en_gloss_unihan,ROOT-5384,545.3333333333334,558.0
bge_m3_1024d,en_gloss_unihan,ROOT-539F,1582.6,508.2
bge_m3_1024d,en_gloss_unihan,ROOT-53B6,1780.5882352941176,2332.294117647059
bge_m3_1024d,en_gloss_unihan,ROOT-53B7,1803.0,2001.0
bge_m3_1024d,en_gloss_unihan,ROOT-53BB,1317.8333333333333,1879.5
bge_m3_1024d,en_gloss_unihan,ROOT-53C3,2173.4,3262.9
bge_m3_1024d,en_gloss_unihan,ROOT-53C8,986.8421052631579,1771.842105263158
bge_m3_1024d,en_gloss_unihan,ROOT-53C9,658.0,2210.5
bge_m3_1024d,en_gloss_unihan,ROOT-53CA,937.0909090909091,1911.3636363636363
bge_m3_1024d,en_gloss_unihan,ROOT-53CD,1502.4285714285713,2231.8571428571427
bge_m3_1024d,en_gloss_unihan,ROOT-53D6,1125.7272727272727,2069.5454545454545
bge_m3_1024d,en_gloss_unihan,ROOT-53D7,1387.0,2801.5
bge_m3_1024d,en_gloss_unihan,ROOT-53E3,2056.0,2148.25
bge_m3_1024d,en_gloss_unihan,ROOT-53E4,1277.8064516129032,1908.4193548387098
bge_m3_1024d,en_gloss_unihan,ROOT-53EA,2545.2,3887.4
bge_m3_1024d,en_gloss_unihan,ROOT-53F2,1249.0,1285.0
bge_m3_1024d,en_gloss_unihan,ROOT-53F8,1294.8,2122.8
bge_m3_1024d,en_gloss_unihan,ROOT-5404,1588.3939393939395,2208.878787878788
bge_m3_1024d,en_gloss_unihan,ROOT-5405,2116.076923076923,2691.3846153846152
bge_m3_1024d,en_gloss_unihan,ROOT-5408,1397.1923076923076,2244.0
bge_m3_1024d,en_gloss_unihan,ROOT-5409,1394.0588235294117,1868.1176470588234
bge_m3_1024d,en_gloss_unihan,ROOT-540C,2782.375,3764.375
bge_m3_1024d,en_gloss_unihan,ROOT-540D,1703.75,3031.0
bge_m3_1024d,en_gloss_unihan,ROOT-540E,2493.0,2636.0
bge_m3_1024d,en_gloss_unihan,ROOT-5411,1715.0,7097.0
bge_m3_1024d,en_gloss_unihan,ROOT-5433,1104.5,1158.8333333333333
bge_m3_1024d,en_gloss_unihan,ROOT-5442,1423.8,1871.8
bge_m3_1024d,en_gloss_unihan,ROOT-544A,530.2727272727273,1158.7272727272727
bge_m3_1024d,en_gloss_unihan,ROOT-5468,2340.25,2181.8125
bge_m3_1024d,en_gloss_unihan,ROOT-548E,3797.6666666666665,4599.0
bge_m3_1024d,en_gloss_unihan,ROOT-54A2,2491.75,3233.0
bge_m3_1024d,en_gloss_unihan,ROOT-54B8,755.0909090909091,1156.1818181818182
bge_m3_1024d,en_gloss_unihan,ROOT-54C1,-600.0,-222.0
bge_m3_1024d,en_gloss_unihan,ROOT-54E1,1614.2857142857142,1481.5714285714287
bge_m3_1024d,en_gloss_unihan,ROOT-54E5,691.0,349.0
bge_m3_1024d,en_gloss_unihan,ROOT-5584,314.0,1765.6666666666667
bge_m3_1024d,en_gloss_unihan,ROOT-55AE,1286.25,2237.95
bge_m3_1024d,en_gloss_unihan,ROOT-55BF,1465.6666666666667,1009.9166666666666
bge_m3_1024d,en_gloss_unihan,ROOT-55C7,877.0,2233.2
bge_m3_1024d,en_gloss_unihan,ROOT-56B4,405.5,437.0
bge_m3_1024d,en_gloss_unihan,ROOT-56D7,2731.0,2200.7272727272725
bge_m3_1024d,en_gloss_unihan,ROOT-56DA,2661.0,3634.0
bge_m3_1024d,en_gloss_unihan,ROOT-56DB,1448.5,1295.5
bge_m3_1024d,en_gloss_unihan,ROOT-56DE,1456.0,3104.75
bge_m3_1024d,en_gloss_unihan,ROOT-56E0,2029.2,3165.8
bge_m3_1024d,en_gloss_unihan,ROOT-56F0,1597.0,2235.0
bge_m3_1024d,en_gloss_unihan,ROOT-56F7,604.0,560.5
bge_m3_1024d,en_gloss_unihan,ROOT-56FA,1005.5,1582.0
bge_m3_1024d,en_gloss_unihan,ROOT-5702,1267.5,2401.0
bge_m3_1024d,en_gloss_unihan,ROOT-571F,604.75,1167.0
bge_m3_1024d,en_gloss_unihan,ROOT-5725,1508.5,1261.5
bge_m3_1024d,en_gloss_unihan,ROOT-572D,2287.3333333333335,2266.1666666666665
bge_m3_1024d,en_gloss_unihan,ROOT-5750,1010.75,3048.25
bge_m3_1024d,en_gloss_unihan,ROOT-5794,176.0,310.0
bge_m3_1024d,en_gloss_unihan,ROOT-57F6,503.0,1347.6666666666667
bge_m3_1024d,en_gloss_unihan,ROOT-57F7,1409.5,2393.0
bge_m3_1024d,en_gloss_unihan,ROOT-5807,2399.3333333333335,1789.8333333333333
bge_m3_1024d,en_gloss_unihan,ROOT-582F,1421.3157894736842,1907.157894736842
bge_m3_1024d,en_gloss_unihan,ROOT-58EB,764.5,1111.0
bge_m3_1024d,en_gloss_unihan,ROOT-58EC,1205.75,1207.375
bge_m3_1024d,en_gloss_unihan,ROOT-58F4,998.8,895.6
bge_m3_1024d,en_gloss_unihan,ROOT-58F9,1826.0,2438.0
bge_m3_1024d,en_gloss_unihan,ROOT-58FD,1213.6,2200.2
bge_m3_1024d,en_gloss_unihan,ROOT-5903,204.0,239.0
bge_m3_1024d,en_gloss_unihan,ROOT-590C,1862.75,2493.5
bge_m3_1024d,en_gloss_unihan,ROOT-590D,1744.5,1643.0
bge_m3_1024d,en_gloss_unihan,ROOT-590F,1126.6666666666667,1991.6666666666667
bge_m3_1024d,en_gloss_unihan,ROOT-5915,369.5,60.5
bge_m3_1024d,en_gloss_unihan,ROOT-5917,1923.6153846153845,2314.3846153846152
bge_m3_1024d,en_gloss_unihan,ROOT-591A,1206.111111111111,2177.4444444444443
bge_m3_1024d,en_gloss_unihan,ROOT-591C,1263.3333333333333,3114.3333333333335
bge_m3_1024d,en_gloss_unihan,ROOT-5922,337.0,175.0
bge_m3_1024d,en_gloss_unihan,ROOT-5927,1200.0,1853.75
bge_m3_1024d,en_gloss_unihan,ROOT-5929,488.25,1557.5
bge_m3_1024d,en_gloss_unihan,ROOT-592A,25.0,28.0
bge_m3_1024d,en_gloss_unihan,ROOT-592B,2181.0,3768.285714285714
bge_m3_1024d,en_gloss_unihan,ROOT-592C,2495.4,4537.6
bge_m3_1024d,en_gloss_unihan,ROOT-592D,441.8,490.0
bge_m3_1024d,en_gloss_unihan,ROOT-592E,1568.1818181818182,3015.6363636363635
bge_m3_1024d,en_gloss_unihan,ROOT-5932,1898.5,2589.0
bge_m3_1024d,en_gloss_unihan,ROOT-5937,2010.4,2403.6
bge_m3_1024d,en_gloss_unihan,ROOT-593E,2434.153846153846,2150.153846153846
bge_m3_1024d,en_gloss_unihan,ROOT-5944,995.4285714285714,2208.1428571428573
bge_m3_1024d,en_gloss_unihan,ROOT-5948,1963.0,3719.0
bge_m3_1024d,en_gloss_unihan,ROOT-5949,1916.8333333333333,1669.1666666666667
bge_m3_1024d,en_gloss_unihan,ROOT-594F,2012.5,1288.5
bge_m3_1024d,en_gloss_unihan,ROOT-5950,134.5,261.0
bge_m3_1024d,en_gloss_unihan,ROOT-595A,2135.2,3383.0
bge_m3_1024d,en_gloss_unihan,ROOT-5967,1610.8333333333333,2248.0
bge_m3_1024d,en_gloss_unihan,ROOT-5973,1369.8095238095239,2248.8571428571427
bge_m3_1024d,en_gloss_unihan,ROOT-599F,2456.8333333333335,2877.5
bge_m3_1024d,en_gloss_unihan,ROOT-59A5,1792.75,2985.25
bge_m3_1024d,en_gloss_unihan,ROOT-59BB,2367.1428571428573,1897.142857142857
bge_m3_1024d,en_gloss_unihan,ROOT-59BE,2670.25,2165.75
bge_m3_1024d,en_gloss_unihan,ROOT-5A41,2721.625,2222.375
bge_m3_1024d,en_gloss_unihan,ROOT-5B50,-18.0,488.0
bge_m3_1024d,en_gloss_unihan,ROOT-5B54,1468.0,2635.0
bge_m3_1024d,en_gloss_unihan,ROOT-5B58,299.6666666666667,798.3333333333334
bge_m3_1024d,en_gloss_unihan,ROOT-5B5A,3015.7,3064.2
bge_m3_1024d,en_gloss_unihan,ROOT-5B5B,1532.0,1085.6666666666667
bge_m3_1024d,en_gloss_unihan,ROOT-5B5D,1449.5,1741.5
bge_m3_1024d,en_gloss_unihan,ROOT-5B63,3189.0,5616.0
bge_m3_1024d,en_gloss_unihan,ROOT-5B68,2937.0,6261.5
bge_m3_1024d,en_gloss_unihan,ROOT-5B6B,2076.5,2406.0
bge_m3_1024d,en_gloss_unihan,ROOT-5B81,1879.4,3162.4
bge_m3_1024d,en_gloss_unihan,ROOT-5B83,3054.1,3316.7
bge_m3_1024d,en_gloss_unihan,ROOT-5B88,578.0,1346.0
bge_m3_1024d,en_gloss_unihan,ROOT-5B89,1886.1666666666667,2431.0
bge_m3_1024d,en_gloss_unihan,ROOT-5B97,2276.875,3638.0
bge_m3_1024d,en_gloss_unihan,ROOT-5B98,2729.5,3203.75
bge_m3_1024d,en_gloss_unihan,ROOT-5B9A,1676.0,2216.0
bge_m3_1024d,en_gloss_unihan,ROOT-5B9C,0.0,0.0
bge_m3_1024d,en_gloss_unihan,ROOT-5BA3,2186.0,3267.4
bge_m3_1024d,en_gloss_unihan,ROOT-5BB3,1372.6,1763.0
bge_m3_1024d,en_gloss_unihan,ROOT-5BB6,3320.0,3067.5
bge_m3_1024d,en_gloss_unihan,ROOT-5BBF,1202.0,2105.5
bge_m3_1024d,en_gloss_unihan,ROOT-5BC5,1876.0,797.0
bge_m3_1024d,en_gloss_unihan,ROOT-5BCD,1261.8333333333333,2315.0
bge_m3_1024d,en_gloss_unihan,ROOT-5BD2,2666.5,5208.5
bge_m3_1024d,en_gloss_unihan,ROOT-5BF8,276.8,397.4
bge_m3_1024d,en_gloss_unihan,ROOT-5C01,180.0,3141.0
bge_m3_1024d,en_gloss_unihan,ROOT-5C07,590.2,1985.4
bge_m3_1024d,en_gloss_unihan,ROOT-5C08,2046.4615384615386,2695.4615384615386
bge_m3_1024d,en_gloss_unihan,ROOT-5C09,2242.0,1114.0
bge_m3_1024d,en_gloss_unihan,ROOT-5C0A,669.5714285714286,1783.7142857142858
bge_m3_1024d,en_gloss_unihan,ROOT-5C0B,3097.6666666666665,4218.666666666667
bge_m3_1024d,en_gloss_unihan,ROOT-5C0C,1575.0,2449.3333333333335
bge_m3_1024d,en_gloss_unihan,ROOT-5C0D,237.0,141.0
bge_m3_1024d,en_gloss_unihan,ROOT-5C0F,1484.590909090909,1703.1363636363637
bge_m3_1024d,en_gloss_unihan,ROOT-5C17,942.4,1388.5
bge_m3_1024d,en_gloss_unihan,ROOT-5C1A,1311.4166666666667,2465.625
bge_m3_1024d,en_gloss_unihan,ROOT-5C28,659.3333333333334,278.6666666666667
bge_m3_1024d,en_gloss_unihan,ROOT-5C39,825.5714285714286,1665.7142857142858
bge_m3_1024d,en_gloss_unihan,ROOT-5C3E,-895.0,-583.0
bge_m3_1024d,en_gloss_unihan,ROOT-5C40,1205.0,2380.0
bge_m3_1024d,en_gloss_unihan,ROOT-5C48,732.5,762.0
bge_m3_1024d,en_gloss_unihan,ROOT-5C4B,1185.1666666666667,2340.6666666666665
bge_m3_1024d,en_gloss_unihan,ROOT-5C55,1037.0,910.0
bge_m3_1024d,en_gloss_unihan,ROOT-5C6F,1528.8,1949.8
bge_m3_1024d,en_gloss_unihan,ROOT-5C70,621.0,1401.5
bge_m3_1024d,en_gloss_unihan,ROOT-5C71,1112.75,1639.25
bge_m3_1024d,en_gloss_unihan,ROOT-5CA1,70.0,191.6
bge_m3_1024d,en_gloss_unihan,ROOT-5CF6,1803.0,3292.0
bge_m3_1024d,en_gloss_unihan,ROOT-5D52,2368.0,3087.0
bge_m3_1024d,en_gloss_unihan,ROOT-5DC2,2903.2,1754.2
bge_m3_1024d,en_gloss_unihan,ROOT-5DDD,880.6,1621.0
bge_m3_1024d,en_gloss_unihan,ROOT-5DDE,88.0,-317.5
bge_m3_1024d,en_gloss_unihan,ROOT-5DDF,1911.0,2870.0
bge_m3_1024d,en_gloss_unihan,ROOT-5DE2,2411.6666666666665,777.3333333333334
bge_m3_1024d,en_gloss_unihan,ROOT-5DE5,1092.7916666666667,1807.5833333333333
bge_m3_1024d,en_gloss_unihan,ROOT-5DE6,234.0,274.0
bge_m3_1024d,en_gloss_unihan,ROOT-5DE8,1002.5,2814.3
bge_m3_1024d,en_gloss_unihan,ROOT-5DEB,2894.0,5332.0
bge_m3_1024d,en_gloss_unihan,ROOT-5DEE,691.0,1119.3333333333333
bge_m3_1024d,en_gloss_unihan,ROOT-5DF1,1055.909090909091,1242.2727272727273
bge_m3_1024d,en_gloss_unihan,ROOT-5DF3,833.25,1814.5
bge_m3_1024d,en_gloss_unihan,ROOT-5DF4,3035.25,3958.6666666666665
bge_m3_1024d,en_gloss_unihan,ROOT-5DFF,3678.5,5925.0
bge_m3_1024d,en_gloss_unihan,ROOT-5E00,1627.0,3037.5
bge_m3_1024d,en_gloss_unihan,ROOT-5E0C,1873.6666666666667,2892.6666666666665
bge_m3_1024d,en_gloss_unihan,ROOT-5E1A,2209.5,3445.0
bge_m3_1024d,en_gloss_unihan,ROOT-5E1D,1053.142857142857,1649.857142857143
bge_m3_1024d,en_gloss_unihan,ROOT-5E2D,52.0,14.0
bge_m3_1024d,en_gloss_unihan,ROOT-5E36,2133.0,1598.75
bge_m3_1024d,en_gloss_unihan,ROOT-5E72,1518.24,2436.76
bge_m3_1024d,en_gloss_unihan,ROOT-5E73,983.8888888888889,1662.4444444444443
bge_m3_1024d,en_gloss_unihan,ROOT-5E75,1489.5,3221.0
bge_m3_1024d,en_gloss_unihan,ROOT-5E78,894.6666666666666,2389.3333333333335
bge_m3_1024d,en_gloss_unihan,ROOT-5E79,1876.0,2189.0
bge_m3_1024d,en_gloss_unihan,ROOT-5E7A,2277.4,3421.2
bge_m3_1024d,en_gloss_unihan,ROOT-5E9A,440.5,26.25
bge_m3_1024d,en_gloss_unihan,ROOT-5EB6,719.6666666666666,2082.3333333333335
bge_m3_1024d,en_gloss_unihan,ROOT-5EB7,1453.0,2129.5
bge_m3_1024d,en_gloss_unihan,ROOT-5EDB,915.0,1945.0
bge_m3_1024d,en_gloss_unihan,ROOT-5EFA,1862.8333333333333,2764.6666666666665
bge_m3_1024d,en_gloss_unihan,ROOT-5F01,796.0,473.0
bge_m3_1024d,en_gloss_unihan,ROOT-5F04,910.0,2440.0
bge_m3_1024d,en_gloss_unihan,ROOT-5F0B,1459.0,2325.230769230769
bge_m3_1024d,en_gloss_unihan,ROOT-5F0D,2487.0,628.5
bge_m3_1024d,en_gloss_unihan,ROOT-5F13,2026.0,1729.0
bge_m3_1024d,en_gloss_unihan,ROOT-5F15,1559.5,2165.0
bge_m3_1024d,en_gloss_unihan,ROOT-5F17,1705.2727272727273,1464.909090909091
bge_m3_1024d,en_gloss_unihan,ROOT-5F1F,874.9,1302.4
bge_m3_1024d,en_gloss_unihan,ROOT-5F31,914.0,1374.75
bge_m3_1024d,en_gloss_unihan,ROOT-5F54,1086.875,1198.25
bge_m3_1024d,en_gloss_unihan,ROOT-5F56,1251.75,570.0
bge_m3_1024d,en_gloss_unihan,ROOT-5F57,786.5,584.25
bge_m3_1024d,en_gloss_unihan,ROOT-5F6A,1518.0,2023.0
bge_m3_1024d,en_gloss_unihan,ROOT-5F6D,809.0,1998.0
bge_m3_1024d,en_gloss_unihan,ROOT-5F99,13.0,-1034.0
bge_m3_1024d,en_gloss_unihan,ROOT-5F9E,2296.0,3339.5
bge_m3_1024d,en_gloss_unihan,ROOT-5FB9,937.0,1283.0
bge_m3_1024d,en_gloss_unihan,ROOT-5FC3,2991.0,3754.0
bge_m3_1024d,en_gloss_unihan,ROOT-5FC5,1466.8333333333333,2118.6666666666665
bge_m3_1024d,en_gloss_unihan,ROOT-601D,3258.4,4689.8
bge_m3_1024d,en_gloss_unihan,ROOT-6046,3432.0,4367.0
bge_m3_1024d,en_gloss_unihan,ROOT-606F,2518.6666666666665,2089.3333333333335
bge_m3_1024d,en_gloss_unihan,ROOT-60E0,3234.3333333333335,3819.3333333333335
bge_m3_1024d,en_gloss_unihan,ROOT-610F,-174.4,-19.0
bge_m3_1024d,en_gloss_unihan,ROOT-611B,758.0,953.0
bge_m3_1024d,en_gloss_unihan,ROOT-61B2,5269.0,5009.0
bge_m3_1024d,en_gloss_unihan,ROOT-6208,-346.0,389.0
bge_m3_1024d,en_gloss_unihan,ROOT-620A,-1311.0,-76.0
bge_m3_1024d,en_gloss_unihan,ROOT-620D,2729.4285714285716,3299.0
bge_m3_1024d,en_gloss_unihan,ROOT-620E,2198.0,5265.0
bge_m3_1024d,en_gloss_unihan,ROOT-6211,2191.4444444444443,2752.6666666666665
bge_m3_1024d,en_gloss_unihan,ROOT-6212,56.666666666666664,-356.3333333333333
bge_m3_1024d,en_gloss_unihan,ROOT-6214,1031.142857142857,1547.642857142857
bge_m3_1024d,en_gloss_unihan,ROOT-6216,1517.75,2471.4166666666665
bge_m3_1024d,en_gloss_unihan,ROOT-6236,379.25,904.0
bge_m3_1024d,en_gloss_unihan,ROOT-6241,1836.7142857142858,1833.7142857142858
bge_m3_1024d,en_gloss_unihan,ROOT-6247,1735.0,1365.0
bge_m3_1024d,en_gloss_unihan,ROOT-624B,1195.8181818181818,1706.1818181818182
bge_m3_1024d,en_gloss_unihan,ROOT-624D,439.75,148.25
bge_m3_1024d,en_gloss_unihan,ROOT-6298,1134.75,1353.5
bge_m3_1024d,en_gloss_unihan,ROOT-62DC,2623.0,3015.0
bge_m3_1024d,en_gloss_unihan,ROOT-652F,1307.75,2742.1666666666665
bge_m3_1024d,en_gloss_unihan,ROOT-6538,1140.3076923076924,1501.923076923077
bge_m3_1024d,en_gloss_unihan,ROOT-6544,3137.0,4284.0
bge_m3_1024d,en_gloss_unihan,ROOT-6556,1289.75,1979.5
bge_m3_1024d,en_gloss_unihan,ROOT-6558,1743.0,4618.0
bge_m3_1024d,en_gloss_unihan,ROOT-6562,529.0,1517.0
bge_m3_1024d,en_gloss_unihan,ROOT-6563,263.5,353.5
bge_m3_1024d,en_gloss_unihan,ROOT-6566,2850.0,3261.0
bge_m3_1024d,en_gloss_unihan,ROOT-6578,3593.0,4888.0
bge_m3_1024d,en_gloss_unihan,ROOT-6587,1726.4444444444443,1851.4444444444443
bge_m3_1024d,en_gloss_unihan,ROOT-658C,278.0,236.0
bge_m3_1024d,en_gloss_unihan,ROOT-6597,2578.6666666666665,1679.6666666666667
bge_m3_1024d,en_gloss_unihan,ROOT-65A4,2532.7272727272725,2197.090909090909
bge_m3_1024d,en_gloss_unihan,ROOT-65AC,1005.3333333333334,1448.6666666666667
bge_m3_1024d,en_gloss_unihan,ROOT-65B0,604.0,319.0
bge_m3_1024d,en_gloss_unihan,ROOT-65B9,1405.8,1623.0
bge_m3_1024d,en_gloss_unihan,ROOT-65BC,1061.25,1714.75
bge_m3_1024d,en_gloss_unihan,ROOT-65C1,845.4,1638.2
bge_m3_1024d,en_gloss_unihan,ROOT-65C5,1709.0,3732.0
bge_m3_1024d,en_gloss_unihan,ROOT-65CB,2598.5,4180.5
bge_m3_1024d,en_gloss_unihan,ROOT-65CF,402.4,2029.6
bge_m3_1024d,en_gloss_unihan,ROOT-65E2,876.0,1175.0
bge_m3_1024d,en_gloss_unihan,ROOT-65E5,2262.0,5555.0
bge_m3_1024d,en_gloss_unihan,ROOT-65E6,1406.9565217391305,2745.086956521739
bge_m3_1024d,en_gloss_unihan,ROOT-65E8,1210.0,2623.6666666666665
bge_m3_1024d,en_gloss_unihan,ROOT-65EC,2341.9285714285716,2733.5714285714284
bge_m3_1024d,en_gloss_unihan,ROOT-6606,1988.2222222222222,2080.0
bge_m3_1024d,en_gloss_unihan,ROOT-660C,1653.5,2058.3333333333335
bge_m3_1024d,en_gloss_unihan,ROOT-660E,-676.0,-1125.0
bge_m3_1024d,en_gloss_unihan,ROOT-660F,2160.0,1842.0
bge_m3_1024d,en_gloss_unihan,ROOT-6613,1919.4285714285713,2784.0
bge_m3_1024d,en_gloss_unihan,ROOT-6614,1480.25,1249.5
bge_m3_1024d,en_gloss_unihan,ROOT-661C,1622.6842105263158,1935.157894736842
bge_m3_1024d,en_gloss_unihan,ROOT-661F,1565.25,2103.25
bge_m3_1024d,en_gloss_unihan,ROOT-6625,633.0,70.0
bge_m3_1024d,en_gloss_unihan,ROOT-662F,1528.5625,2505.25
bge_m3_1024d,en_gloss_unihan,ROOT-6631,1.0,0.0
bge_m3_1024d,en_gloss_unihan,ROOT-6649,895.0,700.0
bge_m3_1024d,en_gloss_unihan,ROOT-66F0,3164.5,1612.5
bge_m3_1024d,en_gloss_unihan,ROOT-66F4,836.5,3064.5
bge_m3_1024d,en_gloss_unihan,ROOT-66FC,1965.4166666666667,2746.8333333333335
bge_m3_1024d,en_gloss_unihan,ROOT-66FE,2251.5,2695.5
bge_m3_1024d,en_gloss_unihan,ROOT-6700,-420.0,-441.0
bge_m3_1024d,en_gloss_unihan,ROOT-6701,1149.4285714285713,1416.142857142857
bge_m3_1024d,en_gloss_unihan,ROOT-6703,1682.3636363636363,2270.6363636363635
bge_m3_1024d,en_gloss_unihan,ROOT-6708,1592.0,4677.0
bge_m3_1024d,en_gloss_unihan,ROOT-670B,1694.3333333333333,3068.0
bge_m3_1024d,en_gloss_unihan,ROOT-670D,-16.5,803.5
bge_m3_1024d,en_gloss_unihan,ROOT-6715,1327.0,1891.3333333333333
bge_m3_1024d,en_gloss_unihan,ROOT-671D,818.6666666666666,1850.3333333333333
bge_m3_1024d,en_gloss_unihan,ROOT-6728,1541.5,2112.0
bge_m3_1024d,en_gloss_unihan,ROOT-672A,2251.3333333333335,1655.5
bge_m3_1024d,en_gloss_unihan,ROOT-672B,1252.1666666666667,2992.6666666666665
bge_m3_1024d,en_gloss_unihan,ROOT-672C,-1248.0,-2293.0
bge_m3_1024d,en_gloss_unihan,ROOT-672E,899.8333333333334,2384.8333333333335
bge_m3_1024d,en_gloss_unihan,ROOT-6731,1623.1666666666667,1651.3333333333333
bge_m3_1024d,en_gloss_unihan,ROOT-6735,53.0,399.0
bge_m3_1024d,en_gloss_unihan,ROOT-673F,-1.25,911.0
bge_m3_1024d,en_gloss_unihan,ROOT-6740,1943.0,1392.0
bge_m3_1024d,en_gloss_unihan,ROOT-675F,1325.5454545454545,2249.090909090909
bge_m3_1024d,en_gloss_unihan,ROOT-6771,1018.4166666666666,1713.4166666666667
bge_m3_1024d,en_gloss_unihan,ROOT-6797,1967.6363636363637,1807.090909090909
bge_m3_1024d,en_gloss_unihan,ROOT-679C,1665.4545454545455,2676.5454545454545
bge_m3_1024d,en_gloss_unihan,ROOT-67D0,1609.2,1936.4
bge_m3_1024d,en_gloss_unihan,ROOT-67EC,1601.5,2287.153846153846
bge_m3_1024d,en_gloss_unihan,ROOT-6817,2720.0,1176.0
bge_m3_1024d,en_gloss_unihan,ROOT-6840,-151.5,126.5
bge_m3_1024d,en_gloss_unihan,ROOT-6851,920.0,1759.0
bge_m3_1024d,en_gloss_unihan,ROOT-687C,1186.5,2227.5
bge_m3_1024d,en_gloss_unihan,ROOT-68D8,2477.0,5808.0
bge_m3_1024d,en_gloss_unihan,ROOT-696D,4487.0,6902.0
bge_m3_1024d,en_gloss_unihan,ROOT-69AE,2732.5,3991.0
bge_m3_1024d,en_gloss_unihan,ROOT-6A02,1516.375,2587.0
bge_m3_1024d,en_gloss_unihan,ROOT-6A0A,2228.0,3254.0
bge_m3_1024d,en_gloss_unihan,ROOT-6B20,2399.0,2007.0
bge_m3_1024d,en_gloss_unihan,ROOT-6B2E,3542.1666666666665,4446.333333333333
bge_m3_1024d,en_gloss_unihan,ROOT-6B3D,186.0,570.0
bge_m3_1024d,en_gloss_unihan,ROOT-6B62,2067.8,3579.6
bge_m3_1024d,en_gloss_unihan,ROOT-6B63,339.8,657.8
bge_m3_1024d,en_gloss_unihan,ROOT-6B65,63.5,36.5
bge_m3_1024d,en_gloss_unihan,ROOT-6B66,3198.5,3577.0
bge_m3_1024d,en_gloss_unihan,ROOT-6BB3,2365.5,1082.5
bge_m3_1024d,en_gloss_unihan,ROOT-6BB5,1799.6666666666667,3088.6666666666665
bge_m3_1024d,en_gloss_unihan,ROOT-6BB7,1055.0,1464.0
bge_m3_1024d,en_gloss_unihan,ROOT-6BBF,2440.0,6588.5
bge_m3_1024d,en_gloss_unihan,ROOT-6BC0,132.0,174.0
bge_m3_1024d,en_gloss_unihan,ROOT-6BCC,388.6666666666667,677.6666666666666
bge_m3_1024d,en_gloss_unihan,ROOT-6BCD,-144.0,-94.0
bge_m3_1024d,en_gloss_unihan,ROOT-6BCE,170.0,104.0
bge_m3_1024d,en_gloss_unihan,ROOT-6BCF,967.0,1352.0
bge_m3_1024d,en_gloss_unihan,ROOT-6BD4,1259.4166666666667,3063.9166666666665
bge_m3_1024d,en_gloss_unihan,ROOT-6BDA,1071.75,1555.625
bge_m3_1024d,en_gloss_unihan,ROOT-6BDB,1584.8333333333333,1170.0
bge_m3_1024d,en_gloss_unihan,ROOT-6BF3,2013.0,1238.0
bge_m3_1024d,en_gloss_unihan,ROOT-6C0F,1193.3333333333333,2372.1666666666665
bge_m3_1024d,en_gloss_unihan,ROOT-6C10,1774.875,1194.0625
bge_m3_1024d,en_gloss_unihan,ROOT-6C11,875.6666666666666,2304.3333333333335
bge_m3_1024d,en_gloss_unihan,ROOT-6C14,680.0,815.75
bge_m3_1024d,en_gloss_unihan,ROOT-6C38,1189.0,2091.0
bge_m3_1024d,en_gloss_unihan,ROOT-6C42,504.0,953.1
bge_m3_1024d,en_gloss_unihan,ROOT-6C93,1953.0,2767.5
bge_m3_1024d,en_gloss_unihan,ROOT-6C99,3426.0,3240.25
bge_m3_1024d,en_gloss_unihan,ROOT-6C9B,783.0,698.0
bge_m3_1024d,en_gloss_unihan,ROOT-6CC9,1275.0,3226.5
bge_m3_1024d,en_gloss_unihan,ROOT-6CD5,3874.0,2636.0
bge_m3_1024d,en_gloss_unihan,ROOT-6D3B,-23.0,-36.0
bge_m3_1024d,en_gloss_unihan,ROOT-6ED5,2903.0,2185.0
bge_m3_1024d,en_gloss_unihan,ROOT-6FD5,143.0,-77.0
bge_m3_1024d,en_gloss_unihan,ROOT-706B,1086.5,798.0
bge_m3_1024d,en_gloss_unihan,ROOT-708E,1382.8,2393.4666666666667
bge_m3_1024d,en_gloss_unihan,ROOT-7097,2130.3076923076924,1791.1538461538462
bge_m3_1024d,en_gloss_unihan,ROOT-70CF,2169.0,2996.6666666666665
bge_m3_1024d,en_gloss_unihan,ROOT-7109,734.6666666666666,2061.6666666666665
bge_m3_1024d,en_gloss_unihan,ROOT-7121,888.5,2092.25
bge_m3_1024d,en_gloss_unihan,ROOT-7126,703.8571428571429,870.2857142857143
bge_m3_1024d,en_gloss_unihan,ROOT-7136,1472.0,2413.5
bge_m3_1024d,en_gloss_unihan,ROOT-718F,1292.4,1714.2
bge_m3_1024d,en_gloss_unihan,ROOT-71D5,872.25,599.75
bge_m3_1024d,en_gloss_unihan,ROOT-71DF,1857.0,1851.0
bge_m3_1024d,en_gloss_unihan,ROOT-722A,2720.5,1801.0
bge_m3_1024d,en_gloss_unihan,ROOT-722D,1937.6666666666667,2625.3333333333335
bge_m3_1024d,en_gloss_unihan,ROOT-7230,1684.909090909091,2821.818181818182
bge_m3_1024d,en_gloss_unihan,ROOT-7235,3188.3333333333335,3729.0
bge_m3_1024d,en_gloss_unihan,ROOT-7236,1008.7894736842105,1732.7368421052631
bge_m3_1024d,en_gloss_unihan,ROOT-723B,1604.0,1294.0
bge_m3_1024d,en_gloss_unihan,ROOT-723D,3658.0,4520.0
bge_m3_1024d,en_gloss_unihan,ROOT-723E,412.5,323.25
bge_m3_1024d,en_gloss_unihan,ROOT-723F,723.0,740.1666666666666
bge_m3_1024d,en_gloss_unihan,ROOT-7259,1065.142857142857,796.1428571428571
bge_m3_1024d,en_gloss_unihan,ROOT-72AC,5505.0,6699.0
bge_m3_1024d,en_gloss_unihan,ROOT-72AE,2649.9,2193.7
bge_m3_1024d,en_gloss_unihan,ROOT-72C2,1198.0,1019.0
bge_m3_1024d,en_gloss_unihan,ROOT-72C4,1686.6666666666667,3393.0
bge_m3_1024d,en_gloss_unihan,ROOT-730B,143.0,61.0
bge_m3_1024d,en_gloss_unihan,ROOT-7312,1238.0,847.3333333333334
bge_m3_1024d,en_gloss_unihan,ROOT-7384,1343.375,2266.125
bge_m3_1024d,en_gloss_unihan,ROOT-7387,1726.0,3098.5
bge_m3_1024d,en_gloss_unihan,ROOT-7389,1148.0,1491.0
bge_m3_1024d,en_gloss_unihan,ROOT-738B,493.6666666666667,491.0
bge_m3_1024d,en_gloss_unihan,ROOT-74DC,2892.6666666666665,2196.777777777778
bge_m3_1024d,en_gloss_unihan,ROOT-7504,886.0,5128.0
bge_m3_1024d,en_gloss_unihan,ROOT-7518,1801.0,3057.1
bge_m3_1024d,en_gloss_unihan,ROOT-751A,1093.6363636363637,2081.181818181818
bge_m3_1024d,en_gloss_unihan,ROOT-751F,1559.2857142857142,1942.857142857143
bge_m3_1024d,en_gloss_unihan,ROOT-7522,1608.6666666666667,1781.6666666666667
bge_m3_1024d,en_gloss_unihan,ROOT-7528,1200.0,2217.0
bge_m3_1024d,en_gloss_unihan,ROOT-752B,1528.7857142857142,2038.7857142857142
bge_m3_1024d,en_gloss_unihan,ROOT-7530,875.5,1302.25
bge_m3_1024d,en_gloss_unihan,ROOT-7531,1870.25,2862.625
bge_m3_1024d,en_gloss_unihan,ROOT-7532,2383.4444444444443,2116.1111111111113
bge_m3_1024d,en_gloss_unihan,ROOT-7533,541.4,905.8
bge_m3_1024d,en_gloss_unihan,ROOT-7540,2393.0,3277.0
bge_m3_1024d,en_gloss_unihan,ROOT-754F,1220.6,1552.2
bge_m3_1024d,en_gloss_unihan,ROOT-7550,2933.0,2835.0
bge_m3_1024d,en_gloss_unihan,ROOT-755C,1817.6666666666667,-206.0
bge_m3_1024d,en_gloss_unihan,ROOT-755F,1079.0,1343.0
bge_m3_1024d,en_gloss_unihan,ROOT-7562,3201.0,4227.666666666667
bge_m3_1024d,en_gloss_unihan,ROOT-756B,314.0,735.5
bge_m3_1024d,en_gloss_unihan,ROOT-7570,563.0,951.0
bge_m3_1024d,en_gloss_unihan,ROOT-758B,1779.857142857143,2786.4285714285716
bge_m3_1024d,en_gloss_unihan,ROOT-7591,1784.0,2834.0
bge_m3_1024d,en_gloss_unihan,ROOT-75BE,122.0,152.0
bge_m3_1024d,en_gloss_unihan,ROOT-7678,2167.2,2287.4
bge_m3_1024d,en_gloss_unihan,ROOT-7679,55.333333333333336,36.0
bge_m3_1024d,en_gloss_unihan,ROOT-767D,1587.2666666666667,2425.9333333333334
bge_m3_1024d,en_gloss_unihan,ROOT-7683,-358.0,-909.0
bge_m3_1024d,en_gloss_unihan,ROOT-7686,637.5,744.875
bge_m3_1024d,en_gloss_unihan,ROOT-7687,1503.2857142857142,3084.0
bge_m3_1024d,en_gloss_unihan,ROOT-7695,-504.0,-1027.0
bge_m3_1024d,en_gloss_unihan,ROOT-76AE,1443.888888888889,2066.5555555555557
bge_m3_1024d,en_gloss_unihan,ROOT-76BF,2258.6666666666665,2232.0
bge_m3_1024d,en_gloss_unihan,ROOT-76CA,1789.142857142857,2666.285714285714
bge_m3_1024d,en_gloss_unihan,ROOT-76CD,1515.0,1537.0
bge_m3_1024d,en_gloss_unihan,ROOT-76E1,1021.25,1598.0
bge_m3_1024d,en_gloss_unihan,ROOT-76E3,1599.4545454545455,2500.7272727272725
bge_m3_1024d,en_gloss_unihan,ROOT-76F4,1149.0,1489.25
bge_m3_1024d,en_gloss_unihan,ROOT-76F8,1377.5714285714287,2459.4285714285716
bge_m3_1024d,en_gloss_unihan,ROOT-76FE,1151.75,2274.5
bge_m3_1024d,en_gloss_unihan,ROOT-7707,-137.5,-548.5
bge_m3_1024d,en_gloss_unihan,ROOT-7709,3026.0,384.0
bge_m3_1024d,en_gloss_unihan,ROOT-7714,286.5,287.0
bge_m3_1024d,en_gloss_unihan,ROOT-771F,258.0,3398.0
bge_m3_1024d,en_gloss_unihan,ROOT-773E,931.0,444.0
bge_m3_1024d,en_gloss_unihan,ROOT-776A,1656.2,2375.4
bge_m3_1024d,en_gloss_unihan,ROOT-777F,2807.5,1294.5
bge_m3_1024d,en_gloss_unihan,ROOT-77DB,1317.3333333333333,1721.9166666666667
bge_m3_1024d,en_gloss_unihan,ROOT-77DE,2200.8888888888887,2186.222222222222
bge_m3_1024d,en_gloss_unihan,ROOT-77E2,1421.8333333333333,1306.3333333333333
bge_m3_1024d,en_gloss_unihan,ROOT-77F3,2077.4285714285716,2236.714285714286
bge_m3_1024d,en_gloss_unihan,ROOT-793A,153.33333333333334,-951.3333333333334
bge_m3_1024d,en_gloss_unihan,ROOT-796D,1380.6666666666667,1671.1666666666667
bge_m3_1024d,en_gloss_unihan,ROOT-79B9,2645.75,1650.25
bge_m3_1024d,en_gloss_unihan,ROOT-79BA,1639.3636363636363,2380.5454545454545
bge_m3_1024d,en_gloss_unihan,ROOT-79BB,2366.7272727272725,2468.5454545454545
bge_m3_1024d,en_gloss_unihan,ROOT-79BE,1295.7857142857142,1723.7142857142858
bge_m3_1024d,en_gloss_unihan,ROOT-79C0,1936.3333333333333,2914.6666666666665
bge_m3_1024d,en_gloss_unihan,ROOT-79CB,2143.8571428571427,4002.4285714285716
bge_m3_1024d,en_gloss_unihan,ROOT-79DD,12.0,0.0
bge_m3_1024d,en_gloss_unihan,ROOT-79E6,3498.3333333333335,1474.6666666666667
bge_m3_1024d,en_gloss_unihan,ROOT-7ACB,1690.125,2905.125
bge_m3_1024d,en_gloss_unihan,ROOT-7ADF,1039.5,1471.0
bge_m3_1024d,en_gloss_unihan,ROOT-7AE0,2138.1111111111113,4425.0
bge_m3_1024d,en_gloss_unihan,ROOT-7AE5,2841.909090909091,4535.727272727273
bge_m3_1024d,en_gloss_unihan,ROOT-7AF9,-1493.0,-1266.0
bge_m3_1024d,en_gloss_unihan,ROOT-7B6E,3340.0,3204.5
bge_m3_1024d,en_gloss_unihan,ROOT-7B97,1768.0,2813.0
bge_m3_1024d,en_gloss_unihan,ROOT-7C73,1226.8,748.0
bge_m3_1024d,en_gloss_unihan,ROOT-7CFB,868.0,3099.0
bge_m3_1024d,en_gloss_unihan,ROOT-7D2F,802.0,2164.0
bge_m3_1024d,en_gloss_unihan,ROOT-7D55,471.0,1242.0
bge_m3_1024d,en_gloss_unihan,ROOT-7DBF,2.0,1.0
bge_m3_1024d,en_gloss_unihan,ROOT-7E23,-49.0,1508.0
bge_m3_1024d,en_gloss_unihan,ROOT-7F54,1782.0,1739.0
bge_m3_1024d,en_gloss_unihan,ROOT-7F72,4416.5,2525.0
bge_m3_1024d,en_gloss_unihan,ROOT-7F77,310.0,440.0
bge_m3_1024d,en_gloss_unihan,ROOT-7F85,1106.3333333333333,980.6666666666666
bge_m3_1024d,en_gloss_unihan,ROOT-7F8A,1495.8333333333333,1662.6666666666667
bge_m3_1024d,en_gloss_unihan,ROOT-7F94,2078.0,2796.0
bge_m3_1024d,en_gloss_unihan,ROOT-7FA9,2001.0,2521.25
bge_m3_1024d,en_gloss_unihan,ROOT-7FBD,909.0,317.0
bge_m3_1024d,en_gloss_unihan,ROOT-7FCF,1007.6842105263158,2039.842105263158
bge_m3_1024d,en_gloss_unihan,ROOT-7FD2,1926.1666666666667,2617.8333333333335
bge_m3_1024d,en_gloss_unihan,ROOT-7FDF,1769.5,2659.625
bge_m3_1024d,en_gloss_unihan,ROOT-800C,1894.888888888889,1892.0
bge_m3_1024d,en_gloss_unihan,ROOT-8011,1280.625,2088.375
bge_m3_1024d,en_gloss_unihan,ROOT-8012,1661.0,2491.0
bge_m3_1024d,en_gloss_unihan,ROOT-8024,-971.0,201.0
bge_m3_1024d,en_gloss_unihan,ROOT-8033,1026.4,1452.8
bge_m3_1024d,en_gloss_unihan,ROOT-8034,3124.0,4237.0
bge_m3_1024d,en_gloss_unihan,ROOT-8036,2739.5,2304.5
bge_m3_1024d,en_gloss_unihan,ROOT-8056,1559.0,4232.5
bge_m3_1024d,en_gloss_unihan,ROOT-8076,1418.4285714285713,2662.8571428571427
bge_m3_1024d,en_gloss_unihan,ROOT-807D,2531.0,3602.0
bge_m3_1024d,en_gloss_unihan,ROOT-807F,1206.2727272727273,2565.6363636363635
bge_m3_1024d,en_gloss_unihan,ROOT-8089,3056.0,3770.0
bge_m3_1024d,en_gloss_unihan,ROOT-8099,2295.0,2251.5833333333335
bge_m3_1024d,en_gloss_unihan,ROOT-80C3,3363.0,3074.5
bge_m3_1024d,en_gloss_unihan,ROOT-810A,2065.5,3721.0
bge_m3_1024d,en_gloss_unihan,ROOT-81E4,1364.5,1069.5
bge_m3_1024d,en_gloss_unihan,ROOT-81EA,975.0,517.3333333333334
bge_m3_1024d,en_gloss_unihan,ROOT-81ED,2117.5,2004.0
bge_m3_1024d,en_gloss_unihan,ROOT-81F3,1613.4666666666667,2199.733333333333
bge_m3_1024d,en_gloss_unihan,ROOT-81FA,2698.0,4129.0
bge_m3_1024d,en_gloss_unihan,ROOT-81FD,2274.0,5280.0
bge_m3_1024d,en_gloss_unihan,ROOT-81FE,1213.3333333333333,2909.0
bge_m3_1024d,en_gloss_unihan,ROOT-81FF,529.6666666666666,918.3333333333334
bge_m3_1024d,en_gloss_unihan,ROOT-8200,2430.0,3200.1666666666665
bge_m3_1024d,en_gloss_unihan,ROOT-8201,2414.0,3265.1428571428573
bge_m3_1024d,en_gloss_unihan,ROOT-8202,1801.0,2174.5
bge_m3_1024d,en_gloss_unihan,ROOT-8204,1047.6666666666667,2038.6666666666667
bge_m3_1024d,en_gloss_unihan,ROOT-820C,447.0,1230.0
bge_m3_1024d,en_gloss_unihan,ROOT-821C,3286.5,3339.5
bge_m3_1024d,en_gloss_unihan,ROOT-821F,2171.6666666666665,1564.6666666666667
bge_m3_1024d,en_gloss_unihan,ROOT-822C,1993.7142857142858,2711.5714285714284
bge_m3_1024d,en_gloss_unihan,ROOT-826E,1247.0,1075.0
bge_m3_1024d,en_gloss_unihan,ROOT-826F,1954.5384615384614,2575.3076923076924
bge_m3_1024d,en_gloss_unihan,ROOT-82BB,1945.3333333333333,2162.8333333333335
bge_m3_1024d,en_gloss_unihan,ROOT-82D7,1802.6666666666667,3388.0
bge_m3_1024d,en_gloss_unihan,ROOT-82E5,1325.0,2872.3333333333335
bge_m3_1024d,en_gloss_unihan,ROOT-830D,364.0,495.6
bge_m3_1024d,en_gloss_unihan,ROOT-8332,700.3333333333334,589.0
bge_m3_1024d,en_gloss_unihan,ROOT-83AB,1496.2777777777778,2490.3888888888887
bge_m3_1024d,en_gloss_unihan,ROOT-83D0,360.0,3074.0
bge_m3_1024d,en_gloss_unihan,ROOT-83EF,2202.0,2956.0
bge_m3_1024d,en_gloss_unihan,ROOT-8408,3456.0,4191.0
bge_m3_1024d,en_gloss_unihan,ROOT-842C,1340.4285714285713,2473.714285714286
bge_m3_1024d,en_gloss_unihan,ROOT-8457,899.0,1431.0
bge_m3_1024d,en_gloss_unihan,ROOT-8499,3785.875,4090.25
bge_m3_1024d,en_gloss_unihan,ROOT-8511,2606.75,3620.75
bge_m3_1024d,en_gloss_unihan,ROOT-864D,362.5,403.5
bge_m3_1024d,en_gloss_unihan,ROOT-864E,319.5,315.0
bge_m3_1024d,en_gloss_unihan,ROOT-8650,2144.5,2588.5
bge_m3_1024d,en_gloss_unihan,ROOT-865F,1710.0,3333.0
bge_m3_1024d,en_gloss_unihan,ROOT-86A4,1754.6666666666667,3292.6666666666665
bge_m3_1024d,en_gloss_unihan,ROOT-8700,3079.6923076923076,2783.153846153846
bge_m3_1024d,en_gloss_unihan,ROOT-8806,350.0,1026.0
bge_m3_1024d,en_gloss_unihan,ROOT-8840,2315.0,3003.3333333333335
bge_m3_1024d,en_gloss_unihan,ROOT-884C,1325.0,4753.0
bge_m3_1024d,en_gloss_unihan,ROOT-884D,74.0,74.0
bge_m3_1024d,en_gloss_unihan,ROOT-8863,2206.3333333333335,1210.6666666666667
bge_m3_1024d,en_gloss_unihan,ROOT-8868,1.0,25.0
bge_m3_1024d,en_gloss_unihan,ROOT-8870,404.0,2746.0
bge_m3_1024d,en_gloss_unihan,ROOT-8881,1728.0,2587.6666666666665
bge_m3_1024d,en_gloss_unihan,ROOT-8944,1703.5,2357.1666666666665
bge_m3_1024d,en_gloss_unihan,ROOT-897E,1223.0,2774.6666666666665
bge_m3_1024d,en_gloss_unihan,ROOT-897F,1701.3333333333333,1795.0
bge_m3_1024d,en_gloss_unihan,ROOT-8983,399.0,522.5
bge_m3_1024d,en_gloss_unihan,ROOT-898B,2764.5,1543.0
bge_m3_1024d,en_gloss_unihan,ROOT-898F,177.0,174.5
bge_m3_1024d,en_gloss_unihan,ROOT-89AA,1889.0,1697.0
bge_m3_1024d,en_gloss_unihan,ROOT-89BA,138.0,354.0
bge_m3_1024d,en_gloss_unihan,ROOT-89D2,2006.0,590.2
bge_m3_1024d,en_gloss_unihan,ROOT-89E3,2319.3333333333335,4100.5
bge_m3_1024d,en_gloss_unihan,ROOT-8A79,1386.5833333333333,1640.5833333333333
bge_m3_1024d,en_gloss_unihan,ROOT-8C37,916.7333333333333,1182.7333333333333
bge_m3_1024d,en_gloss_unihan,ROOT-8C46,1939.1764705882354,2196.764705882353
bge_m3_1024d,en_gloss_unihan,ROOT-8C48,2668.4545454545455,1514.2727272727273
bge_m3_1024d,en_gloss_unihan,ROOT-8C50,2030.5,3496.5
bge_m3_1024d,en_gloss_unihan,ROOT-8C5A,764.0,1072.0
bge_m3_1024d,en_gloss_unihan,ROOT-8C61,220.0,71.5
bge_m3_1024d,en_gloss_unihan,ROOT-8C66,1686.1,3312.9
bge_m3_1024d,en_gloss_unihan,ROOT-8C6A,1715.5,1413.0
bge_m3_1024d,en_gloss_unihan,ROOT-8C9D,183.33333333333334,1760.0
bge_m3_1024d,en_gloss_unihan,ROOT-8C9E,1439.8,2079.0
bge_m3_1024d,en_gloss_unihan,ROOT-8CAC,862.4285714285714,1366.4285714285713
bge_m3_1024d,en_gloss_unihan,ROOT-8CB4,2741.5,3448.25
bge_m3_1024d,en_gloss_unihan,ROOT-8CCF,2925.3333333333335,3046.6666666666665
bge_m3_1024d,en_gloss_unihan,ROOT-8CEA,2707.0,4692.0
bge_m3_1024d,en_gloss_unihan,ROOT-8D0A,586.2857142857143,1087.7142857142858
bge_m3_1024d,en_gloss_unihan,ROOT-8D14,-1.0,-3.0
bge_m3_1024d,en_gloss_unihan,ROOT-8D1B,2879.0,5498.0
bge_m3_1024d,en_gloss_unihan,ROOT-8D64,3236.0,135.0
bge_m3_1024d,en_gloss_unihan,ROOT-8D66,1982.0,1320.0
bge_m3_1024d,en_gloss_unihan,ROOT-8D6B,761.0,1747.0
bge_m3_1024d,en_gloss_unihan,ROOT-8D70,1433.0,982.0
bge_m3_1024d,en_gloss_unihan,ROOT-8DB3,1477.25,2669.5
bge_m3_1024d,en_gloss_unihan,ROOT-8ECD,1286.9333333333334,1578.0
bge_m3_1024d,en_gloss_unihan,ROOT-8F26,-1156.0,392.0
bge_m3_1024d,en_gloss_unihan,ROOT-8F9B,328.25,222.5
bge_m3_1024d,en_gloss_unihan,ROOT-8F9F,1389.625,2606.4375
bge_m3_1024d,en_gloss_unihan,ROOT-8FB0,1751.4,1798.0
bge_m3_1024d,en_gloss_unihan,ROOT-8FB1,2156.285714285714,2395.285714285714
bge_m3_1024d,en_gloss_unihan,ROOT-8FB2,86.0,1105.0
bge_m3_1024d,en_gloss_unihan,ROOT-9000,204.0,222.0
bge_m3_1024d,en_gloss_unihan,ROOT-9023,1568.8,2878.2
bge_m3_1024d,en_gloss_unihan,ROOT-9054,723.0,2638.0
bge_m3_1024d,en_gloss_unihan,ROOT-9069,1742.0,2615.0
bge_m3_1024d,en_gloss_unihan,ROOT-9077,3722.0,2629.0
bge_m3_1024d,en_gloss_unihan,ROOT-9091,3753.25,5360.5
bge_m3_1024d,en_gloss_unihan,ROOT-9095,1513.3333333333333,770.3333333333334
bge_m3_1024d,en_gloss_unihan,ROOT-90A3,2376.0,1406.0
bge_m3_1024d,en_gloss_unihan,ROOT-90CE,3199.0,5377.0
bge_m3_1024d,en_gloss_unihan,ROOT-90E8,1711.0,609.0
bge_m3_1024d,en_gloss_unihan,ROOT-90ED,107.5,-233.0
bge_m3_1024d,en_gloss_unihan,ROOT-9109,1475.75,1118.75
bge_m3_1024d,en_gloss_unihan,ROOT-912D,1266.0,1073.5
bge_m3_1024d,en_gloss_unihan,ROOT-9149,1027.5,547.0
bge_m3_1024d,en_gloss_unihan,ROOT-914B,957.125,2093.75
bge_m3_1024d,en_gloss_unihan,ROOT-91C1,3678.0,1351.0
bge_m3_1024d,en_gloss_unihan,ROOT-91C6,1422.6190476190477,2103.0476190476193
bge_m3_1024d,en_gloss_unihan,ROOT-91C7,347.8,287.2
bge_m3_1024d,en_gloss_unihan,ROOT-91CC,1824.1818181818182,1257.2727272727273
bge_m3_1024d,en_gloss_unihan,ROOT-91CF,149.0,50.0
bge_m3_1024d,en_gloss_unihan,ROOT-9577,1677.3,2398.5
bge_m3_1024d,en_gloss_unihan,ROOT-9580,1014.1428571428571,1749.4285714285713
bge_m3_1024d,en_gloss_unihan,ROOT-958F,847.0,1263.0
bge_m3_1024d,en_gloss_unihan,ROOT-9591,1474.0,2171.0
bge_m3_1024d,en_gloss_unihan,ROOT-9592,1301.6666666666667,1166.0
bge_m3_1024d,en_gloss_unihan,ROOT-95B5,2792.0,4002.0
bge_m3_1024d,en_gloss_unihan,ROOT-961C,280.0,1964.0
bge_m3_1024d,en_gloss_unihan,ROOT-9673,2041.0,2517.0
bge_m3_1024d,en_gloss_unihan,ROOT-9686,2893.0,4179.0
bge_m3_1024d,en_gloss_unihan,ROOT-968B,133.5,379.5
bge_m3_1024d,en_gloss_unihan,ROOT-96A8,2877.0,2375.0
bge_m3_1024d,en_gloss_unihan,ROOT-96B9,1497.6785714285713,1598.5714285714287
bge_m3_1024d,en_gloss_unihan,ROOT-96BB,1855.0,1546.4
bge_m3_1024d,en_gloss_unihan,ROOT-96BC,-522.0,-475.0
bge_m3_1024d,en_gloss_unihan,ROOT-96CB,1434.6666666666667,1689.3333333333333
bge_m3_1024d,en_gloss_unihan,ROOT-96CD,4458.0,5346.0
bge_m3_1024d,en_gloss_unihan,ROOT-96DC,1075.0,917.0
bge_m3_1024d,en_gloss_unihan,ROOT-96E3,1305.0,2124.5
bge_m3_1024d,en_gloss_unihan,ROOT-96E9,4148.666666666667,1572.0
bge_m3_1024d,en_gloss_unihan,ROOT-96F7,2293.0,1886.0
bge_m3_1024d,en_gloss_unihan,ROOT-9700,2643.909090909091,3999.818181818182
bge_m3_1024d,en_gloss_unihan,ROOT-9752,1019.875,397.625
bge_m3_1024d,en_gloss_unihan,ROOT-975E,1886.857142857143,1817.0
bge_m3_1024d,en_gloss_unihan,ROOT-9762,736.6666666666666,817.3333333333334
bge_m3_1024d,en_gloss_unihan,ROOT-9808,6.0,4.0
bge_m3_1024d,en_gloss_unihan,ROOT-983B,2533.0,807.0
bge_m3_1024d,en_gloss_unihan,ROOT-985B,140.0,85.0
bge_m3_1024d,en_gloss_unihan,ROOT-9865,-375.0,-979.0
bge_m3_1024d,en_gloss_unihan,ROOT-99AC,1300.5,600.5
bge_m3_1024d,en_gloss_unihan,ROOT-9AD8,1630.4827586206898,1671.3793103448277
bge_m3_1024d,en_gloss_unihan,ROOT-9B32,3462.5,1959.25
bge_m3_1024d,en_gloss_unihan,ROOT-9B3C,1962.5833333333333,1547.3333333333333
bge_m3_1024d,en_gloss_unihan,ROOT-9B5A,-86.0,-33.0
bge_m3_1024d,en_gloss_unihan,ROOT-9BAE,2712.0,3703.0
bge_m3_1024d,en_gloss_unihan,ROOT-9CE5,1245.0,1830.5
bge_m3_1024d,en_gloss_unihan,ROOT-9E75,150.0,-137.0
bge_m3_1024d,en_gloss_unihan,ROOT-9E7F,2875.25,3604.75
bge_m3_1024d,en_gloss_unihan,ROOT-9E83,1557.75,786.25
bge_m3_1024d,en_gloss_unihan,ROOT-9E97,2381.25,2806.375
bge_m3_1024d,en_gloss_unihan,ROOT-9ED1,-69.0,-303.0
bge_m3_1024d,en_gloss_unihan,ROOT-9EFD,3842.0,4918.0
bge_m3_1024d,en_gloss_unihan,ROOT-9F13,1855.0,1045.0
bge_m3_1024d,en_gloss_unihan,ROOT-9F4A,1984.7,2406.1
bge_m3_1024d,en_gloss_unihan,ROOT-9F8D,2568.3571428571427,1883.9285714285713
bge_m3_1024d,en_gloss_unihan,ROOT-9FA0,1556.6,2004.8
bge_m3_1024d,zh_char,ROOT-20000,-101.3157894736842,77.76315789473684
bge_m3_1024d,zh_char,ROOT-20086,97.875,320.75
bge_m3_1024d,zh_char,ROOT-200A2,1198.0,488.0
bge_m3_1024d,zh_char,ROOT-200A4,-1342.3333333333333,715.6666666666666
bge_m3_1024d,zh_char,ROOT-2010C,136.0,20.8
bge_m3_1024d,zh_char,ROOT-2053E,251.0,2562.2
bge_m3_1024d,zh_char,ROOT-20A7A,1084.0,219.0
bge_m3_1024d,zh_char,ROOT-20CCB,-5236.5,588.0
bge_m3_1024d,zh_char,ROOT-2123C,661.5555555555555,348.05555555555554
bge_m3_1024d,zh_char,ROOT-219CD,-945.5,757.2
bge_m3_1024d,zh_char,ROOT-21C55,1837.6666666666667,305.6666666666667
bge_m3_1024d,zh_char,ROOT-21FE7,1457.25,1831.25
bge_m3_1024d,zh_char,ROOT-22398,798.5,-187.5
bge_m3_1024d,zh_char,ROOT-2274A,545.8,596.6
bge_m3_1024d,zh_char,ROOT-2304B,59.0,232.0
bge_m3_1024d,zh_char,ROOT-23386,340.5,142.5
bge_m3_1024d,zh_char,ROOT-233DF,-1459.3333333333333,97.11111111111111
bge_m3_1024d,zh_char,ROOT-2394F,385.0,-50.25
bge_m3_1024d,zh_char,ROOT-239BC,415.5,1671.5
bge_m3_1024d,zh_char,ROOT-25055,65.5,1915.0
bge_m3_1024d,zh_char,ROOT-25762,-5534.0,52.0
bge_m3_1024d,zh_char,ROOT-2634C,346.0,1075.0
bge_m3_1024d,zh_char,ROOT-26B07,-5323.0,304.0
bge_m3_1024d,zh_char,ROOT-271A3,-877.4285714285714,255.85714285714286
bge_m3_1024d,zh_char,ROOT-27BAB,867.0,1229.0
bge_m3_1024d,zh_char,ROOT-342D,1325.6666666666667,93.0
bge_m3_1024d,zh_char,ROOT-3431,3472.0,4303.0
bge_m3_1024d,zh_char,ROOT-34B8,-93.42857142857143,880.5714285714286
bge_m3_1024d,zh_char,ROOT-34BC,539.0,1.0
bge_m3_1024d,zh_char,ROOT-34DE,-373.0,196.71428571428572
bge_m3_1024d,zh_char,ROOT-3563,-1143.3333333333333,-189.6
bge_m3_1024d,zh_char,ROOT-37A2,-1075.4705882352941,173.0
bge_m3_1024d,zh_char,ROOT-382F,504.8076923076923,1076.576923076923
bge_m3_1024d,zh_char,ROOT-3840,-1821.3,167.8
bge_m3_1024d,zh_char,ROOT-39B0,354.1,773.9
bge_m3_1024d,zh_char,ROOT-3E12,513.0,-11.0
bge_m3_1024d,zh_char,ROOT-4020,2431.8333333333335,173.33333333333334
bge_m3_1024d,zh_char,ROOT-41C2,138.5,45.55
bge_m3_1024d,zh_char,ROOT-4588,1145.6,1942.6
bge_m3_1024d,zh_char,ROOT-470C,-5041.0,759.0
bge_m3_1024d,zh_char,ROOT-4E00,658.3333333333334,-159.16666666666666
bge_m3_1024d,zh_char,ROOT-4E01,-41.333333333333336,484.3809523809524
bge_m3_1024d,zh_char,ROOT-4E02,158.5,240.0
bge_m3_1024d,zh_char,ROOT-4E03,-1869.5,1158.5
bge_m3_1024d,zh_char,ROOT-4E08,-2879.0,-80.0
bge_m3_1024d,zh_char,ROOT-4E0B,156.0,1657.0
bge_m3_1024d,zh_char,ROOT-4E0D,188.71428571428572,282.2142857142857
bge_m3_1024d,zh_char,ROOT-4E0F,-1.0,13.0
bge_m3_1024d,zh_char,ROOT-4E11,-858.75,847.375
bge_m3_1024d,zh_char,ROOT-4E14,173.24137931034483,537.8965517241379
bge_m3_1024d,zh_char,ROOT-4E16,349.77777777777777,802.0
bge_m3_1024d,zh_char,ROOT-4E18,-5571.5,31.5
bge_m3_1024d,zh_char,ROOT-4E19,-1484.4,425.6
bge_m3_1024d,zh_char,ROOT-4E1E,146.5,129.5
bge_m3_1024d,zh_char,ROOT-4E26,670.0,981.0
bge_m3_1024d,zh_char,ROOT-4E29,474.0,1810.0
bge_m3_1024d,zh_char,ROOT-4E2D,713.0,1184.3333333333333
bge_m3_1024d,zh_char,ROOT-4E30,722.7777777777778,991.8888888888889
bge_m3_1024d,zh_char,ROOT-4E32,72.0,84.0
bge_m3_1024d,zh_char,ROOT-4E36,-14.285714285714286,223.85714285714286
bge_m3_1024d,zh_char,ROOT-4E38,1456.4,-162.6
bge_m3_1024d,zh_char,ROOT-4E39,160.5,2646.5
bge_m3_1024d,zh_char,ROOT-4E3F,-671.5909090909091,279.40909090909093
bge_m3_1024d,zh_char,ROOT-4E42,-1509.3333333333333,436.3333333333333
bge_m3_1024d,zh_char,ROOT-4E43,-1685.0,257.0
bge_m3_1024d,zh_char,ROOT-4E45,-1424.6666666666667,405.6666666666667
bge_m3_1024d,zh_char,ROOT-4E47,-1907.0,227.0
bge_m3_1024d,zh_char,ROOT-4E4B,430.0,727.0
bge_m3_1024d,zh_char,ROOT-4E4D,-503.1111111111111,353.0
bge_m3_1024d,zh_char,ROOT-4E4E,85.75,7.0
bge_m3_1024d,zh_char,ROOT-4E4F,-324.0,425.0
bge_m3_1024d,zh_char,ROOT-4E58,451.5,310.0
bge_m3_1024d,zh_char,ROOT-4E59,-1402.75,-1697.0
bge_m3_1024d,zh_char,ROOT-4E5D,428.1818181818182,-617.5454545454545
bge_m3_1024d,zh_char,ROOT-4E5E,695.0,640.0
bge_m3_1024d,zh_char,ROOT-4E5F,649.3571428571429,-42.42857142857143
bge_m3_1024d,zh_char,ROOT-4E82,3147.0,-93.0
bge_m3_1024d,zh_char,ROOT-4E88,196.75,357.0
bge_m3_1024d,zh_char,ROOT-4E8C,-134.71428571428572,38.357142857142854
bge_m3_1024d,zh_char,ROOT-4E8E,491.125,-67.625
bge_m3_1024d,zh_char,ROOT-4E8F,555.375,296.375
bge_m3_1024d,zh_char,ROOT-4E91,-190.66666666666666,385.0
bge_m3_1024d,zh_char,ROOT-4E92,1085.0,13.5
bge_m3_1024d,zh_char,ROOT-4E94,-199.6875,415.625
bge_m3_1024d,zh_char,ROOT-4E95,1029.0,725.0
bge_m3_1024d,zh_char,ROOT-4E9E,172.33333333333334,1777.1666666666667
bge_m3_1024d,zh_char,ROOT-4E9F,-2156.5,-167.5
bge_m3_1024d,zh_char,ROOT-4EA1,-424.7142857142857,1438.4285714285713
bge_m3_1024d,zh_char,ROOT-4EA2,706.6666666666666,891.2666666666667
bge_m3_1024d,zh_char,ROOT-4EA4,356.14285714285717,384.7142857142857
bge_m3_1024d,zh_char,ROOT-4EA5,-277.70588235294116,405.0
bge_m3_1024d,zh_char,ROOT-4EAC,502.8181818181818,666.5454545454545
bge_m3_1024d,zh_char,ROOT-4EAE,730.0,239.0
bge_m3_1024d,zh_char,ROOT-4EBA,338.3333333333333,-1584.6666666666667
bge_m3_1024d,zh_char,ROOT-4EC1,-5540.0,80.0
bge_m3_1024d,zh_char,ROOT-4EC4,2876.0,-290.0
bge_m3_1024d,zh_char,ROOT-4ECA,224.66666666666666,460.2564102564103
bge_m3_1024d,zh_char,ROOT-4ECB,263.0,912.5714285714286
bge_m3_1024d,zh_char,ROOT-4EE4,724.6842105263158,202.10526315789474
bge_m3_1024d,zh_char,ROOT-4EE5,-2263.0,832.5
bge_m3_1024d,zh_char,ROOT-4F0F,-2491.5,29.0
bge_m3_1024d,zh_char,ROOT-4F10,-2864.3333333333335,148.66666666666666
bge_m3_1024d,zh_char,ROOT-4F11,272.6666666666667,140.33333333333334
bge_m3_1024d,zh_char,ROOT-4F59,320.4736842105263,-53.63157894736842
bge_m3_1024d,zh_char,ROOT-4F86,243.83333333333334,732.5
bge_m3_1024d,zh_char,ROOT-4F8C,-5597.0,0.0
bge_m3_1024d,zh_char,ROOT-4F96,-398.3,103.6
bge_m3_1024d,zh_char,ROOT-4FAF,3045.0,2305.5
bge_m3_1024d,zh_char,ROOT-4FDD,-3538.6666666666665,59.333333333333336
bge_m3_1024d,zh_char,ROOT-5009,-1895.5384615384614,610.9230769230769
bge_m3_1024d,zh_char,ROOT-501D,17.0,16.0
bge_m3_1024d,zh_char,ROOT-50C9,289.4,541.0
bge_m3_1024d,zh_char,ROOT-5140,1298.75,1178.5
bge_m3_1024d,zh_char,ROOT-5143,361.57894736842104,597.5263157894736
bge_m3_1024d,zh_char,ROOT-5144,405.6666666666667,-126.66666666666667
bge_m3_1024d,zh_char,ROOT-5145,143.0,236.5
bge_m3_1024d,zh_char,ROOT-5146,872.7142857142857,806.2857142857143
bge_m3_1024d,zh_char,ROOT-5148,-342.25,905.25
bge_m3_1024d,zh_char,ROOT-5149,-372.25,-64.25
bge_m3_1024d,zh_char,ROOT-514B,50.0,100.0
bge_m3_1024d,zh_char,ROOT-514D,673.5454545454545,1040.7272727272727
bge_m3_1024d,zh_char,ROOT-5152,354.46153846153845,2929.6923076923076
bge_m3_1024d,zh_char,ROOT-5153,13.0,0.0
bge_m3_1024d,zh_char,ROOT-5154,652.0,-4.0
bge_m3_1024d,zh_char,ROOT-5165,420.5,1501.1666666666667
bge_m3_1024d,zh_char,ROOT-5168,201.1,1424.8
bge_m3_1024d,zh_char,ROOT-5169,-1359.25,1367.5
bge_m3_1024d,zh_char,ROOT-516A,0.0,-1.0
bge_m3_1024d,zh_char,ROOT-516B,965.1666666666666,327.5
bge_m3_1024d,zh_char,ROOT-516C,-22.666666666666668,67.08333333333333
bge_m3_1024d,zh_char,ROOT-516E,479.0,7.0
bge_m3_1024d,zh_char,ROOT-5171,374.3,1927.2
bge_m3_1024d,zh_char,ROOT-5176,381.0416666666667,-806.125
bge_m3_1024d,zh_char,ROOT-5177,2768.0,3157.0
bge_m3_1024d,zh_char,ROOT-5178,-5683.0,-15.0
bge_m3_1024d,zh_char,ROOT-517C,-25.157894736842106,970.421052631579
bge_m3_1024d,zh_char,ROOT-5180,-5755.0,-49.0
bge_m3_1024d,zh_char,ROOT-5183,716.0,72.0
bge_m3_1024d,zh_char,ROOT-5189,-2065.0,-1962.5
bge_m3_1024d,zh_char,ROOT-518A,742.0,1270.5
bge_m3_1024d,zh_char,ROOT-518E,432.9,694.15
bge_m3_1024d,zh_char,ROOT-518F,113.0,43.0
bge_m3_1024d,zh_char,ROOT-5193,356.0,973.8181818181819
bge_m3_1024d,zh_char,ROOT-5198,401.7,889.3
bge_m3_1024d,zh_char,ROOT-51A2,0.0,0.0
bge_m3_1024d,zh_char,ROOT-51A5,2650.0,-9.454545454545455
bge_m3_1024d,zh_char,ROOT-51AB,-374.0,-432.0
bge_m3_1024d,zh_char,ROOT-51E0,674.6666666666666,-184.66666666666666
bge_m3_1024d,zh_char,ROOT-51E1,-2150.818181818182,524.5454545454545
bge_m3_1024d,zh_char,ROOT-51F6,-73.0,537.3333333333334
bge_m3_1024d,zh_char,ROOT-51FA,-507.0,395.875
bge_m3_1024d,zh_char,ROOT-51FD,379.0,660.0
bge_m3_1024d,zh_char,ROOT-5200,44.65384615384615,766.0384615384615
bge_m3_1024d,zh_char,ROOT-5203,-1669.6666666666667,231.77777777777777
bge_m3_1024d,zh_char,ROOT-5206,412.8695652173913,992.2173913043479
bge_m3_1024d,zh_char,ROOT-5211,-2472.5,476.5
bge_m3_1024d,zh_char,ROOT-5217,1207.0,-6.0
bge_m3_1024d,zh_char,ROOT-5225,484.0,1117.0
bge_m3_1024d,zh_char,ROOT-5229,-2052.5,659.0
bge_m3_1024d,zh_char,ROOT-5236,-2870.0,-73.5
bge_m3_1024d,zh_char,ROOT-5247,-847.3333333333334,322.3333333333333
bge_m3_1024d,zh_char,ROOT-524D,7.5,3677.5
bge_m3_1024d,zh_char,ROOT-529B,-388.05,396.35
bge_m3_1024d,zh_char,ROOT-52A6,134.33333333333334,536.3333333333334
bge_m3_1024d,zh_char,ROOT-52DE,-267.5,1834.75
bge_m3_1024d,zh_char,ROOT-52F9,343.3333333333333,481.7083333333333
bge_m3_1024d,zh_char,ROOT-52FA,-637.7058823529412,251.1764705882353
bge_m3_1024d,zh_char,ROOT-52FB,-857.6,982.6
bge_m3_1024d,zh_char,ROOT-52FF,-555.3333333333334,347.8888888888889
bge_m3_1024d,zh_char,ROOT-5303,281.2692307692308,522.6153846153846
bge_m3_1024d,zh_char,ROOT-5305,-395.3333333333333,292.8888888888889
bge_m3_1024d,zh_char,ROOT-530A,702.4285714285714,1198.2857142857142
bge_m3_1024d,zh_char,ROOT-5315,-90.38461538461539,1023.8974358974359
bge_m3_1024d,zh_char,ROOT-5317,896.5,-1603.0
bge_m3_1024d,zh_char,ROOT-5321,265.3333333333333,-1321.0
bge_m3_1024d,zh_char,ROOT-5340,89.41176470588235,941.4117647058823
bge_m3_1024d,zh_char,ROOT-5341,97.0,451.0
bge_m3_1024d,zh_char,ROOT-5347,0.0,0.0
bge_m3_1024d,zh_char,ROOT-5348,344.25,317.0
bge_m3_1024d,zh_char,ROOT-5349,938.6428571428571,996.9285714285714
bge_m3_1024d,zh_char,ROOT-534A,-468.875,1015.375
bge_m3_1024d,zh_char,ROOT-5351,-284.875,517.75
bge_m3_1024d,zh_char,ROOT-5352,-951.6666666666666,213.38888888888889
bge_m3_1024d,zh_char,ROOT-5353,-885.3333333333334,202.16666666666666
bge_m3_1024d,zh_char,ROOT-5357,-3538.6666666666665,77.33333333333333
bge_m3_1024d,zh_char,ROOT-535C,-2529.75,295.5
bge_m3_1024d,zh_char,ROOT-535E,1493.0,61.0
bge_m3_1024d,zh_char,ROOT-5360,596.0952380952381,41.0
bge_m3_1024d,zh_char,ROOT-536C,81.0,503.6666666666667
bge_m3_1024d,zh_char,ROOT-5371,481.3333333333333,896.2222222222222
bge_m3_1024d,zh_char,ROOT-5373,31.0,72.5
bge_m3_1024d,zh_char,ROOT-5377,1191.0,910.4285714285714
bge_m3_1024d,zh_char,ROOT-5378,-1110.25,-37.75
bge_m3_1024d,zh_char,ROOT-5384,636.3333333333334,2136.6666666666665
bge_m3_1024d,zh_char,ROOT-539F,-2071.1428571428573,986.5714285714286
bge_m3_1024d,zh_char,ROOT-53B6,-609.1176470588235,224.1764705882353
bge_m3_1024d,zh_char,ROOT-53B7,1546.0,0.0
bge_m3_1024d,zh_char,ROOT-53BB,530.1428571428571,2072.8571428571427
bge_m3_1024d,zh_char,ROOT-53C3,1086.7,162.3
bge_m3_1024d,zh_char,ROOT-53C8,339.8181818181818,476.59090909090907
bge_m3_1024d,zh_char,ROOT-53C9,-2303.0,657.0
bge_m3_1024d,zh_char,ROOT-53CA,368.75,950.5
bge_m3_1024d,zh_char,ROOT-53CD,399.625,-245.125
bge_m3_1024d,zh_char,ROOT-53D6,837.7692307692307,987.0769230769231
bge_m3_1024d,zh_char,ROOT-53D7,-2710.5,198.0
bge_m3_1024d,zh_char,ROOT-53E3,1432.25,491.0
bge_m3_1024d,zh_char,ROOT-53E4,-279.45454545454544,738.4848484848485
bge_m3_1024d,zh_char,ROOT-53EA,183.8,2400.6
bge_m3_1024d,zh_char,ROOT-53F2,-4753.0,1631.0
bge_m3_1024d,zh_char,ROOT-53F8,-4031.4,561.4
bge_m3_1024d,zh_char,ROOT-5404,81.91666666666667,240.02777777777777
bge_m3_1024d,zh_char,ROOT-5405,218.25,474.75
bge_m3_1024d,zh_char,ROOT-5408,270.06060606060606,1389.8181818181818
bge_m3_1024d,zh_char,ROOT-5409,-171.6315789473684,371.4736842105263
bge_m3_1024d,zh_char,ROOT-540C,518.2,1060.4
bge_m3_1024d,zh_char,ROOT-540D,455.0,500.5
bge_m3_1024d,zh_char,ROOT-540E,-199.14285714285714,1195.2857142857142
bge_m3_1024d,zh_char,ROOT-5411,1408.0,1201.0
bge_m3_1024d,zh_char,ROOT-5433,204.42857142857142,-391.57142857142856
bge_m3_1024d,zh_char,ROOT-5442,378.4,1202.2
bge_m3_1024d,zh_char,ROOT-544A,-130.63636363636363,-86.18181818181819
bge_m3_1024d,zh_char,ROOT-5468,518.0,339.5
bge_m3_1024d,zh_char,ROOT-548E,1787.0,1585.5
bge_m3_1024d,zh_char,ROOT-54A2,493.75,986.5
bge_m3_1024d,zh_char,ROOT-54B8,-255.3846153846154,997.7692307692307
bge_m3_1024d,zh_char,ROOT-54C1,404.0,0.0
bge_m3_1024d,zh_char,ROOT-54E1,179.33333333333334,388.8888888888889
bge_m3_1024d,zh_char,ROOT-54E5,-2151.5,68.0
bge_m3_1024d,zh_char,ROOT-5584,401.6666666666667,1542.0
bge_m3_1024d,zh_char,ROOT-55AE,305.5652173913044,681.0
bge_m3_1024d,zh_char,ROOT-55BF,192.86666666666667,525.8
bge_m3_1024d,zh_char,ROOT-55C7,1494.1666666666667,96.33333333333333
bge_m3_1024d,zh_char,ROOT-56B4,549.5,822.5
bge_m3_1024d,zh_char,ROOT-56D7,69.81818181818181,1073.1818181818182
bge_m3_1024d,zh_char,ROOT-56DA,753.0,0.0
bge_m3_1024d,zh_char,ROOT-56DB,371.5,524.75
bge_m3_1024d,zh_char,ROOT-56DE,825.75,1327.75
bge_m3_1024d,zh_char,ROOT-56E0,-523.1666666666666,670.6666666666666
bge_m3_1024d,zh_char,ROOT-56F0,990.0,1.0
bge_m3_1024d,zh_char,ROOT-56F7,255.5,350.0
bge_m3_1024d,zh_char,ROOT-56FA,-1196.4285714285713,66.42857142857143
bge_m3_1024d,zh_char,ROOT-5702,6.5,6.5
bge_m3_1024d,zh_char,ROOT-571F,43.25,-147.5
bge_m3_1024d,zh_char,ROOT-5725,-27.0,-263.75
bge_m3_1024d,zh_char,ROOT-572D,230.39285714285714,159.39285714285714
bge_m3_1024d,zh_char,ROOT-5750,981.0,768.75
bge_m3_1024d,zh_char,ROOT-5782,1214.5,-149.5
bge_m3_1024d,zh_char,ROOT-5794,19.0,-2.0
bge_m3_1024d,zh_char,ROOT-57F6,162.25,274.0
bge_m3_1024d,zh_char,ROOT-57F7,633.25,715.25
bge_m3_1024d,zh_char,ROOT-5807,899.0,86.22222222222223
bge_m3_1024d,zh_char,ROOT-582F,-645.3913043478261,214.34782608695653
bge_m3_1024d,zh_char,ROOT-58EB,-4085.5,54.75
bge_m3_1024d,zh_char,ROOT-58EC,-285.375,651.25
bge_m3_1024d,zh_char,ROOT-58F4,-1512.0,108.33333333333333
bge_m3_1024d,zh_char,ROOT-58F9,335.0,3807.8
bge_m3_1024d,zh_char,ROOT-58FD,-580.2,474.4
bge_m3_1024d,zh_char,ROOT-5903,-2781.5,-25.5
bge_m3_1024d,zh_char,ROOT-590B,6654.0,-5305.0
bge_m3_1024d,zh_char,ROOT-590C,363.5,663.75
bge_m3_1024d,zh_char,ROOT-590D,1145.0,1697.0
bge_m3_1024d,zh_char,ROOT-590F,834.3333333333334,585.3333333333334
bge_m3_1024d,zh_char,ROOT-5915,-2345.5,9.5
bge_m3_1024d,zh_char,ROOT-5917,-289.0,729.0
bge_m3_1024d,zh_char,ROOT-591A,475.84615384615387,903.6923076923077
bge_m3_1024d,zh_char,ROOT-591C,680.3333333333334,917.0
bge_m3_1024d,zh_char,ROOT-5922,447.0,424.0
bge_m3_1024d,zh_char,ROOT-5927,283.8333333333333,211.0
bge_m3_1024d,zh_char,ROOT-5929,354.0,310.75
bge_m3_1024d,zh_char,ROOT-592A,-638.0,-311.0
bge_m3_1024d,zh_char,ROOT-592B,-283.22222222222223,791.1111111111111
bge_m3_1024d,zh_char,ROOT-592C,242.66666666666666,474.5
bge_m3_1024d,zh_char,ROOT-592D,-56.333333333333336,133.33333333333334
bge_m3_1024d,zh_char,ROOT-592E,-9.615384615384615,509.3076923076923
bge_m3_1024d,zh_char,ROOT-5932,-1510.5,99.5
bge_m3_1024d,zh_char,ROOT-5937,1310.6666666666667,882.3333333333334
bge_m3_1024d,zh_char,ROOT-593E,208.07142857142858,396.07142857142856
bge_m3_1024d,zh_char,ROOT-5944,1906.75,149.375
bge_m3_1024d,zh_char,ROOT-5948,1168.0,1008.0
bge_m3_1024d,zh_char,ROOT-5949,-168.83333333333334,43.333333333333336
bge_m3_1024d,zh_char,ROOT-594F,-1218.5,31.0
bge_m3_1024d,zh_char,ROOT-5950,276.75,353.5
bge_m3_1024d,zh_char,ROOT-595A,1194.5,1375.75
bge_m3_1024d,zh_char,ROOT-5967,-456.6666666666667,771.6666666666666
bge_m3_1024d,zh_char,ROOT-5973,-338.04545454545456,113.31818181818181
bge_m3_1024d,zh_char,ROOT-599F,401.25,975.75
bge_m3_1024d,zh_char,ROOT-59A5,-681.25,233.75
bge_m3_1024d,zh_char,ROOT-59BB,35.125,495.125
bge_m3_1024d,zh_char,ROOT-59BE,1952.2,270.2
bge_m3_1024d,zh_char,ROOT-59E6,2594.0,0.0
bge_m3_1024d,zh_char,ROOT-5A41,-1953.7058823529412,386.88235294117646
bge_m3_1024d,zh_char,ROOT-5B50,35.714285714285715,859.0
bge_m3_1024d,zh_char,ROOT-5B54,1868.0,2239.0
bge_m3_1024d,zh_char,ROOT-5B58,-1036.3333333333333,-63.333333333333336
bge_m3_1024d,zh_char,ROOT-5B5A,1430.0,286.9166666666667
bge_m3_1024d,zh_char,ROOT-5B5B,-1926.0,-10.0
bge_m3_1024d,zh_char,ROOT-5B5D,-4908.5,617.0
bge_m3_1024d,zh_char,ROOT-5B63,1008.0,842.0
bge_m3_1024d,zh_char,ROOT-5B68,2300.0,287.0
bge_m3_1024d,zh_char,ROOT-5B6B,-2767.0,18.0
bge_m3_1024d,zh_char,ROOT-5B81,637.1666666666666,357.0
bge_m3_1024d,zh_char,ROOT-5B83,352.09090909090907,555.0909090909091
bge_m3_1024d,zh_char,ROOT-5B88,703.0,757.0
bge_m3_1024d,zh_char,ROOT-5B89,65.0,82.66666666666667
bge_m3_1024d,zh_char,ROOT-5B97,-640.875,536.25
bge_m3_1024d,zh_char,ROOT-5B98,240.45454545454547,283.1818181818182
bge_m3_1024d,zh_char,ROOT-5B9A,-698.25,779.0
bge_m3_1024d,zh_char,ROOT-5B9C,-164.0,37.0
bge_m3_1024d,zh_char,ROOT-5BA3,-875.4,30.6
bge_m3_1024d,zh_char,ROOT-5BB3,-1788.2,45.2
bge_m3_1024d,zh_char,ROOT-5BB6,-1771.0,-1876.6666666666667
bge_m3_1024d,zh_char,ROOT-5BBF,-1143.6666666666667,409.6666666666667
bge_m3_1024d,zh_char,ROOT-5BC5,-117.6,1958.8
bge_m3_1024d,zh_char,ROOT-5BC7,462.0,-167.0
bge_m3_1024d,zh_char,ROOT-5BCD,44.0,430.8333333333333
bge_m3_1024d,zh_char,ROOT-5BD2,1351.0,216.0
bge_m3_1024d,zh_char,ROOT-5BF8,631.8,754.6
bge_m3_1024d,zh_char,ROOT-5C01,2132.0,11.0
bge_m3_1024d,zh_char,ROOT-5C07,168.8,449.4
bge_m3_1024d,zh_char,ROOT-5C08,-668.9333333333333,593.5333333333333
bge_m3_1024d,zh_char,ROOT-5C09,259.4,374.8
bge_m3_1024d,zh_char,ROOT-5C0A,903.8888888888889,-18.666666666666668
bge_m3_1024d,zh_char,ROOT-5C0B,1171.3333333333333,512.3333333333334
bge_m3_1024d,zh_char,ROOT-5C0C,628.3333333333334,1671.0
bge_m3_1024d,zh_char,ROOT-5C0D,238.5,2581.5
bge_m3_1024d,zh_char,ROOT-5C0F,-141.625,227.08333333333334
bge_m3_1024d,zh_char,ROOT-5C17,341.0,-393.0769230769231
bge_m3_1024d,zh_char,ROOT-5C1A,-7.185185185185185,986.2592592592592
bge_m3_1024d,zh_char,ROOT-5C28,-4.5,-15.25
bge_m3_1024d,zh_char,ROOT-5C39,354.7,769.9
bge_m3_1024d,zh_char,ROOT-5C3E,185.0,834.0
bge_m3_1024d,zh_char,ROOT-5C40,1734.0,-20.0
bge_m3_1024d,zh_char,ROOT-5C48,-469.3333333333333,608.0
bge_m3_1024d,zh_char,ROOT-5C4B,-25.0,1459.8333333333333
bge_m3_1024d,zh_char,ROOT-5C55,900.5,-1356.0
bge_m3_1024d,zh_char,ROOT-5C6F,-303.9,51.0
bge_m3_1024d,zh_char,ROOT-5C70,652.2,63.2
bge_m3_1024d,zh_char,ROOT-5C71,607.0,769.75
bge_m3_1024d,zh_char,ROOT-5CA1,-1960.5,819.1666666666666
bge_m3_1024d,zh_char,ROOT-5CF6,1748.0,2322.0
bge_m3_1024d,zh_char,ROOT-5D52,682.0,291.0
bge_m3_1024d,zh_char,ROOT-5DC2,121.85714285714286,453.14285714285717
bge_m3_1024d,zh_char,ROOT-5DDD,-824.8,133.2
bge_m3_1024d,zh_char,ROOT-5DDE,-3434.3333333333335,57.333333333333336
bge_m3_1024d,zh_char,ROOT-5DDF,-2745.5,219.0
bge_m3_1024d,zh_char,ROOT-5DE2,1567.5,336.5
bge_m3_1024d,zh_char,ROOT-5DE5,-66.65517241379311,505.0344827586207
bge_m3_1024d,zh_char,ROOT-5DE6,-867.0,-28.0
bge_m3_1024d,zh_char,ROOT-5DE8,679.1818181818181,556.4545454545455
bge_m3_1024d,zh_char,ROOT-5DEB,241.0,805.0
bge_m3_1024d,zh_char,ROOT-5DEE,489.3333333333333,386.6666666666667
bge_m3_1024d,zh_char,ROOT-5DF1,-233.35714285714286,360.35714285714283
bge_m3_1024d,zh_char,ROOT-5DF3,-318.5,347.75
bge_m3_1024d,zh_char,ROOT-5DF4,781.9230769230769,1231.076923076923
bge_m3_1024d,zh_char,ROOT-5DFF,755.5,3399.0
bge_m3_1024d,zh_char,ROOT-5E00,-2769.5,64.0
bge_m3_1024d,zh_char,ROOT-5E0C,-792.0,634.9
bge_m3_1024d,zh_char,ROOT-5E1A,-2290.5,578.5
bge_m3_1024d,zh_char,ROOT-5E1D,-507.0,218.71428571428572
bge_m3_1024d,zh_char,ROOT-5E2D,1.0,9.0
bge_m3_1024d,zh_char,ROOT-5E36,1063.3333333333333,101.66666666666667
bge_m3_1024d,zh_char,ROOT-5E72,-962.3703703703703,387.51851851851853
bge_m3_1024d,zh_char,ROOT-5E73,-310.1111111111111,71.88888888888889
bge_m3_1024d,zh_char,ROOT-5E75,456.6666666666667,2002.0
bge_m3_1024d,zh_char,ROOT-5E78,464.0,-1537.3333333333333
bge_m3_1024d,zh_char,ROOT-5E79,1511.0,-11.0
bge_m3_1024d,zh_char,ROOT-5E7A,-78.5,799.8333333333334
bge_m3_1024d,zh_char,ROOT-5E9A,253.0,53.0
bge_m3_1024d,zh_char,ROOT-5EB6,126.71428571428571,297.42857142857144
bge_m3_1024d,zh_char,ROOT-5EB7,-1351.3333333333333,380.6666666666667
bge_m3_1024d,zh_char,ROOT-5EDB,208.5,1218.5
bge_m3_1024d,zh_char,ROOT-5EFA,-607.8333333333334,663.1666666666666
bge_m3_1024d,zh_char,ROOT-5F01,1128.0,1012.0
bge_m3_1024d,zh_char,ROOT-5F04,2506.5,136.5
bge_m3_1024d,zh_char,ROOT-5F0B,-998.4666666666667,150.66666666666666
bge_m3_1024d,zh_char,ROOT-5F0D,146.5,144.0
bge_m3_1024d,zh_char,ROOT-5F13,-2346.0,486.5
bge_m3_1024d,zh_char,ROOT-5F14,-866.0,266.0
bge_m3_1024d,zh_char,ROOT-5F15,1850.4,410.8
bge_m3_1024d,zh_char,ROOT-5F17,257.38461538461536,881.2307692307693
bge_m3_1024d,zh_char,ROOT-5F1F,-169.45454545454547,795.8181818181819
bge_m3_1024d,zh_char,ROOT-5F31,1056.25,1058.75
bge_m3_1024d,zh_char,ROOT-5F54,119.66666666666667,327.77777777777777
bge_m3_1024d,zh_char,ROOT-5F56,242.55555555555554,575.5555555555555
bge_m3_1024d,zh_char,ROOT-5F57,1015.4,-48.2
bge_m3_1024d,zh_char,ROOT-5F6A,1090.0,-266.0
bge_m3_1024d,zh_char,ROOT-5F6D,-2742.5,72.5
bge_m3_1024d,zh_char,ROOT-5F80,449.0,11.0
bge_m3_1024d,zh_char,ROOT-5F99,3573.0,1.0
bge_m3_1024d,zh_char,ROOT-5F9E,238.25,989.125
bge_m3_1024d,zh_char,ROOT-5FA9,1384.0,11.0
bge_m3_1024d,zh_char,ROOT-5FB9,440.0,592.0
bge_m3_1024d,zh_char,ROOT-5FC3,-2590.5,403.5
bge_m3_1024d,zh_char,ROOT-5FC5,384.05882352941177,1288.5294117647059
bge_m3_1024d,zh_char,ROOT-601D,595.4,-544.6
bge_m3_1024d,zh_char,ROOT-6046,502.0,30.0
bge_m3_1024d,zh_char,ROOT-606F,-2890.0,514.0
bge_m3_1024d,zh_char,ROOT-60E0,159.0,369.6666666666667
bge_m3_1024d,zh_char,ROOT-60E2,482.0,1857.0
bge_m3_1024d,zh_char,ROOT-610F,131.6,840.4
bge_m3_1024d,zh_char,ROOT-611B,242.5,441.5
bge_m3_1024d,zh_char,ROOT-61B2,2196.0,-11.0
bge_m3_1024d,zh_char,ROOT-6208,555.0,1103.0
bge_m3_1024d,zh_char,ROOT-620A,-5602.0,10.0
bge_m3_1024d,zh_char,ROOT-620D,702.25,2269.75
bge_m3_1024d,zh_char,ROOT-620E,-5032.0,991.0
bge_m3_1024d,zh_char,ROOT-6211,699.4444444444445,693.5555555555555
bge_m3_1024d,zh_char,ROOT-6212,-846.5,-69.25
bge_m3_1024d,zh_char,ROOT-6214,301.26666666666665,772.4
bge_m3_1024d,zh_char,ROOT-6216,-503.9166666666667,-184.25
bge_m3_1024d,zh_char,ROOT-6236,-1175.4,-101.4
bge_m3_1024d,zh_char,ROOT-6241,-113.6,671.1333333333333
bge_m3_1024d,zh_char,ROOT-6247,224.0,185.0
bge_m3_1024d,zh_char,ROOT-624B,857.6428571428571,-481.92857142857144
bge_m3_1024d,zh_char,ROOT-624D,-843.0,774.5
bge_m3_1024d,zh_char,ROOT-6298,514.25,212.75
bge_m3_1024d,zh_char,ROOT-62DC,184.0,276.0
bge_m3_1024d,zh_char,ROOT-652F,-259.5,229.21428571428572
bge_m3_1024d,zh_char,ROOT-6538,-272.6666666666667,345.1333333333333
bge_m3_1024d,zh_char,ROOT-6544,919.3333333333334,771.0
bge_m3_1024d,zh_char,ROOT-6556,-48.25,902.0
bge_m3_1024d,zh_char,ROOT-6558,1994.0,0.0
bge_m3_1024d,zh_char,ROOT-6562,1193.0,978.5
bge_m3_1024d,zh_char,ROOT-6563,-2867.0,-310.5
bge_m3_1024d,zh_char,ROOT-6566,-5175.0,750.0
bge_m3_1024d,zh_char,ROOT-6578,619.5,282.5
bge_m3_1024d,zh_char,ROOT-6587,-252.0,-1816.8181818181818
bge_m3_1024d,zh_char,ROOT-658C,344.0,0.0
bge_m3_1024d,zh_char,ROOT-6597,1086.6666666666667,902.0
bge_m3_1024d,zh_char,ROOT-65A4,528.1739130434783,260.60869565217394
bge_m3_1024d,zh_char,ROOT-65AC,219.875,4.5
bge_m3_1024d,zh_char,ROOT-65B0,50.0,84.0
bge_m3_1024d,zh_char,ROOT-65B9,13.136363636363637,808.2727272727273
bge_m3_1024d,zh_char,ROOT-65BC,899.25,1977.5
bge_m3_1024d,zh_char,ROOT-65C1,-1538.6,871.8
bge_m3_1024d,zh_char,ROOT-65C5,1194.0,-290.0
bge_m3_1024d,zh_char,ROOT-65CB,552.0,-183.33333333333334
bge_m3_1024d,zh_char,ROOT-65CF,215.6,-12.6
bge_m3_1024d,zh_char,ROOT-65E2,255.0,61.0
bge_m3_1024d,zh_char,ROOT-65E5,690.0,1814.0
bge_m3_1024d,zh_char,ROOT-65E6,171.125,360.9583333333333
bge_m3_1024d,zh_char,ROOT-65E8,47.6,97.2
bge_m3_1024d,zh_char,ROOT-65EC,-116.14285714285714,471.42857142857144
bge_m3_1024d,zh_char,ROOT-6606,486.1111111111111,-712.2222222222222
bge_m3_1024d,zh_char,ROOT-660C,-2210.8333333333335,492.1666666666667
bge_m3_1024d,zh_char,ROOT-660E,220.0,442.0
bge_m3_1024d,zh_char,ROOT-660F,435.25,1042.5
bge_m3_1024d,zh_char,ROOT-6613,272.55555555555554,1229.888888888889
bge_m3_1024d,zh_char,ROOT-6614,1232.25,1039.25
bge_m3_1024d,zh_char,ROOT-661C,381.1904761904762,760.4761904761905
bge_m3_1024d,zh_char,ROOT-661F,503.25,653.0
bge_m3_1024d,zh_char,ROOT-6625,740.0,1697.0
bge_m3_1024d,zh_char,ROOT-662F,46.68421052631579,785.6315789473684
bge_m3_1024d,zh_char,ROOT-6631,-93.0,-5.0
bge_m3_1024d,zh_char,ROOT-6649,498.0,-17.0
bge_m3_1024d,zh_char,ROOT-66F0,1758.5,723.5
bge_m3_1024d,zh_char,ROOT-66F4,209.0,-243.5
bge_m3_1024d,zh_char,ROOT-66FC,-959.4615384615385,314.7692307692308
bge_m3_1024d,zh_char,ROOT-66FE,1255.0,584.1
bge_m3_1024d,zh_char,ROOT-6700,626.0,1149.0
bge_m3_1024d,zh_char,ROOT-6701,95.625,379.25
bge_m3_1024d,zh_char,ROOT-6703,466.42857142857144,1193.642857142857
bge_m3_1024d,zh_char,ROOT-6708,1112.0,17.0
bge_m3_1024d,zh_char,ROOT-670B,-224.9090909090909,37.45454545454545
bge_m3_1024d,zh_char,ROOT-670D,325.0,101.0
bge_m3_1024d,zh_char,ROOT-6715,600.3333333333334,43.333333333333336
bge_m3_1024d,zh_char,ROOT-671D,-1095.6666666666667,744.0
bge_m3_1024d,zh_char,ROOT-6728,696.0,313.5
bge_m3_1024d,zh_char,ROOT-672A,600.1428571428571,449.85714285714283
bge_m3_1024d,zh_char,ROOT-672B,321.8333333333333,1115.5
bge_m3_1024d,zh_char,ROOT-672C,-299.0,-6046.0
bge_m3_1024d,zh_char,ROOT-672E,-139.66666666666666,25.833333333333332
bge_m3_1024d,zh_char,ROOT-6731,-1311.8461538461538,927.5384615384615
bge_m3_1024d,zh_char,ROOT-6735,-4548.0,706.0
bge_m3_1024d,zh_char,ROOT-673F,555.0,1069.5
bge_m3_1024d,zh_char,ROOT-6740,-5379.0,443.0
bge_m3_1024d,zh_char,ROOT-675F,-90.54545454545455,748.1818181818181
bge_m3_1024d,zh_char,ROOT-6771,-50.333333333333336,270.25
bge_m3_1024d,zh_char,ROOT-6797,-1242.8181818181818,-790.4545454545455
bge_m3_1024d,zh_char,ROOT-679C,-146.0,802.9166666666666
bge_m3_1024d,zh_char,ROOT-67D0,220.0,265.0
bge_m3_1024d,zh_char,ROOT-67EC,-1249.2962962962963,351.8888888888889
bge_m3_1024d,zh_char,ROOT-6817,1132.0,-14.0
bge_m3_1024d,zh_char,ROOT-6840,4143.5,-30.0
bge_m3_1024d,zh_char,ROOT-6851,1739.0,0.0
bge_m3_1024d,zh_char,ROOT-687C,712.0,1553.5
bge_m3_1024d,zh_char,ROOT-689F,1018.0,2966.0
bge_m3_1024d,zh_char,ROOT-68D8,3216.0,-133.0
bge_m3_1024d,zh_char,ROOT-696D,627.0,4204.0
bge_m3_1024d,zh_char,ROOT-69AE,319.5,146.5
bge_m3_1024d,zh_char,ROOT-6A02,634.0909090909091,972.3636363636364
bge_m3_1024d,zh_char,ROOT-6A0A,-1403.0,-94.0
bge_m3_1024d,zh_char,ROOT-6B20,119.0,364.5
bge_m3_1024d,zh_char,ROOT-6B2E,-324.42857142857144,976.4285714285714
bge_m3_1024d,zh_char,ROOT-6B3D,2400.0,-7.0
bge_m3_1024d,zh_char,ROOT-6B62,-14.8,558.8
bge_m3_1024d,zh_char,ROOT-6B63,115.0,154.4
bge_m3_1024d,zh_char,ROOT-6B65,1407.5,1057.0
bge_m3_1024d,zh_char,ROOT-6B66,1295.5,-1306.5
bge_m3_1024d,zh_char,ROOT-6B78,951.0,186.0
bge_m3_1024d,zh_char,ROOT-6BB3,138.33333333333334,137.0
bge_m3_1024d,zh_char,ROOT-6BB5,-2683.75,383.75
bge_m3_1024d,zh_char,ROOT-6BB7,230.0,-14.0
bge_m3_1024d,zh_char,ROOT-6BBF,2304.0,1927.5
bge_m3_1024d,zh_char,ROOT-6BC0,0.0,0.0
bge_m3_1024d,zh_char,ROOT-6BCC,-3441.0,2076.6666666666665
bge_m3_1024d,zh_char,ROOT-6BCD,-1816.0,37.666666666666664
bge_m3_1024d,zh_char,ROOT-6BCE,-5541.0,234.0
bge_m3_1024d,zh_char,ROOT-6BCF,158.0,355.0
bge_m3_1024d,zh_char,ROOT-6BD4,134.76923076923077,1015.6153846153846
bge_m3_1024d,zh_char,ROOT-6BDA,-315.3333333333333,649.1111111111111
bge_m3_1024d,zh_char,ROOT-6BDB,470.5,745.3333333333334
bge_m3_1024d,zh_char,ROOT-6BF3,142.33333333333334,302.3333333333333
bge_m3_1024d,zh_char,ROOT-6C0F,386.55555555555554,-42.22222222222222
bge_m3_1024d,zh_char,ROOT-6C10,172.68421052631578,743.9473684210526
bge_m3_1024d,zh_char,ROOT-6C11,372.0,405.4
bge_m3_1024d,zh_char,ROOT-6C14,383.6666666666667,275.5
bge_m3_1024d,zh_char,ROOT-6C38,-2388.0,613.5
bge_m3_1024d,zh_char,ROOT-6C42,-549.25,-633.6666666666666
bge_m3_1024d,zh_char,ROOT-6C93,3034.25,43.25
bge_m3_1024d,zh_char,ROOT-6C99,-2398.0,-1032.0
bge_m3_1024d,zh_char,ROOT-6C9B,-5508.0,45.0
bge_m3_1024d,zh_char,ROOT-6CC9,-2491.0,606.5
bge_m3_1024d,zh_char,ROOT-6CD5,-5493.0,136.0
bge_m3_1024d,zh_char,ROOT-6D3B,239.0,-5216.0
bge_m3_1024d,zh_char,ROOT-6ED5,-2573.0,266.5
bge_m3_1024d,zh_char,ROOT-6FD5,2749.0,100.0
bge_m3_1024d,zh_char,ROOT-706B,1868.0,-87.5
bge_m3_1024d,zh_char,ROOT-708E,146.16666666666666,323.0
bge_m3_1024d,zh_char,ROOT-7097,-1232.5,411.0
bge_m3_1024d,zh_char,ROOT-70CF,-1269.75,324.75
bge_m3_1024d,zh_char,ROOT-7109,571.75,1294.5
bge_m3_1024d,zh_char,ROOT-7121,639.5,1309.0
bge_m3_1024d,zh_char,ROOT-7126,26.666666666666668,288.22222222222223
bge_m3_1024d,zh_char,ROOT-7136,652.0,367.3333333333333
bge_m3_1024d,zh_char,ROOT-7169,2097.0,0.0
bge_m3_1024d,zh_char,ROOT-718F,1189.2,17.2
bge_m3_1024d,zh_char,ROOT-71D5,715.5,862.0
bge_m3_1024d,zh_char,ROOT-71DF,1881.0,-4.0
bge_m3_1024d,zh_char,ROOT-722A,1504.0,-58.0
bge_m3_1024d,zh_char,ROOT-722D,142.14285714285714,728.8571428571429
bge_m3_1024d,zh_char,ROOT-7230,-6.545454545454546,420.27272727272725
bge_m3_1024d,zh_char,ROOT-7235,2382.0,385.0
bge_m3_1024d,zh_char,ROOT-7236,-138.68421052631578,-55.73684210526316
bge_m3_1024d,zh_char,ROOT-723B,-3521.3333333333335,238.33333333333334
bge_m3_1024d,zh_char,ROOT-723D,1097.0,176.0
bge_m3_1024d,zh_char,ROOT-723E,-1561.0,-57.5
bge_m3_1024d,zh_char,ROOT-723F,-1632.3333333333333,426.5
bge_m3_1024d,zh_char,ROOT-7259,-1076.75,-607.875
bge_m3_1024d,zh_char,ROOT-72AC,1298.0,123.0
bge_m3_1024d,zh_char,ROOT-72AE,202.9090909090909,483.54545454545456
bge_m3_1024d,zh_char,ROOT-72C2,246.0,5352.0
bge_m3_1024d,zh_char,ROOT-72C4,1246.6666666666667,140.33333333333334
bge_m3_1024d,zh_char,ROOT-72CA,6.0,6.0
bge_m3_1024d,zh_char,ROOT-730B,817.0,1413.0
bge_m3_1024d,zh_char,ROOT-7312,-2306.5,163.75
bge_m3_1024d,zh_char,ROOT-7384,-2863.6666666666665,538.8888888888889
bge_m3_1024d,zh_char,ROOT-7387,1054.5,1417.0
bge_m3_1024d,zh_char,ROOT-7389,456.0,0.0
bge_m3_1024d,zh_char,ROOT-738B,-1849.0,-223.33333333333334
bge_m3_1024d,zh_char,ROOT-74DC,304.3,677.9
bge_m3_1024d,zh_char,ROOT-7504,918.0,74.0
bge_m3_1024d,zh_char,ROOT-7518,-767.9090909090909,354.0
bge_m3_1024d,zh_char,ROOT-751A,-1164.4615384615386,472.61538461538464
bge_m3_1024d,zh_char,ROOT-751F,-790.8571428571429,-776.1428571428571
bge_m3_1024d,zh_char,ROOT-7522,469.0,915.0
bge_m3_1024d,zh_char,ROOT-7528,-1276.1666666666667,546.5555555555555
bge_m3_1024d,zh_char,ROOT-752B,-686.060606060606,308.45454545454544
bge_m3_1024d,zh_char,ROOT-7530,-2288.5,128.0
bge_m3_1024d,zh_char,ROOT-7531,174.05882352941177,-398.29411764705884
bge_m3_1024d,zh_char,ROOT-7532,-349.44444444444446,-644.1111111111111
bge_m3_1024d,zh_char,ROOT-7533,-3967.4,221.4
bge_m3_1024d,zh_char,ROOT-7539,722.2,1346.0
bge_m3_1024d,zh_char,ROOT-7540,1326.5,394.0
bge_m3_1024d,zh_char,ROOT-754F,883.6,189.8
bge_m3_1024d,zh_char,ROOT-7550,-5358.0,250.0
bge_m3_1024d,zh_char,ROOT-755C,459.6666666666667,771.6666666666666
bge_m3_1024d,zh_char,ROOT-755F,120.5,381.5
bge_m3_1024d,zh_char,ROOT-7562,575.6,267.4
bge_m3_1024d,zh_char,ROOT-756B,329.5,1.0
bge_m3_1024d,zh_char,ROOT-7570,1063.0,485.3333333333333
bge_m3_1024d,zh_char,ROOT-758B,2028.9,-25.8
bge_m3_1024d,zh_char,ROOT-758C,108.11111111111111,290.3333333333333
bge_m3_1024d,zh_char,ROOT-7591,-1349.5714285714287,-669.0
bge_m3_1024d,zh_char,ROOT-75BE,-5617.0,-22.0
bge_m3_1024d,zh_char,ROOT-7678,881.6,444.2
bge_m3_1024d,zh_char,ROOT-7679,-1313.5,-216.5
bge_m3_1024d,zh_char,ROOT-767D,-1108.375,433.0625
bge_m3_1024d,zh_char,ROOT-7683,-5514.0,-83.0
bge_m3_1024d,zh_char,ROOT-7686,-1409.0,145.0
bge_m3_1024d,zh_char,ROOT-7687,775.0,1282.625
bge_m3_1024d,zh_char,ROOT-7695,19.0,-15.0
bge_m3_1024d,zh_char,ROOT-76AE,-1373.157894736842,205.8421052631579
bge_m3_1024d,zh_char,ROOT-76BF,960.0,918.3333333333334
bge_m3_1024d,zh_char,ROOT-76CA,169.625,1548.125
bge_m3_1024d,zh_char,ROOT-76CD,1126.0,2075.0
bge_m3_1024d,zh_char,ROOT-76E1,364.75,593.75
bge_m3_1024d,zh_char,ROOT-76E3,-2066.818181818182,557.1818181818181
bge_m3_1024d,zh_char,ROOT-76F4,96.8,-29.8
bge_m3_1024d,zh_char,ROOT-76F8,-2384.714285714286,470.0
bge_m3_1024d,zh_char,ROOT-76FE,1025.75,402.0
bge_m3_1024d,zh_char,ROOT-7701,27.0,277.0
bge_m3_1024d,zh_char,ROOT-7707,292.0,894.3333333333334
bge_m3_1024d,zh_char,ROOT-7709,252.0,483.0
bge_m3_1024d,zh_char,ROOT-7714,-109.5,-231.0
bge_m3_1024d,zh_char,ROOT-771F,150.0,2359.5
bge_m3_1024d,zh_char,ROOT-773E,823.0,276.0
bge_m3_1024d,zh_char,ROOT-776A,831.3333333333334,495.3333333333333
bge_m3_1024d,zh_char,ROOT-777F,577.5,1160.5
bge_m3_1024d,zh_char,ROOT-77DB,-43.23076923076923,119.0
bge_m3_1024d,zh_char,ROOT-77DE,110.18181818181819,209.1818181818182
bge_m3_1024d,zh_char,ROOT-77E2,-877.6666666666666,1077.5
bge_m3_1024d,zh_char,ROOT-77F3,-434.7142857142857,1145.2857142857142
bge_m3_1024d,zh_char,ROOT-793A,-810.0,-978.0
bge_m3_1024d,zh_char,ROOT-796D,446.0,-683.3333333333334
bge_m3_1024d,zh_char,ROOT-79B9,1017.5,-116.33333333333333
bge_m3_1024d,zh_char,ROOT-79BA,843.9285714285714,1039.0714285714287
bge_m3_1024d,zh_char,ROOT-79BB,279.54545454545456,160.27272727272728
bge_m3_1024d,zh_char,ROOT-79BE,-639.0,354.73333333333335
bge_m3_1024d,zh_char,ROOT-79C0,476.6666666666667,587.3333333333334
bge_m3_1024d,zh_char,ROOT-79CB,-914.2857142857143,-98.0
bge_m3_1024d,zh_char,ROOT-79DD,153.5,157.0
bge_m3_1024d,zh_char,ROOT-79E6,934.5,1484.0
bge_m3_1024d,zh_char,ROOT-7ACB,533.375,896.0
bge_m3_1024d,zh_char,ROOT-7ADF,772.0,519.0
bge_m3_1024d,zh_char,ROOT-7AE0,406.6666666666667,1558.6666666666667
bge_m3_1024d,zh_char,ROOT-7AE5,285.9230769230769,452.84615384615387
bge_m3_1024d,zh_char,ROOT-7AF9,561.0,336.0
bge_m3_1024d,zh_char,ROOT-7B6E,264.5,683.5
bge_m3_1024d,zh_char,ROOT-7B97,-2054.5,64.5
bge_m3_1024d,zh_char,ROOT-7C73,-1.6666666666666667,-387.8333333333333
bge_m3_1024d,zh_char,ROOT-7CDE,2361.0,18.0
bge_m3_1024d,zh_char,ROOT-7CFB,968.5,2716.0
bge_m3_1024d,zh_char,ROOT-7D2F,1392.6666666666667,329.6666666666667
bge_m3_1024d,zh_char,ROOT-7D55,1069.0,-25.0
bge_m3_1024d,zh_char,ROOT-7DBF,0.0,0.0
bge_m3_1024d,zh_char,ROOT-7E23,-305.0,-487.0
bge_m3_1024d,zh_char,ROOT-7E6B,2972.0,25.0
bge_m3_1024d,zh_char,ROOT-7E6D,3018.0,11.0
bge_m3_1024d,zh_char,ROOT-7F54,-1054.0,-126.0
bge_m3_1024d,zh_char,ROOT-7F72,707.5,593.5
bge_m3_1024d,zh_char,ROOT-7F77,1286.5,-25.5
bge_m3_1024d,zh_char,ROOT-7F7D,266.0,0.0
bge_m3_1024d,zh_char,ROOT-7F85,-0.3333333333333333,19.666666666666668
bge_m3_1024d,zh_char,ROOT-7F8A,752.3846153846154,596.6153846153846
bge_m3_1024d,zh_char,ROOT-7F94,146.0,152.0
bge_m3_1024d,zh_char,ROOT-7FA9,-823.1,1244.6
bge_m3_1024d,zh_char,ROOT-7FBD,-5507.0,155.0
bge_m3_1024d,zh_char,ROOT-7FCF,22.636363636363637,547.7272727272727
bge_m3_1024d,zh_char,ROOT-7FD2,395.625,448.125
bge_m3_1024d,zh_char,ROOT-7FDF,1462.8181818181818,204.0
bge_m3_1024d,zh_char,ROOT-800C,-63.90909090909091,744.5454545454545
bge_m3_1024d,zh_char,ROOT-8011,422.54545454545456,1051.2727272727273
bge_m3_1024d,zh_char,ROOT-8012,1067.0,55.0
bge_m3_1024d,zh_char,ROOT-8024,-652.0,-554.0
bge_m3_1024d,zh_char,ROOT-8033,77.16666666666667,891.1666666666666
bge_m3_1024d,zh_char,ROOT-8034,-118.0,131.0
bge_m3_1024d,zh_char,ROOT-8036,900.0,1506.0
bge_m3_1024d,zh_char,ROOT-8056,38.0,2494.5
bge_m3_1024d,zh_char,ROOT-8076,-57.0,269.14285714285717
bge_m3_1024d,zh_char,ROOT-807D,220.0,250.0
bge_m3_1024d,zh_char,ROOT-807F,-1284.6363636363637,98.45454545454545
bge_m3_1024d,zh_char,ROOT-8089,671.0,329.0
bge_m3_1024d,zh_char,ROOT-8099,265.0,846.3333333333334
bge_m3_1024d,zh_char,ROOT-80A9,1064.0,-276.0
bge_m3_1024d,zh_char,ROOT-80C3,-2427.0,836.0
bge_m3_1024d,zh_char,ROOT-80E4,1083.0,-171.0
bge_m3_1024d,zh_char,ROOT-810A,1601.0,1827.0
bge_m3_1024d,zh_char,ROOT-81E3,1403.0,11.0
bge_m3_1024d,zh_char,ROOT-81E4,-2558.0,724.5
bge_m3_1024d,zh_char,ROOT-81EA,1660.4,1330.4
bge_m3_1024d,zh_char,ROOT-81ED,-1171.6666666666667,-42.333333333333336
bge_m3_1024d,zh_char,ROOT-81F3,745.7058823529412,963.2941176470588
bge_m3_1024d,zh_char,ROOT-81FA,560.0,-4649.0
bge_m3_1024d,zh_char,ROOT-81FD,2455.0,-6.0
bge_m3_1024d,zh_char,ROOT-81FE,-561.5,518.0
bge_m3_1024d,zh_char,ROOT-81FF,346.3333333333333,373.0
bge_m3_1024d,zh_char,ROOT-8200,-2881.1666666666665,169.5
bge_m3_1024d,zh_char,ROOT-8201,-123.375,1567.0
bge_m3_1024d,zh_char,ROOT-8202,311.5,811.5
bge_m3_1024d,zh_char,ROOT-8204,-1122.25,643.0
bge_m3_1024d,zh_char,ROOT-820C,1510.0,0.0
bge_m3_1024d,zh_char,ROOT-821C,1444.0,174.5
bge_m3_1024d,zh_char,ROOT-821F,529.0,1337.0
bge_m3_1024d,zh_char,ROOT-822C,599.2857142857143,525.5714285714286
bge_m3_1024d,zh_char,ROOT-826E,269.0,290.0
bge_m3_1024d,zh_char,ROOT-826F,175.07692307692307,1306.6153846153845
bge_m3_1024d,zh_char,ROOT-82BB,-667.2,766.8
bge_m3_1024d,zh_char,ROOT-82D7,1256.0,1391.6666666666667
bge_m3_1024d,zh_char,ROOT-82E5,289.3333333333333,-64.5
bge_m3_1024d,zh_char,ROOT-830D,-728.5,84.0
bge_m3_1024d,zh_char,ROOT-8332,-1264.0,89.33333333333333
bge_m3_1024d,zh_char,ROOT-83AB,-341.85,495.85
bge_m3_1024d,zh_char,ROOT-83D0,332.0,536.5
bge_m3_1024d,zh_char,ROOT-83EF,25.0,146.0
bge_m3_1024d,zh_char,ROOT-8408,-5293.0,298.0
bge_m3_1024d,zh_char,ROOT-842C,826.125,745.875
bge_m3_1024d,zh_char,ROOT-8457,457.0,826.0
bge_m3_1024d,zh_char,ROOT-8499,-1286.0,75.375
bge_m3_1024d,zh_char,ROOT-8511,-219.0,-836.5
bge_m3_1024d,zh_char,ROOT-864D,-1583.0,206.0
bge_m3_1024d,zh_char,ROOT-864E,338.5,284.0
bge_m3_1024d,zh_char,ROOT-8650,-1843.5,1219.0
bge_m3_1024d,zh_char,ROOT-865F,2831.0,4157.0
bge_m3_1024d,zh_char,ROOT-86A4,1696.25,41.5
bge_m3_1024d,zh_char,ROOT-8700,368.0,779.6666666666666
bge_m3_1024d,zh_char,ROOT-87F2,909.0,-7.0
bge_m3_1024d,zh_char,ROOT-8806,6.5,-25.0
bge_m3_1024d,zh_char,ROOT-8840,-671.3333333333334,-68.0
bge_m3_1024d,zh_char,ROOT-884C,2983.5,2793.0
bge_m3_1024d,zh_char,ROOT-884D,1731.5,-266.0
bge_m3_1024d,zh_char,ROOT-8863,-1644.6666666666667,-107.33333333333333
bge_m3_1024d,zh_char,ROOT-8868,25.0,344.0
bge_m3_1024d,zh_char,ROOT-8870,-1331.6666666666667,47.333333333333336
bge_m3_1024d,zh_char,ROOT-8881,-1224.5,187.83333333333334
bge_m3_1024d,zh_char,ROOT-8930,193.0,73.0
bge_m3_1024d,zh_char,ROOT-8944,488.6666666666667,1138.75
bge_m3_1024d,zh_char,ROOT-897E,-1047.0,-282.6666666666667
bge_m3_1024d,zh_char,ROOT-897F,727.6666666666666,798.3333333333334
bge_m3_1024d,zh_char,ROOT-8983,-1987.5,10.0
bge_m3_1024d,zh_char,ROOT-898B,-203.875,878.625
bge_m3_1024d,zh_char,ROOT-898F,491.6666666666667,1820.0
bge_m3_1024d,zh_char,ROOT-89AA,-1689.6666666666667,-142.33333333333334
bge_m3_1024d,zh_char,ROOT-89BA,11.0,24.0
bge_m3_1024d,zh_char,ROOT-89D2,217.0,-188.6
bge_m3_1024d,zh_char,ROOT-89E3,701.8333333333334,744.5
bge_m3_1024d,zh_char,ROOT-8A2D,1572.0,98.0
bge_m3_1024d,zh_char,ROOT-8A79,525.4166666666666,1028.5833333333333
bge_m3_1024d,zh_char,ROOT-8C37,-414.6111111111111,654.8888888888889
bge_m3_1024d,zh_char,ROOT-8C46,-818.8947368421053,563.5263157894736
bge_m3_1024d,zh_char,ROOT-8C48,-102.36363636363636,736.0
bge_m3_1024d,zh_char,ROOT-8C50,-1186.3333333333333,335.6666666666667
bge_m3_1024d,zh_char,ROOT-8C5A,849.0,-4.0
bge_m3_1024d,zh_char,ROOT-8C61,-1013.5,511.25
bge_m3_1024d,zh_char,ROOT-8C66,1.5,860.8
bge_m3_1024d,zh_char,ROOT-8C6A,-2740.0,39.5
bge_m3_1024d,zh_char,ROOT-8C9D,666.5,631.0
bge_m3_1024d,zh_char,ROOT-8C9E,-444.8,1.6
bge_m3_1024d,zh_char,ROOT-8CA0,1036.0,38.0
bge_m3_1024d,zh_char,ROOT-8CAC,-1787.142857142857,777.5714285714286
bge_m3_1024d,zh_char,ROOT-8CB4,151.4,-467.4
bge_m3_1024d,zh_char,ROOT-8CBF,555.0,4006.0
bge_m3_1024d,zh_char,ROOT-8CCF,-1176.857142857143,60.142857142857146
bge_m3_1024d,zh_char,ROOT-8CEA,1198.0,1161.0
bge_m3_1024d,zh_char,ROOT-8D0A,199.375,503.625
bge_m3_1024d,zh_char,ROOT-8D14,1159.0,-846.0
bge_m3_1024d,zh_char,ROOT-8D1B,139.0,687.0
bge_m3_1024d,zh_char,ROOT-8D64,-331.0,97.0
bge_m3_1024d,zh_char,ROOT-8D66,-5000.0,1193.0
bge_m3_1024d,zh_char,ROOT-8D6B,1309.0,1549.0
bge_m3_1024d,zh_char,ROOT-8D70,1193.0,-273.0
bge_m3_1024d,zh_char,ROOT-8DB3,519.0,1688.0
bge_m3_1024d,zh_char,ROOT-8ECD,322.05,1447.75
bge_m3_1024d,zh_char,ROOT-8F26,252.0,216.0
bge_m3_1024d,zh_char,ROOT-8F9B,-934.5,85.66666666666667
bge_m3_1024d,zh_char,ROOT-8F9F,648.2105263157895,418.5263157894737
bge_m3_1024d,zh_char,ROOT-8FB0,-60.06666666666667,914.2
bge_m3_1024d,zh_char,ROOT-8FB1,345.85714285714283,160.28571428571428
bge_m3_1024d,zh_char,ROOT-8FB2,560.5,769.0
bge_m3_1024d,zh_char,ROOT-9000,-2656.5,115.5
bge_m3_1024d,zh_char,ROOT-9023,-3180.1666666666665,1113.3333333333333
bge_m3_1024d,zh_char,ROOT-9054,187.0,323.0
bge_m3_1024d,zh_char,ROOT-9069,128.0,-13.0
bge_m3_1024d,zh_char,ROOT-9077,-5283.0,410.0
bge_m3_1024d,zh_char,ROOT-9091,1635.75,286.5
bge_m3_1024d,zh_char,ROOT-9095,967.3333333333334,143.33333333333334
bge_m3_1024d,zh_char,ROOT-90A3,216.0,59.0
bge_m3_1024d,zh_char,ROOT-90CE,-5020.5,753.0
bge_m3_1024d,zh_char,ROOT-90E8,841.0,192.0
bge_m3_1024d,zh_char,ROOT-90ED,-2414.5,-44.5
bge_m3_1024d,zh_char,ROOT-9109,1118.8,529.2
bge_m3_1024d,zh_char,ROOT-912D,1071.0,799.0
bge_m3_1024d,zh_char,ROOT-9149,-203.66666666666666,-522.6666666666666
bge_m3_1024d,zh_char,ROOT-914B,1175.2,530.5
bge_m3_1024d,zh_char,ROOT-91C1,2978.0,7.0
bge_m3_1024d,zh_char,ROOT-91C6,-781.2173913043479,387.0
bge_m3_1024d,zh_char,ROOT-91C7,-2483.2,-26.0
bge_m3_1024d,zh_char,ROOT-91CC,728.5454545454545,220.9090909090909
bge_m3_1024d,zh_char,ROOT-91CF,123.0,163.0
bge_m3_1024d,zh_char,ROOT-9577,-756.6,798.2
bge_m3_1024d,zh_char,ROOT-9580,-579.1428571428571,68.71428571428571
bge_m3_1024d,zh_char,ROOT-958F,-5655.0,-13.0
bge_m3_1024d,zh_char,ROOT-9591,-5155.0,499.0
bge_m3_1024d,zh_char,ROOT-9592,1856.25,204.75
bge_m3_1024d,zh_char,ROOT-95B5,172.5,448.0
bge_m3_1024d,zh_char,ROOT-961C,-5566.0,35.0
bge_m3_1024d,zh_char,ROOT-9673,-2350.0,86.0
bge_m3_1024d,zh_char,ROOT-9686,-2125.5,203.5
bge_m3_1024d,zh_char,ROOT-968B,436.0,-2558.0
bge_m3_1024d,zh_char,ROOT-96A8,1744.0,2958.0
bge_m3_1024d,zh_char,ROOT-96B9,106.51612903225806,203.83870967741936
bge_m3_1024d,zh_char,ROOT-96BB,266.6666666666667,725.8333333333334
bge_m3_1024d,zh_char,ROOT-96BC,-5831.0,-357.0
bge_m3_1024d,zh_char,ROOT-96CB,1313.0,22.333333333333332
bge_m3_1024d,zh_char,ROOT-96CD,-205.0,-5617.0
bge_m3_1024d,zh_char,ROOT-96D4,13.0,13.0
bge_m3_1024d,zh_char,ROOT-96DC,596.0,894.0
bge_m3_1024d,zh_char,ROOT-96E3,648.0,386.5
bge_m3_1024d,zh_char,ROOT-96E9,121.75,39.25
bge_m3_1024d,zh_char,ROOT-96F7,411.5,467.0
bge_m3_1024d,zh_char,ROOT-9700,775.0909090909091,582.7272727272727
bge_m3_1024d,zh_char,ROOT-9752,-790.1764705882352,-216.8235294117647
bge_m3_1024d,zh_char,ROOT-975E,403.0833333333333,286.375
bge_m3_1024d,zh_char,ROOT-9762,1461.5,225.25
bge_m3_1024d,zh_char,ROOT-9808,-5479.0,224.0
bge_m3_1024d,zh_char,ROOT-982A,785.0,0.0
bge_m3_1024d,zh_char,ROOT-983B,-5168.0,702.0
bge_m3_1024d,zh_char,ROOT-985B,0.0,1.0
bge_m3_1024d,zh_char,ROOT-9865,2020.0,0.0
bge_m3_1024d,zh_char,ROOT-99AC,-2148.6,-138.6
bge_m3_1024d,zh_char,ROOT-9AD8,-323.8125,182.4375
bge_m3_1024d,zh_char,ROOT-9B32,430.1666666666667,841.1666666666666
bge_m3_1024d,zh_char,ROOT-9B3C,367.93333333333334,398.46666666666664
bge_m3_1024d,zh_char,ROOT-9B5A,223.0,434.3333333333333
bge_m3_1024d,zh_char,ROOT-9BAE,-5149.0,559.5
bge_m3_1024d,zh_char,ROOT-9CE5,-1434.0,211.0
bge_m3_1024d,zh_char,ROOT-9E75,766.5,50.5
bge_m3_1024d,zh_char,ROOT-9E7F,-657.0,802.75
bge_m3_1024d,zh_char,ROOT-9E83,2.2,-0.2
bge_m3_1024d,zh_char,ROOT-9E97,-432.75,1517.0
bge_m3_1024d,zh_char,ROOT-9ED1,451.0,541.0
bge_m3_1024d,zh_char,ROOT-9EFD,593.0,1677.3333333333333
bge_m3_1024d,zh_char,ROOT-9F13,456.0,8.0
bge_m3_1024d,zh_char,ROOT-9F4A,-53.27272727272727,561.0909090909091
bge_m3_1024d,zh_char,ROOT-9F8D,47.0,273.6
bge_m3_1024d,zh_char,ROOT-9FA0,15.8,209.8
gte_multilingual_base_768d,cn_def,ROOT-20000,1378.36,1918.8
gte_multilingual_base_768d,cn_def,ROOT-200A2,110.0,112.0
gte_multilingual_base_768d,cn_def,ROOT-200A4,1569.6666666666667,2215.3333333333335
gte_multilingual_base_768d,cn_def,ROOT-2053E,-72.5,-10.0
gte_multilingual_base_768d,cn_def,ROOT-20CCB,49.5,232.5
gte_multilingual_base_768d,cn_def,ROOT-2123C,1199.9166666666667,1565.0
gte_multilingual_base_768d,cn_def,ROOT-219CD,966.25,1386.0
gte_multilingual_base_768d,cn_def,ROOT-21C55,1305.5,1966.0
gte_multilingual_base_768d,cn_def,ROOT-22398,-36.0,-71.0
gte_multilingual_base_768d,cn_def,ROOT-2274A,-184.0,-439.0
gte_multilingual_base_768d,cn_def,ROOT-2304B,3342.0,1796.0
gte_multilingual_base_768d,cn_def,ROOT-23386,1217.0,3569.0
gte_multilingual_base_768d,cn_def,ROOT-233DF,1492.0,2208.1666666666665
gte_multilingual_base_768d,cn_def,ROOT-2394F,1376.0,1840.2857142857142
gte_multilingual_base_768d,cn_def,ROOT-239BC,405.5,599.5
gte_multilingual_base_768d,cn_def,ROOT-25762,3542.0,5044.0
gte_multilingual_base_768d,cn_def,ROOT-26B07,2386.0,2264.0
gte_multilingual_base_768d,cn_def,ROOT-271A3,1893.75,1634.3333333333333
gte_multilingual_base_768d,cn_def,ROOT-27BAB,1787.0,3028.0
gte_multilingual_base_768d,cn_def,ROOT-342D,2153.0,2393.6666666666665
gte_multilingual_base_768d,cn_def,ROOT-3431,1742.0,439.0
gte_multilingual_base_768d,cn_def,ROOT-34B8,1391.25,1981.25
gte_multilingual_base_768d,cn_def,ROOT-34BC,931.0,1919.0
gte_multilingual_base_768d,cn_def,ROOT-34DE,871.75,1243.0
gte_multilingual_base_768d,cn_def,ROOT-3563,543.4444444444445,670.0
gte_multilingual_base_768d,cn_def,ROOT-37A2,910.0833333333334,1174.6666666666667
gte_multilingual_base_768d,cn_def,ROOT-382F,1312.9375,1230.125
gte_multilingual_base_768d,cn_def,ROOT-3840,734.8,906.8
gte_multilingual_base_768d,cn_def,ROOT-3E12,1907.0,566.0
gte_multilingual_base_768d,cn_def,ROOT-4020,646.0,1219.6666666666667
gte_multilingual_base_768d,cn_def,ROOT-41C2,631.5,453.7
gte_multilingual_base_768d,cn_def,ROOT-470C,46.0,64.0
gte_multilingual_base_768d,cn_def,ROOT-4E00,720.5,1154.5
gte_multilingual_base_768d,cn_def,ROOT-4E01,2062.3076923076924,2102.076923076923
gte_multilingual_base_768d,cn_def,ROOT-4E02,1449.0,2260.0
gte_multilingual_base_768d,cn_def,ROOT-4E03,1573.5,2416.0
gte_multilingual_base_768d,cn_def,ROOT-4E08,473.5,456.5
gte_multilingual_base_768d,cn_def,ROOT-4E0D,831.25,749.75
gte_multilingual_base_768d,cn_def,ROOT-4E0F,822.0,787.0
gte_multilingual_base_768d,cn_def,ROOT-4E11,1431.3333333333333,2039.3333333333333
gte_multilingual_base_768d,cn_def,ROOT-4E14,1701.5,2468.1111111111113
gte_multilingual_base_768d,cn_def,ROOT-4E16,2936.0,3473.0
gte_multilingual_base_768d,cn_def,ROOT-4E18,1597.5,1504.0
gte_multilingual_base_768d,cn_def,ROOT-4E19,1807.3333333333333,1686.0
gte_multilingual_base_768d,cn_def,ROOT-4E1E,551.0,299.5
gte_multilingual_base_768d,cn_def,ROOT-4E26,130.0,668.0
gte_multilingual_base_768d,cn_def,ROOT-4E2D,1257.3333333333333,1672.5
gte_multilingual_base_768d,cn_def,ROOT-4E30,2866.25,2513.5
gte_multilingual_base_768d,cn_def,ROOT-4E32,2058.0,3732.0
gte_multilingual_base_768d,cn_def,ROOT-4E36,1394.0,1384.8333333333333
gte_multilingual_base_768d,cn_def,ROOT-4E38,2093.0,1666.0
gte_multilingual_base_768d,cn_def,ROOT-4E3F,790.6923076923077,946.0769230769231
gte_multilingual_base_768d,cn_def,ROOT-4E42,1837.5,1519.0
gte_multilingual_base_768d,cn_def,ROOT-4E43,377.0,553.0
gte_multilingual_base_768d,cn_def,ROOT-4E45,1401.6666666666667,2980.0
gte_multilingual_base_768d,cn_def,ROOT-4E47,471.0,906.0
gte_multilingual_base_768d,cn_def,ROOT-4E4B,1526.0,2073.0
gte_multilingual_base_768d,cn_def,ROOT-4E4D,1239.5454545454545,1022.4545454545455
gte_multilingual_base_768d,cn_def,ROOT-4E4E,662.0,1236.0
gte_multilingual_base_768d,cn_def,ROOT-4E4F,1451.4,2372.8
gte_multilingual_base_768d,cn_def,ROOT-4E58,773.0,837.0
gte_multilingual_base_768d,cn_def,ROOT-4E59,1092.25,728.5
gte_multilingual_base_768d,cn_def,ROOT-4E5D,1238.0,1748.857142857143
gte_multilingual_base_768d,cn_def,ROOT-4E5E,2238.0,671.0
gte_multilingual_base_768d,cn_def,ROOT-4E5F,1089.5,1617.8333333333333
gte_multilingual_base_768d,cn_def,ROOT-4E88,481.3333333333333,471.1666666666667
gte_multilingual_base_768d,cn_def,ROOT-4E8C,838.75,1786.0
gte_multilingual_base_768d,cn_def,ROOT-4E8E,1462.75,1679.375
gte_multilingual_base_768d,cn_def,ROOT-4E8F,2128.3333333333335,2566.0
gte_multilingual_base_768d,cn_def,ROOT-4E91,1511.3333333333333,2263.6666666666665
gte_multilingual_base_768d,cn_def,ROOT-4E94,951.25,1058.25
gte_multilingual_base_768d,cn_def,ROOT-4E95,87.0,633.0
gte_multilingual_base_768d,cn_def,ROOT-4E9E,1363.5,1904.75
gte_multilingual_base_768d,cn_def,ROOT-4E9F,551.0,405.0
gte_multilingual_base_768d,cn_def,ROOT-4EA1,3890.3333333333335,2696.6666666666665
gte_multilingual_base_768d,cn_def,ROOT-4EA2,723.7,715.3
gte_multilingual_base_768d,cn_def,ROOT-4EA4,995.2666666666667,1315.2666666666667
gte_multilingual_base_768d,cn_def,ROOT-4EA5,1372.8333333333333,1435.0833333333333
gte_multilingual_base_768d,cn_def,ROOT-4EAC,937.125,928.625
gte_multilingual_base_768d,cn_def,ROOT-4EAE,338.0,766.0
gte_multilingual_base_768d,cn_def,ROOT-4EBA,787.0,1352.3333333333333
gte_multilingual_base_768d,cn_def,ROOT-4EC1,1220.0,1292.0
gte_multilingual_base_768d,cn_def,ROOT-4EC4,499.0,367.0
gte_multilingual_base_768d,cn_def,ROOT-4ECA,1666.4444444444443,1815.7777777777778
gte_multilingual_base_768d,cn_def,ROOT-4ECB,2476.6666666666665,3506.6666666666665
gte_multilingual_base_768d,cn_def,ROOT-4EE4,1904.8,2175.6666666666665
gte_multilingual_base_768d,cn_def,ROOT-4EE5,1318.5,619.0
gte_multilingual_base_768d,cn_def,ROOT-4F0F,859.0,1146.5
gte_multilingual_base_768d,cn_def,ROOT-4F10,1759.5,1732.0
gte_multilingual_base_768d,cn_def,ROOT-4F59,1016.1,1578.3
gte_multilingual_base_768d,cn_def,ROOT-4F86,2074.0,2165.6666666666665
gte_multilingual_base_768d,cn_def,ROOT-4F8C,914.0,856.0
gte_multilingual_base_768d,cn_def,ROOT-4F96,1497.2857142857142,1638.5714285714287
gte_multilingual_base_768d,cn_def,ROOT-4FAF,-114.0,-219.0
gte_multilingual_base_768d,cn_def,ROOT-4FDD,1532.3333333333333,1399.0
gte_multilingual_base_768d,cn_def,ROOT-5009,1109.1,1541.3
gte_multilingual_base_768d,cn_def,ROOT-501D,2743.0,4758.0
gte_multilingual_base_768d,cn_def,ROOT-50C9,821.6363636363636,651.7272727272727
gte_multilingual_base_768d,cn_def,ROOT-5140,1545.6666666666667,1840.3333333333333
gte_multilingual_base_768d,cn_def,ROOT-5143,1178.4,1064.2
gte_multilingual_base_768d,cn_def,ROOT-5144,760.0,566.0
gte_multilingual_base_768d,cn_def,ROOT-5145,1269.5,1889.0
gte_multilingual_base_768d,cn_def,ROOT-5146,1134.2,1269.6
gte_multilingual_base_768d,cn_def,ROOT-5148,1840.0,2388.5
gte_multilingual_base_768d,cn_def,ROOT-5149,1302.25,647.5
gte_multilingual_base_768d,cn_def,ROOT-514B,140.0,-290.0
gte_multilingual_base_768d,cn_def,ROOT-514D,758.3333333333334,879.5
gte_multilingual_base_768d,cn_def,ROOT-5152,2192.6666666666665,1272.3333333333333
gte_multilingual_base_768d,cn_def,ROOT-5154,1213.0,318.0
gte_multilingual_base_768d,cn_def,ROOT-5165,1576.6,1594.8
gte_multilingual_base_768d,cn_def,ROOT-5168,1325.5714285714287,1727.2857142857142
gte_multilingual_base_768d,cn_def,ROOT-5169,939.0,1267.0
gte_multilingual_base_768d,cn_def,ROOT-516A,1745.0,294.0
gte_multilingual_base_768d,cn_def,ROOT-516B,1281.5,2526.0
gte_multilingual_base_768d,cn_def,ROOT-516C,1271.0,1385.625
gte_multilingual_base_768d,cn_def,ROOT-5171,909.3333333333334,568.5
gte_multilingual_base_768d,cn_def,ROOT-5176,1288.4615384615386,1918.0
gte_multilingual_base_768d,cn_def,ROOT-5177,4504.0,4796.0
gte_multilingual_base_768d,cn_def,ROOT-5178,66.0,471.0
gte_multilingual_base_768d,cn_def,ROOT-517C,1373.7,1625.6
gte_multilingual_base_768d,cn_def,ROOT-5180,1692.0,1639.0
gte_multilingual_base_768d,cn_def,ROOT-5183,1134.75,1037.5
gte_multilingual_base_768d,cn_def,ROOT-5189,1093.0,2312.5
gte_multilingual_base_768d,cn_def,ROOT-518A,2313.0,2862.5
gte_multilingual_base_768d,cn_def,ROOT-518E,1606.6666666666667,803.6666666666666
gte_multilingual_base_768d,cn_def,ROOT-51A2,0.0,0.0
gte_multilingual_base_768d,cn_def,ROOT-51A5,1622.0,1696.5
gte_multilingual_base_768d,cn_def,ROOT-51AB,-110.0,-79.0
gte_multilingual_base_768d,cn_def,ROOT-51E0,2429.6,1782.2
gte_multilingual_base_768d,cn_def,ROOT-51E1,1674.111111111111,1709.111111111111
gte_multilingual_base_768d,cn_def,ROOT-51F6,2263.5,3557.5
gte_multilingual_base_768d,cn_def,ROOT-51FA,-560.5,-808.75
gte_multilingual_base_768d,cn_def,ROOT-51FD,0.0,0.0
gte_multilingual_base_768d,cn_def,ROOT-5200,979.1333333333333,1309.7333333333333
gte_multilingual_base_768d,cn_def,ROOT-5203,660.8,921.6
gte_multilingual_base_768d,cn_def,ROOT-5206,1137.4375,1421.125
gte_multilingual_base_768d,cn_def,ROOT-5211,2034.0,2139.5
gte_multilingual_base_768d,cn_def,ROOT-5217,2969.0,1602.0
gte_multilingual_base_768d,cn_def,ROOT-5225,-526.0,-673.0
gte_multilingual_base_768d,cn_def,ROOT-5229,737.0,454.0
gte_multilingual_base_768d,cn_def,ROOT-5236,81.0,392.5
gte_multilingual_base_768d,cn_def,ROOT-5247,382.2,934.8
gte_multilingual_base_768d,cn_def,ROOT-529B,994.8,1450.5333333333333
gte_multilingual_base_768d,cn_def,ROOT-52DE,2451.25,2515.25
gte_multilingual_base_768d,cn_def,ROOT-52F9,756.0,1083.4
gte_multilingual_base_768d,cn_def,ROOT-52FA,1274.8,1610.1
gte_multilingual_base_768d,cn_def,ROOT-52FB,976.0,974.6666666666666
gte_multilingual_base_768d,cn_def,ROOT-52FF,1016.8333333333334,775.0
gte_multilingual_base_768d,cn_def,ROOT-5303,1440.0666666666666,1683.0666666666666
gte_multilingual_base_768d,cn_def,ROOT-5305,1407.4615384615386,1713.6153846153845
gte_multilingual_base_768d,cn_def,ROOT-5315,1166.2173913043478,1422.3478260869565
gte_multilingual_base_768d,cn_def,ROOT-5317,1599.0,2784.0
gte_multilingual_base_768d,cn_def,ROOT-5321,2813.5,2282.5
gte_multilingual_base_768d,cn_def,ROOT-5340,1125.5,1594.1666666666667
gte_multilingual_base_768d,cn_def,ROOT-5341,1267.0,797.0
gte_multilingual_base_768d,cn_def,ROOT-5347,78.0,34.0
gte_multilingual_base_768d,cn_def,ROOT-5348,1909.75,3404.75
gte_multilingual_base_768d,cn_def,ROOT-5349,1901.0,1132.0
gte_multilingual_base_768d,cn_def,ROOT-534A,676.7142857142857,712.7142857142857
gte_multilingual_base_768d,cn_def,ROOT-5351,1533.7272727272727,1305.090909090909
gte_multilingual_base_768d,cn_def,ROOT-5352,905.5,1130.8333333333333
gte_multilingual_base_768d,cn_def,ROOT-5353,460.4,926.0
gte_multilingual_base_768d,cn_def,ROOT-5357,1160.6666666666667,1082.6666666666667
gte_multilingual_base_768d,cn_def,ROOT-535C,467.25,504.25
gte_multilingual_base_768d,cn_def,ROOT-5360,1128.3846153846155,1525.7692307692307
gte_multilingual_base_768d,cn_def,ROOT-5371,1285.0,1724.3333333333333
gte_multilingual_base_768d,cn_def,ROOT-5373,623.5,641.0
gte_multilingual_base_768d,cn_def,ROOT-5377,366.8333333333333,590.8333333333334
gte_multilingual_base_768d,cn_def,ROOT-5378,698.3333333333334,644.6666666666666
gte_multilingual_base_768d,cn_def,ROOT-5384,1946.0,1841.0
gte_multilingual_base_768d,cn_def,ROOT-539F,609.75,620.75
gte_multilingual_base_768d,cn_def,ROOT-53B6,862.6363636363636,897.3636363636364
gte_multilingual_base_768d,cn_def,ROOT-53BB,1732.6666666666667,2355.6666666666665
gte_multilingual_base_768d,cn_def,ROOT-53C3,1453.6666666666667,1831.6666666666667
gte_multilingual_base_768d,cn_def,ROOT-53C8,1558.9333333333334,1619.5333333333333
gte_multilingual_base_768d,cn_def,ROOT-53C9,810.5,1564.0
gte_multilingual_base_768d,cn_def,ROOT-53CA,922.4285714285714,1057.857142857143
gte_multilingual_base_768d,cn_def,ROOT-53CD,1606.0,2218.2
gte_multilingual_base_768d,cn_def,ROOT-53D6,491.0,373.0
gte_multilingual_base_768d,cn_def,ROOT-53D7,409.5,613.0
gte_multilingual_base_768d,cn_def,ROOT-53E3,1530.6666666666667,1792.0
gte_multilingual_base_768d,cn_def,ROOT-53E4,1008.9230769230769,1146.923076923077
gte_multilingual_base_768d,cn_def,ROOT-53EA,1949.0,4186.0
gte_multilingual_base_768d,cn_def,ROOT-53F2,4073.0,4387.0
gte_multilingual_base_768d,cn_def,ROOT-53F8,929.0,211.75
gte_multilingual_base_768d,cn_def,ROOT-5404,1014.7407407407408,1155.7037037037037
gte_multilingual_base_768d,cn_def,ROOT-5408,812.7692307692307,779.7692307692307
gte_multilingual_base_768d,cn_def,ROOT-5409,832.7777777777778,1169.4444444444443
gte_multilingual_base_768d,cn_def,ROOT-540C,1148.1666666666667,2084.5
gte_multilingual_base_768d,cn_def,ROOT-540D,499.3333333333333,620.0
gte_multilingual_base_768d,cn_def,ROOT-540E,1198.3333333333333,1597.3333333333333
gte_multilingual_base_768d,cn_def,ROOT-5411,986.0,551.0
gte_multilingual_base_768d,cn_def,ROOT-5433,1141.3333333333333,1246.3333333333333
gte_multilingual_base_768d,cn_def,ROOT-5442,803.25,1475.25
gte_multilingual_base_768d,cn_def,ROOT-544A,824.5,1191.625
gte_multilingual_base_768d,cn_def,ROOT-5468,1329.8461538461538,1748.076923076923
gte_multilingual_base_768d,cn_def,ROOT-548E,3236.0,2522.5
gte_multilingual_base_768d,cn_def,ROOT-54B8,822.2857142857143,542.4285714285714
gte_multilingual_base_768d,cn_def,ROOT-54E1,1343.6,1634.4
gte_multilingual_base_768d,cn_def,ROOT-54E5,-71.0,-218.0
gte_multilingual_base_768d,cn_def,ROOT-5584,-124.66666666666667,274.6666666666667
gte_multilingual_base_768d,cn_def,ROOT-55AE,884.0,1715.5
gte_multilingual_base_768d,cn_def,ROOT-55C7,1741.6666666666667,2707.0
gte_multilingual_base_768d,cn_def,ROOT-56B4,2353.5,1275.0
gte_multilingual_base_768d,cn_def,ROOT-56D7,1014.3333333333334,1081.5555555555557
gte_multilingual_base_768d,cn_def,ROOT-56DA,904.0,936.0
gte_multilingual_base_768d,cn_def,ROOT-56DB,1590.5,1901.5
gte_multilingual_base_768d,cn_def,ROOT-56DE,1824.0,2636.5
gte_multilingual_base_768d,cn_def,ROOT-56E0,1209.75,1556.0
gte_multilingual_base_768d,cn_def,ROOT-56F0,256.0,338.0
gte_multilingual_base_768d,cn_def,ROOT-56F7,1977.0,1133.0
gte_multilingual_base_768d,cn_def,ROOT-56FA,864.0,1341.8
gte_multilingual_base_768d,cn_def,ROOT-571F,1714.5,1630.25
gte_multilingual_base_768d,cn_def,ROOT-572D,1425.4285714285713,1590.2142857142858
gte_multilingual_base_768d,cn_def,ROOT-5750,1543.6666666666667,1826.3333333333333
gte_multilingual_base_768d,cn_def,ROOT-57F6,1769.0,1581.0
gte_multilingual_base_768d,cn_def,ROOT-57F7,1742.5,2473.0
gte_multilingual_base_768d,cn_def,ROOT-5807,1069.6666666666667,981.0
gte_multilingual_base_768d,cn_def,ROOT-582F,868.5714285714286,1136.2142857142858
gte_multilingual_base_768d,cn_def,ROOT-58EB,1027.0,1571.75
gte_multilingual_base_768d,cn_def,ROOT-58EC,1073.0,1039.625
gte_multilingual_base_768d,cn_def,ROOT-58F4,107.0,13.333333333333334
gte_multilingual_base_768d,cn_def,ROOT-58F9,3464.0,3409.0
gte_multilingual_base_768d,cn_def,ROOT-58FD,2905.0,2307.6666666666665
gte_multilingual_base_768d,cn_def,ROOT-5903,840.0,1397.0
gte_multilingual_base_768d,cn_def,ROOT-590F,2195.0,2541.0
gte_multilingual_base_768d,cn_def,ROOT-5915,218.0,185.0
gte_multilingual_base_768d,cn_def,ROOT-5917,744.0,1331.142857142857
gte_multilingual_base_768d,cn_def,ROOT-591A,774.0,841.75
gte_multilingual_base_768d,cn_def,ROOT-591C,1664.0,2536.6666666666665
gte_multilingual_base_768d,cn_def,ROOT-5927,1406.0,1307.0
gte_multilingual_base_768d,cn_def,ROOT-5929,814.3333333333334,1071.6666666666667
gte_multilingual_base_768d,cn_def,ROOT-592A,-105.0,-318.0
gte_multilingual_base_768d,cn_def,ROOT-592B,2667.6666666666665,2340.3333333333335
gte_multilingual_base_768d,cn_def,ROOT-592D,371.25,546.75
gte_multilingual_base_768d,cn_def,ROOT-592E,2156.5,1953.5
gte_multilingual_base_768d,cn_def,ROOT-5932,896.0,2043.0
gte_multilingual_base_768d,cn_def,ROOT-5937,1481.6666666666667,1605.0
gte_multilingual_base_768d,cn_def,ROOT-593E,744.1111111111111,980.2222222222222
gte_multilingual_base_768d,cn_def,ROOT-5944,874.0,847.8
gte_multilingual_base_768d,cn_def,ROOT-5948,1140.0,576.0
gte_multilingual_base_768d,cn_def,ROOT-5949,405.0,841.3333333333334
gte_multilingual_base_768d,cn_def,ROOT-594F,1029.0,755.0
gte_multilingual_base_768d,cn_def,ROOT-5950,192.75,791.5
gte_multilingual_base_768d,cn_def,ROOT-595A,1632.5,1042.0
gte_multilingual_base_768d,cn_def,ROOT-5967,2047.25,2745.5
gte_multilingual_base_768d,cn_def,ROOT-5973,786.7142857142857,1309.2142857142858
gte_multilingual_base_768d,cn_def,ROOT-59A5,1823.0,3137.0
gte_multilingual_base_768d,cn_def,ROOT-59BB,1788.25,1645.75
gte_multilingual_base_768d,cn_def,ROOT-59BE,99.0,269.5
gte_multilingual_base_768d,cn_def,ROOT-5A41,1417.4,1976.2
gte_multilingual_base_768d,cn_def,ROOT-5B50,-244.66666666666666,-274.3333333333333
gte_multilingual_base_768d,cn_def,ROOT-5B54,3566.0,3287.0
gte_multilingual_base_768d,cn_def,ROOT-5B58,2211.0,859.0
gte_multilingual_base_768d,cn_def,ROOT-5B5A,1627.25,3056.75
gte_multilingual_base_768d,cn_def,ROOT-5B5D,1455.0,1932.5
gte_multilingual_base_768d,cn_def,ROOT-5B63,1553.0,1274.0
gte_multilingual_base_768d,cn_def,ROOT-5B68,2660.0,2927.0
gte_multilingual_base_768d,cn_def,ROOT-5B6B,692.0,1095.0
gte_multilingual_base_768d,cn_def,ROOT-5B83,887.0,672.375
gte_multilingual_base_768d,cn_def,ROOT-5B88,129.0,259.0
gte_multilingual_base_768d,cn_def,ROOT-5B89,866.75,996.75
gte_multilingual_base_768d,cn_def,ROOT-5B97,1782.0,1657.8333333333333
gte_multilingual_base_768d,cn_def,ROOT-5B98,1365.7142857142858,1719.0
gte_multilingual_base_768d,cn_def,ROOT-5B9A,1497.0,2816.3333333333335
gte_multilingual_base_768d,cn_def,ROOT-5B9C,1.0,0.0
gte_multilingual_base_768d,cn_def,ROOT-5BA3,1329.0,2164.75
gte_multilingual_base_768d,cn_def,ROOT-5BB3,1377.0,1464.3333333333333
gte_multilingual_base_768d,cn_def,ROOT-5BB6,640.0,634.0
gte_multilingual_base_768d,cn_def,ROOT-5BBF,1530.0,453.0
gte_multilingual_base_768d,cn_def,ROOT-5BC5,15.0,138.0
gte_multilingual_base_768d,cn_def,ROOT-5BCD,953.4,1241.6
gte_multilingual_base_768d,cn_def,ROOT-5BF8,291.0,356.25
gte_multilingual_base_768d,cn_def,ROOT-5C07,597.8,568.8
gte_multilingual_base_768d,cn_def,ROOT-5C08,1081.8333333333333,1840.8333333333333
gte_multilingual_base_768d,cn_def,ROOT-5C09,927.6666666666666,1354.6666666666667
gte_multilingual_base_768d,cn_def,ROOT-5C0A,2310.75,1540.25
gte_multilingual_base_768d,cn_def,ROOT-5C0B,1900.0,1515.0
gte_multilingual_base_768d,cn_def,ROOT-5C0D,1179.0,2479.0
gte_multilingual_base_768d,cn_def,ROOT-5C0F,1656.157894736842,1527.7368421052631
gte_multilingual_base_768d,cn_def,ROOT-5C17,1431.5,1447.75
gte_multilingual_base_768d,cn_def,ROOT-5C1A,1392.5714285714287,1490.7619047619048
gte_multilingual_base_768d,cn_def,ROOT-5C39,646.25,816.0
gte_multilingual_base_768d,cn_def,ROOT-5C3E,-129.0,-118.0
gte_multilingual_base_768d,cn_def,ROOT-5C40,2565.0,2615.0
gte_multilingual_base_768d,cn_def,ROOT-5C48,891.5,1946.5
gte_multilingual_base_768d,cn_def,ROOT-5C4B,2186.0,2614.0
gte_multilingual_base_768d,cn_def,ROOT-5C55,549.0,612.0
gte_multilingual_base_768d,cn_def,ROOT-5C6F,157.83333333333334,236.16666666666666
gte_multilingual_base_768d,cn_def,ROOT-5C70,1447.25,2469.0
gte_multilingual_base_768d,cn_def,ROOT-5C71,1095.0,1181.75
gte_multilingual_base_768d,cn_def,ROOT-5CA1,620.75,206.0
gte_multilingual_base_768d,cn_def,ROOT-5CF6,584.0,1031.0
gte_multilingual_base_768d,cn_def,ROOT-5DDD,920.0,891.75
gte_multilingual_base_768d,cn_def,ROOT-5DDE,1588.0,1129.0
gte_multilingual_base_768d,cn_def,ROOT-5DDF,1439.0,2317.0
gte_multilingual_base_768d,cn_def,ROOT-5DE2,1422.0,2087.0
gte_multilingual_base_768d,cn_def,ROOT-5DE5,1014.2222222222222,1195.2777777777778
gte_multilingual_base_768d,cn_def,ROOT-5DE6,161.0,157.0
gte_multilingual_base_768d,cn_def,ROOT-5DE8,1225.5714285714287,1115.4285714285713
gte_multilingual_base_768d,cn_def,ROOT-5DEB,1262.0,552.0
gte_multilingual_base_768d,cn_def,ROOT-5DEE,651.5,346.0
gte_multilingual_base_768d,cn_def,ROOT-5DF1,811.3333333333334,903.7777777777778
gte_multilingual_base_768d,cn_def,ROOT-5DF3,908.3333333333334,747.3333333333334
gte_multilingual_base_768d,cn_def,ROOT-5DF4,2256.4285714285716,2144.0
gte_multilingual_base_768d,cn_def,ROOT-5DFF,1118.0,1071.5
gte_multilingual_base_768d,cn_def,ROOT-5E00,1349.0,1110.5
gte_multilingual_base_768d,cn_def,ROOT-5E0C,287.75,597.5
gte_multilingual_base_768d,cn_def,ROOT-5E1A,967.5,1078.0
gte_multilingual_base_768d,cn_def,ROOT-5E1D,986.6666666666666,915.8333333333334
gte_multilingual_base_768d,cn_def,ROOT-5E2D,0.0,0.0
gte_multilingual_base_768d,cn_def,ROOT-5E36,116.0,413.0
gte_multilingual_base_768d,cn_def,ROOT-5E72,922.9333333333333,1294.7333333333333
gte_multilingual_base_768d,cn_def,ROOT-5E73,494.2857142857143,742.7142857142857
gte_multilingual_base_768d,cn_def,ROOT-5E78,-3.0,0.0
gte_multilingual_base_768d,cn_def,ROOT-5E79,49.0,470.0
gte_multilingual_base_768d,cn_def,ROOT-5E7A,1140.6,653.4
gte_multilingual_base_768d,cn_def,ROOT-5E9A,641.6666666666666,941.0
gte_multilingual_base_768d,cn_def,ROOT-5EB6,2177.1666666666665,2350.8333333333335
gte_multilingual_base_768d,cn_def,ROOT-5EB7,1638.5,1926.0
gte_multilingual_base_768d,cn_def,ROOT-5EFA,798.75,990.75
gte_multilingual_base_768d,cn_def,ROOT-5F01,1673.0,991.0
gte_multilingual_base_768d,cn_def,ROOT-5F0B,1478.4545454545455,1556.4545454545455
gte_multilingual_base_768d,cn_def,ROOT-5F0D,2695.0,3001.0
gte_multilingual_base_768d,cn_def,ROOT-5F13,428.5,883.5
gte_multilingual_base_768d,cn_def,ROOT-5F15,2506.0,2588.0
gte_multilingual_base_768d,cn_def,ROOT-5F17,1159.2857142857142,907.1428571428571
gte_multilingual_base_768d,cn_def,ROOT-5F1F,1177.888888888889,1134.0
gte_multilingual_base_768d,cn_def,ROOT-5F31,708.0,1038.5
gte_multilingual_base_768d,cn_def,ROOT-5F56,1167.25,1224.25
gte_multilingual_base_768d,cn_def,ROOT-5F57,688.0,1840.0
gte_multilingual_base_768d,cn_def,ROOT-5F6D,1540.5,1390.5
gte_multilingual_base_768d,cn_def,ROOT-5F9E,536.2,577.0
gte_multilingual_base_768d,cn_def,ROOT-5FB9,1167.0,372.0
gte_multilingual_base_768d,cn_def,ROOT-5FC3,2445.0,2549.0
gte_multilingual_base_768d,cn_def,ROOT-5FC5,553.2,619.4
gte_multilingual_base_768d,cn_def,ROOT-601D,4551.0,3507.0
gte_multilingual_base_768d,cn_def,ROOT-606F,1460.0,2489.0
gte_multilingual_base_768d,cn_def,ROOT-60E0,875.5,1531.0
gte_multilingual_base_768d,cn_def,ROOT-610F,601.5,871.25
gte_multilingual_base_768d,cn_def,ROOT-611B,710.0,992.0
gte_multilingual_base_768d,cn_def,ROOT-6208,916.0,1052.0
gte_multilingual_base_768d,cn_def,ROOT-620A,486.0,288.0
gte_multilingual_base_768d,cn_def,ROOT-620D,1797.0,2825.0
gte_multilingual_base_768d,cn_def,ROOT-620E,2706.0,3187.0
gte_multilingual_base_768d,cn_def,ROOT-6211,1997.375,2082.5
gte_multilingual_base_768d,cn_def,ROOT-6212,354.5,542.5
gte_multilingual_base_768d,cn_def,ROOT-6214,2067.0,3126.0
gte_multilingual_base_768d,cn_def,ROOT-6216,1579.1666666666667,1850.6666666666667
gte_multilingual_base_768d,cn_def,ROOT-6236,6.5,199.5
gte_multilingual_base_768d,cn_def,ROOT-6241,658.625,803.5
gte_multilingual_base_768d,cn_def,ROOT-6247,1450.0,1630.0
gte_multilingual_base_768d,cn_def,ROOT-624B,367.0,259.3333333333333
gte_multilingual_base_768d,cn_def,ROOT-624D,2607.5,2721.5
gte_multilingual_base_768d,cn_def,ROOT-6298,721.6666666666666,1792.3333333333333
gte_multilingual_base_768d,cn_def,ROOT-62DC,2573.0,2902.0
gte_multilingual_base_768d,cn_def,ROOT-652F,839.0,1585.8
gte_multilingual_base_768d,cn_def,ROOT-6538,1869.2727272727273,2007.0
gte_multilingual_base_768d,cn_def,ROOT-6544,3797.0,5118.0
gte_multilingual_base_768d,cn_def,ROOT-6556,2208.0,2910.3333333333335
gte_multilingual_base_768d,cn_def,ROOT-6562,1746.5,1598.5
gte_multilingual_base_768d,cn_def,ROOT-6563,456.5,301.0
gte_multilingual_base_768d,cn_def,ROOT-6566,-552.0,-537.0
gte_multilingual_base_768d,cn_def,ROOT-6578,2900.0,2495.0
gte_multilingual_base_768d,cn_def,ROOT-6587,1345.7777777777778,1243.5555555555557
gte_multilingual_base_768d,cn_def,ROOT-6597,1095.5,1763.5
gte_multilingual_base_768d,cn_def,ROOT-65A4,1205.6,1782.4666666666667
gte_multilingual_base_768d,cn_def,ROOT-65AC,1425.75,2511.25
gte_multilingual_base_768d,cn_def,ROOT-65B0,1979.0,4240.0
gte_multilingual_base_768d,cn_def,ROOT-65B9,879.6666666666666,1158.2
gte_multilingual_base_768d,cn_def,ROOT-65BC,1344.25,998.5
gte_multilingual_base_768d,cn_def,ROOT-65C1,1150.8,1825.0
gte_multilingual_base_768d,cn_def,ROOT-65CB,1982.0,3799.0
gte_multilingual_base_768d,cn_def,ROOT-65CF,433.0,756.3333333333334
gte_multilingual_base_768d,cn_def,ROOT-65E6,1031.3333333333333,982.0
gte_multilingual_base_768d,cn_def,ROOT-65E8,595.8,699.4
gte_multilingual_base_768d,cn_def,ROOT-65EC,1220.125,874.25
gte_multilingual_base_768d,cn_def,ROOT-6606,1991.6,1969.2
gte_multilingual_base_768d,cn_def,ROOT-660C,728.8,1435.4
gte_multilingual_base_768d,cn_def,ROOT-660E,-715.0,-361.0
gte_multilingual_base_768d,cn_def,ROOT-660F,1024.0,457.0
gte_multilingual_base_768d,cn_def,ROOT-6613,1794.7142857142858,2535.285714285714
gte_multilingual_base_768d,cn_def,ROOT-6614,1906.5,1368.0
gte_multilingual_base_768d,cn_def,ROOT-661C,-635.0,-1118.0
gte_multilingual_base_768d,cn_def,ROOT-661F,999.0,950.75
gte_multilingual_base_768d,cn_def,ROOT-6625,549.0,98.0
gte_multilingual_base_768d,cn_def,ROOT-662F,1535.8333333333333,2417.5
gte_multilingual_base_768d,cn_def,ROOT-6631,-5.0,0.0
gte_multilingual_base_768d,cn_def,ROOT-6649,151.0,64.0
gte_multilingual_base_768d,cn_def,ROOT-66F0,121.0,454.0
gte_multilingual_base_768d,cn_def,ROOT-66F4,2198.0,3268.5
gte_multilingual_base_768d,cn_def,ROOT-66FC,1659.7,2152.9
gte_multilingual_base_768d,cn_def,ROOT-66FE,826.0,953.125
gte_multilingual_base_768d,cn_def,ROOT-6700,2011.0,2134.0
gte_multilingual_base_768d,cn_def,ROOT-6703,932.125,1066.125
gte_multilingual_base_768d,cn_def,ROOT-670B,2218.8,2050.8
gte_multilingual_base_768d,cn_def,ROOT-6715,66.5,131.0
gte_multilingual_base_768d,cn_def,ROOT-671D,1327.0,1502.3333333333333
gte_multilingual_base_768d,cn_def,ROOT-6728,1264.0,1612.0
gte_multilingual_base_768d,cn_def,ROOT-672A,1687.75,1390.5
gte_multilingual_base_768d,cn_def,ROOT-672B,1969.5,2547.5
gte_multilingual_base_768d,cn_def,ROOT-672C,-703.0,-641.0
gte_multilingual_base_768d,cn_def,ROOT-672E,625.3333333333334,1070.0
gte_multilingual_base_768d,cn_def,ROOT-6731,990.7,1213.1
gte_multilingual_base_768d,cn_def,ROOT-6735,763.0,1537.0
gte_multilingual_base_768d,cn_def,ROOT-6740,-16.0,-17.0
gte_multilingual_base_768d,cn_def,ROOT-675F,779.0,378.5
gte_multilingual_base_768d,cn_def,ROOT-6771,794.8888888888889,1144.5555555555557
gte_multilingual_base_768d,cn_def,ROOT-6797,1808.142857142857,2264.1428571428573
gte_multilingual_base_768d,cn_def,ROOT-679C,429.0,507.375
gte_multilingual_base_768d,cn_def,ROOT-67D0,726.3333333333334,1045.6666666666667
gte_multilingual_base_768d,cn_def,ROOT-67EC,1641.05,2149.6
gte_multilingual_base_768d,cn_def,ROOT-6817,-183.0,-61.0
gte_multilingual_base_768d,cn_def,ROOT-6840,-133.0,-125.0
gte_multilingual_base_768d,cn_def,ROOT-6851,2093.0,2478.0
gte_multilingual_base_768d,cn_def,ROOT-69AE,1162.0,608.0
gte_multilingual_base_768d,cn_def,ROOT-6A02,964.6,1377.6
gte_multilingual_base_768d,cn_def,ROOT-6A0A,1426.0,2108.0
gte_multilingual_base_768d,cn_def,ROOT-6B20,1766.5,2267.0
gte_multilingual_base_768d,cn_def,ROOT-6B2E,1513.8,1293.8
gte_multilingual_base_768d,cn_def,ROOT-6B62,1689.3333333333333,1818.6666666666667
gte_multilingual_base_768d,cn_def,ROOT-6B63,1471.2,1476.2
gte_multilingual_base_768d,cn_def,ROOT-6B65,-93.0,-4.0
gte_multilingual_base_768d,cn_def,ROOT-6B66,2756.5,3460.5
gte_multilingual_base_768d,cn_def,ROOT-6BB5,838.0,1118.5
gte_multilingual_base_768d,cn_def,ROOT-6BB7,826.0,2153.0
gte_multilingual_base_768d,cn_def,ROOT-6BBF,2322.0,3252.0
gte_multilingual_base_768d,cn_def,ROOT-6BC0,17.0,18.0
gte_multilingual_base_768d,cn_def,ROOT-6BCC,764.0,1261.0
gte_multilingual_base_768d,cn_def,ROOT-6BCD,572.3333333333334,530.3333333333334
gte_multilingual_base_768d,cn_def,ROOT-6BCE,-557.0,-2161.0
gte_multilingual_base_768d,cn_def,ROOT-6BD4,1252.0,2118.4444444444443
gte_multilingual_base_768d,cn_def,ROOT-6BDB,1313.25,1461.25
gte_multilingual_base_768d,cn_def,ROOT-6BF3,488.0,431.0
gte_multilingual_base_768d,cn_def,ROOT-6C0F,2089.0,1906.6666666666667
gte_multilingual_base_768d,cn_def,ROOT-6C10,918.1,986.6
gte_multilingual_base_768d,cn_def,ROOT-6C11,1159.6666666666667,1944.6666666666667
gte_multilingual_base_768d,cn_def,ROOT-6C14,2697.0,3747.0
gte_multilingual_base_768d,cn_def,ROOT-6C38,923.0,1450.0
gte_multilingual_base_768d,cn_def,ROOT-6C42,2022.4,2042.6
gte_multilingual_base_768d,cn_def,ROOT-6C93,847.0,1783.0
gte_multilingual_base_768d,cn_def,ROOT-6C99,1689.75,1248.75
gte_multilingual_base_768d,cn_def,ROOT-6C9B,1358.0,1563.0
gte_multilingual_base_768d,cn_def,ROOT-6CC9,1692.0,2083.5
gte_multilingual_base_768d,cn_def,ROOT-6CD5,2668.0,2231.0
gte_multilingual_base_768d,cn_def,ROOT-6D3B,325.0,1407.0
gte_multilingual_base_768d,cn_def,ROOT-6ED5,1405.0,1959.0
gte_multilingual_base_768d,cn_def,ROOT-6FD5,4.0,4.0
gte_multilingual_base_768d,cn_def,ROOT-706B,105.0,825.0
gte_multilingual_base_768d,cn_def,ROOT-708E,1126.6666666666667,1191.1666666666667
gte_multilingual_base_768d,cn_def,ROOT-7097,819.0909090909091,1000.3636363636364
gte_multilingual_base_768d,cn_def,ROOT-70CF,2667.6666666666665,2824.6666666666665
gte_multilingual_base_768d,cn_def,ROOT-7109,2656.0,2564.5
gte_multilingual_base_768d,cn_def,ROOT-7121,1920.5,2803.0
gte_multilingual_base_768d,cn_def,ROOT-7126,756.75,558.5
gte_multilingual_base_768d,cn_def,ROOT-7136,1102.0,1739.0
gte_multilingual_base_768d,cn_def,ROOT-718F,1161.5,1184.5
gte_multilingual_base_768d,cn_def,ROOT-71D5,633.0,972.0
gte_multilingual_base_768d,cn_def,ROOT-71DF,85.0,52.0
gte_multilingual_base_768d,cn_def,ROOT-722A,30.0,55.0
gte_multilingual_base_768d,cn_def,ROOT-722D,385.8333333333333,410.5
gte_multilingual_base_768d,cn_def,ROOT-7230,999.5714285714286,1606.7142857142858
gte_multilingual_base_768d,cn_def,ROOT-7235,693.0,704.0
gte_multilingual_base_768d,cn_def,ROOT-7236,596.0714285714286,566.8571428571429
gte_multilingual_base_768d,cn_def,ROOT-723B,997.3333333333334,1329.3333333333333
gte_multilingual_base_768d,cn_def,ROOT-723E,810.0,1399.0
gte_multilingual_base_768d,cn_def,ROOT-723F,1374.0,1480.3333333333333
gte_multilingual_base_768d,cn_def,ROOT-7259,999.7142857142857,1020.0
gte_multilingual_base_768d,cn_def,ROOT-72AC,628.0,927.0
gte_multilingual_base_768d,cn_def,ROOT-72C2,146.0,161.0
gte_multilingual_base_768d,cn_def,ROOT-72C4,1597.0,1406.5
gte_multilingual_base_768d,cn_def,ROOT-7312,376.0,774.0
gte_multilingual_base_768d,cn_def,ROOT-7384,1219.5,1166.3333333333333
gte_multilingual_base_768d,cn_def,ROOT-7387,3169.0,2700.0
gte_multilingual_base_768d,cn_def,ROOT-7389,-359.0,-101.0
gte_multilingual_base_768d,cn_def,ROOT-738B,117.5,176.0
gte_multilingual_base_768d,cn_def,ROOT-74DC,2041.0,1870.2
gte_multilingual_base_768d,cn_def,ROOT-7518,1532.7142857142858,1712.4285714285713
gte_multilingual_base_768d,cn_def,ROOT-751A,559.25,1102.0
gte_multilingual_base_768d,cn_def,ROOT-751F,1278.6666666666667,1690.3333333333333
gte_multilingual_base_768d,cn_def,ROOT-7522,1871.0,1842.3333333333333
gte_multilingual_base_768d,cn_def,ROOT-7528,1188.5,1602.0625
gte_multilingual_base_768d,cn_def,ROOT-752B,1082.25,1540.0625
gte_multilingual_base_768d,cn_def,ROOT-7530,1295.0,1342.0
gte_multilingual_base_768d,cn_def,ROOT-7531,1821.3333333333333,1351.5833333333333
gte_multilingual_base_768d,cn_def,ROOT-7532,1724.111111111111,1430.5555555555557
gte_multilingual_base_768d,cn_def,ROOT-7533,545.75,892.25
gte_multilingual_base_768d,cn_def,ROOT-754F,865.0,1513.5
gte_multilingual_base_768d,cn_def,ROOT-7550,4213.0,1061.0
gte_multilingual_base_768d,cn_def,ROOT-755C,9.0,-37.0
gte_multilingual_base_768d,cn_def,ROOT-7562,1044.0,1179.5
gte_multilingual_base_768d,cn_def,ROOT-756B,2215.0,2835.0
gte_multilingual_base_768d,cn_def,ROOT-7570,1447.0,2550.0
gte_multilingual_base_768d,cn_def,ROOT-758B,1123.75,616.25
gte_multilingual_base_768d,cn_def,ROOT-7591,1496.75,856.25
gte_multilingual_base_768d,cn_def,ROOT-75BE,41.0,12.0
gte_multilingual_base_768d,cn_def,ROOT-7678,-417.0,-296.0
gte_multilingual_base_768d,cn_def,ROOT-7679,344.0,617.0
gte_multilingual_base_768d,cn_def,ROOT-767D,1357.6666666666667,1626.0
gte_multilingual_base_768d,cn_def,ROOT-7683,-445.0,-689.0
gte_multilingual_base_768d,cn_def,ROOT-7686,980.8333333333334,944.6666666666666
gte_multilingual_base_768d,cn_def,ROOT-7687,1939.8333333333333,2425.1666666666665
gte_multilingual_base_768d,cn_def,ROOT-76AE,754.3076923076923,1103.1538461538462
gte_multilingual_base_768d,cn_def,ROOT-76BF,1663.6666666666667,1589.3333333333333
gte_multilingual_base_768d,cn_def,ROOT-76CA,793.5,1398.75
gte_multilingual_base_768d,cn_def,ROOT-76CD,1332.0,696.0
gte_multilingual_base_768d,cn_def,ROOT-76E1,758.0,939.0
gte_multilingual_base_768d,cn_def,ROOT-76E3,1533.909090909091,2152.2727272727275
gte_multilingual_base_768d,cn_def,ROOT-76F4,1489.3333333333333,1604.0
gte_multilingual_base_768d,cn_def,ROOT-76F8,1950.3333333333333,1922.1666666666667
gte_multilingual_base_768d,cn_def,ROOT-76FE,2268.5,3354.5
gte_multilingual_base_768d,cn_def,ROOT-7707,-146.0,-297.0
gte_multilingual_base_768d,cn_def,ROOT-7709,971.0,1196.0
gte_multilingual_base_768d,cn_def,ROOT-771F,-280.0,-665.0
gte_multilingual_base_768d,cn_def,ROOT-776A,475.5,644.5
gte_multilingual_base_768d,cn_def,ROOT-777F,2383.0,2026.0
gte_multilingual_base_768d,cn_def,ROOT-77DB,1003.8,1446.8
gte_multilingual_base_768d,cn_def,ROOT-77E2,1068.8333333333333,1548.5
gte_multilingual_base_768d,cn_def,ROOT-77F3,1178.25,1778.0
gte_multilingual_base_768d,cn_def,ROOT-793A,-119.5,-404.0
gte_multilingual_base_768d,cn_def,ROOT-796D,648.5,740.0
gte_multilingual_base_768d,cn_def,ROOT-79B9,2615.0,2494.0
gte_multilingual_base_768d,cn_def,ROOT-79BA,973.5555555555555,1110.3333333333333
gte_multilingual_base_768d,cn_def,ROOT-79BB,1908.0,3008.0
gte_multilingual_base_768d,cn_def,ROOT-79BE,776.2727272727273,975.9090909090909
gte_multilingual_base_768d,cn_def,ROOT-79C0,1259.3333333333333,1586.3333333333333
gte_multilingual_base_768d,cn_def,ROOT-79CB,3554.8,3091.0
gte_multilingual_base_768d,cn_def,ROOT-79E6,985.5,1016.5
gte_multilingual_base_768d,cn_def,ROOT-7ACB,1956.1666666666667,2205.3333333333335
gte_multilingual_base_768d,cn_def,ROOT-7ADF,1559.0,1597.5
gte_multilingual_base_768d,cn_def,ROOT-7AE0,2261.1428571428573,1894.2857142857142
gte_multilingual_base_768d,cn_def,ROOT-7AE5,969.5714285714286,997.4285714285714
gte_multilingual_base_768d,cn_def,ROOT-7AF9,461.0,962.0
gte_multilingual_base_768d,cn_def,ROOT-7B6E,1827.0,1186.0
gte_multilingual_base_768d,cn_def,ROOT-7B97,-919.0,-897.0
gte_multilingual_base_768d,cn_def,ROOT-7C73,1559.5,1449.5
gte_multilingual_base_768d,cn_def,ROOT-7CFB,538.5,991.0
gte_multilingual_base_768d,cn_def,ROOT-7D2F,2025.0,2334.6666666666665
gte_multilingual_base_768d,cn_def,ROOT-7DBF,1577.0,821.0
gte_multilingual_base_768d,cn_def,ROOT-7E23,-297.0,-498.0
gte_multilingual_base_768d,cn_def,ROOT-7F54,1463.6666666666667,1988.6666666666667
gte_multilingual_base_768d,cn_def,ROOT-7F72,2714.5,2580.5
gte_multilingual_base_768d,cn_def,ROOT-7F77,172.0,490.0
gte_multilingual_base_768d,cn_def,ROOT-7F85,1509.6666666666667,1333.0
gte_multilingual_base_768d,cn_def,ROOT-7F8A,688.4444444444445,915.3333333333334
gte_multilingual_base_768d,cn_def,ROOT-7F94,-293.0,-1149.0
gte_multilingual_base_768d,cn_def,ROOT-7FA9,1414.1666666666667,1651.0
gte_multilingual_base_768d,cn_def,ROOT-7FBD,-743.0,-641.0
gte_multilingual_base_768d,cn_def,ROOT-7FD2,1488.0,2018.3333333333333
gte_multilingual_base_768d,cn_def,ROOT-7FDF,1348.8333333333333,2045.6666666666667
gte_multilingual_base_768d,cn_def,ROOT-8012,627.0,1071.0
gte_multilingual_base_768d,cn_def,ROOT-8033,889.6,1345.6
gte_multilingual_base_768d,cn_def,ROOT-8036,1190.5,587.5
gte_multilingual_base_768d,cn_def,ROOT-8076,170.6,248.2
gte_multilingual_base_768d,cn_def,ROOT-807D,1945.0,1853.0
gte_multilingual_base_768d,cn_def,ROOT-807F,1427.857142857143,1332.7142857142858
gte_multilingual_base_768d,cn_def,ROOT-80C3,1143.0,2655.0
gte_multilingual_base_768d,cn_def,ROOT-810A,1728.5,633.5
gte_multilingual_base_768d,cn_def,ROOT-81E4,918.0,1323.5
gte_multilingual_base_768d,cn_def,ROOT-81EA,-274.0,-83.5
gte_multilingual_base_768d,cn_def,ROOT-81ED,904.0,1056.5
gte_multilingual_base_768d,cn_def,ROOT-81F3,1308.2857142857142,1283.142857142857
gte_multilingual_base_768d,cn_def,ROOT-81FE,1166.0,1949.25
gte_multilingual_base_768d,cn_def,ROOT-8200,1867.5,1745.5
gte_multilingual_base_768d,cn_def,ROOT-8201,304.0,674.6666666666666
gte_multilingual_base_768d,cn_def,ROOT-8202,1149.0,38.0
gte_multilingual_base_768d,cn_def,ROOT-8204,2519.0,4148.0
gte_multilingual_base_768d,cn_def,ROOT-821C,2195.0,3960.0
gte_multilingual_base_768d,cn_def,ROOT-822C,2808.6666666666665,3260.3333333333335
gte_multilingual_base_768d,cn_def,ROOT-826E,33.0,461.0
gte_multilingual_base_768d,cn_def,ROOT-826F,1895.875,1570.875
gte_multilingual_base_768d,cn_def,ROOT-82BB,2014.25,1872.5
gte_multilingual_base_768d,cn_def,ROOT-82D7,2595.0,2223.6666666666665
gte_multilingual_base_768d,cn_def,ROOT-82E5,158.0,536.25
gte_multilingual_base_768d,cn_def,ROOT-830D,532.0,602.5
gte_multilingual_base_768d,cn_def,ROOT-8332,1116.0,1709.0
gte_multilingual_base_768d,cn_def,ROOT-83AB,1542.0666666666666,1389.9333333333334
gte_multilingual_base_768d,cn_def,ROOT-83EF,52.0,27.0
gte_multilingual_base_768d,cn_def,ROOT-8408,3236.0,1610.0
gte_multilingual_base_768d,cn_def,ROOT-842C,1225.5,1526.75
gte_multilingual_base_768d,cn_def,ROOT-8457,175.0,321.0
gte_multilingual_base_768d,cn_def,ROOT-8499,1639.75,1552.0
gte_multilingual_base_768d,cn_def,ROOT-8511,3013.0,3183.0
gte_multilingual_base_768d,cn_def,ROOT-864D,894.0,1057.0
gte_multilingual_base_768d,cn_def,ROOT-864E,2010.5,2297.0
gte_multilingual_base_768d,cn_def,ROOT-8650,1214.0,526.0
gte_multilingual_base_768d,cn_def,ROOT-865F,513.0,720.0
gte_multilingual_base_768d,cn_def,ROOT-86A4,594.5,1047.5
gte_multilingual_base_768d,cn_def,ROOT-8700,1182.4285714285713,1528.5714285714287
gte_multilingual_base_768d,cn_def,ROOT-8840,1577.0,1648.5
gte_multilingual_base_768d,cn_def,ROOT-884C,1834.0,4191.0
gte_multilingual_base_768d,cn_def,ROOT-884D,1147.0,1289.0
gte_multilingual_base_768d,cn_def,ROOT-8863,684.5,1256.5
gte_multilingual_base_768d,cn_def,ROOT-8870,2031.0,2569.0
gte_multilingual_base_768d,cn_def,ROOT-8881,2769.0,2516.75
gte_multilingual_base_768d,cn_def,ROOT-8944,1360.375,1269.125
gte_multilingual_base_768d,cn_def,ROOT-897E,-613.0,-332.0
gte_multilingual_base_768d,cn_def,ROOT-897F,224.33333333333334,159.66666666666666
gte_multilingual_base_768d,cn_def,ROOT-8983,1620.0,1594.5
gte_multilingual_base_768d,cn_def,ROOT-898B,2080.2,1673.8
gte_multilingual_base_768d,cn_def,ROOT-898F,726.0,960.0
gte_multilingual_base_768d,cn_def,ROOT-89AA,3585.5,3262.5
gte_multilingual_base_768d,cn_def,ROOT-89BA,48.0,342.0
gte_multilingual_base_768d,cn_def,ROOT-89D2,215.5,184.5
gte_multilingual_base_768d,cn_def,ROOT-89E3,1848.6666666666667,2230.3333333333335
gte_multilingual_base_768d,cn_def,ROOT-8A79,1307.6666666666667,1696.111111111111
gte_multilingual_base_768d,cn_def,ROOT-8C37,1248.1666666666667,1214.4166666666667
gte_multilingual_base_768d,cn_def,ROOT-8C46,894.2142857142857,1190.2857142857142
gte_multilingual_base_768d,cn_def,ROOT-8C48,1556.6666666666667,2132.0
gte_multilingual_base_768d,cn_def,ROOT-8C50,1242.0,1041.5
gte_multilingual_base_768d,cn_def,ROOT-8C5A,3064.0,2149.0
gte_multilingual_base_768d,cn_def,ROOT-8C61,352.0,235.0
gte_multilingual_base_768d,cn_def,ROOT-8C6A,1721.0,2445.5
gte_multilingual_base_768d,cn_def,ROOT-8C9D,548.3333333333334,851.6666666666666
gte_multilingual_base_768d,cn_def,ROOT-8C9E,1177.75,494.0
gte_multilingual_base_768d,cn_def,ROOT-8CAC,1025.0,1364.8
gte_multilingual_base_768d,cn_def,ROOT-8CB4,420.75,967.0
gte_multilingual_base_768d,cn_def,ROOT-8CCF,3309.0,3073.6
gte_multilingual_base_768d,cn_def,ROOT-8CEA,1067.0,591.0
gte_multilingual_base_768d,cn_def,ROOT-8D0A,2065.0,2366.5
gte_multilingual_base_768d,cn_def,ROOT-8D1B,1375.0,1754.0
gte_multilingual_base_768d,cn_def,ROOT-8D64,264.0,799.0
gte_multilingual_base_768d,cn_def,ROOT-8D66,1212.0,834.0
gte_multilingual_base_768d,cn_def,ROOT-8D6B,1735.0,2924.0
gte_multilingual_base_768d,cn_def,ROOT-8DB3,665.75,348.25
gte_multilingual_base_768d,cn_def,ROOT-8ECD,1071.4444444444443,1508.5555555555557
gte_multilingual_base_768d,cn_def,ROOT-8F9B,1249.0,1288.6666666666667
gte_multilingual_base_768d,cn_def,ROOT-8F9F,1019.0833333333334,1397.8333333333333
gte_multilingual_base_768d,cn_def,ROOT-8FB0,1870.375,1949.25
gte_multilingual_base_768d,cn_def,ROOT-8FB1,1304.75,1917.75
gte_multilingual_base_768d,cn_def,ROOT-8FB2,865.5,1541.5
gte_multilingual_base_768d,cn_def,ROOT-9000,227.0,304.5
gte_multilingual_base_768d,cn_def,ROOT-9023,2952.2,3072.0
gte_multilingual_base_768d,cn_def,ROOT-9054,568.3333333333334,746.6666666666666
gte_multilingual_base_768d,cn_def,ROOT-9077,2719.0,2639.0
gte_multilingual_base_768d,cn_def,ROOT-9091,1644.3333333333333,1793.6666666666667
gte_multilingual_base_768d,cn_def,ROOT-9095,80.0,-193.0
gte_multilingual_base_768d,cn_def,ROOT-90A3,52.0,86.0
gte_multilingual_base_768d,cn_def,ROOT-90CE,1524.0,726.5
gte_multilingual_base_768d,cn_def,ROOT-90ED,331.5,107.0
gte_multilingual_base_768d,cn_def,ROOT-9109,2202.0,1780.0
gte_multilingual_base_768d,cn_def,ROOT-912D,2408.0,3794.0
gte_multilingual_base_768d,cn_def,ROOT-9149,608.5,730.5
gte_multilingual_base_768d,cn_def,ROOT-914B,-203.0,-437.0
gte_multilingual_base_768d,cn_def,ROOT-91C6,556.8571428571429,831.0714285714286
gte_multilingual_base_768d,cn_def,ROOT-91C7,1520.5,1763.5
gte_multilingual_base_768d,cn_def,ROOT-91CC,2004.625,2059.875
gte_multilingual_base_768d,cn_def,ROOT-91CF,547.0,238.0
gte_multilingual_base_768d,cn_def,ROOT-9577,1518.6666666666667,2175.0
gte_multilingual_base_768d,cn_def,ROOT-9580,958.3333333333334,1426.0
gte_multilingual_base_768d,cn_def,ROOT-958F,1475.0,2638.0
gte_multilingual_base_768d,cn_def,ROOT-9591,-509.0,-763.0
gte_multilingual_base_768d,cn_def,ROOT-9592,1462.0,2489.0
gte_multilingual_base_768d,cn_def,ROOT-95B5,3439.0,4344.0
gte_multilingual_base_768d,cn_def,ROOT-961C,716.0,664.0
gte_multilingual_base_768d,cn_def,ROOT-9673,38.0,72.0
gte_multilingual_base_768d,cn_def,ROOT-9686,2273.0,879.0
gte_multilingual_base_768d,cn_def,ROOT-968B,1366.0,1166.0
gte_multilingual_base_768d,cn_def,ROOT-96A8,3398.0,3919.0
gte_multilingual_base_768d,cn_def,ROOT-96B9,682.15,1216.2
gte_multilingual_base_768d,cn_def,ROOT-96BB,882.0,486.0
gte_multilingual_base_768d,cn_def,ROOT-96BC,-767.0,-1308.0
gte_multilingual_base_768d,cn_def,ROOT-96CB,1018.0,1565.0
gte_multilingual_base_768d,cn_def,ROOT-96CD,1960.0,4056.0
gte_multilingual_base_768d,cn_def,ROOT-96E3,1680.0,2153.5
gte_multilingual_base_768d,cn_def,ROOT-96F7,1291.5,1462.0
gte_multilingual_base_768d,cn_def,ROOT-9700,2660.0,2650.8333333333335
gte_multilingual_base_768d,cn_def,ROOT-9752,1126.0,778.8333333333334
gte_multilingual_base_768d,cn_def,ROOT-975E,1321.75,1458.125
gte_multilingual_base_768d,cn_def,ROOT-9762,498.0,927.5
gte_multilingual_base_768d,cn_def,ROOT-9808,2085.0,1540.0
gte_multilingual_base_768d,cn_def,ROOT-983B,2874.0,4837.0
gte_multilingual_base_768d,cn_def,ROOT-985B,2291.0,4095.0
gte_multilingual_base_768d,cn_def,ROOT-9865,629.0,460.0
gte_multilingual_base_768d,cn_def,ROOT-99AC,843.3333333333334,363.6666666666667
gte_multilingual_base_768d,cn_def,ROOT-9AD8,691.9375,633.9375
gte_multilingual_base_768d,cn_def,ROOT-9B32,1476.6666666666667,1599.3333333333333
gte_multilingual_base_768d,cn_def,ROOT-9B3C,611.375,692.0
gte_multilingual_base_768d,cn_def,ROOT-9B5A,1285.0,624.6666666666666
gte_multilingual_base_768d,cn_def,ROOT-9BAE,722.0,342.0
gte_multilingual_base_768d,cn_def,ROOT-9E75,992.0,581.0
gte_multilingual_base_768d,cn_def,ROOT-9E7F,1447.5,1654.75
gte_multilingual_base_768d,cn_def,ROOT-9E97,1970.2,2474.8
gte_multilingual_base_768d,cn_def,ROOT-9ED1,26.0,73.0
gte_multilingual_base_768d,cn_def,ROOT-9EFD,4084.5,4082.0
gte_multilingual_base_768d,cn_def,ROOT-9F13,4568.0,4354.0
gte_multilingual_base_768d,cn_def,ROOT-9F4A,1864.0,1972.2857142857142
gte_multilingual_base_768d,cn_def,ROOT-9F8D,1606.8181818181818,2112.3636363636365
gte_multilingual_base_768d,cn_def,ROOT-9FA0,705.5,251.0
gte_multilingual_base_768d,en_def_translated_cn_def,ROOT-20000,1576.72,1776.6
gte_multilingual_base_768d,en_def_translated_cn_def,ROOT-200A2,0.0,49.0
gte_multilingual_base_768d,en_def_translated_cn_def,ROOT-200A4,2253.3333333333335,2122.0
gte_multilingual_base_768d,en_def_translated_cn_def,ROOT-2053E,186.5,685.5
gte_multilingual_base_768d,en_def_translated_cn_def,ROOT-20CCB,749.0,626.5
gte_multilingual_base_768d,en_def_translated_cn_def,ROOT-2123C,1661.0,1538.75
gte_multilingual_base_768d,en_def_translated_cn_def,ROOT-219CD,1121.625,1391.625
gte_multilingual_base_768d,en_def_translated_cn_def,ROOT-21C55,2170.0,2348.0
gte_multilingual_base_768d,en_def_translated_cn_def,ROOT-22398,147.0,390.0
gte_multilingual_base_768d,en_def_translated_cn_def,ROOT-2274A,-354.0,-557.0
gte_multilingual_base_768d,en_def_translated_cn_def,ROOT-2304B,1507.0,660.0
gte_multilingual_base_768d,en_def_translated_cn_def,ROOT-23386,1730.0,2641.0
gte_multilingual_base_768d,en_def_translated_cn_def,ROOT-233DF,1843.6666666666667,1888.0
gte_multilingual_base_768d,en_def_translated_cn_def,ROOT-2394F,1383.4285714285713,1443.357142857143
gte_multilingual_base_768d,en_def_translated_cn_def,ROOT-239BC,543.5,728.0
gte_multilingual_base_768d,en_def_translated_cn_def,ROOT-25762,4949.0,3846.0
gte_multilingual_base_768d,en_def_translated_cn_def,ROOT-26B07,1187.0,816.0
gte_multilingual_base_768d,en_def_translated_cn_def,ROOT-271A3,1249.8333333333333,1302.75
gte_multilingual_base_768d,en_def_translated_cn_def,ROOT-27BAB,1936.0,1680.0
gte_multilingual_base_768d,en_def_translated_cn_def,ROOT-342D,1499.0,2364.6666666666665
gte_multilingual_base_768d,en_def_translated_cn_def,ROOT-3431,837.0,182.0
gte_multilingual_base_768d,en_def_translated_cn_def,ROOT-34B8,1499.75,2117.25
gte_multilingual_base_768d,en_def_translated_cn_def,ROOT-34BC,1899.0,1041.0
gte_multilingual_base_768d,en_def_translated_cn_def,ROOT-34DE,963.5,1431.25
gte_multilingual_base_768d,en_def_translated_cn_def,ROOT-3563,423.8888888888889,654.3333333333334
gte_multilingual_base_768d,en_def_translated_cn_def,ROOT-37A2,798.3333333333334,1046.75
gte_multilingual_base_768d,en_def_translated_cn_def,ROOT-382F,1777.1875,1914.5625
gte_multilingual_base_768d,en_def_translated_cn_def,ROOT-3840,224.8,330.6
gte_multilingual_base_768d,en_def_translated_cn_def,ROOT-3E12,3630.0,2502.0
gte_multilingual_base_768d,en_def_translated_cn_def,ROOT-4020,408.3333333333333,676.0
gte_multilingual_base_768d,en_def_translated_cn_def,ROOT-41C2,897.8,494.0
gte_multilingual_base_768d,en_def_translated_cn_def,ROOT-470C,37.0,34.0
gte_multilingual_base_768d,en_def_translated_cn_def,ROOT-4E00,140.0,763.0
gte_multilingual_base_768d,en_def_translated_cn_def,ROOT-4E01,1772.7692307692307,1403.1538461538462
gte_multilingual_base_768d,en_def_translated_cn_def,ROOT-4E02,499.0,723.0
gte_multilingual_base_768d,en_def_translated_cn_def,ROOT-4E03,154.5,1659.0
gte_multilingual_base_768d,en_def_translated_cn_def,ROOT-4E08,127.0,159.0
gte_multilingual_base_768d,en_def_translated_cn_def,ROOT-4E0D,1417.0,1447.25
gte_multilingual_base_768d,en_def_translated_cn_def,ROOT-4E0F,189.0,393.0
gte_multilingual_base_768d,en_def_translated_cn_def,ROOT-4E11,1505.0,1506.3333333333333
gte_multilingual_base_768d,en_def_translated_cn_def,ROOT-4E14,1665.1666666666667,1587.5555555555557
gte_multilingual_base_768d,en_def_translated_cn_def,ROOT-4E16,2272.0,3132.0
gte_multilingual_base_768d,en_def_translated_cn_def,ROOT-4E18,1483.5,1438.5
gte_multilingual_base_768d,en_def_translated_cn_def,ROOT-4E19,1525.0,1900.3333333333333
gte_multilingual_base_768d,en_def_translated_cn_def,ROOT-4E1E,82.0,182.5
gte_multilingual_base_768d,en_def_translated_cn_def,ROOT-4E26,-657.0,-102.0
gte_multilingual_base_768d,en_def_translated_cn_def,ROOT-4E2D,967.3333333333334,1653.3333333333333
gte_multilingual_base_768d,en_def_translated_cn_def,ROOT-4E30,1846.5,1538.0
gte_multilingual_base_768d,en_def_translated_cn_def,ROOT-4E32,969.0,2112.0
gte_multilingual_base_768d,en_def_translated_cn_def,ROOT-4E36,1365.5,1041.1666666666667
gte_multilingual_base_768d,en_def_translated_cn_def,ROOT-4E38,1384.0,1489.0
gte_multilingual_base_768d,en_def_translated_cn_def,ROOT-4E3F,623.6923076923077,514.9230769230769
gte_multilingual_base_768d,en_def_translated_cn_def,ROOT-4E42,2169.0,3164.5
gte_multilingual_base_768d,en_def_translated_cn_def,ROOT-4E43,639.6666666666666,1243.0
gte_multilingual_base_768d,en_def_translated_cn_def,ROOT-4E45,2423.3333333333335,2085.0
gte_multilingual_base_768d,en_def_translated_cn_def,ROOT-4E47,670.0,1029.0
gte_multilingual_base_768d,en_def_translated_cn_def,ROOT-4E4B,1808.0,2773.0
gte_multilingual_base_768d,en_def_translated_cn_def,ROOT-4E4D,983.2727272727273,805.8181818181819
gte_multilingual_base_768d,en_def_translated_cn_def,ROOT-4E4E,2443.0,2552.0
gte_multilingual_base_768d,en_def_translated_cn_def,ROOT-4E4F,1238.2,1474.2
gte_multilingual_base_768d,en_def_translated_cn_def,ROOT-4E58,-153.0,148.0
gte_multilingual_base_768d,en_def_translated_cn_def,ROOT-4E59,649.0,478.0
gte_multilingual_base_768d,en_def_translated_cn_def,ROOT-4E5D,1582.857142857143,1479.2857142857142
gte_multilingual_base_768d,en_def_translated_cn_def,ROOT-4E5E,735.0,837.0
gte_multilingual_base_768d,en_def_translated_cn_def,ROOT-4E5F,956.1666666666666,1312.0
gte_multilingual_base_768d,en_def_translated_cn_def,ROOT-4E88,469.3333333333333,461.5
gte_multilingual_base_768d,en_def_translated_cn_def,ROOT-4E8C,1295.75,1502.875
gte_multilingual_base_768d,en_def_translated_cn_def,ROOT-4E8E,1252.375,1265.875
gte_multilingual_base_768d,en_def_translated_cn_def,ROOT-4E8F,2112.6666666666665,2879.6666666666665
gte_multilingual_base_768d,en_def_translated_cn_def,ROOT-4E91,1594.1666666666667,1794.5
gte_multilingual_base_768d,en_def_translated_cn_def,ROOT-4E94,814.1666666666666,881.0
gte_multilingual_base_768d,en_def_translated_cn_def,ROOT-4E95,151.0,182.0
gte_multilingual_base_768d,en_def_translated_cn_def,ROOT-4E9E,1192.25,1269.75
gte_multilingual_base_768d,en_def_translated_cn_def,ROOT-4E9F,595.0,797.0
gte_multilingual_base_768d,en_def_translated_cn_def,ROOT-4EA1,1967.3333333333333,1535.0
gte_multilingual_base_768d,en_def_translated_cn_def,ROOT-4EA2,982.3,1319.2
gte_multilingual_base_768d,en_def_translated_cn_def,ROOT-4EA4,1650.8,2091.266666666667
gte_multilingual_base_768d,en_def_translated_cn_def,ROOT-4EA5,1324.3333333333333,1467.75
gte_multilingual_base_768d,en_def_translated_cn_def,ROOT-4EAC,1258.125,1774.125
gte_multilingual_base_768d,en_def_translated_cn_def,ROOT-4EAE,67.0,20.0
gte_multilingual_base_768d,en_def_translated_cn_def,ROOT-4EBA,757.0,1102.6666666666667
gte_multilingual_base_768d,en_def_translated_cn_def,ROOT-4EC1,483.0,684.0
gte_multilingual_base_768d,en_def_translated_cn_def,ROOT-4EC4,2129.0,3211.0
gte_multilingual_base_768d,en_def_translated_cn_def,ROOT-4ECA,1658.7222222222222,1572.2777777777778
gte_multilingual_base_768d,en_def_translated_cn_def,ROOT-4ECB,3318.6666666666665,2448.3333333333335
gte_multilingual_base_768d,en_def_translated_cn_def,ROOT-4EE4,1716.8666666666666,1685.8
gte_multilingual_base_768d,en_def_translated_cn_def,ROOT-4EE5,-286.5,-147.5
gte_multilingual_base_768d,en_def_translated_cn_def,ROOT-4F0F,1860.0,2122.0
gte_multilingual_base_768d,en_def_translated_cn_def,ROOT-4F10,1634.0,2233.0
gte_multilingual_base_768d,en_def_translated_cn_def,ROOT-4F59,1043.8,1032.2
gte_multilingual_base_768d,en_def_translated_cn_def,ROOT-4F86,1803.0,1881.6666666666667
gte_multilingual_base_768d,en_def_translated_cn_def,ROOT-4F8C,646.0,1140.0
gte_multilingual_base_768d,en_def_translated_cn_def,ROOT-4F96,2350.4285714285716,2368.4285714285716
gte_multilingual_base_768d,en_def_translated_cn_def,ROOT-4FAF,301.0,45.0
gte_multilingual_base_768d,en_def_translated_cn_def,ROOT-4FDD,1016.3333333333334,1362.6666666666667
gte_multilingual_base_768d,en_def_translated_cn_def,ROOT-5009,1184.2,1431.3
gte_multilingual_base_768d,en_def_translated_cn_def,ROOT-501D,3829.0,4486.0
gte_multilingual_base_768d,en_def_translated_cn_def,ROOT-50C9,1014.5454545454545,1208.909090909091
gte_multilingual_base_768d,en_def_translated_cn_def,ROOT-5140,1331.0,1347.3333333333333
gte_multilingual_base_768d,en_def_translated_cn_def,ROOT-5143,1236.4,821.3
gte_multilingual_base_768d,en_def_translated_cn_def,ROOT-5144,-79.0,-170.0
gte_multilingual_base_768d,en_def_translated_cn_def,ROOT-5145,1035.0,1512.5
gte_multilingual_base_768d,en_def_translated_cn_def,ROOT-5146,1595.1,1488.2
gte_multilingual_base_768d,en_def_translated_cn_def,ROOT-5148,2167.0,3254.0
gte_multilingual_base_768d,en_def_translated_cn_def,ROOT-5149,371.0,257.0
gte_multilingual_base_768d,en_def_translated_cn_def,ROOT-514B,231.0,520.0
gte_multilingual_base_768d,en_def_translated_cn_def,ROOT-514D,425.5,470.6666666666667
gte_multilingual_base_768d,en_def_translated_cn_def,ROOT-5152,1599.3333333333333,2048.6666666666665
gte_multilingual_base_768d,en_def_translated_cn_def,ROOT-5154,-80.0,-379.0
gte_multilingual_base_768d,en_def_translated_cn_def,ROOT-5165,1297.2,1472.8
gte_multilingual_base_768d,en_def_translated_cn_def,ROOT-5168,1978.142857142857,2026.0
gte_multilingual_base_768d,en_def_translated_cn_def,ROOT-5169,903.6666666666666,1181.0
gte_multilingual_base_768d,en_def_translated_cn_def,ROOT-516A,2737.0,2408.0
gte_multilingual_base_768d,en_def_translated_cn_def,ROOT-516B,228.5,348.0
gte_multilingual_base_768d,en_def_translated_cn_def,ROOT-516C,1353.125,1415.125
gte_multilingual_base_768d,en_def_translated_cn_def,ROOT-5171,412.5,524.1666666666666
gte_multilingual_base_768d,en_def_translated_cn_def,ROOT-5176,1739.6923076923076,1558.923076923077
gte_multilingual_base_768d,en_def_translated_cn_def,ROOT-5177,5699.0,5089.0
gte_multilingual_base_768d,en_def_translated_cn_def,ROOT-5178,-359.0,-1262.0
gte_multilingual_base_768d,en_def_translated_cn_def,ROOT-517C,1920.9,1989.8
gte_multilingual_base_768d,en_def_translated_cn_def,ROOT-5180,4156.0,3655.0
gte_multilingual_base_768d,en_def_translated_cn_def,ROOT-5183,1323.25,1629.0
gte_multilingual_base_768d,en_def_translated_cn_def,ROOT-5189,1846.0,2274.0
gte_multilingual_base_768d,en_def_translated_cn_def,ROOT-518A,2067.5,2661.0
gte_multilingual_base_768d,en_def_translated_cn_def,ROOT-518E,1138.0,1414.3333333333333
gte_multilingual_base_768d,en_def_translated_cn_def,ROOT-51A2,0.0,0.0
gte_multilingual_base_768d,en_def_translated_cn_def,ROOT-51A5,1246.5,1213.75
gte_multilingual_base_768d,en_def_translated_cn_def,ROOT-51AB,176.0,257.0
gte_multilingual_base_768d,en_def_translated_cn_def,ROOT-51E0,2105.6,1217.4
gte_multilingual_base_768d,en_def_translated_cn_def,ROOT-51E1,2002.111111111111,2063.0
gte_multilingual_base_768d,en_def_translated_cn_def,ROOT-51F6,3646.0,3476.5
gte_multilingual_base_768d,en_def_translated_cn_def,ROOT-51FA,293.0,247.0
gte_multilingual_base_768d,en_def_translated_cn_def,ROOT-51FD,0.0,0.0
gte_multilingual_base_768d,en_def_translated_cn_def,ROOT-5200,1393.3333333333333,1228.0666666666666
gte_multilingual_base_768d,en_def_translated_cn_def,ROOT-5203,1126.4,1496.8
gte_multilingual_base_768d,en_def_translated_cn_def,ROOT-5206,645.875,878.0625
gte_multilingual_base_768d,en_def_translated_cn_def,ROOT-5211,2385.5,2861.5
gte_multilingual_base_768d,en_def_translated_cn_def,ROOT-5217,364.0,431.0
gte_multilingual_base_768d,en_def_translated_cn_def,ROOT-5225,-705.0,-897.0
gte_multilingual_base_768d,en_def_translated_cn_def,ROOT-5229,2026.5,1485.0
gte_multilingual_base_768d,en_def_translated_cn_def,ROOT-5236,1579.0,2359.5
gte_multilingual_base_768d,en_def_translated_cn_def,ROOT-5247,560.6,696.2
gte_multilingual_base_768d,en_def_translated_cn_def,ROOT-529B,1499.5333333333333,1997.4
gte_multilingual_base_768d,en_def_translated_cn_def,ROOT-52DE,2250.5,1953.75
gte_multilingual_base_768d,en_def_translated_cn_def,ROOT-52F9,1032.0,1273.4
gte_multilingual_base_768d,en_def_translated_cn_def,ROOT-52FA,1433.2,1357.8
gte_multilingual_base_768d,en_def_translated_cn_def,ROOT-52FB,1176.3333333333333,1502.0
gte_multilingual_base_768d,en_def_translated_cn_def,ROOT-52FF,1248.0,873.1666666666666
gte_multilingual_base_768d,en_def_translated_cn_def,ROOT-5303,1392.7333333333333,1442.6
gte_multilingual_base_768d,en_def_translated_cn_def,ROOT-5305,2171.076923076923,1953.6153846153845
gte_multilingual_base_768d,en_def_translated_cn_def,ROOT-5315,1233.9565217391305,1315.7826086956522
gte_multilingual_base_768d,en_def_translated_cn_def,ROOT-5317,1381.0,670.0
gte_multilingual_base_768d,en_def_translated_cn_def,ROOT-5321,2601.0,3446.5
gte_multilingual_base_768d,en_def_translated_cn_def,ROOT-5340,1399.0833333333333,1392.8333333333333
gte_multilingual_base_768d,en_def_translated_cn_def,ROOT-5341,1239.3333333333333,839.3333333333334
gte_multilingual_base_768d,en_def_translated_cn_def,ROOT-5347,27.0,44.0
gte_multilingual_base_768d,en_def_translated_cn_def,ROOT-5348,1746.5,2323.25
gte_multilingual_base_768d,en_def_translated_cn_def,ROOT-5349,1807.0,1974.75
gte_multilingual_base_768d,en_def_translated_cn_def,ROOT-534A,231.0,355.0
gte_multilingual_base_768d,en_def_translated_cn_def,ROOT-5351,2037.7272727272727,2100.181818181818
gte_multilingual_base_768d,en_def_translated_cn_def,ROOT-5352,1366.9166666666667,1484.0
gte_multilingual_base_768d,en_def_translated_cn_def,ROOT-5353,915.0,1453.0
gte_multilingual_base_768d,en_def_translated_cn_def,ROOT-5357,1058.6666666666667,983.0
gte_multilingual_base_768d,en_def_translated_cn_def,ROOT-535C,686.5,895.0
gte_multilingual_base_768d,en_def_translated_cn_def,ROOT-5360,1013.5384615384615,1356.1538461538462
gte_multilingual_base_768d,en_def_translated_cn_def,ROOT-5371,1192.6666666666667,1005.3333333333334
gte_multilingual_base_768d,en_def_translated_cn_def,ROOT-5373,274.5,457.5
gte_multilingual_base_768d,en_def_translated_cn_def,ROOT-5377,824.3333333333334,950.5
gte_multilingual_base_768d,en_def_translated_cn_def,ROOT-5378,777.3333333333334,983.3333333333334
gte_multilingual_base_768d,en_def_translated_cn_def,ROOT-5384,1706.6666666666667,2970.6666666666665
gte_multilingual_base_768d,en_def_translated_cn_def,ROOT-539F,733.75,873.5
gte_multilingual_base_768d,en_def_translated_cn_def,ROOT-53B6,928.5454545454545,945.3636363636364
gte_multilingual_base_768d,en_def_translated_cn_def,ROOT-53BB,1434.0,2254.3333333333335
gte_multilingual_base_768d,en_def_translated_cn_def,ROOT-53C3,1482.6666666666667,1920.3333333333333
gte_multilingual_base_768d,en_def_translated_cn_def,ROOT-53C8,1533.6666666666667,1640.0
gte_multilingual_base_768d,en_def_translated_cn_def,ROOT-53C9,1123.0,1512.0
gte_multilingual_base_768d,en_def_translated_cn_def,ROOT-53CA,1512.142857142857,1194.4285714285713
gte_multilingual_base_768d,en_def_translated_cn_def,ROOT-53CD,1736.6,2119.4
gte_multilingual_base_768d,en_def_translated_cn_def,ROOT-53D6,508.0,251.33333333333334
gte_multilingual_base_768d,en_def_translated_cn_def,ROOT-53D7,1044.5,1474.5
gte_multilingual_base_768d,en_def_translated_cn_def,ROOT-53E3,2850.6666666666665,2487.6666666666665
gte_multilingual_base_768d,en_def_translated_cn_def,ROOT-53E4,960.2692307692307,955.9230769230769
gte_multilingual_base_768d,en_def_translated_cn_def,ROOT-53EA,2240.0,4316.0
gte_multilingual_base_768d,en_def_translated_cn_def,ROOT-53F2,2008.0,340.0
gte_multilingual_base_768d,en_def_translated_cn_def,ROOT-53F8,516.75,501.25
gte_multilingual_base_768d,en_def_translated_cn_def,ROOT-5404,1539.888888888889,1633.111111111111
gte_multilingual_base_768d,en_def_translated_cn_def,ROOT-5408,518.4615384615385,400.53846153846155
gte_multilingual_base_768d,en_def_translated_cn_def,ROOT-5409,505.55555555555554,770.2222222222222
gte_multilingual_base_768d,en_def_translated_cn_def,ROOT-540C,1612.6666666666667,2358.3333333333335
gte_multilingual_base_768d,en_def_translated_cn_def,ROOT-540D,1201.6666666666667,1179.0
gte_multilingual_base_768d,en_def_translated_cn_def,ROOT-540E,978.6666666666666,1157.3333333333333
gte_multilingual_base_768d,en_def_translated_cn_def,ROOT-5411,987.0,773.0
gte_multilingual_base_768d,en_def_translated_cn_def,ROOT-5433,1087.0,1069.3333333333333
gte_multilingual_base_768d,en_def_translated_cn_def,ROOT-5442,1524.0,1774.0
gte_multilingual_base_768d,en_def_translated_cn_def,ROOT-544A,1095.5,1456.5
gte_multilingual_base_768d,en_def_translated_cn_def,ROOT-5468,2027.923076923077,2039.6923076923076
gte_multilingual_base_768d,en_def_translated_cn_def,ROOT-548E,1861.5,3342.5
gte_multilingual_base_768d,en_def_translated_cn_def,ROOT-54B8,367.85714285714283,305.7142857142857
gte_multilingual_base_768d,en_def_translated_cn_def,ROOT-54E1,883.4,1186.8
gte_multilingual_base_768d,en_def_translated_cn_def,ROOT-54E5,-638.0,-508.0
gte_multilingual_base_768d,en_def_translated_cn_def,ROOT-5584,667.3333333333334,1161.3333333333333
gte_multilingual_base_768d,en_def_translated_cn_def,ROOT-55AE,1611.5,2107.6
gte_multilingual_base_768d,en_def_translated_cn_def,ROOT-55C7,2009.0,2190.0
gte_multilingual_base_768d,en_def_translated_cn_def,ROOT-56B4,347.5,267.0
gte_multilingual_base_768d,en_def_translated_cn_def,ROOT-56D7,839.4444444444445,883.2222222222222
gte_multilingual_base_768d,en_def_translated_cn_def,ROOT-56DA,2707.0,2253.0
gte_multilingual_base_768d,en_def_translated_cn_def,ROOT-56DB,2427.5,1395.5
gte_multilingual_base_768d,en_def_translated_cn_def,ROOT-56DE,2706.0,2341.25
gte_multilingual_base_768d,en_def_translated_cn_def,ROOT-56E0,796.5,765.0
gte_multilingual_base_768d,en_def_translated_cn_def,ROOT-56F0,1253.0,1855.0
gte_multilingual_base_768d,en_def_translated_cn_def,ROOT-56F7,3363.0,3516.0
gte_multilingual_base_768d,en_def_translated_cn_def,ROOT-56FA,1048.2,1139.4
gte_multilingual_base_768d,en_def_translated_cn_def,ROOT-571F,2167.25,1833.0
gte_multilingual_base_768d,en_def_translated_cn_def,ROOT-572D,1701.857142857143,1693.4285714285713
gte_multilingual_base_768d,en_def_translated_cn_def,ROOT-5750,1399.3333333333333,2326.3333333333335
gte_multilingual_base_768d,en_def_translated_cn_def,ROOT-57F6,1928.0,1635.0
gte_multilingual_base_768d,en_def_translated_cn_def,ROOT-57F7,322.0,1703.5
gte_multilingual_base_768d,en_def_translated_cn_def,ROOT-5807,1212.1666666666667,1964.0
gte_multilingual_base_768d,en_def_translated_cn_def,ROOT-582F,1144.5714285714287,1267.642857142857
gte_multilingual_base_768d,en_def_translated_cn_def,ROOT-58EB,1229.5,1394.0
gte_multilingual_base_768d,en_def_translated_cn_def,ROOT-58EC,1409.875,1859.5
gte_multilingual_base_768d,en_def_translated_cn_def,ROOT-58F4,-40.333333333333336,-36.0
gte_multilingual_base_768d,en_def_translated_cn_def,ROOT-58F9,1821.0,2047.0
gte_multilingual_base_768d,en_def_translated_cn_def,ROOT-58FD,1607.6666666666667,1889.0
gte_multilingual_base_768d,en_def_translated_cn_def,ROOT-5903,875.0,1251.0
gte_multilingual_base_768d,en_def_translated_cn_def,ROOT-590F,1921.0,1577.0
gte_multilingual_base_768d,en_def_translated_cn_def,ROOT-5915,15.0,13.0
gte_multilingual_base_768d,en_def_translated_cn_def,ROOT-5917,1379.142857142857,1806.857142857143
gte_multilingual_base_768d,en_def_translated_cn_def,ROOT-591A,735.75,1094.0
gte_multilingual_base_768d,en_def_translated_cn_def,ROOT-591C,1885.0,2462.3333333333335
gte_multilingual_base_768d,en_def_translated_cn_def,ROOT-5927,2026.0,1085.0
gte_multilingual_base_768d,en_def_translated_cn_def,ROOT-5929,627.3333333333334,743.0
gte_multilingual_base_768d,en_def_translated_cn_def,ROOT-592A,80.0,-203.0
gte_multilingual_base_768d,en_def_translated_cn_def,ROOT-592B,3260.3333333333335,2995.6666666666665
gte_multilingual_base_768d,en_def_translated_cn_def,ROOT-592D,70.0,53.25
gte_multilingual_base_768d,en_def_translated_cn_def,ROOT-592E,1819.3,2162.7
gte_multilingual_base_768d,en_def_translated_cn_def,ROOT-5932,1580.0,2575.0
gte_multilingual_base_768d,en_def_translated_cn_def,ROOT-5937,2517.0,1923.0
gte_multilingual_base_768d,en_def_translated_cn_def,ROOT-593E,1350.5555555555557,1439.3333333333333
gte_multilingual_base_768d,en_def_translated_cn_def,ROOT-5944,746.6,768.2
gte_multilingual_base_768d,en_def_translated_cn_def,ROOT-5948,1554.0,1475.0
gte_multilingual_base_768d,en_def_translated_cn_def,ROOT-5949,178.33333333333334,211.66666666666666
gte_multilingual_base_768d,en_def_translated_cn_def,ROOT-594F,1558.5,1893.5
gte_multilingual_base_768d,en_def_translated_cn_def,ROOT-5950,798.75,1069.0
gte_multilingual_base_768d,en_def_translated_cn_def,ROOT-595A,1319.5,1136.0
gte_multilingual_base_768d,en_def_translated_cn_def,ROOT-5967,1849.0,2097.5
gte_multilingual_base_768d,en_def_translated_cn_def,ROOT-5973,1136.642857142857,1456.0
gte_multilingual_base_768d,en_def_translated_cn_def,ROOT-59A5,2221.5,2773.5
gte_multilingual_base_768d,en_def_translated_cn_def,ROOT-59BB,1592.5,1723.5
gte_multilingual_base_768d,en_def_translated_cn_def,ROOT-59BE,108.0,273.5
gte_multilingual_base_768d,en_def_translated_cn_def,ROOT-5A41,1360.7,1504.8
gte_multilingual_base_768d,en_def_translated_cn_def,ROOT-5B50,-129.0,-450.3333333333333
gte_multilingual_base_768d,en_def_translated_cn_def,ROOT-5B54,3238.0,3576.0
gte_multilingual_base_768d,en_def_translated_cn_def,ROOT-5B58,1069.0,1484.0
gte_multilingual_base_768d,en_def_translated_cn_def,ROOT-5B5A,1345.75,1859.5
gte_multilingual_base_768d,en_def_translated_cn_def,ROOT-5B5D,873.0,1570.0
gte_multilingual_base_768d,en_def_translated_cn_def,ROOT-5B63,1321.0,1137.0
gte_multilingual_base_768d,en_def_translated_cn_def,ROOT-5B68,2209.0,3103.0
gte_multilingual_base_768d,en_def_translated_cn_def,ROOT-5B6B,2027.0,2399.0
gte_multilingual_base_768d,en_def_translated_cn_def,ROOT-5B83,1446.625,1063.625
gte_multilingual_base_768d,en_def_translated_cn_def,ROOT-5B88,567.0,665.0
gte_multilingual_base_768d,en_def_translated_cn_def,ROOT-5B89,1047.0,1248.0
gte_multilingual_base_768d,en_def_translated_cn_def,ROOT-5B97,1863.6666666666667,2141.8333333333335
gte_multilingual_base_768d,en_def_translated_cn_def,ROOT-5B98,1547.2857142857142,1922.2857142857142
gte_multilingual_base_768d,en_def_translated_cn_def,ROOT-5B9A,2658.6666666666665,3340.3333333333335
gte_multilingual_base_768d,en_def_translated_cn_def,ROOT-5B9C,-40.0,-45.0
gte_multilingual_base_768d,en_def_translated_cn_def,ROOT-5BA3,2131.5,2583.25
gte_multilingual_base_768d,en_def_translated_cn_def,ROOT-5BB3,2406.6666666666665,1985.6666666666667
gte_multilingual_base_768d,en_def_translated_cn_def,ROOT-5BB6,1701.5,1380.0
gte_multilingual_base_768d,en_def_translated_cn_def,ROOT-5BBF,1977.5,1634.0
gte_multilingual_base_768d,en_def_translated_cn_def,ROOT-5BC5,-742.0,-122.0
gte_multilingual_base_768d,en_def_translated_cn_def,ROOT-5BCD,819.4,1328.8
gte_multilingual_base_768d,en_def_translated_cn_def,ROOT-5BF8,694.0,718.0
gte_multilingual_base_768d,en_def_translated_cn_def,ROOT-5C07,759.0,1126.0
gte_multilingual_base_768d,en_def_translated_cn_def,ROOT-5C08,986.8333333333334,1393.5
gte_multilingual_base_768d,en_def_translated_cn_def,ROOT-5C09,1630.3333333333333,1393.6666666666667
gte_multilingual_base_768d,en_def_translated_cn_def,ROOT-5C0A,2355.0,1814.75
gte_multilingual_base_768d,en_def_translated_cn_def,ROOT-5C0B,-178.0,-253.0
gte_multilingual_base_768d,en_def_translated_cn_def,ROOT-5C0D,3337.0,3872.0
gte_multilingual_base_768d,en_def_translated_cn_def,ROOT-5C0F,1746.4736842105262,2042.7894736842106
gte_multilingual_base_768d,en_def_translated_cn_def,ROOT-5C17,1622.25,1359.375
gte_multilingual_base_768d,en_def_translated_cn_def,ROOT-5C1A,1444.6190476190477,1640.3809523809523
gte_multilingual_base_768d,en_def_translated_cn_def,ROOT-5C39,1255.75,1297.75
gte_multilingual_base_768d,en_def_translated_cn_def,ROOT-5C3E,513.0,684.0
gte_multilingual_base_768d,en_def_translated_cn_def,ROOT-5C40,2932.0,2292.0
gte_multilingual_base_768d,en_def_translated_cn_def,ROOT-5C48,1024.5,1614.5
gte_multilingual_base_768d,en_def_translated_cn_def,ROOT-5C4B,1785.2,2283.4
gte_multilingual_base_768d,en_def_translated_cn_def,ROOT-5C55,2690.0,2825.0
gte_multilingual_base_768d,en_def_translated_cn_def,ROOT-5C6F,562.3333333333334,791.5
gte_multilingual_base_768d,en_def_translated_cn_def,ROOT-5C70,713.0,964.0
gte_multilingual_base_768d,en_def_translated_cn_def,ROOT-5C71,1177.0,1019.5
gte_multilingual_base_768d,en_def_translated_cn_def,ROOT-5CA1,897.75,804.0
gte_multilingual_base_768d,en_def_translated_cn_def,ROOT-5CF6,2099.0,3498.0
gte_multilingual_base_768d,en_def_translated_cn_def,ROOT-5DDD,754.75,1450.25
gte_multilingual_base_768d,en_def_translated_cn_def,ROOT-5DDE,714.0,665.5
gte_multilingual_base_768d,en_def_translated_cn_def,ROOT-5DDF,855.0,2058.0
gte_multilingual_base_768d,en_def_translated_cn_def,ROOT-5DE2,615.0,247.0
gte_multilingual_base_768d,en_def_translated_cn_def,ROOT-5DE5,1266.9444444444443,1302.8333333333333
gte_multilingual_base_768d,en_def_translated_cn_def,ROOT-5DE6,32.0,-54.0
gte_multilingual_base_768d,en_def_translated_cn_def,ROOT-5DE8,841.8571428571429,1436.4285714285713
gte_multilingual_base_768d,en_def_translated_cn_def,ROOT-5DEB,358.0,253.0
gte_multilingual_base_768d,en_def_translated_cn_def,ROOT-5DEE,903.5,-377.5
gte_multilingual_base_768d,en_def_translated_cn_def,ROOT-5DF1,1017.1111111111111,1078.6666666666667
gte_multilingual_base_768d,en_def_translated_cn_def,ROOT-5DF3,266.0,762.0
gte_multilingual_base_768d,en_def_translated_cn_def,ROOT-5DF4,1779.142857142857,2363.4285714285716
gte_multilingual_base_768d,en_def_translated_cn_def,ROOT-5DFF,1442.5,1062.5
gte_multilingual_base_768d,en_def_translated_cn_def,ROOT-5E00,2961.5,2581.5
gte_multilingual_base_768d,en_def_translated_cn_def,ROOT-5E0C,553.75,588.0
gte_multilingual_base_768d,en_def_translated_cn_def,ROOT-5E1A,1493.5,785.0
gte_multilingual_base_768d,en_def_translated_cn_def,ROOT-5E1D,691.3333333333334,1287.5
gte_multilingual_base_768d,en_def_translated_cn_def,ROOT-5E2D,0.0,0.0
gte_multilingual_base_768d,en_def_translated_cn_def,ROOT-5E36,92.0,-53.0
gte_multilingual_base_768d,en_def_translated_cn_def,ROOT-5E72,987.0,1174.8666666666666
gte_multilingual_base_768d,en_def_translated_cn_def,ROOT-5E73,196.85714285714286,209.57142857142858
gte_multilingual_base_768d,en_def_translated_cn_def,ROOT-5E78,0.0,1.0
gte_multilingual_base_768d,en_def_translated_cn_def,ROOT-5E79,29.0,40.0
gte_multilingual_base_768d,en_def_translated_cn_def,ROOT-5E7A,1422.8,1906.4
gte_multilingual_base_768d,en_def_translated_cn_def,ROOT-5E9A,1089.0,1087.3333333333333
gte_multilingual_base_768d,en_def_translated_cn_def,ROOT-5EB6,2432.3333333333335,2831.5
gte_multilingual_base_768d,en_def_translated_cn_def,ROOT-5EB7,626.0,845.5
gte_multilingual_base_768d,en_def_translated_cn_def,ROOT-5EFA,2076.5,2372.25
gte_multilingual_base_768d,en_def_translated_cn_def,ROOT-5F01,1530.0,1530.0
gte_multilingual_base_768d,en_def_translated_cn_def,ROOT-5F0B,1871.8181818181818,1494.4545454545455
gte_multilingual_base_768d,en_def_translated_cn_def,ROOT-5F0D,2648.0,1809.0
gte_multilingual_base_768d,en_def_translated_cn_def,ROOT-5F13,831.5,1074.5
gte_multilingual_base_768d,en_def_translated_cn_def,ROOT-5F15,3520.0,3740.0
gte_multilingual_base_768d,en_def_translated_cn_def,ROOT-5F17,1407.857142857143,1434.2857142857142
gte_multilingual_base_768d,en_def_translated_cn_def,ROOT-5F1F,1131.2222222222222,1009.5555555555555
gte_multilingual_base_768d,en_def_translated_cn_def,ROOT-5F31,497.25,854.5
gte_multilingual_base_768d,en_def_translated_cn_def,ROOT-5F56,318.0,-110.0
gte_multilingual_base_768d,en_def_translated_cn_def,ROOT-5F57,979.0,1720.0
gte_multilingual_base_768d,en_def_translated_cn_def,ROOT-5F6D,1744.5,1947.5
gte_multilingual_base_768d,en_def_translated_cn_def,ROOT-5F9E,811.6,1055.0
gte_multilingual_base_768d,en_def_translated_cn_def,ROOT-5FB9,490.0,488.0
gte_multilingual_base_768d,en_def_translated_cn_def,ROOT-5FC3,972.5,1373.5
gte_multilingual_base_768d,en_def_translated_cn_def,ROOT-5FC5,454.4,468.0
gte_multilingual_base_768d,en_def_translated_cn_def,ROOT-601D,3896.0,3852.0
gte_multilingual_base_768d,en_def_translated_cn_def,ROOT-606F,1333.0,2073.0
gte_multilingual_base_768d,en_def_translated_cn_def,ROOT-60E0,2023.0,2567.5
gte_multilingual_base_768d,en_def_translated_cn_def,ROOT-610F,822.5,1058.0
gte_multilingual_base_768d,en_def_translated_cn_def,ROOT-611B,342.0,423.0
gte_multilingual_base_768d,en_def_translated_cn_def,ROOT-6208,-15.0,-134.0
gte_multilingual_base_768d,en_def_translated_cn_def,ROOT-620A,-64.0,605.0
gte_multilingual_base_768d,en_def_translated_cn_def,ROOT-620D,2081.3333333333335,2332.8333333333335
gte_multilingual_base_768d,en_def_translated_cn_def,ROOT-620E,3933.0,5138.0
gte_multilingual_base_768d,en_def_translated_cn_def,ROOT-6211,2087.875,2113.875
gte_multilingual_base_768d,en_def_translated_cn_def,ROOT-6212,211.0,210.5
gte_multilingual_base_768d,en_def_translated_cn_def,ROOT-6214,3539.0,4393.0
gte_multilingual_base_768d,en_def_translated_cn_def,ROOT-6216,1186.6666666666667,1200.5
gte_multilingual_base_768d,en_def_translated_cn_def,ROOT-6236,-275.5,-488.0
gte_multilingual_base_768d,en_def_translated_cn_def,ROOT-6241,704.625,847.75
gte_multilingual_base_768d,en_def_translated_cn_def,ROOT-6247,-2.0,-1.0
gte_multilingual_base_768d,en_def_translated_cn_def,ROOT-624B,568.3333333333334,329.3333333333333
gte_multilingual_base_768d,en_def_translated_cn_def,ROOT-624D,2654.25,2717.75
gte_multilingual_base_768d,en_def_translated_cn_def,ROOT-6298,1856.6666666666667,2301.3333333333335
gte_multilingual_base_768d,en_def_translated_cn_def,ROOT-62DC,1899.0,2309.0
gte_multilingual_base_768d,en_def_translated_cn_def,ROOT-652F,807.6,957.2
gte_multilingual_base_768d,en_def_translated_cn_def,ROOT-6538,1606.2727272727273,2016.2727272727273
gte_multilingual_base_768d,en_def_translated_cn_def,ROOT-6544,5169.0,4848.0
gte_multilingual_base_768d,en_def_translated_cn_def,ROOT-6556,2134.0,2680.3333333333335
gte_multilingual_base_768d,en_def_translated_cn_def,ROOT-6562,1732.0,1979.0
gte_multilingual_base_768d,en_def_translated_cn_def,ROOT-6563,2390.5,1605.5
gte_multilingual_base_768d,en_def_translated_cn_def,ROOT-6566,-549.0,-579.0
gte_multilingual_base_768d,en_def_translated_cn_def,ROOT-6578,3285.0,4218.0
gte_multilingual_base_768d,en_def_translated_cn_def,ROOT-6587,654.7777777777778,666.4444444444445
gte_multilingual_base_768d,en_def_translated_cn_def,ROOT-6597,1332.5,1597.5
gte_multilingual_base_768d,en_def_translated_cn_def,ROOT-65A4,1381.4666666666667,1254.0
gte_multilingual_base_768d,en_def_translated_cn_def,ROOT-65AC,1528.5,1852.75
gte_multilingual_base_768d,en_def_translated_cn_def,ROOT-65B0,1348.0,1409.0
gte_multilingual_base_768d,en_def_translated_cn_def,ROOT-65B9,1248.2666666666667,1144.3333333333333
gte_multilingual_base_768d,en_def_translated_cn_def,ROOT-65BC,2637.25,3016.5
gte_multilingual_base_768d,en_def_translated_cn_def,ROOT-65C1,1062.8,1525.8
gte_multilingual_base_768d,en_def_translated_cn_def,ROOT-65CB,1824.0,2442.0
gte_multilingual_base_768d,en_def_translated_cn_def,ROOT-65CF,327.0,237.0
gte_multilingual_base_768d,en_def_translated_cn_def,ROOT-65E6,1183.5,1197.3333333333333
gte_multilingual_base_768d,en_def_translated_cn_def,ROOT-65E8,1359.8,1446.0
gte_multilingual_base_768d,en_def_translated_cn_def,ROOT-65EC,1328.625,1279.375
gte_multilingual_base_768d,en_def_translated_cn_def,ROOT-6606,2646.4,2821.6
gte_multilingual_base_768d,en_def_translated_cn_def,ROOT-660C,1082.2,984.4
gte_multilingual_base_768d,en_def_translated_cn_def,ROOT-660E,-1326.0,-1064.0
gte_multilingual_base_768d,en_def_translated_cn_def,ROOT-660F,1784.0,562.0
gte_multilingual_base_768d,en_def_translated_cn_def,ROOT-6613,1777.5714285714287,2003.142857142857
gte_multilingual_base_768d,en_def_translated_cn_def,ROOT-6614,2594.5,2376.5
gte_multilingual_base_768d,en_def_translated_cn_def,ROOT-661C,-867.0,-1113.5
gte_multilingual_base_768d,en_def_translated_cn_def,ROOT-661F,1871.25,1859.75
gte_multilingual_base_768d,en_def_translated_cn_def,ROOT-6625,1396.0,346.0
gte_multilingual_base_768d,en_def_translated_cn_def,ROOT-662F,2005.0,2530.5
gte_multilingual_base_768d,en_def_translated_cn_def,ROOT-6631,3.0,12.0
gte_multilingual_base_768d,en_def_translated_cn_def,ROOT-6649,1089.0,639.0
gte_multilingual_base_768d,en_def_translated_cn_def,ROOT-66F0,520.0,780.0
gte_multilingual_base_768d,en_def_translated_cn_def,ROOT-66F4,2679.5,3376.5
gte_multilingual_base_768d,en_def_translated_cn_def,ROOT-66FC,2105.7,2644.2
gte_multilingual_base_768d,en_def_translated_cn_def,ROOT-66FE,1393.5,1222.25
gte_multilingual_base_768d,en_def_translated_cn_def,ROOT-6700,261.0,281.0
gte_multilingual_base_768d,en_def_translated_cn_def,ROOT-6703,1849.75,2017.875
gte_multilingual_base_768d,en_def_translated_cn_def,ROOT-670B,1617.8,2371.8
gte_multilingual_base_768d,en_def_translated_cn_def,ROOT-6715,-352.0,-65.0
gte_multilingual_base_768d,en_def_translated_cn_def,ROOT-671D,1843.6666666666667,1574.0
gte_multilingual_base_768d,en_def_translated_cn_def,ROOT-6728,715.0,1511.0
gte_multilingual_base_768d,en_def_translated_cn_def,ROOT-672A,1799.5,1724.75
gte_multilingual_base_768d,en_def_translated_cn_def,ROOT-672B,2358.0,2409.0
gte_multilingual_base_768d,en_def_translated_cn_def,ROOT-672C,-447.0,-649.0
gte_multilingual_base_768d,en_def_translated_cn_def,ROOT-672E,859.6666666666666,1439.6666666666667
gte_multilingual_base_768d,en_def_translated_cn_def,ROOT-6731,1335.4,1546.8
gte_multilingual_base_768d,en_def_translated_cn_def,ROOT-6735,2324.0,2870.0
gte_multilingual_base_768d,en_def_translated_cn_def,ROOT-6740,-136.0,-263.0
gte_multilingual_base_768d,en_def_translated_cn_def,ROOT-675F,1055.5,1657.0
gte_multilingual_base_768d,en_def_translated_cn_def,ROOT-6771,1190.111111111111,1186.5555555555557
gte_multilingual_base_768d,en_def_translated_cn_def,ROOT-6797,1767.7142857142858,1584.2857142857142
gte_multilingual_base_768d,en_def_translated_cn_def,ROOT-679C,610.5,599.75
gte_multilingual_base_768d,en_def_translated_cn_def,ROOT-67D0,1304.0,1407.3333333333333
gte_multilingual_base_768d,en_def_translated_cn_def,ROOT-67EC,1779.85,1907.35
gte_multilingual_base_768d,en_def_translated_cn_def,ROOT-6817,451.0,-20.0
gte_multilingual_base_768d,en_def_translated_cn_def,ROOT-6840,122.5,396.0
gte_multilingual_base_768d,en_def_translated_cn_def,ROOT-6851,1250.0,1891.0
gte_multilingual_base_768d,en_def_translated_cn_def,ROOT-69AE,1832.0,1857.0
gte_multilingual_base_768d,en_def_translated_cn_def,ROOT-6A02,1887.2,2176.4
gte_multilingual_base_768d,en_def_translated_cn_def,ROOT-6A0A,1961.0,1757.0
gte_multilingual_base_768d,en_def_translated_cn_def,ROOT-6B20,1460.5,3668.0
gte_multilingual_base_768d,en_def_translated_cn_def,ROOT-6B2E,1483.6,1263.0
gte_multilingual_base_768d,en_def_translated_cn_def,ROOT-6B62,1218.6666666666667,1470.3333333333333
gte_multilingual_base_768d,en_def_translated_cn_def,ROOT-6B63,1481.6,1282.8
gte_multilingual_base_768d,en_def_translated_cn_def,ROOT-6B65,-252.0,-540.0
gte_multilingual_base_768d,en_def_translated_cn_def,ROOT-6B66,2232.0,3410.5
gte_multilingual_base_768d,en_def_translated_cn_def,ROOT-6BB5,1563.0,1390.5
gte_multilingual_base_768d,en_def_translated_cn_def,ROOT-6BB7,1434.0,2665.0
gte_multilingual_base_768d,en_def_translated_cn_def,ROOT-6BBF,3481.0,3669.0
gte_multilingual_base_768d,en_def_translated_cn_def,ROOT-6BC0,144.0,168.0
gte_multilingual_base_768d,en_def_translated_cn_def,ROOT-6BCC,339.0,798.0
gte_multilingual_base_768d,en_def_translated_cn_def,ROOT-6BCD,236.33333333333334,211.33333333333334
gte_multilingual_base_768d,en_def_translated_cn_def,ROOT-6BCE,-873.0,-1293.0
gte_multilingual_base_768d,en_def_translated_cn_def,ROOT-6BD4,1190.3333333333333,1452.3333333333333
gte_multilingual_base_768d,en_def_translated_cn_def,ROOT-6BDB,1863.0,980.5
gte_multilingual_base_768d,en_def_translated_cn_def,ROOT-6BF3,903.0,771.0
gte_multilingual_base_768d,en_def_translated_cn_def,ROOT-6C0F,1594.3333333333333,1068.6666666666667
gte_multilingual_base_768d,en_def_translated_cn_def,ROOT-6C10,1196.1,982.0
gte_multilingual_base_768d,en_def_translated_cn_def,ROOT-6C11,763.3333333333334,1053.3333333333333
gte_multilingual_base_768d,en_def_translated_cn_def,ROOT-6C14,3335.0,4062.0
gte_multilingual_base_768d,en_def_translated_cn_def,ROOT-6C38,1410.5,1543.5
gte_multilingual_base_768d,en_def_translated_cn_def,ROOT-6C42,1206.4,1445.0
gte_multilingual_base_768d,en_def_translated_cn_def,ROOT-6C93,2959.0,4320.0
gte_multilingual_base_768d,en_def_translated_cn_def,ROOT-6C99,1600.5,1490.5
gte_multilingual_base_768d,en_def_translated_cn_def,ROOT-6C9B,1759.0,1465.0
gte_multilingual_base_768d,en_def_translated_cn_def,ROOT-6CC9,2698.5,2698.5
gte_multilingual_base_768d,en_def_translated_cn_def,ROOT-6CD5,2147.0,2634.0
gte_multilingual_base_768d,en_def_translated_cn_def,ROOT-6D3B,1160.0,1219.0
gte_multilingual_base_768d,en_def_translated_cn_def,ROOT-6ED5,1285.0,2124.0
gte_multilingual_base_768d,en_def_translated_cn_def,ROOT-6FD5,44.0,18.0
gte_multilingual_base_768d,en_def_translated_cn_def,ROOT-706B,251.0,316.0
gte_multilingual_base_768d,en_def_translated_cn_def,ROOT-708E,1754.0,1775.8333333333333
gte_multilingual_base_768d,en_def_translated_cn_def,ROOT-7097,908.4545454545455,714.0909090909091
gte_multilingual_base_768d,en_def_translated_cn_def,ROOT-70CF,2050.0,3670.3333333333335
gte_multilingual_base_768d,en_def_translated_cn_def,ROOT-7109,3057.5,1997.0
gte_multilingual_base_768d,en_def_translated_cn_def,ROOT-7121,842.0,2116.5
gte_multilingual_base_768d,en_def_translated_cn_def,ROOT-7126,2005.25,1001.5
gte_multilingual_base_768d,en_def_translated_cn_def,ROOT-7136,452.5,469.5
gte_multilingual_base_768d,en_def_translated_cn_def,ROOT-718F,1072.75,1223.75
gte_multilingual_base_768d,en_def_translated_cn_def,ROOT-71D5,770.0,1093.0
gte_multilingual_base_768d,en_def_translated_cn_def,ROOT-71DF,8.0,78.0
gte_multilingual_base_768d,en_def_translated_cn_def,ROOT-722A,61.0,81.0
gte_multilingual_base_768d,en_def_translated_cn_def,ROOT-722D,1209.5,1613.6666666666667
gte_multilingual_base_768d,en_def_translated_cn_def,ROOT-7230,1242.857142857143,1564.7142857142858
gte_multilingual_base_768d,en_def_translated_cn_def,ROOT-7235,1159.0,1720.0
gte_multilingual_base_768d,en_def_translated_cn_def,ROOT-7236,820.0714285714286,681.2142857142857
gte_multilingual_base_768d,en_def_translated_cn_def,ROOT-723B,1055.3333333333333,1477.6666666666667
gte_multilingual_base_768d,en_def_translated_cn_def,ROOT-723E,718.6666666666666,1013.6666666666666
gte_multilingual_base_768d,en_def_translated_cn_def,ROOT-723F,1454.6666666666667,1799.1666666666667
gte_multilingual_base_768d,en_def_translated_cn_def,ROOT-7259,903.5714285714286,504.57142857142856
gte_multilingual_base_768d,en_def_translated_cn_def,ROOT-72AC,482.0,628.0
gte_multilingual_base_768d,en_def_translated_cn_def,ROOT-72C2,11.0,20.0
gte_multilingual_base_768d,en_def_translated_cn_def,ROOT-72C4,1469.0,1449.0
gte_multilingual_base_768d,en_def_translated_cn_def,ROOT-7312,1212.5,1425.0
gte_multilingual_base_768d,en_def_translated_cn_def,ROOT-7384,1983.8333333333333,2111.3333333333335
gte_multilingual_base_768d,en_def_translated_cn_def,ROOT-7387,4359.0,4343.0
gte_multilingual_base_768d,en_def_translated_cn_def,ROOT-7389,29.0,89.0
gte_multilingual_base_768d,en_def_translated_cn_def,ROOT-738B,-75.0,-89.0
gte_multilingual_base_768d,en_def_translated_cn_def,ROOT-74DC,1508.0,1660.2
gte_multilingual_base_768d,en_def_translated_cn_def,ROOT-7518,1054.0,1265.142857142857
gte_multilingual_base_768d,en_def_translated_cn_def,ROOT-751A,641.25,994.75
gte_multilingual_base_768d,en_def_translated_cn_def,ROOT-751F,1874.8333333333333,1552.6666666666667
gte_multilingual_base_768d,en_def_translated_cn_def,ROOT-7522,934.6666666666666,851.6666666666666
gte_multilingual_base_768d,en_def_translated_cn_def,ROOT-7528,1242.5625,1680.0625
gte_multilingual_base_768d,en_def_translated_cn_def,ROOT-752B,1069.25,1534.875
gte_multilingual_base_768d,en_def_translated_cn_def,ROOT-7530,951.5,987.5
gte_multilingual_base_768d,en_def_translated_cn_def,ROOT-7531,1906.1666666666667,1887.25
gte_multilingual_base_768d,en_def_translated_cn_def,ROOT-7532,1448.4444444444443,1506.7777777777778
gte_multilingual_base_768d,en_def_translated_cn_def,ROOT-7533,1218.0,1214.5
gte_multilingual_base_768d,en_def_translated_cn_def,ROOT-754F,885.5,1243.0
gte_multilingual_base_768d,en_def_translated_cn_def,ROOT-7550,4276.0,4716.0
gte_multilingual_base_768d,en_def_translated_cn_def,ROOT-755C,-453.0,-1288.0
gte_multilingual_base_768d,en_def_translated_cn_def,ROOT-7562,1740.0,2285.0
gte_multilingual_base_768d,en_def_translated_cn_def,ROOT-756B,265.0,240.0
gte_multilingual_base_768d,en_def_translated_cn_def,ROOT-7570,1255.0,2252.0
gte_multilingual_base_768d,en_def_translated_cn_def,ROOT-758B,1741.25,1451.0
gte_multilingual_base_768d,en_def_translated_cn_def,ROOT-7591,2092.0,1899.5
gte_multilingual_base_768d,en_def_translated_cn_def,ROOT-75BE,180.0,80.0
gte_multilingual_base_768d,en_def_translated_cn_def,ROOT-7678,-871.5,-904.0
gte_multilingual_base_768d,en_def_translated_cn_def,ROOT-7679,299.0,287.5
gte_multilingual_base_768d,en_def_translated_cn_def,ROOT-767D,1173.1333333333334,1239.0666666666666
gte_multilingual_base_768d,en_def_translated_cn_def,ROOT-7683,-960.0,-1536.0
gte_multilingual_base_768d,en_def_translated_cn_def,ROOT-7686,1474.6666666666667,1827.8333333333333
gte_multilingual_base_768d,en_def_translated_cn_def,ROOT-7687,2361.1666666666665,2079.6666666666665
gte_multilingual_base_768d,en_def_translated_cn_def,ROOT-76AE,955.6923076923077,932.9230769230769
gte_multilingual_base_768d,en_def_translated_cn_def,ROOT-76BF,1607.6666666666667,1932.0
gte_multilingual_base_768d,en_def_translated_cn_def,ROOT-76CA,1430.25,2008.5
gte_multilingual_base_768d,en_def_translated_cn_def,ROOT-76CD,629.0,1008.0
gte_multilingual_base_768d,en_def_translated_cn_def,ROOT-76E1,502.0,266.3333333333333
gte_multilingual_base_768d,en_def_translated_cn_def,ROOT-76E3,1560.8181818181818,1168.3636363636363
gte_multilingual_base_768d,en_def_translated_cn_def,ROOT-76F4,962.6666666666666,1671.0
gte_multilingual_base_768d,en_def_translated_cn_def,ROOT-76F8,2663.1666666666665,2219.8333333333335
gte_multilingual_base_768d,en_def_translated_cn_def,ROOT-76FE,1672.5,2016.0
gte_multilingual_base_768d,en_def_translated_cn_def,ROOT-7707,-705.0,-847.5
gte_multilingual_base_768d,en_def_translated_cn_def,ROOT-7709,306.0,259.0
gte_multilingual_base_768d,en_def_translated_cn_def,ROOT-771F,-312.0,-291.0
gte_multilingual_base_768d,en_def_translated_cn_def,ROOT-776A,621.5,826.5
gte_multilingual_base_768d,en_def_translated_cn_def,ROOT-777F,1567.5,1141.5
gte_multilingual_base_768d,en_def_translated_cn_def,ROOT-77DB,1184.0,1441.8
gte_multilingual_base_768d,en_def_translated_cn_def,ROOT-77E2,969.1666666666666,870.6666666666666
gte_multilingual_base_768d,en_def_translated_cn_def,ROOT-77F3,641.0,422.5
gte_multilingual_base_768d,en_def_translated_cn_def,ROOT-793A,58.5,-113.0
gte_multilingual_base_768d,en_def_translated_cn_def,ROOT-796D,783.75,908.25
gte_multilingual_base_768d,en_def_translated_cn_def,ROOT-79B9,3326.5,2617.0
gte_multilingual_base_768d,en_def_translated_cn_def,ROOT-79BA,938.6666666666666,1173.888888888889
gte_multilingual_base_768d,en_def_translated_cn_def,ROOT-79BB,3553.0,4938.0
gte_multilingual_base_768d,en_def_translated_cn_def,ROOT-79BE,917.7272727272727,897.9090909090909
gte_multilingual_base_768d,en_def_translated_cn_def,ROOT-79C0,980.3333333333334,1775.3333333333333
gte_multilingual_base_768d,en_def_translated_cn_def,ROOT-79CB,3169.4,3302.8
gte_multilingual_base_768d,en_def_translated_cn_def,ROOT-79E6,2754.0,2363.0
gte_multilingual_base_768d,en_def_translated_cn_def,ROOT-7ACB,1387.5,2035.3333333333333
gte_multilingual_base_768d,en_def_translated_cn_def,ROOT-7ADF,1696.0,2341.5
gte_multilingual_base_768d,en_def_translated_cn_def,ROOT-7AE0,1795.2857142857142,2031.857142857143
gte_multilingual_base_768d,en_def_translated_cn_def,ROOT-7AE5,910.4285714285714,960.2857142857143
gte_multilingual_base_768d,en_def_translated_cn_def,ROOT-7AF9,252.0,571.0
gte_multilingual_base_768d,en_def_translated_cn_def,ROOT-7B6E,1823.0,1958.0
gte_multilingual_base_768d,en_def_translated_cn_def,ROOT-7B97,-700.0,-919.0
gte_multilingual_base_768d,en_def_translated_cn_def,ROOT-7C73,1772.5,1800.5
gte_multilingual_base_768d,en_def_translated_cn_def,ROOT-7CFB,1050.5,1083.5
gte_multilingual_base_768d,en_def_translated_cn_def,ROOT-7D2F,2937.0,3423.0
gte_multilingual_base_768d,en_def_translated_cn_def,ROOT-7DBF,1916.0,1101.0
gte_multilingual_base_768d,en_def_translated_cn_def,ROOT-7E23,-158.0,-221.0
gte_multilingual_base_768d,en_def_translated_cn_def,ROOT-7F54,1374.6666666666667,1547.3333333333333
gte_multilingual_base_768d,en_def_translated_cn_def,ROOT-7F72,2290.0,2393.5
gte_multilingual_base_768d,en_def_translated_cn_def,ROOT-7F77,-53.0,-139.0
gte_multilingual_base_768d,en_def_translated_cn_def,ROOT-7F85,671.0,614.6666666666666
gte_multilingual_base_768d,en_def_translated_cn_def,ROOT-7F8A,901.5555555555555,819.1111111111111
gte_multilingual_base_768d,en_def_translated_cn_def,ROOT-7F94,-496.0,-760.0
gte_multilingual_base_768d,en_def_translated_cn_def,ROOT-7FA9,810.6666666666666,681.6666666666666
gte_multilingual_base_768d,en_def_translated_cn_def,ROOT-7FBD,-418.0,-450.0
gte_multilingual_base_768d,en_def_translated_cn_def,ROOT-7FD2,1745.6666666666667,1930.0
gte_multilingual_base_768d,en_def_translated_cn_def,ROOT-7FDF,1200.0,1675.3333333333333
gte_multilingual_base_768d,en_def_translated_cn_def,ROOT-8012,1075.0,1192.0
gte_multilingual_base_768d,en_def_translated_cn_def,ROOT-8033,918.8,1465.4
gte_multilingual_base_768d,en_def_translated_cn_def,ROOT-8036,1736.5,1020.0
gte_multilingual_base_768d,en_def_translated_cn_def,ROOT-8076,832.8,931.8
gte_multilingual_base_768d,en_def_translated_cn_def,ROOT-807D,3557.0,1196.0
gte_multilingual_base_768d,en_def_translated_cn_def,ROOT-807F,1785.4285714285713,1819.4285714285713
gte_multilingual_base_768d,en_def_translated_cn_def,ROOT-80C3,1517.0,984.0
gte_multilingual_base_768d,en_def_translated_cn_def,ROOT-810A,997.0,915.0
gte_multilingual_base_768d,en_def_translated_cn_def,ROOT-81E4,379.5,531.0
gte_multilingual_base_768d,en_def_translated_cn_def,ROOT-81EA,-509.5,-893.5
gte_multilingual_base_768d,en_def_translated_cn_def,ROOT-81ED,1496.5,1942.0
gte_multilingual_base_768d,en_def_translated_cn_def,ROOT-81F3,1449.2857142857142,1252.2857142857142
gte_multilingual_base_768d,en_def_translated_cn_def,ROOT-81FE,2271.75,1331.25
gte_multilingual_base_768d,en_def_translated_cn_def,ROOT-8200,2124.0,1570.25
gte_multilingual_base_768d,en_def_translated_cn_def,ROOT-8201,592.0,859.0
gte_multilingual_base_768d,en_def_translated_cn_def,ROOT-8202,25.0,55.0
gte_multilingual_base_768d,en_def_translated_cn_def,ROOT-8204,3889.0,3002.0
gte_multilingual_base_768d,en_def_translated_cn_def,ROOT-821C,3979.0,4901.0
gte_multilingual_base_768d,en_def_translated_cn_def,ROOT-822C,2533.3333333333335,3324.3333333333335
gte_multilingual_base_768d,en_def_translated_cn_def,ROOT-826E,-212.0,-193.0
gte_multilingual_base_768d,en_def_translated_cn_def,ROOT-826F,1665.5,1795.0
gte_multilingual_base_768d,en_def_translated_cn_def,ROOT-82BB,1368.0,1697.0
gte_multilingual_base_768d,en_def_translated_cn_def,ROOT-82D7,2738.3333333333335,2852.6666666666665
gte_multilingual_base_768d,en_def_translated_cn_def,ROOT-82E5,470.5,504.5
gte_multilingual_base_768d,en_def_translated_cn_def,ROOT-830D,585.75,777.25
gte_multilingual_base_768d,en_def_translated_cn_def,ROOT-8332,914.5,1298.5
gte_multilingual_base_768d,en_def_translated_cn_def,ROOT-83AB,1473.3333333333333,1725.0666666666666
gte_multilingual_base_768d,en_def_translated_cn_def,ROOT-83EF,746.0,384.0
gte_multilingual_base_768d,en_def_translated_cn_def,ROOT-8408,3512.0,2322.0
gte_multilingual_base_768d,en_def_translated_cn_def,ROOT-842C,919.5,1194.25
gte_multilingual_base_768d,en_def_translated_cn_def,ROOT-8457,527.0,1069.0
gte_multilingual_base_768d,en_def_translated_cn_def,ROOT-8499,2452.75,2000.75
gte_multilingual_base_768d,en_def_translated_cn_def,ROOT-8511,1353.0,1429.0
gte_multilingual_base_768d,en_def_translated_cn_def,ROOT-864D,1089.0,1625.0
gte_multilingual_base_768d,en_def_translated_cn_def,ROOT-864E,1742.5,2024.0
gte_multilingual_base_768d,en_def_translated_cn_def,ROOT-8650,2193.5,1056.0
gte_multilingual_base_768d,en_def_translated_cn_def,ROOT-865F,2017.0,2595.0
gte_multilingual_base_768d,en_def_translated_cn_def,ROOT-86A4,1272.0,1711.5
gte_multilingual_base_768d,en_def_translated_cn_def,ROOT-8700,698.1428571428571,852.4285714285714
gte_multilingual_base_768d,en_def_translated_cn_def,ROOT-8840,1835.0,2378.0
gte_multilingual_base_768d,en_def_translated_cn_def,ROOT-884C,1126.0,1610.0
gte_multilingual_base_768d,en_def_translated_cn_def,ROOT-884D,310.0,390.0
gte_multilingual_base_768d,en_def_translated_cn_def,ROOT-8863,745.5,1027.0
gte_multilingual_base_768d,en_def_translated_cn_def,ROOT-8870,2258.0,3243.0
gte_multilingual_base_768d,en_def_translated_cn_def,ROOT-8881,2913.25,2861.25
gte_multilingual_base_768d,en_def_translated_cn_def,ROOT-8944,1667.25,1747.0
gte_multilingual_base_768d,en_def_translated_cn_def,ROOT-897E,-128.0,-99.0
gte_multilingual_base_768d,en_def_translated_cn_def,ROOT-897F,584.3333333333334,256.3333333333333
gte_multilingual_base_768d,en_def_translated_cn_def,ROOT-8983,1510.0,1732.0
gte_multilingual_base_768d,en_def_translated_cn_def,ROOT-898B,2373.0,3114.6
gte_multilingual_base_768d,en_def_translated_cn_def,ROOT-898F,225.0,239.0
gte_multilingual_base_768d,en_def_translated_cn_def,ROOT-89AA,1569.0,1903.0
gte_multilingual_base_768d,en_def_translated_cn_def,ROOT-89BA,-136.0,-149.0
gte_multilingual_base_768d,en_def_translated_cn_def,ROOT-89D2,403.5,269.5
gte_multilingual_base_768d,en_def_translated_cn_def,ROOT-89E3,2662.6666666666665,3269.0
gte_multilingual_base_768d,en_def_translated_cn_def,ROOT-8A79,1283.6666666666667,1558.2222222222222
gte_multilingual_base_768d,en_def_translated_cn_def,ROOT-8C37,1042.4166666666667,995.6666666666666
gte_multilingual_base_768d,en_def_translated_cn_def,ROOT-8C46,1320.2142857142858,1151.0
gte_multilingual_base_768d,en_def_translated_cn_def,ROOT-8C48,1154.0,2141.1666666666665
gte_multilingual_base_768d,en_def_translated_cn_def,ROOT-8C50,2288.5,2823.5
gte_multilingual_base_768d,en_def_translated_cn_def,ROOT-8C5A,1549.0,1182.0
gte_multilingual_base_768d,en_def_translated_cn_def,ROOT-8C61,245.5,258.5
gte_multilingual_base_768d,en_def_translated_cn_def,ROOT-8C6A,574.0,1660.5
gte_multilingual_base_768d,en_def_translated_cn_def,ROOT-8C9D,2035.6666666666667,2247.0
gte_multilingual_base_768d,en_def_translated_cn_def,ROOT-8C9E,574.0,456.0
gte_multilingual_base_768d,en_def_translated_cn_def,ROOT-8CAC,878.6,752.2
gte_multilingual_base_768d,en_def_translated_cn_def,ROOT-8CB4,1667.75,2889.25
gte_multilingual_base_768d,en_def_translated_cn_def,ROOT-8CCF,2762.2,3289.8
gte_multilingual_base_768d,en_def_translated_cn_def,ROOT-8CEA,1065.0,1814.0
gte_multilingual_base_768d,en_def_translated_cn_def,ROOT-8D0A,2121.5,1339.5
gte_multilingual_base_768d,en_def_translated_cn_def,ROOT-8D1B,2874.0,3840.0
gte_multilingual_base_768d,en_def_translated_cn_def,ROOT-8D64,399.0,290.0
gte_multilingual_base_768d,en_def_translated_cn_def,ROOT-8D66,3926.0,4133.0
gte_multilingual_base_768d,en_def_translated_cn_def,ROOT-8D6B,1757.0,2588.0
gte_multilingual_base_768d,en_def_translated_cn_def,ROOT-8DB3,368.0,111.0
gte_multilingual_base_768d,en_def_translated_cn_def,ROOT-8ECD,757.6666666666666,1128.888888888889
gte_multilingual_base_768d,en_def_translated_cn_def,ROOT-8F9B,880.6666666666666,870.0
gte_multilingual_base_768d,en_def_translated_cn_def,ROOT-8F9F,1348.0833333333333,1687.4166666666667
gte_multilingual_base_768d,en_def_translated_cn_def,ROOT-8FB0,1657.0,1698.125
gte_multilingual_base_768d,en_def_translated_cn_def,ROOT-8FB1,1541.75,2093.0
gte_multilingual_base_768d,en_def_translated_cn_def,ROOT-8FB2,318.0,1457.5
gte_multilingual_base_768d,en_def_translated_cn_def,ROOT-9000,510.0,630.5
gte_multilingual_base_768d,en_def_translated_cn_def,ROOT-9023,2828.6,3202.4
gte_multilingual_base_768d,en_def_translated_cn_def,ROOT-9054,627.6666666666666,1130.3333333333333
gte_multilingual_base_768d,en_def_translated_cn_def,ROOT-9077,2526.0,2584.0
gte_multilingual_base_768d,en_def_translated_cn_def,ROOT-9091,1673.3333333333333,1525.0
gte_multilingual_base_768d,en_def_translated_cn_def,ROOT-9095,1469.0,941.0
gte_multilingual_base_768d,en_def_translated_cn_def,ROOT-90A3,18.0,13.0
gte_multilingual_base_768d,en_def_translated_cn_def,ROOT-90CE,1658.0,1004.0
gte_multilingual_base_768d,en_def_translated_cn_def,ROOT-90ED,-70.5,143.0
gte_multilingual_base_768d,en_def_translated_cn_def,ROOT-9109,590.5,1576.0
gte_multilingual_base_768d,en_def_translated_cn_def,ROOT-912D,1887.0,1932.0
gte_multilingual_base_768d,en_def_translated_cn_def,ROOT-9149,1266.5,1290.0
gte_multilingual_base_768d,en_def_translated_cn_def,ROOT-914B,-116.66666666666667,-113.0
gte_multilingual_base_768d,en_def_translated_cn_def,ROOT-91C6,797.7857142857143,923.6428571428571
gte_multilingual_base_768d,en_def_translated_cn_def,ROOT-91C7,1685.75,1852.5
gte_multilingual_base_768d,en_def_translated_cn_def,ROOT-91CC,2140.625,2255.875
gte_multilingual_base_768d,en_def_translated_cn_def,ROOT-91CF,1722.0,1543.0
gte_multilingual_base_768d,en_def_translated_cn_def,ROOT-9577,701.3333333333334,737.0
gte_multilingual_base_768d,en_def_translated_cn_def,ROOT-9580,931.1666666666666,886.3333333333334
gte_multilingual_base_768d,en_def_translated_cn_def,ROOT-958F,956.0,2640.0
gte_multilingual_base_768d,en_def_translated_cn_def,ROOT-9591,138.0,64.0
gte_multilingual_base_768d,en_def_translated_cn_def,ROOT-9592,2975.0,1427.0
gte_multilingual_base_768d,en_def_translated_cn_def,ROOT-95B5,2904.0,3957.0
gte_multilingual_base_768d,en_def_translated_cn_def,ROOT-961C,1405.0,1492.0
gte_multilingual_base_768d,en_def_translated_cn_def,ROOT-9673,105.0,34.0
gte_multilingual_base_768d,en_def_translated_cn_def,ROOT-9686,1067.0,383.0
gte_multilingual_base_768d,en_def_translated_cn_def,ROOT-968B,615.0,614.5
gte_multilingual_base_768d,en_def_translated_cn_def,ROOT-96A8,4690.0,5805.0
gte_multilingual_base_768d,en_def_translated_cn_def,ROOT-96B9,617.4,911.0
gte_multilingual_base_768d,en_def_translated_cn_def,ROOT-96BB,1871.0,840.0
gte_multilingual_base_768d,en_def_translated_cn_def,ROOT-96BC,-707.0,-878.0
gte_multilingual_base_768d,en_def_translated_cn_def,ROOT-96CB,2620.0,3617.0
gte_multilingual_base_768d,en_def_translated_cn_def,ROOT-96CD,2954.0,3727.0
gte_multilingual_base_768d,en_def_translated_cn_def,ROOT-96E3,2073.0,2186.5
gte_multilingual_base_768d,en_def_translated_cn_def,ROOT-96F7,1728.5,1742.0
gte_multilingual_base_768d,en_def_translated_cn_def,ROOT-9700,2660.8333333333335,2242.6666666666665
gte_multilingual_base_768d,en_def_translated_cn_def,ROOT-9752,1199.25,946.25
gte_multilingual_base_768d,en_def_translated_cn_def,ROOT-975E,1333.6875,1470.4375
gte_multilingual_base_768d,en_def_translated_cn_def,ROOT-9762,747.0,998.0
gte_multilingual_base_768d,en_def_translated_cn_def,ROOT-9808,2855.0,3983.0
gte_multilingual_base_768d,en_def_translated_cn_def,ROOT-983B,4641.0,5501.0
gte_multilingual_base_768d,en_def_translated_cn_def,ROOT-985B,2840.0,3574.0
gte_multilingual_base_768d,en_def_translated_cn_def,ROOT-9865,1121.0,1160.0
gte_multilingual_base_768d,en_def_translated_cn_def,ROOT-99AC,1409.6666666666667,1160.0
gte_multilingual_base_768d,en_def_translated_cn_def,ROOT-9AD8,946.9375,1172.4375
gte_multilingual_base_768d,en_def_translated_cn_def,ROOT-9B32,1254.0,1532.6666666666667
gte_multilingual_base_768d,en_def_translated_cn_def,ROOT-9B3C,1405.5,1500.125
gte_multilingual_base_768d,en_def_translated_cn_def,ROOT-9B5A,1684.6666666666667,1664.6666666666667
gte_multilingual_base_768d,en_def_translated_cn_def,ROOT-9BAE,2941.5,1744.0
gte_multilingual_base_768d,en_def_translated_cn_def,ROOT-9E75,210.0,133.0
gte_multilingual_base_768d,en_def_translated_cn_def,ROOT-9E7F,1502.75,1715.75
gte_multilingual_base_768d,en_def_translated_cn_def,ROOT-9E97,1672.6,1599.8
gte_multilingual_base_768d,en_def_translated_cn_def,ROOT-9ED1,-479.0,-546.0
gte_multilingual_base_768d,en_def_translated_cn_def,ROOT-9EFD,2049.0,1179.5
gte_multilingual_base_768d,en_def_translated_cn_def,ROOT-9F13,1798.0,2293.0
gte_multilingual_base_768d,en_def_translated_cn_def,ROOT-9F4A,1387.2857142857142,1727.142857142857
gte_multilingual_base_768d,en_def_translated_cn_def,ROOT-9F8D,1555.1818181818182,1452.0
gte_multilingual_base_768d,en_def_translated_cn_def,ROOT-9FA0,1591.0,417.5
gte_multilingual_base_768d,en_gloss_unihan,ROOT-20000,2104.0857142857144,2515.285714285714
gte_multilingual_base_768d,en_gloss_unihan,ROOT-20086,2612.8,1998.0
gte_multilingual_base_768d,en_gloss_unihan,ROOT-200A2,2154.0,1488.5
gte_multilingual_base_768d,en_gloss_unihan,ROOT-200A4,551.3333333333334,848.6666666666666
gte_multilingual_base_768d,en_gloss_unihan,ROOT-2010C,633.6666666666666,913.3333333333334
gte_multilingual_base_768d,en_gloss_unihan,ROOT-2053E,3197.5,1782.75
gte_multilingual_base_768d,en_gloss_unihan,ROOT-20A7A,3.0,14.0
gte_multilingual_base_768d,en_gloss_unihan,ROOT-20CCB,1272.5,1172.0
gte_multilingual_base_768d,en_gloss_unihan,ROOT-2123C,3278.529411764706,3058.8823529411766
gte_multilingual_base_768d,en_gloss_unihan,ROOT-219CD,2182.3,2539.4
gte_multilingual_base_768d,en_gloss_unihan,ROOT-21C55,1574.5,2415.5
gte_multilingual_base_768d,en_gloss_unihan,ROOT-21FE7,2920.25,1784.5
gte_multilingual_base_768d,en_gloss_unihan,ROOT-22398,3642.0,4641.5
gte_multilingual_base_768d,en_gloss_unihan,ROOT-2274A,2619.6666666666665,3235.6666666666665
gte_multilingual_base_768d,en_gloss_unihan,ROOT-2304B,7019.0,4470.0
gte_multilingual_base_768d,en_gloss_unihan,ROOT-23386,4967.5,5509.5
gte_multilingual_base_768d,en_gloss_unihan,ROOT-233DF,2638.0,2577.0
gte_multilingual_base_768d,en_gloss_unihan,ROOT-2394F,1918.15,2539.6
gte_multilingual_base_768d,en_gloss_unihan,ROOT-239BC,15.5,17.0
gte_multilingual_base_768d,en_gloss_unihan,ROOT-25055,1774.0,2721.5
gte_multilingual_base_768d,en_gloss_unihan,ROOT-25762,6690.0,5636.0
gte_multilingual_base_768d,en_gloss_unihan,ROOT-2634C,181.0,308.5
gte_multilingual_base_768d,en_gloss_unihan,ROOT-26B07,2891.0,847.0
gte_multilingual_base_768d,en_gloss_unihan,ROOT-271A3,1865.9285714285713,2216.6428571428573
gte_multilingual_base_768d,en_gloss_unihan,ROOT-27BAB,372.0,455.0
gte_multilingual_base_768d,en_gloss_unihan,ROOT-342D,2804.0,4219.333333333333
gte_multilingual_base_768d,en_gloss_unihan,ROOT-3431,1796.0,1692.0
gte_multilingual_base_768d,en_gloss_unihan,ROOT-34B8,2778.0,2791.1666666666665
gte_multilingual_base_768d,en_gloss_unihan,ROOT-34BC,2662.0,2001.0
gte_multilingual_base_768d,en_gloss_unihan,ROOT-34DE,1624.857142857143,2062.8571428571427
gte_multilingual_base_768d,en_gloss_unihan,ROOT-3563,1281.6363636363637,1577.2727272727273
gte_multilingual_base_768d,en_gloss_unihan,ROOT-37A2,1160.6470588235295,1024.1176470588234
gte_multilingual_base_768d,en_gloss_unihan,ROOT-382F,2834.608695652174,2847.478260869565
gte_multilingual_base_768d,en_gloss_unihan,ROOT-3840,1411.5,1400.5
gte_multilingual_base_768d,en_gloss_unihan,ROOT-39B0,890.875,1310.625
gte_multilingual_base_768d,en_gloss_unihan,ROOT-3E12,5909.0,5726.0
gte_multilingual_base_768d,en_gloss_unihan,ROOT-4020,3183.75,3921.25
gte_multilingual_base_768d,en_gloss_unihan,ROOT-41C2,1946.9473684210527,1807.6842105263158
gte_multilingual_base_768d,en_gloss_unihan,ROOT-4588,2257.0,1147.0
gte_multilingual_base_768d,en_gloss_unihan,ROOT-470C,16.0,11.0
gte_multilingual_base_768d,en_gloss_unihan,ROOT-4E00,2055.0,3334.0
gte_multilingual_base_768d,en_gloss_unihan,ROOT-4E01,2366.65,2349.35
gte_multilingual_base_768d,en_gloss_unihan,ROOT-4E02,522.0,704.0
gte_multilingual_base_768d,en_gloss_unihan,ROOT-4E03,4175.5,4957.5
gte_multilingual_base_768d,en_gloss_unihan,ROOT-4E08,779.0,826.0
gte_multilingual_base_768d,en_gloss_unihan,ROOT-4E0D,2889.153846153846,2832.6153846153848
gte_multilingual_base_768d,en_gloss_unihan,ROOT-4E0F,2198.0,2129.0
gte_multilingual_base_768d,en_gloss_unihan,ROOT-4E11,1110.2857142857142,2315.8571428571427
gte_multilingual_base_768d,en_gloss_unihan,ROOT-4E14,1951.2857142857142,2124.1071428571427
gte_multilingual_base_768d,en_gloss_unihan,ROOT-4E16,1171.6666666666667,1461.6666666666667
gte_multilingual_base_768d,en_gloss_unihan,ROOT-4E18,3091.0,1412.0
gte_multilingual_base_768d,en_gloss_unihan,ROOT-4E19,3433.0,2592.0
gte_multilingual_base_768d,en_gloss_unihan,ROOT-4E1E,-0.5,-7.0
gte_multilingual_base_768d,en_gloss_unihan,ROOT-4E26,4294.0,7441.0
gte_multilingual_base_768d,en_gloss_unihan,ROOT-4E29,3020.0,2338.0
gte_multilingual_base_768d,en_gloss_unihan,ROOT-4E2D,2011.8333333333333,2775.5
gte_multilingual_base_768d,en_gloss_unihan,ROOT-4E30,3048.4444444444443,3481.5555555555557
gte_multilingual_base_768d,en_gloss_unihan,ROOT-4E32,4347.0,3707.0
gte_multilingual_base_768d,en_gloss_unihan,ROOT-4E36,1384.7142857142858,595.7142857142857
gte_multilingual_base_768d,en_gloss_unihan,ROOT-4E38,2940.5,3073.75
gte_multilingual_base_768d,en_gloss_unihan,ROOT-4E39,3705.0,1307.5
gte_multilingual_base_768d,en_gloss_unihan,ROOT-4E3F,2105.1,2409.7
gte_multilingual_base_768d,en_gloss_unihan,ROOT-4E42,3674.6666666666665,2243.6666666666665
gte_multilingual_base_768d,en_gloss_unihan,ROOT-4E43,221.0,567.6666666666666
gte_multilingual_base_768d,en_gloss_unihan,ROOT-4E45,3472.0,3481.3333333333335
gte_multilingual_base_768d,en_gloss_unihan,ROOT-4E47,1953.5,2929.0
gte_multilingual_base_768d,en_gloss_unihan,ROOT-4E4B,4822.0,6166.0
gte_multilingual_base_768d,en_gloss_unihan,ROOT-4E4D,1499.0,2079.176470588235
gte_multilingual_base_768d,en_gloss_unihan,ROOT-4E4E,259.5,293.0
gte_multilingual_base_768d,en_gloss_unihan,ROOT-4E4F,1566.0,1856.6
gte_multilingual_base_768d,en_gloss_unihan,ROOT-4E58,1935.0,3154.0
gte_multilingual_base_768d,en_gloss_unihan,ROOT-4E59,1109.0,1848.5
gte_multilingual_base_768d,en_gloss_unihan,ROOT-4E5D,1292.7272727272727,2113.090909090909
gte_multilingual_base_768d,en_gloss_unihan,ROOT-4E5E,577.0,360.0
gte_multilingual_base_768d,en_gloss_unihan,ROOT-4E5F,1922.8461538461538,2758.230769230769
gte_multilingual_base_768d,en_gloss_unihan,ROOT-4E88,1553.375,1588.875
gte_multilingual_base_768d,en_gloss_unihan,ROOT-4E8C,2079.2727272727275,2456.4545454545455
gte_multilingual_base_768d,en_gloss_unihan,ROOT-4E8E,1115.875,1438.75
gte_multilingual_base_768d,en_gloss_unihan,ROOT-4E8F,1234.0,1777.142857142857
gte_multilingual_base_768d,en_gloss_unihan,ROOT-4E91,1363.25,1181.0
gte_multilingual_base_768d,en_gloss_unihan,ROOT-4E92,1996.5,2113.5
gte_multilingual_base_768d,en_gloss_unihan,ROOT-4E94,1201.0666666666666,1671.2
gte_multilingual_base_768d,en_gloss_unihan,ROOT-4E95,2413.0,3913.0
gte_multilingual_base_768d,en_gloss_unihan,ROOT-4E9E,2924.4,3562.4
gte_multilingual_base_768d,en_gloss_unihan,ROOT-4E9F,2335.0,1181.5
gte_multilingual_base_768d,en_gloss_unihan,ROOT-4EA1,3306.1428571428573,3535.4285714285716
gte_multilingual_base_768d,en_gloss_unihan,ROOT-4EA2,2022.6153846153845,2846.3846153846152
gte_multilingual_base_768d,en_gloss_unihan,ROOT-4EA4,2484.095238095238,3309.7619047619046
gte_multilingual_base_768d,en_gloss_unihan,ROOT-4EA5,2066.6470588235293,2050.6470588235293
gte_multilingual_base_768d,en_gloss_unihan,ROOT-4EAC,1862.3636363636363,1859.4545454545455
gte_multilingual_base_768d,en_gloss_unihan,ROOT-4EAE,2014.0,4330.0
gte_multilingual_base_768d,en_gloss_unihan,ROOT-4EBA,1627.6666666666667,3170.3333333333335
gte_multilingual_base_768d,en_gloss_unihan,ROOT-4EC1,210.0,419.0
gte_multilingual_base_768d,en_gloss_unihan,ROOT-4EC4,2898.0,2345.0
gte_multilingual_base_768d,en_gloss_unihan,ROOT-4ECA,2357.206896551724,2186.0
gte_multilingual_base_768d,en_gloss_unihan,ROOT-4ECB,3418.3333333333335,3912.0
gte_multilingual_base_768d,en_gloss_unihan,ROOT-4EE4,2717.8947368421054,3326.5789473684213
gte_multilingual_base_768d,en_gloss_unihan,ROOT-4EE5,2455.5,2911.5
gte_multilingual_base_768d,en_gloss_unihan,ROOT-4F0F,3562.5,3149.5
gte_multilingual_base_768d,en_gloss_unihan,ROOT-4F10,487.3333333333333,393.3333333333333
gte_multilingual_base_768d,en_gloss_unihan,ROOT-4F11,2703.3333333333335,3563.0
gte_multilingual_base_768d,en_gloss_unihan,ROOT-4F59,2041.25,2428.4375
gte_multilingual_base_768d,en_gloss_unihan,ROOT-4F86,1565.1666666666667,2455.6666666666665
gte_multilingual_base_768d,en_gloss_unihan,ROOT-4F8C,-242.0,-709.0
gte_multilingual_base_768d,en_gloss_unihan,ROOT-4F96,3070.125,2593.75
gte_multilingual_base_768d,en_gloss_unihan,ROOT-4FAF,4755.5,2710.5
gte_multilingual_base_768d,en_gloss_unihan,ROOT-4FDD,855.3333333333334,814.3333333333334
gte_multilingual_base_768d,en_gloss_unihan,ROOT-5009,2432.4615384615386,3460.3076923076924
gte_multilingual_base_768d,en_gloss_unihan,ROOT-501D,145.0,370.0
gte_multilingual_base_768d,en_gloss_unihan,ROOT-50C9,1625.0588235294117,1879.4117647058824
gte_multilingual_base_768d,en_gloss_unihan,ROOT-5140,1840.75,866.25
gte_multilingual_base_768d,en_gloss_unihan,ROOT-5143,2277.3529411764707,2991.9411764705883
gte_multilingual_base_768d,en_gloss_unihan,ROOT-5144,1548.3333333333333,2102.6666666666665
gte_multilingual_base_768d,en_gloss_unihan,ROOT-5145,217.0,744.0
gte_multilingual_base_768d,en_gloss_unihan,ROOT-5146,1837.6,1558.3
gte_multilingual_base_768d,en_gloss_unihan,ROOT-5148,1220.875,1458.125
gte_multilingual_base_768d,en_gloss_unihan,ROOT-5149,2675.25,2737.25
gte_multilingual_base_768d,en_gloss_unihan,ROOT-514B,35.0,26.0
gte_multilingual_base_768d,en_gloss_unihan,ROOT-514D,1564.111111111111,1592.5555555555557
gte_multilingual_base_768d,en_gloss_unihan,ROOT-5152,3590.5454545454545,3352.3636363636365
gte_multilingual_base_768d,en_gloss_unihan,ROOT-5154,-656.0,-1290.0
gte_multilingual_base_768d,en_gloss_unihan,ROOT-5165,1697.0,1989.3333333333333
gte_multilingual_base_768d,en_gloss_unihan,ROOT-5168,2660.6,2906.1
gte_multilingual_base_768d,en_gloss_unihan,ROOT-5169,4619.75,3897.5
gte_multilingual_base_768d,en_gloss_unihan,ROOT-516A,648.0,509.0
gte_multilingual_base_768d,en_gloss_unihan,ROOT-516B,-486.0,-0.6666666666666666
gte_multilingual_base_768d,en_gloss_unihan,ROOT-516C,2086.818181818182,2492.5454545454545
gte_multilingual_base_768d,en_gloss_unihan,ROOT-516E,467.0,965.0
gte_multilingual_base_768d,en_gloss_unihan,ROOT-5171,1749.0,2282.8571428571427
gte_multilingual_base_768d,en_gloss_unihan,ROOT-5176,2050.217391304348,2379.8695652173915
gte_multilingual_base_768d,en_gloss_unihan,ROOT-5177,8206.0,7998.0
gte_multilingual_base_768d,en_gloss_unihan,ROOT-5178,-1006.0,-1319.0
gte_multilingual_base_768d,en_gloss_unihan,ROOT-517C,2403.9375,2508.0625
gte_multilingual_base_768d,en_gloss_unihan,ROOT-5180,1756.0,3052.0
gte_multilingual_base_768d,en_gloss_unihan,ROOT-5183,2169.25,2395.75
gte_multilingual_base_768d,en_gloss_unihan,ROOT-5189,1540.0,2287.0
gte_multilingual_base_768d,en_gloss_unihan,ROOT-518A,3461.5,4215.0
gte_multilingual_base_768d,en_gloss_unihan,ROOT-518E,2443.777777777778,2903.722222222222
gte_multilingual_base_768d,en_gloss_unihan,ROOT-518F,-2194.0,-2851.0
gte_multilingual_base_768d,en_gloss_unihan,ROOT-5193,2858.4545454545455,3017.818181818182
gte_multilingual_base_768d,en_gloss_unihan,ROOT-5198,2188.5,2717.1
gte_multilingual_base_768d,en_gloss_unihan,ROOT-51A2,0.0,0.0
gte_multilingual_base_768d,en_gloss_unihan,ROOT-51A5,3182.625,2891.625
gte_multilingual_base_768d,en_gloss_unihan,ROOT-51AB,1119.0,2151.0
gte_multilingual_base_768d,en_gloss_unihan,ROOT-51E0,3560.3333333333335,3542.3333333333335
gte_multilingual_base_768d,en_gloss_unihan,ROOT-51E1,1703.1,2356.7
gte_multilingual_base_768d,en_gloss_unihan,ROOT-51F6,1487.6666666666667,1506.0
gte_multilingual_base_768d,en_gloss_unihan,ROOT-51FA,1052.3333333333333,1425.5
gte_multilingual_base_768d,en_gloss_unihan,ROOT-51FD,3864.0,5299.0
gte_multilingual_base_768d,en_gloss_unihan,ROOT-5200,2750.818181818182,2657.0
gte_multilingual_base_768d,en_gloss_unihan,ROOT-5203,980.4444444444445,1368.3333333333333
gte_multilingual_base_768d,en_gloss_unihan,ROOT-5206,2433.4545454545455,2716.6363636363635
gte_multilingual_base_768d,en_gloss_unihan,ROOT-5211,451.5,752.0
gte_multilingual_base_768d,en_gloss_unihan,ROOT-5217,183.0,149.0
gte_multilingual_base_768d,en_gloss_unihan,ROOT-5225,-120.0,-149.0
gte_multilingual_base_768d,en_gloss_unihan,ROOT-5229,4087.0,4457.0
gte_multilingual_base_768d,en_gloss_unihan,ROOT-5236,345.0,80.0
gte_multilingual_base_768d,en_gloss_unihan,ROOT-5247,1816.1666666666667,3500.5
gte_multilingual_base_768d,en_gloss_unihan,ROOT-524D,141.0,102.0
gte_multilingual_base_768d,en_gloss_unihan,ROOT-529B,1949.6315789473683,2015.8947368421052
gte_multilingual_base_768d,en_gloss_unihan,ROOT-52A6,2007.0,3017.0
gte_multilingual_base_768d,en_gloss_unihan,ROOT-52DE,2889.25,3886.0
gte_multilingual_base_768d,en_gloss_unihan,ROOT-52F9,1879.421052631579,2809.0
gte_multilingual_base_768d,en_gloss_unihan,ROOT-52FA,1533.5333333333333,1704.7333333333333
gte_multilingual_base_768d,en_gloss_unihan,ROOT-52FB,1835.0,2307.0
gte_multilingual_base_768d,en_gloss_unihan,ROOT-52FF,1493.25,1822.0
gte_multilingual_base_768d,en_gloss_unihan,ROOT-5303,2739.64,2860.08
gte_multilingual_base_768d,en_gloss_unihan,ROOT-5305,2248.375,2230.875
gte_multilingual_base_768d,en_gloss_unihan,ROOT-530A,2576.8333333333335,2837.8333333333335
gte_multilingual_base_768d,en_gloss_unihan,ROOT-5315,2364.315789473684,2480.815789473684
gte_multilingual_base_768d,en_gloss_unihan,ROOT-5317,3814.5,3063.5
gte_multilingual_base_768d,en_gloss_unihan,ROOT-5321,3226.6666666666665,5629.0
gte_multilingual_base_768d,en_gloss_unihan,ROOT-5340,2816.0714285714284,3588.214285714286
gte_multilingual_base_768d,en_gloss_unihan,ROOT-5341,506.0,1250.0
gte_multilingual_base_768d,en_gloss_unihan,ROOT-5347,22.0,14.0
gte_multilingual_base_768d,en_gloss_unihan,ROOT-5348,2084.5,1855.75
gte_multilingual_base_768d,en_gloss_unihan,ROOT-5349,3382.75,3425.5
gte_multilingual_base_768d,en_gloss_unihan,ROOT-534A,1716.875,1459.625
gte_multilingual_base_768d,en_gloss_unihan,ROOT-5351,3138.904761904762,3456.6666666666665
gte_multilingual_base_768d,en_gloss_unihan,ROOT-5352,1647.1764705882354,1951.8235294117646
gte_multilingual_base_768d,en_gloss_unihan,ROOT-5353,1493.0,1757.3
gte_multilingual_base_768d,en_gloss_unihan,ROOT-5357,3007.0,4578.5
gte_multilingual_base_768d,en_gloss_unihan,ROOT-535C,518.25,346.0
gte_multilingual_base_768d,en_gloss_unihan,ROOT-535E,787.0,735.0
gte_multilingual_base_768d,en_gloss_unihan,ROOT-5360,2006.2631578947369,2687.2105263157896
gte_multilingual_base_768d,en_gloss_unihan,ROOT-536C,365.3333333333333,567.6666666666666
gte_multilingual_base_768d,en_gloss_unihan,ROOT-5371,2370.3333333333335,2417.5
gte_multilingual_base_768d,en_gloss_unihan,ROOT-5373,-71.0,-373.5
gte_multilingual_base_768d,en_gloss_unihan,ROOT-5377,769.7142857142857,1016.5714285714286
gte_multilingual_base_768d,en_gloss_unihan,ROOT-5378,1093.0,1467.6666666666667
gte_multilingual_base_768d,en_gloss_unihan,ROOT-5384,835.3333333333334,1231.0
gte_multilingual_base_768d,en_gloss_unihan,ROOT-539F,2730.2,2639.0
gte_multilingual_base_768d,en_gloss_unihan,ROOT-53B6,2971.470588235294,3139.6470588235293
gte_multilingual_base_768d,en_gloss_unihan,ROOT-53B7,4595.0,4627.0
gte_multilingual_base_768d,en_gloss_unihan,ROOT-53BB,2075.5,2604.1666666666665
gte_multilingual_base_768d,en_gloss_unihan,ROOT-53C3,2904.9,2901.6
gte_multilingual_base_768d,en_gloss_unihan,ROOT-53C8,1689.2105263157894,2405.0
gte_multilingual_base_768d,en_gloss_unihan,ROOT-53C9,1724.0,427.0
gte_multilingual_base_768d,en_gloss_unihan,ROOT-53CA,1652.2727272727273,2014.0
gte_multilingual_base_768d,en_gloss_unihan,ROOT-53CD,2161.4285714285716,2650.285714285714
gte_multilingual_base_768d,en_gloss_unihan,ROOT-53D6,2054.7272727272725,2489.7272727272725
gte_multilingual_base_768d,en_gloss_unihan,ROOT-53D7,2053.5,3093.0
gte_multilingual_base_768d,en_gloss_unihan,ROOT-53E3,2311.5,2293.5
gte_multilingual_base_768d,en_gloss_unihan,ROOT-53E4,1946.7096774193549,1942.032258064516
gte_multilingual_base_768d,en_gloss_unihan,ROOT-53EA,4134.8,4941.2
gte_multilingual_base_768d,en_gloss_unihan,ROOT-53F2,2606.0,1991.0
gte_multilingual_base_768d,en_gloss_unihan,ROOT-53F8,2220.8,2031.2
gte_multilingual_base_768d,en_gloss_unihan,ROOT-5404,2164.2727272727275,2658.2727272727275
gte_multilingual_base_768d,en_gloss_unihan,ROOT-5405,2332.6923076923076,3007.5384615384614
gte_multilingual_base_768d,en_gloss_unihan,ROOT-5408,1820.7692307692307,2238.4615384615386
gte_multilingual_base_768d,en_gloss_unihan,ROOT-5409,2140.176470588235,2548.9411764705883
gte_multilingual_base_768d,en_gloss_unihan,ROOT-540C,3056.375,2930.375
gte_multilingual_base_768d,en_gloss_unihan,ROOT-540D,2092.25,3071.75
gte_multilingual_base_768d,en_gloss_unihan,ROOT-540E,3408.1666666666665,2742.5
gte_multilingual_base_768d,en_gloss_unihan,ROOT-5411,1054.0,5958.0
gte_multilingual_base_768d,en_gloss_unihan,ROOT-5433,1549.8333333333333,1914.6666666666667
gte_multilingual_base_768d,en_gloss_unihan,ROOT-5442,2303.4,2536.0
gte_multilingual_base_768d,en_gloss_unihan,ROOT-544A,1100.7272727272727,1119.5454545454545
gte_multilingual_base_768d,en_gloss_unihan,ROOT-5468,3005.5,2870.25
gte_multilingual_base_768d,en_gloss_unihan,ROOT-548E,4062.3333333333335,4756.333333333333
gte_multilingual_base_768d,en_gloss_unihan,ROOT-54A2,3355.25,3263.25
gte_multilingual_base_768d,en_gloss_unihan,ROOT-54B8,786.2727272727273,562.6363636363636
gte_multilingual_base_768d,en_gloss_unihan,ROOT-54C1,-865.0,-1241.0
gte_multilingual_base_768d,en_gloss_unihan,ROOT-54E1,1804.142857142857,1461.0
gte_multilingual_base_768d,en_gloss_unihan,ROOT-54E5,1549.0,1427.0
gte_multilingual_base_768d,en_gloss_unihan,ROOT-5584,2389.6666666666665,1756.3333333333333
gte_multilingual_base_768d,en_gloss_unihan,ROOT-55AE,2282.45,2520.3
gte_multilingual_base_768d,en_gloss_unihan,ROOT-55BF,1911.1666666666667,1593.1666666666667
gte_multilingual_base_768d,en_gloss_unihan,ROOT-55C7,1696.2,2780.2
gte_multilingual_base_768d,en_gloss_unihan,ROOT-56B4,1243.5,1916.0
gte_multilingual_base_768d,en_gloss_unihan,ROOT-56D7,1872.4545454545455,1135.0
gte_multilingual_base_768d,en_gloss_unihan,ROOT-56DA,2200.0,4871.0
gte_multilingual_base_768d,en_gloss_unihan,ROOT-56DB,1872.75,2640.0
gte_multilingual_base_768d,en_gloss_unihan,ROOT-56DE,2626.25,1466.75
gte_multilingual_base_768d,en_gloss_unihan,ROOT-56E0,2755.0,3294.8
gte_multilingual_base_768d,en_gloss_unihan,ROOT-56F0,3586.0,4116.0
gte_multilingual_base_768d,en_gloss_unihan,ROOT-56F7,341.5,325.5
gte_multilingual_base_768d,en_gloss_unihan,ROOT-56FA,1987.3333333333333,826.6666666666666
gte_multilingual_base_768d,en_gloss_unihan,ROOT-5702,795.5,130.0
gte_multilingual_base_768d,en_gloss_unihan,ROOT-571F,519.5,1123.0
gte_multilingual_base_768d,en_gloss_unihan,ROOT-5725,825.75,699.75
gte_multilingual_base_768d,en_gloss_unihan,ROOT-572D,2694.875,2528.9166666666665
gte_multilingual_base_768d,en_gloss_unihan,ROOT-5750,1456.25,2030.25
gte_multilingual_base_768d,en_gloss_unihan,ROOT-5794,53.0,75.0
gte_multilingual_base_768d,en_gloss_unihan,ROOT-57F6,588.3333333333334,978.0
gte_multilingual_base_768d,en_gloss_unihan,ROOT-57F7,1752.0,2237.0
gte_multilingual_base_768d,en_gloss_unihan,ROOT-5807,2538.0,1225.5
gte_multilingual_base_768d,en_gloss_unihan,ROOT-582F,2053.157894736842,1786.842105263158
gte_multilingual_base_768d,en_gloss_unihan,ROOT-58EB,861.5,735.5
gte_multilingual_base_768d,en_gloss_unihan,ROOT-58EC,2130.875,2278.75
gte_multilingual_base_768d,en_gloss_unihan,ROOT-58F4,1157.4,519.2
gte_multilingual_base_768d,en_gloss_unihan,ROOT-58F9,2253.4,3404.4
gte_multilingual_base_768d,en_gloss_unihan,ROOT-58FD,2470.2,3393.8
gte_multilingual_base_768d,en_gloss_unihan,ROOT-5903,3.0,-46.0
gte_multilingual_base_768d,en_gloss_unihan,ROOT-590C,2610.125,2365.25
gte_multilingual_base_768d,en_gloss_unihan,ROOT-590D,1514.0,2567.0
gte_multilingual_base_768d,en_gloss_unihan,ROOT-590F,3642.3333333333335,2947.0
gte_multilingual_base_768d,en_gloss_unihan,ROOT-5915,1266.0,1073.5
gte_multilingual_base_768d,en_gloss_unihan,ROOT-5917,2503.769230769231,2446.846153846154
gte_multilingual_base_768d,en_gloss_unihan,ROOT-591A,1708.4444444444443,2453.777777777778
gte_multilingual_base_768d,en_gloss_unihan,ROOT-591C,1787.0,2937.6666666666665
gte_multilingual_base_768d,en_gloss_unihan,ROOT-5922,172.0,111.0
gte_multilingual_base_768d,en_gloss_unihan,ROOT-5927,529.0,1362.0
gte_multilingual_base_768d,en_gloss_unihan,ROOT-5929,1787.5,2211.25
gte_multilingual_base_768d,en_gloss_unihan,ROOT-592A,45.0,49.0
gte_multilingual_base_768d,en_gloss_unihan,ROOT-592B,3534.5714285714284,4312.285714285715
gte_multilingual_base_768d,en_gloss_unihan,ROOT-592C,3190.0,3977.2
gte_multilingual_base_768d,en_gloss_unihan,ROOT-592D,609.8,692.0
gte_multilingual_base_768d,en_gloss_unihan,ROOT-592E,3028.818181818182,3386.4545454545455
gte_multilingual_base_768d,en_gloss_unihan,ROOT-5932,3503.5,3554.5
gte_multilingual_base_768d,en_gloss_unihan,ROOT-5937,1930.2,2079.8
gte_multilingual_base_768d,en_gloss_unihan,ROOT-593E,2778.846153846154,2410.6153846153848
gte_multilingual_base_768d,en_gloss_unihan,ROOT-5944,1732.857142857143,3017.8571428571427
gte_multilingual_base_768d,en_gloss_unihan,ROOT-5948,2861.0,3102.0
gte_multilingual_base_768d,en_gloss_unihan,ROOT-5949,2193.1666666666665,2284.6666666666665
gte_multilingual_base_768d,en_gloss_unihan,ROOT-594F,1921.0,1081.5
gte_multilingual_base_768d,en_gloss_unihan,ROOT-5950,310.5,280.0
gte_multilingual_base_768d,en_gloss_unihan,ROOT-595A,3945.0,4469.4
gte_multilingual_base_768d,en_gloss_unihan,ROOT-5967,2167.3333333333335,3138.8333333333335
gte_multilingual_base_768d,en_gloss_unihan,ROOT-5973,2114.3809523809523,2829.7619047619046
gte_multilingual_base_768d,en_gloss_unihan,ROOT-599F,3115.6666666666665,2919.5
gte_multilingual_base_768d,en_gloss_unihan,ROOT-59A5,1842.75,3379.0
gte_multilingual_base_768d,en_gloss_unihan,ROOT-59BB,2689.1428571428573,3565.0
gte_multilingual_base_768d,en_gloss_unihan,ROOT-59BE,2683.0,2409.25
gte_multilingual_base_768d,en_gloss_unihan,ROOT-5A41,2057.625,1997.9375
gte_multilingual_base_768d,en_gloss_unihan,ROOT-5B50,997.1666666666666,1277.0
gte_multilingual_base_768d,en_gloss_unihan,ROOT-5B54,3298.0,5167.0
gte_multilingual_base_768d,en_gloss_unihan,ROOT-5B58,695.6666666666666,1028.0
gte_multilingual_base_768d,en_gloss_unihan,ROOT-5B5A,2452.0,1901.0
gte_multilingual_base_768d,en_gloss_unihan,ROOT-5B5B,496.3333333333333,558.0
gte_multilingual_base_768d,en_gloss_unihan,ROOT-5B5D,2745.0,3681.5
gte_multilingual_base_768d,en_gloss_unihan,ROOT-5B63,6761.0,8191.0
gte_multilingual_base_768d,en_gloss_unihan,ROOT-5B68,6248.0,2920.0
gte_multilingual_base_768d,en_gloss_unihan,ROOT-5B6B,2070.0,1097.0
gte_multilingual_base_768d,en_gloss_unihan,ROOT-5B81,2038.4,2176.6
gte_multilingual_base_768d,en_gloss_unihan,ROOT-5B83,3133.3,3557.8
gte_multilingual_base_768d,en_gloss_unihan,ROOT-5B88,1507.0,1141.0
gte_multilingual_base_768d,en_gloss_unihan,ROOT-5B89,1690.8333333333333,1867.3333333333333
gte_multilingual_base_768d,en_gloss_unihan,ROOT-5B97,2641.25,3204.625
gte_multilingual_base_768d,en_gloss_unihan,ROOT-5B98,3469.375,3064.0
gte_multilingual_base_768d,en_gloss_unihan,ROOT-5B9A,1946.0,2090.25
gte_multilingual_base_768d,en_gloss_unihan,ROOT-5B9C,2.0,0.0
gte_multilingual_base_768d,en_gloss_unihan,ROOT-5BA3,3611.2,3629.4
gte_multilingual_base_768d,en_gloss_unihan,ROOT-5BB3,2094.0,1761.6
gte_multilingual_base_768d,en_gloss_unihan,ROOT-5BB6,1225.5,990.5
gte_multilingual_base_768d,en_gloss_unihan,ROOT-5BBF,2436.5,2695.5
gte_multilingual_base_768d,en_gloss_unihan,ROOT-5BC5,837.3333333333334,-22.333333333333332
gte_multilingual_base_768d,en_gloss_unihan,ROOT-5BCD,2238.5,2659.5
gte_multilingual_base_768d,en_gloss_unihan,ROOT-5BD2,3027.0,4362.5
gte_multilingual_base_768d,en_gloss_unihan,ROOT-5BF8,52.0,292.0
gte_multilingual_base_768d,en_gloss_unihan,ROOT-5C01,279.0,1181.0
gte_multilingual_base_768d,en_gloss_unihan,ROOT-5C07,1280.0,1868.0
gte_multilingual_base_768d,en_gloss_unihan,ROOT-5C08,2975.923076923077,3039.0
gte_multilingual_base_768d,en_gloss_unihan,ROOT-5C09,1405.6,1629.2
gte_multilingual_base_768d,en_gloss_unihan,ROOT-5C0A,1078.4285714285713,1379.4285714285713
gte_multilingual_base_768d,en_gloss_unihan,ROOT-5C0B,4259.0,5983.0
gte_multilingual_base_768d,en_gloss_unihan,ROOT-5C0C,980.3333333333334,1781.6666666666667
gte_multilingual_base_768d,en_gloss_unihan,ROOT-5C0D,4180.0,1850.0
gte_multilingual_base_768d,en_gloss_unihan,ROOT-5C0F,2392.3636363636365,2746.4545454545455
gte_multilingual_base_768d,en_gloss_unihan,ROOT-5C17,982.4,1421.8
gte_multilingual_base_768d,en_gloss_unihan,ROOT-5C1A,2486.875,2649.8333333333335
gte_multilingual_base_768d,en_gloss_unihan,ROOT-5C28,309.3333333333333,154.33333333333334
gte_multilingual_base_768d,en_gloss_unihan,ROOT-5C39,1596.2857142857142,750.8571428571429
gte_multilingual_base_768d,en_gloss_unihan,ROOT-5C3E,393.0,511.0
gte_multilingual_base_768d,en_gloss_unihan,ROOT-5C40,2142.5,2620.0
gte_multilingual_base_768d,en_gloss_unihan,ROOT-5C48,936.5,1737.5
gte_multilingual_base_768d,en_gloss_unihan,ROOT-5C4B,2016.3333333333333,2793.0
gte_multilingual_base_768d,en_gloss_unihan,ROOT-5C55,501.5,626.0
gte_multilingual_base_768d,en_gloss_unihan,ROOT-5C6F,1818.8,2136.3
gte_multilingual_base_768d,en_gloss_unihan,ROOT-5C70,844.0,1264.5
gte_multilingual_base_768d,en_gloss_unihan,ROOT-5C71,3433.75,3424.75
gte_multilingual_base_768d,en_gloss_unihan,ROOT-5CA1,734.0,750.4
gte_multilingual_base_768d,en_gloss_unihan,ROOT-5CF6,1922.0,2423.0
gte_multilingual_base_768d,en_gloss_unihan,ROOT-5D52,2259.0,1751.0
gte_multilingual_base_768d,en_gloss_unihan,ROOT-5DC2,2892.8,1876.4
gte_multilingual_base_768d,en_gloss_unihan,ROOT-5DDD,1379.6,1809.0
gte_multilingual_base_768d,en_gloss_unihan,ROOT-5DDE,752.0,893.5
gte_multilingual_base_768d,en_gloss_unihan,ROOT-5DDF,3005.0,3167.0
gte_multilingual_base_768d,en_gloss_unihan,ROOT-5DE2,4391.666666666667,2825.0
gte_multilingual_base_768d,en_gloss_unihan,ROOT-5DE5,1427.3333333333333,1635.7083333333333
gte_multilingual_base_768d,en_gloss_unihan,ROOT-5DE6,357.0,504.0
gte_multilingual_base_768d,en_gloss_unihan,ROOT-5DE8,2384.6,2940.7
gte_multilingual_base_768d,en_gloss_unihan,ROOT-5DEB,2697.0,4301.0
gte_multilingual_base_768d,en_gloss_unihan,ROOT-5DEE,950.0,950.0
gte_multilingual_base_768d,en_gloss_unihan,ROOT-5DF1,1776.8181818181818,1846.090909090909
gte_multilingual_base_768d,en_gloss_unihan,ROOT-5DF3,1137.25,1284.0
gte_multilingual_base_768d,en_gloss_unihan,ROOT-5DF4,3810.3333333333335,3924.25
gte_multilingual_base_768d,en_gloss_unihan,ROOT-5DFF,4014.5,5613.0
gte_multilingual_base_768d,en_gloss_unihan,ROOT-5E00,1109.5,878.5
gte_multilingual_base_768d,en_gloss_unihan,ROOT-5E0C,1792.2222222222222,2121.1111111111113
gte_multilingual_base_768d,en_gloss_unihan,ROOT-5E1A,1827.5,2346.5
gte_multilingual_base_768d,en_gloss_unihan,ROOT-5E1D,1598.7142857142858,1691.2857142857142
gte_multilingual_base_768d,en_gloss_unihan,ROOT-5E2D,1049.0,386.0
gte_multilingual_base_768d,en_gloss_unihan,ROOT-5E36,1801.5,1527.0
gte_multilingual_base_768d,en_gloss_unihan,ROOT-5E72,2336.4,2764.0
gte_multilingual_base_768d,en_gloss_unihan,ROOT-5E73,1270.0,1444.4444444444443
gte_multilingual_base_768d,en_gloss_unihan,ROOT-5E75,3948.0,2335.0
gte_multilingual_base_768d,en_gloss_unihan,ROOT-5E78,1346.3333333333333,1056.3333333333333
gte_multilingual_base_768d,en_gloss_unihan,ROOT-5E79,2690.0,3076.0
gte_multilingual_base_768d,en_gloss_unihan,ROOT-5E7A,1933.4,2967.8
gte_multilingual_base_768d,en_gloss_unihan,ROOT-5E9A,491.5,676.5
gte_multilingual_base_768d,en_gloss_unihan,ROOT-5EB6,3577.1666666666665,4705.666666666667
gte_multilingual_base_768d,en_gloss_unihan,ROOT-5EB7,928.5,1742.5
gte_multilingual_base_768d,en_gloss_unihan,ROOT-5EDB,1795.5,2737.5
gte_multilingual_base_768d,en_gloss_unihan,ROOT-5EFA,2100.8333333333335,2186.1666666666665
gte_multilingual_base_768d,en_gloss_unihan,ROOT-5F01,1094.0,1254.0
gte_multilingual_base_768d,en_gloss_unihan,ROOT-5F04,1044.0,2067.0
gte_multilingual_base_768d,en_gloss_unihan,ROOT-5F0B,1650.6153846153845,2174.230769230769
gte_multilingual_base_768d,en_gloss_unihan,ROOT-5F0D,1364.5,1644.5
gte_multilingual_base_768d,en_gloss_unihan,ROOT-5F13,3178.0,2435.5
gte_multilingual_base_768d,en_gloss_unihan,ROOT-5F15,3829.75,2718.0
gte_multilingual_base_768d,en_gloss_unihan,ROOT-5F17,2215.3636363636365,2449.0
gte_multilingual_base_768d,en_gloss_unihan,ROOT-5F1F,2045.5,2098.7
gte_multilingual_base_768d,en_gloss_unihan,ROOT-5F31,1233.0,1950.5
gte_multilingual_base_768d,en_gloss_unihan,ROOT-5F54,1555.25,1476.875
gte_multilingual_base_768d,en_gloss_unihan,ROOT-5F56,797.75,358.625
gte_multilingual_base_768d,en_gloss_unihan,ROOT-5F57,777.25,1299.25
gte_multilingual_base_768d,en_gloss_unihan,ROOT-5F6A,2221.0,3477.0
gte_multilingual_base_768d,en_gloss_unihan,ROOT-5F6D,1992.5,2254.0
gte_multilingual_base_768d,en_gloss_unihan,ROOT-5F99,-1323.0,-3553.0
gte_multilingual_base_768d,en_gloss_unihan,ROOT-5F9E,2312.375,2763.75
gte_multilingual_base_768d,en_gloss_unihan,ROOT-5FB9,909.0,1011.0
gte_multilingual_base_768d,en_gloss_unihan,ROOT-5FC3,4155.5,4557.0
gte_multilingual_base_768d,en_gloss_unihan,ROOT-5FC5,2192.5,2493.3333333333335
gte_multilingual_base_768d,en_gloss_unihan,ROOT-601D,3194.6,3807.8
gte_multilingual_base_768d,en_gloss_unihan,ROOT-6046,2742.0,2231.0
gte_multilingual_base_768d,en_gloss_unihan,ROOT-606F,4469.666666666667,3014.0
gte_multilingual_base_768d,en_gloss_unihan,ROOT-60E0,4045.3333333333335,4156.0
gte_multilingual_base_768d,en_gloss_unihan,ROOT-610F,486.4,852.4
gte_multilingual_base_768d,en_gloss_unihan,ROOT-611B,1646.5,1965.5
gte_multilingual_base_768d,en_gloss_unihan,ROOT-61B2,7491.0,5311.0
gte_multilingual_base_768d,en_gloss_unihan,ROOT-6208,115.0,305.0
gte_multilingual_base_768d,en_gloss_unihan,ROOT-620A,-264.0,-17.0
gte_multilingual_base_768d,en_gloss_unihan,ROOT-620D,2004.142857142857,1288.7142857142858
gte_multilingual_base_768d,en_gloss_unihan,ROOT-620E,6207.0,7196.0
gte_multilingual_base_768d,en_gloss_unihan,ROOT-6211,2689.777777777778,2887.222222222222
gte_multilingual_base_768d,en_gloss_unihan,ROOT-6212,-286.6666666666667,-600.3333333333334
gte_multilingual_base_768d,en_gloss_unihan,ROOT-6214,1451.0,1535.5
gte_multilingual_base_768d,en_gloss_unihan,ROOT-6216,2215.4166666666665,2110.0833333333335
gte_multilingual_base_768d,en_gloss_unihan,ROOT-6236,228.0,373.25
gte_multilingual_base_768d,en_gloss_unihan,ROOT-6241,1687.7142857142858,2123.714285714286
gte_multilingual_base_768d,en_gloss_unihan,ROOT-6247,3253.0,4944.0
gte_multilingual_base_768d,en_gloss_unihan,ROOT-624B,1421.4545454545455,1360.090909090909
gte_multilingual_base_768d,en_gloss_unihan,ROOT-624D,1338.0,1042.25
gte_multilingual_base_768d,en_gloss_unihan,ROOT-6298,2360.5,2890.75
gte_multilingual_base_768d,en_gloss_unihan,ROOT-62DC,3515.0,4173.0
gte_multilingual_base_768d,en_gloss_unihan,ROOT-652F,1927.8333333333333,2201.3333333333335
gte_multilingual_base_768d,en_gloss_unihan,ROOT-6538,1883.3076923076924,1834.6923076923076
gte_multilingual_base_768d,en_gloss_unihan,ROOT-6544,5576.0,5606.0
gte_multilingual_base_768d,en_gloss_unihan,ROOT-6556,1530.25,1809.25
gte_multilingual_base_768d,en_gloss_unihan,ROOT-6558,2952.0,5821.0
gte_multilingual_base_768d,en_gloss_unihan,ROOT-6562,3106.0,3745.5
gte_multilingual_base_768d,en_gloss_unihan,ROOT-6563,141.0,118.0
gte_multilingual_base_768d,en_gloss_unihan,ROOT-6566,1080.0,1411.0
gte_multilingual_base_768d,en_gloss_unihan,ROOT-6578,5573.0,6337.5
gte_multilingual_base_768d,en_gloss_unihan,ROOT-6587,2206.5555555555557,2463.222222222222
gte_multilingual_base_768d,en_gloss_unihan,ROOT-658C,347.0,407.0
gte_multilingual_base_768d,en_gloss_unihan,ROOT-6597,2011.0,2071.3333333333335
gte_multilingual_base_768d,en_gloss_unihan,ROOT-65A4,3003.590909090909,3338.0454545454545
gte_multilingual_base_768d,en_gloss_unihan,ROOT-65AC,1268.3333333333333,1921.6666666666667
gte_multilingual_base_768d,en_gloss_unihan,ROOT-65B0,1763.0,600.0
gte_multilingual_base_768d,en_gloss_unihan,ROOT-65B9,1861.0,1558.05
gte_multilingual_base_768d,en_gloss_unihan,ROOT-65BC,1845.0,2107.0
gte_multilingual_base_768d,en_gloss_unihan,ROOT-65C1,1502.0,1834.2
gte_multilingual_base_768d,en_gloss_unihan,ROOT-65C5,3084.0,4866.0
gte_multilingual_base_768d,en_gloss_unihan,ROOT-65CB,3229.5,2250.0
gte_multilingual_base_768d,en_gloss_unihan,ROOT-65CF,1167.6,958.4
gte_multilingual_base_768d,en_gloss_unihan,ROOT-65E2,388.0,737.0
gte_multilingual_base_768d,en_gloss_unihan,ROOT-65E5,4794.0,5583.0
gte_multilingual_base_768d,en_gloss_unihan,ROOT-65E6,2637.1739130434785,2838.0434782608695
gte_multilingual_base_768d,en_gloss_unihan,ROOT-65E8,2505.5555555555557,2932.3333333333335
gte_multilingual_base_768d,en_gloss_unihan,ROOT-65EC,2936.5,1958.5714285714287
gte_multilingual_base_768d,en_gloss_unihan,ROOT-6606,3331.222222222222,3733.1111111111113
gte_multilingual_base_768d,en_gloss_unihan,ROOT-660C,1811.8333333333333,2432.1666666666665
gte_multilingual_base_768d,en_gloss_unihan,ROOT-660E,-2409.0,-2833.0
gte_multilingual_base_768d,en_gloss_unihan,ROOT-660F,2993.5,3375.25
gte_multilingual_base_768d,en_gloss_unihan,ROOT-6613,2095.8571428571427,2512.5714285714284
gte_multilingual_base_768d,en_gloss_unihan,ROOT-6614,2053.5,2121.5
gte_multilingual_base_768d,en_gloss_unihan,ROOT-661C,2003.3157894736842,1995.842105263158
gte_multilingual_base_768d,en_gloss_unihan,ROOT-661F,1421.0,2631.75
gte_multilingual_base_768d,en_gloss_unihan,ROOT-6625,246.0,61.0
gte_multilingual_base_768d,en_gloss_unihan,ROOT-662F,2431.125,2461.8125
gte_multilingual_base_768d,en_gloss_unihan,ROOT-6631,-1.0,1.0
gte_multilingual_base_768d,en_gloss_unihan,ROOT-6649,2110.0,2202.0
gte_multilingual_base_768d,en_gloss_unihan,ROOT-66F0,1349.5,1067.5
gte_multilingual_base_768d,en_gloss_unihan,ROOT-66F4,2273.5,3893.5
gte_multilingual_base_768d,en_gloss_unihan,ROOT-66FC,1973.4166666666667,2334.8333333333335
gte_multilingual_base_768d,en_gloss_unihan,ROOT-66FE,2810.0,2377.9
gte_multilingual_base_768d,en_gloss_unihan,ROOT-6700,716.0,1247.0
gte_multilingual_base_768d,en_gloss_unihan,ROOT-6701,1893.142857142857,2095.5714285714284
gte_multilingual_base_768d,en_gloss_unihan,ROOT-6703,2605.818181818182,3354.0
gte_multilingual_base_768d,en_gloss_unihan,ROOT-6708,4560.0,5425.0
gte_multilingual_base_768d,en_gloss_unihan,ROOT-670B,2815.222222222222,3046.4444444444443
gte_multilingual_base_768d,en_gloss_unihan,ROOT-670D,2332.0,2802.5
gte_multilingual_base_768d,en_gloss_unihan,ROOT-6715,1237.3333333333333,1781.0
gte_multilingual_base_768d,en_gloss_unihan,ROOT-671D,1628.3333333333333,2504.3333333333335
gte_multilingual_base_768d,en_gloss_unihan,ROOT-6728,2030.0,2144.0
gte_multilingual_base_768d,en_gloss_unihan,ROOT-672A,1466.5,1433.1666666666667
gte_multilingual_base_768d,en_gloss_unihan,ROOT-672B,2822.6666666666665,3287.8333333333335
gte_multilingual_base_768d,en_gloss_unihan,ROOT-672C,-536.0,123.0
gte_multilingual_base_768d,en_gloss_unihan,ROOT-672E,1999.5,2577.8333333333335
gte_multilingual_base_768d,en_gloss_unihan,ROOT-6731,2454.8333333333335,1960.5833333333333
gte_multilingual_base_768d,en_gloss_unihan,ROOT-6735,751.0,1772.0
gte_multilingual_base_768d,en_gloss_unihan,ROOT-673F,270.75,94.0
gte_multilingual_base_768d,en_gloss_unihan,ROOT-6740,1415.0,1074.0
gte_multilingual_base_768d,en_gloss_unihan,ROOT-675F,2212.6363636363635,2808.6363636363635
gte_multilingual_base_768d,en_gloss_unihan,ROOT-6771,1471.1666666666667,1717.9166666666667
gte_multilingual_base_768d,en_gloss_unihan,ROOT-6797,2016.4545454545455,2107.181818181818
gte_multilingual_base_768d,en_gloss_unihan,ROOT-679C,2229.7272727272725,2522.0
gte_multilingual_base_768d,en_gloss_unihan,ROOT-67D0,1426.4,1996.0
gte_multilingual_base_768d,en_gloss_unihan,ROOT-67EC,2224.9615384615386,2514.1153846153848
gte_multilingual_base_768d,en_gloss_unihan,ROOT-6817,790.0,814.0
gte_multilingual_base_768d,en_gloss_unihan,ROOT-6840,102.0,198.0
gte_multilingual_base_768d,en_gloss_unihan,ROOT-6851,1708.0,3834.0
gte_multilingual_base_768d,en_gloss_unihan,ROOT-687C,1604.5,2329.0
gte_multilingual_base_768d,en_gloss_unihan,ROOT-68D8,5036.0,5756.0
gte_multilingual_base_768d,en_gloss_unihan,ROOT-696D,8411.0,2576.0
gte_multilingual_base_768d,en_gloss_unihan,ROOT-69AE,3654.5,4050.0
gte_multilingual_base_768d,en_gloss_unihan,ROOT-6A02,1644.0,2642.75
gte_multilingual_base_768d,en_gloss_unihan,ROOT-6A0A,2830.6666666666665,2544.3333333333335
gte_multilingual_base_768d,en_gloss_unihan,ROOT-6B20,3768.5,3322.5
gte_multilingual_base_768d,en_gloss_unihan,ROOT-6B2E,4768.5,5961.0
gte_multilingual_base_768d,en_gloss_unihan,ROOT-6B3D,773.0,1834.0
gte_multilingual_base_768d,en_gloss_unihan,ROOT-6B62,2729.6,3277.0
gte_multilingual_base_768d,en_gloss_unihan,ROOT-6B63,1440.4,1215.6
gte_multilingual_base_768d,en_gloss_unihan,ROOT-6B65,78.0,74.0
gte_multilingual_base_768d,en_gloss_unihan,ROOT-6B66,4206.0,2227.5
gte_multilingual_base_768d,en_gloss_unihan,ROOT-6BB3,1700.5,1411.0
gte_multilingual_base_768d,en_gloss_unihan,ROOT-6BB5,3240.3333333333335,2539.3333333333335
gte_multilingual_base_768d,en_gloss_unihan,ROOT-6BB7,1647.0,1762.0
gte_multilingual_base_768d,en_gloss_unihan,ROOT-6BBF,5040.0,5929.0
gte_multilingual_base_768d,en_gloss_unihan,ROOT-6BC0,27.0,29.0
gte_multilingual_base_768d,en_gloss_unihan,ROOT-6BCC,1123.6666666666667,1194.0
gte_multilingual_base_768d,en_gloss_unihan,ROOT-6BCD,171.5,350.5
gte_multilingual_base_768d,en_gloss_unihan,ROOT-6BCE,11.0,4.0
gte_multilingual_base_768d,en_gloss_unihan,ROOT-6BCF,1043.0,3109.0
gte_multilingual_base_768d,en_gloss_unihan,ROOT-6BD4,2793.5,3257.6666666666665
gte_multilingual_base_768d,en_gloss_unihan,ROOT-6BDA,747.875,575.5
gte_multilingual_base_768d,en_gloss_unihan,ROOT-6BDB,1973.0,1860.1666666666667
gte_multilingual_base_768d,en_gloss_unihan,ROOT-6BF3,1330.0,1149.0
gte_multilingual_base_768d,en_gloss_unihan,ROOT-6C0F,2185.8333333333335,2662.0
gte_multilingual_base_768d,en_gloss_unihan,ROOT-6C10,2318.9375,1884.375
gte_multilingual_base_768d,en_gloss_unihan,ROOT-6C11,2476.6666666666665,2438.0
gte_multilingual_base_768d,en_gloss_unihan,ROOT-6C14,648.0,672.75
gte_multilingual_base_768d,en_gloss_unihan,ROOT-6C38,813.5,1473.5
gte_multilingual_base_768d,en_gloss_unihan,ROOT-6C42,646.5,758.9
gte_multilingual_base_768d,en_gloss_unihan,ROOT-6C93,4354.0,2312.0
gte_multilingual_base_768d,en_gloss_unihan,ROOT-6C99,4036.75,3250.25
gte_multilingual_base_768d,en_gloss_unihan,ROOT-6C9B,4638.0,1243.0
gte_multilingual_base_768d,en_gloss_unihan,ROOT-6CC9,2908.5,2707.5
gte_multilingual_base_768d,en_gloss_unihan,ROOT-6CD5,3883.0,3631.0
gte_multilingual_base_768d,en_gloss_unihan,ROOT-6D3B,71.0,283.0
gte_multilingual_base_768d,en_gloss_unihan,ROOT-6ED5,1536.0,1317.0
gte_multilingual_base_768d,en_gloss_unihan,ROOT-6FD5,260.0,144.0
gte_multilingual_base_768d,en_gloss_unihan,ROOT-706B,1600.5,1088.5
gte_multilingual_base_768d,en_gloss_unihan,ROOT-708E,2063.6,2097.2
gte_multilingual_base_768d,en_gloss_unihan,ROOT-7097,2084.0,2313.923076923077
gte_multilingual_base_768d,en_gloss_unihan,ROOT-70CF,3579.6666666666665,3388.6666666666665
gte_multilingual_base_768d,en_gloss_unihan,ROOT-7109,3720.0,2423.6666666666665
gte_multilingual_base_768d,en_gloss_unihan,ROOT-7121,2969.75,3004.25
gte_multilingual_base_768d,en_gloss_unihan,ROOT-7126,517.0,672.5714285714286
gte_multilingual_base_768d,en_gloss_unihan,ROOT-7136,1838.5,2635.5
gte_multilingual_base_768d,en_gloss_unihan,ROOT-718F,1068.2,1289.8
gte_multilingual_base_768d,en_gloss_unihan,ROOT-71D5,135.75,374.0
gte_multilingual_base_768d,en_gloss_unihan,ROOT-71DF,839.0,379.0
gte_multilingual_base_768d,en_gloss_unihan,ROOT-722A,3162.5,3752.0
gte_multilingual_base_768d,en_gloss_unihan,ROOT-722D,2052.0,3043.1666666666665
gte_multilingual_base_768d,en_gloss_unihan,ROOT-7230,1871.090909090909,1943.3636363636363
gte_multilingual_base_768d,en_gloss_unihan,ROOT-7235,2032.3333333333333,3124.3333333333335
gte_multilingual_base_768d,en_gloss_unihan,ROOT-7236,2126.4736842105262,2501.7368421052633
gte_multilingual_base_768d,en_gloss_unihan,ROOT-723B,1987.0,1924.3333333333333
gte_multilingual_base_768d,en_gloss_unihan,ROOT-723D,6423.0,3434.0
gte_multilingual_base_768d,en_gloss_unihan,ROOT-723E,417.25,57.0
gte_multilingual_base_768d,en_gloss_unihan,ROOT-723F,1546.5,1762.6666666666667
gte_multilingual_base_768d,en_gloss_unihan,ROOT-7259,974.1428571428571,1351.857142857143
gte_multilingual_base_768d,en_gloss_unihan,ROOT-72AC,5382.0,6516.0
gte_multilingual_base_768d,en_gloss_unihan,ROOT-72AE,2576.4,2580.6
gte_multilingual_base_768d,en_gloss_unihan,ROOT-72C2,964.0,381.0
gte_multilingual_base_768d,en_gloss_unihan,ROOT-72C4,4415.333333333333,3463.3333333333335
gte_multilingual_base_768d,en_gloss_unihan,ROOT-730B,1.0,0.0
gte_multilingual_base_768d,en_gloss_unihan,ROOT-7312,1871.0,1942.0
gte_multilingual_base_768d,en_gloss_unihan,ROOT-7384,2436.25,3325.75
gte_multilingual_base_768d,en_gloss_unihan,ROOT-7387,1208.5,1005.0
gte_multilingual_base_768d,en_gloss_unihan,ROOT-7389,1237.0,844.0
gte_multilingual_base_768d,en_gloss_unihan,ROOT-738B,975.6666666666666,1061.6666666666667
gte_multilingual_base_768d,en_gloss_unihan,ROOT-74DC,3657.4444444444443,3163.777777777778
gte_multilingual_base_768d,en_gloss_unihan,ROOT-7504,4530.0,6680.0
gte_multilingual_base_768d,en_gloss_unihan,ROOT-7518,2899.2,2593.5
gte_multilingual_base_768d,en_gloss_unihan,ROOT-751A,2224.6363636363635,2985.3636363636365
gte_multilingual_base_768d,en_gloss_unihan,ROOT-751F,2367.285714285714,2327.8571428571427
gte_multilingual_base_768d,en_gloss_unihan,ROOT-7522,1045.0,1302.3333333333333
gte_multilingual_base_768d,en_gloss_unihan,ROOT-7528,1880.1666666666667,2087.5555555555557
gte_multilingual_base_768d,en_gloss_unihan,ROOT-752B,2199.5,2146.964285714286
gte_multilingual_base_768d,en_gloss_unihan,ROOT-7530,1928.5,1773.25
gte_multilingual_base_768d,en_gloss_unihan,ROOT-7531,2753.9375,3243.125
gte_multilingual_base_768d,en_gloss_unihan,ROOT-7532,2090.777777777778,2090.4444444444443
gte_multilingual_base_768d,en_gloss_unihan,ROOT-7533,1065.6,1593.2
gte_multilingual_base_768d,en_gloss_unihan,ROOT-7540,3319.25,3019.25
gte_multilingual_base_768d,en_gloss_unihan,ROOT-754F,1454.2,2060.2
gte_multilingual_base_768d,en_gloss_unihan,ROOT-7550,3257.0,3800.0
gte_multilingual_base_768d,en_gloss_unihan,ROOT-755C,1171.0,-631.6666666666666
gte_multilingual_base_768d,en_gloss_unihan,ROOT-755F,860.0,1190.5
gte_multilingual_base_768d,en_gloss_unihan,ROOT-7562,3674.3333333333335,4303.0
gte_multilingual_base_768d,en_gloss_unihan,ROOT-756B,1146.0,1150.5
gte_multilingual_base_768d,en_gloss_unihan,ROOT-7570,1113.5,1358.0
gte_multilingual_base_768d,en_gloss_unihan,ROOT-758B,2491.8571428571427,2346.4285714285716
gte_multilingual_base_768d,en_gloss_unihan,ROOT-7591,2421.1666666666665,3028.6666666666665
gte_multilingual_base_768d,en_gloss_unihan,ROOT-75BE,52.0,79.0
gte_multilingual_base_768d,en_gloss_unihan,ROOT-7678,2930.8,3051.0
gte_multilingual_base_768d,en_gloss_unihan,ROOT-7679,-219.0,-305.6666666666667
gte_multilingual_base_768d,en_gloss_unihan,ROOT-767D,2371.866666666667,2452.733333333333
gte_multilingual_base_768d,en_gloss_unihan,ROOT-7683,-1327.0,-756.0
gte_multilingual_base_768d,en_gloss_unihan,ROOT-7686,249.5,484.875
gte_multilingual_base_768d,en_gloss_unihan,ROOT-7687,3078.5714285714284,3413.0
gte_multilingual_base_768d,en_gloss_unihan,ROOT-7695,-2214.0,-642.0
gte_multilingual_base_768d,en_gloss_unihan,ROOT-76AE,1867.3333333333333,2356.777777777778
gte_multilingual_base_768d,en_gloss_unihan,ROOT-76BF,3046.3333333333335,2539.3333333333335
gte_multilingual_base_768d,en_gloss_unihan,ROOT-76CA,1753.5714285714287,1777.0
gte_multilingual_base_768d,en_gloss_unihan,ROOT-76CD,1559.0,3640.0
gte_multilingual_base_768d,en_gloss_unihan,ROOT-76E1,2639.75,3450.75
gte_multilingual_base_768d,en_gloss_unihan,ROOT-76E3,2439.5454545454545,2954.6363636363635
gte_multilingual_base_768d,en_gloss_unihan,ROOT-76F4,2191.0,2559.0
gte_multilingual_base_768d,en_gloss_unihan,ROOT-76F8,2208.4285714285716,2839.4285714285716
gte_multilingual_base_768d,en_gloss_unihan,ROOT-76FE,1268.5,1519.0
gte_multilingual_base_768d,en_gloss_unihan,ROOT-7707,18.5,-37.5
gte_multilingual_base_768d,en_gloss_unihan,ROOT-7709,2710.0,646.0
gte_multilingual_base_768d,en_gloss_unihan,ROOT-7714,603.0,759.0
gte_multilingual_base_768d,en_gloss_unihan,ROOT-771F,4033.0,4352.0
gte_multilingual_base_768d,en_gloss_unihan,ROOT-773E,908.0,814.0
gte_multilingual_base_768d,en_gloss_unihan,ROOT-776A,3280.8,1970.2
gte_multilingual_base_768d,en_gloss_unihan,ROOT-777F,1156.5,873.0
gte_multilingual_base_768d,en_gloss_unihan,ROOT-77DB,2079.5833333333335,2218.5
gte_multilingual_base_768d,en_gloss_unihan,ROOT-77DE,2008.6666666666667,2426.8888888888887
gte_multilingual_base_768d,en_gloss_unihan,ROOT-77E2,1879.6666666666667,2045.0
gte_multilingual_base_768d,en_gloss_unihan,ROOT-77F3,2208.4285714285716,2655.4285714285716
gte_multilingual_base_768d,en_gloss_unihan,ROOT-793A,-137.0,522.0
gte_multilingual_base_768d,en_gloss_unihan,ROOT-796D,1915.0,1910.6666666666667
gte_multilingual_base_768d,en_gloss_unihan,ROOT-79B9,2594.5,1844.0
gte_multilingual_base_768d,en_gloss_unihan,ROOT-79BA,2464.818181818182,2118.2727272727275
gte_multilingual_base_768d,en_gloss_unihan,ROOT-79BB,2479.7272727272725,2826.818181818182
gte_multilingual_base_768d,en_gloss_unihan,ROOT-79BE,1559.357142857143,1630.5714285714287
gte_multilingual_base_768d,en_gloss_unihan,ROOT-79C0,1863.0,2576.3333333333335
gte_multilingual_base_768d,en_gloss_unihan,ROOT-79CB,4041.8571428571427,4768.285714285715
gte_multilingual_base_768d,en_gloss_unihan,ROOT-79DD,-1.0,0.0
gte_multilingual_base_768d,en_gloss_unihan,ROOT-79E6,3509.6666666666665,1621.6666666666667
gte_multilingual_base_768d,en_gloss_unihan,ROOT-7ACB,3316.875,3981.25
gte_multilingual_base_768d,en_gloss_unihan,ROOT-7ADF,895.0,1258.0
gte_multilingual_base_768d,en_gloss_unihan,ROOT-7AE0,3694.777777777778,3416.5555555555557
gte_multilingual_base_768d,en_gloss_unihan,ROOT-7AE5,3610.818181818182,3321.181818181818
gte_multilingual_base_768d,en_gloss_unihan,ROOT-7AF9,-2595.0,-2494.0
gte_multilingual_base_768d,en_gloss_unihan,ROOT-7B6E,4320.5,4216.5
gte_multilingual_base_768d,en_gloss_unihan,ROOT-7B97,1567.0,2119.0
gte_multilingual_base_768d,en_gloss_unihan,ROOT-7C73,2128.6,1922.2
gte_multilingual_base_768d,en_gloss_unihan,ROOT-7CFB,3935.5,3054.5
gte_multilingual_base_768d,en_gloss_unihan,ROOT-7D2F,2352.6666666666665,3053.3333333333335
gte_multilingual_base_768d,en_gloss_unihan,ROOT-7D55,-141.0,-954.0
gte_multilingual_base_768d,en_gloss_unihan,ROOT-7DBF,0.0,-1.0
gte_multilingual_base_768d,en_gloss_unihan,ROOT-7E23,193.0,779.0
gte_multilingual_base_768d,en_gloss_unihan,ROOT-7F54,3032.0,2338.6666666666665
gte_multilingual_base_768d,en_gloss_unihan,ROOT-7F72,2053.0,3835.5
gte_multilingual_base_768d,en_gloss_unihan,ROOT-7F77,449.0,674.0
gte_multilingual_base_768d,en_gloss_unihan,ROOT-7F85,1922.6666666666667,967.3333333333334
gte_multilingual_base_768d,en_gloss_unihan,ROOT-7F8A,2517.4166666666665,2639.3333333333335
gte_multilingual_base_768d,en_gloss_unihan,ROOT-7F94,829.0,1047.0
gte_multilingual_base_768d,en_gloss_unihan,ROOT-7FA9,3049.875,2598.625
gte_multilingual_base_768d,en_gloss_unihan,ROOT-7FBD,593.0,450.0
gte_multilingual_base_768d,en_gloss_unihan,ROOT-7FCF,1853.6842105263158,2194.3684210526317
gte_multilingual_base_768d,en_gloss_unihan,ROOT-7FD2,3917.0,2916.0
gte_multilingual_base_768d,en_gloss_unihan,ROOT-7FDF,2152.25,2406.25
gte_multilingual_base_768d,en_gloss_unihan,ROOT-800C,2185.777777777778,2064.4444444444443
gte_multilingual_base_768d,en_gloss_unihan,ROOT-8011,2205.0,2093.875
gte_multilingual_base_768d,en_gloss_unihan,ROOT-8012,1768.0,2991.0
gte_multilingual_base_768d,en_gloss_unihan,ROOT-8024,-1562.0,-2197.0
gte_multilingual_base_768d,en_gloss_unihan,ROOT-8033,1730.6,2038.4
gte_multilingual_base_768d,en_gloss_unihan,ROOT-8034,3357.0,4127.0
gte_multilingual_base_768d,en_gloss_unihan,ROOT-8036,2710.0,3389.5
gte_multilingual_base_768d,en_gloss_unihan,ROOT-8056,4791.0,4285.5
gte_multilingual_base_768d,en_gloss_unihan,ROOT-8076,2098.285714285714,2340.4285714285716
gte_multilingual_base_768d,en_gloss_unihan,ROOT-807D,2572.0,2700.0
gte_multilingual_base_768d,en_gloss_unihan,ROOT-807F,1857.5454545454545,2264.2727272727275
gte_multilingual_base_768d,en_gloss_unihan,ROOT-8089,1879.5,4220.0
gte_multilingual_base_768d,en_gloss_unihan,ROOT-8099,2831.75,2766.5
gte_multilingual_base_768d,en_gloss_unihan,ROOT-80C3,3606.0,586.5
gte_multilingual_base_768d,en_gloss_unihan,ROOT-810A,3358.5,2708.5
gte_multilingual_base_768d,en_gloss_unihan,ROOT-81E4,1606.5,1660.5
gte_multilingual_base_768d,en_gloss_unihan,ROOT-81EA,772.0,889.3333333333334
gte_multilingual_base_768d,en_gloss_unihan,ROOT-81ED,3006.0,3490.5
gte_multilingual_base_768d,en_gloss_unihan,ROOT-81F3,1928.8,2325.733333333333
gte_multilingual_base_768d,en_gloss_unihan,ROOT-81FA,7578.0,5874.0
gte_multilingual_base_768d,en_gloss_unihan,ROOT-81FD,5560.0,6265.0
gte_multilingual_base_768d,en_gloss_unihan,ROOT-81FE,2952.3333333333335,3867.1666666666665
gte_multilingual_base_768d,en_gloss_unihan,ROOT-81FF,881.3333333333334,852.0
gte_multilingual_base_768d,en_gloss_unihan,ROOT-8200,2685.8333333333335,3236.5
gte_multilingual_base_768d,en_gloss_unihan,ROOT-8201,3812.4285714285716,3805.1428571428573
gte_multilingual_base_768d,en_gloss_unihan,ROOT-8202,2023.5,2400.0
gte_multilingual_base_768d,en_gloss_unihan,ROOT-8204,1371.6666666666667,1004.6666666666666
gte_multilingual_base_768d,en_gloss_unihan,ROOT-820C,461.0,1278.0
gte_multilingual_base_768d,en_gloss_unihan,ROOT-821C,4484.0,3101.0
gte_multilingual_base_768d,en_gloss_unihan,ROOT-821F,2806.6666666666665,1347.3333333333333
gte_multilingual_base_768d,en_gloss_unihan,ROOT-822C,2604.0,2644.4285714285716
gte_multilingual_base_768d,en_gloss_unihan,ROOT-826E,3754.0,3481.0
gte_multilingual_base_768d,en_gloss_unihan,ROOT-826F,2654.769230769231,2863.5384615384614
gte_multilingual_base_768d,en_gloss_unihan,ROOT-82BB,3009.5,3424.5
gte_multilingual_base_768d,en_gloss_unihan,ROOT-82D7,1572.6666666666667,2051.3333333333335
gte_multilingual_base_768d,en_gloss_unihan,ROOT-82E5,1368.5,2071.5
gte_multilingual_base_768d,en_gloss_unihan,ROOT-830D,425.4,484.4
gte_multilingual_base_768d,en_gloss_unihan,ROOT-8332,688.3333333333334,831.6666666666666
gte_multilingual_base_768d,en_gloss_unihan,ROOT-83AB,2787.5,3042.777777777778
gte_multilingual_base_768d,en_gloss_unihan,ROOT-83D0,39.0,2875.0
gte_multilingual_base_768d,en_gloss_unihan,ROOT-83EF,4215.0,2682.0
gte_multilingual_base_768d,en_gloss_unihan,ROOT-8408,1242.0,1394.0
gte_multilingual_base_768d,en_gloss_unihan,ROOT-842C,2106.714285714286,1973.4285714285713
gte_multilingual_base_768d,en_gloss_unihan,ROOT-8457,2330.0,2521.0
gte_multilingual_base_768d,en_gloss_unihan,ROOT-8499,3755.875,3237.0
gte_multilingual_base_768d,en_gloss_unihan,ROOT-8511,3581.75,3188.75
gte_multilingual_base_768d,en_gloss_unihan,ROOT-864D,1187.0,1341.0
gte_multilingual_base_768d,en_gloss_unihan,ROOT-864E,176.0,167.5
gte_multilingual_base_768d,en_gloss_unihan,ROOT-8650,2918.5,1192.5
gte_multilingual_base_768d,en_gloss_unihan,ROOT-865F,3562.0,3592.0
gte_multilingual_base_768d,en_gloss_unihan,ROOT-86A4,1320.6666666666667,1563.6666666666667
gte_multilingual_base_768d,en_gloss_unihan,ROOT-8700,2864.769230769231,2822.6923076923076
gte_multilingual_base_768d,en_gloss_unihan,ROOT-8806,51.0,61.0
gte_multilingual_base_768d,en_gloss_unihan,ROOT-8840,1988.6666666666667,1422.6666666666667
gte_multilingual_base_768d,en_gloss_unihan,ROOT-884C,1423.0,3303.0
gte_multilingual_base_768d,en_gloss_unihan,ROOT-884D,457.0,327.0
gte_multilingual_base_768d,en_gloss_unihan,ROOT-8863,2791.3333333333335,3711.6666666666665
gte_multilingual_base_768d,en_gloss_unihan,ROOT-8868,-249.0,-211.0
gte_multilingual_base_768d,en_gloss_unihan,ROOT-8870,1876.0,3964.6666666666665
gte_multilingual_base_768d,en_gloss_unihan,ROOT-8881,1043.1666666666667,1419.1666666666667
gte_multilingual_base_768d,en_gloss_unihan,ROOT-8944,2599.75,2973.3333333333335
gte_multilingual_base_768d,en_gloss_unihan,ROOT-897E,1832.3333333333333,2605.3333333333335
gte_multilingual_base_768d,en_gloss_unihan,ROOT-897F,2140.6666666666665,2836.0
gte_multilingual_base_768d,en_gloss_unihan,ROOT-8983,-108.5,-101.0
gte_multilingual_base_768d,en_gloss_unihan,ROOT-898B,3813.5,4323.625
gte_multilingual_base_768d,en_gloss_unihan,ROOT-898F,417.0,578.0
gte_multilingual_base_768d,en_gloss_unihan,ROOT-89AA,477.5,760.5
gte_multilingual_base_768d,en_gloss_unihan,ROOT-89BA,915.0,921.0
gte_multilingual_base_768d,en_gloss_unihan,ROOT-89D2,1185.6,857.8
gte_multilingual_base_768d,en_gloss_unihan,ROOT-89E3,2733.3333333333335,3414.0
gte_multilingual_base_768d,en_gloss_unihan,ROOT-8A79,1812.25,2510.1666666666665
gte_multilingual_base_768d,en_gloss_unihan,ROOT-8C37,1275.0666666666666,1732.7333333333333
gte_multilingual_base_768d,en_gloss_unihan,ROOT-8C46,3054.8823529411766,2879.4117647058824
gte_multilingual_base_768d,en_gloss_unihan,ROOT-8C48,2462.0,2560.3636363636365
gte_multilingual_base_768d,en_gloss_unihan,ROOT-8C50,4352.0,3174.0
gte_multilingual_base_768d,en_gloss_unihan,ROOT-8C5A,485.0,923.0
gte_multilingual_base_768d,en_gloss_unihan,ROOT-8C61,55.5,82.0
gte_multilingual_base_768d,en_gloss_unihan,ROOT-8C66,2618.9,3587.6
gte_multilingual_base_768d,en_gloss_unihan,ROOT-8C6A,481.0,614.0
gte_multilingual_base_768d,en_gloss_unihan,ROOT-8C9D,1536.0,1786.6666666666667
gte_multilingual_base_768d,en_gloss_unihan,ROOT-8C9E,1291.6,2498.6
gte_multilingual_base_768d,en_gloss_unihan,ROOT-8CAC,1370.0,1680.5714285714287
gte_multilingual_base_768d,en_gloss_unihan,ROOT-8CB4,3174.0,2276.75
gte_multilingual_base_768d,en_gloss_unihan,ROOT-8CCF,3472.8333333333335,3059.0
gte_multilingual_base_768d,en_gloss_unihan,ROOT-8CEA,4225.0,4471.0
gte_multilingual_base_768d,en_gloss_unihan,ROOT-8D0A,435.14285714285717,679.2857142857143
gte_multilingual_base_768d,en_gloss_unihan,ROOT-8D14,4.0,1.0
gte_multilingual_base_768d,en_gloss_unihan,ROOT-8D1B,2686.0,2943.0
gte_multilingual_base_768d,en_gloss_unihan,ROOT-8D64,176.0,46.0
gte_multilingual_base_768d,en_gloss_unihan,ROOT-8D66,3401.0,4990.0
gte_multilingual_base_768d,en_gloss_unihan,ROOT-8D6B,3280.0,3120.0
gte_multilingual_base_768d,en_gloss_unihan,ROOT-8D70,2134.0,805.0
gte_multilingual_base_768d,en_gloss_unihan,ROOT-8DB3,1800.25,2659.75
gte_multilingual_base_768d,en_gloss_unihan,ROOT-8ECD,1452.9333333333334,1628.6666666666667
gte_multilingual_base_768d,en_gloss_unihan,ROOT-8F26,411.0,1121.0
gte_multilingual_base_768d,en_gloss_unihan,ROOT-8F9B,908.25,1179.5
gte_multilingual_base_768d,en_gloss_unihan,ROOT-8F9F,2563.1875,2700.8125
gte_multilingual_base_768d,en_gloss_unihan,ROOT-8FB0,2055.7,1955.0
gte_multilingual_base_768d,en_gloss_unihan,ROOT-8FB1,2354.4285714285716,2183.5714285714284
gte_multilingual_base_768d,en_gloss_unihan,ROOT-8FB2,423.0,996.5
gte_multilingual_base_768d,en_gloss_unihan,ROOT-9000,1215.0,1113.0
gte_multilingual_base_768d,en_gloss_unihan,ROOT-9023,2988.8,3310.2
gte_multilingual_base_768d,en_gloss_unihan,ROOT-9054,895.0,1520.6666666666667
gte_multilingual_base_768d,en_gloss_unihan,ROOT-9069,1252.0,2181.0
gte_multilingual_base_768d,en_gloss_unihan,ROOT-9077,1240.0,1382.0
gte_multilingual_base_768d,en_gloss_unihan,ROOT-9091,4926.75,4930.25
gte_multilingual_base_768d,en_gloss_unihan,ROOT-9095,1300.3333333333333,927.3333333333334
gte_multilingual_base_768d,en_gloss_unihan,ROOT-90A3,1837.0,1011.0
gte_multilingual_base_768d,en_gloss_unihan,ROOT-90CE,4652.5,7188.0
gte_multilingual_base_768d,en_gloss_unihan,ROOT-90E8,-1107.0,-1594.0
gte_multilingual_base_768d,en_gloss_unihan,ROOT-90ED,21.5,62.0
gte_multilingual_base_768d,en_gloss_unihan,ROOT-9109,2091.5,1732.0
gte_multilingual_base_768d,en_gloss_unihan,ROOT-912D,2664.5,3240.0
gte_multilingual_base_768d,en_gloss_unihan,ROOT-9149,713.0,930.0
gte_multilingual_base_768d,en_gloss_unihan,ROOT-914B,1442.875,1957.125
gte_multilingual_base_768d,en_gloss_unihan,ROOT-91C1,4861.0,3001.0
gte_multilingual_base_768d,en_gloss_unihan,ROOT-91C6,1379.5238095238096,1401.4285714285713
gte_multilingual_base_768d,en_gloss_unihan,ROOT-91C7,983.0,1374.8
gte_multilingual_base_768d,en_gloss_unihan,ROOT-91CC,2002.8181818181818,2071.181818181818
gte_multilingual_base_768d,en_gloss_unihan,ROOT-91CF,73.0,42.0
gte_multilingual_base_768d,en_gloss_unihan,ROOT-9577,2607.5,2552.1
gte_multilingual_base_768d,en_gloss_unihan,ROOT-9580,1976.2857142857142,2063.4285714285716
gte_multilingual_base_768d,en_gloss_unihan,ROOT-958F,2173.0,3089.0
gte_multilingual_base_768d,en_gloss_unihan,ROOT-9591,2043.0,3022.0
gte_multilingual_base_768d,en_gloss_unihan,ROOT-9592,1994.0,1974.3333333333333
gte_multilingual_base_768d,en_gloss_unihan,ROOT-95B5,651.0,713.0
gte_multilingual_base_768d,en_gloss_unihan,ROOT-961C,99.0,1662.0
gte_multilingual_base_768d,en_gloss_unihan,ROOT-9673,1526.0,1184.0
gte_multilingual_base_768d,en_gloss_unihan,ROOT-9686,4313.5,3352.5
gte_multilingual_base_768d,en_gloss_unihan,ROOT-968B,1891.5,1704.5
gte_multilingual_base_768d,en_gloss_unihan,ROOT-96A8,2247.0,3259.0
gte_multilingual_base_768d,en_gloss_unihan,ROOT-96B9,1538.4285714285713,1607.857142857143
gte_multilingual_base_768d,en_gloss_unihan,ROOT-96BB,1133.0,1544.8
gte_multilingual_base_768d,en_gloss_unihan,ROOT-96BC,-1299.0,-1290.0
gte_multilingual_base_768d,en_gloss_unihan,ROOT-96CB,2589.6666666666665,2705.0
gte_multilingual_base_768d,en_gloss_unihan,ROOT-96CD,2285.0,2879.0
gte_multilingual_base_768d,en_gloss_unihan,ROOT-96DC,1098.0,884.0
gte_multilingual_base_768d,en_gloss_unihan,ROOT-96E3,1444.5,1845.75
gte_multilingual_base_768d,en_gloss_unihan,ROOT-96E9,3968.6666666666665,1786.3333333333333
gte_multilingual_base_768d,en_gloss_unihan,ROOT-96F7,4253.5,4402.0
gte_multilingual_base_768d,en_gloss_unihan,ROOT-9700,3559.4545454545455,3862.7272727272725
gte_multilingual_base_768d,en_gloss_unihan,ROOT-9752,1959.0625,1541.4375
gte_multilingual_base_768d,en_gloss_unihan,ROOT-975E,2777.190476190476,3228.4285714285716
gte_multilingual_base_768d,en_gloss_unihan,ROOT-9762,486.6666666666667,512.6666666666666
gte_multilingual_base_768d,en_gloss_unihan,ROOT-9808,0.0,0.0
gte_multilingual_base_768d,en_gloss_unihan,ROOT-983B,1569.0,2111.0
gte_multilingual_base_768d,en_gloss_unihan,ROOT-985B,2353.0,2029.0
gte_multilingual_base_768d,en_gloss_unihan,ROOT-9865,172.0,15.0
gte_multilingual_base_768d,en_gloss_unihan,ROOT-99AC,2567.25,2189.5
gte_multilingual_base_768d,en_gloss_unihan,ROOT-9AD8,2267.448275862069,1852.8275862068965
gte_multilingual_base_768d,en_gloss_unihan,ROOT-9B32,852.5,1005.25
gte_multilingual_base_768d,en_gloss_unihan,ROOT-9B3C,2316.6666666666665,2173.0
gte_multilingual_base_768d,en_gloss_unihan,ROOT-9B5A,-424.6666666666667,-367.3333333333333
gte_multilingual_base_768d,en_gloss_unihan,ROOT-9BAE,6642.5,4905.5
gte_multilingual_base_768d,en_gloss_unihan,ROOT-9CE5,1740.5,2395.5
gte_multilingual_base_768d,en_gloss_unihan,ROOT-9E75,-114.0,-62.0
gte_multilingual_base_768d,en_gloss_unihan,ROOT-9E7F,3444.75,4292.75
gte_multilingual_base_768d,en_gloss_unihan,ROOT-9E83,1147.0,695.75
gte_multilingual_base_768d,en_gloss_unihan,ROOT-9E97,2498.125,2591.375
gte_multilingual_base_768d,en_gloss_unihan,ROOT-9ED1,-41.0,-22.0
gte_multilingual_base_768d,en_gloss_unihan,ROOT-9EFD,4927.5,5566.0
gte_multilingual_base_768d,en_gloss_unihan,ROOT-9F13,1798.0,1451.0
gte_multilingual_base_768d,en_gloss_unihan,ROOT-9F4A,2777.7,2196.4
gte_multilingual_base_768d,en_gloss_unihan,ROOT-9F8D,1752.4285714285713,2192.785714285714
gte_multilingual_base_768d,en_gloss_unihan,ROOT-9FA0,2269.8,3371.8
gte_multilingual_base_768d,zh_char,ROOT-20000,-1097.2105263157894,377.5
gte_multilingual_base_768d,zh_char,ROOT-20086,153.125,604.125
gte_multilingual_base_768d,zh_char,ROOT-200A2,1098.0,337.5
gte_multilingual_base_768d,zh_char,ROOT-200A4,1770.0,1959.0
gte_multilingual_base_768d,zh_char,ROOT-2010C,-59.8,89.6
gte_multilingual_base_768d,zh_char,ROOT-2053E,246.2,2604.2
gte_multilingual_base_768d,zh_char,ROOT-20A7A,68.0,4722.0
gte_multilingual_base_768d,zh_char,ROOT-20CCB,633.0,985.0
gte_multilingual_base_768d,zh_char,ROOT-2123C,413.77777777777777,598.6111111111111
gte_multilingual_base_768d,zh_char,ROOT-219CD,-1152.8,474.4
gte_multilingual_base_768d,zh_char,ROOT-21C55,422.3333333333333,829.3333333333334
gte_multilingual_base_768d,zh_char,ROOT-21FE7,556.5,2410.25
gte_multilingual_base_768d,zh_char,ROOT-22398,243.0,-138.5
gte_multilingual_base_768d,zh_char,ROOT-2274A,112.0,1046.4
gte_multilingual_base_768d,zh_char,ROOT-2304B,-5648.0,20.0
gte_multilingual_base_768d,zh_char,ROOT-23386,-2460.5,-46.0
gte_multilingual_base_768d,zh_char,ROOT-233DF,168.44444444444446,-534.7777777777778
gte_multilingual_base_768d,zh_char,ROOT-2394F,28.958333333333332,775.6666666666666
gte_multilingual_base_768d,zh_char,ROOT-239BC,621.5,1328.5
gte_multilingual_base_768d,zh_char,ROOT-25055,415.5,147.0
gte_multilingual_base_768d,zh_char,ROOT-25762,11.0,19.0
gte_multilingual_base_768d,zh_char,ROOT-2634C,738.0,1391.5
gte_multilingual_base_768d,zh_char,ROOT-26B07,-5516.0,35.0
gte_multilingual_base_768d,zh_char,ROOT-271A3,-582.3571428571429,259.7857142857143
gte_multilingual_base_768d,zh_char,ROOT-27BAB,1050.0,1606.0
gte_multilingual_base_768d,zh_char,ROOT-342D,2151.6666666666665,178.0
gte_multilingual_base_768d,zh_char,ROOT-3431,69.0,190.0
gte_multilingual_base_768d,zh_char,ROOT-34B8,8.0,1290.7142857142858
gte_multilingual_base_768d,zh_char,ROOT-34BC,2026.0,0.0
gte_multilingual_base_768d,zh_char,ROOT-34DE,-859.5714285714286,678.1428571428571
gte_multilingual_base_768d,zh_char,ROOT-3563,-815.4666666666667,153.13333333333333
gte_multilingual_base_768d,zh_char,ROOT-37A2,366.0,310.88235294117646
gte_multilingual_base_768d,zh_char,ROOT-382F,625.3076923076923,990.7692307692307
gte_multilingual_base_768d,zh_char,ROOT-3840,-329.9,814.7
gte_multilingual_base_768d,zh_char,ROOT-39B0,157.4,439.5
gte_multilingual_base_768d,zh_char,ROOT-3E12,441.0,19.0
gte_multilingual_base_768d,zh_char,ROOT-4020,-823.8333333333334,215.0
gte_multilingual_base_768d,zh_char,ROOT-41C2,447.1,423.45
gte_multilingual_base_768d,zh_char,ROOT-4588,574.4,1770.0
gte_multilingual_base_768d,zh_char,ROOT-470C,501.0,736.0
gte_multilingual_base_768d,zh_char,ROOT-4E00,251.5,237.83333333333334
gte_multilingual_base_768d,zh_char,ROOT-4E01,461.1904761904762,453.57142857142856
gte_multilingual_base_768d,zh_char,ROOT-4E02,197.5,276.0
gte_multilingual_base_768d,zh_char,ROOT-4E03,-1714.5,1015.5
gte_multilingual_base_768d,zh_char,ROOT-4E08,51.0,163.0
gte_multilingual_base_768d,zh_char,ROOT-4E0B,194.0,1513.0
gte_multilingual_base_768d,zh_char,ROOT-4E0D,-217.35714285714286,889.1428571428571
gte_multilingual_base_768d,zh_char,ROOT-4E0F,-13.0,13.0
gte_multilingual_base_768d,zh_char,ROOT-4E11,249.625,38.25
gte_multilingual_base_768d,zh_char,ROOT-4E14,128.0,999.4827586206897
gte_multilingual_base_768d,zh_char,ROOT-4E16,806.1111111111111,1112.888888888889
gte_multilingual_base_768d,zh_char,ROOT-4E18,-5469.5,192.5
gte_multilingual_base_768d,zh_char,ROOT-4E19,886.0,991.6
gte_multilingual_base_768d,zh_char,ROOT-4E1E,150.0,301.5
gte_multilingual_base_768d,zh_char,ROOT-4E26,166.0,119.0
gte_multilingual_base_768d,zh_char,ROOT-4E29,1232.0,277.0
gte_multilingual_base_768d,zh_char,ROOT-4E2D,-441.8333333333333,926.5
gte_multilingual_base_768d,zh_char,ROOT-4E30,618.0,1314.7777777777778
gte_multilingual_base_768d,zh_char,ROOT-4E32,238.0,-5261.0
gte_multilingual_base_768d,zh_char,ROOT-4E36,-812.4285714285714,1155.0
gte_multilingual_base_768d,zh_char,ROOT-4E38,232.6,1547.8
gte_multilingual_base_768d,zh_char,ROOT-4E39,527.5,2220.5
gte_multilingual_base_768d,zh_char,ROOT-4E3F,270.90909090909093,1219.1818181818182
gte_multilingual_base_768d,zh_char,ROOT-4E42,284.0,294.6666666666667
gte_multilingual_base_768d,zh_char,ROOT-4E43,-1183.6666666666667,761.3333333333334
gte_multilingual_base_768d,zh_char,ROOT-4E45,-1148.3333333333333,926.3333333333334
gte_multilingual_base_768d,zh_char,ROOT-4E47,197.0,468.0
gte_multilingual_base_768d,zh_char,ROOT-4E4B,-5480.0,274.0
gte_multilingual_base_768d,zh_char,ROOT-4E4D,-231.22222222222223,814.3333333333334
gte_multilingual_base_768d,zh_char,ROOT-4E4E,-1341.0,65.0
gte_multilingual_base_768d,zh_char,ROOT-4E4F,-1428.4,621.4
gte_multilingual_base_768d,zh_char,ROOT-4E58,-2211.0,50.0
gte_multilingual_base_768d,zh_char,ROOT-4E59,-1029.5,349.0
gte_multilingual_base_768d,zh_char,ROOT-4E5D,577.3636363636364,796.5454545454545
gte_multilingual_base_768d,zh_char,ROOT-4E5E,829.0,269.0
gte_multilingual_base_768d,zh_char,ROOT-4E5F,1.2142857142857142,-95.28571428571429
gte_multilingual_base_768d,zh_char,ROOT-4E82,478.0,827.0
gte_multilingual_base_768d,zh_char,ROOT-4E88,-900.75,162.875
gte_multilingual_base_768d,zh_char,ROOT-4E8C,552.7142857142857,29.428571428571427
gte_multilingual_base_768d,zh_char,ROOT-4E8E,98.625,716.0
gte_multilingual_base_768d,zh_char,ROOT-4E8F,-2.875,336.375
gte_multilingual_base_768d,zh_char,ROOT-4E91,355.8888888888889,73.44444444444444
gte_multilingual_base_768d,zh_char,ROOT-4E92,1272.0,6.5
gte_multilingual_base_768d,zh_char,ROOT-4E94,-1630.875,535.375
gte_multilingual_base_768d,zh_char,ROOT-4E95,29.0,15.0
gte_multilingual_base_768d,zh_char,ROOT-4E9E,977.0,570.3333333333334
gte_multilingual_base_768d,zh_char,ROOT-4E9F,-2308.0,-78.5
gte_multilingual_base_768d,zh_char,ROOT-4EA1,1369.142857142857,1254.2857142857142
gte_multilingual_base_768d,zh_char,ROOT-4EA2,396.8,1598.3333333333333
gte_multilingual_base_768d,zh_char,ROOT-4EA4,622.0,88.57142857142857
gte_multilingual_base_768d,zh_char,ROOT-4EA5,423.2352941176471,431.2352941176471
gte_multilingual_base_768d,zh_char,ROOT-4EAC,-160.0,741.0909090909091
gte_multilingual_base_768d,zh_char,ROOT-4EAE,520.0,0.0
gte_multilingual_base_768d,zh_char,ROOT-4EBA,-1720.6666666666667,223.66666666666666
gte_multilingual_base_768d,zh_char,ROOT-4EC1,-5598.0,93.0
gte_multilingual_base_768d,zh_char,ROOT-4EC4,311.0,276.0
gte_multilingual_base_768d,zh_char,ROOT-4ECA,184.89743589743588,286.0
gte_multilingual_base_768d,zh_char,ROOT-4ECB,567.0,1092.7142857142858
gte_multilingual_base_768d,zh_char,ROOT-4EE4,1.5263157894736843,187.10526315789474
gte_multilingual_base_768d,zh_char,ROOT-4EE5,-1928.5,555.5
gte_multilingual_base_768d,zh_char,ROOT-4F0F,478.0,-890.5
gte_multilingual_base_768d,zh_char,ROOT-4F10,251.0,-110.33333333333333
gte_multilingual_base_768d,zh_char,ROOT-4F11,1778.3333333333333,-623.0
gte_multilingual_base_768d,zh_char,ROOT-4F59,-226.68421052631578,325.3157894736842
gte_multilingual_base_768d,zh_char,ROOT-4F86,-653.6666666666666,326.1666666666667
gte_multilingual_base_768d,zh_char,ROOT-4F8C,1.0,2.0
gte_multilingual_base_768d,zh_char,ROOT-4F96,-735.0,202.2
gte_multilingual_base_768d,zh_char,ROOT-4FAF,1378.5,2715.0
gte_multilingual_base_768d,zh_char,ROOT-4FDD,-5498.0,69.0
gte_multilingual_base_768d,zh_char,ROOT-5009,-1131.7692307692307,807.2307692307693
gte_multilingual_base_768d,zh_char,ROOT-501D,0.0,0.0
gte_multilingual_base_768d,zh_char,ROOT-50C9,502.9,471.65
gte_multilingual_base_768d,zh_char,ROOT-5140,-136.0,4223.0
gte_multilingual_base_768d,zh_char,ROOT-5143,-359.5263157894737,526.2631578947369
gte_multilingual_base_768d,zh_char,ROOT-5144,48.333333333333336,-293.0
gte_multilingual_base_768d,zh_char,ROOT-5145,943.0,869.5
gte_multilingual_base_768d,zh_char,ROOT-5146,289.9047619047619,998.1904761904761
gte_multilingual_base_768d,zh_char,ROOT-5148,672.75,369.875
gte_multilingual_base_768d,zh_char,ROOT-5149,445.125,536.75
gte_multilingual_base_768d,zh_char,ROOT-514B,0.0,0.0
gte_multilingual_base_768d,zh_char,ROOT-514D,1114.8181818181818,702.5454545454545
gte_multilingual_base_768d,zh_char,ROOT-5152,573.4615384615385,2203.153846153846
gte_multilingual_base_768d,zh_char,ROOT-5153,0.0,0.0
gte_multilingual_base_768d,zh_char,ROOT-5154,605.0,-2804.5
gte_multilingual_base_768d,zh_char,ROOT-5165,-880.5,920.0
gte_multilingual_base_768d,zh_char,ROOT-5168,369.7,287.8
gte_multilingual_base_768d,zh_char,ROOT-5169,-884.0,124.5
gte_multilingual_base_768d,zh_char,ROOT-516A,0.0,-1.0
gte_multilingual_base_768d,zh_char,ROOT-516B,682.0,2084.5
gte_multilingual_base_768d,zh_char,ROOT-516C,45.5,1326.25
gte_multilingual_base_768d,zh_char,ROOT-516E,736.0,184.0
gte_multilingual_base_768d,zh_char,ROOT-5171,263.2,1262.2
gte_multilingual_base_768d,zh_char,ROOT-5176,-21.291666666666668,-142.83333333333334
gte_multilingual_base_768d,zh_char,ROOT-5177,43.0,1078.0
gte_multilingual_base_768d,zh_char,ROOT-5178,448.0,422.0
gte_multilingual_base_768d,zh_char,ROOT-517C,967.1578947368421,959.8421052631579
gte_multilingual_base_768d,zh_char,ROOT-5180,-5451.0,178.0
gte_multilingual_base_768d,zh_char,ROOT-5183,979.2,772.4
gte_multilingual_base_768d,zh_char,ROOT-5189,169.0,-2369.0
gte_multilingual_base_768d,zh_char,ROOT-518A,1766.5,1749.0
gte_multilingual_base_768d,zh_char,ROOT-518E,691.1,1077.6
gte_multilingual_base_768d,zh_char,ROOT-518F,-600.0,-6426.0
gte_multilingual_base_768d,zh_char,ROOT-5193,503.6363636363636,1011.1818181818181
gte_multilingual_base_768d,zh_char,ROOT-5198,265.9,671.1
gte_multilingual_base_768d,zh_char,ROOT-51A2,-2.0,0.0
gte_multilingual_base_768d,zh_char,ROOT-51A5,111.36363636363636,651.9090909090909
gte_multilingual_base_768d,zh_char,ROOT-51AB,-1314.0,-273.0
gte_multilingual_base_768d,zh_char,ROOT-51E0,654.8333333333334,1269.6666666666667
gte_multilingual_base_768d,zh_char,ROOT-51E1,-652.0909090909091,1294.1818181818182
gte_multilingual_base_768d,zh_char,ROOT-51F6,1556.3333333333333,1995.0
gte_multilingual_base_768d,zh_char,ROOT-51FA,-407.875,524.625
gte_multilingual_base_768d,zh_char,ROOT-51FD,-5548.0,50.0
gte_multilingual_base_768d,zh_char,ROOT-5200,291.61538461538464,892.9230769230769
gte_multilingual_base_768d,zh_char,ROOT-5203,-346.6666666666667,-645.8888888888889
gte_multilingual_base_768d,zh_char,ROOT-5206,891.1739130434783,1058.5652173913043
gte_multilingual_base_768d,zh_char,ROOT-5211,-4.0,-31.5
gte_multilingual_base_768d,zh_char,ROOT-5217,687.0,0.0
gte_multilingual_base_768d,zh_char,ROOT-5225,-204.0,-263.0
gte_multilingual_base_768d,zh_char,ROOT-5229,1354.0,1270.0
gte_multilingual_base_768d,zh_char,ROOT-5236,-5515.0,104.0
gte_multilingual_base_768d,zh_char,ROOT-5247,896.6666666666666,504.6666666666667
gte_multilingual_base_768d,zh_char,ROOT-524D,1063.5,1370.5
gte_multilingual_base_768d,zh_char,ROOT-529B,20.9,580.45
gte_multilingual_base_768d,zh_char,ROOT-52A6,418.0,388.3333333333333
gte_multilingual_base_768d,zh_char,ROOT-52DE,-1720.0,1246.5
gte_multilingual_base_768d,zh_char,ROOT-52F9,805.6666666666666,681.375
gte_multilingual_base_768d,zh_char,ROOT-52FA,409.3529411764706,930.3529411764706
gte_multilingual_base_768d,zh_char,ROOT-52FB,-383.8,25.8
gte_multilingual_base_768d,zh_char,ROOT-52FF,-793.0,368.44444444444446
gte_multilingual_base_768d,zh_char,ROOT-5303,115.34615384615384,332.4230769230769
gte_multilingual_base_768d,zh_char,ROOT-5305,327.3333333333333,802.9444444444445
gte_multilingual_base_768d,zh_char,ROOT-530A,543.4285714285714,505.2857142857143
gte_multilingual_base_768d,zh_char,ROOT-5315,239.56410256410257,812.5641025641025
gte_multilingual_base_768d,zh_char,ROOT-5317,-3097.5,145.5
gte_multilingual_base_768d,zh_char,ROOT-5321,1201.0,1373.6666666666667
gte_multilingual_base_768d,zh_char,ROOT-5340,-78.94117647058823,330.8235294117647
gte_multilingual_base_768d,zh_char,ROOT-5341,-444.6666666666667,1543.0
gte_multilingual_base_768d,zh_char,ROOT-5347,0.0,0.0
gte_multilingual_base_768d,zh_char,ROOT-5348,-706.25,822.75
gte_multilingual_base_768d,zh_char,ROOT-5349,1615.7142857142858,1057.857142857143
gte_multilingual_base_768d,zh_char,ROOT-534A,-1852.125,429.125
gte_multilingual_base_768d,zh_char,ROOT-5351,222.29166666666666,1018.4166666666666
gte_multilingual_base_768d,zh_char,ROOT-5352,-407.6111111111111,-235.55555555555554
gte_multilingual_base_768d,zh_char,ROOT-5353,-968.5,390.25
gte_multilingual_base_768d,zh_char,ROOT-5357,859.0,1367.3333333333333
gte_multilingual_base_768d,zh_char,ROOT-535C,11.25,306.0
gte_multilingual_base_768d,zh_char,ROOT-535E,742.0,-205.0
gte_multilingual_base_768d,zh_char,ROOT-5360,-356.2857142857143,717.7619047619048
gte_multilingual_base_768d,zh_char,ROOT-536C,130.0,298.0
gte_multilingual_base_768d,zh_char,ROOT-5371,711.5555555555555,1661.3333333333333
gte_multilingual_base_768d,zh_char,ROOT-5373,-2219.0,466.5
gte_multilingual_base_768d,zh_char,ROOT-5377,245.71428571428572,1288.7142857142858
gte_multilingual_base_768d,zh_char,ROOT-5378,-1191.75,101.75
gte_multilingual_base_768d,zh_char,ROOT-5384,41.333333333333336,3619.3333333333335
gte_multilingual_base_768d,zh_char,ROOT-539F,490.7142857142857,1288.7142857142858
gte_multilingual_base_768d,zh_char,ROOT-53B6,-463.52941176470586,71.82352941176471
gte_multilingual_base_768d,zh_char,ROOT-53B7,256.0,-4.0
gte_multilingual_base_768d,zh_char,ROOT-53BB,606.1428571428571,1535.0
gte_multilingual_base_768d,zh_char,ROOT-53C3,510.5,156.0
gte_multilingual_base_768d,zh_char,ROOT-53C8,1010.5,747.5454545454545
gte_multilingual_base_768d,zh_char,ROOT-53C9,-2709.5,-16.0
gte_multilingual_base_768d,zh_char,ROOT-53CA,-323.6666666666667,293.25
gte_multilingual_base_768d,zh_char,ROOT-53CD,588.625,-247.375
gte_multilingual_base_768d,zh_char,ROOT-53D6,476.53846153846155,995.9230769230769
gte_multilingual_base_768d,zh_char,ROOT-53D7,168.0,456.5
gte_multilingual_base_768d,zh_char,ROOT-53E3,581.25,1787.25
gte_multilingual_base_768d,zh_char,ROOT-53E4,-966.939393939394,984.2424242424242
gte_multilingual_base_768d,zh_char,ROOT-53EA,733.4,1250.4
gte_multilingual_base_768d,zh_char,ROOT-53F2,858.0,1733.0
gte_multilingual_base_768d,zh_char,ROOT-53F8,-1676.6,646.6
gte_multilingual_base_768d,zh_char,ROOT-5404,25.75,1057.8333333333333
gte_multilingual_base_768d,zh_char,ROOT-5405,322.0,622.5625
gte_multilingual_base_768d,zh_char,ROOT-5408,286.6666666666667,864.4545454545455
gte_multilingual_base_768d,zh_char,ROOT-5409,536.8947368421053,1348.842105263158
gte_multilingual_base_768d,zh_char,ROOT-540C,464.4,1347.9
gte_multilingual_base_768d,zh_char,ROOT-540D,-5400.75,177.0
gte_multilingual_base_768d,zh_char,ROOT-540E,86.0,609.2857142857143
gte_multilingual_base_768d,zh_char,ROOT-5411,2862.0,2771.0
gte_multilingual_base_768d,zh_char,ROOT-5433,134.57142857142858,1041.4285714285713
gte_multilingual_base_768d,zh_char,ROOT-5442,-1922.6,893.8
gte_multilingual_base_768d,zh_char,ROOT-544A,-51.90909090909091,289.0
gte_multilingual_base_768d,zh_char,ROOT-5468,946.8888888888889,624.0
gte_multilingual_base_768d,zh_char,ROOT-548E,785.8333333333334,2887.0
gte_multilingual_base_768d,zh_char,ROOT-54A2,261.875,363.5
gte_multilingual_base_768d,zh_char,ROOT-54B8,-220.76923076923077,1039.1538461538462
gte_multilingual_base_768d,zh_char,ROOT-54C1,1236.0,0.0
gte_multilingual_base_768d,zh_char,ROOT-54E1,659.5555555555555,793.1111111111111
gte_multilingual_base_768d,zh_char,ROOT-54E5,-2761.5,22.5
gte_multilingual_base_768d,zh_char,ROOT-5584,-2745.6666666666665,93.33333333333333
gte_multilingual_base_768d,zh_char,ROOT-55AE,1041.8695652173913,578.8260869565217
gte_multilingual_base_768d,zh_char,ROOT-55BF,264.06666666666666,456.1333333333333
gte_multilingual_base_768d,zh_char,ROOT-55C7,1396.5,672.0
gte_multilingual_base_768d,zh_char,ROOT-56B4,-2104.5,891.0
gte_multilingual_base_768d,zh_char,ROOT-56D7,-670.5454545454545,1299.8181818181818
gte_multilingual_base_768d,zh_char,ROOT-56DA,314.0,-19.0
gte_multilingual_base_768d,zh_char,ROOT-56DB,639.5,-23.75
gte_multilingual_base_768d,zh_char,ROOT-56DE,-572.5,-258.25
gte_multilingual_base_768d,zh_char,ROOT-56E0,-686.5,544.8333333333334
gte_multilingual_base_768d,zh_char,ROOT-56F0,384.0,2.0
gte_multilingual_base_768d,zh_char,ROOT-56F7,404.5,218.5
gte_multilingual_base_768d,zh_char,ROOT-56FA,-225.57142857142858,478.7142857142857
gte_multilingual_base_768d,zh_char,ROOT-5702,-6.5,0.0
gte_multilingual_base_768d,zh_char,ROOT-571F,21.5,174.5
gte_multilingual_base_768d,zh_char,ROOT-5725,-150.25,-105.25
gte_multilingual_base_768d,zh_char,ROOT-572D,729.8214285714286,768.4285714285714
gte_multilingual_base_768d,zh_char,ROOT-5750,736.0,1304.25
gte_multilingual_base_768d,zh_char,ROOT-5782,631.5,-132.5
gte_multilingual_base_768d,zh_char,ROOT-5794,-4.0,19.0
gte_multilingual_base_768d,zh_char,ROOT-57F6,220.75,175.25
gte_multilingual_base_768d,zh_char,ROOT-57F7,1050.75,-964.25
gte_multilingual_base_768d,zh_char,ROOT-5807,-347.8888888888889,1101.4444444444443
gte_multilingual_base_768d,zh_char,ROOT-582F,232.56521739130434,377.1304347826087
gte_multilingual_base_768d,zh_char,ROOT-58EB,-691.5,949.25
gte_multilingual_base_768d,zh_char,ROOT-58EC,-576.75,415.5
gte_multilingual_base_768d,zh_char,ROOT-58F4,-948.6666666666666,164.16666666666666
gte_multilingual_base_768d,zh_char,ROOT-58F9,704.2,1690.6
gte_multilingual_base_768d,zh_char,ROOT-58FD,-1735.0,112.0
gte_multilingual_base_768d,zh_char,ROOT-5903,-2646.0,526.5
gte_multilingual_base_768d,zh_char,ROOT-590B,1655.0,0.0
gte_multilingual_base_768d,zh_char,ROOT-590C,220.125,613.0
gte_multilingual_base_768d,zh_char,ROOT-590D,1349.5,1916.0
gte_multilingual_base_768d,zh_char,ROOT-590F,908.3333333333334,953.3333333333334
gte_multilingual_base_768d,zh_char,ROOT-5915,-2413.5,19.5
gte_multilingual_base_768d,zh_char,ROOT-5917,84.61538461538461,618.6923076923077
gte_multilingual_base_768d,zh_char,ROOT-591A,564.4615384615385,34.0
gte_multilingual_base_768d,zh_char,ROOT-591C,1208.6666666666667,1391.6666666666667
gte_multilingual_base_768d,zh_char,ROOT-5922,36.0,123.0
gte_multilingual_base_768d,zh_char,ROOT-5927,358.1666666666667,1340.1666666666667
gte_multilingual_base_768d,zh_char,ROOT-5929,-13.25,2902.75
gte_multilingual_base_768d,zh_char,ROOT-592A,644.0,883.0
gte_multilingual_base_768d,zh_char,ROOT-592B,416.8888888888889,353.77777777777777
gte_multilingual_base_768d,zh_char,ROOT-592C,-28.666666666666668,461.1666666666667
gte_multilingual_base_768d,zh_char,ROOT-592D,441.0,473.5
gte_multilingual_base_768d,zh_char,ROOT-592E,135.69230769230768,580.1538461538462
gte_multilingual_base_768d,zh_char,ROOT-5932,209.0,232.5
gte_multilingual_base_768d,zh_char,ROOT-5937,586.5,874.1666666666666
gte_multilingual_base_768d,zh_char,ROOT-593E,-200.92857142857142,796.3571428571429
gte_multilingual_base_768d,zh_char,ROOT-5944,157.875,2299.875
gte_multilingual_base_768d,zh_char,ROOT-5948,778.0,586.0
gte_multilingual_base_768d,zh_char,ROOT-5949,1423.6666666666667,94.5
gte_multilingual_base_768d,zh_char,ROOT-594F,384.0,1994.5
gte_multilingual_base_768d,zh_char,ROOT-5950,-2061.25,662.5
gte_multilingual_base_768d,zh_char,ROOT-595A,28.75,2541.125
gte_multilingual_base_768d,zh_char,ROOT-5967,-58.166666666666664,238.83333333333334
gte_multilingual_base_768d,zh_char,ROOT-5973,398.95454545454544,287.45454545454544
gte_multilingual_base_768d,zh_char,ROOT-599F,50.75,228.5
gte_multilingual_base_768d,zh_char,ROOT-59A5,245.25,351.75
gte_multilingual_base_768d,zh_char,ROOT-59BB,740.5,546.5
gte_multilingual_base_768d,zh_char,ROOT-59BE,1339.8,183.2
gte_multilingual_base_768d,zh_char,ROOT-59E6,749.0,12.0
gte_multilingual_base_768d,zh_char,ROOT-5A41,-959.4117647058823,441.2352941176471
gte_multilingual_base_768d,zh_char,ROOT-5B50,191.71428571428572,1186.2857142857142
gte_multilingual_base_768d,zh_char,ROOT-5B54,1867.0,2857.0
gte_multilingual_base_768d,zh_char,ROOT-5B58,538.3333333333334,-424.0
gte_multilingual_base_768d,zh_char,ROOT-5B5A,319.0,1205.1666666666667
gte_multilingual_base_768d,zh_char,ROOT-5B5B,102.0,1127.75
gte_multilingual_base_768d,zh_char,ROOT-5B5D,-1493.0,1474.0
gte_multilingual_base_768d,zh_char,ROOT-5B63,1926.0,2209.0
gte_multilingual_base_768d,zh_char,ROOT-5B68,621.0,3218.0
gte_multilingual_base_768d,zh_char,ROOT-5B6B,-2669.5,129.5
gte_multilingual_base_768d,zh_char,ROOT-5B81,591.6666666666666,446.3333333333333
gte_multilingual_base_768d,zh_char,ROOT-5B83,739.5454545454545,-1180.8181818181818
gte_multilingual_base_768d,zh_char,ROOT-5B88,-5537.0,118.0
gte_multilingual_base_768d,zh_char,ROOT-5B89,488.6666666666667,573.5
gte_multilingual_base_768d,zh_char,ROOT-5B97,-2261.75,688.25
gte_multilingual_base_768d,zh_char,ROOT-5B98,-1032.7272727272727,231.0909090909091
gte_multilingual_base_768d,zh_char,ROOT-5B9A,-585.25,1426.5
gte_multilingual_base_768d,zh_char,ROOT-5B9C,-5529.0,30.0
gte_multilingual_base_768d,zh_char,ROOT-5BA3,-1866.8,89.6
gte_multilingual_base_768d,zh_char,ROOT-5BB3,-79.4,-808.4
gte_multilingual_base_768d,zh_char,ROOT-5BB6,233.66666666666666,196.66666666666666
gte_multilingual_base_768d,zh_char,ROOT-5BBF,567.3333333333334,1081.6666666666667
gte_multilingual_base_768d,zh_char,ROOT-5BC5,177.6,1397.2
gte_multilingual_base_768d,zh_char,ROOT-5BC7,29.0,270.0
gte_multilingual_base_768d,zh_char,ROOT-5BCD,-1115.0,912.3333333333334
gte_multilingual_base_768d,zh_char,ROOT-5BD2,444.5,125.5
gte_multilingual_base_768d,zh_char,ROOT-5BF8,-891.6,174.0
gte_multilingual_base_768d,zh_char,ROOT-5C01,384.0,877.0
gte_multilingual_base_768d,zh_char,ROOT-5C07,-1151.2,196.2
gte_multilingual_base_768d,zh_char,ROOT-5C08,403.26666666666665,357.6
gte_multilingual_base_768d,zh_char,ROOT-5C09,-231.4,1543.8
gte_multilingual_base_768d,zh_char,ROOT-5C0A,612.3333333333334,235.77777777777777
gte_multilingual_base_768d,zh_char,ROOT-5C0B,2015.6666666666667,716.6666666666666
gte_multilingual_base_768d,zh_char,ROOT-5C0C,202.33333333333334,1059.3333333333333
gte_multilingual_base_768d,zh_char,ROOT-5C0D,-2093.5,486.0
gte_multilingual_base_768d,zh_char,ROOT-5C0F,129.54166666666666,565.2916666666666
gte_multilingual_base_768d,zh_char,ROOT-5C17,368.53846153846155,37.53846153846154
gte_multilingual_base_768d,zh_char,ROOT-5C1A,54.370370370370374,942.074074074074
gte_multilingual_base_768d,zh_char,ROOT-5C28,-10.5,14.25
gte_multilingual_base_768d,zh_char,ROOT-5C39,1065.7,808.7
gte_multilingual_base_768d,zh_char,ROOT-5C3E,187.0,481.0
gte_multilingual_base_768d,zh_char,ROOT-5C40,481.0,126.5
gte_multilingual_base_768d,zh_char,ROOT-5C48,794.6666666666666,1782.0
gte_multilingual_base_768d,zh_char,ROOT-5C4B,649.5,1773.5
gte_multilingual_base_768d,zh_char,ROOT-5C55,471.5,-2131.5
gte_multilingual_base_768d,zh_char,ROOT-5C6F,-902.1,133.7
gte_multilingual_base_768d,zh_char,ROOT-5C70,807.0,151.8
gte_multilingual_base_768d,zh_char,ROOT-5C71,677.25,1022.75
gte_multilingual_base_768d,zh_char,ROOT-5CA1,-634.0,354.5
gte_multilingual_base_768d,zh_char,ROOT-5CF6,1588.0,2494.0
gte_multilingual_base_768d,zh_char,ROOT-5D52,2596.0,484.0
gte_multilingual_base_768d,zh_char,ROOT-5DC2,143.57142857142858,322.7142857142857
gte_multilingual_base_768d,zh_char,ROOT-5DDD,449.8,-618.2
gte_multilingual_base_768d,zh_char,ROOT-5DDE,-137.66666666666666,-222.33333333333334
gte_multilingual_base_768d,zh_char,ROOT-5DDF,-2984.5,165.5
gte_multilingual_base_768d,zh_char,ROOT-5DE2,143.5,4468.25
gte_multilingual_base_768d,zh_char,ROOT-5DE5,357.82758620689657,619.6551724137931
gte_multilingual_base_768d,zh_char,ROOT-5DE6,-5892.0,-66.0
gte_multilingual_base_768d,zh_char,ROOT-5DE8,747.1818181818181,658.0
gte_multilingual_base_768d,zh_char,ROOT-5DEB,965.0,369.0
gte_multilingual_base_768d,zh_char,ROOT-5DEE,614.6666666666666,407.3333333333333
gte_multilingual_base_768d,zh_char,ROOT-5DF1,-566.7857142857143,111.21428571428571
gte_multilingual_base_768d,zh_char,ROOT-5DF3,-2271.5,67.25
gte_multilingual_base_768d,zh_char,ROOT-5DF4,-28.0,393.84615384615387
gte_multilingual_base_768d,zh_char,ROOT-5DFF,2110.5,3913.0
gte_multilingual_base_768d,zh_char,ROOT-5E00,1223.5,1411.5
gte_multilingual_base_768d,zh_char,ROOT-5E0C,-841.9,603.2
gte_multilingual_base_768d,zh_char,ROOT-5E1A,792.5,922.5
gte_multilingual_base_768d,zh_char,ROOT-5E1D,-749.5714285714286,1117.0
gte_multilingual_base_768d,zh_char,ROOT-5E2D,1.0,0.0
gte_multilingual_base_768d,zh_char,ROOT-5E36,419.3333333333333,1323.0
gte_multilingual_base_768d,zh_char,ROOT-5E72,2.4814814814814814,463.81481481481484
gte_multilingual_base_768d,zh_char,ROOT-5E73,-210.55555555555554,109.44444444444444
gte_multilingual_base_768d,zh_char,ROOT-5E75,301.6666666666667,2324.0
gte_multilingual_base_768d,zh_char,ROOT-5E78,379.0,-1464.6666666666667
gte_multilingual_base_768d,zh_char,ROOT-5E79,832.0,15.0
gte_multilingual_base_768d,zh_char,ROOT-5E7A,550.3333333333334,-29.333333333333332
gte_multilingual_base_768d,zh_char,ROOT-5E9A,-3633.25,867.5
gte_multilingual_base_768d,zh_char,ROOT-5EB6,30.428571428571427,550.5714285714286
gte_multilingual_base_768d,zh_char,ROOT-5EB7,-3328.3333333333335,42.0
gte_multilingual_base_768d,zh_char,ROOT-5EDB,680.0,1512.5
gte_multilingual_base_768d,zh_char,ROOT-5EFA,-63.833333333333336,1111.6666666666667
gte_multilingual_base_768d,zh_char,ROOT-5F01,823.0,1891.5
gte_multilingual_base_768d,zh_char,ROOT-5F04,823.5,-7.0
gte_multilingual_base_768d,zh_char,ROOT-5F0B,-151.86666666666667,715.0666666666667
gte_multilingual_base_768d,zh_char,ROOT-5F0D,305.5,451.5
gte_multilingual_base_768d,zh_char,ROOT-5F13,268.0,321.5
gte_multilingual_base_768d,zh_char,ROOT-5F14,45.0,0.0
gte_multilingual_base_768d,zh_char,ROOT-5F15,1540.6,792.4
gte_multilingual_base_768d,zh_char,ROOT-5F17,-203.15384615384616,168.92307692307693
gte_multilingual_base_768d,zh_char,ROOT-5F1F,838.4545454545455,1229.1818181818182
gte_multilingual_base_768d,zh_char,ROOT-5F31,778.5,531.5
gte_multilingual_base_768d,zh_char,ROOT-5F54,177.0,455.77777777777777
gte_multilingual_base_768d,zh_char,ROOT-5F56,-63.666666666666664,134.33333333333334
gte_multilingual_base_768d,zh_char,ROOT-5F57,34.2,695.6
gte_multilingual_base_768d,zh_char,ROOT-5F6A,132.0,0.0
gte_multilingual_base_768d,zh_char,ROOT-5F6D,22.5,37.0
gte_multilingual_base_768d,zh_char,ROOT-5F80,1414.0,-4.0
gte_multilingual_base_768d,zh_char,ROOT-5F99,314.0,722.0
gte_multilingual_base_768d,zh_char,ROOT-5F9E,721.625,672.875
gte_multilingual_base_768d,zh_char,ROOT-5FA9,2849.0,-15.0
gte_multilingual_base_768d,zh_char,ROOT-5FB9,751.0,896.0
gte_multilingual_base_768d,zh_char,ROOT-5FC3,-2722.5,108.5
gte_multilingual_base_768d,zh_char,ROOT-5FC5,241.23529411764707,172.64705882352942
gte_multilingual_base_768d,zh_char,ROOT-601D,770.8,-478.8
gte_multilingual_base_768d,zh_char,ROOT-6046,283.0,852.0
gte_multilingual_base_768d,zh_char,ROOT-606F,-1647.6666666666667,815.0
gte_multilingual_base_768d,zh_char,ROOT-60E0,-1090.3333333333333,366.6666666666667
gte_multilingual_base_768d,zh_char,ROOT-60E2,320.0,1453.0
gte_multilingual_base_768d,zh_char,ROOT-610F,-563.2,76.8
gte_multilingual_base_768d,zh_char,ROOT-611B,-2031.0,127.0
gte_multilingual_base_768d,zh_char,ROOT-61B2,1224.0,-15.0
gte_multilingual_base_768d,zh_char,ROOT-6208,101.0,363.0
gte_multilingual_base_768d,zh_char,ROOT-620A,-5643.0,-17.0
gte_multilingual_base_768d,zh_char,ROOT-620D,65.75,795.375
gte_multilingual_base_768d,zh_char,ROOT-620E,657.0,539.0
gte_multilingual_base_768d,zh_char,ROOT-6211,-288.77777777777777,1668.5555555555557
gte_multilingual_base_768d,zh_char,ROOT-6212,-2189.5,18.25
gte_multilingual_base_768d,zh_char,ROOT-6214,630.4666666666667,983.0666666666667
gte_multilingual_base_768d,zh_char,ROOT-6216,505.9166666666667,698.4166666666666
gte_multilingual_base_768d,zh_char,ROOT-6236,-2512.2,-453.8
gte_multilingual_base_768d,zh_char,ROOT-6241,692.9333333333333,1463.1333333333334
gte_multilingual_base_768d,zh_char,ROOT-6247,250.0,304.0
gte_multilingual_base_768d,zh_char,ROOT-624B,-141.0,-106.28571428571429
gte_multilingual_base_768d,zh_char,ROOT-624D,-57.0,1406.0
gte_multilingual_base_768d,zh_char,ROOT-6298,-85.75,-166.0
gte_multilingual_base_768d,zh_char,ROOT-62DC,289.0,119.0
gte_multilingual_base_768d,zh_char,ROOT-652F,-590.1428571428571,1107.0
gte_multilingual_base_768d,zh_char,ROOT-6538,-644.8666666666667,633.0666666666667
gte_multilingual_base_768d,zh_char,ROOT-6544,1745.0,1362.6666666666667
gte_multilingual_base_768d,zh_char,ROOT-6556,-1448.25,221.5
gte_multilingual_base_768d,zh_char,ROOT-6558,2494.0,13.0
gte_multilingual_base_768d,zh_char,ROOT-6562,996.5,1180.0
gte_multilingual_base_768d,zh_char,ROOT-6563,-2817.0,-7.5
gte_multilingual_base_768d,zh_char,ROOT-6566,1184.0,2013.0
gte_multilingual_base_768d,zh_char,ROOT-6578,1043.0,414.0
gte_multilingual_base_768d,zh_char,ROOT-6587,512.9090909090909,-1680.7272727272727
gte_multilingual_base_768d,zh_char,ROOT-658C,1118.0,0.0
gte_multilingual_base_768d,zh_char,ROOT-6597,433.6666666666667,221.66666666666666
gte_multilingual_base_768d,zh_char,ROOT-65A4,9.782608695652174,811.9130434782609
gte_multilingual_base_768d,zh_char,ROOT-65AC,283.25,434.625
gte_multilingual_base_768d,zh_char,ROOT-65B0,-1232.0,-1206.0
gte_multilingual_base_768d,zh_char,ROOT-65B9,-1515.0,915.5454545454545
gte_multilingual_base_768d,zh_char,ROOT-65BC,654.0,1461.25
gte_multilingual_base_768d,zh_char,ROOT-65C1,640.8,785.4
gte_multilingual_base_768d,zh_char,ROOT-65C5,977.0,0.0
gte_multilingual_base_768d,zh_char,ROOT-65CB,1023.6666666666666,1134.0
gte_multilingual_base_768d,zh_char,ROOT-65CF,-26.4,2195.0
gte_multilingual_base_768d,zh_char,ROOT-65E2,611.0,205.0
gte_multilingual_base_768d,zh_char,ROOT-65E5,248.0,4290.0
gte_multilingual_base_768d,zh_char,ROOT-65E6,198.66666666666666,570.4583333333334
gte_multilingual_base_768d,zh_char,ROOT-65E8,1355.9,220.5
gte_multilingual_base_768d,zh_char,ROOT-65EC,615.7857142857143,371.14285714285717
gte_multilingual_base_768d,zh_char,ROOT-6606,-537.8888888888889,259.8888888888889
gte_multilingual_base_768d,zh_char,ROOT-660C,-151.83333333333334,1312.1666666666667
gte_multilingual_base_768d,zh_char,ROOT-660E,-1171.0,-986.0
gte_multilingual_base_768d,zh_char,ROOT-660F,419.75,955.0
gte_multilingual_base_768d,zh_char,ROOT-6613,1275.111111111111,1012.1111111111111
gte_multilingual_base_768d,zh_char,ROOT-6614,2197.0,1903.0
gte_multilingual_base_768d,zh_char,ROOT-661C,54.333333333333336,363.23809523809524
gte_multilingual_base_768d,zh_char,ROOT-661F,636.0,-1978.0
gte_multilingual_base_768d,zh_char,ROOT-6625,-2637.0,2745.5
gte_multilingual_base_768d,zh_char,ROOT-662F,473.2105263157895,1413.3157894736842
gte_multilingual_base_768d,zh_char,ROOT-6631,-243.0,-153.0
gte_multilingual_base_768d,zh_char,ROOT-6649,1575.0,0.0
gte_multilingual_base_768d,zh_char,ROOT-66F0,1429.5,2088.5
gte_multilingual_base_768d,zh_char,ROOT-66F4,950.5,805.5
gte_multilingual_base_768d,zh_char,ROOT-66FC,-711.3846153846154,433.6923076923077
gte_multilingual_base_768d,zh_char,ROOT-66FE,-193.3,902.3
gte_multilingual_base_768d,zh_char,ROOT-6700,2123.0,2020.0
gte_multilingual_base_768d,zh_char,ROOT-6701,196.125,381.0
gte_multilingual_base_768d,zh_char,ROOT-6703,-571.2857142857143,1030.0714285714287
gte_multilingual_base_768d,zh_char,ROOT-6708,262.0,0.0
gte_multilingual_base_768d,zh_char,ROOT-670B,373.3636363636364,267.45454545454544
gte_multilingual_base_768d,zh_char,ROOT-670D,227.0,1527.0
gte_multilingual_base_768d,zh_char,ROOT-6715,146.66666666666666,204.0
gte_multilingual_base_768d,zh_char,ROOT-671D,1257.3333333333333,1696.3333333333333
gte_multilingual_base_768d,zh_char,ROOT-6728,805.5,559.5
gte_multilingual_base_768d,zh_char,ROOT-672A,67.57142857142857,462.85714285714283
gte_multilingual_base_768d,zh_char,ROOT-672B,-1720.8333333333333,640.3333333333334
gte_multilingual_base_768d,zh_char,ROOT-672C,-186.0,-184.0
gte_multilingual_base_768d,zh_char,ROOT-672E,-337.0,221.5
gte_multilingual_base_768d,zh_char,ROOT-6731,37.84615384615385,439.53846153846155
gte_multilingual_base_768d,zh_char,ROOT-6735,-5378.0,400.0
gte_multilingual_base_768d,zh_char,ROOT-673F,-30.75,-1451.75
gte_multilingual_base_768d,zh_char,ROOT-6740,2115.0,2531.0
gte_multilingual_base_768d,zh_char,ROOT-675F,414.72727272727275,446.09090909090907
gte_multilingual_base_768d,zh_char,ROOT-6771,877.0,840.1666666666666
gte_multilingual_base_768d,zh_char,ROOT-6797,-732.4545454545455,-67.9090909090909
gte_multilingual_base_768d,zh_char,ROOT-679C,536.8333333333334,1660.25
gte_multilingual_base_768d,zh_char,ROOT-67D0,-251.8,599.0
gte_multilingual_base_768d,zh_char,ROOT-67EC,169.96296296296296,580.1851851851852
gte_multilingual_base_768d,zh_char,ROOT-6817,202.0,2587.0
gte_multilingual_base_768d,zh_char,ROOT-6840,-2660.0,2666.5
gte_multilingual_base_768d,zh_char,ROOT-6851,472.0,266.0
gte_multilingual_base_768d,zh_char,ROOT-687C,535.0,309.5
gte_multilingual_base_768d,zh_char,ROOT-689F,600.0,3848.0
gte_multilingual_base_768d,zh_char,ROOT-68D8,-62.0,4867.0
gte_multilingual_base_768d,zh_char,ROOT-696D,2542.0,1.0
gte_multilingual_base_768d,zh_char,ROOT-69AE,1021.5,2201.5
gte_multilingual_base_768d,zh_char,ROOT-6A02,837.0909090909091,1144.2727272727273
gte_multilingual_base_768d,zh_char,ROOT-6A0A,757.6666666666666,427.3333333333333
gte_multilingual_base_768d,zh_char,ROOT-6B20,534.0,855.5
gte_multilingual_base_768d,zh_char,ROOT-6B2E,-1462.142857142857,2340.5714285714284
gte_multilingual_base_768d,zh_char,ROOT-6B3D,261.0,104.0
gte_multilingual_base_768d,zh_char,ROOT-6B62,1142.0,1087.2
gte_multilingual_base_768d,zh_char,ROOT-6B63,-278.6,498.4
gte_multilingual_base_768d,zh_char,ROOT-6B65,363.5,387.0
gte_multilingual_base_768d,zh_char,ROOT-6B66,2220.0,2375.0
gte_multilingual_base_768d,zh_char,ROOT-6B78,2508.0,266.0
gte_multilingual_base_768d,zh_char,ROOT-6BB3,330.3333333333333,831.3333333333334
gte_multilingual_base_768d,zh_char,ROOT-6BB5,909.5,847.5
gte_multilingual_base_768d,zh_char,ROOT-6BB7,2574.0,4.0
gte_multilingual_base_768d,zh_char,ROOT-6BBF,1945.0,2301.5
gte_multilingual_base_768d,zh_char,ROOT-6BC0,9.0,1.0
gte_multilingual_base_768d,zh_char,ROOT-6BCC,2279.0,982.0
gte_multilingual_base_768d,zh_char,ROOT-6BCD,-3676.6666666666665,37.666666666666664
gte_multilingual_base_768d,zh_char,ROOT-6BCE,-5641.0,-213.0
gte_multilingual_base_768d,zh_char,ROOT-6BCF,697.0,0.0
gte_multilingual_base_768d,zh_char,ROOT-6BD4,60.38461538461539,426.2307692307692
gte_multilingual_base_768d,zh_char,ROOT-6BDA,688.4444444444445,478.77777777777777
gte_multilingual_base_768d,zh_char,ROOT-6BDB,271.3333333333333,1274.1666666666667
gte_multilingual_base_768d,zh_char,ROOT-6BF3,258.3333333333333,36.0
gte_multilingual_base_768d,zh_char,ROOT-6C0F,-686.8888888888889,450.55555555555554
gte_multilingual_base_768d,zh_char,ROOT-6C10,33.473684210526315,-54.8421052631579
gte_multilingual_base_768d,zh_char,ROOT-6C11,252.6,184.8
gte_multilingual_base_768d,zh_char,ROOT-6C14,-1588.6666666666667,252.83333333333334
gte_multilingual_base_768d,zh_char,ROOT-6C38,1252.5,1404.5
gte_multilingual_base_768d,zh_char,ROOT-6C42,505.5833333333333,263.4166666666667
gte_multilingual_base_768d,zh_char,ROOT-6C93,-570.75,416.5
gte_multilingual_base_768d,zh_char,ROOT-6C99,548.0,-1138.75
gte_multilingual_base_768d,zh_char,ROOT-6C9B,-5378.0,448.0
gte_multilingual_base_768d,zh_char,ROOT-6CC9,1401.0,1625.5
gte_multilingual_base_768d,zh_char,ROOT-6CD5,15.0,1076.0
gte_multilingual_base_768d,zh_char,ROOT-6D3B,-180.0,-5640.0
gte_multilingual_base_768d,zh_char,ROOT-6ED5,1307.5,2161.0
gte_multilingual_base_768d,zh_char,ROOT-6FD5,598.0,3769.0
gte_multilingual_base_768d,zh_char,ROOT-706B,1062.5,-50.0
gte_multilingual_base_768d,zh_char,ROOT-708E,-219.33333333333334,28.11111111111111
gte_multilingual_base_768d,zh_char,ROOT-7097,163.71428571428572,534.6428571428571
gte_multilingual_base_768d,zh_char,ROOT-70CF,-1342.75,382.75
gte_multilingual_base_768d,zh_char,ROOT-7109,419.0,993.25
gte_multilingual_base_768d,zh_char,ROOT-7121,-1069.6666666666667,304.5
gte_multilingual_base_768d,zh_char,ROOT-7126,600.7777777777778,478.6666666666667
gte_multilingual_base_768d,zh_char,ROOT-7136,547.6666666666666,252.66666666666666
gte_multilingual_base_768d,zh_char,ROOT-7169,840.0,108.0
gte_multilingual_base_768d,zh_char,ROOT-718F,-666.4,-11.8
gte_multilingual_base_768d,zh_char,ROOT-71D5,480.3333333333333,2935.8333333333335
gte_multilingual_base_768d,zh_char,ROOT-71DF,409.0,1.0
gte_multilingual_base_768d,zh_char,ROOT-722A,13.0,2667.0
gte_multilingual_base_768d,zh_char,ROOT-722D,-87.71428571428571,512.4285714285714
gte_multilingual_base_768d,zh_char,ROOT-7230,-1245.090909090909,320.6363636363636
gte_multilingual_base_768d,zh_char,ROOT-7235,1086.0,484.25
gte_multilingual_base_768d,zh_char,ROOT-7236,-997.1578947368421,555.578947368421
gte_multilingual_base_768d,zh_char,ROOT-723B,-1352.0,556.0
gte_multilingual_base_768d,zh_char,ROOT-723D,481.0,3708.0
gte_multilingual_base_768d,zh_char,ROOT-723E,-1131.0,60.5
gte_multilingual_base_768d,zh_char,ROOT-723F,496.1666666666667,124.5
gte_multilingual_base_768d,zh_char,ROOT-7259,301.625,-1156.125
gte_multilingual_base_768d,zh_char,ROOT-72AC,-236.0,5423.0
gte_multilingual_base_768d,zh_char,ROOT-72AE,121.45454545454545,547.1818181818181
gte_multilingual_base_768d,zh_char,ROOT-72C2,-4937.0,-5094.0
gte_multilingual_base_768d,zh_char,ROOT-72C4,-1543.6666666666667,70.33333333333333
gte_multilingual_base_768d,zh_char,ROOT-72CA,-13.0,6.5
gte_multilingual_base_768d,zh_char,ROOT-730B,1977.0,1526.0
gte_multilingual_base_768d,zh_char,ROOT-7312,-832.25,850.5
gte_multilingual_base_768d,zh_char,ROOT-7384,-1457.888888888889,880.2222222222222
gte_multilingual_base_768d,zh_char,ROOT-7387,-1406.0,1741.5
gte_multilingual_base_768d,zh_char,ROOT-7389,646.0,-255.0
gte_multilingual_base_768d,zh_char,ROOT-738B,-74.66666666666667,-292.3333333333333
gte_multilingual_base_768d,zh_char,ROOT-74DC,733.0,1479.4
gte_multilingual_base_768d,zh_char,ROOT-7504,2925.0,-15.0
gte_multilingual_base_768d,zh_char,ROOT-7518,-77.27272727272727,730.8181818181819
gte_multilingual_base_768d,zh_char,ROOT-751A,-490.3076923076923,110.0
gte_multilingual_base_768d,zh_char,ROOT-751F,-1773.142857142857,-906.4285714285714
gte_multilingual_base_768d,zh_char,ROOT-7522,1574.3333333333333,1143.6666666666667
gte_multilingual_base_768d,zh_char,ROOT-7528,-91.88888888888889,739.3888888888889
gte_multilingual_base_768d,zh_char,ROOT-752B,-649.7272727272727,211.21212121212122
gte_multilingual_base_768d,zh_char,ROOT-7530,-851.0,574.0
gte_multilingual_base_768d,zh_char,ROOT-7531,861.1176470588235,383.11764705882354
gte_multilingual_base_768d,zh_char,ROOT-7532,232.44444444444446,-328.0
gte_multilingual_base_768d,zh_char,ROOT-7533,-2048.4,152.4
gte_multilingual_base_768d,zh_char,ROOT-7539,576.8,1420.0
gte_multilingual_base_768d,zh_char,ROOT-7540,1519.0,600.75
gte_multilingual_base_768d,zh_char,ROOT-754F,225.8,-932.2
gte_multilingual_base_768d,zh_char,ROOT-7550,-402.0,-192.0
gte_multilingual_base_768d,zh_char,ROOT-755C,-82.0,791.6666666666666
gte_multilingual_base_768d,zh_char,ROOT-755F,260.0,679.5
gte_multilingual_base_768d,zh_char,ROOT-7562,33.8,45.2
gte_multilingual_base_768d,zh_char,ROOT-756B,29.5,-130.0
gte_multilingual_base_768d,zh_char,ROOT-7570,1475.0,1906.3333333333333
gte_multilingual_base_768d,zh_char,ROOT-758B,-242.1,187.8
gte_multilingual_base_768d,zh_char,ROOT-758C,136.55555555555554,113.55555555555556
gte_multilingual_base_768d,zh_char,ROOT-7591,395.7142857142857,808.2857142857143
gte_multilingual_base_768d,zh_char,ROOT-75BE,567.0,459.0
gte_multilingual_base_768d,zh_char,ROOT-7678,-863.6,866.4
gte_multilingual_base_768d,zh_char,ROOT-7679,-2594.5,75.75
gte_multilingual_base_768d,zh_char,ROOT-767D,665.25,977.625
gte_multilingual_base_768d,zh_char,ROOT-7683,-5732.0,-53.0
gte_multilingual_base_768d,zh_char,ROOT-7686,85.0,310.875
gte_multilingual_base_768d,zh_char,ROOT-7687,196.75,1090.0
gte_multilingual_base_768d,zh_char,ROOT-7695,0.0,0.0
gte_multilingual_base_768d,zh_char,ROOT-76AE,-9.421052631578947,453.57894736842104
gte_multilingual_base_768d,zh_char,ROOT-76BF,-468.6666666666667,1577.6666666666667
gte_multilingual_base_768d,zh_char,ROOT-76CA,-570.375,1090.625
gte_multilingual_base_768d,zh_char,ROOT-76CD,911.0,1406.0
gte_multilingual_base_768d,zh_char,ROOT-76E1,-2122.25,-22.5
gte_multilingual_base_768d,zh_char,ROOT-76E3,-2006.7272727272727,489.09090909090907
gte_multilingual_base_768d,zh_char,ROOT-76F4,641.4,305.6
gte_multilingual_base_768d,zh_char,ROOT-76F8,759.5714285714286,679.5714285714286
gte_multilingual_base_768d,zh_char,ROOT-76FE,492.0,844.5
gte_multilingual_base_768d,zh_char,ROOT-7701,1075.0,99.0
gte_multilingual_base_768d,zh_char,ROOT-7707,519.6666666666666,1202.0
gte_multilingual_base_768d,zh_char,ROOT-7709,240.0,-5064.0
gte_multilingual_base_768d,zh_char,ROOT-7714,451.0,1289.5
gte_multilingual_base_768d,zh_char,ROOT-771F,452.5,1432.5
gte_multilingual_base_768d,zh_char,ROOT-773E,-123.0,0.0
gte_multilingual_base_768d,zh_char,ROOT-776A,719.8333333333334,748.5
gte_multilingual_base_768d,zh_char,ROOT-777F,-5362.0,395.0
gte_multilingual_base_768d,zh_char,ROOT-77DB,-119.61538461538461,-1156.7692307692307
gte_multilingual_base_768d,zh_char,ROOT-77DE,245.45454545454547,202.9090909090909
gte_multilingual_base_768d,zh_char,ROOT-77E2,906.8333333333334,129.0
gte_multilingual_base_768d,zh_char,ROOT-77F3,229.28571428571428,1002.7142857142857
gte_multilingual_base_768d,zh_char,ROOT-793A,-1145.8,-918.8
gte_multilingual_base_768d,zh_char,ROOT-796D,118.16666666666667,-799.5
gte_multilingual_base_768d,zh_char,ROOT-79B9,359.6666666666667,1618.3333333333333
gte_multilingual_base_768d,zh_char,ROOT-79BA,431.35714285714283,910.0
gte_multilingual_base_768d,zh_char,ROOT-79BB,179.27272727272728,247.45454545454547
gte_multilingual_base_768d,zh_char,ROOT-79BE,51.53333333333333,567.6666666666666
gte_multilingual_base_768d,zh_char,ROOT-79C0,857.6666666666666,1357.3333333333333
gte_multilingual_base_768d,zh_char,ROOT-79CB,1068.2857142857142,1224.142857142857
gte_multilingual_base_768d,zh_char,ROOT-79DD,38.0,175.0
gte_multilingual_base_768d,zh_char,ROOT-79E6,-1947.25,1105.5
gte_multilingual_base_768d,zh_char,ROOT-7ACB,718.25,1603.75
gte_multilingual_base_768d,zh_char,ROOT-7ADF,674.0,968.5
gte_multilingual_base_768d,zh_char,ROOT-7AE0,479.44444444444446,1297.2222222222222
gte_multilingual_base_768d,zh_char,ROOT-7AE5,636.0769230769231,1205.0
gte_multilingual_base_768d,zh_char,ROOT-7AF9,810.0,-4581.0
gte_multilingual_base_768d,zh_char,ROOT-7B6E,64.0,93.0
gte_multilingual_base_768d,zh_char,ROOT-7B97,-2101.5,-12.0
gte_multilingual_base_768d,zh_char,ROOT-7C73,-594.6666666666666,16.666666666666668
gte_multilingual_base_768d,zh_char,ROOT-7CDE,136.0,317.0
gte_multilingual_base_768d,zh_char,ROOT-7CFB,-14.5,2843.5
gte_multilingual_base_768d,zh_char,ROOT-7D2F,1717.0,-63.333333333333336
gte_multilingual_base_768d,zh_char,ROOT-7D55,1132.0,5.0
gte_multilingual_base_768d,zh_char,ROOT-7DBF,0.0,1.0
gte_multilingual_base_768d,zh_char,ROOT-7E23,916.0,920.0
gte_multilingual_base_768d,zh_char,ROOT-7E6B,1373.0,3.0
gte_multilingual_base_768d,zh_char,ROOT-7E6D,352.0,3894.0
gte_multilingual_base_768d,zh_char,ROOT-7F54,-1104.6666666666667,586.3333333333334
gte_multilingual_base_768d,zh_char,ROOT-7F72,347.0,839.5
gte_multilingual_base_768d,zh_char,ROOT-7F77,547.5,157.5
gte_multilingual_base_768d,zh_char,ROOT-7F7D,0.0,0.0
gte_multilingual_base_768d,zh_char,ROOT-7F85,-1902.6666666666667,2.6666666666666665
gte_multilingual_base_768d,zh_char,ROOT-7F8A,413.53846153846155,-1698.4615384615386
gte_multilingual_base_768d,zh_char,ROOT-7F94,692.0,575.0
gte_multilingual_base_768d,zh_char,ROOT-7FA9,-39.7,325.7
gte_multilingual_base_768d,zh_char,ROOT-7FBD,412.0,-4434.0
gte_multilingual_base_768d,zh_char,ROOT-7FCF,430.77272727272725,83.18181818181819
gte_multilingual_base_768d,zh_char,ROOT-7FD2,1324.75,1292.375
gte_multilingual_base_768d,zh_char,ROOT-7FDF,1376.0,985.1818181818181
gte_multilingual_base_768d,zh_char,ROOT-800C,516.3636363636364,359.3636363636364
gte_multilingual_base_768d,zh_char,ROOT-8011,245.1818181818182,427.72727272727275
gte_multilingual_base_768d,zh_char,ROOT-8012,978.0,0.0
gte_multilingual_base_768d,zh_char,ROOT-8024,-355.0,478.0
gte_multilingual_base_768d,zh_char,ROOT-8033,534.2222222222222,832.3888888888889
gte_multilingual_base_768d,zh_char,ROOT-8034,220.0,706.0
gte_multilingual_base_768d,zh_char,ROOT-8036,1074.0,1015.0
gte_multilingual_base_768d,zh_char,ROOT-8056,1443.0,600.5
gte_multilingual_base_768d,zh_char,ROOT-8076,1420.5714285714287,638.7142857142857
gte_multilingual_base_768d,zh_char,ROOT-807D,-5139.0,264.0
gte_multilingual_base_768d,zh_char,ROOT-807F,-1513.4545454545455,251.1818181818182
gte_multilingual_base_768d,zh_char,ROOT-8089,-2580.5,591.5
gte_multilingual_base_768d,zh_char,ROOT-8099,228.08333333333334,578.8333333333334
gte_multilingual_base_768d,zh_char,ROOT-80A9,146.0,23.0
gte_multilingual_base_768d,zh_char,ROOT-80C3,476.0,-1820.0
gte_multilingual_base_768d,zh_char,ROOT-80E4,1630.0,266.0
gte_multilingual_base_768d,zh_char,ROOT-810A,-2577.5,712.0
gte_multilingual_base_768d,zh_char,ROOT-81E3,1529.0,19.0
gte_multilingual_base_768d,zh_char,ROOT-81E4,-2453.0,187.0
gte_multilingual_base_768d,zh_char,ROOT-81EA,396.2,1448.6
gte_multilingual_base_768d,zh_char,ROOT-81ED,-1871.3333333333333,746.6666666666666
gte_multilingual_base_768d,zh_char,ROOT-81F3,71.17647058823529,614.7058823529412
gte_multilingual_base_768d,zh_char,ROOT-81FA,1751.0,2513.0
gte_multilingual_base_768d,zh_char,ROOT-81FD,1540.5,-15.0
gte_multilingual_base_768d,zh_char,ROOT-81FE,-738.6666666666666,97.33333333333333
gte_multilingual_base_768d,zh_char,ROOT-81FF,214.33333333333334,557.6666666666666
gte_multilingual_base_768d,zh_char,ROOT-8200,498.6666666666667,-652.5
gte_multilingual_base_768d,zh_char,ROOT-8201,-245.25,1414.875
gte_multilingual_base_768d,zh_char,ROOT-8202,263.5,585.0
gte_multilingual_base_768d,zh_char,ROOT-8204,544.25,626.75
gte_multilingual_base_768d,zh_char,ROOT-820C,93.0,1503.0
gte_multilingual_base_768d,zh_char,ROOT-821C,408.5,-115.5
gte_multilingual_base_768d,zh_char,ROOT-821F,86.33333333333333,3460.6666666666665
gte_multilingual_base_768d,zh_char,ROOT-822C,742.1428571428571,1885.0
gte_multilingual_base_768d,zh_char,ROOT-826E,475.0,277.0
gte_multilingual_base_768d,zh_char,ROOT-826F,339.15384615384613,647.6153846153846
gte_multilingual_base_768d,zh_char,ROOT-82BB,558.3,811.0
gte_multilingual_base_768d,zh_char,ROOT-82D7,2126.6666666666665,2691.3333333333335
gte_multilingual_base_768d,zh_char,ROOT-82E5,-503.1666666666667,319.0
gte_multilingual_base_768d,zh_char,ROOT-830D,-372.3333333333333,151.16666666666666
gte_multilingual_base_768d,zh_char,ROOT-8332,-1616.6666666666667,169.66666666666666
gte_multilingual_base_768d,zh_char,ROOT-83AB,-474.7,454.0
gte_multilingual_base_768d,zh_char,ROOT-83D0,294.5,373.0
gte_multilingual_base_768d,zh_char,ROOT-83EF,-5395.0,252.0
gte_multilingual_base_768d,zh_char,ROOT-8408,2928.0,3296.0
gte_multilingual_base_768d,zh_char,ROOT-842C,-693.25,244.625
gte_multilingual_base_768d,zh_char,ROOT-8457,-5110.0,1595.0
gte_multilingual_base_768d,zh_char,ROOT-8499,-51.375,460.875
gte_multilingual_base_768d,zh_char,ROOT-8511,101.33333333333333,-686.5
gte_multilingual_base_768d,zh_char,ROOT-864D,633.5,510.5
gte_multilingual_base_768d,zh_char,ROOT-864E,381.5,-4881.0
gte_multilingual_base_768d,zh_char,ROOT-8650,1842.5,1114.5
gte_multilingual_base_768d,zh_char,ROOT-865F,2066.0,2165.0
gte_multilingual_base_768d,zh_char,ROOT-86A4,229.25,1499.0
gte_multilingual_base_768d,zh_char,ROOT-8700,84.46666666666667,1112.8
gte_multilingual_base_768d,zh_char,ROOT-87F2,46.0,4553.0
gte_multilingual_base_768d,zh_char,ROOT-8806,-9.5,19.0
gte_multilingual_base_768d,zh_char,ROOT-8840,371.6666666666667,100.0
gte_multilingual_base_768d,zh_char,ROOT-884C,-1464.5,-2044.5
gte_multilingual_base_768d,zh_char,ROOT-884D,1111.0,267.0
gte_multilingual_base_768d,zh_char,ROOT-8863,4.0,604.0
gte_multilingual_base_768d,zh_char,ROOT-8868,-5589.0,24.0
gte_multilingual_base_768d,zh_char,ROOT-8870,694.3333333333334,565.3333333333334
gte_multilingual_base_768d,zh_char,ROOT-8881,1752.0,1684.3333333333333
gte_multilingual_base_768d,zh_char,ROOT-8930,-266.0,0.0
gte_multilingual_base_768d,zh_char,ROOT-8944,-219.08333333333334,641.75
gte_multilingual_base_768d,zh_char,ROOT-897E,611.0,154.0
gte_multilingual_base_768d,zh_char,ROOT-897F,241.66666666666666,404.6666666666667
gte_multilingual_base_768d,zh_char,ROOT-8983,-2181.5,3.5
gte_multilingual_base_768d,zh_char,ROOT-898B,-222.75,363.875
gte_multilingual_base_768d,zh_char,ROOT-898F,528.3333333333334,1341.3333333333333
gte_multilingual_base_768d,zh_char,ROOT-89AA,-1021.6666666666666,215.33333333333334
gte_multilingual_base_768d,zh_char,ROOT-89BA,733.0,446.0
gte_multilingual_base_768d,zh_char,ROOT-89D2,-1236.0,17.8
gte_multilingual_base_768d,zh_char,ROOT-89E3,-291.6666666666667,912.8333333333334
gte_multilingual_base_768d,zh_char,ROOT-8A2D,939.0,24.0
gte_multilingual_base_768d,zh_char,ROOT-8A79,970.5833333333334,1585.5
gte_multilingual_base_768d,zh_char,ROOT-8C37,41.0,800.0555555555555
gte_multilingual_base_768d,zh_char,ROOT-8C46,23.263157894736842,834.7368421052631
gte_multilingual_base_768d,zh_char,ROOT-8C48,270.45454545454544,1047.090909090909
gte_multilingual_base_768d,zh_char,ROOT-8C50,-838.6666666666666,537.3333333333334
gte_multilingual_base_768d,zh_char,ROOT-8C5A,43.0,105.0
gte_multilingual_base_768d,zh_char,ROOT-8C61,96.25,-348.25
gte_multilingual_base_768d,zh_char,ROOT-8C66,731.7,94.8
gte_multilingual_base_768d,zh_char,ROOT-8C6A,-2729.0,129.5
gte_multilingual_base_768d,zh_char,ROOT-8C9D,170.0,401.25
gte_multilingual_base_768d,zh_char,ROOT-8C9E,-1698.8,178.8
gte_multilingual_base_768d,zh_char,ROOT-8CA0,517.0,116.0
gte_multilingual_base_768d,zh_char,ROOT-8CAC,547.1428571428571,455.42857142857144
gte_multilingual_base_768d,zh_char,ROOT-8CB4,-2009.2,53.8
gte_multilingual_base_768d,zh_char,ROOT-8CBF,1486.0,124.0
gte_multilingual_base_768d,zh_char,ROOT-8CCF,455.14285714285717,1170.142857142857
gte_multilingual_base_768d,zh_char,ROOT-8CEA,-4527.0,1355.0
gte_multilingual_base_768d,zh_char,ROOT-8D0A,430.875,966.875
gte_multilingual_base_768d,zh_char,ROOT-8D14,-5322.0,2345.0
gte_multilingual_base_768d,zh_char,ROOT-8D1B,1469.0,205.0
gte_multilingual_base_768d,zh_char,ROOT-8D64,-269.0,-83.0
gte_multilingual_base_768d,zh_char,ROOT-8D66,2526.0,3201.0
gte_multilingual_base_768d,zh_char,ROOT-8D6B,1943.0,2290.0
gte_multilingual_base_768d,zh_char,ROOT-8D70,909.0,30.0
gte_multilingual_base_768d,zh_char,ROOT-8DB3,-685.5,574.75
gte_multilingual_base_768d,zh_char,ROOT-8ECD,-128.75,785.55
gte_multilingual_base_768d,zh_char,ROOT-8F26,0.0,50.0
gte_multilingual_base_768d,zh_char,ROOT-8F9B,-1580.1666666666667,-20.666666666666668
gte_multilingual_base_768d,zh_char,ROOT-8F9F,-995.3684210526316,571.2105263157895
gte_multilingual_base_768d,zh_char,ROOT-8FB0,449.46666666666664,1116.6666666666667
gte_multilingual_base_768d,zh_char,ROOT-8FB1,289.0,793.7142857142857
gte_multilingual_base_768d,zh_char,ROOT-8FB2,-1176.5,1329.5
gte_multilingual_base_768d,zh_char,ROOT-9000,-1640.5,1521.0
gte_multilingual_base_768d,zh_char,ROOT-9023,-384.8333333333333,1246.5
gte_multilingual_base_768d,zh_char,ROOT-9054,-920.3333333333334,1946.0
gte_multilingual_base_768d,zh_char,ROOT-9069,1238.0,0.0
gte_multilingual_base_768d,zh_char,ROOT-9077,1182.0,968.0
gte_multilingual_base_768d,zh_char,ROOT-9091,685.0,117.75
gte_multilingual_base_768d,zh_char,ROOT-9095,152.66666666666666,1866.0
gte_multilingual_base_768d,zh_char,ROOT-90A3,-5569.0,8.0
gte_multilingual_base_768d,zh_char,ROOT-90CE,-1661.0,2233.0
gte_multilingual_base_768d,zh_char,ROOT-90E8,1138.0,2.0
gte_multilingual_base_768d,zh_char,ROOT-90ED,-2336.0,56.5
gte_multilingual_base_768d,zh_char,ROOT-9109,-521.2,436.6
gte_multilingual_base_768d,zh_char,ROOT-912D,-1494.5,1569.0
gte_multilingual_base_768d,zh_char,ROOT-9149,412.0,738.3333333333334
gte_multilingual_base_768d,zh_char,ROOT-914B,150.9,1802.6
gte_multilingual_base_768d,zh_char,ROOT-91C1,62.0,4820.0
gte_multilingual_base_768d,zh_char,ROOT-91C6,-357.2173913043478,477.3478260869565
gte_multilingual_base_768d,zh_char,ROOT-91C7,-1063.4,141.2
gte_multilingual_base_768d,zh_char,ROOT-91CC,1095.3636363636363,997.4545454545455
gte_multilingual_base_768d,zh_char,ROOT-91CF,-5446.0,115.0
gte_multilingual_base_768d,zh_char,ROOT-9577,349.9,479.9
gte_multilingual_base_768d,zh_char,ROOT-9580,166.71428571428572,-554.5714285714286
gte_multilingual_base_768d,zh_char,ROOT-958F,-5514.0,144.0
gte_multilingual_base_768d,zh_char,ROOT-9591,-5912.0,-5.0
gte_multilingual_base_768d,zh_char,ROOT-9592,1387.0,586.5
gte_multilingual_base_768d,zh_char,ROOT-95B5,780.0,-1499.0
gte_multilingual_base_768d,zh_char,ROOT-961C,-5531.0,121.0
gte_multilingual_base_768d,zh_char,ROOT-9673,-1941.5,27.0
gte_multilingual_base_768d,zh_char,ROOT-9686,-2326.5,261.0
gte_multilingual_base_768d,zh_char,ROOT-968B,-2521.5,423.0
gte_multilingual_base_768d,zh_char,ROOT-96A8,1541.0,1707.0
gte_multilingual_base_768d,zh_char,ROOT-96B9,182.2258064516129,302.80645161290323
gte_multilingual_base_768d,zh_char,ROOT-96BB,-11.166666666666666,-3.5
gte_multilingual_base_768d,zh_char,ROOT-96BC,-967.0,-6964.0
gte_multilingual_base_768d,zh_char,ROOT-96CB,-1433.6666666666667,-65.66666666666667
gte_multilingual_base_768d,zh_char,ROOT-96CD,-5406.0,349.0
gte_multilingual_base_768d,zh_char,ROOT-96D4,-13.0,0.0
gte_multilingual_base_768d,zh_char,ROOT-96DC,992.0,797.0
gte_multilingual_base_768d,zh_char,ROOT-96E3,1231.25,801.25
gte_multilingual_base_768d,zh_char,ROOT-96E9,-71.0,73.75
gte_multilingual_base_768d,zh_char,ROOT-96F7,-2609.0,319.5
gte_multilingual_base_768d,zh_char,ROOT-9700,595.5454545454545,620.3636363636364
gte_multilingual_base_768d,zh_char,ROOT-9752,-951.2941176470588,492.47058823529414
gte_multilingual_base_768d,zh_char,ROOT-975E,-1452.0,379.5416666666667
gte_multilingual_base_768d,zh_char,ROOT-9762,494.0,1464.75
gte_multilingual_base_768d,zh_char,ROOT-9808,-5486.0,278.0
gte_multilingual_base_768d,zh_char,ROOT-982A,2481.0,-276.0
gte_multilingual_base_768d,zh_char,ROOT-983B,-5314.0,491.0
gte_multilingual_base_768d,zh_char,ROOT-985B,-5481.0,267.0
gte_multilingual_base_768d,zh_char,ROOT-9865,582.0,0.0
gte_multilingual_base_768d,zh_char,ROOT-99AC,-16.0,1342.8
gte_multilingual_base_768d,zh_char,ROOT-9AD8,-308.0625,387.84375
gte_multilingual_base_768d,zh_char,ROOT-9B32,204.5,276.3333333333333
gte_multilingual_base_768d,zh_char,ROOT-9B3C,99.4,1338.9333333333334
gte_multilingual_base_768d,zh_char,ROOT-9B5A,387.6666666666667,-3786.0
gte_multilingual_base_768d,zh_char,ROOT-9BAE,1161.5,904.0
gte_multilingual_base_768d,zh_char,ROOT-9CE5,-99.0,-155.0
gte_multilingual_base_768d,zh_char,ROOT-9E75,1229.5,1.5
gte_multilingual_base_768d,zh_char,ROOT-9E7F,812.0,-1684.5
gte_multilingual_base_768d,zh_char,ROOT-9E83,-7.8,5.2
gte_multilingual_base_768d,zh_char,ROOT-9E97,-1709.125,915.25
gte_multilingual_base_768d,zh_char,ROOT-9ED1,1027.0,814.0
gte_multilingual_base_768d,zh_char,ROOT-9EFD,986.6666666666666,295.6666666666667
gte_multilingual_base_768d,zh_char,ROOT-9F13,19.0,5086.0
gte_multilingual_base_768d,zh_char,ROOT-9F4A,-191.45454545454547,445.0
gte_multilingual_base_768d,zh_char,ROOT-9F8D,138.93333333333334,736.2
gte_multilingual_base_768d,zh_char,ROOT-9FA0,306.0,184.2
qwen3_0.6b_1024d,cn_def,ROOT-20000,1578.0,1670.72
qwen3_0.6b_1024d,cn_def,ROOT-200A2,-56.0,-24.0
qwen3_0.6b_1024d,cn_def,ROOT-200A4,2974.3333333333335,3066.6666666666665
qwen3_0.6b_1024d,cn_def,ROOT-2053E,645.0,453.5
qwen3_0.6b_1024d,cn_def,ROOT-20CCB,2113.5,1481.5
qwen3_0.6b_1024d,cn_def,ROOT-2123C,1641.3333333333333,1529.25
qwen3_0.6b_1024d,cn_def,ROOT-219CD,1683.625,2085.125
qwen3_0.6b_1024d,cn_def,ROOT-21C55,1862.5,1524.0
qwen3_0.6b_1024d,cn_def,ROOT-22398,197.0,239.0
qwen3_0.6b_1024d,cn_def,ROOT-2274A,-122.0,-134.0
qwen3_0.6b_1024d,cn_def,ROOT-2304B,4822.0,1687.0
qwen3_0.6b_1024d,cn_def,ROOT-23386,2643.0,3003.0
qwen3_0.6b_1024d,cn_def,ROOT-233DF,1889.8333333333333,1899.3333333333333
qwen3_0.6b_1024d,cn_def,ROOT-2394F,1264.4285714285713,1650.142857142857
qwen3_0.6b_1024d,cn_def,ROOT-239BC,493.5,436.5
qwen3_0.6b_1024d,cn_def,ROOT-25762,5372.0,3359.0
qwen3_0.6b_1024d,cn_def,ROOT-26B07,3440.0,3036.0
qwen3_0.6b_1024d,cn_def,ROOT-271A3,1579.8333333333333,1657.5
qwen3_0.6b_1024d,cn_def,ROOT-27BAB,2686.0,3391.0
qwen3_0.6b_1024d,cn_def,ROOT-342D,2426.0,2881.0
qwen3_0.6b_1024d,cn_def,ROOT-3431,169.0,167.0
qwen3_0.6b_1024d,cn_def,ROOT-34B8,1234.5,1990.5
qwen3_0.6b_1024d,cn_def,ROOT-34BC,1435.0,990.0
qwen3_0.6b_1024d,cn_def,ROOT-34DE,618.0,902.25
qwen3_0.6b_1024d,cn_def,ROOT-3563,782.8888888888889,623.2222222222222
qwen3_0.6b_1024d,cn_def,ROOT-37A2,626.6666666666666,793.0833333333334
qwen3_0.6b_1024d,cn_def,ROOT-382F,1751.1875,1691.3125
qwen3_0.6b_1024d,cn_def,ROOT-3840,966.2,242.0
qwen3_0.6b_1024d,cn_def,ROOT-3E12,1813.0,613.0
qwen3_0.6b_1024d,cn_def,ROOT-4020,833.0,1016.6666666666666
qwen3_0.6b_1024d,cn_def,ROOT-41C2,871.6,726.6
qwen3_0.6b_1024d,cn_def,ROOT-470C,94.0,108.0
qwen3_0.6b_1024d,cn_def,ROOT-4E00,1127.0,1480.5
qwen3_0.6b_1024d,cn_def,ROOT-4E01,2115.5384615384614,1929.1538461538462
qwen3_0.6b_1024d,cn_def,ROOT-4E02,535.0,1527.0
qwen3_0.6b_1024d,cn_def,ROOT-4E03,1537.0,1990.5
qwen3_0.6b_1024d,cn_def,ROOT-4E08,580.5,344.0
qwen3_0.6b_1024d,cn_def,ROOT-4E0D,518.75,478.5
qwen3_0.6b_1024d,cn_def,ROOT-4E0F,1250.0,868.0
qwen3_0.6b_1024d,cn_def,ROOT-4E11,2460.0,1675.0
qwen3_0.6b_1024d,cn_def,ROOT-4E14,2005.7222222222222,2423.5555555555557
qwen3_0.6b_1024d,cn_def,ROOT-4E16,1408.0,3114.0
qwen3_0.6b_1024d,cn_def,ROOT-4E18,2540.5,2405.0
qwen3_0.6b_1024d,cn_def,ROOT-4E19,2794.0,2526.3333333333335
qwen3_0.6b_1024d,cn_def,ROOT-4E1E,372.5,279.5
qwen3_0.6b_1024d,cn_def,ROOT-4E26,932.0,2310.0
qwen3_0.6b_1024d,cn_def,ROOT-4E2D,1539.6666666666667,1669.5
qwen3_0.6b_1024d,cn_def,ROOT-4E30,4246.75,3709.25
qwen3_0.6b_1024d,cn_def,ROOT-4E32,1715.0,2133.0
qwen3_0.6b_1024d,cn_def,ROOT-4E36,1412.8333333333333,1662.5
qwen3_0.6b_1024d,cn_def,ROOT-4E38,758.0,667.0
qwen3_0.6b_1024d,cn_def,ROOT-4E3F,1152.1538461538462,1314.3846153846155
qwen3_0.6b_1024d,cn_def,ROOT-4E42,1866.5,1594.0
qwen3_0.6b_1024d,cn_def,ROOT-4E43,602.0,872.0
qwen3_0.6b_1024d,cn_def,ROOT-4E45,1179.3333333333333,855.3333333333334
qwen3_0.6b_1024d,cn_def,ROOT-4E47,1062.0,1558.0
qwen3_0.6b_1024d,cn_def,ROOT-4E4B,1678.0,3000.0
qwen3_0.6b_1024d,cn_def,ROOT-4E4D,941.0,947.2727272727273
qwen3_0.6b_1024d,cn_def,ROOT-4E4E,1680.0,1961.0
qwen3_0.6b_1024d,cn_def,ROOT-4E4F,1482.2,2054.0
qwen3_0.6b_1024d,cn_def,ROOT-4E58,336.0,554.0
qwen3_0.6b_1024d,cn_def,ROOT-4E59,425.75,729.0
qwen3_0.6b_1024d,cn_def,ROOT-4E5D,2212.714285714286,2244.285714285714
qwen3_0.6b_1024d,cn_def,ROOT-4E5E,130.0,203.0
qwen3_0.6b_1024d,cn_def,ROOT-4E5F,927.0,1193.8333333333333
qwen3_0.6b_1024d,cn_def,ROOT-4E88,524.8333333333334,440.3333333333333
qwen3_0.6b_1024d,cn_def,ROOT-4E8C,620.875,884.875
qwen3_0.6b_1024d,cn_def,ROOT-4E8E,2059.375,2198.375
qwen3_0.6b_1024d,cn_def,ROOT-4E8F,1766.0,2222.3333333333335
qwen3_0.6b_1024d,cn_def,ROOT-4E91,2176.3333333333335,2706.0
qwen3_0.6b_1024d,cn_def,ROOT-4E94,1118.6666666666667,1273.3333333333333
qwen3_0.6b_1024d,cn_def,ROOT-4E95,667.0,1005.0
qwen3_0.6b_1024d,cn_def,ROOT-4E9E,1721.0,1264.5
qwen3_0.6b_1024d,cn_def,ROOT-4E9F,197.5,160.0
qwen3_0.6b_1024d,cn_def,ROOT-4EA1,4297.666666666667,3342.6666666666665
qwen3_0.6b_1024d,cn_def,ROOT-4EA2,669.8,909.6
qwen3_0.6b_1024d,cn_def,ROOT-4EA4,1525.9333333333334,1173.1333333333334
qwen3_0.6b_1024d,cn_def,ROOT-4EA5,1640.5833333333333,2099.9166666666665
qwen3_0.6b_1024d,cn_def,ROOT-4EAC,824.25,956.875
qwen3_0.6b_1024d,cn_def,ROOT-4EAE,79.0,53.0
qwen3_0.6b_1024d,cn_def,ROOT-4EBA,1746.6666666666667,1269.0
qwen3_0.6b_1024d,cn_def,ROOT-4EC1,1537.0,1021.0
qwen3_0.6b_1024d,cn_def,ROOT-4EC4,1840.0,145.0
qwen3_0.6b_1024d,cn_def,ROOT-4ECA,2084.222222222222,2512.6666666666665
qwen3_0.6b_1024d,cn_def,ROOT-4ECB,3634.3333333333335,3198.3333333333335
qwen3_0.6b_1024d,cn_def,ROOT-4EE4,1772.4666666666667,2000.2
qwen3_0.6b_1024d,cn_def,ROOT-4EE5,1047.0,862.0
qwen3_0.6b_1024d,cn_def,ROOT-4F0F,2481.5,2639.0
qwen3_0.6b_1024d,cn_def,ROOT-4F10,2148.0,2401.0
qwen3_0.6b_1024d,cn_def,ROOT-4F59,1569.7,1468.8
qwen3_0.6b_1024d,cn_def,ROOT-4F86,1885.0,2419.6666666666665
qwen3_0.6b_1024d,cn_def,ROOT-4F8C,228.0,558.0
qwen3_0.6b_1024d,cn_def,ROOT-4F96,1334.4285714285713,1744.7142857142858
qwen3_0.6b_1024d,cn_def,ROOT-4FAF,786.0,597.0
qwen3_0.6b_1024d,cn_def,ROOT-4FDD,2498.0,2232.3333333333335
qwen3_0.6b_1024d,cn_def,ROOT-5009,1060.4,1169.1
qwen3_0.6b_1024d,cn_def,ROOT-501D,774.0,2460.0
qwen3_0.6b_1024d,cn_def,ROOT-50C9,675.9090909090909,764.9090909090909
qwen3_0.6b_1024d,cn_def,ROOT-5140,2302.3333333333335,2642.3333333333335
qwen3_0.6b_1024d,cn_def,ROOT-5143,1655.6,1235.1
qwen3_0.6b_1024d,cn_def,ROOT-5144,-31.0,-260.0
qwen3_0.6b_1024d,cn_def,ROOT-5145,1193.5,1782.0
qwen3_0.6b_1024d,cn_def,ROOT-5146,1696.0,1876.7
qwen3_0.6b_1024d,cn_def,ROOT-5148,2089.0,2888.5
qwen3_0.6b_1024d,cn_def,ROOT-5149,987.5,972.5
qwen3_0.6b_1024d,cn_def,ROOT-514B,-547.0,-804.0
qwen3_0.6b_1024d,cn_def,ROOT-514D,1116.8333333333333,1018.0
qwen3_0.6b_1024d,cn_def,ROOT-5152,1660.0,1374.3333333333333
qwen3_0.6b_1024d,cn_def,ROOT-5154,167.0,506.0
qwen3_0.6b_1024d,cn_def,ROOT-5165,1323.0,1257.2
qwen3_0.6b_1024d,cn_def,ROOT-5168,1600.142857142857,1860.7142857142858
qwen3_0.6b_1024d,cn_def,ROOT-5169,1341.0,1556.0
qwen3_0.6b_1024d,cn_def,ROOT-516A,2973.0,1893.0
qwen3_0.6b_1024d,cn_def,ROOT-516B,753.0,920.0
qwen3_0.6b_1024d,cn_def,ROOT-516C,1282.25,1207.875
qwen3_0.6b_1024d,cn_def,ROOT-5171,1070.1666666666667,778.1666666666666
qwen3_0.6b_1024d,cn_def,ROOT-5176,1401.2307692307693,1619.2307692307693
qwen3_0.6b_1024d,cn_def,ROOT-5177,5211.0,4886.0
qwen3_0.6b_1024d,cn_def,ROOT-5178,-855.0,-662.0
qwen3_0.6b_1024d,cn_def,ROOT-517C,1929.4,2431.4
qwen3_0.6b_1024d,cn_def,ROOT-5180,2220.0,3001.0
qwen3_0.6b_1024d,cn_def,ROOT-5183,2441.0,2165.25
qwen3_0.6b_1024d,cn_def,ROOT-5189,1759.0,2505.0
qwen3_0.6b_1024d,cn_def,ROOT-518A,1142.5,1897.0
qwen3_0.6b_1024d,cn_def,ROOT-518E,1064.0,1216.0
qwen3_0.6b_1024d,cn_def,ROOT-51A2,0.0,-1.0
qwen3_0.6b_1024d,cn_def,ROOT-51A5,1655.5,1623.0
qwen3_0.6b_1024d,cn_def,ROOT-51AB,-15.0,44.0
qwen3_0.6b_1024d,cn_def,ROOT-51E0,2722.2,2384.4
qwen3_0.6b_1024d,cn_def,ROOT-51E1,2102.1111111111113,2033.111111111111
qwen3_0.6b_1024d,cn_def,ROOT-51F6,1292.5,2005.0
qwen3_0.6b_1024d,cn_def,ROOT-51FA,69.75,92.75
qwen3_0.6b_1024d,cn_def,ROOT-51FD,0.0,0.0
qwen3_0.6b_1024d,cn_def,ROOT-5200,1790.0,1899.6666666666667
qwen3_0.6b_1024d,cn_def,ROOT-5203,1487.6,1694.0
qwen3_0.6b_1024d,cn_def,ROOT-5206,1017.4375,1381.625
qwen3_0.6b_1024d,cn_def,ROOT-5211,3350.5,2360.0
qwen3_0.6b_1024d,cn_def,ROOT-5217,1826.0,1795.0
qwen3_0.6b_1024d,cn_def,ROOT-5225,-336.0,-629.0
qwen3_0.6b_1024d,cn_def,ROOT-5229,1984.5,1331.5
qwen3_0.6b_1024d,cn_def,ROOT-5236,336.0,410.5
qwen3_0.6b_1024d,cn_def,ROOT-5247,1297.4,1477.8
qwen3_0.6b_1024d,cn_def,ROOT-529B,1656.4,1944.1333333333334
qwen3_0.6b_1024d,cn_def,ROOT-52DE,2547.25,2649.25
qwen3_0.6b_1024d,cn_def,ROOT-52F9,1287.8,1441.9
qwen3_0.6b_1024d,cn_def,ROOT-52FA,1451.1,1585.7
qwen3_0.6b_1024d,cn_def,ROOT-52FB,1244.3333333333333,1495.0
qwen3_0.6b_1024d,cn_def,ROOT-52FF,1228.0,1289.3333333333333
qwen3_0.6b_1024d,cn_def,ROOT-5303,1499.1333333333334,1505.4666666666667
qwen3_0.6b_1024d,cn_def,ROOT-5305,2330.230769230769,2077.5384615384614
qwen3_0.6b_1024d,cn_def,ROOT-5315,1486.5217391304348,1491.304347826087
qwen3_0.6b_1024d,cn_def,ROOT-5317,1685.0,1295.0
qwen3_0.6b_1024d,cn_def,ROOT-5321,3486.0,3461.0
qwen3_0.6b_1024d,cn_def,ROOT-5340,1271.9166666666667,1506.25
qwen3_0.6b_1024d,cn_def,ROOT-5341,2051.3333333333335,1386.6666666666667
qwen3_0.6b_1024d,cn_def,ROOT-5347,317.0,255.0
qwen3_0.6b_1024d,cn_def,ROOT-5348,1774.75,2164.25
qwen3_0.6b_1024d,cn_def,ROOT-5349,1489.25,1527.5
qwen3_0.6b_1024d,cn_def,ROOT-534A,479.57142857142856,567.5714285714286
qwen3_0.6b_1024d,cn_def,ROOT-5351,1300.4545454545455,1282.4545454545455
qwen3_0.6b_1024d,cn_def,ROOT-5352,832.0833333333334,995.75
qwen3_0.6b_1024d,cn_def,ROOT-5353,577.2,921.0
qwen3_0.6b_1024d,cn_def,ROOT-5357,2523.0,1852.6666666666667
qwen3_0.6b_1024d,cn_def,ROOT-535C,1196.25,1364.5
qwen3_0.6b_1024d,cn_def,ROOT-5360,1022.3076923076923,1330.5384615384614
qwen3_0.6b_1024d,cn_def,ROOT-5371,2470.0,2074.3333333333335
qwen3_0.6b_1024d,cn_def,ROOT-5373,593.5,679.0
qwen3_0.6b_1024d,cn_def,ROOT-5377,637.0,709.8333333333334
qwen3_0.6b_1024d,cn_def,ROOT-5378,415.6666666666667,400.0
qwen3_0.6b_1024d,cn_def,ROOT-5384,1876.6666666666667,1553.0
qwen3_0.6b_1024d,cn_def,ROOT-539F,697.5,980.75
qwen3_0.6b_1024d,cn_def,ROOT-53B6,722.0909090909091,798.2727272727273
qwen3_0.6b_1024d,cn_def,ROOT-53BB,2999.6666666666665,3550.0
qwen3_0.6b_1024d,cn_def,ROOT-53C3,2102.5,1957.8333333333333
qwen3_0.6b_1024d,cn_def,ROOT-53C8,1665.6666666666667,1464.5333333333333
qwen3_0.6b_1024d,cn_def,ROOT-53C9,1176.0,1755.5
qwen3_0.6b_1024d,cn_def,ROOT-53CA,789.7142857142857,1118.7142857142858
qwen3_0.6b_1024d,cn_def,ROOT-53CD,1565.4,2439.0
qwen3_0.6b_1024d,cn_def,ROOT-53D6,517.3333333333334,557.3333333333334
qwen3_0.6b_1024d,cn_def,ROOT-53D7,1314.5,1076.5
qwen3_0.6b_1024d,cn_def,ROOT-53E3,1946.3333333333333,1255.0
qwen3_0.6b_1024d,cn_def,ROOT-53E4,1658.576923076923,1773.9615384615386
qwen3_0.6b_1024d,cn_def,ROOT-53EA,2511.0,5161.0
qwen3_0.6b_1024d,cn_def,ROOT-53F2,3902.0,4170.0
qwen3_0.6b_1024d,cn_def,ROOT-53F8,387.5,377.5
qwen3_0.6b_1024d,cn_def,ROOT-5404,1309.111111111111,1594.0740740740741
qwen3_0.6b_1024d,cn_def,ROOT-5408,698.0769230769231,490.53846153846155
qwen3_0.6b_1024d,cn_def,ROOT-5409,1555.111111111111,1598.3333333333333
qwen3_0.6b_1024d,cn_def,ROOT-540C,1860.8333333333333,1818.6666666666667
qwen3_0.6b_1024d,cn_def,ROOT-540D,282.0,321.3333333333333
qwen3_0.6b_1024d,cn_def,ROOT-540E,622.3333333333334,1443.0
qwen3_0.6b_1024d,cn_def,ROOT-5411,1033.0,1199.0
qwen3_0.6b_1024d,cn_def,ROOT-5433,1383.6666666666667,883.6666666666666
qwen3_0.6b_1024d,cn_def,ROOT-5442,1721.25,1090.5
qwen3_0.6b_1024d,cn_def,ROOT-544A,1028.25,1309.625
qwen3_0.6b_1024d,cn_def,ROOT-5468,2205.846153846154,2580.3846153846152
qwen3_0.6b_1024d,cn_def,ROOT-548E,2027.5,1905.5
qwen3_0.6b_1024d,cn_def,ROOT-54B8,631.5714285714286,538.4285714285714
qwen3_0.6b_1024d,cn_def,ROOT-54E1,1071.6,1169.6
qwen3_0.6b_1024d,cn_def,ROOT-54E5,-542.0,-566.0
qwen3_0.6b_1024d,cn_def,ROOT-5584,476.3333333333333,921.6666666666666
qwen3_0.6b_1024d,cn_def,ROOT-55AE,1631.7,1898.0
qwen3_0.6b_1024d,cn_def,ROOT-55C7,2754.3333333333335,3050.0
qwen3_0.6b_1024d,cn_def,ROOT-56B4,675.0,399.0
qwen3_0.6b_1024d,cn_def,ROOT-56D7,1078.0,1029.7777777777778
qwen3_0.6b_1024d,cn_def,ROOT-56DA,2659.0,3028.0
qwen3_0.6b_1024d,cn_def,ROOT-56DB,3098.0,2668.0
qwen3_0.6b_1024d,cn_def,ROOT-56DE,2971.0,2996.5
qwen3_0.6b_1024d,cn_def,ROOT-56E0,1150.75,1339.75
qwen3_0.6b_1024d,cn_def,ROOT-56F0,2758.0,3459.0
qwen3_0.6b_1024d,cn_def,ROOT-56F7,2220.0,2010.0
qwen3_0.6b_1024d,cn_def,ROOT-56FA,1367.6,974.6
qwen3_0.6b_1024d,cn_def,ROOT-571F,3001.75,2692.0
qwen3_0.6b_1024d,cn_def,ROOT-572D,1431.357142857143,1625.0714285714287
qwen3_0.6b_1024d,cn_def,ROOT-5750,1030.6666666666667,1003.0
qwen3_0.6b_1024d,cn_def,ROOT-57F6,1669.0,2336.0
qwen3_0.6b_1024d,cn_def,ROOT-57F7,2031.5,2159.0
qwen3_0.6b_1024d,cn_def,ROOT-5807,783.1666666666666,608.0
qwen3_0.6b_1024d,cn_def,ROOT-582F,1019.8571428571429,1228.142857142857
qwen3_0.6b_1024d,cn_def,ROOT-58EB,1452.0,1869.75
qwen3_0.6b_1024d,cn_def,ROOT-58EC,1344.5,1181.625
qwen3_0.6b_1024d,cn_def,ROOT-58F4,13.0,-7.333333333333333
qwen3_0.6b_1024d,cn_def,ROOT-58F9,3815.0,4517.0
qwen3_0.6b_1024d,cn_def,ROOT-58FD,1857.6666666666667,3121.3333333333335
qwen3_0.6b_1024d,cn_def,ROOT-5903,463.0,1550.0
qwen3_0.6b_1024d,cn_def,ROOT-590F,2433.0,2395.0
qwen3_0.6b_1024d,cn_def,ROOT-5915,19.0,46.0
qwen3_0.6b_1024d,cn_def,ROOT-5917,1774.4285714285713,2044.0
qwen3_0.6b_1024d,cn_def,ROOT-591A,803.5,1252.0
qwen3_0.6b_1024d,cn_def,ROOT-591C,820.0,1077.3333333333333
qwen3_0.6b_1024d,cn_def,ROOT-5927,880.0,1210.0
qwen3_0.6b_1024d,cn_def,ROOT-5929,1372.0,1382.6666666666667
qwen3_0.6b_1024d,cn_def,ROOT-592A,59.0,62.0
qwen3_0.6b_1024d,cn_def,ROOT-592B,3773.0,3611.0
qwen3_0.6b_1024d,cn_def,ROOT-592D,183.75,143.0
qwen3_0.6b_1024d,cn_def,ROOT-592E,2382.9,2744.8
qwen3_0.6b_1024d,cn_def,ROOT-5932,1949.5,1933.5
qwen3_0.6b_1024d,cn_def,ROOT-5937,2302.0,2819.0
qwen3_0.6b_1024d,cn_def,ROOT-593E,1201.6666666666667,1428.0
qwen3_0.6b_1024d,cn_def,ROOT-5944,977.4,762.6
qwen3_0.6b_1024d,cn_def,ROOT-5948,1873.0,654.0
qwen3_0.6b_1024d,cn_def,ROOT-5949,533.0,388.6666666666667
qwen3_0.6b_1024d,cn_def,ROOT-594F,2195.0,1456.0
qwen3_0.6b_1024d,cn_def,ROOT-5950,900.5,1180.25
qwen3_0.6b_1024d,cn_def,ROOT-595A,1990.5,2727.5
qwen3_0.6b_1024d,cn_def,ROOT-5967,1772.25,1487.75
qwen3_0.6b_1024d,cn_def,ROOT-5973,946.8571428571429,1295.0
qwen3_0.6b_1024d,cn_def,ROOT-59A5,2516.5,4213.0
qwen3_0.6b_1024d,cn_def,ROOT-59BB,1493.0,1824.5
qwen3_0.6b_1024d,cn_def,ROOT-59BE,85.0,322.5
qwen3_0.6b_1024d,cn_def,ROOT-5A41,2028.5,1954.9
qwen3_0.6b_1024d,cn_def,ROOT-5B50,9.666666666666666,227.0
qwen3_0.6b_1024d,cn_def,ROOT-5B54,3277.0,3400.0
qwen3_0.6b_1024d,cn_def,ROOT-5B58,2510.0,3056.0
qwen3_0.6b_1024d,cn_def,ROOT-5B5A,2264.5,2651.25
qwen3_0.6b_1024d,cn_def,ROOT-5B5D,1391.5,1783.0
qwen3_0.6b_1024d,cn_def,ROOT-5B63,3025.0,3008.0
qwen3_0.6b_1024d,cn_def,ROOT-5B68,1472.0,2364.0
qwen3_0.6b_1024d,cn_def,ROOT-5B6B,1375.0,1757.5
qwen3_0.6b_1024d,cn_def,ROOT-5B83,1033.125,443.5
qwen3_0.6b_1024d,cn_def,ROOT-5B88,194.0,542.0
qwen3_0.6b_1024d,cn_def,ROOT-5B89,1958.25,2431.25
qwen3_0.6b_1024d,cn_def,ROOT-5B97,1113.3333333333333,1364.0
qwen3_0.6b_1024d,cn_def,ROOT-5B98,1734.142857142857,1714.4285714285713
qwen3_0.6b_1024d,cn_def,ROOT-5B9A,2676.3333333333335,3183.6666666666665
qwen3_0.6b_1024d,cn_def,ROOT-5B9C,-4.0,-2.0
qwen3_0.6b_1024d,cn_def,ROOT-5BA3,2395.5,3114.5
qwen3_0.6b_1024d,cn_def,ROOT-5BB3,1970.6666666666667,1317.0
qwen3_0.6b_1024d,cn_def,ROOT-5BB6,781.0,704.5
qwen3_0.6b_1024d,cn_def,ROOT-5BBF,1560.0,333.0
qwen3_0.6b_1024d,cn_def,ROOT-5BC5,-52.0,-205.0
qwen3_0.6b_1024d,cn_def,ROOT-5BCD,2109.0,2315.0
qwen3_0.6b_1024d,cn_def,ROOT-5BF8,660.5,1102.0
qwen3_0.6b_1024d,cn_def,ROOT-5C07,655.8,742.0
qwen3_0.6b_1024d,cn_def,ROOT-5C08,1095.1666666666667,1246.3333333333333
qwen3_0.6b_1024d,cn_def,ROOT-5C09,1369.3333333333333,1458.6666666666667
qwen3_0.6b_1024d,cn_def,ROOT-5C0A,2494.0,2048.0
qwen3_0.6b_1024d,cn_def,ROOT-5C0B,2000.0,2047.0
qwen3_0.6b_1024d,cn_def,ROOT-5C0D,3529.0,4521.0
qwen3_0.6b_1024d,cn_def,ROOT-5C0F,1627.6842105263158,2136.684210526316
qwen3_0.6b_1024d,cn_def,ROOT-5C17,2286.75,1809.625
qwen3_0.6b_1024d,cn_def,ROOT-5C1A,1855.047619047619,1927.2380952380952
qwen3_0.6b_1024d,cn_def,ROOT-5C39,413.5,696.5
qwen3_0.6b_1024d,cn_def,ROOT-5C3E,314.0,349.0
qwen3_0.6b_1024d,cn_def,ROOT-5C40,2619.0,2978.0
qwen3_0.6b_1024d,cn_def,ROOT-5C48,207.0,153.0
qwen3_0.6b_1024d,cn_def,ROOT-5C4B,1802.2,2366.8
qwen3_0.6b_1024d,cn_def,ROOT-5C55,1535.5,1246.0
qwen3_0.6b_1024d,cn_def,ROOT-5C6F,1214.1666666666667,1242.3333333333333
qwen3_0.6b_1024d,cn_def,ROOT-5C70,1897.5,1898.25
qwen3_0.6b_1024d,cn_def,ROOT-5C71,1611.5,1419.25
qwen3_0.6b_1024d,cn_def,ROOT-5CA1,1119.0,372.25
qwen3_0.6b_1024d,cn_def,ROOT-5CF6,1526.0,1388.0
qwen3_0.6b_1024d,cn_def,ROOT-5DDD,836.75,1111.25
qwen3_0.6b_1024d,cn_def,ROOT-5DDE,1094.5,1503.0
qwen3_0.6b_1024d,cn_def,ROOT-5DDF,3416.0,3972.0
qwen3_0.6b_1024d,cn_def,ROOT-5DE2,2201.0,1392.0
qwen3_0.6b_1024d,cn_def,ROOT-5DE5,1342.111111111111,1326.3333333333333
qwen3_0.6b_1024d,cn_def,ROOT-5DE6,49.0,23.0
qwen3_0.6b_1024d,cn_def,ROOT-5DE8,1355.857142857143,1453.7142857142858
qwen3_0.6b_1024d,cn_def,ROOT-5DEB,158.0,112.0
qwen3_0.6b_1024d,cn_def,ROOT-5DEE,1845.0,2704.0
qwen3_0.6b_1024d,cn_def,ROOT-5DF1,1320.4444444444443,1267.2222222222222
qwen3_0.6b_1024d,cn_def,ROOT-5DF3,314.6666666666667,842.3333333333334
qwen3_0.6b_1024d,cn_def,ROOT-5DF4,2139.0,2902.0
qwen3_0.6b_1024d,cn_def,ROOT-5DFF,1646.5,1866.5
qwen3_0.6b_1024d,cn_def,ROOT-5E00,2240.5,1043.5
qwen3_0.6b_1024d,cn_def,ROOT-5E0C,581.75,463.5
qwen3_0.6b_1024d,cn_def,ROOT-5E1A,1231.0,1783.5
qwen3_0.6b_1024d,cn_def,ROOT-5E1D,1165.5,1453.5
qwen3_0.6b_1024d,cn_def,ROOT-5E2D,0.0,0.0
qwen3_0.6b_1024d,cn_def,ROOT-5E36,886.0,894.0
qwen3_0.6b_1024d,cn_def,ROOT-5E72,1254.9333333333334,1497.7333333333333
qwen3_0.6b_1024d,cn_def,ROOT-5E73,1095.4285714285713,1298.142857142857
qwen3_0.6b_1024d,cn_def,ROOT-5E78,1.0,-3.0
qwen3_0.6b_1024d,cn_def,ROOT-5E79,530.0,593.0
qwen3_0.6b_1024d,cn_def,ROOT-5E7A,601.8,638.8
qwen3_0.6b_1024d,cn_def,ROOT-5E9A,1675.6666666666667,1314.0
qwen3_0.6b_1024d,cn_def,ROOT-5EB6,2782.6666666666665,2648.0
qwen3_0.6b_1024d,cn_def,ROOT-5EB7,1872.0,2154.5
qwen3_0.6b_1024d,cn_def,ROOT-5EFA,2009.75,2161.25
qwen3_0.6b_1024d,cn_def,ROOT-5F01,567.0,875.0
qwen3_0.6b_1024d,cn_def,ROOT-5F0B,1529.2727272727273,1473.909090909091
qwen3_0.6b_1024d,cn_def,ROOT-5F0D,3432.0,3586.0
qwen3_0.6b_1024d,cn_def,ROOT-5F13,1218.5,1310.5
qwen3_0.6b_1024d,cn_def,ROOT-5F15,5077.0,3905.0
qwen3_0.6b_1024d,cn_def,ROOT-5F17,780.5714285714286,1332.857142857143
qwen3_0.6b_1024d,cn_def,ROOT-5F1F,1143.5555555555557,894.0
qwen3_0.6b_1024d,cn_def,ROOT-5F31,842.5,927.0
qwen3_0.6b_1024d,cn_def,ROOT-5F56,742.75,342.75
qwen3_0.6b_1024d,cn_def,ROOT-5F57,1583.0,1675.0
qwen3_0.6b_1024d,cn_def,ROOT-5F6D,769.5,921.0
qwen3_0.6b_1024d,cn_def,ROOT-5F9E,1498.2,1571.0
qwen3_0.6b_1024d,cn_def,ROOT-5FB9,247.0,174.0
qwen3_0.6b_1024d,cn_def,ROOT-5FC3,1349.0,1269.5
qwen3_0.6b_1024d,cn_def,ROOT-5FC5,883.2,675.8
qwen3_0.6b_1024d,cn_def,ROOT-601D,5039.0,4587.0
qwen3_0.6b_1024d,cn_def,ROOT-606F,1921.0,2924.0
qwen3_0.6b_1024d,cn_def,ROOT-60E0,3979.0,4207.5
qwen3_0.6b_1024d,cn_def,ROOT-610F,911.0,834.0
qwen3_0.6b_1024d,cn_def,ROOT-611B,1142.0,1115.0
qwen3_0.6b_1024d,cn_def,ROOT-6208,887.0,617.0
qwen3_0.6b_1024d,cn_def,ROOT-620A,-241.0,-273.0
qwen3_0.6b_1024d,cn_def,ROOT-620D,2172.5,2794.5
qwen3_0.6b_1024d,cn_def,ROOT-620E,2858.0,3406.0
qwen3_0.6b_1024d,cn_def,ROOT-6211,2512.75,1873.5
qwen3_0.6b_1024d,cn_def,ROOT-6212,1213.5,1218.0
qwen3_0.6b_1024d,cn_def,ROOT-6214,2116.0,2724.0
qwen3_0.6b_1024d,cn_def,ROOT-6216,1467.8333333333333,1324.5
qwen3_0.6b_1024d,cn_def,ROOT-6236,146.0,184.5
qwen3_0.6b_1024d,cn_def,ROOT-6241,945.125,920.125
qwen3_0.6b_1024d,cn_def,ROOT-6247,1092.0,289.0
qwen3_0.6b_1024d,cn_def,ROOT-624B,1094.3333333333333,869.8333333333334
qwen3_0.6b_1024d,cn_def,ROOT-624D,2673.25,2804.25
qwen3_0.6b_1024d,cn_def,ROOT-6298,1465.3333333333333,2271.0
qwen3_0.6b_1024d,cn_def,ROOT-62DC,408.0,588.0
qwen3_0.6b_1024d,cn_def,ROOT-652F,1591.9,2227.9
qwen3_0.6b_1024d,cn_def,ROOT-6538,2051.3636363636365,2431.5454545454545
qwen3_0.6b_1024d,cn_def,ROOT-6544,5222.0,4964.0
qwen3_0.6b_1024d,cn_def,ROOT-6556,1922.0,2704.6666666666665
qwen3_0.6b_1024d,cn_def,ROOT-6562,3110.5,2244.0
qwen3_0.6b_1024d,cn_def,ROOT-6563,2354.0,1921.5
qwen3_0.6b_1024d,cn_def,ROOT-6566,-414.0,-492.0
qwen3_0.6b_1024d,cn_def,ROOT-6578,2619.0,4103.0
qwen3_0.6b_1024d,cn_def,ROOT-6587,1138.0,1104.888888888889
qwen3_0.6b_1024d,cn_def,ROOT-6597,1287.0,1182.0
qwen3_0.6b_1024d,cn_def,ROOT-65A4,1874.8,1682.8666666666666
qwen3_0.6b_1024d,cn_def,ROOT-65AC,976.5,1101.0
qwen3_0.6b_1024d,cn_def,ROOT-65B0,3106.0,3853.0
qwen3_0.6b_1024d,cn_def,ROOT-65B9,1465.5333333333333,1450.3333333333333
qwen3_0.6b_1024d,cn_def,ROOT-65BC,2557.5,2822.75
qwen3_0.6b_1024d,cn_def,ROOT-65C1,1640.2,1822.4
qwen3_0.6b_1024d,cn_def,ROOT-65CB,2979.0,4028.0
qwen3_0.6b_1024d,cn_def,ROOT-65CF,-27.0,158.33333333333334
qwen3_0.6b_1024d,cn_def,ROOT-65E6,854.3333333333334,858.1666666666666
qwen3_0.6b_1024d,cn_def,ROOT-65E8,1680.2,1784.2
qwen3_0.6b_1024d,cn_def,ROOT-65EC,1073.625,874.625
qwen3_0.6b_1024d,cn_def,ROOT-6606,1177.8,1589.0
qwen3_0.6b_1024d,cn_def,ROOT-660C,2046.6,2176.8
qwen3_0.6b_1024d,cn_def,ROOT-660E,-2315.0,-2284.0
qwen3_0.6b_1024d,cn_def,ROOT-660F,1768.0,721.0
qwen3_0.6b_1024d,cn_def,ROOT-6613,2108.8571428571427,1983.5714285714287
qwen3_0.6b_1024d,cn_def,ROOT-6614,2560.0,1673.5
qwen3_0.6b_1024d,cn_def,ROOT-661C,-934.0,-1491.0
qwen3_0.6b_1024d,cn_def,ROOT-661F,916.0,1164.25
qwen3_0.6b_1024d,cn_def,ROOT-6625,2975.0,350.0
qwen3_0.6b_1024d,cn_def,ROOT-662F,2101.0,2511.8333333333335
qwen3_0.6b_1024d,cn_def,ROOT-6631,0.0,-1.0
qwen3_0.6b_1024d,cn_def,ROOT-6649,1942.0,1277.0
qwen3_0.6b_1024d,cn_def,ROOT-66F0,453.0,1412.0
qwen3_0.6b_1024d,cn_def,ROOT-66F4,1377.0,2287.0
qwen3_0.6b_1024d,cn_def,ROOT-66FC,2188.6,2610.2
qwen3_0.6b_1024d,cn_def,ROOT-66FE,1297.25,1279.875
qwen3_0.6b_1024d,cn_def,ROOT-6700,2182.0,2971.0
qwen3_0.6b_1024d,cn_def,ROOT-6703,2507.625,2538.875
qwen3_0.6b_1024d,cn_def,ROOT-670B,2457.6,2586.6
qwen3_0.6b_1024d,cn_def,ROOT-6715,211.5,213.0
qwen3_0.6b_1024d,cn_def,ROOT-671D,1031.3333333333333,518.6666666666666
qwen3_0.6b_1024d,cn_def,ROOT-6728,1362.0,2108.0
qwen3_0.6b_1024d,cn_def,ROOT-672A,2706.0,2274.0
qwen3_0.6b_1024d,cn_def,ROOT-672B,3279.75,2605.75
qwen3_0.6b_1024d,cn_def,ROOT-672C,-120.0,-90.0
qwen3_0.6b_1024d,cn_def,ROOT-672E,1195.0,1319.3333333333333
qwen3_0.6b_1024d,cn_def,ROOT-6731,770.0,586.0
qwen3_0.6b_1024d,cn_def,ROOT-6735,58.0,120.0
qwen3_0.6b_1024d,cn_def,ROOT-6740,-16.0,-92.0
qwen3_0.6b_1024d,cn_def,ROOT-675F,572.75,718.25
qwen3_0.6b_1024d,cn_def,ROOT-6771,1214.0,1435.4444444444443
qwen3_0.6b_1024d,cn_def,ROOT-6797,1707.7142857142858,1766.0
qwen3_0.6b_1024d,cn_def,ROOT-679C,820.75,674.875
qwen3_0.6b_1024d,cn_def,ROOT-67D0,1828.0,1591.0
qwen3_0.6b_1024d,cn_def,ROOT-67EC,1752.85,2021.9
qwen3_0.6b_1024d,cn_def,ROOT-6817,323.0,120.0
qwen3_0.6b_1024d,cn_def,ROOT-6840,48.5,64.5
qwen3_0.6b_1024d,cn_def,ROOT-6851,3011.0,2029.0
qwen3_0.6b_1024d,cn_def,ROOT-69AE,1307.5,1744.5
qwen3_0.6b_1024d,cn_def,ROOT-6A02,1607.8,2487.2
qwen3_0.6b_1024d,cn_def,ROOT-6A0A,925.0,865.0
qwen3_0.6b_1024d,cn_def,ROOT-6B20,3174.0,2209.5
qwen3_0.6b_1024d,cn_def,ROOT-6B2E,2024.0,1153.6
qwen3_0.6b_1024d,cn_def,ROOT-6B62,1718.3333333333333,1708.3333333333333
qwen3_0.6b_1024d,cn_def,ROOT-6B63,1379.2,1531.2
qwen3_0.6b_1024d,cn_def,ROOT-6B65,50.0,-33.0
qwen3_0.6b_1024d,cn_def,ROOT-6B66,3577.0,3265.0
qwen3_0.6b_1024d,cn_def,ROOT-6BB5,2222.5,1920.0
qwen3_0.6b_1024d,cn_def,ROOT-6BB7,2356.0,1662.0
qwen3_0.6b_1024d,cn_def,ROOT-6BBF,1353.0,2278.0
qwen3_0.6b_1024d,cn_def,ROOT-6BC0,15.0,18.0
qwen3_0.6b_1024d,cn_def,ROOT-6BCC,1532.0,1983.0
qwen3_0.6b_1024d,cn_def,ROOT-6BCD,252.33333333333334,233.66666666666666
qwen3_0.6b_1024d,cn_def,ROOT-6BCE,-193.0,-235.0
qwen3_0.6b_1024d,cn_def,ROOT-6BD4,1537.4444444444443,2093.1111111111113
qwen3_0.6b_1024d,cn_def,ROOT-6BDB,1771.0,1573.5
qwen3_0.6b_1024d,cn_def,ROOT-6BF3,246.0,-88.0
qwen3_0.6b_1024d,cn_def,ROOT-6C0F,2500.6666666666665,2434.6666666666665
qwen3_0.6b_1024d,cn_def,ROOT-6C10,1388.6,1026.6
qwen3_0.6b_1024d,cn_def,ROOT-6C11,1344.3333333333333,1857.0
qwen3_0.6b_1024d,cn_def,ROOT-6C14,3058.0,3241.0
qwen3_0.6b_1024d,cn_def,ROOT-6C38,2133.0,2087.5
qwen3_0.6b_1024d,cn_def,ROOT-6C42,2057.8,2496.2
qwen3_0.6b_1024d,cn_def,ROOT-6C93,1530.0,2366.0
qwen3_0.6b_1024d,cn_def,ROOT-6C99,2684.0,1312.25
qwen3_0.6b_1024d,cn_def,ROOT-6C9B,893.0,981.0
qwen3_0.6b_1024d,cn_def,ROOT-6CC9,2661.5,2373.0
qwen3_0.6b_1024d,cn_def,ROOT-6CD5,3395.0,4161.0
qwen3_0.6b_1024d,cn_def,ROOT-6D3B,69.0,56.0
qwen3_0.6b_1024d,cn_def,ROOT-6ED5,2568.5,2809.0
qwen3_0.6b_1024d,cn_def,ROOT-6FD5,7.0,9.0
qwen3_0.6b_1024d,cn_def,ROOT-706B,1169.0,1142.0
qwen3_0.6b_1024d,cn_def,ROOT-708E,1429.6666666666667,2047.5
qwen3_0.6b_1024d,cn_def,ROOT-7097,870.6363636363636,705.1818181818181
qwen3_0.6b_1024d,cn_def,ROOT-70CF,1711.3333333333333,2597.6666666666665
qwen3_0.6b_1024d,cn_def,ROOT-7109,2357.5,1738.5
qwen3_0.6b_1024d,cn_def,ROOT-7121,2400.0,1723.0
qwen3_0.6b_1024d,cn_def,ROOT-7126,823.0,849.75
qwen3_0.6b_1024d,cn_def,ROOT-7136,1580.0,1241.0
qwen3_0.6b_1024d,cn_def,ROOT-718F,2014.0,1225.0
qwen3_0.6b_1024d,cn_def,ROOT-71D5,2977.0,2925.0
qwen3_0.6b_1024d,cn_def,ROOT-71DF,36.0,21.0
qwen3_0.6b_1024d,cn_def,ROOT-722A,46.0,35.0
qwen3_0.6b_1024d,cn_def,ROOT-722D,1143.5,828.1666666666666
qwen3_0.6b_1024d,cn_def,ROOT-7230,1114.857142857143,1532.0
qwen3_0.6b_1024d,cn_def,ROOT-7235,1784.0,1398.0
qwen3_0.6b_1024d,cn_def,ROOT-7236,1070.5714285714287,916.7857142857143
qwen3_0.6b_1024d,cn_def,ROOT-723B,2044.3333333333333,2604.3333333333335
qwen3_0.6b_1024d,cn_def,ROOT-723E,823.6666666666666,1337.0
qwen3_0.6b_1024d,cn_def,ROOT-723F,1470.8333333333333,1806.5
qwen3_0.6b_1024d,cn_def,ROOT-7259,1088.5714285714287,1048.7142857142858
qwen3_0.6b_1024d,cn_def,ROOT-72AC,513.0,568.0
qwen3_0.6b_1024d,cn_def,ROOT-72C2,262.0,329.0
qwen3_0.6b_1024d,cn_def,ROOT-72C4,2344.0,929.0
qwen3_0.6b_1024d,cn_def,ROOT-7312,1275.5,706.0
qwen3_0.6b_1024d,cn_def,ROOT-7384,1341.3333333333333,1257.6666666666667
qwen3_0.6b_1024d,cn_def,ROOT-7387,4689.0,5057.0
qwen3_0.6b_1024d,cn_def,ROOT-7389,-212.0,-630.0
qwen3_0.6b_1024d,cn_def,ROOT-738B,-13.5,299.5
qwen3_0.6b_1024d,cn_def,ROOT-74DC,2465.6,1850.4
qwen3_0.6b_1024d,cn_def,ROOT-7518,3043.8571428571427,2013.7142857142858
qwen3_0.6b_1024d,cn_def,ROOT-751A,973.5,1146.5
qwen3_0.6b_1024d,cn_def,ROOT-751F,1885.6666666666667,1862.5
qwen3_0.6b_1024d,cn_def,ROOT-7522,1189.0,1682.3333333333333
qwen3_0.6b_1024d,cn_def,ROOT-7528,1304.6875,1674.9375
qwen3_0.6b_1024d,cn_def,ROOT-752B,1611.1875,1810.9375
qwen3_0.6b_1024d,cn_def,ROOT-7530,1437.5,1122.5
qwen3_0.6b_1024d,cn_def,ROOT-7531,1968.5,1961.8333333333333
qwen3_0.6b_1024d,cn_def,ROOT-7532,1718.888888888889,1758.111111111111
qwen3_0.6b_1024d,cn_def,ROOT-7533,906.75,970.75
qwen3_0.6b_1024d,cn_def,ROOT-754F,1249.0,1583.5
qwen3_0.6b_1024d,cn_def,ROOT-7550,2996.0,613.0
qwen3_0.6b_1024d,cn_def,ROOT-755C,-262.0,-479.0
qwen3_0.6b_1024d,cn_def,ROOT-7562,2589.0,3026.0
qwen3_0.6b_1024d,cn_def,ROOT-756B,2042.0,3066.0
qwen3_0.6b_1024d,cn_def,ROOT-7570,1457.0,2424.0
qwen3_0.6b_1024d,cn_def,ROOT-758B,767.5,1000.75
qwen3_0.6b_1024d,cn_def,ROOT-7591,1268.5,943.25
qwen3_0.6b_1024d,cn_def,ROOT-75BE,694.0,239.0
qwen3_0.6b_1024d,cn_def,ROOT-7678,-1796.0,-1456.5
qwen3_0.6b_1024d,cn_def,ROOT-7679,80.5,265.5
qwen3_0.6b_1024d,cn_def,ROOT-767D,1407.8,1597.5333333333333
qwen3_0.6b_1024d,cn_def,ROOT-7683,-514.0,-987.0
qwen3_0.6b_1024d,cn_def,ROOT-7686,1288.0,1417.1666666666667
qwen3_0.6b_1024d,cn_def,ROOT-7687,2885.0,3472.0
qwen3_0.6b_1024d,cn_def,ROOT-76AE,1322.1538461538462,1262.3076923076924
qwen3_0.6b_1024d,cn_def,ROOT-76BF,1565.6666666666667,1419.3333333333333
qwen3_0.6b_1024d,cn_def,ROOT-76CA,1056.75,1884.5
qwen3_0.6b_1024d,cn_def,ROOT-76CD,1673.0,1123.0
qwen3_0.6b_1024d,cn_def,ROOT-76E1,276.3333333333333,205.33333333333334
qwen3_0.6b_1024d,cn_def,ROOT-76E3,1971.0,2088.4545454545455
qwen3_0.6b_1024d,cn_def,ROOT-76F4,1072.3333333333333,1537.0
qwen3_0.6b_1024d,cn_def,ROOT-76F8,1981.1666666666667,2560.3333333333335
qwen3_0.6b_1024d,cn_def,ROOT-76FE,1899.0,2694.5
qwen3_0.6b_1024d,cn_def,ROOT-7707,1017.5,1043.0
qwen3_0.6b_1024d,cn_def,ROOT-7709,1363.0,516.0
qwen3_0.6b_1024d,cn_def,ROOT-771F,-334.0,-284.0
qwen3_0.6b_1024d,cn_def,ROOT-776A,623.0,904.0
qwen3_0.6b_1024d,cn_def,ROOT-777F,1502.0,1669.0
qwen3_0.6b_1024d,cn_def,ROOT-77DB,1059.4,1300.2
qwen3_0.6b_1024d,cn_def,ROOT-77E2,1615.1666666666667,1703.5
qwen3_0.6b_1024d,cn_def,ROOT-77F3,2007.25,2056.75
qwen3_0.6b_1024d,cn_def,ROOT-793A,-455.0,-538.0
qwen3_0.6b_1024d,cn_def,ROOT-796D,453.0,665.25
qwen3_0.6b_1024d,cn_def,ROOT-79B9,4170.0,2068.0
qwen3_0.6b_1024d,cn_def,ROOT-79BA,861.8888888888889,1123.2222222222222
qwen3_0.6b_1024d,cn_def,ROOT-79BB,4198.0,5263.0
qwen3_0.6b_1024d,cn_def,ROOT-79BE,1161.8181818181818,1273.8181818181818
qwen3_0.6b_1024d,cn_def,ROOT-79C0,1608.0,2175.6666666666665
qwen3_0.6b_1024d,cn_def,ROOT-79CB,2694.6,3375.0
qwen3_0.6b_1024d,cn_def,ROOT-79E6,2900.0,1925.0
qwen3_0.6b_1024d,cn_def,ROOT-7ACB,1360.5,1624.6666666666667
qwen3_0.6b_1024d,cn_def,ROOT-7ADF,1917.5,2123.5
qwen3_0.6b_1024d,cn_def,ROOT-7AE0,1656.4285714285713,1491.5714285714287
qwen3_0.6b_1024d,cn_def,ROOT-7AE5,1092.4285714285713,1171.5714285714287
qwen3_0.6b_1024d,cn_def,ROOT-7AF9,230.0,339.0
qwen3_0.6b_1024d,cn_def,ROOT-7B6E,2783.0,2629.0
qwen3_0.6b_1024d,cn_def,ROOT-7B97,527.0,61.0
qwen3_0.6b_1024d,cn_def,ROOT-7C73,1829.25,1623.5
qwen3_0.6b_1024d,cn_def,ROOT-7CFB,247.5,1202.5
qwen3_0.6b_1024d,cn_def,ROOT-7D2F,3990.0,4530.0
qwen3_0.6b_1024d,cn_def,ROOT-7DBF,897.0,239.0
qwen3_0.6b_1024d,cn_def,ROOT-7E23,-188.0,-235.0
qwen3_0.6b_1024d,cn_def,ROOT-7F54,1372.3333333333333,1484.6666666666667
qwen3_0.6b_1024d,cn_def,ROOT-7F72,3822.5,3257.5
qwen3_0.6b_1024d,cn_def,ROOT-7F77,52.0,123.0
qwen3_0.6b_1024d,cn_def,ROOT-7F85,1285.3333333333333,923.0
qwen3_0.6b_1024d,cn_def,ROOT-7F8A,658.0,561.4444444444445
qwen3_0.6b_1024d,cn_def,ROOT-7F94,-30.0,-147.0
qwen3_0.6b_1024d,cn_def,ROOT-7FA9,1794.6666666666667,2102.0
qwen3_0.6b_1024d,cn_def,ROOT-7FBD,-918.0,-918.0
qwen3_0.6b_1024d,cn_def,ROOT-7FD2,1572.6666666666667,1593.3333333333333
qwen3_0.6b_1024d,cn_def,ROOT-7FDF,1654.0,1957.8333333333333
qwen3_0.6b_1024d,cn_def,ROOT-8012,1274.0,1194.0
qwen3_0.6b_1024d,cn_def,ROOT-8033,1878.4,2028.2
qwen3_0.6b_1024d,cn_def,ROOT-8036,2409.0,1721.0
qwen3_0.6b_1024d,cn_def,ROOT-8076,751.8,671.2
qwen3_0.6b_1024d,cn_def,ROOT-807D,1633.0,918.0
qwen3_0.6b_1024d,cn_def,ROOT-807F,1441.142857142857,1232.4285714285713
qwen3_0.6b_1024d,cn_def,ROOT-80C3,1396.5,1783.0
qwen3_0.6b_1024d,cn_def,ROOT-810A,1751.0,1950.5
qwen3_0.6b_1024d,cn_def,ROOT-81E4,1013.5,998.0
qwen3_0.6b_1024d,cn_def,ROOT-81EA,204.0,109.5
qwen3_0.6b_1024d,cn_def,ROOT-81ED,261.5,174.5
qwen3_0.6b_1024d,cn_def,ROOT-81F3,1398.2857142857142,1824.5714285714287
qwen3_0.6b_1024d,cn_def,ROOT-81FE,2067.75,2631.0
qwen3_0.6b_1024d,cn_def,ROOT-8200,1594.0,2038.25
qwen3_0.6b_1024d,cn_def,ROOT-8201,319.3333333333333,560.3333333333334
qwen3_0.6b_1024d,cn_def,ROOT-8202,350.0,151.0
qwen3_0.6b_1024d,cn_def,ROOT-8204,2859.0,3756.0
qwen3_0.6b_1024d,cn_def,ROOT-821C,3150.0,3022.0
qwen3_0.6b_1024d,cn_def,ROOT-822C,1559.3333333333333,2425.6666666666665
qwen3_0.6b_1024d,cn_def,ROOT-826E,156.0,54.0
qwen3_0.6b_1024d,cn_def,ROOT-826F,2871.125,2338.625
qwen3_0.6b_1024d,cn_def,ROOT-82BB,1683.75,2049.25
qwen3_0.6b_1024d,cn_def,ROOT-82D7,2160.3333333333335,2062.6666666666665
qwen3_0.6b_1024d,cn_def,ROOT-82E5,653.25,707.25
qwen3_0.6b_1024d,cn_def,ROOT-830D,735.5,710.25
qwen3_0.6b_1024d,cn_def,ROOT-8332,688.5,298.5
qwen3_0.6b_1024d,cn_def,ROOT-83AB,1496.9333333333334,1585.8
qwen3_0.6b_1024d,cn_def,ROOT-83EF,788.0,256.0
qwen3_0.6b_1024d,cn_def,ROOT-8408,3358.0,2205.0
qwen3_0.6b_1024d,cn_def,ROOT-842C,1894.75,1635.0
qwen3_0.6b_1024d,cn_def,ROOT-8457,542.0,634.0
qwen3_0.6b_1024d,cn_def,ROOT-8499,1586.0,2131.0
qwen3_0.6b_1024d,cn_def,ROOT-8511,2688.0,3111.0
qwen3_0.6b_1024d,cn_def,ROOT-864D,240.0,390.0
qwen3_0.6b_1024d,cn_def,ROOT-864E,1691.0,2072.0
qwen3_0.6b_1024d,cn_def,ROOT-8650,2712.5,1640.0
qwen3_0.6b_1024d,cn_def,ROOT-865F,272.0,559.0
qwen3_0.6b_1024d,cn_def,ROOT-86A4,1753.0,2006.5
qwen3_0.6b_1024d,cn_def,ROOT-8700,1710.0,1916.4285714285713
qwen3_0.6b_1024d,cn_def,ROOT-8840,2431.0,2967.5
qwen3_0.6b_1024d,cn_def,ROOT-884C,2888.0,1888.0
qwen3_0.6b_1024d,cn_def,ROOT-884D,1053.0,1519.0
qwen3_0.6b_1024d,cn_def,ROOT-8863,639.0,1030.0
qwen3_0.6b_1024d,cn_def,ROOT-8870,2410.0,3373.0
qwen3_0.6b_1024d,cn_def,ROOT-8881,2746.0,2912.25
qwen3_0.6b_1024d,cn_def,ROOT-8944,1654.625,1881.25
qwen3_0.6b_1024d,cn_def,ROOT-897E,-334.0,-313.0
qwen3_0.6b_1024d,cn_def,ROOT-897F,526.3333333333334,182.0
qwen3_0.6b_1024d,cn_def,ROOT-8983,2016.5,2258.0
qwen3_0.6b_1024d,cn_def,ROOT-898B,3075.4,2192.2
qwen3_0.6b_1024d,cn_def,ROOT-898F,1618.0,1587.0
qwen3_0.6b_1024d,cn_def,ROOT-89AA,2292.5,3302.0
qwen3_0.6b_1024d,cn_def,ROOT-89BA,215.0,864.0
qwen3_0.6b_1024d,cn_def,ROOT-89D2,556.5,1099.0
qwen3_0.6b_1024d,cn_def,ROOT-89E3,2857.3333333333335,2104.6666666666665
qwen3_0.6b_1024d,cn_def,ROOT-8A79,1304.7777777777778,1546.888888888889
qwen3_0.6b_1024d,cn_def,ROOT-8C37,1692.9166666666667,1696.5833333333333
qwen3_0.6b_1024d,cn_def,ROOT-8C46,1282.9285714285713,1241.357142857143
qwen3_0.6b_1024d,cn_def,ROOT-8C48,1123.6666666666667,1161.1666666666667
qwen3_0.6b_1024d,cn_def,ROOT-8C50,1150.0,1155.0
qwen3_0.6b_1024d,cn_def,ROOT-8C5A,2885.0,1491.0
qwen3_0.6b_1024d,cn_def,ROOT-8C61,181.5,104.0
qwen3_0.6b_1024d,cn_def,ROOT-8C6A,2876.5,3270.0
qwen3_0.6b_1024d,cn_def,ROOT-8C9D,914.6666666666666,847.3333333333334
qwen3_0.6b_1024d,cn_def,ROOT-8C9E,1208.5,991.25
qwen3_0.6b_1024d,cn_def,ROOT-8CAC,1454.2,1458.2
qwen3_0.6b_1024d,cn_def,ROOT-8CB4,1637.75,2155.5
qwen3_0.6b_1024d,cn_def,ROOT-8CCF,3711.6,3169.8
qwen3_0.6b_1024d,cn_def,ROOT-8CEA,4102.0,2878.0
qwen3_0.6b_1024d,cn_def,ROOT-8D0A,2621.5,2413.0
qwen3_0.6b_1024d,cn_def,ROOT-8D1B,1434.0,1630.0
qwen3_0.6b_1024d,cn_def,ROOT-8D64,1434.0,1401.0
qwen3_0.6b_1024d,cn_def,ROOT-8D66,4719.0,4743.0
qwen3_0.6b_1024d,cn_def,ROOT-8D6B,2577.0,2823.0
qwen3_0.6b_1024d,cn_def,ROOT-8DB3,727.0,638.5
qwen3_0.6b_1024d,cn_def,ROOT-8ECD,1044.888888888889,1533.888888888889
qwen3_0.6b_1024d,cn_def,ROOT-8F9B,1626.6666666666667,1300.3333333333333
qwen3_0.6b_1024d,cn_def,ROOT-8F9F,1582.6666666666667,1862.9166666666667
qwen3_0.6b_1024d,cn_def,ROOT-8FB0,2088.875,2358.125
qwen3_0.6b_1024d,cn_def,ROOT-8FB1,1801.5,2085.0
qwen3_0.6b_1024d,cn_def,ROOT-8FB2,1152.5,1749.0
qwen3_0.6b_1024d,cn_def,ROOT-9000,430.5,509.0
qwen3_0.6b_1024d,cn_def,ROOT-9023,3011.8,3201.2
qwen3_0.6b_1024d,cn_def,ROOT-9054,577.6666666666666,1217.6666666666667
qwen3_0.6b_1024d,cn_def,ROOT-9077,2741.0,3477.0
qwen3_0.6b_1024d,cn_def,ROOT-9091,2288.0,2882.3333333333335
qwen3_0.6b_1024d,cn_def,ROOT-9095,32.0,-159.0
qwen3_0.6b_1024d,cn_def,ROOT-90A3,13.0,6.0
qwen3_0.6b_1024d,cn_def,ROOT-90CE,2898.0,1834.0
qwen3_0.6b_1024d,cn_def,ROOT-90ED,319.0,833.0
qwen3_0.6b_1024d,cn_def,ROOT-9109,935.5,1029.0
qwen3_0.6b_1024d,cn_def,ROOT-912D,3216.5,3022.5
qwen3_0.6b_1024d,cn_def,ROOT-9149,767.0,847.0
qwen3_0.6b_1024d,cn_def,ROOT-914B,-314.3333333333333,-500.6666666666667
qwen3_0.6b_1024d,cn_def,ROOT-91C6,1292.357142857143,1535.0
qwen3_0.6b_1024d,cn_def,ROOT-91C7,1959.0,2423.0
qwen3_0.6b_1024d,cn_def,ROOT-91CC,2427.0,2355.0
qwen3_0.6b_1024d,cn_def,ROOT-91CF,1096.0,1508.0
qwen3_0.6b_1024d,cn_def,ROOT-9577,2051.6666666666665,2025.3333333333333
qwen3_0.6b_1024d,cn_def,ROOT-9580,799.6666666666666,948.0
qwen3_0.6b_1024d,cn_def,ROOT-958F,2439.0,1501.0
qwen3_0.6b_1024d,cn_def,ROOT-9591,0.0,166.0
qwen3_0.6b_1024d,cn_def,ROOT-9592,2975.0,2671.0
qwen3_0.6b_1024d,cn_def,ROOT-95B5,1820.0,3653.0
qwen3_0.6b_1024d,cn_def,ROOT-961C,992.0,1077.0
qwen3_0.6b_1024d,cn_def,ROOT-9673,84.0,31.0
qwen3_0.6b_1024d,cn_def,ROOT-9686,836.0,1011.0
qwen3_0.6b_1024d,cn_def,ROOT-968B,452.5,959.5
qwen3_0.6b_1024d,cn_def,ROOT-96A8,3153.0,5656.0
qwen3_0.6b_1024d,cn_def,ROOT-96B9,1084.35,1381.75
qwen3_0.6b_1024d,cn_def,ROOT-96BB,605.0,293.0
qwen3_0.6b_1024d,cn_def,ROOT-96BC,-918.0,-696.0
qwen3_0.6b_1024d,cn_def,ROOT-96CB,1404.0,1373.0
qwen3_0.6b_1024d,cn_def,ROOT-96CD,2965.0,4052.0
qwen3_0.6b_1024d,cn_def,ROOT-96E3,1078.5,1475.5
qwen3_0.6b_1024d,cn_def,ROOT-96F7,777.5,1012.0
qwen3_0.6b_1024d,cn_def,ROOT-9700,2846.3333333333335,2862.5
qwen3_0.6b_1024d,cn_def,ROOT-9752,1102.0833333333333,994.75
qwen3_0.6b_1024d,cn_def,ROOT-975E,1428.5625,1523.875
qwen3_0.6b_1024d,cn_def,ROOT-9762,265.0,921.0
qwen3_0.6b_1024d,cn_def,ROOT-9808,2853.0,3668.0
qwen3_0.6b_1024d,cn_def,ROOT-983B,5566.0,5600.0
qwen3_0.6b_1024d,cn_def,ROOT-985B,3106.0,3059.0
qwen3_0.6b_1024d,cn_def,ROOT-9865,908.0,886.0
qwen3_0.6b_1024d,cn_def,ROOT-99AC,1458.0,1047.6666666666667
qwen3_0.6b_1024d,cn_def,ROOT-9AD8,914.5625,980.0
qwen3_0.6b_1024d,cn_def,ROOT-9B32,1709.3333333333333,1348.0
qwen3_0.6b_1024d,cn_def,ROOT-9B3C,1386.5,989.625
qwen3_0.6b_1024d,cn_def,ROOT-9B5A,2038.6666666666667,1182.6666666666667
qwen3_0.6b_1024d,cn_def,ROOT-9BAE,2751.0,1039.0
qwen3_0.6b_1024d,cn_def,ROOT-9E75,786.0,424.0
qwen3_0.6b_1024d,cn_def,ROOT-9E7F,1408.25,1749.25
qwen3_0.6b_1024d,cn_def,ROOT-9E97,1853.8,1402.0
qwen3_0.6b_1024d,cn_def,ROOT-9ED1,-89.0,-40.0
qwen3_0.6b_1024d,cn_def,ROOT-9EFD,3931.5,3318.0
qwen3_0.6b_1024d,cn_def,ROOT-9F13,4683.0,4684.0
qwen3_0.6b_1024d,cn_def,ROOT-9F4A,2414.8571428571427,2106.4285714285716
qwen3_0.6b_1024d,cn_def,ROOT-9F8D,1376.090909090909,1382.6363636363637
qwen3_0.6b_1024d,cn_def,ROOT-9FA0,258.0,382.5
qwen3_0.6b_1024d,en_def_translated_cn_def,ROOT-20000,1417.44,1952.44
qwen3_0.6b_1024d,en_def_translated_cn_def,ROOT-200A2,-20.0,293.0
qwen3_0.6b_1024d,en_def_translated_cn_def,ROOT-200A4,2650.6666666666665,3123.0
qwen3_0.6b_1024d,en_def_translated_cn_def,ROOT-2053E,-104.0,4.5
qwen3_0.6b_1024d,en_def_translated_cn_def,ROOT-20CCB,309.5,311.5
qwen3_0.6b_1024d,en_def_translated_cn_def,ROOT-2123C,1876.4166666666667,1800.4166666666667
qwen3_0.6b_1024d,en_def_translated_cn_def,ROOT-219CD,1381.125,1578.125
qwen3_0.6b_1024d,en_def_translated_cn_def,ROOT-21C55,1502.0,1748.0
qwen3_0.6b_1024d,en_def_translated_cn_def,ROOT-22398,471.0,601.0
qwen3_0.6b_1024d,en_def_translated_cn_def,ROOT-2274A,-289.0,-536.0
qwen3_0.6b_1024d,en_def_translated_cn_def,ROOT-2304B,4344.0,2768.0
qwen3_0.6b_1024d,en_def_translated_cn_def,ROOT-23386,2916.0,4241.0
qwen3_0.6b_1024d,en_def_translated_cn_def,ROOT-233DF,1580.8333333333333,1483.3333333333333
qwen3_0.6b_1024d,en_def_translated_cn_def,ROOT-2394F,1329.7142857142858,1566.7142857142858
qwen3_0.6b_1024d,en_def_translated_cn_def,ROOT-239BC,-206.5,-858.0
qwen3_0.6b_1024d,en_def_translated_cn_def,ROOT-25762,4353.0,4739.0
qwen3_0.6b_1024d,en_def_translated_cn_def,ROOT-26B07,4291.0,1312.0
qwen3_0.6b_1024d,en_def_translated_cn_def,ROOT-271A3,1370.3333333333333,2094.0
qwen3_0.6b_1024d,en_def_translated_cn_def,ROOT-27BAB,1910.0,2439.0
qwen3_0.6b_1024d,en_def_translated_cn_def,ROOT-342D,976.0,1701.3333333333333
qwen3_0.6b_1024d,en_def_translated_cn_def,ROOT-3431,590.0,703.0
qwen3_0.6b_1024d,en_def_translated_cn_def,ROOT-34B8,1170.5,1830.25
qwen3_0.6b_1024d,en_def_translated_cn_def,ROOT-34BC,1440.0,382.0
qwen3_0.6b_1024d,en_def_translated_cn_def,ROOT-34DE,1713.25,2621.75
qwen3_0.6b_1024d,en_def_translated_cn_def,ROOT-3563,326.1111111111111,112.55555555555556
qwen3_0.6b_1024d,en_def_translated_cn_def,ROOT-37A2,768.6666666666666,1067.4166666666667
qwen3_0.6b_1024d,en_def_translated_cn_def,ROOT-382F,2253.3125,1869.25
qwen3_0.6b_1024d,en_def_translated_cn_def,ROOT-3840,-127.6,86.2
qwen3_0.6b_1024d,en_def_translated_cn_def,ROOT-3E12,3560.0,4103.0
qwen3_0.6b_1024d,en_def_translated_cn_def,ROOT-4020,666.3333333333334,817.0
qwen3_0.6b_1024d,en_def_translated_cn_def,ROOT-41C2,685.4,464.4
qwen3_0.6b_1024d,en_def_translated_cn_def,ROOT-470C,110.0,116.0
qwen3_0.6b_1024d,en_def_translated_cn_def,ROOT-4E00,652.5,1512.5
qwen3_0.6b_1024d,en_def_translated_cn_def,ROOT-4E01,1669.0,2056.923076923077
qwen3_0.6b_1024d,en_def_translated_cn_def,ROOT-4E02,164.0,512.0
qwen3_0.6b_1024d,en_def_translated_cn_def,ROOT-4E03,349.0,1975.0
qwen3_0.6b_1024d,en_def_translated_cn_def,ROOT-4E08,1100.0,1163.5
qwen3_0.6b_1024d,en_def_translated_cn_def,ROOT-4E0D,972.25,1323.0
qwen3_0.6b_1024d,en_def_translated_cn_def,ROOT-4E0F,344.0,57.0
qwen3_0.6b_1024d,en_def_translated_cn_def,ROOT-4E11,1585.0,1920.3333333333333
qwen3_0.6b_1024d,en_def_translated_cn_def,ROOT-4E14,1336.3333333333333,1817.4444444444443
qwen3_0.6b_1024d,en_def_translated_cn_def,ROOT-4E16,2349.0,3753.0
qwen3_0.6b_1024d,en_def_translated_cn_def,ROOT-4E18,1897.5,2765.0
qwen3_0.6b_1024d,en_def_translated_cn_def,ROOT-4E19,2075.3333333333335,2302.3333333333335
qwen3_0.6b_1024d,en_def_translated_cn_def,ROOT-4E1E,124.5,227.5
qwen3_0.6b_1024d,en_def_translated_cn_def,ROOT-4E26,-457.0,-833.0
qwen3_0.6b_1024d,en_def_translated_cn_def,ROOT-4E2D,1200.5,2105.0
qwen3_0.6b_1024d,en_def_translated_cn_def,ROOT-4E30,3662.0,3062.5
qwen3_0.6b_1024d,en_def_translated_cn_def,ROOT-4E32,1398.0,2129.0
qwen3_0.6b_1024d,en_def_translated_cn_def,ROOT-4E36,1461.1666666666667,1506.1666666666667
qwen3_0.6b_1024d,en_def_translated_cn_def,ROOT-4E38,1477.0,997.0
qwen3_0.6b_1024d,en_def_translated_cn_def,ROOT-4E3F,639.7692307692307,602.4615384615385
qwen3_0.6b_1024d,en_def_translated_cn_def,ROOT-4E42,2828.0,3115.0
qwen3_0.6b_1024d,en_def_translated_cn_def,ROOT-4E43,415.6666666666667,377.0
qwen3_0.6b_1024d,en_def_translated_cn_def,ROOT-4E45,1555.3333333333333,1816.6666666666667
qwen3_0.6b_1024d,en_def_translated_cn_def,ROOT-4E47,634.0,643.0
qwen3_0.6b_1024d,en_def_translated_cn_def,ROOT-4E4B,2985.0,3316.0
qwen3_0.6b_1024d,en_def_translated_cn_def,ROOT-4E4D,922.0909090909091,1048.6363636363637
qwen3_0.6b_1024d,en_def_translated_cn_def,ROOT-4E4E,2791.0,3576.0
qwen3_0.6b_1024d,en_def_translated_cn_def,ROOT-4E4F,1435.6,1984.4
qwen3_0.6b_1024d,en_def_translated_cn_def,ROOT-4E58,-542.0,-436.0
qwen3_0.6b_1024d,en_def_translated_cn_def,ROOT-4E59,510.25,867.25
qwen3_0.6b_1024d,en_def_translated_cn_def,ROOT-4E5D,1532.857142857143,1701.142857142857
qwen3_0.6b_1024d,en_def_translated_cn_def,ROOT-4E5E,145.0,198.0
qwen3_0.6b_1024d,en_def_translated_cn_def,ROOT-4E5F,963.1666666666666,1110.6666666666667
qwen3_0.6b_1024d,en_def_translated_cn_def,ROOT-4E88,443.3333333333333,464.1666666666667
qwen3_0.6b_1024d,en_def_translated_cn_def,ROOT-4E8C,808.875,1365.875
qwen3_0.6b_1024d,en_def_translated_cn_def,ROOT-4E8E,1280.125,1280.75
qwen3_0.6b_1024d,en_def_translated_cn_def,ROOT-4E8F,1976.0,2677.6666666666665
qwen3_0.6b_1024d,en_def_translated_cn_def,ROOT-4E91,1759.1666666666667,2215.0
qwen3_0.6b_1024d,en_def_translated_cn_def,ROOT-4E94,1066.5833333333333,1331.0833333333333
qwen3_0.6b_1024d,en_def_translated_cn_def,ROOT-4E95,151.0,149.0
qwen3_0.6b_1024d,en_def_translated_cn_def,ROOT-4E9E,645.5,686.75
qwen3_0.6b_1024d,en_def_translated_cn_def,ROOT-4E9F,248.0,323.5
qwen3_0.6b_1024d,en_def_translated_cn_def,ROOT-4EA1,2427.0,1968.6666666666667
qwen3_0.6b_1024d,en_def_translated_cn_def,ROOT-4EA2,935.0,1293.3
qwen3_0.6b_1024d,en_def_translated_cn_def,ROOT-4EA4,1661.3333333333333,1741.1333333333334
qwen3_0.6b_1024d,en_def_translated_cn_def,ROOT-4EA5,1803.9166666666667,2678.75
qwen3_0.6b_1024d,en_def_translated_cn_def,ROOT-4EAC,1200.25,1161.875
qwen3_0.6b_1024d,en_def_translated_cn_def,ROOT-4EAE,116.0,41.0
qwen3_0.6b_1024d,en_def_translated_cn_def,ROOT-4EBA,134.33333333333334,288.6666666666667
qwen3_0.6b_1024d,en_def_translated_cn_def,ROOT-4EC1,354.0,243.0
qwen3_0.6b_1024d,en_def_translated_cn_def,ROOT-4EC4,1658.0,1741.0
qwen3_0.6b_1024d,en_def_translated_cn_def,ROOT-4ECA,1476.7777777777778,1932.388888888889
qwen3_0.6b_1024d,en_def_translated_cn_def,ROOT-4ECB,2605.6666666666665,2798.3333333333335
qwen3_0.6b_1024d,en_def_translated_cn_def,ROOT-4EE4,1577.6666666666667,1816.2666666666667
qwen3_0.6b_1024d,en_def_translated_cn_def,ROOT-4EE5,114.0,-12.5
qwen3_0.6b_1024d,en_def_translated_cn_def,ROOT-4F0F,3125.5,3150.0
qwen3_0.6b_1024d,en_def_translated_cn_def,ROOT-4F10,1878.5,2595.0
qwen3_0.6b_1024d,en_def_translated_cn_def,ROOT-4F59,1063.7,1468.7
qwen3_0.6b_1024d,en_def_translated_cn_def,ROOT-4F86,653.3333333333334,1918.6666666666667
qwen3_0.6b_1024d,en_def_translated_cn_def,ROOT-4F8C,1174.0,1000.0
qwen3_0.6b_1024d,en_def_translated_cn_def,ROOT-4F96,1511.142857142857,2025.4285714285713
qwen3_0.6b_1024d,en_def_translated_cn_def,ROOT-4FAF,-77.0,-92.0
qwen3_0.6b_1024d,en_def_translated_cn_def,ROOT-4FDD,1878.6666666666667,2100.0
qwen3_0.6b_1024d,en_def_translated_cn_def,ROOT-5009,1520.8,1654.6
qwen3_0.6b_1024d,en_def_translated_cn_def,ROOT-501D,3781.0,4287.0
qwen3_0.6b_1024d,en_def_translated_cn_def,ROOT-50C9,755.2727272727273,1132.7272727272727
qwen3_0.6b_1024d,en_def_translated_cn_def,ROOT-5140,399.0,1072.3333333333333
qwen3_0.6b_1024d,en_def_translated_cn_def,ROOT-5143,1250.6,1323.5
qwen3_0.6b_1024d,en_def_translated_cn_def,ROOT-5144,31.0,-280.0
qwen3_0.6b_1024d,en_def_translated_cn_def,ROOT-5145,1220.5,2003.0
qwen3_0.6b_1024d,en_def_translated_cn_def,ROOT-5146,1603.8,1444.5
qwen3_0.6b_1024d,en_def_translated_cn_def,ROOT-5148,2390.0,2803.0
qwen3_0.6b_1024d,en_def_translated_cn_def,ROOT-5149,379.25,307.5
qwen3_0.6b_1024d,en_def_translated_cn_def,ROOT-514B,-654.0,-789.0
qwen3_0.6b_1024d,en_def_translated_cn_def,ROOT-514D,699.5,1086.5
qwen3_0.6b_1024d,en_def_translated_cn_def,ROOT-5152,1997.3333333333333,1838.0
qwen3_0.6b_1024d,en_def_translated_cn_def,ROOT-5154,171.0,295.0
qwen3_0.6b_1024d,en_def_translated_cn_def,ROOT-5165,1538.2,1765.6
qwen3_0.6b_1024d,en_def_translated_cn_def,ROOT-5168,1704.7142857142858,2002.4285714285713
qwen3_0.6b_1024d,en_def_translated_cn_def,ROOT-5169,1136.6666666666667,1387.6666666666667
qwen3_0.6b_1024d,en_def_translated_cn_def,ROOT-516A,2006.0,2510.0
qwen3_0.6b_1024d,en_def_translated_cn_def,ROOT-516B,726.0,731.5
qwen3_0.6b_1024d,en_def_translated_cn_def,ROOT-516C,2187.125,1602.0
qwen3_0.6b_1024d,en_def_translated_cn_def,ROOT-5171,611.5,623.1666666666666
qwen3_0.6b_1024d,en_def_translated_cn_def,ROOT-5176,1131.923076923077,1291.7692307692307
qwen3_0.6b_1024d,en_def_translated_cn_def,ROOT-5177,5041.0,5508.0
qwen3_0.6b_1024d,en_def_translated_cn_def,ROOT-5178,-335.0,-757.0
qwen3_0.6b_1024d,en_def_translated_cn_def,ROOT-517C,1404.7,1322.2
qwen3_0.6b_1024d,en_def_translated_cn_def,ROOT-5180,3562.0,3638.0
qwen3_0.6b_1024d,en_def_translated_cn_def,ROOT-5183,1832.5,1328.0
qwen3_0.6b_1024d,en_def_translated_cn_def,ROOT-5189,1570.0,1792.5
qwen3_0.6b_1024d,en_def_translated_cn_def,ROOT-518A,2187.5,2447.5
qwen3_0.6b_1024d,en_def_translated_cn_def,ROOT-518E,1418.3333333333333,1406.6666666666667
qwen3_0.6b_1024d,en_def_translated_cn_def,ROOT-51A2,202.0,42.0
qwen3_0.6b_1024d,en_def_translated_cn_def,ROOT-51A5,1769.0,1742.0
qwen3_0.6b_1024d,en_def_translated_cn_def,ROOT-51AB,-162.0,195.0
qwen3_0.6b_1024d,en_def_translated_cn_def,ROOT-51E0,2053.2,1138.8
qwen3_0.6b_1024d,en_def_translated_cn_def,ROOT-51E1,1559.888888888889,2484.1111111111113
qwen3_0.6b_1024d,en_def_translated_cn_def,ROOT-51F6,3310.5,3077.5
qwen3_0.6b_1024d,en_def_translated_cn_def,ROOT-51FA,90.5,-108.0
qwen3_0.6b_1024d,en_def_translated_cn_def,ROOT-51FD,0.0,0.0
qwen3_0.6b_1024d,en_def_translated_cn_def,ROOT-5200,1381.6666666666667,1523.2666666666667
qwen3_0.6b_1024d,en_def_translated_cn_def,ROOT-5203,569.4,653.0
qwen3_0.6b_1024d,en_def_translated_cn_def,ROOT-5206,959.9375,1473.9375
qwen3_0.6b_1024d,en_def_translated_cn_def,ROOT-5211,2894.5,2126.5
qwen3_0.6b_1024d,en_def_translated_cn_def,ROOT-5217,474.0,215.0
qwen3_0.6b_1024d,en_def_translated_cn_def,ROOT-5225,-254.0,-964.0
qwen3_0.6b_1024d,en_def_translated_cn_def,ROOT-5229,2141.0,1977.5
qwen3_0.6b_1024d,en_def_translated_cn_def,ROOT-5236,656.0,1743.0
qwen3_0.6b_1024d,en_def_translated_cn_def,ROOT-5247,932.8,1326.4
qwen3_0.6b_1024d,en_def_translated_cn_def,ROOT-529B,1658.5333333333333,2396.0
qwen3_0.6b_1024d,en_def_translated_cn_def,ROOT-52DE,1785.75,2247.5
qwen3_0.6b_1024d,en_def_translated_cn_def,ROOT-52F9,1057.3,1184.2
qwen3_0.6b_1024d,en_def_translated_cn_def,ROOT-52FA,1472.6,1394.9
qwen3_0.6b_1024d,en_def_translated_cn_def,ROOT-52FB,505.3333333333333,695.3333333333334
qwen3_0.6b_1024d,en_def_translated_cn_def,ROOT-52FF,1340.1666666666667,968.1666666666666
qwen3_0.6b_1024d,en_def_translated_cn_def,ROOT-5303,1636.8,1641.6
qwen3_0.6b_1024d,en_def_translated_cn_def,ROOT-5305,2589.846153846154,2540.3076923076924
qwen3_0.6b_1024d,en_def_translated_cn_def,ROOT-5315,1249.0,1349.2173913043478
qwen3_0.6b_1024d,en_def_translated_cn_def,ROOT-5317,905.0,963.0
qwen3_0.6b_1024d,en_def_translated_cn_def,ROOT-5321,3347.5,4336.5
qwen3_0.6b_1024d,en_def_translated_cn_def,ROOT-5340,1941.5,2310.5833333333335
qwen3_0.6b_1024d,en_def_translated_cn_def,ROOT-5341,1488.6666666666667,1419.6666666666667
qwen3_0.6b_1024d,en_def_translated_cn_def,ROOT-5347,145.0,367.0
qwen3_0.6b_1024d,en_def_translated_cn_def,ROOT-5348,1586.25,2228.75
qwen3_0.6b_1024d,en_def_translated_cn_def,ROOT-5349,1215.5,1344.75
qwen3_0.6b_1024d,en_def_translated_cn_def,ROOT-534A,509.14285714285717,463.57142857142856
qwen3_0.6b_1024d,en_def_translated_cn_def,ROOT-5351,1342.8181818181818,1928.5454545454545
qwen3_0.6b_1024d,en_def_translated_cn_def,ROOT-5352,1167.8333333333333,1578.8333333333333
qwen3_0.6b_1024d,en_def_translated_cn_def,ROOT-5353,536.4,1209.2
qwen3_0.6b_1024d,en_def_translated_cn_def,ROOT-5357,2203.0,1759.0
qwen3_0.6b_1024d,en_def_translated_cn_def,ROOT-535C,749.25,929.25
qwen3_0.6b_1024d,en_def_translated_cn_def,ROOT-5360,1101.0,1459.3846153846155
qwen3_0.6b_1024d,en_def_translated_cn_def,ROOT-5371,1574.6666666666667,1054.0
qwen3_0.6b_1024d,en_def_translated_cn_def,ROOT-5373,999.5,1271.0
qwen3_0.6b_1024d,en_def_translated_cn_def,ROOT-5377,401.1666666666667,419.3333333333333
qwen3_0.6b_1024d,en_def_translated_cn_def,ROOT-5378,229.0,312.0
qwen3_0.6b_1024d,en_def_translated_cn_def,ROOT-5384,1476.0,2346.3333333333335
qwen3_0.6b_1024d,en_def_translated_cn_def,ROOT-539F,844.0,1220.25
qwen3_0.6b_1024d,en_def_translated_cn_def,ROOT-53B6,756.9090909090909,663.1818181818181
qwen3_0.6b_1024d,en_def_translated_cn_def,ROOT-53BB,2219.0,2276.3333333333335
qwen3_0.6b_1024d,en_def_translated_cn_def,ROOT-53C3,1530.3333333333333,1268.6666666666667
qwen3_0.6b_1024d,en_def_translated_cn_def,ROOT-53C8,1743.3333333333333,1875.1333333333334
qwen3_0.6b_1024d,en_def_translated_cn_def,ROOT-53C9,1466.0,2261.5
qwen3_0.6b_1024d,en_def_translated_cn_def,ROOT-53CA,1014.8571428571429,1232.142857142857
qwen3_0.6b_1024d,en_def_translated_cn_def,ROOT-53CD,1493.6,2171.2
qwen3_0.6b_1024d,en_def_translated_cn_def,ROOT-53D6,209.66666666666666,405.3333333333333
qwen3_0.6b_1024d,en_def_translated_cn_def,ROOT-53D7,1127.0,1706.0
qwen3_0.6b_1024d,en_def_translated_cn_def,ROOT-53E3,1595.3333333333333,1444.0
qwen3_0.6b_1024d,en_def_translated_cn_def,ROOT-53E4,1331.0,1657.7692307692307
qwen3_0.6b_1024d,en_def_translated_cn_def,ROOT-53EA,1141.0,4639.0
qwen3_0.6b_1024d,en_def_translated_cn_def,ROOT-53F2,3557.0,2021.0
qwen3_0.6b_1024d,en_def_translated_cn_def,ROOT-53F8,397.5,551.5
qwen3_0.6b_1024d,en_def_translated_cn_def,ROOT-5404,1374.6666666666667,1666.962962962963
qwen3_0.6b_1024d,en_def_translated_cn_def,ROOT-5408,1046.2307692307693,921.6923076923077
qwen3_0.6b_1024d,en_def_translated_cn_def,ROOT-5409,689.7777777777778,1190.111111111111
qwen3_0.6b_1024d,en_def_translated_cn_def,ROOT-540C,1536.5,2110.8333333333335
qwen3_0.6b_1024d,en_def_translated_cn_def,ROOT-540D,1504.6666666666667,1254.3333333333333
qwen3_0.6b_1024d,en_def_translated_cn_def,ROOT-540E,668.0,1093.3333333333333
qwen3_0.6b_1024d,en_def_translated_cn_def,ROOT-5411,969.0,1673.0
qwen3_0.6b_1024d,en_def_translated_cn_def,ROOT-5433,2438.0,1033.3333333333333
qwen3_0.6b_1024d,en_def_translated_cn_def,ROOT-5442,1168.75,1455.5
qwen3_0.6b_1024d,en_def_translated_cn_def,ROOT-544A,630.625,1014.875
qwen3_0.6b_1024d,en_def_translated_cn_def,ROOT-5468,1924.076923076923,1733.7692307692307
qwen3_0.6b_1024d,en_def_translated_cn_def,ROOT-548E,1860.5,2295.5
qwen3_0.6b_1024d,en_def_translated_cn_def,ROOT-54B8,299.14285714285717,288.14285714285717
qwen3_0.6b_1024d,en_def_translated_cn_def,ROOT-54E1,1161.0,1380.2
qwen3_0.6b_1024d,en_def_translated_cn_def,ROOT-54E5,-1424.0,-1345.0
qwen3_0.6b_1024d,en_def_translated_cn_def,ROOT-5584,327.6666666666667,477.0
qwen3_0.6b_1024d,en_def_translated_cn_def,ROOT-55AE,1662.1,1644.3
qwen3_0.6b_1024d,en_def_translated_cn_def,ROOT-55C7,1862.6666666666667,2031.0
qwen3_0.6b_1024d,en_def_translated_cn_def,ROOT-56B4,622.0,580.0
qwen3_0.6b_1024d,en_def_translated_cn_def,ROOT-56D7,755.0,1232.4444444444443
qwen3_0.6b_1024d,en_def_translated_cn_def,ROOT-56DA,3088.0,3536.0
qwen3_0.6b_1024d,en_def_translated_cn_def,ROOT-56DB,2293.5,2947.5
qwen3_0.6b_1024d,en_def_translated_cn_def,ROOT-56DE,2882.0,2739.0
qwen3_0.6b_1024d,en_def_translated_cn_def,ROOT-56E0,729.75,719.25
qwen3_0.6b_1024d,en_def_translated_cn_def,ROOT-56F0,1317.0,983.0
qwen3_0.6b_1024d,en_def_translated_cn_def,ROOT-56F7,2563.0,1748.0
qwen3_0.6b_1024d,en_def_translated_cn_def,ROOT-56FA,1158.2,1173.6
qwen3_0.6b_1024d,en_def_translated_cn_def,ROOT-571F,1646.25,2763.25
qwen3_0.6b_1024d,en_def_translated_cn_def,ROOT-572D,1455.142857142857,1379.857142857143
qwen3_0.6b_1024d,en_def_translated_cn_def,ROOT-5750,1727.0,1449.0
qwen3_0.6b_1024d,en_def_translated_cn_def,ROOT-57F6,2047.0,1344.0
qwen3_0.6b_1024d,en_def_translated_cn_def,ROOT-57F7,1616.5,1342.5
qwen3_0.6b_1024d,en_def_translated_cn_def,ROOT-5807,1115.5,1442.5
qwen3_0.6b_1024d,en_def_translated_cn_def,ROOT-582F,849.7142857142857,833.7857142857143
qwen3_0.6b_1024d,en_def_translated_cn_def,ROOT-58EB,1635.75,1549.75
qwen3_0.6b_1024d,en_def_translated_cn_def,ROOT-58EC,1245.875,941.25
qwen3_0.6b_1024d,en_def_translated_cn_def,ROOT-58F4,-37.0,-36.333333333333336
qwen3_0.6b_1024d,en_def_translated_cn_def,ROOT-58F9,1541.0,2378.5
qwen3_0.6b_1024d,en_def_translated_cn_def,ROOT-58FD,2694.0,3609.3333333333335
qwen3_0.6b_1024d,en_def_translated_cn_def,ROOT-5903,489.0,1716.0
qwen3_0.6b_1024d,en_def_translated_cn_def,ROOT-590F,2990.0,2618.0
qwen3_0.6b_1024d,en_def_translated_cn_def,ROOT-5915,89.0,83.0
qwen3_0.6b_1024d,en_def_translated_cn_def,ROOT-5917,1545.2857142857142,1836.2857142857142
qwen3_0.6b_1024d,en_def_translated_cn_def,ROOT-591A,520.0,813.5
qwen3_0.6b_1024d,en_def_translated_cn_def,ROOT-591C,1101.0,1174.0
qwen3_0.6b_1024d,en_def_translated_cn_def,ROOT-5927,1045.0,932.0
qwen3_0.6b_1024d,en_def_translated_cn_def,ROOT-5929,863.6666666666666,562.0
qwen3_0.6b_1024d,en_def_translated_cn_def,ROOT-592A,-95.0,-274.0
qwen3_0.6b_1024d,en_def_translated_cn_def,ROOT-592B,3768.0,3735.6666666666665
qwen3_0.6b_1024d,en_def_translated_cn_def,ROOT-592D,-57.75,-121.5
qwen3_0.6b_1024d,en_def_translated_cn_def,ROOT-592E,2136.4,2446.4
qwen3_0.6b_1024d,en_def_translated_cn_def,ROOT-5932,979.0,1778.5
qwen3_0.6b_1024d,en_def_translated_cn_def,ROOT-5937,1484.3333333333333,1786.0
qwen3_0.6b_1024d,en_def_translated_cn_def,ROOT-593E,1186.4444444444443,1539.7777777777778
qwen3_0.6b_1024d,en_def_translated_cn_def,ROOT-5944,549.6,258.8
qwen3_0.6b_1024d,en_def_translated_cn_def,ROOT-5948,3011.0,3935.0
qwen3_0.6b_1024d,en_def_translated_cn_def,ROOT-5949,141.33333333333334,210.66666666666666
qwen3_0.6b_1024d,en_def_translated_cn_def,ROOT-594F,802.0,137.0
qwen3_0.6b_1024d,en_def_translated_cn_def,ROOT-5950,838.0,1627.25
qwen3_0.6b_1024d,en_def_translated_cn_def,ROOT-595A,2244.0,2417.0
qwen3_0.6b_1024d,en_def_translated_cn_def,ROOT-5967,1185.25,1829.25
qwen3_0.6b_1024d,en_def_translated_cn_def,ROOT-5973,1299.5714285714287,1275.0714285714287
qwen3_0.6b_1024d,en_def_translated_cn_def,ROOT-59A5,1535.0,3340.5
qwen3_0.6b_1024d,en_def_translated_cn_def,ROOT-59BB,1352.0,1667.25
qwen3_0.6b_1024d,en_def_translated_cn_def,ROOT-59BE,128.5,353.5
qwen3_0.6b_1024d,en_def_translated_cn_def,ROOT-5A41,1864.6,2003.6
qwen3_0.6b_1024d,en_def_translated_cn_def,ROOT-5B50,403.3333333333333,696.6666666666666
qwen3_0.6b_1024d,en_def_translated_cn_def,ROOT-5B54,2340.0,1574.0
qwen3_0.6b_1024d,en_def_translated_cn_def,ROOT-5B58,799.0,1830.0
qwen3_0.6b_1024d,en_def_translated_cn_def,ROOT-5B5A,1363.75,1744.5
qwen3_0.6b_1024d,en_def_translated_cn_def,ROOT-5B5D,733.5,1307.5
qwen3_0.6b_1024d,en_def_translated_cn_def,ROOT-5B63,1847.0,2180.0
qwen3_0.6b_1024d,en_def_translated_cn_def,ROOT-5B68,839.0,2132.0
qwen3_0.6b_1024d,en_def_translated_cn_def,ROOT-5B6B,1863.5,2660.5
qwen3_0.6b_1024d,en_def_translated_cn_def,ROOT-5B83,1409.875,556.625
qwen3_0.6b_1024d,en_def_translated_cn_def,ROOT-5B88,519.0,862.0
qwen3_0.6b_1024d,en_def_translated_cn_def,ROOT-5B89,1359.75,1197.0
qwen3_0.6b_1024d,en_def_translated_cn_def,ROOT-5B97,1503.5,2420.6666666666665
qwen3_0.6b_1024d,en_def_translated_cn_def,ROOT-5B98,1312.2857142857142,2105.285714285714
qwen3_0.6b_1024d,en_def_translated_cn_def,ROOT-5B9A,2863.0,3331.6666666666665
qwen3_0.6b_1024d,en_def_translated_cn_def,ROOT-5B9C,-19.0,-87.0
qwen3_0.6b_1024d,en_def_translated_cn_def,ROOT-5BA3,2392.75,3086.75
qwen3_0.6b_1024d,en_def_translated_cn_def,ROOT-5BB3,2380.0,1682.6666666666667
qwen3_0.6b_1024d,en_def_translated_cn_def,ROOT-5BB6,2133.5,1203.5
qwen3_0.6b_1024d,en_def_translated_cn_def,ROOT-5BBF,1283.5,2396.5
qwen3_0.6b_1024d,en_def_translated_cn_def,ROOT-5BC5,-704.0,-1109.0
qwen3_0.6b_1024d,en_def_translated_cn_def,ROOT-5BCD,1327.4,2246.0
qwen3_0.6b_1024d,en_def_translated_cn_def,ROOT-5BF8,845.75,1362.0
qwen3_0.6b_1024d,en_def_translated_cn_def,ROOT-5C07,688.0,1032.8
qwen3_0.6b_1024d,en_def_translated_cn_def,ROOT-5C08,804.6666666666666,1088.8333333333333
qwen3_0.6b_1024d,en_def_translated_cn_def,ROOT-5C09,963.6666666666666,889.0
qwen3_0.6b_1024d,en_def_translated_cn_def,ROOT-5C0A,2628.25,2183.25
qwen3_0.6b_1024d,en_def_translated_cn_def,ROOT-5C0B,1635.0,2433.0
qwen3_0.6b_1024d,en_def_translated_cn_def,ROOT-5C0D,2518.0,4291.0
qwen3_0.6b_1024d,en_def_translated_cn_def,ROOT-5C0F,1399.9473684210527,1832.3157894736842
qwen3_0.6b_1024d,en_def_translated_cn_def,ROOT-5C17,1371.0,1345.5
qwen3_0.6b_1024d,en_def_translated_cn_def,ROOT-5C1A,1576.0,2079.4285714285716
qwen3_0.6b_1024d,en_def_translated_cn_def,ROOT-5C39,863.5,947.5
qwen3_0.6b_1024d,en_def_translated_cn_def,ROOT-5C3E,1560.0,1857.0
qwen3_0.6b_1024d,en_def_translated_cn_def,ROOT-5C40,2586.0,4177.0
qwen3_0.6b_1024d,en_def_translated_cn_def,ROOT-5C48,534.0,1197.0
qwen3_0.6b_1024d,en_def_translated_cn_def,ROOT-5C4B,1335.4,2403.6
qwen3_0.6b_1024d,en_def_translated_cn_def,ROOT-5C55,1404.5,1792.0
qwen3_0.6b_1024d,en_def_translated_cn_def,ROOT-5C6F,1159.3333333333333,1394.1666666666667
qwen3_0.6b_1024d,en_def_translated_cn_def,ROOT-5C70,1410.25,1845.5
qwen3_0.6b_1024d,en_def_translated_cn_def,ROOT-5C71,1550.25,1196.0
qwen3_0.6b_1024d,en_def_translated_cn_def,ROOT-5CA1,739.75,350.25
qwen3_0.6b_1024d,en_def_translated_cn_def,ROOT-5CF6,921.0,1331.0
qwen3_0.6b_1024d,en_def_translated_cn_def,ROOT-5DDD,1046.25,1391.25
qwen3_0.6b_1024d,en_def_translated_cn_def,ROOT-5DDE,405.5,338.5
qwen3_0.6b_1024d,en_def_translated_cn_def,ROOT-5DDF,3181.0,4145.0
qwen3_0.6b_1024d,en_def_translated_cn_def,ROOT-5DE2,2158.0,835.0
qwen3_0.6b_1024d,en_def_translated_cn_def,ROOT-5DE5,1066.7777777777778,1070.888888888889
qwen3_0.6b_1024d,en_def_translated_cn_def,ROOT-5DE6,38.0,78.0
qwen3_0.6b_1024d,en_def_translated_cn_def,ROOT-5DE8,435.2857142857143,1303.7142857142858
qwen3_0.6b_1024d,en_def_translated_cn_def,ROOT-5DEB,339.0,405.0
qwen3_0.6b_1024d,en_def_translated_cn_def,ROOT-5DEE,417.0,903.0
qwen3_0.6b_1024d,en_def_translated_cn_def,ROOT-5DF1,826.3333333333334,1160.7777777777778
qwen3_0.6b_1024d,en_def_translated_cn_def,ROOT-5DF3,148.66666666666666,611.6666666666666
qwen3_0.6b_1024d,en_def_translated_cn_def,ROOT-5DF4,1725.0,2595.8571428571427
qwen3_0.6b_1024d,en_def_translated_cn_def,ROOT-5DFF,913.5,1002.0
qwen3_0.6b_1024d,en_def_translated_cn_def,ROOT-5E00,1594.5,3628.0
qwen3_0.6b_1024d,en_def_translated_cn_def,ROOT-5E0C,318.75,346.5
qwen3_0.6b_1024d,en_def_translated_cn_def,ROOT-5E1A,1861.5,1004.0
qwen3_0.6b_1024d,en_def_translated_cn_def,ROOT-5E1D,898.8333333333334,779.0
qwen3_0.6b_1024d,en_def_translated_cn_def,ROOT-5E2D,0.0,0.0
qwen3_0.6b_1024d,en_def_translated_cn_def,ROOT-5E36,163.0,322.0
qwen3_0.6b_1024d,en_def_translated_cn_def,ROOT-5E72,881.2,1016.6
qwen3_0.6b_1024d,en_def_translated_cn_def,ROOT-5E73,698.7142857142857,491.42857142857144
qwen3_0.6b_1024d,en_def_translated_cn_def,ROOT-5E78,1.0,1.0
qwen3_0.6b_1024d,en_def_translated_cn_def,ROOT-5E79,129.0,247.0
qwen3_0.6b_1024d,en_def_translated_cn_def,ROOT-5E7A,670.6,671.6
qwen3_0.6b_1024d,en_def_translated_cn_def,ROOT-5E9A,1371.3333333333333,972.6666666666666
qwen3_0.6b_1024d,en_def_translated_cn_def,ROOT-5EB6,3185.6666666666665,3335.0
qwen3_0.6b_1024d,en_def_translated_cn_def,ROOT-5EB7,1352.0,2156.0
qwen3_0.6b_1024d,en_def_translated_cn_def,ROOT-5EFA,2094.25,2752.0
qwen3_0.6b_1024d,en_def_translated_cn_def,ROOT-5F01,1322.0,1550.0
qwen3_0.6b_1024d,en_def_translated_cn_def,ROOT-5F0B,1555.909090909091,1758.4545454545455
qwen3_0.6b_1024d,en_def_translated_cn_def,ROOT-5F0D,1141.0,2791.0
qwen3_0.6b_1024d,en_def_translated_cn_def,ROOT-5F13,1365.5,1534.0
qwen3_0.6b_1024d,en_def_translated_cn_def,ROOT-5F15,5284.0,3917.0
qwen3_0.6b_1024d,en_def_translated_cn_def,ROOT-5F17,1505.4285714285713,2027.2857142857142
qwen3_0.6b_1024d,en_def_translated_cn_def,ROOT-5F1F,868.6666666666666,1214.4444444444443
qwen3_0.6b_1024d,en_def_translated_cn_def,ROOT-5F31,986.0,1122.5
qwen3_0.6b_1024d,en_def_translated_cn_def,ROOT-5F56,795.0,195.0
qwen3_0.6b_1024d,en_def_translated_cn_def,ROOT-5F57,894.0,1291.0
qwen3_0.6b_1024d,en_def_translated_cn_def,ROOT-5F6D,1508.0,2261.5
qwen3_0.6b_1024d,en_def_translated_cn_def,ROOT-5F9E,1401.4,1883.8
qwen3_0.6b_1024d,en_def_translated_cn_def,ROOT-5FB9,1516.0,1359.0
qwen3_0.6b_1024d,en_def_translated_cn_def,ROOT-5FC3,1623.5,798.0
qwen3_0.6b_1024d,en_def_translated_cn_def,ROOT-5FC5,355.8,628.8
qwen3_0.6b_1024d,en_def_translated_cn_def,ROOT-601D,5067.0,5618.0
qwen3_0.6b_1024d,en_def_translated_cn_def,ROOT-606F,2106.0,2715.0
qwen3_0.6b_1024d,en_def_translated_cn_def,ROOT-60E0,2527.5,3497.5
qwen3_0.6b_1024d,en_def_translated_cn_def,ROOT-610F,1063.0,1285.0
qwen3_0.6b_1024d,en_def_translated_cn_def,ROOT-611B,540.0,198.0
qwen3_0.6b_1024d,en_def_translated_cn_def,ROOT-6208,510.0,975.0
qwen3_0.6b_1024d,en_def_translated_cn_def,ROOT-620A,-552.0,326.0
qwen3_0.6b_1024d,en_def_translated_cn_def,ROOT-620D,1804.5,2268.3333333333335
qwen3_0.6b_1024d,en_def_translated_cn_def,ROOT-620E,1402.0,2070.0
qwen3_0.6b_1024d,en_def_translated_cn_def,ROOT-6211,2372.875,2161.0
qwen3_0.6b_1024d,en_def_translated_cn_def,ROOT-6212,253.5,431.0
qwen3_0.6b_1024d,en_def_translated_cn_def,ROOT-6214,2470.0,3813.0
qwen3_0.6b_1024d,en_def_translated_cn_def,ROOT-6216,1283.6666666666667,1057.8333333333333
qwen3_0.6b_1024d,en_def_translated_cn_def,ROOT-6236,123.5,66.0
qwen3_0.6b_1024d,en_def_translated_cn_def,ROOT-6241,860.375,833.75
qwen3_0.6b_1024d,en_def_translated_cn_def,ROOT-6247,10.0,5.0
qwen3_0.6b_1024d,en_def_translated_cn_def,ROOT-624B,776.0,412.0
qwen3_0.6b_1024d,en_def_translated_cn_def,ROOT-624D,2364.75,2341.25
qwen3_0.6b_1024d,en_def_translated_cn_def,ROOT-6298,1334.0,2069.6666666666665
qwen3_0.6b_1024d,en_def_translated_cn_def,ROOT-62DC,847.0,1304.0
qwen3_0.6b_1024d,en_def_translated_cn_def,ROOT-652F,1022.7,1565.7
qwen3_0.6b_1024d,en_def_translated_cn_def,ROOT-6538,1541.8181818181818,1746.0
qwen3_0.6b_1024d,en_def_translated_cn_def,ROOT-6544,4891.0,5877.0
qwen3_0.6b_1024d,en_def_translated_cn_def,ROOT-6556,1746.3333333333333,2584.0
qwen3_0.6b_1024d,en_def_translated_cn_def,ROOT-6562,743.5,2587.0
qwen3_0.6b_1024d,en_def_translated_cn_def,ROOT-6563,2595.5,1948.5
qwen3_0.6b_1024d,en_def_translated_cn_def,ROOT-6566,-535.0,-366.0
qwen3_0.6b_1024d,en_def_translated_cn_def,ROOT-6578,2005.0,3350.0
qwen3_0.6b_1024d,en_def_translated_cn_def,ROOT-6587,710.8888888888889,544.6666666666666
qwen3_0.6b_1024d,en_def_translated_cn_def,ROOT-6597,1585.5,2089.0
qwen3_0.6b_1024d,en_def_translated_cn_def,ROOT-65A4,1526.6666666666667,1193.5333333333333
qwen3_0.6b_1024d,en_def_translated_cn_def,ROOT-65AC,868.0,1748.75
qwen3_0.6b_1024d,en_def_translated_cn_def,ROOT-65B0,1058.0,1180.0
qwen3_0.6b_1024d,en_def_translated_cn_def,ROOT-65B9,1277.2,1123.8666666666666
qwen3_0.6b_1024d,en_def_translated_cn_def,ROOT-65BC,2773.75,2322.75
qwen3_0.6b_1024d,en_def_translated_cn_def,ROOT-65C1,1735.4,1874.2
qwen3_0.6b_1024d,en_def_translated_cn_def,ROOT-65CB,2501.0,3884.0
qwen3_0.6b_1024d,en_def_translated_cn_def,ROOT-65CF,330.3333333333333,202.33333333333334
qwen3_0.6b_1024d,en_def_translated_cn_def,ROOT-65E6,733.5,877.5
qwen3_0.6b_1024d,en_def_translated_cn_def,ROOT-65E8,1320.6,1441.8
qwen3_0.6b_1024d,en_def_translated_cn_def,ROOT-65EC,1114.0,1295.0
qwen3_0.6b_1024d,en_def_translated_cn_def,ROOT-6606,1807.0,2415.8
qwen3_0.6b_1024d,en_def_translated_cn_def,ROOT-660C,1444.6,1239.8
qwen3_0.6b_1024d,en_def_translated_cn_def,ROOT-660E,-1500.0,-1422.0
qwen3_0.6b_1024d,en_def_translated_cn_def,ROOT-660F,2136.0,607.0
qwen3_0.6b_1024d,en_def_translated_cn_def,ROOT-6613,1961.2857142857142,2224.1428571428573
qwen3_0.6b_1024d,en_def_translated_cn_def,ROOT-6614,2771.5,2419.5
qwen3_0.6b_1024d,en_def_translated_cn_def,ROOT-661C,-401.0,-1077.5
qwen3_0.6b_1024d,en_def_translated_cn_def,ROOT-661F,1465.25,2059.0
qwen3_0.6b_1024d,en_def_translated_cn_def,ROOT-6625,4609.0,320.0
qwen3_0.6b_1024d,en_def_translated_cn_def,ROOT-662F,1331.5,2267.0
qwen3_0.6b_1024d,en_def_translated_cn_def,ROOT-6631,-9.0,-13.0
qwen3_0.6b_1024d,en_def_translated_cn_def,ROOT-6649,1798.0,1537.0
qwen3_0.6b_1024d,en_def_translated_cn_def,ROOT-66F0,1122.0,2132.0
qwen3_0.6b_1024d,en_def_translated_cn_def,ROOT-66F4,897.0,1437.5
qwen3_0.6b_1024d,en_def_translated_cn_def,ROOT-66FC,2033.9,2768.7
qwen3_0.6b_1024d,en_def_translated_cn_def,ROOT-66FE,1097.0,814.625
qwen3_0.6b_1024d,en_def_translated_cn_def,ROOT-6700,1001.0,739.0
qwen3_0.6b_1024d,en_def_translated_cn_def,ROOT-6703,2426.0,2429.5
qwen3_0.6b_1024d,en_def_translated_cn_def,ROOT-670B,1810.0,2383.4
qwen3_0.6b_1024d,en_def_translated_cn_def,ROOT-6715,275.5,293.5
qwen3_0.6b_1024d,en_def_translated_cn_def,ROOT-671D,1030.3333333333333,427.3333333333333
qwen3_0.6b_1024d,en_def_translated_cn_def,ROOT-6728,1174.0,1140.0
qwen3_0.6b_1024d,en_def_translated_cn_def,ROOT-672A,1818.25,2037.5
qwen3_0.6b_1024d,en_def_translated_cn_def,ROOT-672B,1667.5,2290.5
qwen3_0.6b_1024d,en_def_translated_cn_def,ROOT-672C,-768.0,-971.0
qwen3_0.6b_1024d,en_def_translated_cn_def,ROOT-672E,718.6666666666666,1146.3333333333333
qwen3_0.6b_1024d,en_def_translated_cn_def,ROOT-6731,993.5,767.8
qwen3_0.6b_1024d,en_def_translated_cn_def,ROOT-6735,69.0,143.0
qwen3_0.6b_1024d,en_def_translated_cn_def,ROOT-6740,-10.0,-52.0
qwen3_0.6b_1024d,en_def_translated_cn_def,ROOT-675F,669.25,1173.0
qwen3_0.6b_1024d,en_def_translated_cn_def,ROOT-6771,1306.6666666666667,1483.3333333333333
qwen3_0.6b_1024d,en_def_translated_cn_def,ROOT-6797,1209.857142857143,1414.5714285714287
qwen3_0.6b_1024d,en_def_translated_cn_def,ROOT-679C,628.125,632.375
qwen3_0.6b_1024d,en_def_translated_cn_def,ROOT-67D0,1123.3333333333333,1036.3333333333333
qwen3_0.6b_1024d,en_def_translated_cn_def,ROOT-67EC,1423.05,2219.65
qwen3_0.6b_1024d,en_def_translated_cn_def,ROOT-6817,-287.0,-336.0
qwen3_0.6b_1024d,en_def_translated_cn_def,ROOT-6840,39.5,444.0
qwen3_0.6b_1024d,en_def_translated_cn_def,ROOT-6851,2703.0,1909.0
qwen3_0.6b_1024d,en_def_translated_cn_def,ROOT-69AE,670.5,528.5
qwen3_0.6b_1024d,en_def_translated_cn_def,ROOT-6A02,971.6,1920.8
qwen3_0.6b_1024d,en_def_translated_cn_def,ROOT-6A0A,1447.0,1630.0
qwen3_0.6b_1024d,en_def_translated_cn_def,ROOT-6B20,1726.5,3047.0
qwen3_0.6b_1024d,en_def_translated_cn_def,ROOT-6B2E,1504.4,1809.6
qwen3_0.6b_1024d,en_def_translated_cn_def,ROOT-6B62,1139.0,1899.0
qwen3_0.6b_1024d,en_def_translated_cn_def,ROOT-6B63,1478.2,1676.4
qwen3_0.6b_1024d,en_def_translated_cn_def,ROOT-6B65,-132.0,-302.0
qwen3_0.6b_1024d,en_def_translated_cn_def,ROOT-6B66,3572.0,4646.5
qwen3_0.6b_1024d,en_def_translated_cn_def,ROOT-6BB5,2167.0,2480.5
qwen3_0.6b_1024d,en_def_translated_cn_def,ROOT-6BB7,2113.0,2968.0
qwen3_0.6b_1024d,en_def_translated_cn_def,ROOT-6BBF,1815.0,1365.0
qwen3_0.6b_1024d,en_def_translated_cn_def,ROOT-6BC0,46.0,56.0
qwen3_0.6b_1024d,en_def_translated_cn_def,ROOT-6BCC,1359.0,1133.0
qwen3_0.6b_1024d,en_def_translated_cn_def,ROOT-6BCD,409.6666666666667,302.6666666666667
qwen3_0.6b_1024d,en_def_translated_cn_def,ROOT-6BCE,-728.0,-1097.0
qwen3_0.6b_1024d,en_def_translated_cn_def,ROOT-6BD4,793.0,1807.5555555555557
qwen3_0.6b_1024d,en_def_translated_cn_def,ROOT-6BDB,1373.0,752.5
qwen3_0.6b_1024d,en_def_translated_cn_def,ROOT-6BF3,342.0,632.0
qwen3_0.6b_1024d,en_def_translated_cn_def,ROOT-6C0F,1278.3333333333333,1062.6666666666667
qwen3_0.6b_1024d,en_def_translated_cn_def,ROOT-6C10,1005.5,654.1
qwen3_0.6b_1024d,en_def_translated_cn_def,ROOT-6C11,521.3333333333334,1075.6666666666667
qwen3_0.6b_1024d,en_def_translated_cn_def,ROOT-6C14,2337.0,2579.0
qwen3_0.6b_1024d,en_def_translated_cn_def,ROOT-6C38,1654.0,3408.5
qwen3_0.6b_1024d,en_def_translated_cn_def,ROOT-6C42,1247.0,2024.2
qwen3_0.6b_1024d,en_def_translated_cn_def,ROOT-6C93,382.0,939.0
qwen3_0.6b_1024d,en_def_translated_cn_def,ROOT-6C99,1320.75,984.75
qwen3_0.6b_1024d,en_def_translated_cn_def,ROOT-6C9B,805.0,1028.0
qwen3_0.6b_1024d,en_def_translated_cn_def,ROOT-6CC9,2357.0,2659.0
qwen3_0.6b_1024d,en_def_translated_cn_def,ROOT-6CD5,3446.0,5047.0
qwen3_0.6b_1024d,en_def_translated_cn_def,ROOT-6D3B,604.0,1148.0
qwen3_0.6b_1024d,en_def_translated_cn_def,ROOT-6ED5,2413.5,1593.0
qwen3_0.6b_1024d,en_def_translated_cn_def,ROOT-6FD5,314.0,81.0
qwen3_0.6b_1024d,en_def_translated_cn_def,ROOT-706B,1062.0,1309.0
qwen3_0.6b_1024d,en_def_translated_cn_def,ROOT-708E,1309.8333333333333,1518.1666666666667
qwen3_0.6b_1024d,en_def_translated_cn_def,ROOT-7097,1063.2727272727273,779.8181818181819
qwen3_0.6b_1024d,en_def_translated_cn_def,ROOT-70CF,1076.0,3074.6666666666665
qwen3_0.6b_1024d,en_def_translated_cn_def,ROOT-7109,2068.0,1113.5
qwen3_0.6b_1024d,en_def_translated_cn_def,ROOT-7121,850.0,2169.0
qwen3_0.6b_1024d,en_def_translated_cn_def,ROOT-7126,1266.25,849.5
qwen3_0.6b_1024d,en_def_translated_cn_def,ROOT-7136,1147.5,1358.5
qwen3_0.6b_1024d,en_def_translated_cn_def,ROOT-718F,1859.75,1172.75
qwen3_0.6b_1024d,en_def_translated_cn_def,ROOT-71D5,1081.0,1225.0
qwen3_0.6b_1024d,en_def_translated_cn_def,ROOT-71DF,81.0,84.0
qwen3_0.6b_1024d,en_def_translated_cn_def,ROOT-722A,110.0,69.0
qwen3_0.6b_1024d,en_def_translated_cn_def,ROOT-722D,1184.1666666666667,2093.3333333333335
qwen3_0.6b_1024d,en_def_translated_cn_def,ROOT-7230,1395.7142857142858,1373.2857142857142
qwen3_0.6b_1024d,en_def_translated_cn_def,ROOT-7235,1789.0,1613.0
qwen3_0.6b_1024d,en_def_translated_cn_def,ROOT-7236,918.0714285714286,838.4285714285714
qwen3_0.6b_1024d,en_def_translated_cn_def,ROOT-723B,2155.3333333333335,2152.0
qwen3_0.6b_1024d,en_def_translated_cn_def,ROOT-723E,287.0,756.0
qwen3_0.6b_1024d,en_def_translated_cn_def,ROOT-723F,624.1666666666666,1164.5
qwen3_0.6b_1024d,en_def_translated_cn_def,ROOT-7259,1015.8571428571429,975.1428571428571
qwen3_0.6b_1024d,en_def_translated_cn_def,ROOT-72AC,1844.0,591.0
qwen3_0.6b_1024d,en_def_translated_cn_def,ROOT-72C2,40.0,37.0
qwen3_0.6b_1024d,en_def_translated_cn_def,ROOT-72C4,2736.5,565.5
qwen3_0.6b_1024d,en_def_translated_cn_def,ROOT-7312,1148.5,1745.0
qwen3_0.6b_1024d,en_def_translated_cn_def,ROOT-7384,1399.3333333333333,1844.8333333333333
qwen3_0.6b_1024d,en_def_translated_cn_def,ROOT-7387,5451.0,4872.0
qwen3_0.6b_1024d,en_def_translated_cn_def,ROOT-7389,32.0,-28.0
qwen3_0.6b_1024d,en_def_translated_cn_def,ROOT-738B,272.0,247.5
qwen3_0.6b_1024d,en_def_translated_cn_def,ROOT-74DC,2757.6,1723.2
qwen3_0.6b_1024d,en_def_translated_cn_def,ROOT-7518,2393.8571428571427,1247.5714285714287
qwen3_0.6b_1024d,en_def_translated_cn_def,ROOT-751A,631.375,1355.0
qwen3_0.6b_1024d,en_def_translated_cn_def,ROOT-751F,1519.3333333333333,1235.8333333333333
qwen3_0.6b_1024d,en_def_translated_cn_def,ROOT-7522,573.3333333333334,803.3333333333334
qwen3_0.6b_1024d,en_def_translated_cn_def,ROOT-7528,1013.9375,1405.0625
qwen3_0.6b_1024d,en_def_translated_cn_def,ROOT-752B,1621.0,1908.4375
qwen3_0.6b_1024d,en_def_translated_cn_def,ROOT-7530,1612.5,1114.0
qwen3_0.6b_1024d,en_def_translated_cn_def,ROOT-7531,1785.25,2192.75
qwen3_0.6b_1024d,en_def_translated_cn_def,ROOT-7532,1858.4444444444443,1686.111111111111
qwen3_0.6b_1024d,en_def_translated_cn_def,ROOT-7533,977.0,1083.75
qwen3_0.6b_1024d,en_def_translated_cn_def,ROOT-754F,608.0,878.0
qwen3_0.6b_1024d,en_def_translated_cn_def,ROOT-7550,4352.0,3387.0
qwen3_0.6b_1024d,en_def_translated_cn_def,ROOT-755C,-289.0,-857.0
qwen3_0.6b_1024d,en_def_translated_cn_def,ROOT-7562,650.0,2370.0
qwen3_0.6b_1024d,en_def_translated_cn_def,ROOT-756B,351.0,755.0
qwen3_0.6b_1024d,en_def_translated_cn_def,ROOT-7570,194.0,754.0
qwen3_0.6b_1024d,en_def_translated_cn_def,ROOT-758B,1674.75,1443.25
qwen3_0.6b_1024d,en_def_translated_cn_def,ROOT-7591,1119.25,1044.75
qwen3_0.6b_1024d,en_def_translated_cn_def,ROOT-75BE,1187.0,878.0
qwen3_0.6b_1024d,en_def_translated_cn_def,ROOT-7678,-883.0,-990.0
qwen3_0.6b_1024d,en_def_translated_cn_def,ROOT-7679,589.5,1761.0
qwen3_0.6b_1024d,en_def_translated_cn_def,ROOT-767D,1237.4,1263.0666666666666
qwen3_0.6b_1024d,en_def_translated_cn_def,ROOT-7683,-387.0,-925.0
qwen3_0.6b_1024d,en_def_translated_cn_def,ROOT-7686,672.6666666666666,1461.1666666666667
qwen3_0.6b_1024d,en_def_translated_cn_def,ROOT-7687,2248.8333333333335,2419.3333333333335
qwen3_0.6b_1024d,en_def_translated_cn_def,ROOT-76AE,1541.923076923077,1333.6153846153845
qwen3_0.6b_1024d,en_def_translated_cn_def,ROOT-76BF,2198.6666666666665,2176.0
qwen3_0.6b_1024d,en_def_translated_cn_def,ROOT-76CA,817.25,1823.25
qwen3_0.6b_1024d,en_def_translated_cn_def,ROOT-76CD,1830.0,1850.0
qwen3_0.6b_1024d,en_def_translated_cn_def,ROOT-76E1,720.6666666666666,329.6666666666667
qwen3_0.6b_1024d,en_def_translated_cn_def,ROOT-76E3,1383.8181818181818,1440.0
qwen3_0.6b_1024d,en_def_translated_cn_def,ROOT-76F4,934.3333333333334,1140.0
qwen3_0.6b_1024d,en_def_translated_cn_def,ROOT-76F8,2030.6666666666667,2032.6666666666667
qwen3_0.6b_1024d,en_def_translated_cn_def,ROOT-76FE,896.0,1304.0
qwen3_0.6b_1024d,en_def_translated_cn_def,ROOT-7707,-416.0,-429.0
qwen3_0.6b_1024d,en_def_translated_cn_def,ROOT-7709,408.0,43.0
qwen3_0.6b_1024d,en_def_translated_cn_def,ROOT-771F,-424.0,-753.0
qwen3_0.6b_1024d,en_def_translated_cn_def,ROOT-776A,1748.5,854.0
qwen3_0.6b_1024d,en_def_translated_cn_def,ROOT-777F,1600.0,2090.5
qwen3_0.6b_1024d,en_def_translated_cn_def,ROOT-77DB,1416.2,1348.2
qwen3_0.6b_1024d,en_def_translated_cn_def,ROOT-77E2,1564.0,1063.6666666666667
qwen3_0.6b_1024d,en_def_translated_cn_def,ROOT-77F3,666.75,1421.0
qwen3_0.6b_1024d,en_def_translated_cn_def,ROOT-793A,-5.5,-106.0
qwen3_0.6b_1024d,en_def_translated_cn_def,ROOT-796D,838.75,678.5
qwen3_0.6b_1024d,en_def_translated_cn_def,ROOT-79B9,2287.0,1133.0
qwen3_0.6b_1024d,en_def_translated_cn_def,ROOT-79BA,872.8888888888889,945.5555555555555
qwen3_0.6b_1024d,en_def_translated_cn_def,ROOT-79BB,2954.0,3735.0
qwen3_0.6b_1024d,en_def_translated_cn_def,ROOT-79BE,1312.0,1555.909090909091
qwen3_0.6b_1024d,en_def_translated_cn_def,ROOT-79C0,1819.0,1482.0
qwen3_0.6b_1024d,en_def_translated_cn_def,ROOT-79CB,2409.8,2661.6
qwen3_0.6b_1024d,en_def_translated_cn_def,ROOT-79E6,4065.5,1820.5
qwen3_0.6b_1024d,en_def_translated_cn_def,ROOT-7ACB,1146.3333333333333,1590.0
qwen3_0.6b_1024d,en_def_translated_cn_def,ROOT-7ADF,1532.5,2326.0
qwen3_0.6b_1024d,en_def_translated_cn_def,ROOT-7AE0,1771.7142857142858,1558.857142857143
qwen3_0.6b_1024d,en_def_translated_cn_def,ROOT-7AE5,1424.857142857143,1861.142857142857
qwen3_0.6b_1024d,en_def_translated_cn_def,ROOT-7AF9,63.0,116.0
qwen3_0.6b_1024d,en_def_translated_cn_def,ROOT-7B6E,1826.0,973.0
qwen3_0.6b_1024d,en_def_translated_cn_def,ROOT-7B97,-465.0,-323.0
qwen3_0.6b_1024d,en_def_translated_cn_def,ROOT-7C73,2225.75,2189.0
qwen3_0.6b_1024d,en_def_translated_cn_def,ROOT-7CFB,203.0,932.0
qwen3_0.6b_1024d,en_def_translated_cn_def,ROOT-7D2F,2720.3333333333335,3110.0
qwen3_0.6b_1024d,en_def_translated_cn_def,ROOT-7DBF,2490.0,232.0
qwen3_0.6b_1024d,en_def_translated_cn_def,ROOT-7E23,-851.0,-789.0
qwen3_0.6b_1024d,en_def_translated_cn_def,ROOT-7F54,1898.6666666666667,2015.6666666666667
qwen3_0.6b_1024d,en_def_translated_cn_def,ROOT-7F72,3598.5,3820.0
qwen3_0.6b_1024d,en_def_translated_cn_def,ROOT-7F77,-138.0,-153.0
qwen3_0.6b_1024d,en_def_translated_cn_def,ROOT-7F85,992.6666666666666,695.6666666666666
qwen3_0.6b_1024d,en_def_translated_cn_def,ROOT-7F8A,883.4444444444445,809.1111111111111
qwen3_0.6b_1024d,en_def_translated_cn_def,ROOT-7F94,-234.0,-264.0
qwen3_0.6b_1024d,en_def_translated_cn_def,ROOT-7FA9,1814.6666666666667,1860.5
qwen3_0.6b_1024d,en_def_translated_cn_def,ROOT-7FBD,-756.0,-1144.0
qwen3_0.6b_1024d,en_def_translated_cn_def,ROOT-7FD2,1321.3333333333333,2199.0
qwen3_0.6b_1024d,en_def_translated_cn_def,ROOT-7FDF,1170.3333333333333,1844.6666666666667
qwen3_0.6b_1024d,en_def_translated_cn_def,ROOT-8012,467.0,636.0
qwen3_0.6b_1024d,en_def_translated_cn_def,ROOT-8033,1735.4,1383.2
qwen3_0.6b_1024d,en_def_translated_cn_def,ROOT-8036,1484.5,2055.0
qwen3_0.6b_1024d,en_def_translated_cn_def,ROOT-8076,1085.2,1479.0
qwen3_0.6b_1024d,en_def_translated_cn_def,ROOT-807D,2586.0,3599.0
qwen3_0.6b_1024d,en_def_translated_cn_def,ROOT-807F,1020.1428571428571,1783.857142857143
qwen3_0.6b_1024d,en_def_translated_cn_def,ROOT-80C3,441.5,786.5
qwen3_0.6b_1024d,en_def_translated_cn_def,ROOT-810A,1311.0,2122.0
qwen3_0.6b_1024d,en_def_translated_cn_def,ROOT-81E4,1093.0,1463.0
qwen3_0.6b_1024d,en_def_translated_cn_def,ROOT-81EA,-308.5,-509.5
qwen3_0.6b_1024d,en_def_translated_cn_def,ROOT-81ED,1692.5,1677.5
qwen3_0.6b_1024d,en_def_translated_cn_def,ROOT-81F3,1431.2857142857142,1763.0
qwen3_0.6b_1024d,en_def_translated_cn_def,ROOT-81FE,2049.75,2124.5
qwen3_0.6b_1024d,en_def_translated_cn_def,ROOT-8200,1158.5,1156.75
qwen3_0.6b_1024d,en_def_translated_cn_def,ROOT-8201,882.0,1162.3333333333333
qwen3_0.6b_1024d,en_def_translated_cn_def,ROOT-8202,1090.0,997.0
qwen3_0.6b_1024d,en_def_translated_cn_def,ROOT-8204,3438.0,4435.0
qwen3_0.6b_1024d,en_def_translated_cn_def,ROOT-821C,3147.0,3391.0
qwen3_0.6b_1024d,en_def_translated_cn_def,ROOT-822C,783.0,1656.6666666666667
qwen3_0.6b_1024d,en_def_translated_cn_def,ROOT-826E,-100.0,-228.0
qwen3_0.6b_1024d,en_def_translated_cn_def,ROOT-826F,1566.875,1793.125
qwen3_0.6b_1024d,en_def_translated_cn_def,ROOT-82BB,1025.0,857.0
qwen3_0.6b_1024d,en_def_translated_cn_def,ROOT-82D7,2915.3333333333335,3020.3333333333335
qwen3_0.6b_1024d,en_def_translated_cn_def,ROOT-82E5,632.5,528.5
qwen3_0.6b_1024d,en_def_translated_cn_def,ROOT-830D,486.25,615.75
qwen3_0.6b_1024d,en_def_translated_cn_def,ROOT-8332,348.0,570.5
qwen3_0.6b_1024d,en_def_translated_cn_def,ROOT-83AB,1304.0,1723.2
qwen3_0.6b_1024d,en_def_translated_cn_def,ROOT-83EF,3546.0,194.0
qwen3_0.6b_1024d,en_def_translated_cn_def,ROOT-8408,3777.0,2462.0
qwen3_0.6b_1024d,en_def_translated_cn_def,ROOT-842C,1612.25,1989.5
qwen3_0.6b_1024d,en_def_translated_cn_def,ROOT-8457,219.0,728.0
qwen3_0.6b_1024d,en_def_translated_cn_def,ROOT-8499,1360.75,2526.25
qwen3_0.6b_1024d,en_def_translated_cn_def,ROOT-8511,2718.0,3111.0
qwen3_0.6b_1024d,en_def_translated_cn_def,ROOT-864D,583.0,852.0
qwen3_0.6b_1024d,en_def_translated_cn_def,ROOT-864E,2275.0,2088.0
qwen3_0.6b_1024d,en_def_translated_cn_def,ROOT-8650,1678.0,667.5
qwen3_0.6b_1024d,en_def_translated_cn_def,ROOT-865F,2356.0,3903.0
qwen3_0.6b_1024d,en_def_translated_cn_def,ROOT-86A4,2108.5,1769.5
qwen3_0.6b_1024d,en_def_translated_cn_def,ROOT-8700,1245.2857142857142,1263.7142857142858
qwen3_0.6b_1024d,en_def_translated_cn_def,ROOT-8840,2580.0,2508.5
qwen3_0.6b_1024d,en_def_translated_cn_def,ROOT-884C,1896.0,543.0
qwen3_0.6b_1024d,en_def_translated_cn_def,ROOT-884D,1106.0,1418.0
qwen3_0.6b_1024d,en_def_translated_cn_def,ROOT-8863,385.5,483.5
qwen3_0.6b_1024d,en_def_translated_cn_def,ROOT-8870,2626.0,3085.0
qwen3_0.6b_1024d,en_def_translated_cn_def,ROOT-8881,2022.25,3314.75
qwen3_0.6b_1024d,en_def_translated_cn_def,ROOT-8944,1410.5,1541.25
qwen3_0.6b_1024d,en_def_translated_cn_def,ROOT-897E,-189.0,-243.0
qwen3_0.6b_1024d,en_def_translated_cn_def,ROOT-897F,652.0,187.33333333333334
qwen3_0.6b_1024d,en_def_translated_cn_def,ROOT-8983,1226.0,1230.5
qwen3_0.6b_1024d,en_def_translated_cn_def,ROOT-898B,2354.8,3544.8
qwen3_0.6b_1024d,en_def_translated_cn_def,ROOT-898F,883.0,936.0
qwen3_0.6b_1024d,en_def_translated_cn_def,ROOT-89AA,2170.5,3192.5
qwen3_0.6b_1024d,en_def_translated_cn_def,ROOT-89BA,270.0,531.0
qwen3_0.6b_1024d,en_def_translated_cn_def,ROOT-89D2,455.0,1041.0
qwen3_0.6b_1024d,en_def_translated_cn_def,ROOT-89E3,2974.0,3579.6666666666665
qwen3_0.6b_1024d,en_def_translated_cn_def,ROOT-8A79,949.2222222222222,1313.888888888889
qwen3_0.6b_1024d,en_def_translated_cn_def,ROOT-8C37,1111.75,1260.1666666666667
qwen3_0.6b_1024d,en_def_translated_cn_def,ROOT-8C46,913.4285714285714,1150.7142857142858
qwen3_0.6b_1024d,en_def_translated_cn_def,ROOT-8C48,1001.1666666666666,1685.0
qwen3_0.6b_1024d,en_def_translated_cn_def,ROOT-8C50,630.0,2385.0
qwen3_0.6b_1024d,en_def_translated_cn_def,ROOT-8C5A,229.0,237.0
qwen3_0.6b_1024d,en_def_translated_cn_def,ROOT-8C61,331.5,164.0
qwen3_0.6b_1024d,en_def_translated_cn_def,ROOT-8C6A,1751.0,2766.5
qwen3_0.6b_1024d,en_def_translated_cn_def,ROOT-8C9D,463.6666666666667,640.6666666666666
qwen3_0.6b_1024d,en_def_translated_cn_def,ROOT-8C9E,482.5,373.5
qwen3_0.6b_1024d,en_def_translated_cn_def,ROOT-8CAC,939.0,1052.2
qwen3_0.6b_1024d,en_def_translated_cn_def,ROOT-8CB4,1761.25,2473.25
qwen3_0.6b_1024d,en_def_translated_cn_def,ROOT-8CCF,3657.4,3374.2
qwen3_0.6b_1024d,en_def_translated_cn_def,ROOT-8CEA,160.0,781.0
qwen3_0.6b_1024d,en_def_translated_cn_def,ROOT-8D0A,2443.5,2547.5
qwen3_0.6b_1024d,en_def_translated_cn_def,ROOT-8D1B,2122.0,3782.0
qwen3_0.6b_1024d,en_def_translated_cn_def,ROOT-8D64,442.0,250.0
qwen3_0.6b_1024d,en_def_translated_cn_def,ROOT-8D66,3079.0,3246.0
qwen3_0.6b_1024d,en_def_translated_cn_def,ROOT-8D6B,2172.0,3010.0
qwen3_0.6b_1024d,en_def_translated_cn_def,ROOT-8DB3,991.75,388.5
qwen3_0.6b_1024d,en_def_translated_cn_def,ROOT-8ECD,672.3333333333334,1287.2222222222222
qwen3_0.6b_1024d,en_def_translated_cn_def,ROOT-8F9B,1664.0,756.0
qwen3_0.6b_1024d,en_def_translated_cn_def,ROOT-8F9F,1258.8333333333333,1614.0833333333333
qwen3_0.6b_1024d,en_def_translated_cn_def,ROOT-8FB0,1568.375,2285.625
qwen3_0.6b_1024d,en_def_translated_cn_def,ROOT-8FB1,1783.5,2244.25
qwen3_0.6b_1024d,en_def_translated_cn_def,ROOT-8FB2,969.0,1890.0
qwen3_0.6b_1024d,en_def_translated_cn_def,ROOT-9000,1201.5,1123.0
qwen3_0.6b_1024d,en_def_translated_cn_def,ROOT-9023,2911.4,3568.4
qwen3_0.6b_1024d,en_def_translated_cn_def,ROOT-9054,861.3333333333334,1674.0
qwen3_0.6b_1024d,en_def_translated_cn_def,ROOT-9077,2244.0,3424.0
qwen3_0.6b_1024d,en_def_translated_cn_def,ROOT-9091,1996.0,2364.6666666666665
qwen3_0.6b_1024d,en_def_translated_cn_def,ROOT-9095,1105.0,1269.0
qwen3_0.6b_1024d,en_def_translated_cn_def,ROOT-90A3,497.0,114.0
qwen3_0.6b_1024d,en_def_translated_cn_def,ROOT-90CE,4507.0,2443.5
qwen3_0.6b_1024d,en_def_translated_cn_def,ROOT-90ED,929.5,1728.0
qwen3_0.6b_1024d,en_def_translated_cn_def,ROOT-9109,1049.0,1234.0
qwen3_0.6b_1024d,en_def_translated_cn_def,ROOT-912D,978.5,1614.0
qwen3_0.6b_1024d,en_def_translated_cn_def,ROOT-9149,680.0,964.0
qwen3_0.6b_1024d,en_def_translated_cn_def,ROOT-914B,-53.333333333333336,-235.66666666666666
qwen3_0.6b_1024d,en_def_translated_cn_def,ROOT-91C6,1395.7857142857142,1445.0714285714287
qwen3_0.6b_1024d,en_def_translated_cn_def,ROOT-91C7,1358.75,1798.5
qwen3_0.6b_1024d,en_def_translated_cn_def,ROOT-91CC,2536.5,2570.875
qwen3_0.6b_1024d,en_def_translated_cn_def,ROOT-91CF,1083.0,832.0
qwen3_0.6b_1024d,en_def_translated_cn_def,ROOT-9577,1653.5,1587.0
qwen3_0.6b_1024d,en_def_translated_cn_def,ROOT-9580,915.3333333333334,1081.8333333333333
qwen3_0.6b_1024d,en_def_translated_cn_def,ROOT-958F,582.0,3649.0
qwen3_0.6b_1024d,en_def_translated_cn_def,ROOT-9591,357.0,780.0
qwen3_0.6b_1024d,en_def_translated_cn_def,ROOT-9592,3058.0,2924.0
qwen3_0.6b_1024d,en_def_translated_cn_def,ROOT-95B5,736.0,1867.0
qwen3_0.6b_1024d,en_def_translated_cn_def,ROOT-961C,763.0,981.0
qwen3_0.6b_1024d,en_def_translated_cn_def,ROOT-9673,309.0,-22.0
qwen3_0.6b_1024d,en_def_translated_cn_def,ROOT-9686,180.0,622.0
qwen3_0.6b_1024d,en_def_translated_cn_def,ROOT-968B,528.0,845.0
qwen3_0.6b_1024d,en_def_translated_cn_def,ROOT-96A8,2970.0,4696.0
qwen3_0.6b_1024d,en_def_translated_cn_def,ROOT-96B9,576.85,1001.85
qwen3_0.6b_1024d,en_def_translated_cn_def,ROOT-96BB,577.0,1479.0
qwen3_0.6b_1024d,en_def_translated_cn_def,ROOT-96BC,-1020.0,-652.0
qwen3_0.6b_1024d,en_def_translated_cn_def,ROOT-96CB,1610.0,3030.0
qwen3_0.6b_1024d,en_def_translated_cn_def,ROOT-96CD,4568.0,5978.0
qwen3_0.6b_1024d,en_def_translated_cn_def,ROOT-96E3,2020.0,1905.5
qwen3_0.6b_1024d,en_def_translated_cn_def,ROOT-96F7,909.5,939.0
qwen3_0.6b_1024d,en_def_translated_cn_def,ROOT-9700,1905.6666666666667,1679.1666666666667
qwen3_0.6b_1024d,en_def_translated_cn_def,ROOT-9752,1211.5,691.6666666666666
qwen3_0.6b_1024d,en_def_translated_cn_def,ROOT-975E,1221.6875,1841.9375
qwen3_0.6b_1024d,en_def_translated_cn_def,ROOT-9762,977.0,1739.0
qwen3_0.6b_1024d,en_def_translated_cn_def,ROOT-9808,3421.0,4462.0
qwen3_0.6b_1024d,en_def_translated_cn_def,ROOT-983B,5340.0,5814.0
qwen3_0.6b_1024d,en_def_translated_cn_def,ROOT-985B,3382.0,3422.0
qwen3_0.6b_1024d,en_def_translated_cn_def,ROOT-9865,1416.0,2140.0
qwen3_0.6b_1024d,en_def_translated_cn_def,ROOT-99AC,1189.6666666666667,450.0
qwen3_0.6b_1024d,en_def_translated_cn_def,ROOT-9AD8,813.9375,1084.0
qwen3_0.6b_1024d,en_def_translated_cn_def,ROOT-9B32,1215.3333333333333,1101.6666666666667
qwen3_0.6b_1024d,en_def_translated_cn_def,ROOT-9B3C,962.75,1453.25
qwen3_0.6b_1024d,en_def_translated_cn_def,ROOT-9B5A,2339.6666666666665,1706.3333333333333
qwen3_0.6b_1024d,en_def_translated_cn_def,ROOT-9BAE,3849.5,2328.0
qwen3_0.6b_1024d,en_def_translated_cn_def,ROOT-9E75,661.0,18.0
qwen3_0.6b_1024d,en_def_translated_cn_def,ROOT-9E7F,1443.75,1177.25
qwen3_0.6b_1024d,en_def_translated_cn_def,ROOT-9E97,1523.6,1395.6
qwen3_0.6b_1024d,en_def_translated_cn_def,ROOT-9ED1,-606.0,-1025.0
qwen3_0.6b_1024d,en_def_translated_cn_def,ROOT-9EFD,3919.5,3760.0
qwen3_0.6b_1024d,en_def_translated_cn_def,ROOT-9F13,1018.0,1761.0
qwen3_0.6b_1024d,en_def_translated_cn_def,ROOT-9F4A,2224.5714285714284,2050.285714285714
qwen3_0.6b_1024d,en_def_translated_cn_def,ROOT-9F8D,918.3636363636364,1042.4545454545455
qwen3_0.6b_1024d,en_def_translated_cn_def,ROOT-9FA0,265.0,312.5
qwen3_0.6b_1024d,en_gloss_unihan,ROOT-20000,2162.2571428571428,2659.8571428571427
qwen3_0.6b_1024d,en_gloss_unihan,ROOT-20086,2106.8,1960.4
qwen3_0.6b_1024d,en_gloss_unihan,ROOT-200A2,2119.0,3226.0
qwen3_0.6b_1024d,en_gloss_unihan,ROOT-200A4,2120.6666666666665,2132.3333333333335
qwen3_0.6b_1024d,en_gloss_unihan,ROOT-2010C,343.6666666666667,1099.0
qwen3_0.6b_1024d,en_gloss_unihan,ROOT-2053E,465.5,808.75
qwen3_0.6b_1024d,en_gloss_unihan,ROOT-20A7A,22.0,11.0
qwen3_0.6b_1024d,en_gloss_unihan,ROOT-20CCB,1344.0,1439.0
qwen3_0.6b_1024d,en_gloss_unihan,ROOT-2123C,2518.1176470588234,2800.176470588235
qwen3_0.6b_1024d,en_gloss_unihan,ROOT-219CD,3379.1,3677.4
qwen3_0.6b_1024d,en_gloss_unihan,ROOT-21C55,1609.0,3263.5
qwen3_0.6b_1024d,en_gloss_unihan,ROOT-21FE7,3804.25,4922.75
qwen3_0.6b_1024d,en_gloss_unihan,ROOT-22398,3207.0,4836.5
qwen3_0.6b_1024d,en_gloss_unihan,ROOT-2274A,3164.0,3589.6666666666665
qwen3_0.6b_1024d,en_gloss_unihan,ROOT-2304B,7276.0,8350.0
qwen3_0.6b_1024d,en_gloss_unihan,ROOT-23386,5080.0,5218.5
qwen3_0.6b_1024d,en_gloss_unihan,ROOT-233DF,2329.1428571428573,1711.2857142857142
qwen3_0.6b_1024d,en_gloss_unihan,ROOT-2394F,1929.25,2375.55
qwen3_0.6b_1024d,en_gloss_unihan,ROOT-239BC,69.5,79.5
qwen3_0.6b_1024d,en_gloss_unihan,ROOT-25055,2070.5,2142.5
qwen3_0.6b_1024d,en_gloss_unihan,ROOT-25762,8186.0,8248.0
qwen3_0.6b_1024d,en_gloss_unihan,ROOT-2634C,643.5,864.5
qwen3_0.6b_1024d,en_gloss_unihan,ROOT-26B07,1367.0,2003.0
qwen3_0.6b_1024d,en_gloss_unihan,ROOT-271A3,2123.214285714286,2257.0
qwen3_0.6b_1024d,en_gloss_unihan,ROOT-27BAB,-269.0,-200.0
qwen3_0.6b_1024d,en_gloss_unihan,ROOT-342D,3792.6666666666665,3896.0
qwen3_0.6b_1024d,en_gloss_unihan,ROOT-3431,850.0,444.0
qwen3_0.6b_1024d,en_gloss_unihan,ROOT-34B8,2460.3333333333335,3167.0
qwen3_0.6b_1024d,en_gloss_unihan,ROOT-34BC,2012.0,220.0
qwen3_0.6b_1024d,en_gloss_unihan,ROOT-34DE,1821.2857142857142,2402.5714285714284
qwen3_0.6b_1024d,en_gloss_unihan,ROOT-3563,996.0909090909091,1570.5454545454545
qwen3_0.6b_1024d,en_gloss_unihan,ROOT-37A2,1300.8823529411766,774.5882352941177
qwen3_0.6b_1024d,en_gloss_unihan,ROOT-382F,2974.1739130434785,3420.086956521739
qwen3_0.6b_1024d,en_gloss_unihan,ROOT-3840,916.625,1303.5
qwen3_0.6b_1024d,en_gloss_unihan,ROOT-39B0,1043.25,1710.375
qwen3_0.6b_1024d,en_gloss_unihan,ROOT-3E12,2173.0,2067.0
qwen3_0.6b_1024d,en_gloss_unihan,ROOT-4020,2407.5,3362.0
qwen3_0.6b_1024d,en_gloss_unihan,ROOT-41C2,2402.157894736842,2157.8947368421054
qwen3_0.6b_1024d,en_gloss_unihan,ROOT-4588,981.0,2727.0
qwen3_0.6b_1024d,en_gloss_unihan,ROOT-470C,251.0,105.0
qwen3_0.6b_1024d,en_gloss_unihan,ROOT-4E00,1695.0,2885.0
qwen3_0.6b_1024d,en_gloss_unihan,ROOT-4E01,1932.2,2284.75
qwen3_0.6b_1024d,en_gloss_unihan,ROOT-4E02,2545.0,3949.0
qwen3_0.6b_1024d,en_gloss_unihan,ROOT-4E03,2956.5,4460.5
qwen3_0.6b_1024d,en_gloss_unihan,ROOT-4E08,625.5,901.0
qwen3_0.6b_1024d,en_gloss_unihan,ROOT-4E0D,2881.0,2663.923076923077
qwen3_0.6b_1024d,en_gloss_unihan,ROOT-4E0F,5788.0,5900.0
qwen3_0.6b_1024d,en_gloss_unihan,ROOT-4E11,2028.7142857142858,2283.1428571428573
qwen3_0.6b_1024d,en_gloss_unihan,ROOT-4E14,1861.25,2167.5
qwen3_0.6b_1024d,en_gloss_unihan,ROOT-4E16,1996.1666666666667,3492.1666666666665
qwen3_0.6b_1024d,en_gloss_unihan,ROOT-4E18,2650.5,3237.0
qwen3_0.6b_1024d,en_gloss_unihan,ROOT-4E19,4417.8,4240.4
qwen3_0.6b_1024d,en_gloss_unihan,ROOT-4E1E,85.5,103.5
qwen3_0.6b_1024d,en_gloss_unihan,ROOT-4E26,5584.0,5260.0
qwen3_0.6b_1024d,en_gloss_unihan,ROOT-4E29,3431.0,2632.0
qwen3_0.6b_1024d,en_gloss_unihan,ROOT-4E2D,1694.6666666666667,1883.5
qwen3_0.6b_1024d,en_gloss_unihan,ROOT-4E30,2717.1111111111113,3836.3333333333335
qwen3_0.6b_1024d,en_gloss_unihan,ROOT-4E32,3404.0,4450.0
qwen3_0.6b_1024d,en_gloss_unihan,ROOT-4E36,410.0,364.2857142857143
qwen3_0.6b_1024d,en_gloss_unihan,ROOT-4E38,1949.5,2380.0
qwen3_0.6b_1024d,en_gloss_unihan,ROOT-4E39,316.0,390.0
qwen3_0.6b_1024d,en_gloss_unihan,ROOT-4E3F,2144.6,2305.3
qwen3_0.6b_1024d,en_gloss_unihan,ROOT-4E42,2542.6666666666665,2895.3333333333335
qwen3_0.6b_1024d,en_gloss_unihan,ROOT-4E43,1751.3333333333333,820.0
qwen3_0.6b_1024d,en_gloss_unihan,ROOT-4E45,2683.0,3325.0
qwen3_0.6b_1024d,en_gloss_unihan,ROOT-4E47,1419.5,1980.5
qwen3_0.6b_1024d,en_gloss_unihan,ROOT-4E4B,216.0,2953.0
qwen3_0.6b_1024d,en_gloss_unihan,ROOT-4E4D,2091.176470588235,2378.1176470588234
qwen3_0.6b_1024d,en_gloss_unihan,ROOT-4E4E,367.0,193.5
qwen3_0.6b_1024d,en_gloss_unihan,ROOT-4E4F,1213.6,2497.8
qwen3_0.6b_1024d,en_gloss_unihan,ROOT-4E58,3299.0,2885.0
qwen3_0.6b_1024d,en_gloss_unihan,ROOT-4E59,846.25,2075.0
qwen3_0.6b_1024d,en_gloss_unihan,ROOT-4E5D,1874.7272727272727,2420.3636363636365
qwen3_0.6b_1024d,en_gloss_unihan,ROOT-4E5E,188.0,484.0
qwen3_0.6b_1024d,en_gloss_unihan,ROOT-4E5F,2672.769230769231,3840.3846153846152
qwen3_0.6b_1024d,en_gloss_unihan,ROOT-4E88,964.875,1885.875
qwen3_0.6b_1024d,en_gloss_unihan,ROOT-4E8C,2229.181818181818,2774.2727272727275
qwen3_0.6b_1024d,en_gloss_unihan,ROOT-4E8E,1310.125,1494.625
qwen3_0.6b_1024d,en_gloss_unihan,ROOT-4E8F,1393.857142857143,1269.857142857143
qwen3_0.6b_1024d,en_gloss_unihan,ROOT-4E91,889.5,1597.0
qwen3_0.6b_1024d,en_gloss_unihan,ROOT-4E92,3356.0,4237.0
qwen3_0.6b_1024d,en_gloss_unihan,ROOT-4E94,1241.0666666666666,1772.6666666666667
qwen3_0.6b_1024d,en_gloss_unihan,ROOT-4E95,4219.0,5762.0
qwen3_0.6b_1024d,en_gloss_unihan,ROOT-4E9E,2705.2,3527.6
qwen3_0.6b_1024d,en_gloss_unihan,ROOT-4E9F,1115.0,376.0
qwen3_0.6b_1024d,en_gloss_unihan,ROOT-4EA1,3890.285714285714,4477.285714285715
qwen3_0.6b_1024d,en_gloss_unihan,ROOT-4EA2,1852.2307692307693,2022.5384615384614
qwen3_0.6b_1024d,en_gloss_unihan,ROOT-4EA4,3099.095238095238,3469.4761904761904
qwen3_0.6b_1024d,en_gloss_unihan,ROOT-4EA5,1994.8823529411766,2050.0
qwen3_0.6b_1024d,en_gloss_unihan,ROOT-4EAC,1630.3636363636363,2081.6363636363635
qwen3_0.6b_1024d,en_gloss_unihan,ROOT-4EAE,3261.0,1392.0
qwen3_0.6b_1024d,en_gloss_unihan,ROOT-4EBA,1854.6666666666667,2039.3333333333333
qwen3_0.6b_1024d,en_gloss_unihan,ROOT-4EC1,150.0,122.0
qwen3_0.6b_1024d,en_gloss_unihan,ROOT-4EC4,4949.0,336.0
qwen3_0.6b_1024d,en_gloss_unihan,ROOT-4ECA,2338.2413793103447,2167.2758620689656
qwen3_0.6b_1024d,en_gloss_unihan,ROOT-4ECB,3105.5,2354.6666666666665
qwen3_0.6b_1024d,en_gloss_unihan,ROOT-4EE4,3576.4736842105262,4033.0
qwen3_0.6b_1024d,en_gloss_unihan,ROOT-4EE5,2049.5,2678.0
qwen3_0.6b_1024d,en_gloss_unihan,ROOT-4F0F,4548.5,2377.5
qwen3_0.6b_1024d,en_gloss_unihan,ROOT-4F10,375.6666666666667,1370.6666666666667
qwen3_0.6b_1024d,en_gloss_unihan,ROOT-4F11,1895.6666666666667,3005.3333333333335
qwen3_0.6b_1024d,en_gloss_unihan,ROOT-4F59,2277.9375,2814.625
qwen3_0.6b_1024d,en_gloss_unihan,ROOT-4F86,2786.8333333333335,3441.5
qwen3_0.6b_1024d,en_gloss_unihan,ROOT-4F8C,-1229.0,-1316.0
qwen3_0.6b_1024d,en_gloss_unihan,ROOT-4F96,2752.5,3277.75
qwen3_0.6b_1024d,en_gloss_unihan,ROOT-4FAF,2498.0,1228.0
qwen3_0.6b_1024d,en_gloss_unihan,ROOT-4FDD,758.6666666666666,316.0
qwen3_0.6b_1024d,en_gloss_unihan,ROOT-5009,2913.846153846154,3250.6923076923076
qwen3_0.6b_1024d,en_gloss_unihan,ROOT-501D,269.0,1193.0
qwen3_0.6b_1024d,en_gloss_unihan,ROOT-50C9,1583.8235294117646,2561.0588235294117
qwen3_0.6b_1024d,en_gloss_unihan,ROOT-5140,929.0,546.5
qwen3_0.6b_1024d,en_gloss_unihan,ROOT-5143,2495.470588235294,2686.764705882353
qwen3_0.6b_1024d,en_gloss_unihan,ROOT-5144,1429.3333333333333,2117.6666666666665
qwen3_0.6b_1024d,en_gloss_unihan,ROOT-5145,1598.0,2131.0
qwen3_0.6b_1024d,en_gloss_unihan,ROOT-5146,1420.35,1443.45
qwen3_0.6b_1024d,en_gloss_unihan,ROOT-5148,1102.75,1468.0
qwen3_0.6b_1024d,en_gloss_unihan,ROOT-5149,2201.75,2736.25
qwen3_0.6b_1024d,en_gloss_unihan,ROOT-514B,30.0,34.0
qwen3_0.6b_1024d,en_gloss_unihan,ROOT-514D,937.0,1130.3333333333333
qwen3_0.6b_1024d,en_gloss_unihan,ROOT-5152,4338.272727272727,2889.090909090909
qwen3_0.6b_1024d,en_gloss_unihan,ROOT-5154,283.0,425.0
qwen3_0.6b_1024d,en_gloss_unihan,ROOT-5165,2934.3333333333335,2937.3333333333335
qwen3_0.6b_1024d,en_gloss_unihan,ROOT-5168,2580.2,2917.9
qwen3_0.6b_1024d,en_gloss_unihan,ROOT-5169,2035.0,2664.25
qwen3_0.6b_1024d,en_gloss_unihan,ROOT-516A,2978.0,2278.0
qwen3_0.6b_1024d,en_gloss_unihan,ROOT-516B,1877.6666666666667,2820.0
qwen3_0.6b_1024d,en_gloss_unihan,ROOT-516C,1794.4545454545455,1634.909090909091
qwen3_0.6b_1024d,en_gloss_unihan,ROOT-516E,1946.0,2045.0
qwen3_0.6b_1024d,en_gloss_unihan,ROOT-5171,1679.142857142857,2069.8571428571427
qwen3_0.6b_1024d,en_gloss_unihan,ROOT-5176,2412.1739130434785,2463.9565217391305
qwen3_0.6b_1024d,en_gloss_unihan,ROOT-5177,5629.0,8313.0
qwen3_0.6b_1024d,en_gloss_unihan,ROOT-5178,-1349.0,-1914.0
qwen3_0.6b_1024d,en_gloss_unihan,ROOT-517C,2091.0625,2492.9375
qwen3_0.6b_1024d,en_gloss_unihan,ROOT-5180,5204.0,4390.0
qwen3_0.6b_1024d,en_gloss_unihan,ROOT-5183,2479.0,3016.75
qwen3_0.6b_1024d,en_gloss_unihan,ROOT-5189,2817.5,3413.0
qwen3_0.6b_1024d,en_gloss_unihan,ROOT-518A,962.5,1573.0
qwen3_0.6b_1024d,en_gloss_unihan,ROOT-518E,2065.4444444444443,2657.722222222222
qwen3_0.6b_1024d,en_gloss_unihan,ROOT-518F,-1589.0,-1987.0
qwen3_0.6b_1024d,en_gloss_unihan,ROOT-5193,1583.090909090909,2152.5454545454545
qwen3_0.6b_1024d,en_gloss_unihan,ROOT-5198,2264.1,2593.1
qwen3_0.6b_1024d,en_gloss_unihan,ROOT-51A2,0.0,0.0
qwen3_0.6b_1024d,en_gloss_unihan,ROOT-51A5,2210.375,2781.0
qwen3_0.6b_1024d,en_gloss_unihan,ROOT-51AB,-1260.0,-1585.0
qwen3_0.6b_1024d,en_gloss_unihan,ROOT-51E0,3348.8333333333335,2781.1666666666665
qwen3_0.6b_1024d,en_gloss_unihan,ROOT-51E1,2092.5,2185.7
qwen3_0.6b_1024d,en_gloss_unihan,ROOT-51F6,1507.3333333333333,844.3333333333334
qwen3_0.6b_1024d,en_gloss_unihan,ROOT-51FA,1445.8333333333333,1676.5
qwen3_0.6b_1024d,en_gloss_unihan,ROOT-51FD,2981.0,3272.0
qwen3_0.6b_1024d,en_gloss_unihan,ROOT-5200,2377.181818181818,3164.5454545454545
qwen3_0.6b_1024d,en_gloss_unihan,ROOT-5203,1726.888888888889,1589.3333333333333
qwen3_0.6b_1024d,en_gloss_unihan,ROOT-5206,2166.3636363636365,2462.909090909091
qwen3_0.6b_1024d,en_gloss_unihan,ROOT-5211,1331.5,2002.5
qwen3_0.6b_1024d,en_gloss_unihan,ROOT-5217,279.0,428.0
qwen3_0.6b_1024d,en_gloss_unihan,ROOT-5225,349.0,-29.0
qwen3_0.6b_1024d,en_gloss_unihan,ROOT-5229,3111.5,2400.0
qwen3_0.6b_1024d,en_gloss_unihan,ROOT-5236,-39.0,211.5
qwen3_0.6b_1024d,en_gloss_unihan,ROOT-5247,2903.6666666666665,3623.0
qwen3_0.6b_1024d,en_gloss_unihan,ROOT-524D,2493.0,4098.0
qwen3_0.6b_1024d,en_gloss_unihan,ROOT-529B,1905.3157894736842,2325.842105263158
qwen3_0.6b_1024d,en_gloss_unihan,ROOT-52A6,3231.5,3326.5
qwen3_0.6b_1024d,en_gloss_unihan,ROOT-52DE,2625.0,2972.75
qwen3_0.6b_1024d,en_gloss_unihan,ROOT-52F9,1724.0526315789473,2091.684210526316
qwen3_0.6b_1024d,en_gloss_unihan,ROOT-52FA,1542.4666666666667,1187.8
qwen3_0.6b_1024d,en_gloss_unihan,ROOT-52FB,2237.6666666666665,2858.0
qwen3_0.6b_1024d,en_gloss_unihan,ROOT-52FF,1363.25,2261.5
qwen3_0.6b_1024d,en_gloss_unihan,ROOT-5303,2047.8,2334.2
qwen3_0.6b_1024d,en_gloss_unihan,ROOT-5305,2030.625,2565.25
qwen3_0.6b_1024d,en_gloss_unihan,ROOT-530A,722.3333333333334,1515.8333333333333
qwen3_0.6b_1024d,en_gloss_unihan,ROOT-5315,2392.2631578947367,2689.7368421052633
qwen3_0.6b_1024d,en_gloss_unihan,ROOT-5317,2843.0,371.0
qwen3_0.6b_1024d,en_gloss_unihan,ROOT-5321,2963.0,3588.0
qwen3_0.6b_1024d,en_gloss_unihan,ROOT-5340,3555.8571428571427,4327.857142857143
qwen3_0.6b_1024d,en_gloss_unihan,ROOT-5341,1279.3333333333333,1770.0
qwen3_0.6b_1024d,en_gloss_unihan,ROOT-5347,61.0,116.0
qwen3_0.6b_1024d,en_gloss_unihan,ROOT-5348,2317.5,3673.75
qwen3_0.6b_1024d,en_gloss_unihan,ROOT-5349,2538.3333333333335,3011.4166666666665
qwen3_0.6b_1024d,en_gloss_unihan,ROOT-534A,792.75,934.375
qwen3_0.6b_1024d,en_gloss_unihan,ROOT-5351,3193.4285714285716,3510.095238095238
qwen3_0.6b_1024d,en_gloss_unihan,ROOT-5352,2253.0,2365.176470588235
qwen3_0.6b_1024d,en_gloss_unihan,ROOT-5353,1407.7,1589.6
qwen3_0.6b_1024d,en_gloss_unihan,ROOT-5357,3701.0,4537.0
qwen3_0.6b_1024d,en_gloss_unihan,ROOT-535C,337.25,255.5
qwen3_0.6b_1024d,en_gloss_unihan,ROOT-535E,426.0,294.0
qwen3_0.6b_1024d,en_gloss_unihan,ROOT-5360,2404.3684210526317,2841.4736842105262
qwen3_0.6b_1024d,en_gloss_unihan,ROOT-536C,215.33333333333334,392.0
qwen3_0.6b_1024d,en_gloss_unihan,ROOT-5371,1106.8333333333333,2104.5
qwen3_0.6b_1024d,en_gloss_unihan,ROOT-5373,-569.0,-299.5
qwen3_0.6b_1024d,en_gloss_unihan,ROOT-5377,1394.5714285714287,1328.4285714285713
qwen3_0.6b_1024d,en_gloss_unihan,ROOT-5378,863.3333333333334,1652.3333333333333
qwen3_0.6b_1024d,en_gloss_unihan,ROOT-5384,631.3333333333334,755.6666666666666
qwen3_0.6b_1024d,en_gloss_unihan,ROOT-539F,985.2,1692.2
qwen3_0.6b_1024d,en_gloss_unihan,ROOT-53B6,2196.5882352941176,2829.1176470588234
qwen3_0.6b_1024d,en_gloss_unihan,ROOT-53B7,869.0,797.0
qwen3_0.6b_1024d,en_gloss_unihan,ROOT-53BB,2569.6666666666665,3216.5
qwen3_0.6b_1024d,en_gloss_unihan,ROOT-53C3,2138.1,2914.1
qwen3_0.6b_1024d,en_gloss_unihan,ROOT-53C8,2001.8947368421052,2191.5263157894738
qwen3_0.6b_1024d,en_gloss_unihan,ROOT-53C9,45.0,137.5
qwen3_0.6b_1024d,en_gloss_unihan,ROOT-53CA,1718.5454545454545,2444.3636363636365
qwen3_0.6b_1024d,en_gloss_unihan,ROOT-53CD,2080.1428571428573,3306.285714285714
qwen3_0.6b_1024d,en_gloss_unihan,ROOT-53D6,2138.2727272727275,2616.4545454545455
qwen3_0.6b_1024d,en_gloss_unihan,ROOT-53D7,2524.0,3804.5
qwen3_0.6b_1024d,en_gloss_unihan,ROOT-53E3,1701.25,1827.0
qwen3_0.6b_1024d,en_gloss_unihan,ROOT-53E4,1722.5806451612902,2404.1290322580644
qwen3_0.6b_1024d,en_gloss_unihan,ROOT-53EA,3265.2,4310.8
qwen3_0.6b_1024d,en_gloss_unihan,ROOT-53F2,3637.0,5062.0
qwen3_0.6b_1024d,en_gloss_unihan,ROOT-53F8,2593.4,3237.0
qwen3_0.6b_1024d,en_gloss_unihan,ROOT-5404,2834.787878787879,2992.6060606060605
qwen3_0.6b_1024d,en_gloss_unihan,ROOT-5405,1746.7692307692307,2506.6923076923076
qwen3_0.6b_1024d,en_gloss_unihan,ROOT-5408,2158.730769230769,2741.076923076923
qwen3_0.6b_1024d,en_gloss_unihan,ROOT-5409,2418.470588235294,2715.0588235294117
qwen3_0.6b_1024d,en_gloss_unihan,ROOT-540C,3522.625,4468.625
qwen3_0.6b_1024d,en_gloss_unihan,ROOT-540D,2738.25,3922.0
qwen3_0.6b_1024d,en_gloss_unihan,ROOT-540E,3645.1666666666665,2378.8333333333335
qwen3_0.6b_1024d,en_gloss_unihan,ROOT-5411,3339.0,2303.0
qwen3_0.6b_1024d,en_gloss_unihan,ROOT-5433,1159.8333333333333,1657.8333333333333
qwen3_0.6b_1024d,en_gloss_unihan,ROOT-5442,1984.0,2026.4
qwen3_0.6b_1024d,en_gloss_unihan,ROOT-544A,767.0,1239.7272727272727
qwen3_0.6b_1024d,en_gloss_unihan,ROOT-5468,3090.5625,2921.0
qwen3_0.6b_1024d,en_gloss_unihan,ROOT-548E,3674.3333333333335,4764.333333333333
qwen3_0.6b_1024d,en_gloss_unihan,ROOT-54A2,3245.5,3572.25
qwen3_0.6b_1024d,en_gloss_unihan,ROOT-54B8,1098.2727272727273,990.3636363636364
qwen3_0.6b_1024d,en_gloss_unihan,ROOT-54C1,-1069.0,-1519.0
qwen3_0.6b_1024d,en_gloss_unihan,ROOT-54E1,1010.7142857142857,1065.2857142857142
qwen3_0.6b_1024d,en_gloss_unihan,ROOT-54E5,968.0,1633.0
qwen3_0.6b_1024d,en_gloss_unihan,ROOT-5584,2121.6666666666665,2717.6666666666665
qwen3_0.6b_1024d,en_gloss_unihan,ROOT-55AE,2000.65,2730.3
qwen3_0.6b_1024d,en_gloss_unihan,ROOT-55BF,1611.1666666666667,2185.0833333333335
qwen3_0.6b_1024d,en_gloss_unihan,ROOT-55C7,424.8,584.4
qwen3_0.6b_1024d,en_gloss_unihan,ROOT-56B4,1804.5,2094.5
qwen3_0.6b_1024d,en_gloss_unihan,ROOT-56D7,2543.090909090909,2752.909090909091
qwen3_0.6b_1024d,en_gloss_unihan,ROOT-56DA,3365.0,5512.0
qwen3_0.6b_1024d,en_gloss_unihan,ROOT-56DB,1069.75,1207.75
qwen3_0.6b_1024d,en_gloss_unihan,ROOT-56DE,3292.75,2374.5
qwen3_0.6b_1024d,en_gloss_unihan,ROOT-56E0,3065.0,3492.2
qwen3_0.6b_1024d,en_gloss_unihan,ROOT-56F0,2519.0,2007.0
qwen3_0.6b_1024d,en_gloss_unihan,ROOT-56F7,1856.5,2341.5
qwen3_0.6b_1024d,en_gloss_unihan,ROOT-56FA,1358.8333333333333,732.0
qwen3_0.6b_1024d,en_gloss_unihan,ROOT-5702,2521.5,3313.5
qwen3_0.6b_1024d,en_gloss_unihan,ROOT-571F,1342.5,973.75
qwen3_0.6b_1024d,en_gloss_unihan,ROOT-5725,791.75,1709.5
qwen3_0.6b_1024d,en_gloss_unihan,ROOT-572D,2548.0,2623.125
qwen3_0.6b_1024d,en_gloss_unihan,ROOT-5750,2009.25,2532.0
qwen3_0.6b_1024d,en_gloss_unihan,ROOT-5794,7.0,-15.0
qwen3_0.6b_1024d,en_gloss_unihan,ROOT-57F6,1509.3333333333333,1966.3333333333333
qwen3_0.6b_1024d,en_gloss_unihan,ROOT-57F7,1642.0,2166.0
qwen3_0.6b_1024d,en_gloss_unihan,ROOT-5807,2360.1666666666665,2443.3333333333335
qwen3_0.6b_1024d,en_gloss_unihan,ROOT-582F,2118.4210526315787,2482.4210526315787
qwen3_0.6b_1024d,en_gloss_unihan,ROOT-58EB,1580.5,1714.5
qwen3_0.6b_1024d,en_gloss_unihan,ROOT-58EC,2142.875,2284.875
qwen3_0.6b_1024d,en_gloss_unihan,ROOT-58F4,761.6,725.0
qwen3_0.6b_1024d,en_gloss_unihan,ROOT-58F9,1419.4,3180.2
qwen3_0.6b_1024d,en_gloss_unihan,ROOT-58FD,2996.4,3037.6
qwen3_0.6b_1024d,en_gloss_unihan,ROOT-5903,-1402.0,-2499.0
qwen3_0.6b_1024d,en_gloss_unihan,ROOT-590C,2600.75,2888.75
qwen3_0.6b_1024d,en_gloss_unihan,ROOT-590D,4056.0,5277.0
qwen3_0.6b_1024d,en_gloss_unihan,ROOT-590F,3546.0,3852.0
qwen3_0.6b_1024d,en_gloss_unihan,ROOT-5915,367.5,50.5
qwen3_0.6b_1024d,en_gloss_unihan,ROOT-5917,2544.230769230769,3195.230769230769
qwen3_0.6b_1024d,en_gloss_unihan,ROOT-591A,1984.4444444444443,2549.0
qwen3_0.6b_1024d,en_gloss_unihan,ROOT-591C,3146.0,3758.3333333333335
qwen3_0.6b_1024d,en_gloss_unihan,ROOT-5922,71.0,-114.0
qwen3_0.6b_1024d,en_gloss_unihan,ROOT-5927,1726.75,1963.75
qwen3_0.6b_1024d,en_gloss_unihan,ROOT-5929,922.75,2181.5
qwen3_0.6b_1024d,en_gloss_unihan,ROOT-592A,32.0,30.0
qwen3_0.6b_1024d,en_gloss_unihan,ROOT-592B,1895.5714285714287,3088.0
qwen3_0.6b_1024d,en_gloss_unihan,ROOT-592C,4384.2,5347.2
qwen3_0.6b_1024d,en_gloss_unihan,ROOT-592D,977.8,527.6
qwen3_0.6b_1024d,en_gloss_unihan,ROOT-592E,2693.4545454545455,3475.2727272727275
qwen3_0.6b_1024d,en_gloss_unihan,ROOT-5932,1594.0,3615.5
qwen3_0.6b_1024d,en_gloss_unihan,ROOT-5937,2613.4,3146.6
qwen3_0.6b_1024d,en_gloss_unihan,ROOT-593E,2630.230769230769,2253.4615384615386
qwen3_0.6b_1024d,en_gloss_unihan,ROOT-5944,1706.142857142857,2527.8571428571427
qwen3_0.6b_1024d,en_gloss_unihan,ROOT-5948,3962.0,2755.0
qwen3_0.6b_1024d,en_gloss_unihan,ROOT-5949,1677.0,2478.3333333333335
qwen3_0.6b_1024d,en_gloss_unihan,ROOT-594F,1391.0,1473.0
qwen3_0.6b_1024d,en_gloss_unihan,ROOT-5950,253.25,-157.25
qwen3_0.6b_1024d,en_gloss_unihan,ROOT-595A,3699.2,3888.0
qwen3_0.6b_1024d,en_gloss_unihan,ROOT-5967,2204.5,2915.0
qwen3_0.6b_1024d,en_gloss_unihan,ROOT-5973,2640.809523809524,3417.1428571428573
qwen3_0.6b_1024d,en_gloss_unihan,ROOT-599F,2962.5,3305.0
qwen3_0.6b_1024d,en_gloss_unihan,ROOT-59A5,2406.75,2994.75
qwen3_0.6b_1024d,en_gloss_unihan,ROOT-59BB,2617.0,2609.5714285714284
qwen3_0.6b_1024d,en_gloss_unihan,ROOT-59BE,2422.0,2762.25
qwen3_0.6b_1024d,en_gloss_unihan,ROOT-5A41,2971.25,2963.3125
qwen3_0.6b_1024d,en_gloss_unihan,ROOT-5B50,738.0,842.0
qwen3_0.6b_1024d,en_gloss_unihan,ROOT-5B54,5360.0,6415.0
qwen3_0.6b_1024d,en_gloss_unihan,ROOT-5B58,268.3333333333333,485.6666666666667
qwen3_0.6b_1024d,en_gloss_unihan,ROOT-5B5A,2193.2,2468.8
qwen3_0.6b_1024d,en_gloss_unihan,ROOT-5B5B,331.3333333333333,1384.6666666666667
qwen3_0.6b_1024d,en_gloss_unihan,ROOT-5B5D,4015.0,4830.5
qwen3_0.6b_1024d,en_gloss_unihan,ROOT-5B63,7197.0,7753.0
qwen3_0.6b_1024d,en_gloss_unihan,ROOT-5B68,2214.0,2269.0
qwen3_0.6b_1024d,en_gloss_unihan,ROOT-5B6B,3337.0,3354.5
qwen3_0.6b_1024d,en_gloss_unihan,ROOT-5B81,2423.4,3208.2
qwen3_0.6b_1024d,en_gloss_unihan,ROOT-5B83,3037.4,4096.3
qwen3_0.6b_1024d,en_gloss_unihan,ROOT-5B88,431.0,437.0
qwen3_0.6b_1024d,en_gloss_unihan,ROOT-5B89,1945.3333333333333,2394.1666666666665
qwen3_0.6b_1024d,en_gloss_unihan,ROOT-5B97,3640.375,3377.25
qwen3_0.6b_1024d,en_gloss_unihan,ROOT-5B98,2512.375,2795.25
qwen3_0.6b_1024d,en_gloss_unihan,ROOT-5B9A,2631.5,4047.5
qwen3_0.6b_1024d,en_gloss_unihan,ROOT-5B9C,0.0,1.0
qwen3_0.6b_1024d,en_gloss_unihan,ROOT-5BA3,3763.6,3735.0
qwen3_0.6b_1024d,en_gloss_unihan,ROOT-5BB3,1567.8,1793.4
qwen3_0.6b_1024d,en_gloss_unihan,ROOT-5BB6,624.0,1085.5
qwen3_0.6b_1024d,en_gloss_unihan,ROOT-5BBF,1898.0,3386.5
qwen3_0.6b_1024d,en_gloss_unihan,ROOT-5BC5,1983.3333333333333,3043.0
qwen3_0.6b_1024d,en_gloss_unihan,ROOT-5BCD,2320.1666666666665,2536.5
qwen3_0.6b_1024d,en_gloss_unihan,ROOT-5BD2,2769.0,3432.5
qwen3_0.6b_1024d,en_gloss_unihan,ROOT-5BF8,-390.2,-209.0
qwen3_0.6b_1024d,en_gloss_unihan,ROOT-5C01,514.0,849.0
qwen3_0.6b_1024d,en_gloss_unihan,ROOT-5C07,2143.0,2686.8
qwen3_0.6b_1024d,en_gloss_unihan,ROOT-5C08,2141.4615384615386,2686.4615384615386
qwen3_0.6b_1024d,en_gloss_unihan,ROOT-5C09,1456.0,2527.6
qwen3_0.6b_1024d,en_gloss_unihan,ROOT-5C0A,1509.5714285714287,1855.857142857143
qwen3_0.6b_1024d,en_gloss_unihan,ROOT-5C0B,4084.3333333333335,3291.0
qwen3_0.6b_1024d,en_gloss_unihan,ROOT-5C0C,2780.0,2884.6666666666665
qwen3_0.6b_1024d,en_gloss_unihan,ROOT-5C0D,3438.0,782.0
qwen3_0.6b_1024d,en_gloss_unihan,ROOT-5C0F,2412.4545454545455,2215.9545454545455
qwen3_0.6b_1024d,en_gloss_unihan,ROOT-5C17,1251.1,1454.4
qwen3_0.6b_1024d,en_gloss_unihan,ROOT-5C1A,1958.2083333333333,2505.0833333333335
qwen3_0.6b_1024d,en_gloss_unihan,ROOT-5C28,-70.33333333333333,-156.0
qwen3_0.6b_1024d,en_gloss_unihan,ROOT-5C39,1956.0,2244.0
qwen3_0.6b_1024d,en_gloss_unihan,ROOT-5C3E,718.0,769.0
qwen3_0.6b_1024d,en_gloss_unihan,ROOT-5C40,2004.5,1838.5
qwen3_0.6b_1024d,en_gloss_unihan,ROOT-5C48,732.5,374.5
qwen3_0.6b_1024d,en_gloss_unihan,ROOT-5C4B,1211.1666666666667,1715.1666666666667
qwen3_0.6b_1024d,en_gloss_unihan,ROOT-5C55,186.5,158.0
qwen3_0.6b_1024d,en_gloss_unihan,ROOT-5C6F,1612.1,1647.5
qwen3_0.6b_1024d,en_gloss_unihan,ROOT-5C70,1053.25,2122.25
qwen3_0.6b_1024d,en_gloss_unihan,ROOT-5C71,2063.5,2181.0
qwen3_0.6b_1024d,en_gloss_unihan,ROOT-5CA1,169.0,206.6
qwen3_0.6b_1024d,en_gloss_unihan,ROOT-5CF6,1603.0,2154.0
qwen3_0.6b_1024d,en_gloss_unihan,ROOT-5D52,5256.0,5587.0
qwen3_0.6b_1024d,en_gloss_unihan,ROOT-5DC2,2474.6,2776.4
qwen3_0.6b_1024d,en_gloss_unihan,ROOT-5DDD,1832.0,3357.4
qwen3_0.6b_1024d,en_gloss_unihan,ROOT-5DDE,147.0,311.5
qwen3_0.6b_1024d,en_gloss_unihan,ROOT-5DDF,1597.5,1165.5
qwen3_0.6b_1024d,en_gloss_unihan,ROOT-5DE2,2469.3333333333335,2684.6666666666665
qwen3_0.6b_1024d,en_gloss_unihan,ROOT-5DE5,1543.0416666666667,1524.5
qwen3_0.6b_1024d,en_gloss_unihan,ROOT-5DE6,380.0,912.0
qwen3_0.6b_1024d,en_gloss_unihan,ROOT-5DE8,2238.6,3121.2
qwen3_0.6b_1024d,en_gloss_unihan,ROOT-5DEB,4459.0,3832.0
qwen3_0.6b_1024d,en_gloss_unihan,ROOT-5DEE,484.0,570.3333333333334
qwen3_0.6b_1024d,en_gloss_unihan,ROOT-5DF1,1602.5454545454545,1465.3636363636363
qwen3_0.6b_1024d,en_gloss_unihan,ROOT-5DF3,825.5,1395.5
qwen3_0.6b_1024d,en_gloss_unihan,ROOT-5DF4,3174.9166666666665,3912.75
qwen3_0.6b_1024d,en_gloss_unihan,ROOT-5DFF,3250.0,3541.0
qwen3_0.6b_1024d,en_gloss_unihan,ROOT-5E00,1137.5,3045.0
qwen3_0.6b_1024d,en_gloss_unihan,ROOT-5E0C,2281.5555555555557,2588.3333333333335
qwen3_0.6b_1024d,en_gloss_unihan,ROOT-5E1A,1668.0,1235.0
qwen3_0.6b_1024d,en_gloss_unihan,ROOT-5E1D,1116.7142857142858,1382.7142857142858
qwen3_0.6b_1024d,en_gloss_unihan,ROOT-5E2D,13.0,19.0
qwen3_0.6b_1024d,en_gloss_unihan,ROOT-5E36,514.5,1070.75
qwen3_0.6b_1024d,en_gloss_unihan,ROOT-5E72,2358.64,2752.56
qwen3_0.6b_1024d,en_gloss_unihan,ROOT-5E73,2362.1111111111113,2692.4444444444443
qwen3_0.6b_1024d,en_gloss_unihan,ROOT-5E75,4357.0,3601.0
qwen3_0.6b_1024d,en_gloss_unihan,ROOT-5E78,531.3333333333334,654.6666666666666
qwen3_0.6b_1024d,en_gloss_unihan,ROOT-5E79,3222.0,4336.0
qwen3_0.6b_1024d,en_gloss_unihan,ROOT-5E7A,2247.0,2963.6
qwen3_0.6b_1024d,en_gloss_unihan,ROOT-5E9A,816.5,1565.5
qwen3_0.6b_1024d,en_gloss_unihan,ROOT-5EB6,2847.8333333333335,4929.0
qwen3_0.6b_1024d,en_gloss_unihan,ROOT-5EB7,417.5,1699.5
qwen3_0.6b_1024d,en_gloss_unihan,ROOT-5EDB,1559.0,1374.5
qwen3_0.6b_1024d,en_gloss_unihan,ROOT-5EFA,2612.3333333333335,2382.8333333333335
qwen3_0.6b_1024d,en_gloss_unihan,ROOT-5F01,827.0,1426.0
qwen3_0.6b_1024d,en_gloss_unihan,ROOT-5F04,701.0,653.0
qwen3_0.6b_1024d,en_gloss_unihan,ROOT-5F0B,2367.3076923076924,2991.5384615384614
qwen3_0.6b_1024d,en_gloss_unihan,ROOT-5F0D,2104.5,2180.0
qwen3_0.6b_1024d,en_gloss_unihan,ROOT-5F13,3205.0,3527.5
qwen3_0.6b_1024d,en_gloss_unihan,ROOT-5F15,2095.0,2160.25
qwen3_0.6b_1024d,en_gloss_unihan,ROOT-5F17,2034.5454545454545,2412.3636363636365
qwen3_0.6b_1024d,en_gloss_unihan,ROOT-5F1F,1905.2,2528.1
qwen3_0.6b_1024d,en_gloss_unihan,ROOT-5F31,1147.25,1161.0
qwen3_0.6b_1024d,en_gloss_unihan,ROOT-5F54,1172.5,1457.125
qwen3_0.6b_1024d,en_gloss_unihan,ROOT-5F56,115.25,-17.375
qwen3_0.6b_1024d,en_gloss_unihan,ROOT-5F57,287.75,342.75
qwen3_0.6b_1024d,en_gloss_unihan,ROOT-5F6A,3385.0,3475.0
qwen3_0.6b_1024d,en_gloss_unihan,ROOT-5F6D,1672.5,2425.5
qwen3_0.6b_1024d,en_gloss_unihan,ROOT-5F99,-1243.0,-1783.0
qwen3_0.6b_1024d,en_gloss_unihan,ROOT-5F9E,2807.25,2750.75
qwen3_0.6b_1024d,en_gloss_unihan,ROOT-5FB9,1373.0,2929.0
qwen3_0.6b_1024d,en_gloss_unihan,ROOT-5FC3,2587.5,2160.0
qwen3_0.6b_1024d,en_gloss_unihan,ROOT-5FC5,1580.8333333333333,2586.9166666666665
qwen3_0.6b_1024d,en_gloss_unihan,ROOT-601D,4031.2,4599.2
qwen3_0.6b_1024d,en_gloss_unihan,ROOT-6046,3447.0,4822.0
qwen3_0.6b_1024d,en_gloss_unihan,ROOT-606F,4396.666666666667,4213.333333333333
qwen3_0.6b_1024d,en_gloss_unihan,ROOT-60E0,5338.0,6405.333333333333
qwen3_0.6b_1024d,en_gloss_unihan,ROOT-610F,291.4,405.0
qwen3_0.6b_1024d,en_gloss_unihan,ROOT-611B,820.5,1336.5
qwen3_0.6b_1024d,en_gloss_unihan,ROOT-61B2,6391.0,2751.0
qwen3_0.6b_1024d,en_gloss_unihan,ROOT-6208,37.0,250.0
qwen3_0.6b_1024d,en_gloss_unihan,ROOT-620A,995.0,938.0
qwen3_0.6b_1024d,en_gloss_unihan,ROOT-620D,2012.857142857143,2192.0
qwen3_0.6b_1024d,en_gloss_unihan,ROOT-620E,3132.0,3095.0
qwen3_0.6b_1024d,en_gloss_unihan,ROOT-6211,2205.777777777778,2816.4444444444443
qwen3_0.6b_1024d,en_gloss_unihan,ROOT-6212,110.33333333333333,159.66666666666666
qwen3_0.6b_1024d,en_gloss_unihan,ROOT-6214,1921.2857142857142,1811.2142857142858
qwen3_0.6b_1024d,en_gloss_unihan,ROOT-6216,2079.9166666666665,2825.5833333333335
qwen3_0.6b_1024d,en_gloss_unihan,ROOT-6236,394.75,347.25
qwen3_0.6b_1024d,en_gloss_unihan,ROOT-6241,879.1428571428571,1576.5
qwen3_0.6b_1024d,en_gloss_unihan,ROOT-6247,1611.0,1968.0
qwen3_0.6b_1024d,en_gloss_unihan,ROOT-624B,1123.0,1210.7272727272727
qwen3_0.6b_1024d,en_gloss_unihan,ROOT-624D,774.0,1072.0
qwen3_0.6b_1024d,en_gloss_unihan,ROOT-6298,1911.5,3270.75
qwen3_0.6b_1024d,en_gloss_unihan,ROOT-62DC,4037.0,5355.0
qwen3_0.6b_1024d,en_gloss_unihan,ROOT-652F,2139.75,3694.5833333333335
qwen3_0.6b_1024d,en_gloss_unihan,ROOT-6538,1698.3846153846155,1861.3846153846155
qwen3_0.6b_1024d,en_gloss_unihan,ROOT-6544,5034.0,5644.0
qwen3_0.6b_1024d,en_gloss_unihan,ROOT-6556,1752.25,2037.5
qwen3_0.6b_1024d,en_gloss_unihan,ROOT-6558,3851.0,5191.0
qwen3_0.6b_1024d,en_gloss_unihan,ROOT-6562,2809.0,2479.5
qwen3_0.6b_1024d,en_gloss_unihan,ROOT-6563,1597.5,1748.5
qwen3_0.6b_1024d,en_gloss_unihan,ROOT-6566,4196.0,4237.0
qwen3_0.6b_1024d,en_gloss_unihan,ROOT-6578,3642.0,7057.0
qwen3_0.6b_1024d,en_gloss_unihan,ROOT-6587,1550.0,1657.111111111111
qwen3_0.6b_1024d,en_gloss_unihan,ROOT-658C,-42.0,-39.0
qwen3_0.6b_1024d,en_gloss_unihan,ROOT-6597,845.6666666666666,2479.6666666666665
qwen3_0.6b_1024d,en_gloss_unihan,ROOT-65A4,2871.0454545454545,3029.909090909091
qwen3_0.6b_1024d,en_gloss_unihan,ROOT-65AC,1206.6666666666667,1908.6666666666667
qwen3_0.6b_1024d,en_gloss_unihan,ROOT-65B0,535.0,1490.0
qwen3_0.6b_1024d,en_gloss_unihan,ROOT-65B9,1497.85,1987.1
qwen3_0.6b_1024d,en_gloss_unihan,ROOT-65BC,2825.75,2982.0
qwen3_0.6b_1024d,en_gloss_unihan,ROOT-65C1,2122.0,3007.4
qwen3_0.6b_1024d,en_gloss_unihan,ROOT-65C5,4844.0,5591.0
qwen3_0.6b_1024d,en_gloss_unihan,ROOT-65CB,3404.0,2332.5
qwen3_0.6b_1024d,en_gloss_unihan,ROOT-65CF,1603.0,2569.2
qwen3_0.6b_1024d,en_gloss_unihan,ROOT-65E2,534.0,2540.0
qwen3_0.6b_1024d,en_gloss_unihan,ROOT-65E5,3454.0,4127.0
qwen3_0.6b_1024d,en_gloss_unihan,ROOT-65E6,2637.217391304348,2771.5652173913045
qwen3_0.6b_1024d,en_gloss_unihan,ROOT-65E8,1998.888888888889,2368.5555555555557
qwen3_0.6b_1024d,en_gloss_unihan,ROOT-65EC,2350.214285714286,1873.0
qwen3_0.6b_1024d,en_gloss_unihan,ROOT-6606,3706.5555555555557,3336.1111111111113
qwen3_0.6b_1024d,en_gloss_unihan,ROOT-660C,3025.6666666666665,2807.5
qwen3_0.6b_1024d,en_gloss_unihan,ROOT-660E,-1310.0,-1843.0
qwen3_0.6b_1024d,en_gloss_unihan,ROOT-660F,2889.25,2881.0
qwen3_0.6b_1024d,en_gloss_unihan,ROOT-6613,2510.714285714286,2543.5714285714284
qwen3_0.6b_1024d,en_gloss_unihan,ROOT-6614,3841.5,3121.25
qwen3_0.6b_1024d,en_gloss_unihan,ROOT-661C,1437.3157894736842,1685.7894736842106
qwen3_0.6b_1024d,en_gloss_unihan,ROOT-661F,2614.25,2720.75
qwen3_0.6b_1024d,en_gloss_unihan,ROOT-6625,2696.0,3254.0
qwen3_0.6b_1024d,en_gloss_unihan,ROOT-662F,2515.625,2948.5625
qwen3_0.6b_1024d,en_gloss_unihan,ROOT-6631,-5.0,-3.0
qwen3_0.6b_1024d,en_gloss_unihan,ROOT-6649,347.0,1119.0
qwen3_0.6b_1024d,en_gloss_unihan,ROOT-66F0,3978.0,3779.5
qwen3_0.6b_1024d,en_gloss_unihan,ROOT-66F4,3372.0,3467.0
qwen3_0.6b_1024d,en_gloss_unihan,ROOT-66FC,1990.5833333333333,2305.0
qwen3_0.6b_1024d,en_gloss_unihan,ROOT-66FE,2274.2,2550.5
qwen3_0.6b_1024d,en_gloss_unihan,ROOT-6700,715.0,482.0
qwen3_0.6b_1024d,en_gloss_unihan,ROOT-6701,1190.857142857143,1522.7142857142858
qwen3_0.6b_1024d,en_gloss_unihan,ROOT-6703,2899.6363636363635,3680.4545454545455
qwen3_0.6b_1024d,en_gloss_unihan,ROOT-6708,4230.0,4516.0
qwen3_0.6b_1024d,en_gloss_unihan,ROOT-670B,2311.8888888888887,3786.3333333333335
qwen3_0.6b_1024d,en_gloss_unihan,ROOT-670D,2177.5,2972.5
qwen3_0.6b_1024d,en_gloss_unihan,ROOT-6715,1297.6666666666667,767.6666666666666
qwen3_0.6b_1024d,en_gloss_unihan,ROOT-671D,2415.0,2447.3333333333335
qwen3_0.6b_1024d,en_gloss_unihan,ROOT-6728,1963.5,1236.0
qwen3_0.6b_1024d,en_gloss_unihan,ROOT-672A,1307.5,1474.1666666666667
qwen3_0.6b_1024d,en_gloss_unihan,ROOT-672B,2592.0,3677.1666666666665
qwen3_0.6b_1024d,en_gloss_unihan,ROOT-672C,12.0,41.0
qwen3_0.6b_1024d,en_gloss_unihan,ROOT-672E,2197.6666666666665,2474.5
qwen3_0.6b_1024d,en_gloss_unihan,ROOT-6731,1596.9166666666667,1473.1666666666667
qwen3_0.6b_1024d,en_gloss_unihan,ROOT-6735,1319.0,749.0
qwen3_0.6b_1024d,en_gloss_unihan,ROOT-673F,850.0,1351.5
qwen3_0.6b_1024d,en_gloss_unihan,ROOT-6740,270.0,930.0
qwen3_0.6b_1024d,en_gloss_unihan,ROOT-675F,2451.2727272727275,3191.5454545454545
qwen3_0.6b_1024d,en_gloss_unihan,ROOT-6771,1313.3333333333333,1765.8333333333333
qwen3_0.6b_1024d,en_gloss_unihan,ROOT-6797,2561.818181818182,2565.6363636363635
qwen3_0.6b_1024d,en_gloss_unihan,ROOT-679C,1962.2727272727273,2965.2727272727275
qwen3_0.6b_1024d,en_gloss_unihan,ROOT-67D0,1597.4,2154.4
qwen3_0.6b_1024d,en_gloss_unihan,ROOT-67EC,2010.423076923077,2499.230769230769
qwen3_0.6b_1024d,en_gloss_unihan,ROOT-6817,737.0,701.0
qwen3_0.6b_1024d,en_gloss_unihan,ROOT-6840,207.5,251.0
qwen3_0.6b_1024d,en_gloss_unihan,ROOT-6851,3828.0,4582.0
qwen3_0.6b_1024d,en_gloss_unihan,ROOT-687C,1961.0,2241.0
qwen3_0.6b_1024d,en_gloss_unihan,ROOT-68D8,1400.0,2229.0
qwen3_0.6b_1024d,en_gloss_unihan,ROOT-696D,6838.0,2240.0
qwen3_0.6b_1024d,en_gloss_unihan,ROOT-69AE,4081.5,4402.5
qwen3_0.6b_1024d,en_gloss_unihan,ROOT-6A02,2207.25,3045.875
qwen3_0.6b_1024d,en_gloss_unihan,ROOT-6A0A,2480.6666666666665,2440.3333333333335
qwen3_0.6b_1024d,en_gloss_unihan,ROOT-6B20,1839.0,2993.5
qwen3_0.6b_1024d,en_gloss_unihan,ROOT-6B2E,5138.333333333333,6761.0
qwen3_0.6b_1024d,en_gloss_unihan,ROOT-6B3D,199.0,461.0
qwen3_0.6b_1024d,en_gloss_unihan,ROOT-6B62,3065.8,4285.0
qwen3_0.6b_1024d,en_gloss_unihan,ROOT-6B63,960.8,1866.4
qwen3_0.6b_1024d,en_gloss_unihan,ROOT-6B65,929.0,299.5
qwen3_0.6b_1024d,en_gloss_unihan,ROOT-6B66,4286.5,4140.5
qwen3_0.6b_1024d,en_gloss_unihan,ROOT-6BB3,1284.5,1017.5
qwen3_0.6b_1024d,en_gloss_unihan,ROOT-6BB5,2929.3333333333335,3993.6666666666665
qwen3_0.6b_1024d,en_gloss_unihan,ROOT-6BB7,1227.0,803.0
qwen3_0.6b_1024d,en_gloss_unihan,ROOT-6BBF,4094.5,5115.0
qwen3_0.6b_1024d,en_gloss_unihan,ROOT-6BC0,2273.0,412.0
qwen3_0.6b_1024d,en_gloss_unihan,ROOT-6BCC,534.6666666666666,394.3333333333333
qwen3_0.6b_1024d,en_gloss_unihan,ROOT-6BCD,514.0,313.5
qwen3_0.6b_1024d,en_gloss_unihan,ROOT-6BCE,17.0,16.0
qwen3_0.6b_1024d,en_gloss_unihan,ROOT-6BCF,2492.0,4278.0
qwen3_0.6b_1024d,en_gloss_unihan,ROOT-6BD4,3212.0833333333335,3393.0833333333335
qwen3_0.6b_1024d,en_gloss_unihan,ROOT-6BDA,1225.5,1227.625
qwen3_0.6b_1024d,en_gloss_unihan,ROOT-6BDB,860.1666666666666,539.6666666666666
qwen3_0.6b_1024d,en_gloss_unihan,ROOT-6BF3,471.5,1029.5
qwen3_0.6b_1024d,en_gloss_unihan,ROOT-6C0F,2322.5,2326.1666666666665
qwen3_0.6b_1024d,en_gloss_unihan,ROOT-6C10,1448.9375,1392.75
qwen3_0.6b_1024d,en_gloss_unihan,ROOT-6C11,2228.6666666666665,3440.6666666666665
qwen3_0.6b_1024d,en_gloss_unihan,ROOT-6C14,588.5,491.0
qwen3_0.6b_1024d,en_gloss_unihan,ROOT-6C38,2627.5,3990.0
qwen3_0.6b_1024d,en_gloss_unihan,ROOT-6C42,1209.0,2047.8
qwen3_0.6b_1024d,en_gloss_unihan,ROOT-6C93,4741.0,6509.5
qwen3_0.6b_1024d,en_gloss_unihan,ROOT-6C99,2711.0,2965.5
qwen3_0.6b_1024d,en_gloss_unihan,ROOT-6C9B,543.0,649.0
qwen3_0.6b_1024d,en_gloss_unihan,ROOT-6CC9,1431.5,1641.0
qwen3_0.6b_1024d,en_gloss_unihan,ROOT-6CD5,375.0,440.0
qwen3_0.6b_1024d,en_gloss_unihan,ROOT-6D3B,-216.0,-178.0
qwen3_0.6b_1024d,en_gloss_unihan,ROOT-6ED5,4599.0,4252.0
qwen3_0.6b_1024d,en_gloss_unihan,ROOT-6FD5,28.0,28.0
qwen3_0.6b_1024d,en_gloss_unihan,ROOT-706B,1589.5,498.0
qwen3_0.6b_1024d,en_gloss_unihan,ROOT-708E,2246.9333333333334,2595.866666666667
qwen3_0.6b_1024d,en_gloss_unihan,ROOT-7097,1742.3846153846155,2039.3076923076924
qwen3_0.6b_1024d,en_gloss_unihan,ROOT-70CF,2612.0,2768.0
qwen3_0.6b_1024d,en_gloss_unihan,ROOT-7109,3539.0,3309.0
qwen3_0.6b_1024d,en_gloss_unihan,ROOT-7121,2549.0,3184.5
qwen3_0.6b_1024d,en_gloss_unihan,ROOT-7126,1313.142857142857,1601.4285714285713
qwen3_0.6b_1024d,en_gloss_unihan,ROOT-7136,1890.5,2981.5
qwen3_0.6b_1024d,en_gloss_unihan,ROOT-718F,624.2,677.6
qwen3_0.6b_1024d,en_gloss_unihan,ROOT-71D5,904.5,910.5
qwen3_0.6b_1024d,en_gloss_unihan,ROOT-71DF,323.0,1082.0
qwen3_0.6b_1024d,en_gloss_unihan,ROOT-722A,427.5,679.5
qwen3_0.6b_1024d,en_gloss_unihan,ROOT-722D,2300.0,2746.6666666666665
qwen3_0.6b_1024d,en_gloss_unihan,ROOT-7230,1883.8181818181818,3022.5454545454545
qwen3_0.6b_1024d,en_gloss_unihan,ROOT-7235,2726.3333333333335,4806.333333333333
qwen3_0.6b_1024d,en_gloss_unihan,ROOT-7236,2454.3684210526317,2455.842105263158
qwen3_0.6b_1024d,en_gloss_unihan,ROOT-723B,1865.3333333333333,2131.0
qwen3_0.6b_1024d,en_gloss_unihan,ROOT-723D,6871.0,8331.0
qwen3_0.6b_1024d,en_gloss_unihan,ROOT-723E,402.0,826.5
qwen3_0.6b_1024d,en_gloss_unihan,ROOT-723F,1008.8333333333334,1002.6666666666666
qwen3_0.6b_1024d,en_gloss_unihan,ROOT-7259,1030.142857142857,756.5714285714286
qwen3_0.6b_1024d,en_gloss_unihan,ROOT-72AC,1715.0,3132.0
qwen3_0.6b_1024d,en_gloss_unihan,ROOT-72AE,2307.8,3143.3
qwen3_0.6b_1024d,en_gloss_unihan,ROOT-72C2,511.0,622.0
qwen3_0.6b_1024d,en_gloss_unihan,ROOT-72C4,2698.6666666666665,1903.3333333333333
qwen3_0.6b_1024d,en_gloss_unihan,ROOT-730B,0.0,0.0
qwen3_0.6b_1024d,en_gloss_unihan,ROOT-7312,904.6666666666666,1234.3333333333333
qwen3_0.6b_1024d,en_gloss_unihan,ROOT-7384,2577.625,2223.625
qwen3_0.6b_1024d,en_gloss_unihan,ROOT-7387,2457.5,2963.0
qwen3_0.6b_1024d,en_gloss_unihan,ROOT-7389,1545.0,2145.0
qwen3_0.6b_1024d,en_gloss_unihan,ROOT-738B,872.3333333333334,1347.0
qwen3_0.6b_1024d,en_gloss_unihan,ROOT-74DC,3455.1111111111113,3300.777777777778
qwen3_0.6b_1024d,en_gloss_unihan,ROOT-7504,6942.0,6184.0
qwen3_0.6b_1024d,en_gloss_unihan,ROOT-7518,2652.5,2699.4
qwen3_0.6b_1024d,en_gloss_unihan,ROOT-751A,1801.909090909091,2289.090909090909
qwen3_0.6b_1024d,en_gloss_unihan,ROOT-751F,2234.4285714285716,2154.714285714286
qwen3_0.6b_1024d,en_gloss_unihan,ROOT-7522,2457.0,3631.0
qwen3_0.6b_1024d,en_gloss_unihan,ROOT-7528,2101.0555555555557,2766.5555555555557
qwen3_0.6b_1024d,en_gloss_unihan,ROOT-752B,2154.785714285714,2622.535714285714
qwen3_0.6b_1024d,en_gloss_unihan,ROOT-7530,1363.5,2162.75
qwen3_0.6b_1024d,en_gloss_unihan,ROOT-7531,2994.75,3911.8125
qwen3_0.6b_1024d,en_gloss_unihan,ROOT-7532,3309.6666666666665,3318.6666666666665
qwen3_0.6b_1024d,en_gloss_unihan,ROOT-7533,1241.6,1345.0
qwen3_0.6b_1024d,en_gloss_unihan,ROOT-7540,4021.75,4107.25
qwen3_0.6b_1024d,en_gloss_unihan,ROOT-754F,2322.0,2429.0
qwen3_0.6b_1024d,en_gloss_unihan,ROOT-7550,5903.0,6555.0
qwen3_0.6b_1024d,en_gloss_unihan,ROOT-755C,1341.3333333333333,39.666666666666664
qwen3_0.6b_1024d,en_gloss_unihan,ROOT-755F,-90.0,-66.5
qwen3_0.6b_1024d,en_gloss_unihan,ROOT-7562,3694.3333333333335,4185.0
qwen3_0.6b_1024d,en_gloss_unihan,ROOT-756B,1088.0,1425.0
qwen3_0.6b_1024d,en_gloss_unihan,ROOT-7570,-230.5,661.0
qwen3_0.6b_1024d,en_gloss_unihan,ROOT-758B,1582.857142857143,1742.857142857143
qwen3_0.6b_1024d,en_gloss_unihan,ROOT-7591,2269.6666666666665,2693.3333333333335
qwen3_0.6b_1024d,en_gloss_unihan,ROOT-75BE,156.0,67.0
qwen3_0.6b_1024d,en_gloss_unihan,ROOT-7678,2835.6,2863.0
qwen3_0.6b_1024d,en_gloss_unihan,ROOT-7679,138.0,-27.666666666666668
qwen3_0.6b_1024d,en_gloss_unihan,ROOT-767D,2127.8,2589.3333333333335
qwen3_0.6b_1024d,en_gloss_unihan,ROOT-7683,-2524.0,-4057.0
qwen3_0.6b_1024d,en_gloss_unihan,ROOT-7686,1048.875,1355.875
qwen3_0.6b_1024d,en_gloss_unihan,ROOT-7687,3807.1428571428573,4226.714285714285
qwen3_0.6b_1024d,en_gloss_unihan,ROOT-7695,-659.0,-1244.0
qwen3_0.6b_1024d,en_gloss_unihan,ROOT-76AE,1611.0555555555557,1715.6666666666667
qwen3_0.6b_1024d,en_gloss_unihan,ROOT-76BF,3088.6666666666665,3209.3333333333335
qwen3_0.6b_1024d,en_gloss_unihan,ROOT-76CA,1923.857142857143,2521.4285714285716
qwen3_0.6b_1024d,en_gloss_unihan,ROOT-76CD,1039.0,2250.0
qwen3_0.6b_1024d,en_gloss_unihan,ROOT-76E1,1562.25,1890.5
qwen3_0.6b_1024d,en_gloss_unihan,ROOT-76E3,2490.5454545454545,3260.7272727272725
qwen3_0.6b_1024d,en_gloss_unihan,ROOT-76F4,1737.75,1590.0
qwen3_0.6b_1024d,en_gloss_unihan,ROOT-76F8,1818.5714285714287,3092.1428571428573
qwen3_0.6b_1024d,en_gloss_unihan,ROOT-76FE,1004.0,1662.75
qwen3_0.6b_1024d,en_gloss_unihan,ROOT-7707,66.0,88.0
qwen3_0.6b_1024d,en_gloss_unihan,ROOT-7709,7.0,12.0
qwen3_0.6b_1024d,en_gloss_unihan,ROOT-7714,293.0,304.0
qwen3_0.6b_1024d,en_gloss_unihan,ROOT-771F,3620.5,3558.0
qwen3_0.6b_1024d,en_gloss_unihan,ROOT-773E,72.0,34.0
qwen3_0.6b_1024d,en_gloss_unihan,ROOT-776A,1837.6,3133.2
qwen3_0.6b_1024d,en_gloss_unihan,ROOT-777F,1385.5,1987.5
qwen3_0.6b_1024d,en_gloss_unihan,ROOT-77DB,1091.8333333333333,1237.0
qwen3_0.6b_1024d,en_gloss_unihan,ROOT-77DE,2843.3333333333335,3645.1111111111113
qwen3_0.6b_1024d,en_gloss_unihan,ROOT-77E2,1453.0,2489.0
qwen3_0.6b_1024d,en_gloss_unihan,ROOT-77F3,2752.285714285714,3346.1428571428573
qwen3_0.6b_1024d,en_gloss_unihan,ROOT-793A,-669.0,-652.6666666666666
qwen3_0.6b_1024d,en_gloss_unihan,ROOT-796D,1740.3333333333333,2294.8333333333335
qwen3_0.6b_1024d,en_gloss_unihan,ROOT-79B9,2621.5,2291.0
qwen3_0.6b_1024d,en_gloss_unihan,ROOT-79BA,1681.909090909091,2234.5454545454545
qwen3_0.6b_1024d,en_gloss_unihan,ROOT-79BB,2584.7272727272725,2397.181818181818
qwen3_0.6b_1024d,en_gloss_unihan,ROOT-79BE,1194.142857142857,1896.7857142857142
qwen3_0.6b_1024d,en_gloss_unihan,ROOT-79C0,928.6666666666666,1341.6666666666667
qwen3_0.6b_1024d,en_gloss_unihan,ROOT-79CB,3093.714285714286,3894.4285714285716
qwen3_0.6b_1024d,en_gloss_unihan,ROOT-79DD,1.0,0.0
qwen3_0.6b_1024d,en_gloss_unihan,ROOT-79E6,2401.0,2892.6666666666665
qwen3_0.6b_1024d,en_gloss_unihan,ROOT-7ACB,3509.125,4049.0
qwen3_0.6b_1024d,en_gloss_unihan,ROOT-7ADF,2109.5,3264.0
qwen3_0.6b_1024d,en_gloss_unihan,ROOT-7AE0,4346.333333333333,4322.222222222223
qwen3_0.6b_1024d,en_gloss_unihan,ROOT-7AE5,2165.3636363636365,2375.0
qwen3_0.6b_1024d,en_gloss_unihan,ROOT-7AF9,-984.0,-1357.0
qwen3_0.6b_1024d,en_gloss_unihan,ROOT-7B6E,4270.0,4548.5
qwen3_0.6b_1024d,en_gloss_unihan,ROOT-7B97,2823.0,2876.5
qwen3_0.6b_1024d,en_gloss_unihan,ROOT-7C73,1579.0,2057.2
qwen3_0.6b_1024d,en_gloss_unihan,ROOT-7CFB,3126.5,3420.5
qwen3_0.6b_1024d,en_gloss_unihan,ROOT-7D2F,3306.0,3730.0
qwen3_0.6b_1024d,en_gloss_unihan,ROOT-7D55,-1089.0,-2061.0
qwen3_0.6b_1024d,en_gloss_unihan,ROOT-7DBF,0.0,0.0
qwen3_0.6b_1024d,en_gloss_unihan,ROOT-7E23,-368.0,-668.0
qwen3_0.6b_1024d,en_gloss_unihan,ROOT-7F54,2019.0,1811.6666666666667
qwen3_0.6b_1024d,en_gloss_unihan,ROOT-7F72,4562.0,5219.0
qwen3_0.6b_1024d,en_gloss_unihan,ROOT-7F77,318.0,920.0
qwen3_0.6b_1024d,en_gloss_unihan,ROOT-7F85,1593.6666666666667,805.0
qwen3_0.6b_1024d,en_gloss_unihan,ROOT-7F8A,2139.6666666666665,1979.25
qwen3_0.6b_1024d,en_gloss_unihan,ROOT-7F94,2433.0,1967.0
qwen3_0.6b_1024d,en_gloss_unihan,ROOT-7FA9,1552.75,2144.625
qwen3_0.6b_1024d,en_gloss_unihan,ROOT-7FBD,285.0,211.0
qwen3_0.6b_1024d,en_gloss_unihan,ROOT-7FCF,2153.3684210526317,2385.1052631578946
qwen3_0.6b_1024d,en_gloss_unihan,ROOT-7FD2,1851.8333333333333,2557.1666666666665
qwen3_0.6b_1024d,en_gloss_unihan,ROOT-7FDF,3116.75,3461.375
qwen3_0.6b_1024d,en_gloss_unihan,ROOT-800C,3151.3333333333335,3110.6666666666665
qwen3_0.6b_1024d,en_gloss_unihan,ROOT-8011,2503.375,3325.0
qwen3_0.6b_1024d,en_gloss_unihan,ROOT-8012,2566.0,2743.0
qwen3_0.6b_1024d,en_gloss_unihan,ROOT-8024,-1588.0,-2267.0
qwen3_0.6b_1024d,en_gloss_unihan,ROOT-8033,1734.2666666666667,1632.7333333333333
qwen3_0.6b_1024d,en_gloss_unihan,ROOT-8034,1504.0,5449.0
qwen3_0.6b_1024d,en_gloss_unihan,ROOT-8036,3909.5,5174.5
qwen3_0.6b_1024d,en_gloss_unihan,ROOT-8056,3797.0,4571.5
qwen3_0.6b_1024d,en_gloss_unihan,ROOT-8076,2183.4285714285716,2851.714285714286
qwen3_0.6b_1024d,en_gloss_unihan,ROOT-807D,3588.0,4467.0
qwen3_0.6b_1024d,en_gloss_unihan,ROOT-807F,2776.0,2623.7272727272725
qwen3_0.6b_1024d,en_gloss_unihan,ROOT-8089,2794.0,5553.0
qwen3_0.6b_1024d,en_gloss_unihan,ROOT-8099,2307.25,2644.9166666666665
qwen3_0.6b_1024d,en_gloss_unihan,ROOT-80C3,1457.5,1585.5
qwen3_0.6b_1024d,en_gloss_unihan,ROOT-810A,842.0,2393.0
qwen3_0.6b_1024d,en_gloss_unihan,ROOT-81E4,666.5,713.5
qwen3_0.6b_1024d,en_gloss_unihan,ROOT-81EA,655.3333333333334,1175.6666666666667
qwen3_0.6b_1024d,en_gloss_unihan,ROOT-81ED,748.5,1011.0
qwen3_0.6b_1024d,en_gloss_unihan,ROOT-81F3,1916.4,2165.8
qwen3_0.6b_1024d,en_gloss_unihan,ROOT-81FA,7375.0,6456.0
qwen3_0.6b_1024d,en_gloss_unihan,ROOT-81FD,7724.0,8313.0
qwen3_0.6b_1024d,en_gloss_unihan,ROOT-81FE,1033.6666666666667,1992.8333333333333
qwen3_0.6b_1024d,en_gloss_unihan,ROOT-81FF,1403.3333333333333,1946.0
qwen3_0.6b_1024d,en_gloss_unihan,ROOT-8200,3644.8333333333335,2391.0
qwen3_0.6b_1024d,en_gloss_unihan,ROOT-8201,2761.5714285714284,3250.0
qwen3_0.6b_1024d,en_gloss_unihan,ROOT-8202,1781.0,2942.5
qwen3_0.6b_1024d,en_gloss_unihan,ROOT-8204,2917.3333333333335,2013.6666666666667
qwen3_0.6b_1024d,en_gloss_unihan,ROOT-820C,416.0,885.0
qwen3_0.6b_1024d,en_gloss_unihan,ROOT-821C,2685.0,4233.0
qwen3_0.6b_1024d,en_gloss_unihan,ROOT-821F,2882.6666666666665,2772.3333333333335
qwen3_0.6b_1024d,en_gloss_unihan,ROOT-822C,1995.7142857142858,3173.714285714286
qwen3_0.6b_1024d,en_gloss_unihan,ROOT-826E,4082.0,2270.0
qwen3_0.6b_1024d,en_gloss_unihan,ROOT-826F,3370.230769230769,4100.384615384615
qwen3_0.6b_1024d,en_gloss_unihan,ROOT-82BB,2234.6666666666665,2171.1666666666665
qwen3_0.6b_1024d,en_gloss_unihan,ROOT-82D7,417.6666666666667,1147.3333333333333
qwen3_0.6b_1024d,en_gloss_unihan,ROOT-82E5,2037.0,2128.8333333333335
qwen3_0.6b_1024d,en_gloss_unihan,ROOT-830D,619.6,1072.2
qwen3_0.6b_1024d,en_gloss_unihan,ROOT-8332,803.3333333333334,1627.3333333333333
qwen3_0.6b_1024d,en_gloss_unihan,ROOT-83AB,2481.3333333333335,2922.5
qwen3_0.6b_1024d,en_gloss_unihan,ROOT-83D0,930.0,3733.0
qwen3_0.6b_1024d,en_gloss_unihan,ROOT-83EF,768.0,1481.0
qwen3_0.6b_1024d,en_gloss_unihan,ROOT-8408,4174.0,2435.0
qwen3_0.6b_1024d,en_gloss_unihan,ROOT-842C,1790.142857142857,2243.285714285714
qwen3_0.6b_1024d,en_gloss_unihan,ROOT-8457,145.0,961.0
qwen3_0.6b_1024d,en_gloss_unihan,ROOT-8499,4551.375,4229.125
qwen3_0.6b_1024d,en_gloss_unihan,ROOT-8511,3521.25,4957.5
qwen3_0.6b_1024d,en_gloss_unihan,ROOT-864D,164.0,82.0
qwen3_0.6b_1024d,en_gloss_unihan,ROOT-864E,198.0,190.5
qwen3_0.6b_1024d,en_gloss_unihan,ROOT-8650,2728.5,1548.5
qwen3_0.6b_1024d,en_gloss_unihan,ROOT-865F,3716.0,6684.0
qwen3_0.6b_1024d,en_gloss_unihan,ROOT-86A4,1555.6666666666667,1656.3333333333333
qwen3_0.6b_1024d,en_gloss_unihan,ROOT-8700,2756.3076923076924,3485.846153846154
qwen3_0.6b_1024d,en_gloss_unihan,ROOT-8806,298.0,296.0
qwen3_0.6b_1024d,en_gloss_unihan,ROOT-8840,3786.3333333333335,3861.3333333333335
qwen3_0.6b_1024d,en_gloss_unihan,ROOT-884C,2392.0,2610.0
qwen3_0.6b_1024d,en_gloss_unihan,ROOT-884D,1019.0,1178.0
qwen3_0.6b_1024d,en_gloss_unihan,ROOT-8863,2744.0,2499.6666666666665
qwen3_0.6b_1024d,en_gloss_unihan,ROOT-8868,-164.0,-82.0
qwen3_0.6b_1024d,en_gloss_unihan,ROOT-8870,1347.0,2852.0
qwen3_0.6b_1024d,en_gloss_unihan,ROOT-8881,973.0,2048.5
qwen3_0.6b_1024d,en_gloss_unihan,ROOT-8944,1941.25,2408.1666666666665
qwen3_0.6b_1024d,en_gloss_unihan,ROOT-897E,2101.0,2101.0
qwen3_0.6b_1024d,en_gloss_unihan,ROOT-897F,3050.6666666666665,2641.6666666666665
qwen3_0.6b_1024d,en_gloss_unihan,ROOT-8983,436.0,741.5
qwen3_0.6b_1024d,en_gloss_unihan,ROOT-898B,3285.75,2950.875
qwen3_0.6b_1024d,en_gloss_unihan,ROOT-898F,330.0,667.5
qwen3_0.6b_1024d,en_gloss_unihan,ROOT-89AA,2969.0,3617.0
qwen3_0.6b_1024d,en_gloss_unihan,ROOT-89BA,46.0,67.0
qwen3_0.6b_1024d,en_gloss_unihan,ROOT-89D2,653.8,1337.4
qwen3_0.6b_1024d,en_gloss_unihan,ROOT-89E3,3690.1666666666665,3943.0
qwen3_0.6b_1024d,en_gloss_unihan,ROOT-8A79,1388.25,2155.4166666666665
qwen3_0.6b_1024d,en_gloss_unihan,ROOT-8C37,1977.5333333333333,2116.6666666666665
qwen3_0.6b_1024d,en_gloss_unihan,ROOT-8C46,2349.235294117647,2529.294117647059
qwen3_0.6b_1024d,en_gloss_unihan,ROOT-8C48,2096.818181818182,3174.909090909091
qwen3_0.6b_1024d,en_gloss_unihan,ROOT-8C50,3413.5,1658.0
qwen3_0.6b_1024d,en_gloss_unihan,ROOT-8C5A,284.0,890.0
qwen3_0.6b_1024d,en_gloss_unihan,ROOT-8C61,1219.0,275.5
qwen3_0.6b_1024d,en_gloss_unihan,ROOT-8C66,3185.8,3241.2
qwen3_0.6b_1024d,en_gloss_unihan,ROOT-8C6A,1523.5,2516.0
qwen3_0.6b_1024d,en_gloss_unihan,ROOT-8C9D,2039.6666666666667,2292.3333333333335
qwen3_0.6b_1024d,en_gloss_unihan,ROOT-8C9E,1746.8,1952.8
qwen3_0.6b_1024d,en_gloss_unihan,ROOT-8CAC,1018.1428571428571,2001.0
qwen3_0.6b_1024d,en_gloss_unihan,ROOT-8CB4,2180.0,1075.0
qwen3_0.6b_1024d,en_gloss_unihan,ROOT-8CCF,2558.0,2820.6666666666665
qwen3_0.6b_1024d,en_gloss_unihan,ROOT-8CEA,2903.0,4075.0
qwen3_0.6b_1024d,en_gloss_unihan,ROOT-8D0A,517.1428571428571,537.8571428571429
qwen3_0.6b_1024d,en_gloss_unihan,ROOT-8D14,23.0,13.0
qwen3_0.6b_1024d,en_gloss_unihan,ROOT-8D1B,5002.0,5457.0
qwen3_0.6b_1024d,en_gloss_unihan,ROOT-8D64,246.0,210.0
qwen3_0.6b_1024d,en_gloss_unihan,ROOT-8D66,5610.0,7634.0
qwen3_0.6b_1024d,en_gloss_unihan,ROOT-8D6B,531.0,450.0
qwen3_0.6b_1024d,en_gloss_unihan,ROOT-8D70,347.0,1413.0
qwen3_0.6b_1024d,en_gloss_unihan,ROOT-8DB3,1939.5,1664.25
qwen3_0.6b_1024d,en_gloss_unihan,ROOT-8ECD,1549.2666666666667,1711.9333333333334
qwen3_0.6b_1024d,en_gloss_unihan,ROOT-8F26,-870.0,432.0
qwen3_0.6b_1024d,en_gloss_unihan,ROOT-8F9B,971.0,1269.75
qwen3_0.6b_1024d,en_gloss_unihan,ROOT-8F9F,2663.0625,2887.625
qwen3_0.6b_1024d,en_gloss_unihan,ROOT-8FB0,1857.3,1816.0
qwen3_0.6b_1024d,en_gloss_unihan,ROOT-8FB1,2497.285714285714,2762.4285714285716
qwen3_0.6b_1024d,en_gloss_unihan,ROOT-8FB2,-460.0,-38.5
qwen3_0.6b_1024d,en_gloss_unihan,ROOT-9000,1822.5,2088.0
qwen3_0.6b_1024d,en_gloss_unihan,ROOT-9023,4189.4,4664.4
qwen3_0.6b_1024d,en_gloss_unihan,ROOT-9054,1381.3333333333333,1894.3333333333333
qwen3_0.6b_1024d,en_gloss_unihan,ROOT-9069,1528.0,3063.0
qwen3_0.6b_1024d,en_gloss_unihan,ROOT-9077,59.0,232.0
qwen3_0.6b_1024d,en_gloss_unihan,ROOT-9091,5171.5,4702.5
qwen3_0.6b_1024d,en_gloss_unihan,ROOT-9095,1771.6666666666667,847.0
qwen3_0.6b_1024d,en_gloss_unihan,ROOT-90A3,3084.0,5054.0
qwen3_0.6b_1024d,en_gloss_unihan,ROOT-90CE,4830.0,6673.0
qwen3_0.6b_1024d,en_gloss_unihan,ROOT-90E8,-497.0,-751.0
qwen3_0.6b_1024d,en_gloss_unihan,ROOT-90ED,-516.0,-317.5
qwen3_0.6b_1024d,en_gloss_unihan,ROOT-9109,1581.5,1422.25
qwen3_0.6b_1024d,en_gloss_unihan,ROOT-912D,2729.0,3219.5
qwen3_0.6b_1024d,en_gloss_unihan,ROOT-9149,163.5,143.0
qwen3_0.6b_1024d,en_gloss_unihan,ROOT-914B,2758.75,2818.0
qwen3_0.6b_1024d,en_gloss_unihan,ROOT-91C1,6528.0,4613.0
qwen3_0.6b_1024d,en_gloss_unihan,ROOT-91C6,1610.7142857142858,1996.095238095238
qwen3_0.6b_1024d,en_gloss_unihan,ROOT-91C7,1207.4,1127.2
qwen3_0.6b_1024d,en_gloss_unihan,ROOT-91CC,2076.4545454545455,2650.909090909091
qwen3_0.6b_1024d,en_gloss_unihan,ROOT-91CF,239.0,520.0
qwen3_0.6b_1024d,en_gloss_unihan,ROOT-9577,2029.3,2269.1
qwen3_0.6b_1024d,en_gloss_unihan,ROOT-9580,2004.142857142857,1645.142857142857
qwen3_0.6b_1024d,en_gloss_unihan,ROOT-958F,1591.0,1485.0
qwen3_0.6b_1024d,en_gloss_unihan,ROOT-9591,1857.0,1427.0
qwen3_0.6b_1024d,en_gloss_unihan,ROOT-9592,1995.0,2082.3333333333335
qwen3_0.6b_1024d,en_gloss_unihan,ROOT-95B5,388.0,1982.0
qwen3_0.6b_1024d,en_gloss_unihan,ROOT-961C,1206.0,1401.0
qwen3_0.6b_1024d,en_gloss_unihan,ROOT-9673,663.0,866.0
qwen3_0.6b_1024d,en_gloss_unihan,ROOT-9686,3920.0,3872.5
qwen3_0.6b_1024d,en_gloss_unihan,ROOT-968B,678.0,516.5
qwen3_0.6b_1024d,en_gloss_unihan,ROOT-96A8,2496.0,1622.0
qwen3_0.6b_1024d,en_gloss_unihan,ROOT-96B9,1582.0357142857142,1697.7857142857142
qwen3_0.6b_1024d,en_gloss_unihan,ROOT-96BB,1433.0,1523.8
qwen3_0.6b_1024d,en_gloss_unihan,ROOT-96BC,-1066.0,-1415.0
qwen3_0.6b_1024d,en_gloss_unihan,ROOT-96CB,2960.6666666666665,3038.0
qwen3_0.6b_1024d,en_gloss_unihan,ROOT-96CD,6008.0,7422.0
qwen3_0.6b_1024d,en_gloss_unihan,ROOT-96DC,191.0,68.0
qwen3_0.6b_1024d,en_gloss_unihan,ROOT-96E3,930.0,1380.75
qwen3_0.6b_1024d,en_gloss_unihan,ROOT-96E9,4121.333333333333,3494.0
qwen3_0.6b_1024d,en_gloss_unihan,ROOT-96F7,1471.0,1558.0
qwen3_0.6b_1024d,en_gloss_unihan,ROOT-9700,4150.818181818182,4177.818181818182
qwen3_0.6b_1024d,en_gloss_unihan,ROOT-9752,761.75,1098.5
qwen3_0.6b_1024d,en_gloss_unihan,ROOT-975E,2866.5238095238096,3020.5238095238096
qwen3_0.6b_1024d,en_gloss_unihan,ROOT-9762,1103.0,826.0
qwen3_0.6b_1024d,en_gloss_unihan,ROOT-9808,19.0,20.0
qwen3_0.6b_1024d,en_gloss_unihan,ROOT-983B,1011.0,16.0
qwen3_0.6b_1024d,en_gloss_unihan,ROOT-985B,872.0,689.0
qwen3_0.6b_1024d,en_gloss_unihan,ROOT-9865,-67.0,-45.0
qwen3_0.6b_1024d,en_gloss_unihan,ROOT-99AC,1034.5,814.75
qwen3_0.6b_1024d,en_gloss_unihan,ROOT-9AD8,2304.7241379310344,2190.3793103448274
qwen3_0.6b_1024d,en_gloss_unihan,ROOT-9B32,2544.0,3290.0
qwen3_0.6b_1024d,en_gloss_unihan,ROOT-9B3C,1649.75,1770.0833333333333
qwen3_0.6b_1024d,en_gloss_unihan,ROOT-9B5A,-151.66666666666666,-61.666666666666664
qwen3_0.6b_1024d,en_gloss_unihan,ROOT-9BAE,5148.5,5645.5
qwen3_0.6b_1024d,en_gloss_unihan,ROOT-9CE5,4815.5,2642.0
qwen3_0.6b_1024d,en_gloss_unihan,ROOT-9E75,42.0,11.0
qwen3_0.6b_1024d,en_gloss_unihan,ROOT-9E7F,3983.5,3989.0
qwen3_0.6b_1024d,en_gloss_unihan,ROOT-9E83,1126.0,1240.25
qwen3_0.6b_1024d,en_gloss_unihan,ROOT-9E97,1715.375,2125.25
qwen3_0.6b_1024d,en_gloss_unihan,ROOT-9ED1,-223.0,-118.0
qwen3_0.6b_1024d,en_gloss_unihan,ROOT-9EFD,4814.5,4986.0
qwen3_0.6b_1024d,en_gloss_unihan,ROOT-9F13,4256.0,1201.0
qwen3_0.6b_1024d,en_gloss_unihan,ROOT-9F4A,3191.6,2720.5
qwen3_0.6b_1024d,en_gloss_unihan,ROOT-9F8D,2018.357142857143,2182.5714285714284
qwen3_0.6b_1024d,en_gloss_unihan,ROOT-9FA0,2307.2,2629.8
qwen3_0.6b_1024d,zh_char,ROOT-20000,2029.8947368421052,2145.7894736842104
qwen3_0.6b_1024d,zh_char,ROOT-20086,2257.875,2451.75
qwen3_0.6b_1024d,zh_char,ROOT-200A2,5951.5,6315.5
qwen3_0.6b_1024d,zh_char,ROOT-200A4,4269.333333333333,4882.333333333333
qwen3_0.6b_1024d,zh_char,ROOT-2010C,1679.2,1473.2
qwen3_0.6b_1024d,zh_char,ROOT-2053E,4828.2,3654.2
qwen3_0.6b_1024d,zh_char,ROOT-20A7A,-1122.0,-1273.0
qwen3_0.6b_1024d,zh_char,ROOT-20CCB,3058.0,3905.0
qwen3_0.6b_1024d,zh_char,ROOT-2123C,2936.0555555555557,2722.9444444444443
qwen3_0.6b_1024d,zh_char,ROOT-219CD,2310.8,2511.4
qwen3_0.6b_1024d,zh_char,ROOT-21C55,1507.3333333333333,2506.3333333333335
qwen3_0.6b_1024d,zh_char,ROOT-21FE7,5175.0,5516.75
qwen3_0.6b_1024d,zh_char,ROOT-22398,1524.0,2151.5
qwen3_0.6b_1024d,zh_char,ROOT-2274A,1824.2,2457.2
qwen3_0.6b_1024d,zh_char,ROOT-2304B,1244.0,1648.0
qwen3_0.6b_1024d,zh_char,ROOT-23386,1250.0,1119.0
qwen3_0.6b_1024d,zh_char,ROOT-233DF,707.5555555555555,414.6666666666667
qwen3_0.6b_1024d,zh_char,ROOT-2394F,3159.375,3385.6666666666665
qwen3_0.6b_1024d,zh_char,ROOT-239BC,705.0,749.0
qwen3_0.6b_1024d,zh_char,ROOT-25055,617.0,288.0
qwen3_0.6b_1024d,zh_char,ROOT-25762,274.0,93.0
qwen3_0.6b_1024d,zh_char,ROOT-2634C,-335.5,-840.5
qwen3_0.6b_1024d,zh_char,ROOT-26B07,203.0,89.0
qwen3_0.6b_1024d,zh_char,ROOT-271A3,2764.8571428571427,2057.5
qwen3_0.6b_1024d,zh_char,ROOT-27BAB,1008.0,534.0
qwen3_0.6b_1024d,zh_char,ROOT-342D,2537.0,2771.0
qwen3_0.6b_1024d,zh_char,ROOT-3431,253.0,349.0
qwen3_0.6b_1024d,zh_char,ROOT-34B8,1353.2857142857142,1820.857142857143
qwen3_0.6b_1024d,zh_char,ROOT-34BC,4075.0,3321.0
qwen3_0.6b_1024d,zh_char,ROOT-34DE,926.5714285714286,1375.5714285714287
qwen3_0.6b_1024d,zh_char,ROOT-3563,1674.8,1646.4666666666667
qwen3_0.6b_1024d,zh_char,ROOT-37A2,1063.8823529411766,820.1176470588235
qwen3_0.6b_1024d,zh_char,ROOT-382F,2840.346153846154,3036.3076923076924
qwen3_0.6b_1024d,zh_char,ROOT-3840,2274.3,2424.7
qwen3_0.6b_1024d,zh_char,ROOT-39B0,1813.1,1832.0
qwen3_0.6b_1024d,zh_char,ROOT-3E12,675.0,639.0
qwen3_0.6b_1024d,zh_char,ROOT-4020,2343.5,2932.3333333333335
qwen3_0.6b_1024d,zh_char,ROOT-41C2,2258.05,2323.15
qwen3_0.6b_1024d,zh_char,ROOT-4588,2913.4,3279.0
qwen3_0.6b_1024d,zh_char,ROOT-470C,847.0,547.0
qwen3_0.6b_1024d,zh_char,ROOT-4E00,2468.0,3237.5
qwen3_0.6b_1024d,zh_char,ROOT-4E01,1458.3809523809523,1498.5238095238096
qwen3_0.6b_1024d,zh_char,ROOT-4E02,1598.5,1925.0
qwen3_0.6b_1024d,zh_char,ROOT-4E03,2935.0,1580.5
qwen3_0.6b_1024d,zh_char,ROOT-4E08,204.5,187.0
qwen3_0.6b_1024d,zh_char,ROOT-4E0B,1978.0,2227.0
qwen3_0.6b_1024d,zh_char,ROOT-4E0D,2520.0,2856.214285714286
qwen3_0.6b_1024d,zh_char,ROOT-4E0F,303.0,228.0
qwen3_0.6b_1024d,zh_char,ROOT-4E11,1473.375,1355.625
qwen3_0.6b_1024d,zh_char,ROOT-4E14,2889.0344827586205,3720.0
qwen3_0.6b_1024d,zh_char,ROOT-4E16,2360.6666666666665,3033.6666666666665
qwen3_0.6b_1024d,zh_char,ROOT-4E18,2376.0,1583.5
qwen3_0.6b_1024d,zh_char,ROOT-4E19,1542.6,1313.4
qwen3_0.6b_1024d,zh_char,ROOT-4E1E,-25.5,201.5
qwen3_0.6b_1024d,zh_char,ROOT-4E26,2194.0,2761.0
qwen3_0.6b_1024d,zh_char,ROOT-4E29,3307.0,4908.0
qwen3_0.6b_1024d,zh_char,ROOT-4E2D,231.66666666666666,417.3333333333333
qwen3_0.6b_1024d,zh_char,ROOT-4E30,3832.777777777778,3548.8888888888887
qwen3_0.6b_1024d,zh_char,ROOT-4E32,398.0,412.0
qwen3_0.6b_1024d,zh_char,ROOT-4E36,172.28571428571428,879.7142857142857
qwen3_0.6b_1024d,zh_char,ROOT-4E38,3992.6,4436.6
qwen3_0.6b_1024d,zh_char,ROOT-4E39,73.5,216.5
qwen3_0.6b_1024d,zh_char,ROOT-4E3F,2969.1363636363635,2839.3636363636365
qwen3_0.6b_1024d,zh_char,ROOT-4E42,2626.0,2651.3333333333335
qwen3_0.6b_1024d,zh_char,ROOT-4E43,1302.6666666666667,852.0
qwen3_0.6b_1024d,zh_char,ROOT-4E45,3295.6666666666665,817.6666666666666
qwen3_0.6b_1024d,zh_char,ROOT-4E47,2898.5,2999.0
qwen3_0.6b_1024d,zh_char,ROOT-4E4B,919.0,2606.0
qwen3_0.6b_1024d,zh_char,ROOT-4E4D,1477.388888888889,1636.111111111111
qwen3_0.6b_1024d,zh_char,ROOT-4E4E,1807.5,2285.75
qwen3_0.6b_1024d,zh_char,ROOT-4E4F,1963.0,2001.0
qwen3_0.6b_1024d,zh_char,ROOT-4E58,4346.0,4774.5
qwen3_0.6b_1024d,zh_char,ROOT-4E59,3007.25,2652.5
qwen3_0.6b_1024d,zh_char,ROOT-4E5D,1380.6363636363637,2064.0
qwen3_0.6b_1024d,zh_char,ROOT-4E5E,549.0,572.0
qwen3_0.6b_1024d,zh_char,ROOT-4E5F,2443.0714285714284,2686.285714285714
qwen3_0.6b_1024d,zh_char,ROOT-4E82,4962.0,6085.0
qwen3_0.6b_1024d,zh_char,ROOT-4E88,1253.375,1733.875
qwen3_0.6b_1024d,zh_char,ROOT-4E8C,1481.142857142857,1271.5
qwen3_0.6b_1024d,zh_char,ROOT-4E8E,2701.5,2999.0
qwen3_0.6b_1024d,zh_char,ROOT-4E8F,1718.75,1538.375
qwen3_0.6b_1024d,zh_char,ROOT-4E91,1129.7777777777778,1162.5555555555557
qwen3_0.6b_1024d,zh_char,ROOT-4E92,3954.0,4538.5
qwen3_0.6b_1024d,zh_char,ROOT-4E94,1626.0625,1705.0
qwen3_0.6b_1024d,zh_char,ROOT-4E95,2460.0,810.0
qwen3_0.6b_1024d,zh_char,ROOT-4E9E,1854.8333333333333,2080.5
qwen3_0.6b_1024d,zh_char,ROOT-4E9F,-700.0,-160.0
qwen3_0.6b_1024d,zh_char,ROOT-4EA1,2558.714285714286,2055.1428571428573
qwen3_0.6b_1024d,zh_char,ROOT-4EA2,2346.866666666667,2341.0666666666666
qwen3_0.6b_1024d,zh_char,ROOT-4EA4,3542.4761904761904,3762.9523809523807
qwen3_0.6b_1024d,zh_char,ROOT-4EA5,2192.823529411765,2797.235294117647
qwen3_0.6b_1024d,zh_char,ROOT-4EAC,2453.090909090909,2872.818181818182
qwen3_0.6b_1024d,zh_char,ROOT-4EAE,1274.0,695.0
qwen3_0.6b_1024d,zh_char,ROOT-4EBA,305.6666666666667,464.0
qwen3_0.6b_1024d,zh_char,ROOT-4EC1,531.0,428.0
qwen3_0.6b_1024d,zh_char,ROOT-4EC4,-2.0,-2.0
qwen3_0.6b_1024d,zh_char,ROOT-4ECA,1855.128205128205,2149.4102564102564
qwen3_0.6b_1024d,zh_char,ROOT-4ECB,2453.0,2853.5714285714284
qwen3_0.6b_1024d,zh_char,ROOT-4EE4,2830.0,2792.315789473684
qwen3_0.6b_1024d,zh_char,ROOT-4EE5,621.5,1008.0
qwen3_0.6b_1024d,zh_char,ROOT-4F0F,885.0,760.0
qwen3_0.6b_1024d,zh_char,ROOT-4F10,2864.6666666666665,2623.6666666666665
qwen3_0.6b_1024d,zh_char,ROOT-4F11,4324.333333333333,5260.333333333333
qwen3_0.6b_1024d,zh_char,ROOT-4F59,2012.6842105263158,2623.2105263157896
qwen3_0.6b_1024d,zh_char,ROOT-4F86,1789.6666666666667,2773.3333333333335
qwen3_0.6b_1024d,zh_char,ROOT-4F8C,1523.0,2903.0
qwen3_0.6b_1024d,zh_char,ROOT-4F96,1254.9,966.9
qwen3_0.6b_1024d,zh_char,ROOT-4FAF,5829.0,6175.0
qwen3_0.6b_1024d,zh_char,ROOT-4FDD,1156.6666666666667,790.6666666666666
qwen3_0.6b_1024d,zh_char,ROOT-5009,1343.923076923077,889.9230769230769
qwen3_0.6b_1024d,zh_char,ROOT-501D,253.0,158.0
qwen3_0.6b_1024d,zh_char,ROOT-50C9,1537.45,1482.6
qwen3_0.6b_1024d,zh_char,ROOT-5140,1843.0,1978.5
qwen3_0.6b_1024d,zh_char,ROOT-5143,2486.684210526316,2615.6315789473683
qwen3_0.6b_1024d,zh_char,ROOT-5144,1325.6666666666667,2833.0
qwen3_0.6b_1024d,zh_char,ROOT-5145,4905.0,4178.0
qwen3_0.6b_1024d,zh_char,ROOT-5146,2790.0476190476193,2843.9523809523807
qwen3_0.6b_1024d,zh_char,ROOT-5148,4194.375,4815.75
qwen3_0.6b_1024d,zh_char,ROOT-5149,2088.5,1791.25
qwen3_0.6b_1024d,zh_char,ROOT-514B,0.0,0.0
qwen3_0.6b_1024d,zh_char,ROOT-514D,2725.2727272727275,2631.818181818182
qwen3_0.6b_1024d,zh_char,ROOT-5152,4350.307692307692,5692.615384615385
qwen3_0.6b_1024d,zh_char,ROOT-5153,1661.0,2640.0
qwen3_0.6b_1024d,zh_char,ROOT-5154,1692.5,1645.0
qwen3_0.6b_1024d,zh_char,ROOT-5165,2848.3333333333335,3083.1666666666665
qwen3_0.6b_1024d,zh_char,ROOT-5168,2800.7,2693.1
qwen3_0.6b_1024d,zh_char,ROOT-5169,2425.5,2146.0
qwen3_0.6b_1024d,zh_char,ROOT-516A,939.0,868.0
qwen3_0.6b_1024d,zh_char,ROOT-516B,3639.8333333333335,4428.833333333333
qwen3_0.6b_1024d,zh_char,ROOT-516C,2244.8333333333335,2535.1666666666665
qwen3_0.6b_1024d,zh_char,ROOT-516E,1198.0,1559.0
qwen3_0.6b_1024d,zh_char,ROOT-5171,3444.3,3160.6
qwen3_0.6b_1024d,zh_char,ROOT-5176,1625.5416666666667,1827.5416666666667
qwen3_0.6b_1024d,zh_char,ROOT-5177,10539.0,10146.0
qwen3_0.6b_1024d,zh_char,ROOT-5178,1736.0,1929.0
qwen3_0.6b_1024d,zh_char,ROOT-517C,3704.842105263158,3644.5263157894738
qwen3_0.6b_1024d,zh_char,ROOT-5180,6585.0,9931.0
qwen3_0.6b_1024d,zh_char,ROOT-5183,1977.6,1837.2
qwen3_0.6b_1024d,zh_char,ROOT-5189,-1.5,16.5
qwen3_0.6b_1024d,zh_char,ROOT-518A,2930.0,4850.5
qwen3_0.6b_1024d,zh_char,ROOT-518E,2848.7,3121.75
qwen3_0.6b_1024d,zh_char,ROOT-518F,-2257.0,-2564.0
qwen3_0.6b_1024d,zh_char,ROOT-5193,2847.0,3592.2727272727275
qwen3_0.6b_1024d,zh_char,ROOT-5198,1761.1,2635.3
qwen3_0.6b_1024d,zh_char,ROOT-51A2,1079.0,829.0
qwen3_0.6b_1024d,zh_char,ROOT-51A5,2661.090909090909,2560.3636363636365
qwen3_0.6b_1024d,zh_char,ROOT-51AB,-258.0,-179.0
qwen3_0.6b_1024d,zh_char,ROOT-51E0,4462.5,4797.0
qwen3_0.6b_1024d,zh_char,ROOT-51E1,1477.2727272727273,1719.7272727272727
qwen3_0.6b_1024d,zh_char,ROOT-51F6,5045.666666666667,5086.666666666667
qwen3_0.6b_1024d,zh_char,ROOT-51FA,3721.625,4467.125
qwen3_0.6b_1024d,zh_char,ROOT-51FD,94.0,125.0
qwen3_0.6b_1024d,zh_char,ROOT-5200,2761.153846153846,3228.0384615384614
qwen3_0.6b_1024d,zh_char,ROOT-5203,2532.3333333333335,2891.6666666666665
qwen3_0.6b_1024d,zh_char,ROOT-5206,2530.695652173913,2573.1739130434785
qwen3_0.6b_1024d,zh_char,ROOT-5211,1474.0,1002.0
qwen3_0.6b_1024d,zh_char,ROOT-5217,1750.0,3963.0
qwen3_0.6b_1024d,zh_char,ROOT-5225,-1666.0,-1651.0
qwen3_0.6b_1024d,zh_char,ROOT-5229,2712.0,1160.5
qwen3_0.6b_1024d,zh_char,ROOT-5236,-212.5,-390.0
qwen3_0.6b_1024d,zh_char,ROOT-5247,1925.6666666666667,2007.1666666666667
qwen3_0.6b_1024d,zh_char,ROOT-524D,5797.0,7873.0
qwen3_0.6b_1024d,zh_char,ROOT-529B,1553.65,1576.3
qwen3_0.6b_1024d,zh_char,ROOT-52A6,2154.3333333333335,2173.6666666666665
qwen3_0.6b_1024d,zh_char,ROOT-52DE,3182.5,2765.25
qwen3_0.6b_1024d,zh_char,ROOT-52F9,3674.8333333333335,4211.083333333333
qwen3_0.6b_1024d,zh_char,ROOT-52FA,1311.3529411764705,1197.9411764705883
qwen3_0.6b_1024d,zh_char,ROOT-52FB,496.6,1238.2
qwen3_0.6b_1024d,zh_char,ROOT-52FF,594.3333333333334,888.3333333333334
qwen3_0.6b_1024d,zh_char,ROOT-5303,2809.3076923076924,3267.769230769231
qwen3_0.6b_1024d,zh_char,ROOT-5305,2780.1111111111113,2861.1666666666665
qwen3_0.6b_1024d,zh_char,ROOT-530A,1922.7142857142858,2057.714285714286
qwen3_0.6b_1024d,zh_char,ROOT-5315,2751.4615384615386,3077.128205128205
qwen3_0.6b_1024d,zh_char,ROOT-5317,641.5,537.5
qwen3_0.6b_1024d,zh_char,ROOT-5321,588.0,683.6666666666666
qwen3_0.6b_1024d,zh_char,ROOT-5340,2717.0,2842.823529411765
qwen3_0.6b_1024d,zh_char,ROOT-5341,817.3333333333334,1404.3333333333333
qwen3_0.6b_1024d,zh_char,ROOT-5347,0.0,0.0
qwen3_0.6b_1024d,zh_char,ROOT-5348,2337.5,2961.25
qwen3_0.6b_1024d,zh_char,ROOT-5349,2149.714285714286,2204.785714285714
qwen3_0.6b_1024d,zh_char,ROOT-534A,1678.875,1288.0
qwen3_0.6b_1024d,zh_char,ROOT-5351,2850.0833333333335,2713.5833333333335
qwen3_0.6b_1024d,zh_char,ROOT-5352,1285.4444444444443,1515.1666666666667
qwen3_0.6b_1024d,zh_char,ROOT-5353,2272.8333333333335,2239.3333333333335
qwen3_0.6b_1024d,zh_char,ROOT-5357,2844.0,1459.0
qwen3_0.6b_1024d,zh_char,ROOT-535C,862.75,1372.0
qwen3_0.6b_1024d,zh_char,ROOT-535E,208.0,288.0
qwen3_0.6b_1024d,zh_char,ROOT-5360,2704.6190476190477,2657.5238095238096
qwen3_0.6b_1024d,zh_char,ROOT-536C,545.0,262.3333333333333
qwen3_0.6b_1024d,zh_char,ROOT-5371,4925.333333333333,5402.0
qwen3_0.6b_1024d,zh_char,ROOT-5373,1288.5,385.0
qwen3_0.6b_1024d,zh_char,ROOT-5377,730.4285714285714,867.8571428571429
qwen3_0.6b_1024d,zh_char,ROOT-5378,447.75,911.25
qwen3_0.6b_1024d,zh_char,ROOT-5384,3296.3333333333335,3812.6666666666665
qwen3_0.6b_1024d,zh_char,ROOT-539F,2171.1428571428573,2236.8571428571427
qwen3_0.6b_1024d,zh_char,ROOT-53B6,1972.6470588235295,2359.235294117647
qwen3_0.6b_1024d,zh_char,ROOT-53B7,1116.0,1582.0
qwen3_0.6b_1024d,zh_char,ROOT-53BB,4258.0,3882.0
qwen3_0.6b_1024d,zh_char,ROOT-53C3,4473.0,4625.3
qwen3_0.6b_1024d,zh_char,ROOT-53C8,2176.681818181818,2587.1363636363635
qwen3_0.6b_1024d,zh_char,ROOT-53C9,1605.0,2287.0
qwen3_0.6b_1024d,zh_char,ROOT-53CA,2793.75,3223.5833333333335
qwen3_0.6b_1024d,zh_char,ROOT-53CD,1535.0,1431.0
qwen3_0.6b_1024d,zh_char,ROOT-53D6,4424.461538461538,4824.384615384615
qwen3_0.6b_1024d,zh_char,ROOT-53D7,2851.5,3069.0
qwen3_0.6b_1024d,zh_char,ROOT-53E3,3527.5,3125.75
qwen3_0.6b_1024d,zh_char,ROOT-53E4,2090.6666666666665,2038.121212121212
qwen3_0.6b_1024d,zh_char,ROOT-53EA,4915.0,5771.8
qwen3_0.6b_1024d,zh_char,ROOT-53F2,6570.0,6721.0
qwen3_0.6b_1024d,zh_char,ROOT-53F8,2325.0,1982.4
qwen3_0.6b_1024d,zh_char,ROOT-5404,3387.25,3421.1944444444443
qwen3_0.6b_1024d,zh_char,ROOT-5405,2282.0,2682.5
qwen3_0.6b_1024d,zh_char,ROOT-5408,2682.6363636363635,3293.3030303030305
qwen3_0.6b_1024d,zh_char,ROOT-5409,2159.1052631578946,2707.842105263158
qwen3_0.6b_1024d,zh_char,ROOT-540C,4231.7,3874.5
qwen3_0.6b_1024d,zh_char,ROOT-540D,2092.0,2321.5
qwen3_0.6b_1024d,zh_char,ROOT-540E,937.0,1747.857142857143
qwen3_0.6b_1024d,zh_char,ROOT-5411,6045.0,5893.0
qwen3_0.6b_1024d,zh_char,ROOT-5433,2466.1428571428573,2672.714285714286
qwen3_0.6b_1024d,zh_char,ROOT-5442,321.4,606.0
qwen3_0.6b_1024d,zh_char,ROOT-544A,1868.7272727272727,1975.0
qwen3_0.6b_1024d,zh_char,ROOT-5468,3908.777777777778,4236.555555555556
qwen3_0.6b_1024d,zh_char,ROOT-548E,6043.5,6052.166666666667
qwen3_0.6b_1024d,zh_char,ROOT-54A2,2660.625,2850.875
qwen3_0.6b_1024d,zh_char,ROOT-54B8,2277.230769230769,2185.3846153846152
qwen3_0.6b_1024d,zh_char,ROOT-54C1,-1247.0,-1591.0
qwen3_0.6b_1024d,zh_char,ROOT-54E1,3023.4444444444443,3183.222222222222
qwen3_0.6b_1024d,zh_char,ROOT-54E5,1559.5,2416.5
qwen3_0.6b_1024d,zh_char,ROOT-5584,2501.3333333333335,2902.0
qwen3_0.6b_1024d,zh_char,ROOT-55AE,2802.3478260869565,2948.4347826086955
qwen3_0.6b_1024d,zh_char,ROOT-55BF,1971.4666666666667,1976.3333333333333
qwen3_0.6b_1024d,zh_char,ROOT-55C7,4100.5,4958.5
qwen3_0.6b_1024d,zh_char,ROOT-56B4,1639.0,2635.0
qwen3_0.6b_1024d,zh_char,ROOT-56D7,1046.3636363636363,1350.090909090909
qwen3_0.6b_1024d,zh_char,ROOT-56DA,2560.0,1983.0
qwen3_0.6b_1024d,zh_char,ROOT-56DB,3173.0,4718.75
qwen3_0.6b_1024d,zh_char,ROOT-56DE,3786.5,3813.75
qwen3_0.6b_1024d,zh_char,ROOT-56E0,2655.5,2395.0
qwen3_0.6b_1024d,zh_char,ROOT-56F0,102.0,87.0
qwen3_0.6b_1024d,zh_char,ROOT-56F7,1476.0,1392.0
qwen3_0.6b_1024d,zh_char,ROOT-56FA,1200.142857142857,1567.4285714285713
qwen3_0.6b_1024d,zh_char,ROOT-5702,1319.0,2602.0
qwen3_0.6b_1024d,zh_char,ROOT-571F,3119.25,1563.25
qwen3_0.6b_1024d,zh_char,ROOT-5725,-864.0,-842.25
qwen3_0.6b_1024d,zh_char,ROOT-572D,2724.25,2834.285714285714
qwen3_0.6b_1024d,zh_char,ROOT-5750,3129.5,3538.0
qwen3_0.6b_1024d,zh_char,ROOT-5782,546.5,836.5
qwen3_0.6b_1024d,zh_char,ROOT-5794,2987.0,4702.0
qwen3_0.6b_1024d,zh_char,ROOT-57F6,1960.5,2041.75
qwen3_0.6b_1024d,zh_char,ROOT-57F7,4779.25,5762.5
qwen3_0.6b_1024d,zh_char,ROOT-5807,1588.888888888889,1739.4444444444443
qwen3_0.6b_1024d,zh_char,ROOT-582F,2252.217391304348,2169.3478260869565
qwen3_0.6b_1024d,zh_char,ROOT-58EB,1072.25,520.5
qwen3_0.6b_1024d,zh_char,ROOT-58EC,2065.5,2096.375
qwen3_0.6b_1024d,zh_char,ROOT-58F4,816.1666666666666,750.5
qwen3_0.6b_1024d,zh_char,ROOT-58F9,5985.6,7157.6
qwen3_0.6b_1024d,zh_char,ROOT-58FD,4748.8,4289.6
qwen3_0.6b_1024d,zh_char,ROOT-5903,130.5,572.0
qwen3_0.6b_1024d,zh_char,ROOT-590B,29.0,71.0
qwen3_0.6b_1024d,zh_char,ROOT-590C,2373.5,2836.25
qwen3_0.6b_1024d,zh_char,ROOT-590D,4725.0,2655.5
qwen3_0.6b_1024d,zh_char,ROOT-590F,5711.333333333333,4687.666666666667
qwen3_0.6b_1024d,zh_char,ROOT-5915,363.0,383.5
qwen3_0.6b_1024d,zh_char,ROOT-5917,1605.923076923077,1644.6153846153845
qwen3_0.6b_1024d,zh_char,ROOT-591A,2900.0,2699.4615384615386
qwen3_0.6b_1024d,zh_char,ROOT-591C,2795.0,1560.6666666666667
qwen3_0.6b_1024d,zh_char,ROOT-5922,1946.0,1789.0
qwen3_0.6b_1024d,zh_char,ROOT-5927,3703.8333333333335,4827.5
qwen3_0.6b_1024d,zh_char,ROOT-5929,5026.25,3269.0
qwen3_0.6b_1024d,zh_char,ROOT-592A,-7.0,-32.0
qwen3_0.6b_1024d,zh_char,ROOT-592B,2918.6666666666665,3128.4444444444443
qwen3_0.6b_1024d,zh_char,ROOT-592C,5078.0,5210.5
qwen3_0.6b_1024d,zh_char,ROOT-592D,1802.0,2205.8333333333335
qwen3_0.6b_1024d,zh_char,ROOT-592E,1897.923076923077,2217.923076923077
qwen3_0.6b_1024d,zh_char,ROOT-5932,630.0,199.5
qwen3_0.6b_1024d,zh_char,ROOT-5937,3179.1666666666665,3601.6666666666665
qwen3_0.6b_1024d,zh_char,ROOT-593E,1807.7142857142858,1983.5714285714287
qwen3_0.6b_1024d,zh_char,ROOT-5944,2860.25,2846.625
qwen3_0.6b_1024d,zh_char,ROOT-5948,63.0,52.0
qwen3_0.6b_1024d,zh_char,ROOT-5949,758.5,866.5
qwen3_0.6b_1024d,zh_char,ROOT-594F,2329.0,3064.0
qwen3_0.6b_1024d,zh_char,ROOT-5950,1613.0,1616.5
qwen3_0.6b_1024d,zh_char,ROOT-595A,2144.5,2788.375
qwen3_0.6b_1024d,zh_char,ROOT-5967,3531.1666666666665,2486.8333333333335
qwen3_0.6b_1024d,zh_char,ROOT-5973,1416.0454545454545,1252.1363636363637
qwen3_0.6b_1024d,zh_char,ROOT-599F,3368.75,3788.0
qwen3_0.6b_1024d,zh_char,ROOT-59A5,4001.0,4450.5
qwen3_0.6b_1024d,zh_char,ROOT-59BB,4121.25,3714.75
qwen3_0.6b_1024d,zh_char,ROOT-59BE,2676.6,2162.0
qwen3_0.6b_1024d,zh_char,ROOT-59E6,3304.0,4260.0
qwen3_0.6b_1024d,zh_char,ROOT-5A41,1502.4705882352941,1601.6470588235295
qwen3_0.6b_1024d,zh_char,ROOT-5B50,1512.857142857143,1936.4285714285713
qwen3_0.6b_1024d,zh_char,ROOT-5B54,5971.0,3164.0
qwen3_0.6b_1024d,zh_char,ROOT-5B58,1327.3333333333333,1708.6666666666667
qwen3_0.6b_1024d,zh_char,ROOT-5B5A,1276.4166666666667,1475.1666666666667
qwen3_0.6b_1024d,zh_char,ROOT-5B5B,1582.5,1421.25
qwen3_0.6b_1024d,zh_char,ROOT-5B5D,4550.5,3354.5
qwen3_0.6b_1024d,zh_char,ROOT-5B63,7333.0,2593.0
qwen3_0.6b_1024d,zh_char,ROOT-5B68,3077.5,3204.5
qwen3_0.6b_1024d,zh_char,ROOT-5B6B,2021.5,2945.5
qwen3_0.6b_1024d,zh_char,ROOT-5B81,4897.166666666667,5005.5
qwen3_0.6b_1024d,zh_char,ROOT-5B83,3593.6363636363635,3940.5454545454545
qwen3_0.6b_1024d,zh_char,ROOT-5B88,1269.0,1292.0
qwen3_0.6b_1024d,zh_char,ROOT-5B89,2818.3333333333335,2983.1666666666665
qwen3_0.6b_1024d,zh_char,ROOT-5B97,1132.0,1361.25
qwen3_0.6b_1024d,zh_char,ROOT-5B98,1116.090909090909,1284.3636363636363
qwen3_0.6b_1024d,zh_char,ROOT-5B9A,3666.25,3831.75
qwen3_0.6b_1024d,zh_char,ROOT-5B9C,1399.0,734.0
qwen3_0.6b_1024d,zh_char,ROOT-5BA3,1531.2,1494.6
qwen3_0.6b_1024d,zh_char,ROOT-5BB3,2159.2,1886.6
qwen3_0.6b_1024d,zh_char,ROOT-5BB6,1375.6666666666667,1757.6666666666667
qwen3_0.6b_1024d,zh_char,ROOT-5BBF,447.6666666666667,439.0
qwen3_0.6b_1024d,zh_char,ROOT-5BC5,2620.4,2688.2
qwen3_0.6b_1024d,zh_char,ROOT-5BC7,1112.0,1154.0
qwen3_0.6b_1024d,zh_char,ROOT-5BCD,3638.1666666666665,4448.166666666667
qwen3_0.6b_1024d,zh_char,ROOT-5BD2,-117.0,-886.5
qwen3_0.6b_1024d,zh_char,ROOT-5BF8,1850.0,981.2
qwen3_0.6b_1024d,zh_char,ROOT-5C01,2874.0,4113.0
qwen3_0.6b_1024d,zh_char,ROOT-5C07,1318.4,982.6
qwen3_0.6b_1024d,zh_char,ROOT-5C08,3328.266666666667,3182.4666666666667
qwen3_0.6b_1024d,zh_char,ROOT-5C09,4108.8,3367.4
qwen3_0.6b_1024d,zh_char,ROOT-5C0A,3405.3333333333335,3201.8888888888887
qwen3_0.6b_1024d,zh_char,ROOT-5C0B,2974.6666666666665,3527.6666666666665
qwen3_0.6b_1024d,zh_char,ROOT-5C0C,2371.6666666666665,3114.3333333333335
qwen3_0.6b_1024d,zh_char,ROOT-5C0D,4179.0,3998.5
qwen3_0.6b_1024d,zh_char,ROOT-5C0F,1711.9166666666667,1265.125
qwen3_0.6b_1024d,zh_char,ROOT-5C17,1447.1538461538462,1842.8461538461538
qwen3_0.6b_1024d,zh_char,ROOT-5C1A,2558.185185185185,2726.6666666666665
qwen3_0.6b_1024d,zh_char,ROOT-5C28,1006.25,1676.25
qwen3_0.6b_1024d,zh_char,ROOT-5C39,2568.8,3152.7
qwen3_0.6b_1024d,zh_char,ROOT-5C3E,740.0,1197.0
qwen3_0.6b_1024d,zh_char,ROOT-5C40,3622.0,4121.0
qwen3_0.6b_1024d,zh_char,ROOT-5C48,4415.333333333333,4715.666666666667
qwen3_0.6b_1024d,zh_char,ROOT-5C4B,2245.0,2439.5
qwen3_0.6b_1024d,zh_char,ROOT-5C55,5810.5,5350.5
qwen3_0.6b_1024d,zh_char,ROOT-5C6F,2261.9,2434.2
qwen3_0.6b_1024d,zh_char,ROOT-5C70,1953.4,1702.0
qwen3_0.6b_1024d,zh_char,ROOT-5C71,3322.5,1863.25
qwen3_0.6b_1024d,zh_char,ROOT-5CA1,310.1666666666667,25.666666666666668
qwen3_0.6b_1024d,zh_char,ROOT-5CF6,2837.0,3358.0
qwen3_0.6b_1024d,zh_char,ROOT-5D52,5269.0,5151.0
qwen3_0.6b_1024d,zh_char,ROOT-5DC2,1613.0,1932.2857142857142
qwen3_0.6b_1024d,zh_char,ROOT-5DDD,3211.6,3797.0
qwen3_0.6b_1024d,zh_char,ROOT-5DDE,1358.6666666666667,675.0
qwen3_0.6b_1024d,zh_char,ROOT-5DDF,790.0,-846.0
qwen3_0.6b_1024d,zh_char,ROOT-5DE2,4679.75,5671.5
qwen3_0.6b_1024d,zh_char,ROOT-5DE5,1918.7241379310344,1835.8620689655172
qwen3_0.6b_1024d,zh_char,ROOT-5DE6,8.0,-2.0
qwen3_0.6b_1024d,zh_char,ROOT-5DE8,1543.1818181818182,1783.8181818181818
qwen3_0.6b_1024d,zh_char,ROOT-5DEB,4949.0,2869.0
qwen3_0.6b_1024d,zh_char,ROOT-5DEE,1000.3333333333334,880.0
qwen3_0.6b_1024d,zh_char,ROOT-5DF1,966.2142857142857,1131.0
qwen3_0.6b_1024d,zh_char,ROOT-5DF3,90.25,543.5
qwen3_0.6b_1024d,zh_char,ROOT-5DF4,1992.8461538461538,2054.3846153846152
qwen3_0.6b_1024d,zh_char,ROOT-5DFF,2834.0,4055.0
qwen3_0.6b_1024d,zh_char,ROOT-5E00,987.5,1076.0
qwen3_0.6b_1024d,zh_char,ROOT-5E0C,2031.8,2430.7
qwen3_0.6b_1024d,zh_char,ROOT-5E1A,2439.0,1797.5
qwen3_0.6b_1024d,zh_char,ROOT-5E1D,2916.0,2941.285714285714
qwen3_0.6b_1024d,zh_char,ROOT-5E2D,5647.0,6252.0
qwen3_0.6b_1024d,zh_char,ROOT-5E36,3318.1666666666665,3588.3333333333335
qwen3_0.6b_1024d,zh_char,ROOT-5E72,2062.8888888888887,2145.296296296296
qwen3_0.6b_1024d,zh_char,ROOT-5E73,749.3333333333334,704.1111111111111
qwen3_0.6b_1024d,zh_char,ROOT-5E75,4086.0,4869.666666666667
qwen3_0.6b_1024d,zh_char,ROOT-5E78,-84.33333333333333,469.0
qwen3_0.6b_1024d,zh_char,ROOT-5E79,4472.0,6529.0
qwen3_0.6b_1024d,zh_char,ROOT-5E7A,2182.5,1673.1666666666667
qwen3_0.6b_1024d,zh_char,ROOT-5E9A,2484.5,1912.25
qwen3_0.6b_1024d,zh_char,ROOT-5EB6,4073.5714285714284,3991.5714285714284
qwen3_0.6b_1024d,zh_char,ROOT-5EB7,1634.3333333333333,1638.3333333333333
qwen3_0.6b_1024d,zh_char,ROOT-5EDB,3311.0,3063.0
qwen3_0.6b_1024d,zh_char,ROOT-5EFA,2276.3333333333335,1723.5
qwen3_0.6b_1024d,zh_char,ROOT-5F01,2857.5,3889.5
qwen3_0.6b_1024d,zh_char,ROOT-5F04,657.5,396.5
qwen3_0.6b_1024d,zh_char,ROOT-5F0B,2498.8,2325.6
qwen3_0.6b_1024d,zh_char,ROOT-5F0D,1220.5,1606.5
qwen3_0.6b_1024d,zh_char,ROOT-5F13,1110.5,567.0
qwen3_0.6b_1024d,zh_char,ROOT-5F14,371.0,447.0
qwen3_0.6b_1024d,zh_char,ROOT-5F15,4776.4,5236.4
qwen3_0.6b_1024d,zh_char,ROOT-5F17,2041.5384615384614,1879.076923076923
qwen3_0.6b_1024d,zh_char,ROOT-5F1F,1881.4545454545455,2175.6363636363635
qwen3_0.6b_1024d,zh_char,ROOT-5F31,1572.25,1527.5
qwen3_0.6b_1024d,zh_char,ROOT-5F54,862.2222222222222,525.7777777777778
qwen3_0.6b_1024d,zh_char,ROOT-5F56,2047.6666666666667,2181.777777777778
qwen3_0.6b_1024d,zh_char,ROOT-5F57,2439.6,3283.2
qwen3_0.6b_1024d,zh_char,ROOT-5F6A,3626.0,3793.0
qwen3_0.6b_1024d,zh_char,ROOT-5F6D,693.5,378.5
qwen3_0.6b_1024d,zh_char,ROOT-5F80,3509.0,4649.0
qwen3_0.6b_1024d,zh_char,ROOT-5F99,5022.0,6035.0
qwen3_0.6b_1024d,zh_char,ROOT-5F9E,3706.375,4870.25
qwen3_0.6b_1024d,zh_char,ROOT-5FA9,2656.0,3190.0
qwen3_0.6b_1024d,zh_char,ROOT-5FB9,711.0,229.0
qwen3_0.6b_1024d,zh_char,ROOT-5FC3,-220.0,147.5
qwen3_0.6b_1024d,zh_char,ROOT-5FC5,3024.529411764706,3396.9411764705883
qwen3_0.6b_1024d,zh_char,ROOT-601D,5223.2,5247.6
qwen3_0.6b_1024d,zh_char,ROOT-6046,1389.0,2615.0
qwen3_0.6b_1024d,zh_char,ROOT-606F,3599.6666666666665,3362.3333333333335
qwen3_0.6b_1024d,zh_char,ROOT-60E0,4488.666666666667,4928.666666666667
qwen3_0.6b_1024d,zh_char,ROOT-60E2,2116.0,3333.0
qwen3_0.6b_1024d,zh_char,ROOT-610F,185.6,291.4
qwen3_0.6b_1024d,zh_char,ROOT-611B,1701.5,1592.5
qwen3_0.6b_1024d,zh_char,ROOT-61B2,1935.0,2593.0
qwen3_0.6b_1024d,zh_char,ROOT-6208,-1314.0,-1044.0
qwen3_0.6b_1024d,zh_char,ROOT-620A,536.0,1218.0
qwen3_0.6b_1024d,zh_char,ROOT-620D,3635.375,4209.0
qwen3_0.6b_1024d,zh_char,ROOT-620E,6237.0,7325.0
qwen3_0.6b_1024d,zh_char,ROOT-6211,3167.3333333333335,3026.5555555555557
qwen3_0.6b_1024d,zh_char,ROOT-6212,946.5,1070.75
qwen3_0.6b_1024d,zh_char,ROOT-6214,1851.5333333333333,2097.733333333333
qwen3_0.6b_1024d,zh_char,ROOT-6216,3124.4166666666665,2962.3333333333335
qwen3_0.6b_1024d,zh_char,ROOT-6236,135.0,171.4
qwen3_0.6b_1024d,zh_char,ROOT-6241,1856.6666666666667,2003.5333333333333
qwen3_0.6b_1024d,zh_char,ROOT-6247,320.0,12.0
qwen3_0.6b_1024d,zh_char,ROOT-624B,1793.0714285714287,1891.7857142857142
qwen3_0.6b_1024d,zh_char,ROOT-624D,2933.25,1533.0
qwen3_0.6b_1024d,zh_char,ROOT-6298,-83.5,301.5
qwen3_0.6b_1024d,zh_char,ROOT-62DC,911.0,868.0
qwen3_0.6b_1024d,zh_char,ROOT-652F,1783.857142857143,2123.4285714285716
qwen3_0.6b_1024d,zh_char,ROOT-6538,2515.866666666667,2475.266666666667
qwen3_0.6b_1024d,zh_char,ROOT-6544,5777.0,6191.0
qwen3_0.6b_1024d,zh_char,ROOT-6556,1156.5,1508.75
qwen3_0.6b_1024d,zh_char,ROOT-6558,3715.0,5741.0
qwen3_0.6b_1024d,zh_char,ROOT-6562,1194.5,900.0
qwen3_0.6b_1024d,zh_char,ROOT-6563,512.0,567.0
qwen3_0.6b_1024d,zh_char,ROOT-6566,7061.0,5537.0
qwen3_0.6b_1024d,zh_char,ROOT-6578,2313.0,2668.0
qwen3_0.6b_1024d,zh_char,ROOT-6587,1010.6363636363636,242.36363636363637
qwen3_0.6b_1024d,zh_char,ROOT-658C,600.0,707.0
qwen3_0.6b_1024d,zh_char,ROOT-6597,3397.3333333333335,2567.3333333333335
qwen3_0.6b_1024d,zh_char,ROOT-65A4,2104.1739130434785,2228.1304347826085
qwen3_0.6b_1024d,zh_char,ROOT-65AC,1801.0,1758.375
qwen3_0.6b_1024d,zh_char,ROOT-65B0,-1114.0,444.0
qwen3_0.6b_1024d,zh_char,ROOT-65B9,2092.9545454545455,2295.2272727272725
qwen3_0.6b_1024d,zh_char,ROOT-65BC,4773.25,3802.0
qwen3_0.6b_1024d,zh_char,ROOT-65C1,1262.8,1077.2
qwen3_0.6b_1024d,zh_char,ROOT-65C5,2814.0,3247.0
qwen3_0.6b_1024d,zh_char,ROOT-65CB,4253.333333333333,5049.666666666667
qwen3_0.6b_1024d,zh_char,ROOT-65CF,3891.0,4705.2
qwen3_0.6b_1024d,zh_char,ROOT-65E2,1853.0,1601.0
qwen3_0.6b_1024d,zh_char,ROOT-65E5,1481.0,2468.0
qwen3_0.6b_1024d,zh_char,ROOT-65E6,2756.3333333333335,3146.5833333333335
qwen3_0.6b_1024d,zh_char,ROOT-65E8,4012.0,4054.4
qwen3_0.6b_1024d,zh_char,ROOT-65EC,1243.2142857142858,1418.9285714285713
qwen3_0.6b_1024d,zh_char,ROOT-6606,2116.6666666666665,2743.222222222222
qwen3_0.6b_1024d,zh_char,ROOT-660C,2258.0,2029.8333333333333
qwen3_0.6b_1024d,zh_char,ROOT-660E,-622.0,-754.0
qwen3_0.6b_1024d,zh_char,ROOT-660F,1706.5,1868.5
qwen3_0.6b_1024d,zh_char,ROOT-6613,4181.0,4179.111111111111
qwen3_0.6b_1024d,zh_char,ROOT-6614,3999.0,4814.75
qwen3_0.6b_1024d,zh_char,ROOT-661C,2015.142857142857,1976.4285714285713
qwen3_0.6b_1024d,zh_char,ROOT-661F,4271.25,2870.25
qwen3_0.6b_1024d,zh_char,ROOT-6625,3605.0,3864.0
qwen3_0.6b_1024d,zh_char,ROOT-662F,2490.0,3234.7894736842104
qwen3_0.6b_1024d,zh_char,ROOT-6631,2.0,2.0
qwen3_0.6b_1024d,zh_char,ROOT-6649,1242.0,2012.0
qwen3_0.6b_1024d,zh_char,ROOT-66F0,4719.0,3711.5
qwen3_0.6b_1024d,zh_char,ROOT-66F4,1618.0,1786.0
qwen3_0.6b_1024d,zh_char,ROOT-66FC,4131.384615384615,4368.692307692308
qwen3_0.6b_1024d,zh_char,ROOT-66FE,1774.4,1734.9
qwen3_0.6b_1024d,zh_char,ROOT-6700,1440.0,1565.0
qwen3_0.6b_1024d,zh_char,ROOT-6701,1677.625,1502.0
qwen3_0.6b_1024d,zh_char,ROOT-6703,2815.285714285714,2936.785714285714
qwen3_0.6b_1024d,zh_char,ROOT-6708,4497.0,5612.0
qwen3_0.6b_1024d,zh_char,ROOT-670B,2439.0,3005.818181818182
qwen3_0.6b_1024d,zh_char,ROOT-670D,2376.5,3278.0
qwen3_0.6b_1024d,zh_char,ROOT-6715,2465.0,3208.0
qwen3_0.6b_1024d,zh_char,ROOT-671D,3437.3333333333335,1715.3333333333333
qwen3_0.6b_1024d,zh_char,ROOT-6728,1288.0,1317.0
qwen3_0.6b_1024d,zh_char,ROOT-672A,2193.5714285714284,2081.1428571428573
qwen3_0.6b_1024d,zh_char,ROOT-672B,3141.3333333333335,3179.5
qwen3_0.6b_1024d,zh_char,ROOT-672C,-3588.0,-364.0
qwen3_0.6b_1024d,zh_char,ROOT-672E,2500.6666666666665,4191.0
qwen3_0.6b_1024d,zh_char,ROOT-6731,1799.076923076923,1975.1538461538462
qwen3_0.6b_1024d,zh_char,ROOT-6735,770.0,454.0
qwen3_0.6b_1024d,zh_char,ROOT-673F,888.5,1411.75
qwen3_0.6b_1024d,zh_char,ROOT-6740,6264.0,5022.0
qwen3_0.6b_1024d,zh_char,ROOT-675F,2200.3636363636365,2387.6363636363635
qwen3_0.6b_1024d,zh_char,ROOT-6771,2007.1666666666667,2051.4166666666665
qwen3_0.6b_1024d,zh_char,ROOT-6797,1526.0,1808.2727272727273
qwen3_0.6b_1024d,zh_char,ROOT-679C,2326.75,2026.5
qwen3_0.6b_1024d,zh_char,ROOT-67D0,2769.6,2932.0
qwen3_0.6b_1024d,zh_char,ROOT-67EC,2818.5185185185187,3119.0
qwen3_0.6b_1024d,zh_char,ROOT-6817,258.0,283.0
qwen3_0.6b_1024d,zh_char,ROOT-6840,-7.0,19.5
qwen3_0.6b_1024d,zh_char,ROOT-6851,7517.0,7944.0
qwen3_0.6b_1024d,zh_char,ROOT-687C,2554.0,3055.5
qwen3_0.6b_1024d,zh_char,ROOT-689F,4462.0,4417.0
qwen3_0.6b_1024d,zh_char,ROOT-68D8,3429.0,4243.5
qwen3_0.6b_1024d,zh_char,ROOT-696D,3004.0,3793.0
qwen3_0.6b_1024d,zh_char,ROOT-69AE,2579.0,3532.0
qwen3_0.6b_1024d,zh_char,ROOT-6A02,3325.6363636363635,3696.090909090909
qwen3_0.6b_1024d,zh_char,ROOT-6A0A,3384.6666666666665,3912.3333333333335
qwen3_0.6b_1024d,zh_char,ROOT-6B20,1002.0,934.0
qwen3_0.6b_1024d,zh_char,ROOT-6B2E,4922.428571428572,4425.857142857143
qwen3_0.6b_1024d,zh_char,ROOT-6B3D,1602.0,2845.0
qwen3_0.6b_1024d,zh_char,ROOT-6B62,2011.6,1999.4
qwen3_0.6b_1024d,zh_char,ROOT-6B63,2166.2,1827.2
qwen3_0.6b_1024d,zh_char,ROOT-6B65,3400.0,4191.0
qwen3_0.6b_1024d,zh_char,ROOT-6B66,4779.0,4674.0
qwen3_0.6b_1024d,zh_char,ROOT-6B78,5737.0,3141.0
qwen3_0.6b_1024d,zh_char,ROOT-6BB3,1501.3333333333333,2393.3333333333335
qwen3_0.6b_1024d,zh_char,ROOT-6BB5,4743.25,4621.5
qwen3_0.6b_1024d,zh_char,ROOT-6BB7,610.0,452.0
qwen3_0.6b_1024d,zh_char,ROOT-6BBF,5209.5,2914.0
qwen3_0.6b_1024d,zh_char,ROOT-6BC0,1164.0,1282.0
qwen3_0.6b_1024d,zh_char,ROOT-6BCC,-495.6666666666667,-603.3333333333334
qwen3_0.6b_1024d,zh_char,ROOT-6BCD,1147.3333333333333,1350.6666666666667
qwen3_0.6b_1024d,zh_char,ROOT-6BCE,-735.0,161.0
qwen3_0.6b_1024d,zh_char,ROOT-6BCF,4856.0,4669.0
qwen3_0.6b_1024d,zh_char,ROOT-6BD4,2049.0,2078.923076923077
qwen3_0.6b_1024d,zh_char,ROOT-6BDA,2194.3333333333335,2294.0
qwen3_0.6b_1024d,zh_char,ROOT-6BDB,835.8333333333334,876.3333333333334
qwen3_0.6b_1024d,zh_char,ROOT-6BF3,1396.6666666666667,1648.0
qwen3_0.6b_1024d,zh_char,ROOT-6C0F,1940.3333333333333,2636.3333333333335
qwen3_0.6b_1024d,zh_char,ROOT-6C10,1413.2631578947369,1654.0
qwen3_0.6b_1024d,zh_char,ROOT-6C11,2635.6,2756.8
qwen3_0.6b_1024d,zh_char,ROOT-6C14,1365.5,1548.3333333333333
qwen3_0.6b_1024d,zh_char,ROOT-6C38,4910.0,4353.0
qwen3_0.6b_1024d,zh_char,ROOT-6C42,2408.4166666666665,2653.3333333333335
qwen3_0.6b_1024d,zh_char,ROOT-6C93,1979.0,2033.75
qwen3_0.6b_1024d,zh_char,ROOT-6C99,1896.0,1083.5
qwen3_0.6b_1024d,zh_char,ROOT-6C9B,172.0,88.0
qwen3_0.6b_1024d,zh_char,ROOT-6CC9,3885.5,3591.0
qwen3_0.6b_1024d,zh_char,ROOT-6CD5,4756.0,4891.0
qwen3_0.6b_1024d,zh_char,ROOT-6D3B,5144.0,5540.0
qwen3_0.6b_1024d,zh_char,ROOT-6ED5,3130.0,3948.5
qwen3_0.6b_1024d,zh_char,ROOT-6FD5,772.0,1561.0
qwen3_0.6b_1024d,zh_char,ROOT-706B,2884.0,2689.5
qwen3_0.6b_1024d,zh_char,ROOT-708E,1797.111111111111,2238.277777777778
qwen3_0.6b_1024d,zh_char,ROOT-7097,1345.4285714285713,1584.642857142857
qwen3_0.6b_1024d,zh_char,ROOT-70CF,3644.75,2193.5
qwen3_0.6b_1024d,zh_char,ROOT-7109,357.5,576.25
qwen3_0.6b_1024d,zh_char,ROOT-7121,4020.1666666666665,3721.3333333333335
qwen3_0.6b_1024d,zh_char,ROOT-7126,2534.4444444444443,2458.3333333333335
qwen3_0.6b_1024d,zh_char,ROOT-7136,2918.0,2020.6666666666667
qwen3_0.6b_1024d,zh_char,ROOT-7169,3645.0,4072.0
qwen3_0.6b_1024d,zh_char,ROOT-718F,1752.6,2097.0
qwen3_0.6b_1024d,zh_char,ROOT-71D5,2553.3333333333335,3437.3333333333335
qwen3_0.6b_1024d,zh_char,ROOT-71DF,2238.0,2212.0
qwen3_0.6b_1024d,zh_char,ROOT-722A,195.0,254.5
qwen3_0.6b_1024d,zh_char,ROOT-722D,1711.7142857142858,2214.8571428571427
qwen3_0.6b_1024d,zh_char,ROOT-7230,2886.2727272727275,3375.7272727272725
qwen3_0.6b_1024d,zh_char,ROOT-7235,3619.25,4542.75
qwen3_0.6b_1024d,zh_char,ROOT-7236,2158.8947368421054,2230.157894736842
qwen3_0.6b_1024d,zh_char,ROOT-723B,2117.6666666666665,2619.6666666666665
qwen3_0.6b_1024d,zh_char,ROOT-723D,10937.0,10722.0
qwen3_0.6b_1024d,zh_char,ROOT-723E,1322.25,1243.25
qwen3_0.6b_1024d,zh_char,ROOT-723F,1591.6666666666667,1297.1666666666667
qwen3_0.6b_1024d,zh_char,ROOT-7259,2255.75,2307.125
qwen3_0.6b_1024d,zh_char,ROOT-72AC,294.0,1017.0
qwen3_0.6b_1024d,zh_char,ROOT-72AE,2344.909090909091,2868.0
qwen3_0.6b_1024d,zh_char,ROOT-72C2,5060.0,3706.0
qwen3_0.6b_1024d,zh_char,ROOT-72C4,639.3333333333334,690.3333333333334
qwen3_0.6b_1024d,zh_char,ROOT-72CA,3166.0,3384.5
qwen3_0.6b_1024d,zh_char,ROOT-730B,4715.0,3756.0
qwen3_0.6b_1024d,zh_char,ROOT-7312,3277.25,3794.25
qwen3_0.6b_1024d,zh_char,ROOT-7384,1782.7777777777778,2386.6666666666665
qwen3_0.6b_1024d,zh_char,ROOT-7387,5239.5,4532.5
qwen3_0.6b_1024d,zh_char,ROOT-7389,4515.0,6567.0
qwen3_0.6b_1024d,zh_char,ROOT-738B,-195.0,-100.0
qwen3_0.6b_1024d,zh_char,ROOT-74DC,1357.2,1463.7
qwen3_0.6b_1024d,zh_char,ROOT-7504,3174.0,4067.0
qwen3_0.6b_1024d,zh_char,ROOT-7518,2844.090909090909,2812.4545454545455
qwen3_0.6b_1024d,zh_char,ROOT-751A,2685.6153846153848,2829.3076923076924
qwen3_0.6b_1024d,zh_char,ROOT-751F,948.7142857142857,873.8571428571429
qwen3_0.6b_1024d,zh_char,ROOT-7522,2658.0,2065.3333333333335
qwen3_0.6b_1024d,zh_char,ROOT-7528,3536.9444444444443,3452.5
qwen3_0.6b_1024d,zh_char,ROOT-752B,1646.4848484848485,1766.6666666666667
qwen3_0.6b_1024d,zh_char,ROOT-7530,2052.5,2457.25
qwen3_0.6b_1024d,zh_char,ROOT-7531,3229.8823529411766,3519.764705882353
qwen3_0.6b_1024d,zh_char,ROOT-7532,3671.222222222222,3893.6666666666665
qwen3_0.6b_1024d,zh_char,ROOT-7533,2329.0,1671.0
qwen3_0.6b_1024d,zh_char,ROOT-7539,1609.8,2234.4
qwen3_0.6b_1024d,zh_char,ROOT-7540,3691.75,2197.75
qwen3_0.6b_1024d,zh_char,ROOT-754F,2078.4,1644.8
qwen3_0.6b_1024d,zh_char,ROOT-7550,1595.0,1445.0
qwen3_0.6b_1024d,zh_char,ROOT-755C,810.6666666666666,1104.6666666666667
qwen3_0.6b_1024d,zh_char,ROOT-755F,1416.5,2221.0
qwen3_0.6b_1024d,zh_char,ROOT-7562,3381.2,4135.6
qwen3_0.6b_1024d,zh_char,ROOT-756B,1771.5,1657.0
qwen3_0.6b_1024d,zh_char,ROOT-7570,1853.0,2574.6666666666665
qwen3_0.6b_1024d,zh_char,ROOT-758B,1945.1,2297.9
qwen3_0.6b_1024d,zh_char,ROOT-758C,1429.3333333333333,1876.7777777777778
qwen3_0.6b_1024d,zh_char,ROOT-7591,717.4285714285714,576.8571428571429
qwen3_0.6b_1024d,zh_char,ROOT-75BE,1078.0,417.0
qwen3_0.6b_1024d,zh_char,ROOT-7678,3572.6,5007.2
qwen3_0.6b_1024d,zh_char,ROOT-7679,614.25,-158.25
qwen3_0.6b_1024d,zh_char,ROOT-767D,1956.6875,1675.0
qwen3_0.6b_1024d,zh_char,ROOT-7683,-3990.0,-3294.0
qwen3_0.6b_1024d,zh_char,ROOT-7686,1781.25,1826.875
qwen3_0.6b_1024d,zh_char,ROOT-7687,4195.0,3372.5
qwen3_0.6b_1024d,zh_char,ROOT-7695,2204.0,3182.0
qwen3_0.6b_1024d,zh_char,ROOT-76AE,2504.0,1834.3684210526317
qwen3_0.6b_1024d,zh_char,ROOT-76BF,3720.6666666666665,2310.0
qwen3_0.6b_1024d,zh_char,ROOT-76CA,4742.25,4802.75
qwen3_0.6b_1024d,zh_char,ROOT-76CD,3330.0,2398.0
qwen3_0.6b_1024d,zh_char,ROOT-76E1,3174.5,3091.25
qwen3_0.6b_1024d,zh_char,ROOT-76E3,2624.7272727272725,2040.8181818181818
qwen3_0.6b_1024d,zh_char,ROOT-76F4,1857.4,1875.8
qwen3_0.6b_1024d,zh_char,ROOT-76F8,3667.8571428571427,2809.1428571428573
qwen3_0.6b_1024d,zh_char,ROOT-76FE,1116.0,1073.5
qwen3_0.6b_1024d,zh_char,ROOT-7701,3237.0,4317.0
qwen3_0.6b_1024d,zh_char,ROOT-7707,2874.3333333333335,3056.3333333333335
qwen3_0.6b_1024d,zh_char,ROOT-7709,1.0,3.0
qwen3_0.6b_1024d,zh_char,ROOT-7714,215.5,211.5
qwen3_0.6b_1024d,zh_char,ROOT-771F,5666.0,5734.5
qwen3_0.6b_1024d,zh_char,ROOT-773E,4961.0,4543.0
qwen3_0.6b_1024d,zh_char,ROOT-776A,2337.1666666666665,1514.3333333333333
qwen3_0.6b_1024d,zh_char,ROOT-777F,2539.0,2699.5
qwen3_0.6b_1024d,zh_char,ROOT-77DB,1129.076923076923,1151.5384615384614
qwen3_0.6b_1024d,zh_char,ROOT-77DE,3464.7272727272725,3413.818181818182
qwen3_0.6b_1024d,zh_char,ROOT-77E2,2082.0,1236.1666666666667
qwen3_0.6b_1024d,zh_char,ROOT-77F3,1171.857142857143,1316.5714285714287
qwen3_0.6b_1024d,zh_char,ROOT-793A,260.6,-52.4
qwen3_0.6b_1024d,zh_char,ROOT-796D,469.1666666666667,623.6666666666666
qwen3_0.6b_1024d,zh_char,ROOT-79B9,2683.1666666666665,3107.8333333333335
qwen3_0.6b_1024d,zh_char,ROOT-79BA,3025.9285714285716,3003.0
qwen3_0.6b_1024d,zh_char,ROOT-79BB,4258.0,4048.181818181818
qwen3_0.6b_1024d,zh_char,ROOT-79BE,2582.8,2105.0
qwen3_0.6b_1024d,zh_char,ROOT-79C0,1686.0,1727.6666666666667
qwen3_0.6b_1024d,zh_char,ROOT-79CB,5065.285714285715,5096.142857142857
qwen3_0.6b_1024d,zh_char,ROOT-79DD,201.5,382.0
qwen3_0.6b_1024d,zh_char,ROOT-79E6,1982.0,2924.75
qwen3_0.6b_1024d,zh_char,ROOT-7ACB,2588.125,3257.125
qwen3_0.6b_1024d,zh_char,ROOT-7ADF,489.5,1313.0
qwen3_0.6b_1024d,zh_char,ROOT-7AE0,3292.6666666666665,2640.0
qwen3_0.6b_1024d,zh_char,ROOT-7AE5,1376.1538461538462,1088.1538461538462
qwen3_0.6b_1024d,zh_char,ROOT-7AF9,1975.0,1962.0
qwen3_0.6b_1024d,zh_char,ROOT-7B6E,1760.5,2543.5
qwen3_0.6b_1024d,zh_char,ROOT-7B97,-356.0,599.0
qwen3_0.6b_1024d,zh_char,ROOT-7C73,1974.8333333333333,1876.6666666666667
qwen3_0.6b_1024d,zh_char,ROOT-7CDE,1345.0,3487.0
qwen3_0.6b_1024d,zh_char,ROOT-7CFB,4713.0,4780.0
qwen3_0.6b_1024d,zh_char,ROOT-7D2F,7911.333333333333,7411.333333333333
qwen3_0.6b_1024d,zh_char,ROOT-7D55,2375.0,2361.0
qwen3_0.6b_1024d,zh_char,ROOT-7DBF,1430.0,245.0
qwen3_0.6b_1024d,zh_char,ROOT-7E23,1505.0,1718.0
qwen3_0.6b_1024d,zh_char,ROOT-7E6B,275.0,76.0
qwen3_0.6b_1024d,zh_char,ROOT-7E6D,4845.0,2436.0
qwen3_0.6b_1024d,zh_char,ROOT-7F54,1681.0,1569.6666666666667
qwen3_0.6b_1024d,zh_char,ROOT-7F72,3862.0,2512.5
qwen3_0.6b_1024d,zh_char,ROOT-7F77,1980.0,2735.0
qwen3_0.6b_1024d,zh_char,ROOT-7F7D,214.0,272.0
qwen3_0.6b_1024d,zh_char,ROOT-7F85,2003.3333333333333,1487.3333333333333
qwen3_0.6b_1024d,zh_char,ROOT-7F8A,1769.5384615384614,1368.076923076923
qwen3_0.6b_1024d,zh_char,ROOT-7F94,2174.0,2064.0
qwen3_0.6b_1024d,zh_char,ROOT-7FA9,3586.4,3206.3
qwen3_0.6b_1024d,zh_char,ROOT-7FBD,2.0,6.0
qwen3_0.6b_1024d,zh_char,ROOT-7FCF,2023.909090909091,2468.409090909091
qwen3_0.6b_1024d,zh_char,ROOT-7FD2,4040.5,3740.875
qwen3_0.6b_1024d,zh_char,ROOT-7FDF,1691.8181818181818,2349.909090909091
qwen3_0.6b_1024d,zh_char,ROOT-800C,3227.090909090909,3777.909090909091
qwen3_0.6b_1024d,zh_char,ROOT-8011,2988.5454545454545,3212.6363636363635
qwen3_0.6b_1024d,zh_char,ROOT-8012,5611.0,6845.0
qwen3_0.6b_1024d,zh_char,ROOT-8024,-1838.0,-2388.0
qwen3_0.6b_1024d,zh_char,ROOT-8033,2213.1111111111113,2719.277777777778
qwen3_0.6b_1024d,zh_char,ROOT-8034,1223.0,2176.0
qwen3_0.6b_1024d,zh_char,ROOT-8036,2150.5,2567.5
qwen3_0.6b_1024d,zh_char,ROOT-8056,6169.0,6857.5
qwen3_0.6b_1024d,zh_char,ROOT-8076,3304.285714285714,3061.8571428571427
qwen3_0.6b_1024d,zh_char,ROOT-807D,1037.0,1419.0
qwen3_0.6b_1024d,zh_char,ROOT-807F,2020.090909090909,2160.181818181818
qwen3_0.6b_1024d,zh_char,ROOT-8089,1314.5,1552.0
qwen3_0.6b_1024d,zh_char,ROOT-8099,3094.5,3659.9166666666665
qwen3_0.6b_1024d,zh_char,ROOT-80A9,786.0,2107.0
qwen3_0.6b_1024d,zh_char,ROOT-80C3,2676.5,3197.0
qwen3_0.6b_1024d,zh_char,ROOT-80E4,1918.0,2951.0
qwen3_0.6b_1024d,zh_char,ROOT-810A,5480.0,4948.0
qwen3_0.6b_1024d,zh_char,ROOT-81E3,624.0,888.0
qwen3_0.6b_1024d,zh_char,ROOT-81E4,937.0,1103.0
qwen3_0.6b_1024d,zh_char,ROOT-81EA,2251.4,3038.0
qwen3_0.6b_1024d,zh_char,ROOT-81ED,721.0,1014.0
qwen3_0.6b_1024d,zh_char,ROOT-81F3,3287.294117647059,3851.764705882353
qwen3_0.6b_1024d,zh_char,ROOT-81FA,4084.0,4292.0
qwen3_0.6b_1024d,zh_char,ROOT-81FD,2835.5,2192.0
qwen3_0.6b_1024d,zh_char,ROOT-81FE,1307.1666666666667,1520.6666666666667
qwen3_0.6b_1024d,zh_char,ROOT-81FF,2678.6666666666665,2169.3333333333335
qwen3_0.6b_1024d,zh_char,ROOT-8200,1411.1666666666667,1347.0
qwen3_0.6b_1024d,zh_char,ROOT-8201,3974.875,4168.25
qwen3_0.6b_1024d,zh_char,ROOT-8202,1394.5,2178.5
qwen3_0.6b_1024d,zh_char,ROOT-8204,1184.0,1726.75
qwen3_0.6b_1024d,zh_char,ROOT-820C,3370.0,5123.0
qwen3_0.6b_1024d,zh_char,ROOT-821C,1826.5,2726.0
qwen3_0.6b_1024d,zh_char,ROOT-821F,3356.3333333333335,3042.3333333333335
qwen3_0.6b_1024d,zh_char,ROOT-822C,3102.714285714286,2550.0
qwen3_0.6b_1024d,zh_char,ROOT-826E,1572.0,485.0
qwen3_0.6b_1024d,zh_char,ROOT-826F,3463.076923076923,3645.3076923076924
qwen3_0.6b_1024d,zh_char,ROOT-82BB,2362.5,2337.3
qwen3_0.6b_1024d,zh_char,ROOT-82D7,3042.6666666666665,3011.3333333333335
qwen3_0.6b_1024d,zh_char,ROOT-82E5,1621.5,1918.8333333333333
qwen3_0.6b_1024d,zh_char,ROOT-830D,462.8333333333333,470.0
qwen3_0.6b_1024d,zh_char,ROOT-8332,770.0,797.0
qwen3_0.6b_1024d,zh_char,ROOT-83AB,1911.35,1979.15
qwen3_0.6b_1024d,zh_char,ROOT-83D0,2190.0,2934.5
qwen3_0.6b_1024d,zh_char,ROOT-83EF,717.0,1275.0
qwen3_0.6b_1024d,zh_char,ROOT-8408,4728.0,2097.0
qwen3_0.6b_1024d,zh_char,ROOT-842C,3129.125,2674.75
qwen3_0.6b_1024d,zh_char,ROOT-8457,1334.0,1682.0
qwen3_0.6b_1024d,zh_char,ROOT-8499,3094.25,2676.875
qwen3_0.6b_1024d,zh_char,ROOT-8511,2463.3333333333335,2666.3333333333335
qwen3_0.6b_1024d,zh_char,ROOT-864D,2683.0,3110.5
qwen3_0.6b_1024d,zh_char,ROOT-864E,2059.5,670.0
qwen3_0.6b_1024d,zh_char,ROOT-8650,5602.0,4528.0
qwen3_0.6b_1024d,zh_char,ROOT-865F,4435.0,5999.0
qwen3_0.6b_1024d,zh_char,ROOT-86A4,1960.0,2736.5
qwen3_0.6b_1024d,zh_char,ROOT-8700,2637.0666666666666,2746.6
qwen3_0.6b_1024d,zh_char,ROOT-87F2,931.0,715.0
qwen3_0.6b_1024d,zh_char,ROOT-8806,2777.5,2432.0
qwen3_0.6b_1024d,zh_char,ROOT-8840,757.3333333333334,1106.3333333333333
qwen3_0.6b_1024d,zh_char,ROOT-884C,3025.5,3659.5
qwen3_0.6b_1024d,zh_char,ROOT-884D,1015.5,1032.0
qwen3_0.6b_1024d,zh_char,ROOT-8863,919.3333333333334,1015.3333333333334
qwen3_0.6b_1024d,zh_char,ROOT-8868,150.0,226.0
qwen3_0.6b_1024d,zh_char,ROOT-8870,4763.0,4095.6666666666665
qwen3_0.6b_1024d,zh_char,ROOT-8881,2313.3333333333335,3505.6666666666665
qwen3_0.6b_1024d,zh_char,ROOT-8930,3492.0,4147.0
qwen3_0.6b_1024d,zh_char,ROOT-8944,2618.8333333333335,3532.5
qwen3_0.6b_1024d,zh_char,ROOT-897E,1309.0,1433.0
qwen3_0.6b_1024d,zh_char,ROOT-897F,3194.0,1872.3333333333333
qwen3_0.6b_1024d,zh_char,ROOT-8983,2020.0,2157.5
qwen3_0.6b_1024d,zh_char,ROOT-898B,2830.25,3065.25
qwen3_0.6b_1024d,zh_char,ROOT-898F,2768.0,3304.6666666666665
qwen3_0.6b_1024d,zh_char,ROOT-89AA,4371.666666666667,3361.0
qwen3_0.6b_1024d,zh_char,ROOT-89BA,2623.0,1188.0
qwen3_0.6b_1024d,zh_char,ROOT-89D2,-703.4,155.6
qwen3_0.6b_1024d,zh_char,ROOT-89E3,3264.1666666666665,2932.3333333333335
qwen3_0.6b_1024d,zh_char,ROOT-8A2D,3045.0,4016.0
qwen3_0.6b_1024d,zh_char,ROOT-8A79,2576.25,2783.4166666666665
qwen3_0.6b_1024d,zh_char,ROOT-8C37,2899.777777777778,2897.4444444444443
qwen3_0.6b_1024d,zh_char,ROOT-8C46,2733.2631578947367,2565.842105263158
qwen3_0.6b_1024d,zh_char,ROOT-8C48,2524.3636363636365,2592.818181818182
qwen3_0.6b_1024d,zh_char,ROOT-8C50,3718.3333333333335,3952.0
qwen3_0.6b_1024d,zh_char,ROOT-8C5A,1788.0,2028.0
qwen3_0.6b_1024d,zh_char,ROOT-8C61,2708.0,2389.0
qwen3_0.6b_1024d,zh_char,ROOT-8C66,1087.2,1593.9
qwen3_0.6b_1024d,zh_char,ROOT-8C6A,1840.5,1357.0
qwen3_0.6b_1024d,zh_char,ROOT-8C9D,2193.25,2516.5
qwen3_0.6b_1024d,zh_char,ROOT-8C9E,1174.6,1319.6
qwen3_0.6b_1024d,zh_char,ROOT-8CA0,4736.0,5004.0
qwen3_0.6b_1024d,zh_char,ROOT-8CAC,2719.8571428571427,2654.8571428571427
qwen3_0.6b_1024d,zh_char,ROOT-8CB4,2188.4,1828.6
qwen3_0.6b_1024d,zh_char,ROOT-8CBF,2846.0,2750.0
qwen3_0.6b_1024d,zh_char,ROOT-8CCF,2843.285714285714,2541.0
qwen3_0.6b_1024d,zh_char,ROOT-8CEA,3624.0,2622.0
qwen3_0.6b_1024d,zh_char,ROOT-8D0A,2471.375,3045.5
qwen3_0.6b_1024d,zh_char,ROOT-8D14,37.0,23.0
qwen3_0.6b_1024d,zh_char,ROOT-8D1B,-923.0,-1369.0
qwen3_0.6b_1024d,zh_char,ROOT-8D64,297.0,556.0
qwen3_0.6b_1024d,zh_char,ROOT-8D66,7258.0,5568.0
qwen3_0.6b_1024d,zh_char,ROOT-8D6B,6303.0,4100.0
qwen3_0.6b_1024d,zh_char,ROOT-8D70,1227.0,1825.0
qwen3_0.6b_1024d,zh_char,ROOT-8DB3,3930.0,4285.0
qwen3_0.6b_1024d,zh_char,ROOT-8ECD,3308.7,3693.25
qwen3_0.6b_1024d,zh_char,ROOT-8F26,285.0,177.0
qwen3_0.6b_1024d,zh_char,ROOT-8F9B,3003.6666666666665,3027.8333333333335
qwen3_0.6b_1024d,zh_char,ROOT-8F9F,2456.2105263157896,2512.7894736842104
qwen3_0.6b_1024d,zh_char,ROOT-8FB0,2840.0,2978.8
qwen3_0.6b_1024d,zh_char,ROOT-8FB1,2901.714285714286,2837.714285714286
qwen3_0.6b_1024d,zh_char,ROOT-8FB2,3454.5,4042.5
qwen3_0.6b_1024d,zh_char,ROOT-9000,2393.0,883.0
qwen3_0.6b_1024d,zh_char,ROOT-9023,3203.8333333333335,3620.3333333333335
qwen3_0.6b_1024d,zh_char,ROOT-9054,3945.6666666666665,3172.6666666666665
qwen3_0.6b_1024d,zh_char,ROOT-9069,713.0,1395.0
qwen3_0.6b_1024d,zh_char,ROOT-9077,2555.0,2685.0
qwen3_0.6b_1024d,zh_char,ROOT-9091,3472.0,3675.75
qwen3_0.6b_1024d,zh_char,ROOT-9095,2593.0,2717.3333333333335
qwen3_0.6b_1024d,zh_char,ROOT-90A3,74.0,72.0
qwen3_0.6b_1024d,zh_char,ROOT-90CE,3774.5,3734.0
qwen3_0.6b_1024d,zh_char,ROOT-90E8,94.0,249.0
qwen3_0.6b_1024d,zh_char,ROOT-90ED,1933.5,2259.5
qwen3_0.6b_1024d,zh_char,ROOT-9109,-57.6,223.0
qwen3_0.6b_1024d,zh_char,ROOT-912D,4169.0,5422.0
qwen3_0.6b_1024d,zh_char,ROOT-9149,2122.3333333333335,2716.0
qwen3_0.6b_1024d,zh_char,ROOT-914B,1486.5,1773.9
qwen3_0.6b_1024d,zh_char,ROOT-91C1,-582.0,-486.0
qwen3_0.6b_1024d,zh_char,ROOT-91C6,2115.0,2180.521739130435
qwen3_0.6b_1024d,zh_char,ROOT-91C7,1642.8,2024.0
qwen3_0.6b_1024d,zh_char,ROOT-91CC,2863.2727272727275,3575.818181818182
qwen3_0.6b_1024d,zh_char,ROOT-91CF,427.0,394.0
qwen3_0.6b_1024d,zh_char,ROOT-9577,2076.0,2517.9
qwen3_0.6b_1024d,zh_char,ROOT-9580,1169.4285714285713,1216.857142857143
qwen3_0.6b_1024d,zh_char,ROOT-958F,716.0,489.0
qwen3_0.6b_1024d,zh_char,ROOT-9591,688.0,270.0
qwen3_0.6b_1024d,zh_char,ROOT-9592,4500.5,4395.25
qwen3_0.6b_1024d,zh_char,ROOT-95B5,1741.0,1824.0
qwen3_0.6b_1024d,zh_char,ROOT-961C,85.0,47.0
qwen3_0.6b_1024d,zh_char,ROOT-9673,32.5,49.0
qwen3_0.6b_1024d,zh_char,ROOT-9686,1846.0,1008.5
qwen3_0.6b_1024d,zh_char,ROOT-968B,1583.0,2642.0
qwen3_0.6b_1024d,zh_char,ROOT-96A8,3451.0,4350.0
qwen3_0.6b_1024d,zh_char,ROOT-96B9,2233.8064516129034,2916.6774193548385
qwen3_0.6b_1024d,zh_char,ROOT-96BB,2972.8333333333335,3293.6666666666665
qwen3_0.6b_1024d,zh_char,ROOT-96BC,-1289.0,-2333.0
qwen3_0.6b_1024d,zh_char,ROOT-96CB,2105.6666666666665,1908.3333333333333
qwen3_0.6b_1024d,zh_char,ROOT-96CD,3832.0,5336.0
qwen3_0.6b_1024d,zh_char,ROOT-96D4,4403.0,4998.0
qwen3_0.6b_1024d,zh_char,ROOT-96DC,1310.0,1761.0
qwen3_0.6b_1024d,zh_char,ROOT-96E3,1740.75,1403.75
qwen3_0.6b_1024d,zh_char,ROOT-96E9,1741.25,2312.5
qwen3_0.6b_1024d,zh_char,ROOT-96F7,251.5,163.5
qwen3_0.6b_1024d,zh_char,ROOT-9700,3547.2727272727275,3262.7272727272725
qwen3_0.6b_1024d,zh_char,ROOT-9752,1827.5882352941176,1380.0588235294117
qwen3_0.6b_1024d,zh_char,ROOT-975E,3419.2083333333335,3187.3333333333335
qwen3_0.6b_1024d,zh_char,ROOT-9762,4207.75,4339.25
qwen3_0.6b_1024d,zh_char,ROOT-9808,1769.0,1906.0
qwen3_0.6b_1024d,zh_char,ROOT-982A,4696.0,5067.0
qwen3_0.6b_1024d,zh_char,ROOT-983B,534.0,511.0
qwen3_0.6b_1024d,zh_char,ROOT-985B,3487.0,855.0
qwen3_0.6b_1024d,zh_char,ROOT-9865,49.0,31.0
qwen3_0.6b_1024d,zh_char,ROOT-99AC,1443.2,1596.0
qwen3_0.6b_1024d,zh_char,ROOT-9AD8,3217.8125,3318.6875
qwen3_0.6b_1024d,zh_char,ROOT-9B32,1508.6666666666667,1670.0
qwen3_0.6b_1024d,zh_char,ROOT-9B3C,1806.6666666666667,1324.4
qwen3_0.6b_1024d,zh_char,ROOT-9B5A,868.0,1543.6666666666667
qwen3_0.6b_1024d,zh_char,ROOT-9BAE,6416.0,4209.0
qwen3_0.6b_1024d,zh_char,ROOT-9CE5,2500.0,3152.0
qwen3_0.6b_1024d,zh_char,ROOT-9E75,1905.0,2266.0
qwen3_0.6b_1024d,zh_char,ROOT-9E7F,1603.5,1108.5
qwen3_0.6b_1024d,zh_char,ROOT-9E83,295.4,177.0
qwen3_0.6b_1024d,zh_char,ROOT-9E97,4427.5,4203.125
qwen3_0.6b_1024d,zh_char,ROOT-9ED1,-685.0,-282.0
qwen3_0.6b_1024d,zh_char,ROOT-9EFD,4107.666666666667,2794.6666666666665
qwen3_0.6b_1024d,zh_char,ROOT-9F13,23.0,42.0
qwen3_0.6b_1024d,zh_char,ROOT-9F4A,2232.6363636363635,2694.2727272727275
qwen3_0.6b_1024d,zh_char,ROOT-9F8D,2425.4,2678.0
qwen3_0.6b_1024d,zh_char,ROOT-9FA0,1135.8,1060.0
qwen3_4b_2560d_int8,cn_def,ROOT-20000,1830.72,2093.08
qwen3_4b_2560d_int8,cn_def,ROOT-200A2,-140.0,211.0
qwen3_4b_2560d_int8,cn_def,ROOT-200A4,2234.0,3228.3333333333335
qwen3_4b_2560d_int8,cn_def,ROOT-2053E,86.5,87.0
qwen3_4b_2560d_int8,cn_def,ROOT-20CCB,990.0,1555.5
qwen3_4b_2560d_int8,cn_def,ROOT-2123C,1599.3333333333333,1489.0
qwen3_4b_2560d_int8,cn_def,ROOT-219CD,1917.375,1853.875
qwen3_4b_2560d_int8,cn_def,ROOT-21C55,1978.0,2151.5
qwen3_4b_2560d_int8,cn_def,ROOT-22398,184.0,598.0
qwen3_4b_2560d_int8,cn_def,ROOT-2274A,-64.0,-153.0
qwen3_4b_2560d_int8,cn_def,ROOT-2304B,4619.0,3373.0
qwen3_4b_2560d_int8,cn_def,ROOT-23386,1707.0,2303.0
qwen3_4b_2560d_int8,cn_def,ROOT-233DF,1998.6666666666667,2020.1666666666667
qwen3_4b_2560d_int8,cn_def,ROOT-2394F,1494.9285714285713,1838.142857142857
qwen3_4b_2560d_int8,cn_def,ROOT-239BC,851.0,1116.0
qwen3_4b_2560d_int8,cn_def,ROOT-25762,4788.0,3801.0
qwen3_4b_2560d_int8,cn_def,ROOT-26B07,4032.0,2968.0
qwen3_4b_2560d_int8,cn_def,ROOT-271A3,1418.75,1425.25
qwen3_4b_2560d_int8,cn_def,ROOT-27BAB,2201.0,2061.0
qwen3_4b_2560d_int8,cn_def,ROOT-342D,3158.3333333333335,3218.6666666666665
qwen3_4b_2560d_int8,cn_def,ROOT-3431,-253.0,-539.0
qwen3_4b_2560d_int8,cn_def,ROOT-34B8,955.75,1479.75
qwen3_4b_2560d_int8,cn_def,ROOT-34BC,54.0,65.0
qwen3_4b_2560d_int8,cn_def,ROOT-34DE,1102.75,1482.0
qwen3_4b_2560d_int8,cn_def,ROOT-3563,775.6666666666666,866.0
qwen3_4b_2560d_int8,cn_def,ROOT-37A2,1167.8333333333333,1210.25
qwen3_4b_2560d_int8,cn_def,ROOT-382F,1686.875,1879.75
qwen3_4b_2560d_int8,cn_def,ROOT-3840,444.0,80.2
qwen3_4b_2560d_int8,cn_def,ROOT-3E12,1038.0,224.0
qwen3_4b_2560d_int8,cn_def,ROOT-4020,867.0,1422.0
qwen3_4b_2560d_int8,cn_def,ROOT-41C2,537.7,707.6
qwen3_4b_2560d_int8,cn_def,ROOT-470C,93.0,60.0
qwen3_4b_2560d_int8,cn_def,ROOT-4E00,894.0,1762.5
qwen3_4b_2560d_int8,cn_def,ROOT-4E01,2346.6153846153848,1968.8461538461538
qwen3_4b_2560d_int8,cn_def,ROOT-4E02,1084.0,1740.0
qwen3_4b_2560d_int8,cn_def,ROOT-4E03,2003.5,2706.5
qwen3_4b_2560d_int8,cn_def,ROOT-4E08,663.0,636.5
qwen3_4b_2560d_int8,cn_def,ROOT-4E0D,803.25,736.0
qwen3_4b_2560d_int8,cn_def,ROOT-4E0F,2040.0,740.0
qwen3_4b_2560d_int8,cn_def,ROOT-4E11,1470.6666666666667,1590.0
qwen3_4b_2560d_int8,cn_def,ROOT-4E14,2138.3333333333335,2571.6666666666665
qwen3_4b_2560d_int8,cn_def,ROOT-4E16,1534.0,3224.0
qwen3_4b_2560d_int8,cn_def,ROOT-4E18,2666.0,2028.5
qwen3_4b_2560d_int8,cn_def,ROOT-4E19,2467.0,2455.6666666666665
qwen3_4b_2560d_int8,cn_def,ROOT-4E1E,443.0,480.5
qwen3_4b_2560d_int8,cn_def,ROOT-4E26,1114.0,596.0
qwen3_4b_2560d_int8,cn_def,ROOT-4E2D,1182.6666666666667,1399.8333333333333
qwen3_4b_2560d_int8,cn_def,ROOT-4E30,3616.0,3239.0
qwen3_4b_2560d_int8,cn_def,ROOT-4E32,1478.0,2314.0
qwen3_4b_2560d_int8,cn_def,ROOT-4E36,1468.5,1822.1666666666667
qwen3_4b_2560d_int8,cn_def,ROOT-4E38,1503.0,577.0
qwen3_4b_2560d_int8,cn_def,ROOT-4E3F,1263.2307692307693,1438.6153846153845
qwen3_4b_2560d_int8,cn_def,ROOT-4E42,1613.0,1888.0
qwen3_4b_2560d_int8,cn_def,ROOT-4E43,274.0,680.0
qwen3_4b_2560d_int8,cn_def,ROOT-4E45,2046.6666666666667,2227.6666666666665
qwen3_4b_2560d_int8,cn_def,ROOT-4E47,731.0,1398.0
qwen3_4b_2560d_int8,cn_def,ROOT-4E4B,693.0,1429.0
qwen3_4b_2560d_int8,cn_def,ROOT-4E4D,750.0,859.0909090909091
qwen3_4b_2560d_int8,cn_def,ROOT-4E4E,2347.0,3129.0
qwen3_4b_2560d_int8,cn_def,ROOT-4E4F,1651.0,2311.4
qwen3_4b_2560d_int8,cn_def,ROOT-4E58,89.0,87.0
qwen3_4b_2560d_int8,cn_def,ROOT-4E59,592.0,630.0
qwen3_4b_2560d_int8,cn_def,ROOT-4E5D,2099.8571428571427,2260.0
qwen3_4b_2560d_int8,cn_def,ROOT-4E5E,732.0,826.0
qwen3_4b_2560d_int8,cn_def,ROOT-4E5F,1005.6666666666666,1197.6666666666667
qwen3_4b_2560d_int8,cn_def,ROOT-4E88,263.8333333333333,499.0
qwen3_4b_2560d_int8,cn_def,ROOT-4E8C,662.5,1128.875
qwen3_4b_2560d_int8,cn_def,ROOT-4E8E,1573.0,2036.875
qwen3_4b_2560d_int8,cn_def,ROOT-4E8F,2325.3333333333335,3075.6666666666665
qwen3_4b_2560d_int8,cn_def,ROOT-4E91,1687.1666666666667,2182.5
qwen3_4b_2560d_int8,cn_def,ROOT-4E94,956.3333333333334,1186.4166666666667
qwen3_4b_2560d_int8,cn_def,ROOT-4E95,388.0,638.0
qwen3_4b_2560d_int8,cn_def,ROOT-4E9E,1203.5,1702.75
qwen3_4b_2560d_int8,cn_def,ROOT-4E9F,914.0,936.0
qwen3_4b_2560d_int8,cn_def,ROOT-4EA1,2979.0,4466.0
qwen3_4b_2560d_int8,cn_def,ROOT-4EA2,942.8,1265.3
qwen3_4b_2560d_int8,cn_def,ROOT-4EA4,1234.0,1122.7333333333333
qwen3_4b_2560d_int8,cn_def,ROOT-4EA5,1407.4166666666667,1388.75
qwen3_4b_2560d_int8,cn_def,ROOT-4EAC,1125.75,1273.625
qwen3_4b_2560d_int8,cn_def,ROOT-4EAE,54.0,51.0
qwen3_4b_2560d_int8,cn_def,ROOT-4EBA,1599.6666666666667,1360.0
qwen3_4b_2560d_int8,cn_def,ROOT-4EC1,856.0,1320.0
qwen3_4b_2560d_int8,cn_def,ROOT-4EC4,1908.0,324.0
qwen3_4b_2560d_int8,cn_def,ROOT-4ECA,1829.7777777777778,2368.4444444444443
qwen3_4b_2560d_int8,cn_def,ROOT-4ECB,3169.3333333333335,2056.6666666666665
qwen3_4b_2560d_int8,cn_def,ROOT-4EE4,1928.3333333333333,1936.9333333333334
qwen3_4b_2560d_int8,cn_def,ROOT-4EE5,882.5,1006.5
qwen3_4b_2560d_int8,cn_def,ROOT-4F0F,1534.0,1138.0
qwen3_4b_2560d_int8,cn_def,ROOT-4F10,1934.0,1620.5
qwen3_4b_2560d_int8,cn_def,ROOT-4F59,1185.5,1743.4
qwen3_4b_2560d_int8,cn_def,ROOT-4F86,1860.6666666666667,1938.6666666666667
qwen3_4b_2560d_int8,cn_def,ROOT-4F8C,290.0,533.0
qwen3_4b_2560d_int8,cn_def,ROOT-4F96,1388.0,2295.0
qwen3_4b_2560d_int8,cn_def,ROOT-4FAF,1407.0,821.0
qwen3_4b_2560d_int8,cn_def,ROOT-4FDD,2234.3333333333335,2240.6666666666665
qwen3_4b_2560d_int8,cn_def,ROOT-5009,1235.4,1683.5
qwen3_4b_2560d_int8,cn_def,ROOT-501D,2209.0,3865.0
qwen3_4b_2560d_int8,cn_def,ROOT-50C9,693.5454545454545,780.9090909090909
qwen3_4b_2560d_int8,cn_def,ROOT-5140,2119.0,2193.0
qwen3_4b_2560d_int8,cn_def,ROOT-5143,1388.6,1168.3
qwen3_4b_2560d_int8,cn_def,ROOT-5144,172.0,149.0
qwen3_4b_2560d_int8,cn_def,ROOT-5145,1411.5,1960.5
qwen3_4b_2560d_int8,cn_def,ROOT-5146,1875.0,1986.9
qwen3_4b_2560d_int8,cn_def,ROOT-5148,1342.0,1818.5
qwen3_4b_2560d_int8,cn_def,ROOT-5149,1305.25,1312.25
qwen3_4b_2560d_int8,cn_def,ROOT-514B,-123.0,-159.0
qwen3_4b_2560d_int8,cn_def,ROOT-514D,998.1666666666666,926.0
qwen3_4b_2560d_int8,cn_def,ROOT-5152,1350.3333333333333,1468.0
qwen3_4b_2560d_int8,cn_def,ROOT-5154,69.0,280.0
qwen3_4b_2560d_int8,cn_def,ROOT-5165,1241.6,1120.0
qwen3_4b_2560d_int8,cn_def,ROOT-5168,1716.857142857143,2230.1428571428573
qwen3_4b_2560d_int8,cn_def,ROOT-5169,1389.6666666666667,1513.3333333333333
qwen3_4b_2560d_int8,cn_def,ROOT-516A,849.0,239.0
qwen3_4b_2560d_int8,cn_def,ROOT-516B,880.5,1144.0
qwen3_4b_2560d_int8,cn_def,ROOT-516C,2046.125,1513.875
qwen3_4b_2560d_int8,cn_def,ROOT-5171,974.5,1025.6666666666667
qwen3_4b_2560d_int8,cn_def,ROOT-5176,1622.4615384615386,1766.3076923076924
qwen3_4b_2560d_int8,cn_def,ROOT-5177,5346.0,5766.0
qwen3_4b_2560d_int8,cn_def,ROOT-5178,-1348.0,-1083.0
qwen3_4b_2560d_int8,cn_def,ROOT-517C,1581.2,2151.3
qwen3_4b_2560d_int8,cn_def,ROOT-5180,445.0,540.0
qwen3_4b_2560d_int8,cn_def,ROOT-5183,1699.5,1706.5
qwen3_4b_2560d_int8,cn_def,ROOT-5189,1260.5,1780.0
qwen3_4b_2560d_int8,cn_def,ROOT-518A,877.5,2200.0
qwen3_4b_2560d_int8,cn_def,ROOT-518E,1541.3333333333333,2069.3333333333335
qwen3_4b_2560d_int8,cn_def,ROOT-51A2,0.0,0.0
qwen3_4b_2560d_int8,cn_def,ROOT-51A5,1532.75,1405.5
qwen3_4b_2560d_int8,cn_def,ROOT-51AB,-12.0,103.0
qwen3_4b_2560d_int8,cn_def,ROOT-51E0,1628.8,1088.8
qwen3_4b_2560d_int8,cn_def,ROOT-51E1,1618.888888888889,1789.2222222222222
qwen3_4b_2560d_int8,cn_def,ROOT-51F6,2415.0,2201.5
qwen3_4b_2560d_int8,cn_def,ROOT-51FA,-256.75,-330.25
qwen3_4b_2560d_int8,cn_def,ROOT-51FD,0.0,0.0
qwen3_4b_2560d_int8,cn_def,ROOT-5200,1477.6666666666667,1862.4666666666667
qwen3_4b_2560d_int8,cn_def,ROOT-5203,730.8,897.6
qwen3_4b_2560d_int8,cn_def,ROOT-5206,1367.9375,1590.875
qwen3_4b_2560d_int8,cn_def,ROOT-5211,2467.0,2032.0
qwen3_4b_2560d_int8,cn_def,ROOT-5217,720.0,931.0
qwen3_4b_2560d_int8,cn_def,ROOT-5225,-98.0,167.0
qwen3_4b_2560d_int8,cn_def,ROOT-5229,1865.5,1835.0
qwen3_4b_2560d_int8,cn_def,ROOT-5236,-54.0,114.5
qwen3_4b_2560d_int8,cn_def,ROOT-5247,707.8,942.0
qwen3_4b_2560d_int8,cn_def,ROOT-529B,1671.3333333333333,2124.266666666667
qwen3_4b_2560d_int8,cn_def,ROOT-52DE,1586.75,2258.5
qwen3_4b_2560d_int8,cn_def,ROOT-52F9,1280.2,1174.9
qwen3_4b_2560d_int8,cn_def,ROOT-52FA,1378.4,1205.1
qwen3_4b_2560d_int8,cn_def,ROOT-52FB,954.6666666666666,1236.3333333333333
qwen3_4b_2560d_int8,cn_def,ROOT-52FF,1335.0,1149.6666666666667
qwen3_4b_2560d_int8,cn_def,ROOT-5303,1515.7333333333333,1701.6
qwen3_4b_2560d_int8,cn_def,ROOT-5305,2148.4615384615386,1923.923076923077
qwen3_4b_2560d_int8,cn_def,ROOT-5315,1302.391304347826,1560.1739130434783
qwen3_4b_2560d_int8,cn_def,ROOT-5317,2798.0,3574.0
qwen3_4b_2560d_int8,cn_def,ROOT-5321,2918.5,3540.0
qwen3_4b_2560d_int8,cn_def,ROOT-5340,1389.8333333333333,1456.4166666666667
qwen3_4b_2560d_int8,cn_def,ROOT-5341,1978.6666666666667,2404.3333333333335
qwen3_4b_2560d_int8,cn_def,ROOT-5347,21.0,15.0
qwen3_4b_2560d_int8,cn_def,ROOT-5348,1618.5,2284.0
qwen3_4b_2560d_int8,cn_def,ROOT-5349,1126.75,1016.0
qwen3_4b_2560d_int8,cn_def,ROOT-534A,909.0,893.1428571428571
qwen3_4b_2560d_int8,cn_def,ROOT-5351,1938.7272727272727,1358.7272727272727
qwen3_4b_2560d_int8,cn_def,ROOT-5352,1142.6666666666667,1268.0833333333333
qwen3_4b_2560d_int8,cn_def,ROOT-5353,553.4,644.0
qwen3_4b_2560d_int8,cn_def,ROOT-5357,2460.0,2351.6666666666665
qwen3_4b_2560d_int8,cn_def,ROOT-535C,919.5,662.75
qwen3_4b_2560d_int8,cn_def,ROOT-5360,1372.3076923076924,1597.1538461538462
qwen3_4b_2560d_int8,cn_def,ROOT-5371,1670.3333333333333,1876.0
qwen3_4b_2560d_int8,cn_def,ROOT-5373,234.0,515.0
qwen3_4b_2560d_int8,cn_def,ROOT-5377,414.8333333333333,461.1666666666667
qwen3_4b_2560d_int8,cn_def,ROOT-5378,293.0,222.33333333333334
qwen3_4b_2560d_int8,cn_def,ROOT-5384,2210.0,2183.3333333333335
qwen3_4b_2560d_int8,cn_def,ROOT-539F,789.5,815.5
qwen3_4b_2560d_int8,cn_def,ROOT-53B6,622.1818181818181,854.5454545454545
qwen3_4b_2560d_int8,cn_def,ROOT-53BB,1433.6666666666667,1605.0
qwen3_4b_2560d_int8,cn_def,ROOT-53C3,2366.8333333333335,1966.0
qwen3_4b_2560d_int8,cn_def,ROOT-53C8,1665.4666666666667,1441.7333333333333
qwen3_4b_2560d_int8,cn_def,ROOT-53C9,1298.5,2230.5
qwen3_4b_2560d_int8,cn_def,ROOT-53CA,1076.7142857142858,1300.2857142857142
qwen3_4b_2560d_int8,cn_def,ROOT-53CD,1430.6,2005.8
qwen3_4b_2560d_int8,cn_def,ROOT-53D6,232.33333333333334,450.6666666666667
qwen3_4b_2560d_int8,cn_def,ROOT-53D7,1429.0,1622.5
qwen3_4b_2560d_int8,cn_def,ROOT-53E3,1549.6666666666667,1037.6666666666667
qwen3_4b_2560d_int8,cn_def,ROOT-53E4,1704.7692307692307,1423.6538461538462
qwen3_4b_2560d_int8,cn_def,ROOT-53EA,941.0,4795.0
qwen3_4b_2560d_int8,cn_def,ROOT-53F2,4727.0,4754.0
qwen3_4b_2560d_int8,cn_def,ROOT-53F8,1356.25,1202.75
qwen3_4b_2560d_int8,cn_def,ROOT-5404,1832.5925925925926,1952.111111111111
qwen3_4b_2560d_int8,cn_def,ROOT-5408,807.6923076923077,745.1538461538462
qwen3_4b_2560d_int8,cn_def,ROOT-5409,1039.0,1391.3333333333333
qwen3_4b_2560d_int8,cn_def,ROOT-540C,1831.3333333333333,2013.3333333333333
qwen3_4b_2560d_int8,cn_def,ROOT-540D,1211.3333333333333,906.0
qwen3_4b_2560d_int8,cn_def,ROOT-540E,1208.3333333333333,1447.6666666666667
qwen3_4b_2560d_int8,cn_def,ROOT-5411,351.0,1127.0
qwen3_4b_2560d_int8,cn_def,ROOT-5433,1190.3333333333333,1085.6666666666667
qwen3_4b_2560d_int8,cn_def,ROOT-5442,1777.0,1680.25
qwen3_4b_2560d_int8,cn_def,ROOT-544A,798.25,1108.875
qwen3_4b_2560d_int8,cn_def,ROOT-5468,2045.7692307692307,1998.8461538461538
qwen3_4b_2560d_int8,cn_def,ROOT-548E,1409.5,1657.5
qwen3_4b_2560d_int8,cn_def,ROOT-54B8,481.7142857142857,528.7142857142857
qwen3_4b_2560d_int8,cn_def,ROOT-54E1,736.8,709.4
qwen3_4b_2560d_int8,cn_def,ROOT-54E5,66.0,111.0
qwen3_4b_2560d_int8,cn_def,ROOT-5584,217.0,381.0
qwen3_4b_2560d_int8,cn_def,ROOT-55AE,1281.7,1422.6
qwen3_4b_2560d_int8,cn_def,ROOT-55C7,1959.3333333333333,2742.0
qwen3_4b_2560d_int8,cn_def,ROOT-56B4,994.0,863.5
qwen3_4b_2560d_int8,cn_def,ROOT-56D7,1701.111111111111,1323.2222222222222
qwen3_4b_2560d_int8,cn_def,ROOT-56DA,2105.0,2401.0
qwen3_4b_2560d_int8,cn_def,ROOT-56DB,2379.5,1508.0
qwen3_4b_2560d_int8,cn_def,ROOT-56DE,2189.25,2782.0
qwen3_4b_2560d_int8,cn_def,ROOT-56E0,1203.25,1438.5
qwen3_4b_2560d_int8,cn_def,ROOT-56F0,704.0,920.0
qwen3_4b_2560d_int8,cn_def,ROOT-56F7,2200.0,1938.0
qwen3_4b_2560d_int8,cn_def,ROOT-56FA,818.6,594.6
qwen3_4b_2560d_int8,cn_def,ROOT-571F,1698.25,1183.75
qwen3_4b_2560d_int8,cn_def,ROOT-572D,2060.5,1845.2142857142858
qwen3_4b_2560d_int8,cn_def,ROOT-5750,1459.3333333333333,1016.0
qwen3_4b_2560d_int8,cn_def,ROOT-57F6,1836.0,2624.0
qwen3_4b_2560d_int8,cn_def,ROOT-57F7,2335.0,2872.5
qwen3_4b_2560d_int8,cn_def,ROOT-5807,1040.8333333333333,952.0
qwen3_4b_2560d_int8,cn_def,ROOT-582F,1115.0,1471.142857142857
qwen3_4b_2560d_int8,cn_def,ROOT-58EB,897.0,1080.75
qwen3_4b_2560d_int8,cn_def,ROOT-58EC,680.25,691.0
qwen3_4b_2560d_int8,cn_def,ROOT-58F4,19.666666666666668,0.6666666666666666
qwen3_4b_2560d_int8,cn_def,ROOT-58F9,2158.0,2714.0
qwen3_4b_2560d_int8,cn_def,ROOT-58FD,1655.3333333333333,3159.0
qwen3_4b_2560d_int8,cn_def,ROOT-5903,450.0,1556.0
qwen3_4b_2560d_int8,cn_def,ROOT-590F,2451.0,2161.0
qwen3_4b_2560d_int8,cn_def,ROOT-5915,58.0,50.0
qwen3_4b_2560d_int8,cn_def,ROOT-5917,1794.2857142857142,1808.857142857143
qwen3_4b_2560d_int8,cn_def,ROOT-591A,1249.75,1358.75
qwen3_4b_2560d_int8,cn_def,ROOT-591C,502.6666666666667,1187.3333333333333
qwen3_4b_2560d_int8,cn_def,ROOT-5927,1154.0,1688.0
qwen3_4b_2560d_int8,cn_def,ROOT-5929,915.6666666666666,1265.6666666666667
qwen3_4b_2560d_int8,cn_def,ROOT-592A,-29.0,-100.0
qwen3_4b_2560d_int8,cn_def,ROOT-592B,3805.0,2243.3333333333335
qwen3_4b_2560d_int8,cn_def,ROOT-592D,-119.5,-176.25
qwen3_4b_2560d_int8,cn_def,ROOT-592E,2425.4,2983.8
qwen3_4b_2560d_int8,cn_def,ROOT-5932,2471.0,2761.0
qwen3_4b_2560d_int8,cn_def,ROOT-5937,2930.6666666666665,2455.0
qwen3_4b_2560d_int8,cn_def,ROOT-593E,1293.2222222222222,1305.3333333333333
qwen3_4b_2560d_int8,cn_def,ROOT-5944,1050.6,908.4
qwen3_4b_2560d_int8,cn_def,ROOT-5948,1358.0,540.0
qwen3_4b_2560d_int8,cn_def,ROOT-5949,750.6666666666666,639.3333333333334
qwen3_4b_2560d_int8,cn_def,ROOT-594F,1946.0,1585.5
qwen3_4b_2560d_int8,cn_def,ROOT-5950,567.75,940.0
qwen3_4b_2560d_int8,cn_def,ROOT-595A,1240.0,1427.0
qwen3_4b_2560d_int8,cn_def,ROOT-5967,1248.0,1347.75
qwen3_4b_2560d_int8,cn_def,ROOT-5973,1117.7142857142858,1485.9285714285713
qwen3_4b_2560d_int8,cn_def,ROOT-59A5,1833.0,3504.5
qwen3_4b_2560d_int8,cn_def,ROOT-59BB,2278.75,2613.25
qwen3_4b_2560d_int8,cn_def,ROOT-59BE,346.0,1201.0
qwen3_4b_2560d_int8,cn_def,ROOT-5A41,2235.5,1490.7
qwen3_4b_2560d_int8,cn_def,ROOT-5B50,438.0,541.0
qwen3_4b_2560d_int8,cn_def,ROOT-5B54,3445.0,2213.0
qwen3_4b_2560d_int8,cn_def,ROOT-5B58,2740.0,3497.0
qwen3_4b_2560d_int8,cn_def,ROOT-5B5A,1406.75,2142.75
qwen3_4b_2560d_int8,cn_def,ROOT-5B5D,1734.0,1804.0
qwen3_4b_2560d_int8,cn_def,ROOT-5B63,2358.0,1023.0
qwen3_4b_2560d_int8,cn_def,ROOT-5B68,806.0,493.0
qwen3_4b_2560d_int8,cn_def,ROOT-5B6B,1466.0,1850.0
qwen3_4b_2560d_int8,cn_def,ROOT-5B83,1746.375,793.5
qwen3_4b_2560d_int8,cn_def,ROOT-5B88,461.0,873.0
qwen3_4b_2560d_int8,cn_def,ROOT-5B89,2127.0,2376.75
qwen3_4b_2560d_int8,cn_def,ROOT-5B97,1298.1666666666667,1326.1666666666667
qwen3_4b_2560d_int8,cn_def,ROOT-5B98,1624.0,1965.2857142857142
qwen3_4b_2560d_int8,cn_def,ROOT-5B9A,2387.0,2671.3333333333335
qwen3_4b_2560d_int8,cn_def,ROOT-5B9C,9.0,-1.0
qwen3_4b_2560d_int8,cn_def,ROOT-5BA3,1755.75,2692.25
qwen3_4b_2560d_int8,cn_def,ROOT-5BB3,2067.0,1863.3333333333333
qwen3_4b_2560d_int8,cn_def,ROOT-5BB6,528.0,572.5
qwen3_4b_2560d_int8,cn_def,ROOT-5BBF,2199.5,906.0
qwen3_4b_2560d_int8,cn_def,ROOT-5BC5,-105.0,-182.0
qwen3_4b_2560d_int8,cn_def,ROOT-5BCD,1463.4,2145.8
qwen3_4b_2560d_int8,cn_def,ROOT-5BF8,962.5,667.75
qwen3_4b_2560d_int8,cn_def,ROOT-5C07,797.6,842.2
qwen3_4b_2560d_int8,cn_def,ROOT-5C08,1384.3333333333333,1856.6666666666667
qwen3_4b_2560d_int8,cn_def,ROOT-5C09,1391.0,1791.6666666666667
qwen3_4b_2560d_int8,cn_def,ROOT-5C0A,2639.5,2175.75
qwen3_4b_2560d_int8,cn_def,ROOT-5C0B,2657.0,2965.0
qwen3_4b_2560d_int8,cn_def,ROOT-5C0D,1776.0,1675.0
qwen3_4b_2560d_int8,cn_def,ROOT-5C0F,1172.7894736842106,1747.578947368421
qwen3_4b_2560d_int8,cn_def,ROOT-5C17,1871.5,2135.5
qwen3_4b_2560d_int8,cn_def,ROOT-5C1A,1575.904761904762,1684.8095238095239
qwen3_4b_2560d_int8,cn_def,ROOT-5C39,1254.75,1280.5
qwen3_4b_2560d_int8,cn_def,ROOT-5C3E,700.0,734.0
qwen3_4b_2560d_int8,cn_def,ROOT-5C40,3073.0,4247.0
qwen3_4b_2560d_int8,cn_def,ROOT-5C48,874.5,978.0
qwen3_4b_2560d_int8,cn_def,ROOT-5C4B,1754.4,2216.8
qwen3_4b_2560d_int8,cn_def,ROOT-5C55,1531.5,1364.5
qwen3_4b_2560d_int8,cn_def,ROOT-5C6F,1322.1666666666667,1533.1666666666667
qwen3_4b_2560d_int8,cn_def,ROOT-5C70,1957.5,2119.5
qwen3_4b_2560d_int8,cn_def,ROOT-5C71,1328.5,1368.0
qwen3_4b_2560d_int8,cn_def,ROOT-5CA1,628.75,1091.5
qwen3_4b_2560d_int8,cn_def,ROOT-5CF6,2675.0,3270.0
qwen3_4b_2560d_int8,cn_def,ROOT-5DDD,1017.75,1213.5
qwen3_4b_2560d_int8,cn_def,ROOT-5DDE,782.5,1784.5
qwen3_4b_2560d_int8,cn_def,ROOT-5DDF,3957.0,4734.0
qwen3_4b_2560d_int8,cn_def,ROOT-5DE2,1876.0,970.0
qwen3_4b_2560d_int8,cn_def,ROOT-5DE5,1419.2222222222222,1328.8333333333333
qwen3_4b_2560d_int8,cn_def,ROOT-5DE6,40.0,143.0
qwen3_4b_2560d_int8,cn_def,ROOT-5DE8,983.7142857142857,909.8571428571429
qwen3_4b_2560d_int8,cn_def,ROOT-5DEB,137.0,244.0
qwen3_4b_2560d_int8,cn_def,ROOT-5DEE,1601.5,2096.0
qwen3_4b_2560d_int8,cn_def,ROOT-5DF1,1331.0,1214.2222222222222
qwen3_4b_2560d_int8,cn_def,ROOT-5DF3,187.66666666666666,1188.3333333333333
qwen3_4b_2560d_int8,cn_def,ROOT-5DF4,2027.857142857143,2916.5714285714284
qwen3_4b_2560d_int8,cn_def,ROOT-5DFF,422.5,494.5
qwen3_4b_2560d_int8,cn_def,ROOT-5E00,2175.5,2189.0
qwen3_4b_2560d_int8,cn_def,ROOT-5E0C,270.0,299.5
qwen3_4b_2560d_int8,cn_def,ROOT-5E1A,1532.5,1057.0
qwen3_4b_2560d_int8,cn_def,ROOT-5E1D,1347.1666666666667,1476.3333333333333
qwen3_4b_2560d_int8,cn_def,ROOT-5E2D,0.0,0.0
qwen3_4b_2560d_int8,cn_def,ROOT-5E36,326.0,313.0
qwen3_4b_2560d_int8,cn_def,ROOT-5E72,1184.9333333333334,1368.4
qwen3_4b_2560d_int8,cn_def,ROOT-5E73,768.1428571428571,849.1428571428571
qwen3_4b_2560d_int8,cn_def,ROOT-5E78,1.0,0.0
qwen3_4b_2560d_int8,cn_def,ROOT-5E79,1760.0,2137.0
qwen3_4b_2560d_int8,cn_def,ROOT-5E7A,1334.8,1463.4
qwen3_4b_2560d_int8,cn_def,ROOT-5E9A,1195.3333333333333,154.0
qwen3_4b_2560d_int8,cn_def,ROOT-5EB6,2923.5,2635.1666666666665
qwen3_4b_2560d_int8,cn_def,ROOT-5EB7,1640.5,1977.5
qwen3_4b_2560d_int8,cn_def,ROOT-5EFA,2013.25,2484.75
qwen3_4b_2560d_int8,cn_def,ROOT-5F01,2143.0,450.0
qwen3_4b_2560d_int8,cn_def,ROOT-5F0B,1684.4545454545455,1885.3636363636363
qwen3_4b_2560d_int8,cn_def,ROOT-5F0D,3564.0,2579.0
qwen3_4b_2560d_int8,cn_def,ROOT-5F13,1334.0,1460.0
qwen3_4b_2560d_int8,cn_def,ROOT-5F15,5152.0,4637.0
qwen3_4b_2560d_int8,cn_def,ROOT-5F17,612.8571428571429,1011.5714285714286
qwen3_4b_2560d_int8,cn_def,ROOT-5F1F,963.1111111111111,1042.111111111111
qwen3_4b_2560d_int8,cn_def,ROOT-5F31,825.0,1016.5
qwen3_4b_2560d_int8,cn_def,ROOT-5F56,1132.0,909.0
qwen3_4b_2560d_int8,cn_def,ROOT-5F57,1459.0,2493.0
qwen3_4b_2560d_int8,cn_def,ROOT-5F6D,1051.5,1606.5
qwen3_4b_2560d_int8,cn_def,ROOT-5F9E,1557.2,1975.0
qwen3_4b_2560d_int8,cn_def,ROOT-5FB9,269.0,253.0
qwen3_4b_2560d_int8,cn_def,ROOT-5FC3,1043.0,920.0
qwen3_4b_2560d_int8,cn_def,ROOT-5FC5,699.6,619.0
qwen3_4b_2560d_int8,cn_def,ROOT-601D,5488.0,3678.0
qwen3_4b_2560d_int8,cn_def,ROOT-606F,2987.0,4065.0
qwen3_4b_2560d_int8,cn_def,ROOT-60E0,1828.5,2937.5
qwen3_4b_2560d_int8,cn_def,ROOT-610F,926.5,1000.0
qwen3_4b_2560d_int8,cn_def,ROOT-611B,714.0,617.0
qwen3_4b_2560d_int8,cn_def,ROOT-6208,826.0,505.0
qwen3_4b_2560d_int8,cn_def,ROOT-620A,381.0,-64.0
qwen3_4b_2560d_int8,cn_def,ROOT-620D,2111.1666666666665,2994.5
qwen3_4b_2560d_int8,cn_def,ROOT-620E,2682.0,1509.0
qwen3_4b_2560d_int8,cn_def,ROOT-6211,2461.125,2112.875
qwen3_4b_2560d_int8,cn_def,ROOT-6212,636.0,895.5
qwen3_4b_2560d_int8,cn_def,ROOT-6214,2217.0,3342.0
qwen3_4b_2560d_int8,cn_def,ROOT-6216,1647.5,1512.0
qwen3_4b_2560d_int8,cn_def,ROOT-6236,0.25,-42.0
qwen3_4b_2560d_int8,cn_def,ROOT-6241,588.5,548.0
qwen3_4b_2560d_int8,cn_def,ROOT-6247,332.0,60.0
qwen3_4b_2560d_int8,cn_def,ROOT-624B,510.1666666666667,420.6666666666667
qwen3_4b_2560d_int8,cn_def,ROOT-624D,2526.0,3007.25
qwen3_4b_2560d_int8,cn_def,ROOT-6298,1415.3333333333333,2069.0
qwen3_4b_2560d_int8,cn_def,ROOT-62DC,2207.0,2639.0
qwen3_4b_2560d_int8,cn_def,ROOT-652F,1045.4,1575.4
qwen3_4b_2560d_int8,cn_def,ROOT-6538,1695.6363636363637,1837.6363636363637
qwen3_4b_2560d_int8,cn_def,ROOT-6544,4241.0,4590.0
qwen3_4b_2560d_int8,cn_def,ROOT-6556,818.3333333333334,2411.0
qwen3_4b_2560d_int8,cn_def,ROOT-6562,2115.0,2840.0
qwen3_4b_2560d_int8,cn_def,ROOT-6563,2333.0,1464.5
qwen3_4b_2560d_int8,cn_def,ROOT-6566,-87.0,-593.0
qwen3_4b_2560d_int8,cn_def,ROOT-6578,2504.0,3109.0
qwen3_4b_2560d_int8,cn_def,ROOT-6587,1220.888888888889,982.4444444444445
qwen3_4b_2560d_int8,cn_def,ROOT-6597,1610.5,2158.5
qwen3_4b_2560d_int8,cn_def,ROOT-65A4,1751.5333333333333,1419.6666666666667
qwen3_4b_2560d_int8,cn_def,ROOT-65AC,1529.0,1896.25
qwen3_4b_2560d_int8,cn_def,ROOT-65B0,3223.0,4881.0
qwen3_4b_2560d_int8,cn_def,ROOT-65B9,1511.7333333333333,1911.4666666666667
qwen3_4b_2560d_int8,cn_def,ROOT-65BC,2488.0,2240.25
qwen3_4b_2560d_int8,cn_def,ROOT-65C1,2013.2,1946.8
qwen3_4b_2560d_int8,cn_def,ROOT-65CB,2498.0,4119.0
qwen3_4b_2560d_int8,cn_def,ROOT-65CF,212.33333333333334,277.0
qwen3_4b_2560d_int8,cn_def,ROOT-65E6,805.1666666666666,798.0
qwen3_4b_2560d_int8,cn_def,ROOT-65E8,1785.8,1514.0
qwen3_4b_2560d_int8,cn_def,ROOT-65EC,1173.875,1211.0
qwen3_4b_2560d_int8,cn_def,ROOT-6606,1784.4,1822.8
qwen3_4b_2560d_int8,cn_def,ROOT-660C,1053.0,1817.4
qwen3_4b_2560d_int8,cn_def,ROOT-660E,-1031.0,-51.0
qwen3_4b_2560d_int8,cn_def,ROOT-660F,1402.0,1094.0
qwen3_4b_2560d_int8,cn_def,ROOT-6613,2200.4285714285716,2303.0
qwen3_4b_2560d_int8,cn_def,ROOT-6614,2206.5,2112.0
qwen3_4b_2560d_int8,cn_def,ROOT-661C,-1499.5,-182.5
qwen3_4b_2560d_int8,cn_def,ROOT-661F,1376.75,973.25
qwen3_4b_2560d_int8,cn_def,ROOT-6625,2334.0,61.0
qwen3_4b_2560d_int8,cn_def,ROOT-662F,1831.5,2469.3333333333335
qwen3_4b_2560d_int8,cn_def,ROOT-6631,-1.0,-1.0
qwen3_4b_2560d_int8,cn_def,ROOT-6649,3073.0,2429.0
qwen3_4b_2560d_int8,cn_def,ROOT-66F0,410.0,604.0
qwen3_4b_2560d_int8,cn_def,ROOT-66F4,975.0,2510.5
qwen3_4b_2560d_int8,cn_def,ROOT-66FC,1962.2,2500.3
qwen3_4b_2560d_int8,cn_def,ROOT-66FE,1420.125,1338.25
qwen3_4b_2560d_int8,cn_def,ROOT-6700,1273.0,1616.0
qwen3_4b_2560d_int8,cn_def,ROOT-6703,1961.125,2159.125
qwen3_4b_2560d_int8,cn_def,ROOT-670B,1315.6,1936.2
qwen3_4b_2560d_int8,cn_def,ROOT-6715,-131.0,74.5
qwen3_4b_2560d_int8,cn_def,ROOT-671D,1761.6666666666667,527.0
qwen3_4b_2560d_int8,cn_def,ROOT-6728,1168.0,1951.0
qwen3_4b_2560d_int8,cn_def,ROOT-672A,1558.25,1563.75
qwen3_4b_2560d_int8,cn_def,ROOT-672B,2681.0,3284.5
qwen3_4b_2560d_int8,cn_def,ROOT-672C,-503.0,-446.0
qwen3_4b_2560d_int8,cn_def,ROOT-672E,1247.3333333333333,1417.0
qwen3_4b_2560d_int8,cn_def,ROOT-6731,1506.9,1342.7
qwen3_4b_2560d_int8,cn_def,ROOT-6735,55.0,95.0
qwen3_4b_2560d_int8,cn_def,ROOT-6740,-31.0,-103.0
qwen3_4b_2560d_int8,cn_def,ROOT-675F,802.0,1035.0
qwen3_4b_2560d_int8,cn_def,ROOT-6771,1178.3333333333333,1301.2222222222222
qwen3_4b_2560d_int8,cn_def,ROOT-6797,1404.0,1572.4285714285713
qwen3_4b_2560d_int8,cn_def,ROOT-679C,1040.125,808.75
qwen3_4b_2560d_int8,cn_def,ROOT-67D0,1441.3333333333333,1649.6666666666667
qwen3_4b_2560d_int8,cn_def,ROOT-67EC,1828.3,1881.45
qwen3_4b_2560d_int8,cn_def,ROOT-6817,1103.0,1134.0
qwen3_4b_2560d_int8,cn_def,ROOT-6840,-81.0,-169.0
qwen3_4b_2560d_int8,cn_def,ROOT-6851,3814.0,3447.0
qwen3_4b_2560d_int8,cn_def,ROOT-69AE,813.0,819.5
qwen3_4b_2560d_int8,cn_def,ROOT-6A02,1598.6,2350.8
qwen3_4b_2560d_int8,cn_def,ROOT-6A0A,931.5,1709.5
qwen3_4b_2560d_int8,cn_def,ROOT-6B20,2865.5,3139.0
qwen3_4b_2560d_int8,cn_def,ROOT-6B2E,1688.2,1846.2
qwen3_4b_2560d_int8,cn_def,ROOT-6B62,1720.0,2080.3333333333335
qwen3_4b_2560d_int8,cn_def,ROOT-6B63,1291.0,1463.6
qwen3_4b_2560d_int8,cn_def,ROOT-6B65,39.0,-213.0
qwen3_4b_2560d_int8,cn_def,ROOT-6B66,3359.5,4036.0
qwen3_4b_2560d_int8,cn_def,ROOT-6BB5,2439.5,1475.0
qwen3_4b_2560d_int8,cn_def,ROOT-6BB7,1978.0,2511.0
qwen3_4b_2560d_int8,cn_def,ROOT-6BBF,3960.0,3488.0
qwen3_4b_2560d_int8,cn_def,ROOT-6BC0,19.0,20.0
qwen3_4b_2560d_int8,cn_def,ROOT-6BCC,1997.5,2279.0
qwen3_4b_2560d_int8,cn_def,ROOT-6BCD,403.0,430.0
qwen3_4b_2560d_int8,cn_def,ROOT-6BCE,-750.0,-882.0
qwen3_4b_2560d_int8,cn_def,ROOT-6BD4,1429.5555555555557,2161.1111111111113
qwen3_4b_2560d_int8,cn_def,ROOT-6BDB,2034.75,1083.5
qwen3_4b_2560d_int8,cn_def,ROOT-6BF3,-4.0,6.0
qwen3_4b_2560d_int8,cn_def,ROOT-6C0F,3110.0,1130.0
qwen3_4b_2560d_int8,cn_def,ROOT-6C10,1989.2,1399.6
qwen3_4b_2560d_int8,cn_def,ROOT-6C11,668.0,884.3333333333334
qwen3_4b_2560d_int8,cn_def,ROOT-6C14,2367.0,2876.0
qwen3_4b_2560d_int8,cn_def,ROOT-6C38,1358.5,2086.0
qwen3_4b_2560d_int8,cn_def,ROOT-6C42,1394.0,2304.4
qwen3_4b_2560d_int8,cn_def,ROOT-6C93,554.0,841.0
qwen3_4b_2560d_int8,cn_def,ROOT-6C99,2196.0,1935.0
qwen3_4b_2560d_int8,cn_def,ROOT-6C9B,1839.0,2544.0
qwen3_4b_2560d_int8,cn_def,ROOT-6CC9,2054.5,1099.5
qwen3_4b_2560d_int8,cn_def,ROOT-6CD5,2713.0,3106.0
qwen3_4b_2560d_int8,cn_def,ROOT-6D3B,377.0,726.0
qwen3_4b_2560d_int8,cn_def,ROOT-6ED5,2215.0,1942.5
qwen3_4b_2560d_int8,cn_def,ROOT-6FD5,98.0,98.0
qwen3_4b_2560d_int8,cn_def,ROOT-706B,1281.0,1737.0
qwen3_4b_2560d_int8,cn_def,ROOT-708E,1909.8333333333333,2774.5
qwen3_4b_2560d_int8,cn_def,ROOT-7097,1524.4545454545455,1038.0
qwen3_4b_2560d_int8,cn_def,ROOT-70CF,2124.3333333333335,2850.6666666666665
qwen3_4b_2560d_int8,cn_def,ROOT-7109,1133.5,1087.0
qwen3_4b_2560d_int8,cn_def,ROOT-7121,546.5,449.0
qwen3_4b_2560d_int8,cn_def,ROOT-7126,1656.75,673.5
qwen3_4b_2560d_int8,cn_def,ROOT-7136,1680.5,1080.0
qwen3_4b_2560d_int8,cn_def,ROOT-718F,2361.75,1697.75
qwen3_4b_2560d_int8,cn_def,ROOT-71D5,1271.0,3169.0
qwen3_4b_2560d_int8,cn_def,ROOT-71DF,39.0,35.0
qwen3_4b_2560d_int8,cn_def,ROOT-722A,20.0,55.0
qwen3_4b_2560d_int8,cn_def,ROOT-722D,1290.0,1051.3333333333333
qwen3_4b_2560d_int8,cn_def,ROOT-7230,1733.7142857142858,2135.0
qwen3_4b_2560d_int8,cn_def,ROOT-7235,517.0,442.0
qwen3_4b_2560d_int8,cn_def,ROOT-7236,1156.642857142857,916.4285714285714
qwen3_4b_2560d_int8,cn_def,ROOT-723B,2286.6666666666665,2273.6666666666665
qwen3_4b_2560d_int8,cn_def,ROOT-723E,159.33333333333334,634.0
qwen3_4b_2560d_int8,cn_def,ROOT-723F,1009.8333333333334,1535.8333333333333
qwen3_4b_2560d_int8,cn_def,ROOT-7259,968.7142857142857,845.0
qwen3_4b_2560d_int8,cn_def,ROOT-72AC,1028.0,594.0
qwen3_4b_2560d_int8,cn_def,ROOT-72C2,98.0,109.0
qwen3_4b_2560d_int8,cn_def,ROOT-72C4,812.5,787.0
qwen3_4b_2560d_int8,cn_def,ROOT-7312,985.5,1026.5
qwen3_4b_2560d_int8,cn_def,ROOT-7384,1348.0,1439.5
qwen3_4b_2560d_int8,cn_def,ROOT-7387,4825.0,4566.0
qwen3_4b_2560d_int8,cn_def,ROOT-7389,-25.0,-416.0
qwen3_4b_2560d_int8,cn_def,ROOT-738B,264.5,471.5
qwen3_4b_2560d_int8,cn_def,ROOT-74DC,2559.0,1979.2
qwen3_4b_2560d_int8,cn_def,ROOT-7518,2349.0,1623.2857142857142
qwen3_4b_2560d_int8,cn_def,ROOT-751A,552.5,457.625
qwen3_4b_2560d_int8,cn_def,ROOT-751F,1772.3333333333333,1362.0
qwen3_4b_2560d_int8,cn_def,ROOT-7522,1767.3333333333333,2043.0
qwen3_4b_2560d_int8,cn_def,ROOT-7528,1240.1875,1757.0625
qwen3_4b_2560d_int8,cn_def,ROOT-752B,1769.0,1811.0625
qwen3_4b_2560d_int8,cn_def,ROOT-7530,1098.0,561.0
qwen3_4b_2560d_int8,cn_def,ROOT-7531,1899.4166666666667,1869.1666666666667
qwen3_4b_2560d_int8,cn_def,ROOT-7532,2174.222222222222,2244.8888888888887
qwen3_4b_2560d_int8,cn_def,ROOT-7533,870.75,891.0
qwen3_4b_2560d_int8,cn_def,ROOT-754F,1046.5,1333.0
qwen3_4b_2560d_int8,cn_def,ROOT-7550,4713.0,1793.0
qwen3_4b_2560d_int8,cn_def,ROOT-755C,-657.0,-902.0
qwen3_4b_2560d_int8,cn_def,ROOT-7562,1880.5,1743.5
qwen3_4b_2560d_int8,cn_def,ROOT-756B,3041.0,3016.0
qwen3_4b_2560d_int8,cn_def,ROOT-7570,1140.0,2613.0
qwen3_4b_2560d_int8,cn_def,ROOT-758B,1292.25,944.0
qwen3_4b_2560d_int8,cn_def,ROOT-7591,1333.0,974.5
qwen3_4b_2560d_int8,cn_def,ROOT-75BE,383.0,215.0
qwen3_4b_2560d_int8,cn_def,ROOT-7678,-1311.0,-1123.5
qwen3_4b_2560d_int8,cn_def,ROOT-7679,85.0,113.5
qwen3_4b_2560d_int8,cn_def,ROOT-767D,1571.3333333333333,1731.9333333333334
qwen3_4b_2560d_int8,cn_def,ROOT-7683,-281.0,-857.0
qwen3_4b_2560d_int8,cn_def,ROOT-7686,905.5,1375.6666666666667
qwen3_4b_2560d_int8,cn_def,ROOT-7687,2784.6666666666665,3675.3333333333335
qwen3_4b_2560d_int8,cn_def,ROOT-76AE,1398.6923076923076,970.4615384615385
qwen3_4b_2560d_int8,cn_def,ROOT-76BF,1830.0,1832.6666666666667
qwen3_4b_2560d_int8,cn_def,ROOT-76CA,1165.75,1855.0
qwen3_4b_2560d_int8,cn_def,ROOT-76CD,1474.0,1322.0
qwen3_4b_2560d_int8,cn_def,ROOT-76E1,1031.0,1008.0
qwen3_4b_2560d_int8,cn_def,ROOT-76E3,1847.5454545454545,2233.5454545454545
qwen3_4b_2560d_int8,cn_def,ROOT-76F4,1384.0,2076.6666666666665
qwen3_4b_2560d_int8,cn_def,ROOT-76F8,2379.3333333333335,2399.5
qwen3_4b_2560d_int8,cn_def,ROOT-76FE,2637.0,3075.5
qwen3_4b_2560d_int8,cn_def,ROOT-7707,571.0,758.5
qwen3_4b_2560d_int8,cn_def,ROOT-7709,53.0,50.0
qwen3_4b_2560d_int8,cn_def,ROOT-771F,-157.0,-317.0
qwen3_4b_2560d_int8,cn_def,ROOT-776A,858.5,1393.5
qwen3_4b_2560d_int8,cn_def,ROOT-777F,1749.5,1775.0
qwen3_4b_2560d_int8,cn_def,ROOT-77DB,565.8,967.2
qwen3_4b_2560d_int8,cn_def,ROOT-77E2,1883.1666666666667,2071.5
qwen3_4b_2560d_int8,cn_def,ROOT-77F3,1470.0,2178.5
qwen3_4b_2560d_int8,cn_def,ROOT-793A,-287.5,-350.5
qwen3_4b_2560d_int8,cn_def,ROOT-796D,901.25,1030.25
qwen3_4b_2560d_int8,cn_def,ROOT-79B9,4571.0,2497.5
qwen3_4b_2560d_int8,cn_def,ROOT-79BA,601.1111111111111,1077.6666666666667
qwen3_4b_2560d_int8,cn_def,ROOT-79BB,3680.0,4338.0
qwen3_4b_2560d_int8,cn_def,ROOT-79BE,812.0,826.9090909090909
qwen3_4b_2560d_int8,cn_def,ROOT-79C0,1576.3333333333333,2066.0
qwen3_4b_2560d_int8,cn_def,ROOT-79CB,1976.2,2269.2
qwen3_4b_2560d_int8,cn_def,ROOT-79E6,2938.0,2347.0
qwen3_4b_2560d_int8,cn_def,ROOT-7ACB,1368.3333333333333,1718.6666666666667
qwen3_4b_2560d_int8,cn_def,ROOT-7ADF,1537.5,2106.0
qwen3_4b_2560d_int8,cn_def,ROOT-7AE0,1757.5714285714287,1440.0
qwen3_4b_2560d_int8,cn_def,ROOT-7AE5,968.0,995.5714285714286
qwen3_4b_2560d_int8,cn_def,ROOT-7AF9,253.0,430.0
qwen3_4b_2560d_int8,cn_def,ROOT-7B6E,1545.0,2065.0
qwen3_4b_2560d_int8,cn_def,ROOT-7B97,-25.0,-30.0
qwen3_4b_2560d_int8,cn_def,ROOT-7C73,1668.5,1459.25
qwen3_4b_2560d_int8,cn_def,ROOT-7CFB,197.5,1319.0
qwen3_4b_2560d_int8,cn_def,ROOT-7D2F,3031.6666666666665,3752.3333333333335
qwen3_4b_2560d_int8,cn_def,ROOT-7DBF,169.0,112.0
qwen3_4b_2560d_int8,cn_def,ROOT-7E23,-62.0,28.0
qwen3_4b_2560d_int8,cn_def,ROOT-7F54,2169.6666666666665,2324.0
qwen3_4b_2560d_int8,cn_def,ROOT-7F72,4029.0,2709.5
qwen3_4b_2560d_int8,cn_def,ROOT-7F77,639.0,1013.0
qwen3_4b_2560d_int8,cn_def,ROOT-7F85,1101.6666666666667,900.3333333333334
qwen3_4b_2560d_int8,cn_def,ROOT-7F8A,713.4444444444445,813.7777777777778
qwen3_4b_2560d_int8,cn_def,ROOT-7F94,2.0,-71.0
qwen3_4b_2560d_int8,cn_def,ROOT-7FA9,1838.0,1749.0
qwen3_4b_2560d_int8,cn_def,ROOT-7FBD,-519.0,-573.0
qwen3_4b_2560d_int8,cn_def,ROOT-7FD2,1602.0,1857.0
qwen3_4b_2560d_int8,cn_def,ROOT-7FDF,1662.8333333333333,1624.0
qwen3_4b_2560d_int8,cn_def,ROOT-8012,1258.0,1313.0
qwen3_4b_2560d_int8,cn_def,ROOT-8033,1275.8,1411.0
qwen3_4b_2560d_int8,cn_def,ROOT-8036,1824.5,1324.5
qwen3_4b_2560d_int8,cn_def,ROOT-8076,1118.4,1418.4
qwen3_4b_2560d_int8,cn_def,ROOT-807D,3023.0,2227.0
qwen3_4b_2560d_int8,cn_def,ROOT-807F,1379.2857142857142,1817.2857142857142
qwen3_4b_2560d_int8,cn_def,ROOT-80C3,714.0,1107.5
qwen3_4b_2560d_int8,cn_def,ROOT-810A,594.5,1038.5
qwen3_4b_2560d_int8,cn_def,ROOT-81E4,706.5,379.5
qwen3_4b_2560d_int8,cn_def,ROOT-81EA,93.0,-305.0
qwen3_4b_2560d_int8,cn_def,ROOT-81ED,1820.5,639.0
qwen3_4b_2560d_int8,cn_def,ROOT-81F3,1231.2857142857142,1697.2857142857142
qwen3_4b_2560d_int8,cn_def,ROOT-81FE,1887.5,2427.0
qwen3_4b_2560d_int8,cn_def,ROOT-8200,1619.75,2091.0
qwen3_4b_2560d_int8,cn_def,ROOT-8201,654.3333333333334,1079.0
qwen3_4b_2560d_int8,cn_def,ROOT-8202,161.0,86.0
qwen3_4b_2560d_int8,cn_def,ROOT-8204,3404.0,4493.0
qwen3_4b_2560d_int8,cn_def,ROOT-821C,2174.0,3799.0
qwen3_4b_2560d_int8,cn_def,ROOT-822C,2386.3333333333335,2984.0
qwen3_4b_2560d_int8,cn_def,ROOT-826E,301.0,43.0
qwen3_4b_2560d_int8,cn_def,ROOT-826F,1824.0,2389.375
qwen3_4b_2560d_int8,cn_def,ROOT-82BB,1429.75,1842.5
qwen3_4b_2560d_int8,cn_def,ROOT-82D7,1825.0,2182.0
qwen3_4b_2560d_int8,cn_def,ROOT-82E5,440.5,607.5
qwen3_4b_2560d_int8,cn_def,ROOT-830D,407.25,569.5
qwen3_4b_2560d_int8,cn_def,ROOT-8332,549.0,1086.5
qwen3_4b_2560d_int8,cn_def,ROOT-83AB,1509.4,1739.7333333333333
qwen3_4b_2560d_int8,cn_def,ROOT-83EF,564.0,157.0
qwen3_4b_2560d_int8,cn_def,ROOT-8408,3571.0,1590.0
qwen3_4b_2560d_int8,cn_def,ROOT-842C,1623.0,1455.75
qwen3_4b_2560d_int8,cn_def,ROOT-8457,428.0,871.0
qwen3_4b_2560d_int8,cn_def,ROOT-8499,1767.0,2154.25
qwen3_4b_2560d_int8,cn_def,ROOT-8511,2148.0,2218.0
qwen3_4b_2560d_int8,cn_def,ROOT-864D,590.0,486.0
qwen3_4b_2560d_int8,cn_def,ROOT-864E,3237.0,2895.5
qwen3_4b_2560d_int8,cn_def,ROOT-8650,2001.5,1297.0
qwen3_4b_2560d_int8,cn_def,ROOT-865F,321.0,599.0
qwen3_4b_2560d_int8,cn_def,ROOT-86A4,1139.0,1813.0
qwen3_4b_2560d_int8,cn_def,ROOT-8700,1370.857142857143,1288.2857142857142
qwen3_4b_2560d_int8,cn_def,ROOT-8840,2371.0,1894.0
qwen3_4b_2560d_int8,cn_def,ROOT-884C,1451.0,656.0
qwen3_4b_2560d_int8,cn_def,ROOT-884D,749.0,1015.0
qwen3_4b_2560d_int8,cn_def,ROOT-8863,823.0,1187.5
qwen3_4b_2560d_int8,cn_def,ROOT-8870,1552.0,2869.0
qwen3_4b_2560d_int8,cn_def,ROOT-8881,2872.0,2500.0
qwen3_4b_2560d_int8,cn_def,ROOT-8944,1500.75,1824.625
qwen3_4b_2560d_int8,cn_def,ROOT-897E,-291.0,-201.0
qwen3_4b_2560d_int8,cn_def,ROOT-897F,1018.3333333333334,352.3333333333333
qwen3_4b_2560d_int8,cn_def,ROOT-8983,1470.0,1499.5
qwen3_4b_2560d_int8,cn_def,ROOT-898B,1792.2,2364.0
qwen3_4b_2560d_int8,cn_def,ROOT-898F,2127.0,2830.0
qwen3_4b_2560d_int8,cn_def,ROOT-89AA,2136.5,2692.0
qwen3_4b_2560d_int8,cn_def,ROOT-89BA,143.0,305.0
qwen3_4b_2560d_int8,cn_def,ROOT-89D2,1102.5,54.0
qwen3_4b_2560d_int8,cn_def,ROOT-89E3,2428.6666666666665,2390.6666666666665
qwen3_4b_2560d_int8,cn_def,ROOT-8A79,1120.2222222222222,1385.5555555555557
qwen3_4b_2560d_int8,cn_def,ROOT-8C37,1531.9166666666667,1899.5
qwen3_4b_2560d_int8,cn_def,ROOT-8C46,1252.9285714285713,1152.9285714285713
qwen3_4b_2560d_int8,cn_def,ROOT-8C48,973.1666666666666,1383.0
qwen3_4b_2560d_int8,cn_def,ROOT-8C50,1197.0,1850.0
qwen3_4b_2560d_int8,cn_def,ROOT-8C5A,936.0,536.0
qwen3_4b_2560d_int8,cn_def,ROOT-8C61,345.0,270.5
qwen3_4b_2560d_int8,cn_def,ROOT-8C6A,2275.0,3197.0
qwen3_4b_2560d_int8,cn_def,ROOT-8C9D,671.0,834.0
qwen3_4b_2560d_int8,cn_def,ROOT-8C9E,951.5,1460.0
qwen3_4b_2560d_int8,cn_def,ROOT-8CAC,1119.2,1119.0
qwen3_4b_2560d_int8,cn_def,ROOT-8CB4,1223.25,1534.75
qwen3_4b_2560d_int8,cn_def,ROOT-8CCF,3597.0,2824.4
qwen3_4b_2560d_int8,cn_def,ROOT-8CEA,417.0,308.0
qwen3_4b_2560d_int8,cn_def,ROOT-8D0A,1382.5,1811.5
qwen3_4b_2560d_int8,cn_def,ROOT-8D1B,2046.0,2230.0
qwen3_4b_2560d_int8,cn_def,ROOT-8D64,726.0,635.0
qwen3_4b_2560d_int8,cn_def,ROOT-8D66,3964.0,3604.0
qwen3_4b_2560d_int8,cn_def,ROOT-8D6B,1722.0,1644.0
qwen3_4b_2560d_int8,cn_def,ROOT-8DB3,716.5,548.0
qwen3_4b_2560d_int8,cn_def,ROOT-8ECD,1125.888888888889,2013.0
qwen3_4b_2560d_int8,cn_def,ROOT-8F9B,1557.3333333333333,1261.6666666666667
qwen3_4b_2560d_int8,cn_def,ROOT-8F9F,1275.5,1308.5
qwen3_4b_2560d_int8,cn_def,ROOT-8FB0,2295.875,2289.875
qwen3_4b_2560d_int8,cn_def,ROOT-8FB1,1711.75,2041.75
qwen3_4b_2560d_int8,cn_def,ROOT-8FB2,1614.0,1584.5
qwen3_4b_2560d_int8,cn_def,ROOT-9000,531.0,662.0
qwen3_4b_2560d_int8,cn_def,ROOT-9023,2662.8,2765.4
qwen3_4b_2560d_int8,cn_def,ROOT-9054,515.6666666666666,840.6666666666666
qwen3_4b_2560d_int8,cn_def,ROOT-9077,3087.0,4180.0
qwen3_4b_2560d_int8,cn_def,ROOT-9091,1312.3333333333333,1633.6666666666667
qwen3_4b_2560d_int8,cn_def,ROOT-9095,14.0,-1.0
qwen3_4b_2560d_int8,cn_def,ROOT-90A3,107.0,30.0
qwen3_4b_2560d_int8,cn_def,ROOT-90CE,2660.5,1749.5
qwen3_4b_2560d_int8,cn_def,ROOT-90ED,220.5,944.5
qwen3_4b_2560d_int8,cn_def,ROOT-9109,2003.5,2062.0
qwen3_4b_2560d_int8,cn_def,ROOT-912D,3799.5,3954.5
qwen3_4b_2560d_int8,cn_def,ROOT-9149,137.5,304.0
qwen3_4b_2560d_int8,cn_def,ROOT-914B,-211.33333333333334,-197.33333333333334
qwen3_4b_2560d_int8,cn_def,ROOT-91C6,1114.7142857142858,1202.5
qwen3_4b_2560d_int8,cn_def,ROOT-91C7,1675.75,1912.25
qwen3_4b_2560d_int8,cn_def,ROOT-91CC,2195.75,2152.5
qwen3_4b_2560d_int8,cn_def,ROOT-91CF,1652.0,1171.0
qwen3_4b_2560d_int8,cn_def,ROOT-9577,1890.1666666666667,2011.1666666666667
qwen3_4b_2560d_int8,cn_def,ROOT-9580,1325.1666666666667,1723.5
qwen3_4b_2560d_int8,cn_def,ROOT-958F,1796.0,3037.0
qwen3_4b_2560d_int8,cn_def,ROOT-9591,487.0,709.0
qwen3_4b_2560d_int8,cn_def,ROOT-9592,1902.0,1192.0
qwen3_4b_2560d_int8,cn_def,ROOT-95B5,1262.0,4841.0
qwen3_4b_2560d_int8,cn_def,ROOT-961C,1382.0,1189.0
qwen3_4b_2560d_int8,cn_def,ROOT-9673,111.0,29.0
qwen3_4b_2560d_int8,cn_def,ROOT-9686,439.0,377.0
qwen3_4b_2560d_int8,cn_def,ROOT-968B,1824.5,2033.5
qwen3_4b_2560d_int8,cn_def,ROOT-96A8,4011.0,5493.0
qwen3_4b_2560d_int8,cn_def,ROOT-96B9,900.25,1198.05
qwen3_4b_2560d_int8,cn_def,ROOT-96BB,1050.0,760.0
qwen3_4b_2560d_int8,cn_def,ROOT-96BC,-963.0,-1016.0
qwen3_4b_2560d_int8,cn_def,ROOT-96CB,1258.0,1099.0
qwen3_4b_2560d_int8,cn_def,ROOT-96CD,2958.0,4413.0
qwen3_4b_2560d_int8,cn_def,ROOT-96E3,1305.0,1962.0
qwen3_4b_2560d_int8,cn_def,ROOT-96F7,1056.5,1467.5
qwen3_4b_2560d_int8,cn_def,ROOT-9700,2211.3333333333335,2207.3333333333335
qwen3_4b_2560d_int8,cn_def,ROOT-9752,1553.6666666666667,1091.0833333333333
qwen3_4b_2560d_int8,cn_def,ROOT-975E,1669.3125,1976.375
qwen3_4b_2560d_int8,cn_def,ROOT-9762,460.0,654.5
qwen3_4b_2560d_int8,cn_def,ROOT-9808,3383.0,3042.0
qwen3_4b_2560d_int8,cn_def,ROOT-983B,4576.0,5701.0
qwen3_4b_2560d_int8,cn_def,ROOT-985B,2702.0,3471.0
qwen3_4b_2560d_int8,cn_def,ROOT-9865,2015.0,2443.0
qwen3_4b_2560d_int8,cn_def,ROOT-99AC,1527.6666666666667,861.3333333333334
qwen3_4b_2560d_int8,cn_def,ROOT-9AD8,1019.4375,990.0625
qwen3_4b_2560d_int8,cn_def,ROOT-9B32,2066.3333333333335,1034.0
qwen3_4b_2560d_int8,cn_def,ROOT-9B3C,1704.375,1344.625
qwen3_4b_2560d_int8,cn_def,ROOT-9B5A,1694.6666666666667,1264.6666666666667
qwen3_4b_2560d_int8,cn_def,ROOT-9BAE,4620.0,2157.5
qwen3_4b_2560d_int8,cn_def,ROOT-9E75,553.0,0.0
qwen3_4b_2560d_int8,cn_def,ROOT-9E7F,1529.0,1559.25
qwen3_4b_2560d_int8,cn_def,ROOT-9E97,1284.2,1178.2
qwen3_4b_2560d_int8,cn_def,ROOT-9ED1,-548.0,-1038.0
qwen3_4b_2560d_int8,cn_def,ROOT-9EFD,3322.5,4071.5
qwen3_4b_2560d_int8,cn_def,ROOT-9F13,5589.0,5129.0
qwen3_4b_2560d_int8,cn_def,ROOT-9F4A,2216.285714285714,2437.4285714285716
qwen3_4b_2560d_int8,cn_def,ROOT-9F8D,1517.909090909091,1242.4545454545455
qwen3_4b_2560d_int8,cn_def,ROOT-9FA0,64.0,321.0
qwen3_4b_2560d_int8,en_def_translated_cn_def,ROOT-20000,1300.84,2012.76
qwen3_4b_2560d_int8,en_def_translated_cn_def,ROOT-200A2,-3.0,516.0
qwen3_4b_2560d_int8,en_def_translated_cn_def,ROOT-200A4,1858.3333333333333,2578.6666666666665
qwen3_4b_2560d_int8,en_def_translated_cn_def,ROOT-2053E,1193.0,1770.5
qwen3_4b_2560d_int8,en_def_translated_cn_def,ROOT-20CCB,378.0,495.5
qwen3_4b_2560d_int8,en_def_translated_cn_def,ROOT-2123C,1629.9166666666667,1868.5833333333333
qwen3_4b_2560d_int8,en_def_translated_cn_def,ROOT-219CD,1209.875,1435.375
qwen3_4b_2560d_int8,en_def_translated_cn_def,ROOT-21C55,1798.0,1823.0
qwen3_4b_2560d_int8,en_def_translated_cn_def,ROOT-22398,-18.0,383.0
qwen3_4b_2560d_int8,en_def_translated_cn_def,ROOT-2274A,-94.0,-394.0
qwen3_4b_2560d_int8,en_def_translated_cn_def,ROOT-2304B,1604.0,4757.0
qwen3_4b_2560d_int8,en_def_translated_cn_def,ROOT-23386,1899.0,3986.0
qwen3_4b_2560d_int8,en_def_translated_cn_def,ROOT-233DF,1234.8333333333333,1119.8333333333333
qwen3_4b_2560d_int8,en_def_translated_cn_def,ROOT-2394F,1087.0,1380.142857142857
qwen3_4b_2560d_int8,en_def_translated_cn_def,ROOT-239BC,279.0,429.0
qwen3_4b_2560d_int8,en_def_translated_cn_def,ROOT-25762,1226.0,5440.0
qwen3_4b_2560d_int8,en_def_translated_cn_def,ROOT-26B07,3723.0,2145.0
qwen3_4b_2560d_int8,en_def_translated_cn_def,ROOT-271A3,1166.9166666666667,1615.5833333333333
qwen3_4b_2560d_int8,en_def_translated_cn_def,ROOT-27BAB,3310.0,3137.0
qwen3_4b_2560d_int8,en_def_translated_cn_def,ROOT-342D,1558.3333333333333,3027.3333333333335
qwen3_4b_2560d_int8,en_def_translated_cn_def,ROOT-3431,2249.0,1979.0
qwen3_4b_2560d_int8,en_def_translated_cn_def,ROOT-34B8,804.75,1586.0
qwen3_4b_2560d_int8,en_def_translated_cn_def,ROOT-34BC,1495.0,540.0
qwen3_4b_2560d_int8,en_def_translated_cn_def,ROOT-34DE,1099.0,1692.0
qwen3_4b_2560d_int8,en_def_translated_cn_def,ROOT-3563,518.7777777777778,754.2222222222222
qwen3_4b_2560d_int8,en_def_translated_cn_def,ROOT-37A2,832.6666666666666,1083.25
qwen3_4b_2560d_int8,en_def_translated_cn_def,ROOT-382F,1776.0625,1900.1875
qwen3_4b_2560d_int8,en_def_translated_cn_def,ROOT-3840,-201.6,-222.6
qwen3_4b_2560d_int8,en_def_translated_cn_def,ROOT-3E12,2393.0,1670.0
qwen3_4b_2560d_int8,en_def_translated_cn_def,ROOT-4020,828.0,717.6666666666666
qwen3_4b_2560d_int8,en_def_translated_cn_def,ROOT-41C2,597.2,434.8
qwen3_4b_2560d_int8,en_def_translated_cn_def,ROOT-470C,17.0,52.0
qwen3_4b_2560d_int8,en_def_translated_cn_def,ROOT-4E00,919.5,745.5
qwen3_4b_2560d_int8,en_def_translated_cn_def,ROOT-4E01,1778.4615384615386,1590.923076923077
qwen3_4b_2560d_int8,en_def_translated_cn_def,ROOT-4E02,106.0,8.0
qwen3_4b_2560d_int8,en_def_translated_cn_def,ROOT-4E03,1267.5,1813.5
qwen3_4b_2560d_int8,en_def_translated_cn_def,ROOT-4E08,186.5,251.0
qwen3_4b_2560d_int8,en_def_translated_cn_def,ROOT-4E0D,904.75,1276.25
qwen3_4b_2560d_int8,en_def_translated_cn_def,ROOT-4E0F,382.0,203.0
qwen3_4b_2560d_int8,en_def_translated_cn_def,ROOT-4E11,1096.0,1801.3333333333333
qwen3_4b_2560d_int8,en_def_translated_cn_def,ROOT-4E14,1389.9444444444443,2181.8888888888887
qwen3_4b_2560d_int8,en_def_translated_cn_def,ROOT-4E16,1968.0,4401.0
qwen3_4b_2560d_int8,en_def_translated_cn_def,ROOT-4E18,2128.0,1809.5
qwen3_4b_2560d_int8,en_def_translated_cn_def,ROOT-4E19,1101.3333333333333,1891.0
qwen3_4b_2560d_int8,en_def_translated_cn_def,ROOT-4E1E,57.0,130.0
qwen3_4b_2560d_int8,en_def_translated_cn_def,ROOT-4E26,1232.0,1620.0
qwen3_4b_2560d_int8,en_def_translated_cn_def,ROOT-4E2D,1456.5,1847.5
qwen3_4b_2560d_int8,en_def_translated_cn_def,ROOT-4E30,2910.25,3365.75
qwen3_4b_2560d_int8,en_def_translated_cn_def,ROOT-4E32,1946.0,2773.0
qwen3_4b_2560d_int8,en_def_translated_cn_def,ROOT-4E36,1664.1666666666667,1837.1666666666667
qwen3_4b_2560d_int8,en_def_translated_cn_def,ROOT-4E38,1495.0,1643.0
qwen3_4b_2560d_int8,en_def_translated_cn_def,ROOT-4E3F,733.0,882.5384615384615
qwen3_4b_2560d_int8,en_def_translated_cn_def,ROOT-4E42,2187.5,2485.0
qwen3_4b_2560d_int8,en_def_translated_cn_def,ROOT-4E43,659.6666666666666,583.0
qwen3_4b_2560d_int8,en_def_translated_cn_def,ROOT-4E45,1509.3333333333333,2086.0
qwen3_4b_2560d_int8,en_def_translated_cn_def,ROOT-4E47,774.0,1450.0
qwen3_4b_2560d_int8,en_def_translated_cn_def,ROOT-4E4B,2436.0,3059.0
qwen3_4b_2560d_int8,en_def_translated_cn_def,ROOT-4E4D,709.0909090909091,1029.3636363636363
qwen3_4b_2560d_int8,en_def_translated_cn_def,ROOT-4E4E,2867.0,2718.0
qwen3_4b_2560d_int8,en_def_translated_cn_def,ROOT-4E4F,1427.0,2041.0
qwen3_4b_2560d_int8,en_def_translated_cn_def,ROOT-4E58,-73.0,218.0
qwen3_4b_2560d_int8,en_def_translated_cn_def,ROOT-4E59,268.0,665.0
qwen3_4b_2560d_int8,en_def_translated_cn_def,ROOT-4E5D,1145.7142857142858,1473.7142857142858
qwen3_4b_2560d_int8,en_def_translated_cn_def,ROOT-4E5E,88.0,112.0
qwen3_4b_2560d_int8,en_def_translated_cn_def,ROOT-4E5F,920.8333333333334,1265.3333333333333
qwen3_4b_2560d_int8,en_def_translated_cn_def,ROOT-4E88,308.8333333333333,400.3333333333333
qwen3_4b_2560d_int8,en_def_translated_cn_def,ROOT-4E8C,780.375,1266.875
qwen3_4b_2560d_int8,en_def_translated_cn_def,ROOT-4E8E,1307.75,1503.875
qwen3_4b_2560d_int8,en_def_translated_cn_def,ROOT-4E8F,1948.3333333333333,2921.3333333333335
qwen3_4b_2560d_int8,en_def_translated_cn_def,ROOT-4E91,1192.0,1759.6666666666667
qwen3_4b_2560d_int8,en_def_translated_cn_def,ROOT-4E94,861.6666666666666,1284.1666666666667
qwen3_4b_2560d_int8,en_def_translated_cn_def,ROOT-4E95,240.0,188.0
qwen3_4b_2560d_int8,en_def_translated_cn_def,ROOT-4E9E,1070.25,870.0
qwen3_4b_2560d_int8,en_def_translated_cn_def,ROOT-4E9F,168.5,895.5
qwen3_4b_2560d_int8,en_def_translated_cn_def,ROOT-4EA1,2324.3333333333335,1663.6666666666667
qwen3_4b_2560d_int8,en_def_translated_cn_def,ROOT-4EA2,756.1,1088.4
qwen3_4b_2560d_int8,en_def_translated_cn_def,ROOT-4EA4,1619.3333333333333,2033.4
qwen3_4b_2560d_int8,en_def_translated_cn_def,ROOT-4EA5,1076.5,1648.4166666666667
qwen3_4b_2560d_int8,en_def_translated_cn_def,ROOT-4EAC,1291.875,1367.75
qwen3_4b_2560d_int8,en_def_translated_cn_def,ROOT-4EAE,70.0,10.0
qwen3_4b_2560d_int8,en_def_translated_cn_def,ROOT-4EBA,523.3333333333334,614.0
qwen3_4b_2560d_int8,en_def_translated_cn_def,ROOT-4EC1,351.0,285.0
qwen3_4b_2560d_int8,en_def_translated_cn_def,ROOT-4EC4,1100.0,1100.0
qwen3_4b_2560d_int8,en_def_translated_cn_def,ROOT-4ECA,1391.388888888889,1993.888888888889
qwen3_4b_2560d_int8,en_def_translated_cn_def,ROOT-4ECB,2428.3333333333335,2572.6666666666665
qwen3_4b_2560d_int8,en_def_translated_cn_def,ROOT-4EE4,1924.2,1889.4
qwen3_4b_2560d_int8,en_def_translated_cn_def,ROOT-4EE5,794.5,1101.0
qwen3_4b_2560d_int8,en_def_translated_cn_def,ROOT-4F0F,1650.5,1260.5
qwen3_4b_2560d_int8,en_def_translated_cn_def,ROOT-4F10,1623.5,2329.5
qwen3_4b_2560d_int8,en_def_translated_cn_def,ROOT-4F59,851.9,1697.4
qwen3_4b_2560d_int8,en_def_translated_cn_def,ROOT-4F86,866.6666666666666,1600.6666666666667
qwen3_4b_2560d_int8,en_def_translated_cn_def,ROOT-4F8C,339.0,182.0
qwen3_4b_2560d_int8,en_def_translated_cn_def,ROOT-4F96,1352.2857142857142,1967.7142857142858
qwen3_4b_2560d_int8,en_def_translated_cn_def,ROOT-4FAF,-408.0,-451.0
qwen3_4b_2560d_int8,en_def_translated_cn_def,ROOT-4FDD,1910.0,1825.0
qwen3_4b_2560d_int8,en_def_translated_cn_def,ROOT-5009,1350.4,1448.8
qwen3_4b_2560d_int8,en_def_translated_cn_def,ROOT-501D,2859.0,3680.0
qwen3_4b_2560d_int8,en_def_translated_cn_def,ROOT-50C9,888.0,1191.7272727272727
qwen3_4b_2560d_int8,en_def_translated_cn_def,ROOT-5140,575.0,928.0
qwen3_4b_2560d_int8,en_def_translated_cn_def,ROOT-5143,1275.9,1301.9
qwen3_4b_2560d_int8,en_def_translated_cn_def,ROOT-5144,227.0,0.0
qwen3_4b_2560d_int8,en_def_translated_cn_def,ROOT-5145,719.5,974.5
qwen3_4b_2560d_int8,en_def_translated_cn_def,ROOT-5146,1142.7,1460.6
qwen3_4b_2560d_int8,en_def_translated_cn_def,ROOT-5148,1758.5,3021.5
qwen3_4b_2560d_int8,en_def_translated_cn_def,ROOT-5149,930.5,289.0
qwen3_4b_2560d_int8,en_def_translated_cn_def,ROOT-514B,10.0,20.0
qwen3_4b_2560d_int8,en_def_translated_cn_def,ROOT-514D,255.83333333333334,627.6666666666666
qwen3_4b_2560d_int8,en_def_translated_cn_def,ROOT-5152,1837.0,1477.3333333333333
qwen3_4b_2560d_int8,en_def_translated_cn_def,ROOT-5154,132.0,307.0
qwen3_4b_2560d_int8,en_def_translated_cn_def,ROOT-5165,676.2,1686.6
qwen3_4b_2560d_int8,en_def_translated_cn_def,ROOT-5168,1663.142857142857,2026.5714285714287
qwen3_4b_2560d_int8,en_def_translated_cn_def,ROOT-5169,2016.6666666666667,1475.3333333333333
qwen3_4b_2560d_int8,en_def_translated_cn_def,ROOT-516A,727.0,2157.0
qwen3_4b_2560d_int8,en_def_translated_cn_def,ROOT-516B,1287.5,2190.5
qwen3_4b_2560d_int8,en_def_translated_cn_def,ROOT-516C,1736.5,1081.875
qwen3_4b_2560d_int8,en_def_translated_cn_def,ROOT-5171,438.1666666666667,658.6666666666666
qwen3_4b_2560d_int8,en_def_translated_cn_def,ROOT-5176,1009.6923076923077,1554.0
qwen3_4b_2560d_int8,en_def_translated_cn_def,ROOT-5177,4360.0,5164.0
qwen3_4b_2560d_int8,en_def_translated_cn_def,ROOT-5178,-332.0,-543.0
qwen3_4b_2560d_int8,en_def_translated_cn_def,ROOT-517C,1221.5,1816.4
qwen3_4b_2560d_int8,en_def_translated_cn_def,ROOT-5180,2597.0,3776.0
qwen3_4b_2560d_int8,en_def_translated_cn_def,ROOT-5183,1332.0,1326.0
qwen3_4b_2560d_int8,en_def_translated_cn_def,ROOT-5189,848.5,1144.5
qwen3_4b_2560d_int8,en_def_translated_cn_def,ROOT-518A,1816.0,2696.5
qwen3_4b_2560d_int8,en_def_translated_cn_def,ROOT-518E,1319.6666666666667,1110.3333333333333
qwen3_4b_2560d_int8,en_def_translated_cn_def,ROOT-51A2,2.0,0.0
qwen3_4b_2560d_int8,en_def_translated_cn_def,ROOT-51A5,1338.25,1323.0
qwen3_4b_2560d_int8,en_def_translated_cn_def,ROOT-51AB,-347.0,18.0
qwen3_4b_2560d_int8,en_def_translated_cn_def,ROOT-51E0,2221.0,963.4
qwen3_4b_2560d_int8,en_def_translated_cn_def,ROOT-51E1,1781.111111111111,2280.222222222222
qwen3_4b_2560d_int8,en_def_translated_cn_def,ROOT-51F6,2682.5,2673.5
qwen3_4b_2560d_int8,en_def_translated_cn_def,ROOT-51FA,-136.25,-436.5
qwen3_4b_2560d_int8,en_def_translated_cn_def,ROOT-51FD,0.0,0.0
qwen3_4b_2560d_int8,en_def_translated_cn_def,ROOT-5200,942.0666666666667,1221.4666666666667
qwen3_4b_2560d_int8,en_def_translated_cn_def,ROOT-5203,538.4,589.8
qwen3_4b_2560d_int8,en_def_translated_cn_def,ROOT-5206,983.8125,1466.25
qwen3_4b_2560d_int8,en_def_translated_cn_def,ROOT-5211,2688.0,2169.5
qwen3_4b_2560d_int8,en_def_translated_cn_def,ROOT-5217,12.0,133.0
qwen3_4b_2560d_int8,en_def_translated_cn_def,ROOT-5225,-16.0,-322.0
qwen3_4b_2560d_int8,en_def_translated_cn_def,ROOT-5229,1573.0,2386.5
qwen3_4b_2560d_int8,en_def_translated_cn_def,ROOT-5236,1203.5,1950.5
qwen3_4b_2560d_int8,en_def_translated_cn_def,ROOT-5247,727.8,1123.8
qwen3_4b_2560d_int8,en_def_translated_cn_def,ROOT-529B,1370.8666666666666,2266.6666666666665
qwen3_4b_2560d_int8,en_def_translated_cn_def,ROOT-52DE,1164.25,2178.5
qwen3_4b_2560d_int8,en_def_translated_cn_def,ROOT-52F9,668.9,1147.9
qwen3_4b_2560d_int8,en_def_translated_cn_def,ROOT-52FA,1222.8,1263.9
qwen3_4b_2560d_int8,en_def_translated_cn_def,ROOT-52FB,376.6666666666667,1110.3333333333333
qwen3_4b_2560d_int8,en_def_translated_cn_def,ROOT-52FF,1354.6666666666667,1296.1666666666667
qwen3_4b_2560d_int8,en_def_translated_cn_def,ROOT-5303,1377.4,1621.3333333333333
qwen3_4b_2560d_int8,en_def_translated_cn_def,ROOT-5305,2331.230769230769,2036.3846153846155
qwen3_4b_2560d_int8,en_def_translated_cn_def,ROOT-5315,1090.5652173913043,1401.2173913043478
qwen3_4b_2560d_int8,en_def_translated_cn_def,ROOT-5317,775.0,1803.0
qwen3_4b_2560d_int8,en_def_translated_cn_def,ROOT-5321,2721.5,4061.0
qwen3_4b_2560d_int8,en_def_translated_cn_def,ROOT-5340,1336.0,1898.5
qwen3_4b_2560d_int8,en_def_translated_cn_def,ROOT-5341,1621.0,1779.0
qwen3_4b_2560d_int8,en_def_translated_cn_def,ROOT-5347,26.0,85.0
qwen3_4b_2560d_int8,en_def_translated_cn_def,ROOT-5348,1468.5,2360.75
qwen3_4b_2560d_int8,en_def_translated_cn_def,ROOT-5349,1030.0,1209.5
qwen3_4b_2560d_int8,en_def_translated_cn_def,ROOT-534A,384.85714285714283,438.14285714285717
qwen3_4b_2560d_int8,en_def_translated_cn_def,ROOT-5351,1334.6363636363637,2002.3636363636363
qwen3_4b_2560d_int8,en_def_translated_cn_def,ROOT-5352,914.0,911.8333333333334
qwen3_4b_2560d_int8,en_def_translated_cn_def,ROOT-5353,748.4,1281.4
qwen3_4b_2560d_int8,en_def_translated_cn_def,ROOT-5357,2802.6666666666665,1923.3333333333333
qwen3_4b_2560d_int8,en_def_translated_cn_def,ROOT-535C,788.0,1162.0
qwen3_4b_2560d_int8,en_def_translated_cn_def,ROOT-5360,1149.6153846153845,1674.7692307692307
qwen3_4b_2560d_int8,en_def_translated_cn_def,ROOT-5371,1594.0,1884.6666666666667
qwen3_4b_2560d_int8,en_def_translated_cn_def,ROOT-5373,415.0,1101.0
qwen3_4b_2560d_int8,en_def_translated_cn_def,ROOT-5377,388.3333333333333,592.1666666666666
qwen3_4b_2560d_int8,en_def_translated_cn_def,ROOT-5378,310.0,472.6666666666667
qwen3_4b_2560d_int8,en_def_translated_cn_def,ROOT-5384,1161.3333333333333,2768.6666666666665
qwen3_4b_2560d_int8,en_def_translated_cn_def,ROOT-539F,938.5,639.25
qwen3_4b_2560d_int8,en_def_translated_cn_def,ROOT-53B6,757.3636363636364,880.5454545454545
qwen3_4b_2560d_int8,en_def_translated_cn_def,ROOT-53BB,1747.0,2196.3333333333335
qwen3_4b_2560d_int8,en_def_translated_cn_def,ROOT-53C3,1595.6666666666667,1496.5
qwen3_4b_2560d_int8,en_def_translated_cn_def,ROOT-53C8,1697.0,2036.8666666666666
qwen3_4b_2560d_int8,en_def_translated_cn_def,ROOT-53C9,1109.0,2086.0
qwen3_4b_2560d_int8,en_def_translated_cn_def,ROOT-53CA,1102.857142857143,1948.857142857143
qwen3_4b_2560d_int8,en_def_translated_cn_def,ROOT-53CD,1406.6,2352.8
qwen3_4b_2560d_int8,en_def_translated_cn_def,ROOT-53D6,192.33333333333334,331.3333333333333
qwen3_4b_2560d_int8,en_def_translated_cn_def,ROOT-53D7,846.0,762.5
qwen3_4b_2560d_int8,en_def_translated_cn_def,ROOT-53E3,1397.3333333333333,1467.6666666666667
qwen3_4b_2560d_int8,en_def_translated_cn_def,ROOT-53E4,1224.0384615384614,1306.5
qwen3_4b_2560d_int8,en_def_translated_cn_def,ROOT-53EA,83.0,3417.0
qwen3_4b_2560d_int8,en_def_translated_cn_def,ROOT-53F2,3374.0,2000.0
qwen3_4b_2560d_int8,en_def_translated_cn_def,ROOT-53F8,723.25,707.0
qwen3_4b_2560d_int8,en_def_translated_cn_def,ROOT-5404,1375.7037037037037,1749.5185185185185
qwen3_4b_2560d_int8,en_def_translated_cn_def,ROOT-5408,890.8461538461538,650.1538461538462
qwen3_4b_2560d_int8,en_def_translated_cn_def,ROOT-5409,822.8888888888889,743.2222222222222
qwen3_4b_2560d_int8,en_def_translated_cn_def,ROOT-540C,1859.6666666666667,2235.8333333333335
qwen3_4b_2560d_int8,en_def_translated_cn_def,ROOT-540D,2526.6666666666665,1250.3333333333333
qwen3_4b_2560d_int8,en_def_translated_cn_def,ROOT-540E,946.6666666666666,1119.0
qwen3_4b_2560d_int8,en_def_translated_cn_def,ROOT-5411,644.0,1623.0
qwen3_4b_2560d_int8,en_def_translated_cn_def,ROOT-5433,2377.0,1095.6666666666667
qwen3_4b_2560d_int8,en_def_translated_cn_def,ROOT-5442,905.5,1366.0
qwen3_4b_2560d_int8,en_def_translated_cn_def,ROOT-544A,744.5,1418.375
qwen3_4b_2560d_int8,en_def_translated_cn_def,ROOT-5468,1624.3846153846155,1846.6923076923076
qwen3_4b_2560d_int8,en_def_translated_cn_def,ROOT-548E,1307.5,1835.0
qwen3_4b_2560d_int8,en_def_translated_cn_def,ROOT-54B8,307.7142857142857,135.71428571428572
qwen3_4b_2560d_int8,en_def_translated_cn_def,ROOT-54E1,1121.0,1495.2
qwen3_4b_2560d_int8,en_def_translated_cn_def,ROOT-54E5,-27.0,-893.0
qwen3_4b_2560d_int8,en_def_translated_cn_def,ROOT-5584,542.3333333333334,737.6666666666666
qwen3_4b_2560d_int8,en_def_translated_cn_def,ROOT-55AE,1673.9,1617.1
qwen3_4b_2560d_int8,en_def_translated_cn_def,ROOT-55C7,1714.6666666666667,2897.0
qwen3_4b_2560d_int8,en_def_translated_cn_def,ROOT-56B4,401.0,389.5
qwen3_4b_2560d_int8,en_def_translated_cn_def,ROOT-56D7,807.7777777777778,1257.5555555555557
qwen3_4b_2560d_int8,en_def_translated_cn_def,ROOT-56DA,2333.0,2987.0
qwen3_4b_2560d_int8,en_def_translated_cn_def,ROOT-56DB,1797.5,2214.5
qwen3_4b_2560d_int8,en_def_translated_cn_def,ROOT-56DE,2246.75,2073.25
qwen3_4b_2560d_int8,en_def_translated_cn_def,ROOT-56E0,748.25,1025.75
qwen3_4b_2560d_int8,en_def_translated_cn_def,ROOT-56F0,1146.0,2216.0
qwen3_4b_2560d_int8,en_def_translated_cn_def,ROOT-56F7,1421.0,2529.0
qwen3_4b_2560d_int8,en_def_translated_cn_def,ROOT-56FA,999.6,946.2
qwen3_4b_2560d_int8,en_def_translated_cn_def,ROOT-571F,1251.75,1914.5
qwen3_4b_2560d_int8,en_def_translated_cn_def,ROOT-572D,1986.9285714285713,1844.7857142857142
qwen3_4b_2560d_int8,en_def_translated_cn_def,ROOT-5750,2074.3333333333335,1966.0
qwen3_4b_2560d_int8,en_def_translated_cn_def,ROOT-57F6,886.0,667.0
qwen3_4b_2560d_int8,en_def_translated_cn_def,ROOT-57F7,1767.0,1380.0
qwen3_4b_2560d_int8,en_def_translated_cn_def,ROOT-5807,570.3333333333334,506.0
qwen3_4b_2560d_int8,en_def_translated_cn_def,ROOT-582F,761.1428571428571,1132.7857142857142
qwen3_4b_2560d_int8,en_def_translated_cn_def,ROOT-58EB,1212.75,1366.25
qwen3_4b_2560d_int8,en_def_translated_cn_def,ROOT-58EC,947.875,1098.0
qwen3_4b_2560d_int8,en_def_translated_cn_def,ROOT-58F4,14.666666666666666,-20.0
qwen3_4b_2560d_int8,en_def_translated_cn_def,ROOT-58F9,1505.5,3017.0
qwen3_4b_2560d_int8,en_def_translated_cn_def,ROOT-58FD,2012.0,2659.3333333333335
qwen3_4b_2560d_int8,en_def_translated_cn_def,ROOT-5903,505.0,1511.0
qwen3_4b_2560d_int8,en_def_translated_cn_def,ROOT-590F,2250.0,1592.0
qwen3_4b_2560d_int8,en_def_translated_cn_def,ROOT-5915,47.0,21.0
qwen3_4b_2560d_int8,en_def_translated_cn_def,ROOT-5917,1180.7142857142858,1710.5714285714287
qwen3_4b_2560d_int8,en_def_translated_cn_def,ROOT-591A,375.75,1011.0
qwen3_4b_2560d_int8,en_def_translated_cn_def,ROOT-591C,1348.0,2192.3333333333335
qwen3_4b_2560d_int8,en_def_translated_cn_def,ROOT-5927,652.0,1431.0
qwen3_4b_2560d_int8,en_def_translated_cn_def,ROOT-5929,914.3333333333334,943.3333333333334
qwen3_4b_2560d_int8,en_def_translated_cn_def,ROOT-592A,127.0,-346.0
qwen3_4b_2560d_int8,en_def_translated_cn_def,ROOT-592B,2983.6666666666665,2429.3333333333335
qwen3_4b_2560d_int8,en_def_translated_cn_def,ROOT-592D,-35.0,-25.75
qwen3_4b_2560d_int8,en_def_translated_cn_def,ROOT-592E,2254.5,2664.9
qwen3_4b_2560d_int8,en_def_translated_cn_def,ROOT-5932,601.5,936.0
qwen3_4b_2560d_int8,en_def_translated_cn_def,ROOT-5937,2077.0,1951.6666666666667
qwen3_4b_2560d_int8,en_def_translated_cn_def,ROOT-593E,1085.6666666666667,1349.5555555555557
qwen3_4b_2560d_int8,en_def_translated_cn_def,ROOT-5944,883.4,533.8
qwen3_4b_2560d_int8,en_def_translated_cn_def,ROOT-5948,1465.0,2171.0
qwen3_4b_2560d_int8,en_def_translated_cn_def,ROOT-5949,88.66666666666667,116.0
qwen3_4b_2560d_int8,en_def_translated_cn_def,ROOT-594F,545.5,477.5
qwen3_4b_2560d_int8,en_def_translated_cn_def,ROOT-5950,769.0,1245.75
qwen3_4b_2560d_int8,en_def_translated_cn_def,ROOT-595A,1693.0,2010.0
qwen3_4b_2560d_int8,en_def_translated_cn_def,ROOT-5967,1134.75,1398.5
qwen3_4b_2560d_int8,en_def_translated_cn_def,ROOT-5973,1189.9285714285713,1292.4285714285713
qwen3_4b_2560d_int8,en_def_translated_cn_def,ROOT-59A5,1136.5,2385.0
qwen3_4b_2560d_int8,en_def_translated_cn_def,ROOT-59BB,1673.0,2292.0
qwen3_4b_2560d_int8,en_def_translated_cn_def,ROOT-59BE,620.5,656.5
qwen3_4b_2560d_int8,en_def_translated_cn_def,ROOT-5A41,1408.1,1620.5
qwen3_4b_2560d_int8,en_def_translated_cn_def,ROOT-5B50,-71.66666666666667,-82.66666666666667
qwen3_4b_2560d_int8,en_def_translated_cn_def,ROOT-5B54,2409.0,2008.0
qwen3_4b_2560d_int8,en_def_translated_cn_def,ROOT-5B58,1246.0,1714.0
qwen3_4b_2560d_int8,en_def_translated_cn_def,ROOT-5B5A,983.75,1669.75
qwen3_4b_2560d_int8,en_def_translated_cn_def,ROOT-5B5D,878.5,1488.0
qwen3_4b_2560d_int8,en_def_translated_cn_def,ROOT-5B63,976.0,333.0
qwen3_4b_2560d_int8,en_def_translated_cn_def,ROOT-5B68,1464.0,2178.0
qwen3_4b_2560d_int8,en_def_translated_cn_def,ROOT-5B6B,1657.0,1990.5
qwen3_4b_2560d_int8,en_def_translated_cn_def,ROOT-5B83,1348.75,690.5
qwen3_4b_2560d_int8,en_def_translated_cn_def,ROOT-5B88,33.0,67.0
qwen3_4b_2560d_int8,en_def_translated_cn_def,ROOT-5B89,1291.75,1362.25
qwen3_4b_2560d_int8,en_def_translated_cn_def,ROOT-5B97,1338.8333333333333,2329.1666666666665
qwen3_4b_2560d_int8,en_def_translated_cn_def,ROOT-5B98,1544.142857142857,1623.857142857143
qwen3_4b_2560d_int8,en_def_translated_cn_def,ROOT-5B9A,1995.6666666666667,2413.3333333333335
qwen3_4b_2560d_int8,en_def_translated_cn_def,ROOT-5B9C,291.0,-97.0
qwen3_4b_2560d_int8,en_def_translated_cn_def,ROOT-5BA3,1977.0,2708.5
qwen3_4b_2560d_int8,en_def_translated_cn_def,ROOT-5BB3,1564.0,1885.3333333333333
qwen3_4b_2560d_int8,en_def_translated_cn_def,ROOT-5BB6,1256.0,1453.0
qwen3_4b_2560d_int8,en_def_translated_cn_def,ROOT-5BBF,1391.0,2353.5
qwen3_4b_2560d_int8,en_def_translated_cn_def,ROOT-5BC5,-362.0,-825.0
qwen3_4b_2560d_int8,en_def_translated_cn_def,ROOT-5BCD,735.0,1703.4
qwen3_4b_2560d_int8,en_def_translated_cn_def,ROOT-5BF8,259.5,298.75
qwen3_4b_2560d_int8,en_def_translated_cn_def,ROOT-5C07,276.4,492.8
qwen3_4b_2560d_int8,en_def_translated_cn_def,ROOT-5C08,598.8333333333334,1041.6666666666667
qwen3_4b_2560d_int8,en_def_translated_cn_def,ROOT-5C09,1528.0,1543.0
qwen3_4b_2560d_int8,en_def_translated_cn_def,ROOT-5C0A,1963.25,1883.75
qwen3_4b_2560d_int8,en_def_translated_cn_def,ROOT-5C0B,593.0,1583.0
qwen3_4b_2560d_int8,en_def_translated_cn_def,ROOT-5C0D,2062.0,1780.0
qwen3_4b_2560d_int8,en_def_translated_cn_def,ROOT-5C0F,1039.0526315789473,1578.842105263158
qwen3_4b_2560d_int8,en_def_translated_cn_def,ROOT-5C17,1352.25,1651.375
qwen3_4b_2560d_int8,en_def_translated_cn_def,ROOT-5C1A,1082.2380952380952,1758.095238095238
qwen3_4b_2560d_int8,en_def_translated_cn_def,ROOT-5C39,554.25,942.75
qwen3_4b_2560d_int8,en_def_translated_cn_def,ROOT-5C3E,875.0,1056.0
qwen3_4b_2560d_int8,en_def_translated_cn_def,ROOT-5C40,1096.0,2841.0
qwen3_4b_2560d_int8,en_def_translated_cn_def,ROOT-5C48,556.5,799.0
qwen3_4b_2560d_int8,en_def_translated_cn_def,ROOT-5C4B,1775.0,2417.0
qwen3_4b_2560d_int8,en_def_translated_cn_def,ROOT-5C55,2594.0,3748.5
qwen3_4b_2560d_int8,en_def_translated_cn_def,ROOT-5C6F,1111.5,977.0
qwen3_4b_2560d_int8,en_def_translated_cn_def,ROOT-5C70,1453.25,2389.25
qwen3_4b_2560d_int8,en_def_translated_cn_def,ROOT-5C71,1823.25,1564.0
qwen3_4b_2560d_int8,en_def_translated_cn_def,ROOT-5CA1,755.5,756.25
qwen3_4b_2560d_int8,en_def_translated_cn_def,ROOT-5CF6,1362.0,1740.0
qwen3_4b_2560d_int8,en_def_translated_cn_def,ROOT-5DDD,702.75,1193.5
qwen3_4b_2560d_int8,en_def_translated_cn_def,ROOT-5DDE,403.5,1087.5
qwen3_4b_2560d_int8,en_def_translated_cn_def,ROOT-5DDF,3626.0,4389.0
qwen3_4b_2560d_int8,en_def_translated_cn_def,ROOT-5DE2,397.0,284.0
qwen3_4b_2560d_int8,en_def_translated_cn_def,ROOT-5DE5,914.5555555555555,1038.611111111111
qwen3_4b_2560d_int8,en_def_translated_cn_def,ROOT-5DE6,29.0,70.0
qwen3_4b_2560d_int8,en_def_translated_cn_def,ROOT-5DE8,251.0,1041.7142857142858
qwen3_4b_2560d_int8,en_def_translated_cn_def,ROOT-5DEB,444.0,370.0
qwen3_4b_2560d_int8,en_def_translated_cn_def,ROOT-5DEE,140.5,330.5
qwen3_4b_2560d_int8,en_def_translated_cn_def,ROOT-5DF1,571.0,1178.6666666666667
qwen3_4b_2560d_int8,en_def_translated_cn_def,ROOT-5DF3,676.3333333333334,1698.6666666666667
qwen3_4b_2560d_int8,en_def_translated_cn_def,ROOT-5DF4,1841.7142857142858,2859.0
qwen3_4b_2560d_int8,en_def_translated_cn_def,ROOT-5DFF,1164.0,1074.0
qwen3_4b_2560d_int8,en_def_translated_cn_def,ROOT-5E00,2744.0,1580.5
qwen3_4b_2560d_int8,en_def_translated_cn_def,ROOT-5E0C,265.25,481.25
qwen3_4b_2560d_int8,en_def_translated_cn_def,ROOT-5E1A,1238.5,1529.0
qwen3_4b_2560d_int8,en_def_translated_cn_def,ROOT-5E1D,557.0,1027.6666666666667
qwen3_4b_2560d_int8,en_def_translated_cn_def,ROOT-5E2D,0.0,0.0
qwen3_4b_2560d_int8,en_def_translated_cn_def,ROOT-5E36,-546.0,-573.0
qwen3_4b_2560d_int8,en_def_translated_cn_def,ROOT-5E72,851.2666666666667,976.1333333333333
qwen3_4b_2560d_int8,en_def_translated_cn_def,ROOT-5E73,543.4285714285714,493.7142857142857
qwen3_4b_2560d_int8,en_def_translated_cn_def,ROOT-5E78,0.0,0.0
qwen3_4b_2560d_int8,en_def_translated_cn_def,ROOT-5E79,1243.0,1510.0
qwen3_4b_2560d_int8,en_def_translated_cn_def,ROOT-5E7A,753.0,856.4
qwen3_4b_2560d_int8,en_def_translated_cn_def,ROOT-5E9A,1558.6666666666667,473.6666666666667
qwen3_4b_2560d_int8,en_def_translated_cn_def,ROOT-5EB6,2818.0,3342.1666666666665
qwen3_4b_2560d_int8,en_def_translated_cn_def,ROOT-5EB7,1504.0,2343.5
qwen3_4b_2560d_int8,en_def_translated_cn_def,ROOT-5EFA,2047.5,1951.0
qwen3_4b_2560d_int8,en_def_translated_cn_def,ROOT-5F01,807.0,879.0
qwen3_4b_2560d_int8,en_def_translated_cn_def,ROOT-5F0B,1371.8181818181818,1710.090909090909
qwen3_4b_2560d_int8,en_def_translated_cn_def,ROOT-5F0D,977.0,2640.0
qwen3_4b_2560d_int8,en_def_translated_cn_def,ROOT-5F13,1658.0,2039.5
qwen3_4b_2560d_int8,en_def_translated_cn_def,ROOT-5F15,4271.0,4211.0
qwen3_4b_2560d_int8,en_def_translated_cn_def,ROOT-5F17,1728.4285714285713,2046.7142857142858
qwen3_4b_2560d_int8,en_def_translated_cn_def,ROOT-5F1F,786.0,812.1111111111111
qwen3_4b_2560d_int8,en_def_translated_cn_def,ROOT-5F31,1425.25,1391.25
qwen3_4b_2560d_int8,en_def_translated_cn_def,ROOT-5F56,1052.5,440.0
qwen3_4b_2560d_int8,en_def_translated_cn_def,ROOT-5F57,1143.0,2390.0
qwen3_4b_2560d_int8,en_def_translated_cn_def,ROOT-5F6D,978.5,1815.5
qwen3_4b_2560d_int8,en_def_translated_cn_def,ROOT-5F9E,1173.6,1390.4
qwen3_4b_2560d_int8,en_def_translated_cn_def,ROOT-5FB9,363.0,1868.0
qwen3_4b_2560d_int8,en_def_translated_cn_def,ROOT-5FC3,855.5,620.5
qwen3_4b_2560d_int8,en_def_translated_cn_def,ROOT-5FC5,297.6,742.2
qwen3_4b_2560d_int8,en_def_translated_cn_def,ROOT-601D,1582.0,5620.0
qwen3_4b_2560d_int8,en_def_translated_cn_def,ROOT-606F,861.0,1341.0
qwen3_4b_2560d_int8,en_def_translated_cn_def,ROOT-60E0,1522.5,2878.5
qwen3_4b_2560d_int8,en_def_translated_cn_def,ROOT-610F,445.5,927.5
qwen3_4b_2560d_int8,en_def_translated_cn_def,ROOT-611B,429.0,685.0
qwen3_4b_2560d_int8,en_def_translated_cn_def,ROOT-6208,645.0,788.0
qwen3_4b_2560d_int8,en_def_translated_cn_def,ROOT-620A,27.0,432.0
qwen3_4b_2560d_int8,en_def_translated_cn_def,ROOT-620D,1339.3333333333333,2472.1666666666665
qwen3_4b_2560d_int8,en_def_translated_cn_def,ROOT-620E,1824.0,2186.0
qwen3_4b_2560d_int8,en_def_translated_cn_def,ROOT-6211,2002.375,2096.5
qwen3_4b_2560d_int8,en_def_translated_cn_def,ROOT-6212,452.5,516.5
qwen3_4b_2560d_int8,en_def_translated_cn_def,ROOT-6214,2254.0,3846.0
qwen3_4b_2560d_int8,en_def_translated_cn_def,ROOT-6216,1621.0,1419.0
qwen3_4b_2560d_int8,en_def_translated_cn_def,ROOT-6236,-40.75,-216.5
qwen3_4b_2560d_int8,en_def_translated_cn_def,ROOT-6241,672.0,946.25
qwen3_4b_2560d_int8,en_def_translated_cn_def,ROOT-6247,1.0,0.0
qwen3_4b_2560d_int8,en_def_translated_cn_def,ROOT-624B,425.6666666666667,429.0
qwen3_4b_2560d_int8,en_def_translated_cn_def,ROOT-624D,2158.25,2429.25
qwen3_4b_2560d_int8,en_def_translated_cn_def,ROOT-6298,1336.3333333333333,2108.6666666666665
qwen3_4b_2560d_int8,en_def_translated_cn_def,ROOT-62DC,1814.0,1617.0
qwen3_4b_2560d_int8,en_def_translated_cn_def,ROOT-652F,985.0,1349.3
qwen3_4b_2560d_int8,en_def_translated_cn_def,ROOT-6538,1371.3636363636363,1643.4545454545455
qwen3_4b_2560d_int8,en_def_translated_cn_def,ROOT-6544,3095.0,4588.0
qwen3_4b_2560d_int8,en_def_translated_cn_def,ROOT-6556,1215.0,2760.0
qwen3_4b_2560d_int8,en_def_translated_cn_def,ROOT-6562,717.0,2310.0
qwen3_4b_2560d_int8,en_def_translated_cn_def,ROOT-6563,2189.0,1781.5
qwen3_4b_2560d_int8,en_def_translated_cn_def,ROOT-6566,-134.0,-687.0
qwen3_4b_2560d_int8,en_def_translated_cn_def,ROOT-6578,2764.0,4116.0
qwen3_4b_2560d_int8,en_def_translated_cn_def,ROOT-6587,659.5555555555555,540.0
qwen3_4b_2560d_int8,en_def_translated_cn_def,ROOT-6597,2610.0,2047.5
qwen3_4b_2560d_int8,en_def_translated_cn_def,ROOT-65A4,1558.7333333333333,1659.3333333333333
qwen3_4b_2560d_int8,en_def_translated_cn_def,ROOT-65AC,1220.5,2413.75
qwen3_4b_2560d_int8,en_def_translated_cn_def,ROOT-65B0,875.0,1243.0
qwen3_4b_2560d_int8,en_def_translated_cn_def,ROOT-65B9,1167.5333333333333,1293.6666666666667
qwen3_4b_2560d_int8,en_def_translated_cn_def,ROOT-65BC,2433.75,1833.5
qwen3_4b_2560d_int8,en_def_translated_cn_def,ROOT-65C1,1092.4,1772.6
qwen3_4b_2560d_int8,en_def_translated_cn_def,ROOT-65CB,2144.0,3372.0
qwen3_4b_2560d_int8,en_def_translated_cn_def,ROOT-65CF,263.3333333333333,88.33333333333333
qwen3_4b_2560d_int8,en_def_translated_cn_def,ROOT-65E6,681.3333333333334,844.3333333333334
qwen3_4b_2560d_int8,en_def_translated_cn_def,ROOT-65E8,1467.4,1565.4
qwen3_4b_2560d_int8,en_def_translated_cn_def,ROOT-65EC,1151.75,1232.75
qwen3_4b_2560d_int8,en_def_translated_cn_def,ROOT-6606,1429.8,1494.6
qwen3_4b_2560d_int8,en_def_translated_cn_def,ROOT-660C,1051.0,1049.2
qwen3_4b_2560d_int8,en_def_translated_cn_def,ROOT-660E,-288.0,41.0
qwen3_4b_2560d_int8,en_def_translated_cn_def,ROOT-660F,1407.0,312.0
qwen3_4b_2560d_int8,en_def_translated_cn_def,ROOT-6613,1965.7142857142858,2160.714285714286
qwen3_4b_2560d_int8,en_def_translated_cn_def,ROOT-6614,2197.0,2025.5
qwen3_4b_2560d_int8,en_def_translated_cn_def,ROOT-661C,-451.0,-433.5
qwen3_4b_2560d_int8,en_def_translated_cn_def,ROOT-661F,1540.5,1545.5
qwen3_4b_2560d_int8,en_def_translated_cn_def,ROOT-6625,4976.0,207.0
qwen3_4b_2560d_int8,en_def_translated_cn_def,ROOT-662F,1052.5,1620.6666666666667
qwen3_4b_2560d_int8,en_def_translated_cn_def,ROOT-6631,35.0,-24.0
qwen3_4b_2560d_int8,en_def_translated_cn_def,ROOT-6649,2964.0,927.0
qwen3_4b_2560d_int8,en_def_translated_cn_def,ROOT-66F0,674.0,1522.0
qwen3_4b_2560d_int8,en_def_translated_cn_def,ROOT-66F4,620.5,2159.0
qwen3_4b_2560d_int8,en_def_translated_cn_def,ROOT-66FC,1795.8,2441.4
qwen3_4b_2560d_int8,en_def_translated_cn_def,ROOT-66FE,1205.0,877.625
qwen3_4b_2560d_int8,en_def_translated_cn_def,ROOT-6700,890.0,1228.0
qwen3_4b_2560d_int8,en_def_translated_cn_def,ROOT-6703,2001.25,1622.75
qwen3_4b_2560d_int8,en_def_translated_cn_def,ROOT-670B,1037.0,1846.6
qwen3_4b_2560d_int8,en_def_translated_cn_def,ROOT-6715,-64.5,380.5
qwen3_4b_2560d_int8,en_def_translated_cn_def,ROOT-671D,1900.6666666666667,782.3333333333334
qwen3_4b_2560d_int8,en_def_translated_cn_def,ROOT-6728,1572.0,2237.0
qwen3_4b_2560d_int8,en_def_translated_cn_def,ROOT-672A,1584.0,2053.0
qwen3_4b_2560d_int8,en_def_translated_cn_def,ROOT-672B,1179.75,2697.75
qwen3_4b_2560d_int8,en_def_translated_cn_def,ROOT-672C,-557.0,-963.0
qwen3_4b_2560d_int8,en_def_translated_cn_def,ROOT-672E,1446.3333333333333,1788.6666666666667
qwen3_4b_2560d_int8,en_def_translated_cn_def,ROOT-6731,1313.1,1507.1
qwen3_4b_2560d_int8,en_def_translated_cn_def,ROOT-6735,37.0,88.0
qwen3_4b_2560d_int8,en_def_translated_cn_def,ROOT-6740,-21.0,-40.0
qwen3_4b_2560d_int8,en_def_translated_cn_def,ROOT-675F,964.5,1037.75
qwen3_4b_2560d_int8,en_def_translated_cn_def,ROOT-6771,873.2222222222222,1475.5555555555557
qwen3_4b_2560d_int8,en_def_translated_cn_def,ROOT-6797,1053.0,1417.5714285714287
qwen3_4b_2560d_int8,en_def_translated_cn_def,ROOT-679C,1161.875,1120.125
qwen3_4b_2560d_int8,en_def_translated_cn_def,ROOT-67D0,1402.3333333333333,1005.0
qwen3_4b_2560d_int8,en_def_translated_cn_def,ROOT-67EC,1333.25,1943.3
qwen3_4b_2560d_int8,en_def_translated_cn_def,ROOT-6817,290.0,731.0
qwen3_4b_2560d_int8,en_def_translated_cn_def,ROOT-6840,-18.0,4.0
qwen3_4b_2560d_int8,en_def_translated_cn_def,ROOT-6851,2667.0,2014.0
qwen3_4b_2560d_int8,en_def_translated_cn_def,ROOT-69AE,-56.0,-189.5
qwen3_4b_2560d_int8,en_def_translated_cn_def,ROOT-6A02,948.4,2339.0
qwen3_4b_2560d_int8,en_def_translated_cn_def,ROOT-6A0A,2249.0,2258.5
qwen3_4b_2560d_int8,en_def_translated_cn_def,ROOT-6B20,1365.0,2443.0
qwen3_4b_2560d_int8,en_def_translated_cn_def,ROOT-6B2E,1237.8,1472.0
qwen3_4b_2560d_int8,en_def_translated_cn_def,ROOT-6B62,1168.6666666666667,1779.0
qwen3_4b_2560d_int8,en_def_translated_cn_def,ROOT-6B63,1719.6,2047.6
qwen3_4b_2560d_int8,en_def_translated_cn_def,ROOT-6B65,-79.0,-182.0
qwen3_4b_2560d_int8,en_def_translated_cn_def,ROOT-6B66,2436.5,3651.5
qwen3_4b_2560d_int8,en_def_translated_cn_def,ROOT-6BB5,3069.5,2922.0
qwen3_4b_2560d_int8,en_def_translated_cn_def,ROOT-6BB7,1897.0,1815.0
qwen3_4b_2560d_int8,en_def_translated_cn_def,ROOT-6BBF,3291.0,2976.0
qwen3_4b_2560d_int8,en_def_translated_cn_def,ROOT-6BC0,25.0,21.0
qwen3_4b_2560d_int8,en_def_translated_cn_def,ROOT-6BCC,1165.0,1228.0
qwen3_4b_2560d_int8,en_def_translated_cn_def,ROOT-6BCD,267.0,133.66666666666666
qwen3_4b_2560d_int8,en_def_translated_cn_def,ROOT-6BCE,-481.0,-886.0
qwen3_4b_2560d_int8,en_def_translated_cn_def,ROOT-6BD4,1085.5555555555557,1689.5555555555557
qwen3_4b_2560d_int8,en_def_translated_cn_def,ROOT-6BDB,1633.25,1059.75
qwen3_4b_2560d_int8,en_def_translated_cn_def,ROOT-6BF3,-24.0,-157.0
qwen3_4b_2560d_int8,en_def_translated_cn_def,ROOT-6C0F,2453.3333333333335,1122.3333333333333
qwen3_4b_2560d_int8,en_def_translated_cn_def,ROOT-6C10,1013.1,778.8
qwen3_4b_2560d_int8,en_def_translated_cn_def,ROOT-6C11,321.6666666666667,530.6666666666666
qwen3_4b_2560d_int8,en_def_translated_cn_def,ROOT-6C14,3336.0,2630.0
qwen3_4b_2560d_int8,en_def_translated_cn_def,ROOT-6C38,1487.0,2217.0
qwen3_4b_2560d_int8,en_def_translated_cn_def,ROOT-6C42,801.0,1554.0
qwen3_4b_2560d_int8,en_def_translated_cn_def,ROOT-6C93,1644.0,1743.0
qwen3_4b_2560d_int8,en_def_translated_cn_def,ROOT-6C99,1311.25,1603.5
qwen3_4b_2560d_int8,en_def_translated_cn_def,ROOT-6C9B,255.0,453.0
qwen3_4b_2560d_int8,en_def_translated_cn_def,ROOT-6CC9,2492.0,2991.5
qwen3_4b_2560d_int8,en_def_translated_cn_def,ROOT-6CD5,1953.0,4044.0
qwen3_4b_2560d_int8,en_def_translated_cn_def,ROOT-6D3B,292.0,1235.0
qwen3_4b_2560d_int8,en_def_translated_cn_def,ROOT-6ED5,3324.0,2006.0
qwen3_4b_2560d_int8,en_def_translated_cn_def,ROOT-6FD5,238.0,66.0
qwen3_4b_2560d_int8,en_def_translated_cn_def,ROOT-706B,1186.0,2576.0
qwen3_4b_2560d_int8,en_def_translated_cn_def,ROOT-708E,1668.5,2329.8333333333335
qwen3_4b_2560d_int8,en_def_translated_cn_def,ROOT-7097,1250.1818181818182,1135.4545454545455
qwen3_4b_2560d_int8,en_def_translated_cn_def,ROOT-70CF,1086.3333333333333,2741.3333333333335
qwen3_4b_2560d_int8,en_def_translated_cn_def,ROOT-7109,2685.5,1430.5
qwen3_4b_2560d_int8,en_def_translated_cn_def,ROOT-7121,526.5,1731.0
qwen3_4b_2560d_int8,en_def_translated_cn_def,ROOT-7126,1761.0,851.5
qwen3_4b_2560d_int8,en_def_translated_cn_def,ROOT-7136,1298.5,1962.0
qwen3_4b_2560d_int8,en_def_translated_cn_def,ROOT-718F,2217.25,1399.75
qwen3_4b_2560d_int8,en_def_translated_cn_def,ROOT-71D5,1260.0,1622.0
qwen3_4b_2560d_int8,en_def_translated_cn_def,ROOT-71DF,209.0,9.0
qwen3_4b_2560d_int8,en_def_translated_cn_def,ROOT-722A,10.0,20.0
qwen3_4b_2560d_int8,en_def_translated_cn_def,ROOT-722D,1293.5,882.0
qwen3_4b_2560d_int8,en_def_translated_cn_def,ROOT-7230,1242.5714285714287,1295.0
qwen3_4b_2560d_int8,en_def_translated_cn_def,ROOT-7235,902.0,493.0
qwen3_4b_2560d_int8,en_def_translated_cn_def,ROOT-7236,1167.4285714285713,793.2857142857143
qwen3_4b_2560d_int8,en_def_translated_cn_def,ROOT-723B,1418.3333333333333,1438.6666666666667
qwen3_4b_2560d_int8,en_def_translated_cn_def,ROOT-723E,209.33333333333334,922.0
qwen3_4b_2560d_int8,en_def_translated_cn_def,ROOT-723F,884.5,1232.1666666666667
qwen3_4b_2560d_int8,en_def_translated_cn_def,ROOT-7259,593.7142857142857,487.85714285714283
qwen3_4b_2560d_int8,en_def_translated_cn_def,ROOT-72AC,1143.0,408.0
qwen3_4b_2560d_int8,en_def_translated_cn_def,ROOT-72C2,87.0,70.0
qwen3_4b_2560d_int8,en_def_translated_cn_def,ROOT-72C4,2628.5,1637.5
qwen3_4b_2560d_int8,en_def_translated_cn_def,ROOT-7312,1147.0,1592.0
qwen3_4b_2560d_int8,en_def_translated_cn_def,ROOT-7384,1425.8333333333333,1949.3333333333333
qwen3_4b_2560d_int8,en_def_translated_cn_def,ROOT-7387,5011.0,4891.0
qwen3_4b_2560d_int8,en_def_translated_cn_def,ROOT-7389,0.0,-617.0
qwen3_4b_2560d_int8,en_def_translated_cn_def,ROOT-738B,131.5,469.5
qwen3_4b_2560d_int8,en_def_translated_cn_def,ROOT-74DC,2914.8,1217.0
qwen3_4b_2560d_int8,en_def_translated_cn_def,ROOT-7518,2285.285714285714,1564.0
qwen3_4b_2560d_int8,en_def_translated_cn_def,ROOT-751A,686.625,515.125
qwen3_4b_2560d_int8,en_def_translated_cn_def,ROOT-751F,1466.3333333333333,1313.3333333333333
qwen3_4b_2560d_int8,en_def_translated_cn_def,ROOT-7522,656.6666666666666,1363.6666666666667
qwen3_4b_2560d_int8,en_def_translated_cn_def,ROOT-7528,1239.4375,1810.5
qwen3_4b_2560d_int8,en_def_translated_cn_def,ROOT-752B,1288.875,1306.4375
qwen3_4b_2560d_int8,en_def_translated_cn_def,ROOT-7530,1126.5,860.0
qwen3_4b_2560d_int8,en_def_translated_cn_def,ROOT-7531,1214.5,2027.3333333333333
qwen3_4b_2560d_int8,en_def_translated_cn_def,ROOT-7532,1877.888888888889,2232.8888888888887
qwen3_4b_2560d_int8,en_def_translated_cn_def,ROOT-7533,834.25,1041.75
qwen3_4b_2560d_int8,en_def_translated_cn_def,ROOT-754F,665.0,1267.0
qwen3_4b_2560d_int8,en_def_translated_cn_def,ROOT-7550,2782.0,4603.0
qwen3_4b_2560d_int8,en_def_translated_cn_def,ROOT-755C,-182.0,-435.0
qwen3_4b_2560d_int8,en_def_translated_cn_def,ROOT-7562,1000.5,1738.0
qwen3_4b_2560d_int8,en_def_translated_cn_def,ROOT-756B,264.0,148.0
qwen3_4b_2560d_int8,en_def_translated_cn_def,ROOT-7570,336.0,1021.0
qwen3_4b_2560d_int8,en_def_translated_cn_def,ROOT-758B,1349.0,1540.25
qwen3_4b_2560d_int8,en_def_translated_cn_def,ROOT-7591,625.5,319.25
qwen3_4b_2560d_int8,en_def_translated_cn_def,ROOT-75BE,311.0,98.0
qwen3_4b_2560d_int8,en_def_translated_cn_def,ROOT-7678,-529.0,-824.0
qwen3_4b_2560d_int8,en_def_translated_cn_def,ROOT-7679,584.0,471.5
qwen3_4b_2560d_int8,en_def_translated_cn_def,ROOT-767D,1219.8666666666666,1352.0666666666666
qwen3_4b_2560d_int8,en_def_translated_cn_def,ROOT-7683,-1036.0,-2177.0
qwen3_4b_2560d_int8,en_def_translated_cn_def,ROOT-7686,539.8333333333334,1466.6666666666667
qwen3_4b_2560d_int8,en_def_translated_cn_def,ROOT-7687,2184.3333333333335,2933.6666666666665
qwen3_4b_2560d_int8,en_def_translated_cn_def,ROOT-76AE,1254.6923076923076,912.0
qwen3_4b_2560d_int8,en_def_translated_cn_def,ROOT-76BF,2090.0,2641.3333333333335
qwen3_4b_2560d_int8,en_def_translated_cn_def,ROOT-76CA,676.0,1523.0
qwen3_4b_2560d_int8,en_def_translated_cn_def,ROOT-76CD,1777.0,1547.0
qwen3_4b_2560d_int8,en_def_translated_cn_def,ROOT-76E1,826.3333333333334,822.3333333333334
qwen3_4b_2560d_int8,en_def_translated_cn_def,ROOT-76E3,1346.909090909091,1776.7272727272727
qwen3_4b_2560d_int8,en_def_translated_cn_def,ROOT-76F4,1712.6666666666667,2642.0
qwen3_4b_2560d_int8,en_def_translated_cn_def,ROOT-76F8,2141.0,1979.8333333333333
qwen3_4b_2560d_int8,en_def_translated_cn_def,ROOT-76FE,1830.5,2207.5
qwen3_4b_2560d_int8,en_def_translated_cn_def,ROOT-7707,-13.5,-73.0
qwen3_4b_2560d_int8,en_def_translated_cn_def,ROOT-7709,15.0,16.0
qwen3_4b_2560d_int8,en_def_translated_cn_def,ROOT-771F,-701.0,-1490.0
qwen3_4b_2560d_int8,en_def_translated_cn_def,ROOT-776A,1141.5,434.5
qwen3_4b_2560d_int8,en_def_translated_cn_def,ROOT-777F,1401.0,1434.0
qwen3_4b_2560d_int8,en_def_translated_cn_def,ROOT-77DB,1115.2,1081.2
qwen3_4b_2560d_int8,en_def_translated_cn_def,ROOT-77E2,1367.6666666666667,1490.8333333333333
qwen3_4b_2560d_int8,en_def_translated_cn_def,ROOT-77F3,297.0,380.0
qwen3_4b_2560d_int8,en_def_translated_cn_def,ROOT-793A,490.0,338.5
qwen3_4b_2560d_int8,en_def_translated_cn_def,ROOT-796D,796.5,479.5
qwen3_4b_2560d_int8,en_def_translated_cn_def,ROOT-79B9,3894.0,1399.5
qwen3_4b_2560d_int8,en_def_translated_cn_def,ROOT-79BA,465.0,940.0
qwen3_4b_2560d_int8,en_def_translated_cn_def,ROOT-79BB,3175.0,5351.0
qwen3_4b_2560d_int8,en_def_translated_cn_def,ROOT-79BE,1342.6363636363637,1275.1818181818182
qwen3_4b_2560d_int8,en_def_translated_cn_def,ROOT-79C0,842.6666666666666,1020.6666666666666
qwen3_4b_2560d_int8,en_def_translated_cn_def,ROOT-79CB,1754.0,1691.8
qwen3_4b_2560d_int8,en_def_translated_cn_def,ROOT-79E6,3584.0,2508.5
qwen3_4b_2560d_int8,en_def_translated_cn_def,ROOT-7ACB,1208.1666666666667,1993.6666666666667
qwen3_4b_2560d_int8,en_def_translated_cn_def,ROOT-7ADF,1070.0,1880.5
qwen3_4b_2560d_int8,en_def_translated_cn_def,ROOT-7AE0,1182.4285714285713,1721.4285714285713
qwen3_4b_2560d_int8,en_def_translated_cn_def,ROOT-7AE5,1219.0,1867.4285714285713
qwen3_4b_2560d_int8,en_def_translated_cn_def,ROOT-7AF9,17.0,164.0
qwen3_4b_2560d_int8,en_def_translated_cn_def,ROOT-7B6E,2171.0,2362.0
qwen3_4b_2560d_int8,en_def_translated_cn_def,ROOT-7B97,-696.0,-1051.0
qwen3_4b_2560d_int8,en_def_translated_cn_def,ROOT-7C73,2040.75,1413.0
qwen3_4b_2560d_int8,en_def_translated_cn_def,ROOT-7CFB,130.5,946.5
qwen3_4b_2560d_int8,en_def_translated_cn_def,ROOT-7D2F,2213.6666666666665,2492.3333333333335
qwen3_4b_2560d_int8,en_def_translated_cn_def,ROOT-7DBF,2325.0,578.0
qwen3_4b_2560d_int8,en_def_translated_cn_def,ROOT-7E23,279.0,335.0
qwen3_4b_2560d_int8,en_def_translated_cn_def,ROOT-7F54,2348.3333333333335,2009.0
qwen3_4b_2560d_int8,en_def_translated_cn_def,ROOT-7F72,2102.0,3027.0
qwen3_4b_2560d_int8,en_def_translated_cn_def,ROOT-7F77,-75.0,-78.0
qwen3_4b_2560d_int8,en_def_translated_cn_def,ROOT-7F85,783.6666666666666,560.6666666666666
qwen3_4b_2560d_int8,en_def_translated_cn_def,ROOT-7F8A,420.44444444444446,610.7777777777778
qwen3_4b_2560d_int8,en_def_translated_cn_def,ROOT-7F94,-48.0,-226.0
qwen3_4b_2560d_int8,en_def_translated_cn_def,ROOT-7FA9,1407.3333333333333,1898.1666666666667
qwen3_4b_2560d_int8,en_def_translated_cn_def,ROOT-7FBD,-891.0,-1115.0
qwen3_4b_2560d_int8,en_def_translated_cn_def,ROOT-7FD2,1069.3333333333333,2187.0
qwen3_4b_2560d_int8,en_def_translated_cn_def,ROOT-7FDF,1093.5,1600.5
qwen3_4b_2560d_int8,en_def_translated_cn_def,ROOT-8012,210.0,646.0
qwen3_4b_2560d_int8,en_def_translated_cn_def,ROOT-8033,919.2,1263.0
qwen3_4b_2560d_int8,en_def_translated_cn_def,ROOT-8036,1567.5,1110.0
qwen3_4b_2560d_int8,en_def_translated_cn_def,ROOT-8076,1193.4,1380.2
qwen3_4b_2560d_int8,en_def_translated_cn_def,ROOT-807D,1816.0,1859.0
qwen3_4b_2560d_int8,en_def_translated_cn_def,ROOT-807F,811.4285714285714,1452.142857142857
qwen3_4b_2560d_int8,en_def_translated_cn_def,ROOT-80C3,594.0,1005.0
qwen3_4b_2560d_int8,en_def_translated_cn_def,ROOT-810A,808.0,1051.5
qwen3_4b_2560d_int8,en_def_translated_cn_def,ROOT-81E4,702.0,1881.0
qwen3_4b_2560d_int8,en_def_translated_cn_def,ROOT-81EA,-502.5,-855.5
qwen3_4b_2560d_int8,en_def_translated_cn_def,ROOT-81ED,1031.0,1152.5
qwen3_4b_2560d_int8,en_def_translated_cn_def,ROOT-81F3,954.5714285714286,1810.7142857142858
qwen3_4b_2560d_int8,en_def_translated_cn_def,ROOT-81FE,1728.0,2869.75
qwen3_4b_2560d_int8,en_def_translated_cn_def,ROOT-8200,1539.5,1894.5
qwen3_4b_2560d_int8,en_def_translated_cn_def,ROOT-8201,712.0,1371.0
qwen3_4b_2560d_int8,en_def_translated_cn_def,ROOT-8202,388.0,238.0
qwen3_4b_2560d_int8,en_def_translated_cn_def,ROOT-8204,3576.0,4521.0
qwen3_4b_2560d_int8,en_def_translated_cn_def,ROOT-821C,2421.0,2684.0
qwen3_4b_2560d_int8,en_def_translated_cn_def,ROOT-822C,1226.0,1914.0
qwen3_4b_2560d_int8,en_def_translated_cn_def,ROOT-826E,299.0,-37.0
qwen3_4b_2560d_int8,en_def_translated_cn_def,ROOT-826F,1172.25,1699.0
qwen3_4b_2560d_int8,en_def_translated_cn_def,ROOT-82BB,1056.75,1734.75
qwen3_4b_2560d_int8,en_def_translated_cn_def,ROOT-82D7,2532.6666666666665,3440.3333333333335
qwen3_4b_2560d_int8,en_def_translated_cn_def,ROOT-82E5,210.75,313.75
qwen3_4b_2560d_int8,en_def_translated_cn_def,ROOT-830D,438.75,520.25
qwen3_4b_2560d_int8,en_def_translated_cn_def,ROOT-8332,260.0,83.5
qwen3_4b_2560d_int8,en_def_translated_cn_def,ROOT-83AB,1173.0666666666666,2018.2666666666667
qwen3_4b_2560d_int8,en_def_translated_cn_def,ROOT-83EF,3112.0,232.0
qwen3_4b_2560d_int8,en_def_translated_cn_def,ROOT-8408,2930.0,4012.0
qwen3_4b_2560d_int8,en_def_translated_cn_def,ROOT-842C,921.0,1926.5
qwen3_4b_2560d_int8,en_def_translated_cn_def,ROOT-8457,434.0,668.0
qwen3_4b_2560d_int8,en_def_translated_cn_def,ROOT-8499,1811.0,2633.75
qwen3_4b_2560d_int8,en_def_translated_cn_def,ROOT-8511,1632.0,2087.0
qwen3_4b_2560d_int8,en_def_translated_cn_def,ROOT-864D,437.0,487.0
qwen3_4b_2560d_int8,en_def_translated_cn_def,ROOT-864E,2532.0,2207.5
qwen3_4b_2560d_int8,en_def_translated_cn_def,ROOT-8650,1743.5,1597.5
qwen3_4b_2560d_int8,en_def_translated_cn_def,ROOT-865F,1451.0,2868.0
qwen3_4b_2560d_int8,en_def_translated_cn_def,ROOT-86A4,1470.0,1554.5
qwen3_4b_2560d_int8,en_def_translated_cn_def,ROOT-8700,1188.2857142857142,1186.0
qwen3_4b_2560d_int8,en_def_translated_cn_def,ROOT-8840,1986.5,2243.0
qwen3_4b_2560d_int8,en_def_translated_cn_def,ROOT-884C,1546.0,606.0
qwen3_4b_2560d_int8,en_def_translated_cn_def,ROOT-884D,919.0,1688.0
qwen3_4b_2560d_int8,en_def_translated_cn_def,ROOT-8863,528.0,622.0
qwen3_4b_2560d_int8,en_def_translated_cn_def,ROOT-8870,2264.0,2252.0
qwen3_4b_2560d_int8,en_def_translated_cn_def,ROOT-8881,1938.25,3647.0
qwen3_4b_2560d_int8,en_def_translated_cn_def,ROOT-8944,1340.125,1629.125
qwen3_4b_2560d_int8,en_def_translated_cn_def,ROOT-897E,-54.0,-20.0
qwen3_4b_2560d_int8,en_def_translated_cn_def,ROOT-897F,1035.0,857.0
qwen3_4b_2560d_int8,en_def_translated_cn_def,ROOT-8983,1622.0,1288.5
qwen3_4b_2560d_int8,en_def_translated_cn_def,ROOT-898B,892.2,3174.4
qwen3_4b_2560d_int8,en_def_translated_cn_def,ROOT-898F,495.0,1377.0
qwen3_4b_2560d_int8,en_def_translated_cn_def,ROOT-89AA,1524.5,2426.0
qwen3_4b_2560d_int8,en_def_translated_cn_def,ROOT-89BA,107.0,99.0
qwen3_4b_2560d_int8,en_def_translated_cn_def,ROOT-89D2,120.0,239.5
qwen3_4b_2560d_int8,en_def_translated_cn_def,ROOT-89E3,2841.3333333333335,3305.0
qwen3_4b_2560d_int8,en_def_translated_cn_def,ROOT-8A79,753.2222222222222,1159.111111111111
qwen3_4b_2560d_int8,en_def_translated_cn_def,ROOT-8C37,1169.75,1419.6666666666667
qwen3_4b_2560d_int8,en_def_translated_cn_def,ROOT-8C46,814.0,831.9285714285714
qwen3_4b_2560d_int8,en_def_translated_cn_def,ROOT-8C48,1342.0,2145.3333333333335
qwen3_4b_2560d_int8,en_def_translated_cn_def,ROOT-8C50,903.5,2097.5
qwen3_4b_2560d_int8,en_def_translated_cn_def,ROOT-8C5A,1003.0,536.0
qwen3_4b_2560d_int8,en_def_translated_cn_def,ROOT-8C61,653.5,168.5
qwen3_4b_2560d_int8,en_def_translated_cn_def,ROOT-8C6A,2682.5,2676.5
qwen3_4b_2560d_int8,en_def_translated_cn_def,ROOT-8C9D,557.3333333333334,623.6666666666666
qwen3_4b_2560d_int8,en_def_translated_cn_def,ROOT-8C9E,723.5,870.5
qwen3_4b_2560d_int8,en_def_translated_cn_def,ROOT-8CAC,691.6,1337.2
qwen3_4b_2560d_int8,en_def_translated_cn_def,ROOT-8CB4,1505.0,2554.25
qwen3_4b_2560d_int8,en_def_translated_cn_def,ROOT-8CCF,2366.2,3363.8
qwen3_4b_2560d_int8,en_def_translated_cn_def,ROOT-8CEA,478.0,1902.0
qwen3_4b_2560d_int8,en_def_translated_cn_def,ROOT-8D0A,1670.5,1643.0
qwen3_4b_2560d_int8,en_def_translated_cn_def,ROOT-8D1B,2114.0,4081.0
qwen3_4b_2560d_int8,en_def_translated_cn_def,ROOT-8D64,280.0,208.0
qwen3_4b_2560d_int8,en_def_translated_cn_def,ROOT-8D66,3731.0,4210.0
qwen3_4b_2560d_int8,en_def_translated_cn_def,ROOT-8D6B,1282.0,2603.0
qwen3_4b_2560d_int8,en_def_translated_cn_def,ROOT-8DB3,1116.75,807.5
qwen3_4b_2560d_int8,en_def_translated_cn_def,ROOT-8ECD,562.3333333333334,1292.2222222222222
qwen3_4b_2560d_int8,en_def_translated_cn_def,ROOT-8F9B,1294.6666666666667,1130.3333333333333
qwen3_4b_2560d_int8,en_def_translated_cn_def,ROOT-8F9F,947.1666666666666,1646.5
qwen3_4b_2560d_int8,en_def_translated_cn_def,ROOT-8FB0,1487.75,2285.375
qwen3_4b_2560d_int8,en_def_translated_cn_def,ROOT-8FB1,1288.25,2225.75
qwen3_4b_2560d_int8,en_def_translated_cn_def,ROOT-8FB2,1245.0,1533.0
qwen3_4b_2560d_int8,en_def_translated_cn_def,ROOT-9000,607.5,709.5
qwen3_4b_2560d_int8,en_def_translated_cn_def,ROOT-9023,2404.6,3612.6
qwen3_4b_2560d_int8,en_def_translated_cn_def,ROOT-9054,373.0,1187.0
qwen3_4b_2560d_int8,en_def_translated_cn_def,ROOT-9077,2315.0,2949.0
qwen3_4b_2560d_int8,en_def_translated_cn_def,ROOT-9091,1665.0,3464.6666666666665
qwen3_4b_2560d_int8,en_def_translated_cn_def,ROOT-9095,1301.0,542.0
qwen3_4b_2560d_int8,en_def_translated_cn_def,ROOT-90A3,285.0,12.0
qwen3_4b_2560d_int8,en_def_translated_cn_def,ROOT-90CE,3175.0,2308.5
qwen3_4b_2560d_int8,en_def_translated_cn_def,ROOT-90ED,-128.5,539.5
qwen3_4b_2560d_int8,en_def_translated_cn_def,ROOT-9109,847.5,1457.5
qwen3_4b_2560d_int8,en_def_translated_cn_def,ROOT-912D,1439.5,1743.0
qwen3_4b_2560d_int8,en_def_translated_cn_def,ROOT-9149,378.5,337.5
qwen3_4b_2560d_int8,en_def_translated_cn_def,ROOT-914B,-107.33333333333333,-274.3333333333333
qwen3_4b_2560d_int8,en_def_translated_cn_def,ROOT-91C6,1191.9285714285713,1483.142857142857
qwen3_4b_2560d_int8,en_def_translated_cn_def,ROOT-91C7,1039.0,1339.25
qwen3_4b_2560d_int8,en_def_translated_cn_def,ROOT-91CC,1837.5,1950.75
qwen3_4b_2560d_int8,en_def_translated_cn_def,ROOT-91CF,3040.0,1306.0
qwen3_4b_2560d_int8,en_def_translated_cn_def,ROOT-9577,1482.1666666666667,2074.6666666666665
qwen3_4b_2560d_int8,en_def_translated_cn_def,ROOT-9580,1054.3333333333333,1378.5
qwen3_4b_2560d_int8,en_def_translated_cn_def,ROOT-958F,340.0,2462.0
qwen3_4b_2560d_int8,en_def_translated_cn_def,ROOT-9591,142.0,183.0
qwen3_4b_2560d_int8,en_def_translated_cn_def,ROOT-9592,2904.0,2713.0
qwen3_4b_2560d_int8,en_def_translated_cn_def,ROOT-95B5,1576.0,3131.0
qwen3_4b_2560d_int8,en_def_translated_cn_def,ROOT-961C,832.0,1037.0
qwen3_4b_2560d_int8,en_def_translated_cn_def,ROOT-9673,179.0,7.0
qwen3_4b_2560d_int8,en_def_translated_cn_def,ROOT-9686,290.0,407.0
qwen3_4b_2560d_int8,en_def_translated_cn_def,ROOT-968B,545.5,1026.0
qwen3_4b_2560d_int8,en_def_translated_cn_def,ROOT-96A8,4657.0,5888.0
qwen3_4b_2560d_int8,en_def_translated_cn_def,ROOT-96B9,580.8,1058.0
qwen3_4b_2560d_int8,en_def_translated_cn_def,ROOT-96BB,571.0,1184.0
qwen3_4b_2560d_int8,en_def_translated_cn_def,ROOT-96BC,-284.0,-270.0
qwen3_4b_2560d_int8,en_def_translated_cn_def,ROOT-96CB,1606.0,2354.0
qwen3_4b_2560d_int8,en_def_translated_cn_def,ROOT-96CD,5236.0,5997.0
qwen3_4b_2560d_int8,en_def_translated_cn_def,ROOT-96E3,1648.0,2985.0
qwen3_4b_2560d_int8,en_def_translated_cn_def,ROOT-96F7,1228.5,1651.5
qwen3_4b_2560d_int8,en_def_translated_cn_def,ROOT-9700,1974.5,2168.6666666666665
qwen3_4b_2560d_int8,en_def_translated_cn_def,ROOT-9752,1257.3333333333333,689.75
qwen3_4b_2560d_int8,en_def_translated_cn_def,ROOT-975E,1170.125,1819.375
qwen3_4b_2560d_int8,en_def_translated_cn_def,ROOT-9762,459.0,240.5
qwen3_4b_2560d_int8,en_def_translated_cn_def,ROOT-9808,2682.0,3533.0
qwen3_4b_2560d_int8,en_def_translated_cn_def,ROOT-983B,3602.0,5343.0
qwen3_4b_2560d_int8,en_def_translated_cn_def,ROOT-985B,2735.0,5174.0
qwen3_4b_2560d_int8,en_def_translated_cn_def,ROOT-9865,1042.0,2463.0
qwen3_4b_2560d_int8,en_def_translated_cn_def,ROOT-99AC,2143.3333333333335,750.0
qwen3_4b_2560d_int8,en_def_translated_cn_def,ROOT-9AD8,843.0,1219.875
qwen3_4b_2560d_int8,en_def_translated_cn_def,ROOT-9B32,1300.3333333333333,601.0
qwen3_4b_2560d_int8,en_def_translated_cn_def,ROOT-9B3C,570.0,1075.375
qwen3_4b_2560d_int8,en_def_translated_cn_def,ROOT-9B5A,2125.6666666666665,1347.0
qwen3_4b_2560d_int8,en_def_translated_cn_def,ROOT-9BAE,3933.5,2313.0
qwen3_4b_2560d_int8,en_def_translated_cn_def,ROOT-9E75,495.0,54.0
qwen3_4b_2560d_int8,en_def_translated_cn_def,ROOT-9E7F,1604.0,1832.75
qwen3_4b_2560d_int8,en_def_translated_cn_def,ROOT-9E97,1358.2,1354.2
qwen3_4b_2560d_int8,en_def_translated_cn_def,ROOT-9ED1,-503.0,-2907.0
qwen3_4b_2560d_int8,en_def_translated_cn_def,ROOT-9EFD,2105.0,3670.5
qwen3_4b_2560d_int8,en_def_translated_cn_def,ROOT-9F13,3095.0,3087.0
qwen3_4b_2560d_int8,en_def_translated_cn_def,ROOT-9F4A,1427.5714285714287,1893.4285714285713
qwen3_4b_2560d_int8,en_def_translated_cn_def,ROOT-9F8D,1171.909090909091,1144.8181818181818
qwen3_4b_2560d_int8,en_def_translated_cn_def,ROOT-9FA0,245.5,369.0
qwen3_4b_2560d_int8,en_gloss_unihan,ROOT-20000,2436.057142857143,3225.7428571428572
qwen3_4b_2560d_int8,en_gloss_unihan,ROOT-20086,2172.4,2173.0
qwen3_4b_2560d_int8,en_gloss_unihan,ROOT-200A2,1825.5,2408.5
qwen3_4b_2560d_int8,en_gloss_unihan,ROOT-200A4,1897.0,2512.0
qwen3_4b_2560d_int8,en_gloss_unihan,ROOT-2010C,460.6666666666667,1201.0
qwen3_4b_2560d_int8,en_gloss_unihan,ROOT-2053E,744.0,1078.75
qwen3_4b_2560d_int8,en_gloss_unihan,ROOT-20A7A,4.0,0.0
qwen3_4b_2560d_int8,en_gloss_unihan,ROOT-20CCB,980.0,1377.5
qwen3_4b_2560d_int8,en_gloss_unihan,ROOT-2123C,2316.176470588235,2425.529411764706
qwen3_4b_2560d_int8,en_gloss_unihan,ROOT-219CD,1977.2,2353.9
qwen3_4b_2560d_int8,en_gloss_unihan,ROOT-21C55,1884.0,2958.0
qwen3_4b_2560d_int8,en_gloss_unihan,ROOT-21FE7,5034.0,5214.0
qwen3_4b_2560d_int8,en_gloss_unihan,ROOT-22398,3724.5,4820.5
qwen3_4b_2560d_int8,en_gloss_unihan,ROOT-2274A,3849.6666666666665,3784.0
qwen3_4b_2560d_int8,en_gloss_unihan,ROOT-2304B,6947.0,6216.0
qwen3_4b_2560d_int8,en_gloss_unihan,ROOT-23386,5331.0,5657.5
qwen3_4b_2560d_int8,en_gloss_unihan,ROOT-233DF,1879.0,1636.4285714285713
qwen3_4b_2560d_int8,en_gloss_unihan,ROOT-2394F,1868.25,3155.4
qwen3_4b_2560d_int8,en_gloss_unihan,ROOT-239BC,72.0,48.0
qwen3_4b_2560d_int8,en_gloss_unihan,ROOT-25055,3056.5,1996.5
qwen3_4b_2560d_int8,en_gloss_unihan,ROOT-25762,6998.0,1580.0
qwen3_4b_2560d_int8,en_gloss_unihan,ROOT-2634C,263.5,510.0
qwen3_4b_2560d_int8,en_gloss_unihan,ROOT-26B07,3655.0,3568.0
qwen3_4b_2560d_int8,en_gloss_unihan,ROOT-271A3,1926.2857142857142,2432.8571428571427
qwen3_4b_2560d_int8,en_gloss_unihan,ROOT-27BAB,391.0,1260.0
qwen3_4b_2560d_int8,en_gloss_unihan,ROOT-342D,3931.0,4885.666666666667
qwen3_4b_2560d_int8,en_gloss_unihan,ROOT-3431,775.0,715.0
qwen3_4b_2560d_int8,en_gloss_unihan,ROOT-34B8,2807.8333333333335,3850.6666666666665
qwen3_4b_2560d_int8,en_gloss_unihan,ROOT-34BC,3757.0,1071.0
qwen3_4b_2560d_int8,en_gloss_unihan,ROOT-34DE,1552.0,1716.2857142857142
qwen3_4b_2560d_int8,en_gloss_unihan,ROOT-3563,1179.909090909091,1236.8181818181818
qwen3_4b_2560d_int8,en_gloss_unihan,ROOT-37A2,1245.8823529411766,941.7647058823529
qwen3_4b_2560d_int8,en_gloss_unihan,ROOT-382F,2425.6521739130435,3237.6521739130435
qwen3_4b_2560d_int8,en_gloss_unihan,ROOT-3840,1486.75,2306.625
qwen3_4b_2560d_int8,en_gloss_unihan,ROOT-39B0,1178.625,2104.25
qwen3_4b_2560d_int8,en_gloss_unihan,ROOT-3E12,4452.0,4176.0
qwen3_4b_2560d_int8,en_gloss_unihan,ROOT-4020,2849.25,3110.75
qwen3_4b_2560d_int8,en_gloss_unihan,ROOT-41C2,2097.6315789473683,2210.5263157894738
qwen3_4b_2560d_int8,en_gloss_unihan,ROOT-4588,2656.0,4171.0
qwen3_4b_2560d_int8,en_gloss_unihan,ROOT-470C,183.0,22.0
qwen3_4b_2560d_int8,en_gloss_unihan,ROOT-4E00,1729.0,3001.8333333333335
qwen3_4b_2560d_int8,en_gloss_unihan,ROOT-4E01,2629.05,2682.85
qwen3_4b_2560d_int8,en_gloss_unihan,ROOT-4E02,2516.5,3493.0
qwen3_4b_2560d_int8,en_gloss_unihan,ROOT-4E03,2489.5,2794.0
qwen3_4b_2560d_int8,en_gloss_unihan,ROOT-4E08,203.5,999.5
qwen3_4b_2560d_int8,en_gloss_unihan,ROOT-4E0D,2737.3076923076924,3442.153846153846
qwen3_4b_2560d_int8,en_gloss_unihan,ROOT-4E0F,5023.0,4522.0
qwen3_4b_2560d_int8,en_gloss_unihan,ROOT-4E11,645.8571428571429,521.1428571428571
qwen3_4b_2560d_int8,en_gloss_unihan,ROOT-4E14,1846.892857142857,2458.6785714285716
qwen3_4b_2560d_int8,en_gloss_unihan,ROOT-4E16,2334.0,3980.3333333333335
qwen3_4b_2560d_int8,en_gloss_unihan,ROOT-4E18,861.0,1448.0
qwen3_4b_2560d_int8,en_gloss_unihan,ROOT-4E19,3689.2,3160.0
qwen3_4b_2560d_int8,en_gloss_unihan,ROOT-4E1E,7.5,16.5
qwen3_4b_2560d_int8,en_gloss_unihan,ROOT-4E26,2394.0,4243.0
qwen3_4b_2560d_int8,en_gloss_unihan,ROOT-4E29,3358.0,3040.0
qwen3_4b_2560d_int8,en_gloss_unihan,ROOT-4E2D,1964.0,2388.5
qwen3_4b_2560d_int8,en_gloss_unihan,ROOT-4E30,2913.5555555555557,3972.0
qwen3_4b_2560d_int8,en_gloss_unihan,ROOT-4E32,982.0,234.0
qwen3_4b_2560d_int8,en_gloss_unihan,ROOT-4E36,865.1428571428571,964.8571428571429
qwen3_4b_2560d_int8,en_gloss_unihan,ROOT-4E38,2226.25,3325.5
qwen3_4b_2560d_int8,en_gloss_unihan,ROOT-4E39,440.0,776.5
qwen3_4b_2560d_int8,en_gloss_unihan,ROOT-4E3F,2559.5,3136.25
qwen3_4b_2560d_int8,en_gloss_unihan,ROOT-4E42,3682.0,3106.3333333333335
qwen3_4b_2560d_int8,en_gloss_unihan,ROOT-4E43,1109.0,784.3333333333334
qwen3_4b_2560d_int8,en_gloss_unihan,ROOT-4E45,3186.6666666666665,3933.0
qwen3_4b_2560d_int8,en_gloss_unihan,ROOT-4E47,1767.0,2377.0
qwen3_4b_2560d_int8,en_gloss_unihan,ROOT-4E4B,2424.0,902.0
qwen3_4b_2560d_int8,en_gloss_unihan,ROOT-4E4D,2360.4117647058824,2820.823529411765
qwen3_4b_2560d_int8,en_gloss_unihan,ROOT-4E4E,1644.5,541.0
qwen3_4b_2560d_int8,en_gloss_unihan,ROOT-4E4F,1136.2,1741.0
qwen3_4b_2560d_int8,en_gloss_unihan,ROOT-4E58,1326.0,1817.0
qwen3_4b_2560d_int8,en_gloss_unihan,ROOT-4E59,877.5,2492.75
qwen3_4b_2560d_int8,en_gloss_unihan,ROOT-4E5D,1565.7272727272727,2172.181818181818
qwen3_4b_2560d_int8,en_gloss_unihan,ROOT-4E5E,794.0,797.0
qwen3_4b_2560d_int8,en_gloss_unihan,ROOT-4E5F,3284.923076923077,3730.4615384615386
qwen3_4b_2560d_int8,en_gloss_unihan,ROOT-4E88,687.75,854.25
qwen3_4b_2560d_int8,en_gloss_unihan,ROOT-4E8C,1821.7272727272727,3043.5454545454545
qwen3_4b_2560d_int8,en_gloss_unihan,ROOT-4E8E,1570.375,1896.875
qwen3_4b_2560d_int8,en_gloss_unihan,ROOT-4E8F,1936.2857142857142,1774.7142857142858
qwen3_4b_2560d_int8,en_gloss_unihan,ROOT-4E91,501.375,1419.625
qwen3_4b_2560d_int8,en_gloss_unihan,ROOT-4E92,1980.0,1974.5
qwen3_4b_2560d_int8,en_gloss_unihan,ROOT-4E94,1339.6666666666667,1736.5333333333333
qwen3_4b_2560d_int8,en_gloss_unihan,ROOT-4E95,5476.0,6882.0
qwen3_4b_2560d_int8,en_gloss_unihan,ROOT-4E9E,3448.4,3620.8
qwen3_4b_2560d_int8,en_gloss_unihan,ROOT-4E9F,1047.0,830.5
qwen3_4b_2560d_int8,en_gloss_unihan,ROOT-4EA1,3172.4285714285716,4408.285714285715
qwen3_4b_2560d_int8,en_gloss_unihan,ROOT-4EA2,2574.6153846153848,2003.4615384615386
qwen3_4b_2560d_int8,en_gloss_unihan,ROOT-4EA4,2694.7619047619046,3229.809523809524
qwen3_4b_2560d_int8,en_gloss_unihan,ROOT-4EA5,1430.7058823529412,1726.1764705882354
qwen3_4b_2560d_int8,en_gloss_unihan,ROOT-4EAC,1555.8181818181818,1955.1818181818182
qwen3_4b_2560d_int8,en_gloss_unihan,ROOT-4EAE,2323.0,2541.0
qwen3_4b_2560d_int8,en_gloss_unihan,ROOT-4EBA,991.3333333333334,1400.3333333333333
qwen3_4b_2560d_int8,en_gloss_unihan,ROOT-4EC1,127.0,229.0
qwen3_4b_2560d_int8,en_gloss_unihan,ROOT-4EC4,4395.0,355.0
qwen3_4b_2560d_int8,en_gloss_unihan,ROOT-4ECA,2083.6206896551726,2823.103448275862
qwen3_4b_2560d_int8,en_gloss_unihan,ROOT-4ECB,2818.5,2844.6666666666665
qwen3_4b_2560d_int8,en_gloss_unihan,ROOT-4EE4,3809.5263157894738,3871.7894736842104
qwen3_4b_2560d_int8,en_gloss_unihan,ROOT-4EE5,2819.0,2632.0
qwen3_4b_2560d_int8,en_gloss_unihan,ROOT-4F0F,3782.5,4385.5
qwen3_4b_2560d_int8,en_gloss_unihan,ROOT-4F10,1763.0,3483.0
qwen3_4b_2560d_int8,en_gloss_unihan,ROOT-4F11,3036.3333333333335,3093.6666666666665
qwen3_4b_2560d_int8,en_gloss_unihan,ROOT-4F59,2259.75,2755.5625
qwen3_4b_2560d_int8,en_gloss_unihan,ROOT-4F86,1798.5,2940.8333333333335
qwen3_4b_2560d_int8,en_gloss_unihan,ROOT-4F8C,-1208.0,-1059.0
qwen3_4b_2560d_int8,en_gloss_unihan,ROOT-4F96,2241.125,2615.375
qwen3_4b_2560d_int8,en_gloss_unihan,ROOT-4FAF,4949.5,4171.0
qwen3_4b_2560d_int8,en_gloss_unihan,ROOT-4FDD,1828.6666666666667,1154.3333333333333
qwen3_4b_2560d_int8,en_gloss_unihan,ROOT-5009,2964.3846153846152,3448.3076923076924
qwen3_4b_2560d_int8,en_gloss_unihan,ROOT-501D,291.0,645.0
qwen3_4b_2560d_int8,en_gloss_unihan,ROOT-50C9,1395.6470588235295,1837.3529411764705
qwen3_4b_2560d_int8,en_gloss_unihan,ROOT-5140,1169.0,980.75
qwen3_4b_2560d_int8,en_gloss_unihan,ROOT-5143,2099.470588235294,2965.9411764705883
qwen3_4b_2560d_int8,en_gloss_unihan,ROOT-5144,1362.3333333333333,1947.3333333333333
qwen3_4b_2560d_int8,en_gloss_unihan,ROOT-5145,982.5,2142.5
qwen3_4b_2560d_int8,en_gloss_unihan,ROOT-5146,2425.95,2574.5
qwen3_4b_2560d_int8,en_gloss_unihan,ROOT-5148,1040.5,2210.5
qwen3_4b_2560d_int8,en_gloss_unihan,ROOT-5149,3017.5,3833.375
qwen3_4b_2560d_int8,en_gloss_unihan,ROOT-514B,20.0,32.0
qwen3_4b_2560d_int8,en_gloss_unihan,ROOT-514D,1655.3333333333333,1492.0
qwen3_4b_2560d_int8,en_gloss_unihan,ROOT-5152,3528.090909090909,2720.4545454545455
qwen3_4b_2560d_int8,en_gloss_unihan,ROOT-5154,359.0,323.0
qwen3_4b_2560d_int8,en_gloss_unihan,ROOT-5165,1877.5,2970.6666666666665
qwen3_4b_2560d_int8,en_gloss_unihan,ROOT-5168,3014.2,3820.1
qwen3_4b_2560d_int8,en_gloss_unihan,ROOT-5169,2677.0,3305.0
qwen3_4b_2560d_int8,en_gloss_unihan,ROOT-516A,381.0,386.0
qwen3_4b_2560d_int8,en_gloss_unihan,ROOT-516B,1622.0,1027.6666666666667
qwen3_4b_2560d_int8,en_gloss_unihan,ROOT-516C,1860.7272727272727,2086.181818181818
qwen3_4b_2560d_int8,en_gloss_unihan,ROOT-516E,1645.0,2634.0
qwen3_4b_2560d_int8,en_gloss_unihan,ROOT-5171,1747.7142857142858,1738.0
qwen3_4b_2560d_int8,en_gloss_unihan,ROOT-5176,2221.2608695652175,2493.0
qwen3_4b_2560d_int8,en_gloss_unihan,ROOT-5177,6755.0,6853.0
qwen3_4b_2560d_int8,en_gloss_unihan,ROOT-5178,-753.0,-1204.0
qwen3_4b_2560d_int8,en_gloss_unihan,ROOT-517C,1807.8125,2576.1875
qwen3_4b_2560d_int8,en_gloss_unihan,ROOT-5180,5373.0,5960.0
qwen3_4b_2560d_int8,en_gloss_unihan,ROOT-5183,2851.25,3742.75
qwen3_4b_2560d_int8,en_gloss_unihan,ROOT-5189,858.0,2395.0
qwen3_4b_2560d_int8,en_gloss_unihan,ROOT-518A,1643.0,3434.5
qwen3_4b_2560d_int8,en_gloss_unihan,ROOT-518E,2098.722222222222,3072.3888888888887
qwen3_4b_2560d_int8,en_gloss_unihan,ROOT-518F,-2445.0,-2199.0
qwen3_4b_2560d_int8,en_gloss_unihan,ROOT-5193,2771.2727272727275,3047.3636363636365
qwen3_4b_2560d_int8,en_gloss_unihan,ROOT-5198,2292.0,2590.3
qwen3_4b_2560d_int8,en_gloss_unihan,ROOT-51A2,0.0,0.0
qwen3_4b_2560d_int8,en_gloss_unihan,ROOT-51A5,3004.25,3168.5
qwen3_4b_2560d_int8,en_gloss_unihan,ROOT-51AB,-205.0,-425.0
qwen3_4b_2560d_int8,en_gloss_unihan,ROOT-51E0,2221.3333333333335,1813.5
qwen3_4b_2560d_int8,en_gloss_unihan,ROOT-51E1,2052.4,2690.8
qwen3_4b_2560d_int8,en_gloss_unihan,ROOT-51F6,3504.6666666666665,1673.3333333333333
qwen3_4b_2560d_int8,en_gloss_unihan,ROOT-51FA,1118.8333333333333,1282.1666666666667
qwen3_4b_2560d_int8,en_gloss_unihan,ROOT-51FD,1581.0,2818.0
qwen3_4b_2560d_int8,en_gloss_unihan,ROOT-5200,2327.0454545454545,2404.090909090909
qwen3_4b_2560d_int8,en_gloss_unihan,ROOT-5203,1465.4444444444443,1311.111111111111
qwen3_4b_2560d_int8,en_gloss_unihan,ROOT-5206,2021.8636363636363,2554.6363636363635
qwen3_4b_2560d_int8,en_gloss_unihan,ROOT-5211,1430.5,2004.5
qwen3_4b_2560d_int8,en_gloss_unihan,ROOT-5217,316.0,1204.0
qwen3_4b_2560d_int8,en_gloss_unihan,ROOT-5225,294.0,-346.0
qwen3_4b_2560d_int8,en_gloss_unihan,ROOT-5229,3408.5,4077.5
qwen3_4b_2560d_int8,en_gloss_unihan,ROOT-5236,-482.5,357.0
qwen3_4b_2560d_int8,en_gloss_unihan,ROOT-5247,1761.5,2286.8333333333335
qwen3_4b_2560d_int8,en_gloss_unihan,ROOT-524D,958.0,1704.0
qwen3_4b_2560d_int8,en_gloss_unihan,ROOT-529B,2029.2631578947369,2643.1052631578946
qwen3_4b_2560d_int8,en_gloss_unihan,ROOT-52A6,2951.0,4207.0
qwen3_4b_2560d_int8,en_gloss_unihan,ROOT-52DE,2788.75,2580.0
qwen3_4b_2560d_int8,en_gloss_unihan,ROOT-52F9,2145.0526315789475,2611.5789473684213
qwen3_4b_2560d_int8,en_gloss_unihan,ROOT-52FA,1214.2,2281.0666666666666
qwen3_4b_2560d_int8,en_gloss_unihan,ROOT-52FB,3022.3333333333335,3285.0
qwen3_4b_2560d_int8,en_gloss_unihan,ROOT-52FF,1441.125,2165.125
qwen3_4b_2560d_int8,en_gloss_unihan,ROOT-5303,2115.96,3177.0
qwen3_4b_2560d_int8,en_gloss_unihan,ROOT-5305,2133.9375,2774.25
qwen3_4b_2560d_int8,en_gloss_unihan,ROOT-530A,420.5,1277.3333333333333
qwen3_4b_2560d_int8,en_gloss_unihan,ROOT-5315,2651.0,2771.6315789473683
qwen3_4b_2560d_int8,en_gloss_unihan,ROOT-5317,3580.5,2870.5
qwen3_4b_2560d_int8,en_gloss_unihan,ROOT-5321,4016.6666666666665,4973.333333333333
qwen3_4b_2560d_int8,en_gloss_unihan,ROOT-5340,3347.5,3764.1428571428573
qwen3_4b_2560d_int8,en_gloss_unihan,ROOT-5341,1209.3333333333333,1694.3333333333333
qwen3_4b_2560d_int8,en_gloss_unihan,ROOT-5347,9.0,8.0
qwen3_4b_2560d_int8,en_gloss_unihan,ROOT-5348,2251.5,2433.0
qwen3_4b_2560d_int8,en_gloss_unihan,ROOT-5349,2662.0833333333335,2988.8333333333335
qwen3_4b_2560d_int8,en_gloss_unihan,ROOT-534A,570.25,775.875
qwen3_4b_2560d_int8,en_gloss_unihan,ROOT-5351,3428.0476190476193,3790.0
qwen3_4b_2560d_int8,en_gloss_unihan,ROOT-5352,2129.8823529411766,2070.764705882353
qwen3_4b_2560d_int8,en_gloss_unihan,ROOT-5353,1356.8,1571.7
qwen3_4b_2560d_int8,en_gloss_unihan,ROOT-5357,3991.0,6266.5
qwen3_4b_2560d_int8,en_gloss_unihan,ROOT-535C,640.5,440.25
qwen3_4b_2560d_int8,en_gloss_unihan,ROOT-535E,364.0,186.0
qwen3_4b_2560d_int8,en_gloss_unihan,ROOT-5360,2337.4736842105262,3137.5789473684213
qwen3_4b_2560d_int8,en_gloss_unihan,ROOT-536C,280.3333333333333,165.0
qwen3_4b_2560d_int8,en_gloss_unihan,ROOT-5371,2074.0,2300.3333333333335
qwen3_4b_2560d_int8,en_gloss_unihan,ROOT-5373,-921.5,-1498.5
qwen3_4b_2560d_int8,en_gloss_unihan,ROOT-5377,581.1428571428571,428.14285714285717
qwen3_4b_2560d_int8,en_gloss_unihan,ROOT-5378,791.6666666666666,889.3333333333334
qwen3_4b_2560d_int8,en_gloss_unihan,ROOT-5384,1111.3333333333333,1404.3333333333333
qwen3_4b_2560d_int8,en_gloss_unihan,ROOT-539F,1274.4,1927.0
qwen3_4b_2560d_int8,en_gloss_unihan,ROOT-53B6,2296.764705882353,2640.235294117647
qwen3_4b_2560d_int8,en_gloss_unihan,ROOT-53B7,2690.0,1613.0
qwen3_4b_2560d_int8,en_gloss_unihan,ROOT-53BB,2131.1666666666665,2012.6666666666667
qwen3_4b_2560d_int8,en_gloss_unihan,ROOT-53C3,2696.8,3242.8
qwen3_4b_2560d_int8,en_gloss_unihan,ROOT-53C8,1978.578947368421,2449.7368421052633
qwen3_4b_2560d_int8,en_gloss_unihan,ROOT-53C9,123.5,246.0
qwen3_4b_2560d_int8,en_gloss_unihan,ROOT-53CA,2156.3636363636365,2525.2727272727275
qwen3_4b_2560d_int8,en_gloss_unihan,ROOT-53CD,1436.2857142857142,2108.5714285714284
qwen3_4b_2560d_int8,en_gloss_unihan,ROOT-53D6,1791.090909090909,2203.181818181818
qwen3_4b_2560d_int8,en_gloss_unihan,ROOT-53D7,1829.5,2945.0
qwen3_4b_2560d_int8,en_gloss_unihan,ROOT-53E3,1817.75,1659.0
qwen3_4b_2560d_int8,en_gloss_unihan,ROOT-53E4,1856.1290322580646,2229.064516129032
qwen3_4b_2560d_int8,en_gloss_unihan,ROOT-53EA,1674.4,4442.0
qwen3_4b_2560d_int8,en_gloss_unihan,ROOT-53F2,1179.0,1830.0
qwen3_4b_2560d_int8,en_gloss_unihan,ROOT-53F8,2197.8,2239.2
qwen3_4b_2560d_int8,en_gloss_unihan,ROOT-5404,2488.848484848485,3331.060606060606
qwen3_4b_2560d_int8,en_gloss_unihan,ROOT-5405,2260.3076923076924,3132.4615384615386
qwen3_4b_2560d_int8,en_gloss_unihan,ROOT-5408,2137.423076923077,2293.576923076923
qwen3_4b_2560d_int8,en_gloss_unihan,ROOT-5409,2385.823529411765,2886.4117647058824
qwen3_4b_2560d_int8,en_gloss_unihan,ROOT-540C,3021.5,4045.5
qwen3_4b_2560d_int8,en_gloss_unihan,ROOT-540D,3772.5,2727.0
qwen3_4b_2560d_int8,en_gloss_unihan,ROOT-540E,3645.8333333333335,1616.8333333333333
qwen3_4b_2560d_int8,en_gloss_unihan,ROOT-5411,5260.0,6123.0
qwen3_4b_2560d_int8,en_gloss_unihan,ROOT-5433,944.5,2445.3333333333335
qwen3_4b_2560d_int8,en_gloss_unihan,ROOT-5442,1142.6,1961.4
qwen3_4b_2560d_int8,en_gloss_unihan,ROOT-544A,1398.2727272727273,1773.2727272727273
qwen3_4b_2560d_int8,en_gloss_unihan,ROOT-5468,2429.75,2499.0
qwen3_4b_2560d_int8,en_gloss_unihan,ROOT-548E,3475.0,4680.333333333333
qwen3_4b_2560d_int8,en_gloss_unihan,ROOT-54A2,3133.0,2987.625
qwen3_4b_2560d_int8,en_gloss_unihan,ROOT-54B8,1456.6363636363637,1045.4545454545455
qwen3_4b_2560d_int8,en_gloss_unihan,ROOT-54C1,678.0,319.0
qwen3_4b_2560d_int8,en_gloss_unihan,ROOT-54E1,2082.1428571428573,1509.0
qwen3_4b_2560d_int8,en_gloss_unihan,ROOT-54E5,588.0,768.0
qwen3_4b_2560d_int8,en_gloss_unihan,ROOT-5584,2613.3333333333335,2867.3333333333335
qwen3_4b_2560d_int8,en_gloss_unihan,ROOT-55AE,2137.95,2519.4
qwen3_4b_2560d_int8,en_gloss_unihan,ROOT-55BF,1348.0,1471.8333333333333
qwen3_4b_2560d_int8,en_gloss_unihan,ROOT-55C7,1468.8,1545.8
qwen3_4b_2560d_int8,en_gloss_unihan,ROOT-56B4,1891.5,2036.0
qwen3_4b_2560d_int8,en_gloss_unihan,ROOT-56D7,2250.3636363636365,2303.909090909091
qwen3_4b_2560d_int8,en_gloss_unihan,ROOT-56DA,4018.0,4522.0
qwen3_4b_2560d_int8,en_gloss_unihan,ROOT-56DB,796.0,1321.5
qwen3_4b_2560d_int8,en_gloss_unihan,ROOT-56DE,3348.5,3816.75
qwen3_4b_2560d_int8,en_gloss_unihan,ROOT-56E0,3851.4,4188.6
qwen3_4b_2560d_int8,en_gloss_unihan,ROOT-56F0,3384.0,3611.0
qwen3_4b_2560d_int8,en_gloss_unihan,ROOT-56F7,896.5,1052.5
qwen3_4b_2560d_int8,en_gloss_unihan,ROOT-56FA,1448.5,997.1666666666666
qwen3_4b_2560d_int8,en_gloss_unihan,ROOT-5702,1952.5,1209.5
qwen3_4b_2560d_int8,en_gloss_unihan,ROOT-571F,151.25,-228.75
qwen3_4b_2560d_int8,en_gloss_unihan,ROOT-5725,655.25,1251.5
qwen3_4b_2560d_int8,en_gloss_unihan,ROOT-572D,1848.4166666666667,2031.7916666666667
qwen3_4b_2560d_int8,en_gloss_unihan,ROOT-5750,1845.0,3365.0
qwen3_4b_2560d_int8,en_gloss_unihan,ROOT-5794,58.0,1.0
qwen3_4b_2560d_int8,en_gloss_unihan,ROOT-57F6,1130.3333333333333,903.6666666666666
qwen3_4b_2560d_int8,en_gloss_unihan,ROOT-57F7,2667.25,3385.25
qwen3_4b_2560d_int8,en_gloss_unihan,ROOT-5807,2170.0,1258.3333333333333
qwen3_4b_2560d_int8,en_gloss_unihan,ROOT-582F,2005.2105263157894,2071.5789473684213
qwen3_4b_2560d_int8,en_gloss_unihan,ROOT-58EB,1086.75,1363.75
qwen3_4b_2560d_int8,en_gloss_unihan,ROOT-58EC,1711.875,1574.125
qwen3_4b_2560d_int8,en_gloss_unihan,ROOT-58F4,853.8,882.6
qwen3_4b_2560d_int8,en_gloss_unihan,ROOT-58F9,1382.6,2314.4
qwen3_4b_2560d_int8,en_gloss_unihan,ROOT-58FD,3006.8,3115.8
qwen3_4b_2560d_int8,en_gloss_unihan,ROOT-5903,652.0,1038.0
qwen3_4b_2560d_int8,en_gloss_unihan,ROOT-590C,2656.0,2594.375
qwen3_4b_2560d_int8,en_gloss_unihan,ROOT-590D,3318.0,4492.0
qwen3_4b_2560d_int8,en_gloss_unihan,ROOT-590F,3264.6666666666665,3192.0
qwen3_4b_2560d_int8,en_gloss_unihan,ROOT-5915,1929.5,147.5
qwen3_4b_2560d_int8,en_gloss_unihan,ROOT-5917,2109.769230769231,3083.3846153846152
qwen3_4b_2560d_int8,en_gloss_unihan,ROOT-591A,2184.5555555555557,2832.6666666666665
qwen3_4b_2560d_int8,en_gloss_unihan,ROOT-591C,2887.6666666666665,4602.333333333333
qwen3_4b_2560d_int8,en_gloss_unihan,ROOT-5922,-610.0,-350.0
qwen3_4b_2560d_int8,en_gloss_unihan,ROOT-5927,1952.25,2088.75
qwen3_4b_2560d_int8,en_gloss_unihan,ROOT-5929,814.25,2066.5
qwen3_4b_2560d_int8,en_gloss_unihan,ROOT-592A,33.0,34.0
qwen3_4b_2560d_int8,en_gloss_unihan,ROOT-592B,1833.4285714285713,2380.0
qwen3_4b_2560d_int8,en_gloss_unihan,ROOT-592C,2756.0,5385.8
qwen3_4b_2560d_int8,en_gloss_unihan,ROOT-592D,1246.2,800.4
qwen3_4b_2560d_int8,en_gloss_unihan,ROOT-592E,3205.090909090909,3480.0
qwen3_4b_2560d_int8,en_gloss_unihan,ROOT-5932,2319.0,4252.0
qwen3_4b_2560d_int8,en_gloss_unihan,ROOT-5937,2065.8,2500.2
qwen3_4b_2560d_int8,en_gloss_unihan,ROOT-593E,1935.3076923076924,1991.076923076923
qwen3_4b_2560d_int8,en_gloss_unihan,ROOT-5944,1489.142857142857,2039.4285714285713
qwen3_4b_2560d_int8,en_gloss_unihan,ROOT-5948,2407.0,3207.0
qwen3_4b_2560d_int8,en_gloss_unihan,ROOT-5949,1136.3333333333333,2509.5
qwen3_4b_2560d_int8,en_gloss_unihan,ROOT-594F,950.5,1911.5
qwen3_4b_2560d_int8,en_gloss_unihan,ROOT-5950,331.75,605.0
qwen3_4b_2560d_int8,en_gloss_unihan,ROOT-595A,3431.6,3365.4
qwen3_4b_2560d_int8,en_gloss_unihan,ROOT-5967,2615.3333333333335,3033.6666666666665
qwen3_4b_2560d_int8,en_gloss_unihan,ROOT-5973,2556.9523809523807,3364.809523809524
qwen3_4b_2560d_int8,en_gloss_unihan,ROOT-599F,3417.6666666666665,3445.1666666666665
qwen3_4b_2560d_int8,en_gloss_unihan,ROOT-59A5,2311.75,3023.5
qwen3_4b_2560d_int8,en_gloss_unihan,ROOT-59BB,2596.5714285714284,3126.0
qwen3_4b_2560d_int8,en_gloss_unihan,ROOT-59BE,2034.25,2453.25
qwen3_4b_2560d_int8,en_gloss_unihan,ROOT-5A41,2439.0625,2513.3125
qwen3_4b_2560d_int8,en_gloss_unihan,ROOT-5B50,530.6666666666666,294.0
qwen3_4b_2560d_int8,en_gloss_unihan,ROOT-5B54,436.0,229.0
qwen3_4b_2560d_int8,en_gloss_unihan,ROOT-5B58,1350.6666666666667,1000.3333333333334
qwen3_4b_2560d_int8,en_gloss_unihan,ROOT-5B5A,2676.2,3360.8
qwen3_4b_2560d_int8,en_gloss_unihan,ROOT-5B5B,1443.0,1322.0
qwen3_4b_2560d_int8,en_gloss_unihan,ROOT-5B5D,3581.0,4480.5
qwen3_4b_2560d_int8,en_gloss_unihan,ROOT-5B63,7045.0,5072.0
qwen3_4b_2560d_int8,en_gloss_unihan,ROOT-5B68,5294.5,6150.5
qwen3_4b_2560d_int8,en_gloss_unihan,ROOT-5B6B,3565.0,2619.0
qwen3_4b_2560d_int8,en_gloss_unihan,ROOT-5B81,3784.8,3821.4
qwen3_4b_2560d_int8,en_gloss_unihan,ROOT-5B83,2622.9,3290.3
qwen3_4b_2560d_int8,en_gloss_unihan,ROOT-5B88,1117.0,1516.0
qwen3_4b_2560d_int8,en_gloss_unihan,ROOT-5B89,1977.0,2555.0
qwen3_4b_2560d_int8,en_gloss_unihan,ROOT-5B97,3474.75,3307.125
qwen3_4b_2560d_int8,en_gloss_unihan,ROOT-5B98,2712.125,2353.125
qwen3_4b_2560d_int8,en_gloss_unihan,ROOT-5B9A,1984.25,3151.75
qwen3_4b_2560d_int8,en_gloss_unihan,ROOT-5B9C,0.0,0.0
qwen3_4b_2560d_int8,en_gloss_unihan,ROOT-5BA3,3176.2,3220.4
qwen3_4b_2560d_int8,en_gloss_unihan,ROOT-5BB3,2216.2,2608.8
qwen3_4b_2560d_int8,en_gloss_unihan,ROOT-5BB6,2154.0,2599.0
qwen3_4b_2560d_int8,en_gloss_unihan,ROOT-5BBF,1478.5,2221.0
qwen3_4b_2560d_int8,en_gloss_unihan,ROOT-5BC5,397.3333333333333,1721.6666666666667
qwen3_4b_2560d_int8,en_gloss_unihan,ROOT-5BCD,2671.8333333333335,2451.8333333333335
qwen3_4b_2560d_int8,en_gloss_unihan,ROOT-5BD2,1583.5,3053.5
qwen3_4b_2560d_int8,en_gloss_unihan,ROOT-5BF8,169.8,282.0
qwen3_4b_2560d_int8,en_gloss_unihan,ROOT-5C01,975.0,3643.0
qwen3_4b_2560d_int8,en_gloss_unihan,ROOT-5C07,846.6,1158.4
qwen3_4b_2560d_int8,en_gloss_unihan,ROOT-5C08,2237.4615384615386,3458.6923076923076
qwen3_4b_2560d_int8,en_gloss_unihan,ROOT-5C09,1909.8,2836.2
qwen3_4b_2560d_int8,en_gloss_unihan,ROOT-5C0A,840.2857142857143,1311.7142857142858
qwen3_4b_2560d_int8,en_gloss_unihan,ROOT-5C0B,4917.333333333333,6522.0
qwen3_4b_2560d_int8,en_gloss_unihan,ROOT-5C0C,1197.3333333333333,1844.6666666666667
qwen3_4b_2560d_int8,en_gloss_unihan,ROOT-5C0D,327.0,102.0
qwen3_4b_2560d_int8,en_gloss_unihan,ROOT-5C0F,1944.3181818181818,1810.8181818181818
qwen3_4b_2560d_int8,en_gloss_unihan,ROOT-5C17,1729.4,2179.5
qwen3_4b_2560d_int8,en_gloss_unihan,ROOT-5C1A,1751.5,2252.5
qwen3_4b_2560d_int8,en_gloss_unihan,ROOT-5C28,130.66666666666666,310.3333333333333
qwen3_4b_2560d_int8,en_gloss_unihan,ROOT-5C39,2195.8571428571427,2680.714285714286
qwen3_4b_2560d_int8,en_gloss_unihan,ROOT-5C3E,-28.0,-284.0
qwen3_4b_2560d_int8,en_gloss_unihan,ROOT-5C40,1526.0,2470.5
qwen3_4b_2560d_int8,en_gloss_unihan,ROOT-5C48,557.0,362.5
qwen3_4b_2560d_int8,en_gloss_unihan,ROOT-5C4B,2041.5,2101.5
qwen3_4b_2560d_int8,en_gloss_unihan,ROOT-5C55,238.0,938.5
qwen3_4b_2560d_int8,en_gloss_unihan,ROOT-5C6F,1648.8,1623.0
qwen3_4b_2560d_int8,en_gloss_unihan,ROOT-5C70,1290.75,1773.75
qwen3_4b_2560d_int8,en_gloss_unihan,ROOT-5C71,1799.5,2271.25
qwen3_4b_2560d_int8,en_gloss_unihan,ROOT-5CA1,706.6,686.4
qwen3_4b_2560d_int8,en_gloss_unihan,ROOT-5CF6,955.0,1494.0
qwen3_4b_2560d_int8,en_gloss_unihan,ROOT-5D52,4530.0,5331.0
qwen3_4b_2560d_int8,en_gloss_unihan,ROOT-5DC2,2961.6,2771.0
qwen3_4b_2560d_int8,en_gloss_unihan,ROOT-5DDD,1384.8,2049.4
qwen3_4b_2560d_int8,en_gloss_unihan,ROOT-5DDE,197.0,284.5
qwen3_4b_2560d_int8,en_gloss_unihan,ROOT-5DDF,2385.5,1270.0
qwen3_4b_2560d_int8,en_gloss_unihan,ROOT-5DE2,1700.0,3193.0
qwen3_4b_2560d_int8,en_gloss_unihan,ROOT-5DE5,1841.0,2056.9583333333335
qwen3_4b_2560d_int8,en_gloss_unihan,ROOT-5DE6,-76.0,112.0
qwen3_4b_2560d_int8,en_gloss_unihan,ROOT-5DE8,2984.6,3204.9
qwen3_4b_2560d_int8,en_gloss_unihan,ROOT-5DEB,5037.0,3709.0
qwen3_4b_2560d_int8,en_gloss_unihan,ROOT-5DEE,986.3333333333334,1464.0
qwen3_4b_2560d_int8,en_gloss_unihan,ROOT-5DF1,1535.909090909091,1076.090909090909
qwen3_4b_2560d_int8,en_gloss_unihan,ROOT-5DF3,940.0,1437.25
qwen3_4b_2560d_int8,en_gloss_unihan,ROOT-5DF4,3688.4166666666665,5340.75
qwen3_4b_2560d_int8,en_gloss_unihan,ROOT-5DFF,5869.5,5481.5
qwen3_4b_2560d_int8,en_gloss_unihan,ROOT-5E00,2393.5,3813.0
qwen3_4b_2560d_int8,en_gloss_unihan,ROOT-5E0C,1694.6666666666667,2408.0
qwen3_4b_2560d_int8,en_gloss_unihan,ROOT-5E1A,1379.0,887.5
qwen3_4b_2560d_int8,en_gloss_unihan,ROOT-5E1D,1549.142857142857,2322.0
qwen3_4b_2560d_int8,en_gloss_unihan,ROOT-5E2D,45.0,35.0
qwen3_4b_2560d_int8,en_gloss_unihan,ROOT-5E36,787.5,2186.5
qwen3_4b_2560d_int8,en_gloss_unihan,ROOT-5E72,2862.2,3227.48
qwen3_4b_2560d_int8,en_gloss_unihan,ROOT-5E73,1735.7777777777778,1544.3333333333333
qwen3_4b_2560d_int8,en_gloss_unihan,ROOT-5E75,3146.0,2115.0
qwen3_4b_2560d_int8,en_gloss_unihan,ROOT-5E78,1672.6666666666667,2232.3333333333335
qwen3_4b_2560d_int8,en_gloss_unihan,ROOT-5E79,1459.0,3301.0
qwen3_4b_2560d_int8,en_gloss_unihan,ROOT-5E7A,2330.2,2506.8
qwen3_4b_2560d_int8,en_gloss_unihan,ROOT-5E9A,904.75,1411.0
qwen3_4b_2560d_int8,en_gloss_unihan,ROOT-5EB6,2373.5,3885.1666666666665
qwen3_4b_2560d_int8,en_gloss_unihan,ROOT-5EB7,1620.0,2530.0
qwen3_4b_2560d_int8,en_gloss_unihan,ROOT-5EDB,731.0,1100.0
qwen3_4b_2560d_int8,en_gloss_unihan,ROOT-5EFA,2750.1666666666665,3353.3333333333335
qwen3_4b_2560d_int8,en_gloss_unihan,ROOT-5F01,1092.0,1134.0
qwen3_4b_2560d_int8,en_gloss_unihan,ROOT-5F04,1120.0,2136.0
qwen3_4b_2560d_int8,en_gloss_unihan,ROOT-5F0B,2401.769230769231,2542.923076923077
qwen3_4b_2560d_int8,en_gloss_unihan,ROOT-5F0D,953.0,1532.0
qwen3_4b_2560d_int8,en_gloss_unihan,ROOT-5F13,1765.5,2067.0
qwen3_4b_2560d_int8,en_gloss_unihan,ROOT-5F15,809.0,1298.5
qwen3_4b_2560d_int8,en_gloss_unihan,ROOT-5F17,1379.3636363636363,1712.2727272727273
qwen3_4b_2560d_int8,en_gloss_unihan,ROOT-5F1F,1449.9,2672.5
qwen3_4b_2560d_int8,en_gloss_unihan,ROOT-5F31,1774.75,2098.75
qwen3_4b_2560d_int8,en_gloss_unihan,ROOT-5F54,1658.75,1901.375
qwen3_4b_2560d_int8,en_gloss_unihan,ROOT-5F56,197.875,79.625
qwen3_4b_2560d_int8,en_gloss_unihan,ROOT-5F57,472.25,1247.5
qwen3_4b_2560d_int8,en_gloss_unihan,ROOT-5F6A,2456.0,4003.0
qwen3_4b_2560d_int8,en_gloss_unihan,ROOT-5F6D,1440.0,2240.5
qwen3_4b_2560d_int8,en_gloss_unihan,ROOT-5F99,-241.0,483.0
qwen3_4b_2560d_int8,en_gloss_unihan,ROOT-5F9E,2143.25,3154.375
qwen3_4b_2560d_int8,en_gloss_unihan,ROOT-5FB9,532.0,1336.0
qwen3_4b_2560d_int8,en_gloss_unihan,ROOT-5FC3,4367.0,4594.0
qwen3_4b_2560d_int8,en_gloss_unihan,ROOT-5FC5,1776.8333333333333,2320.6666666666665
qwen3_4b_2560d_int8,en_gloss_unihan,ROOT-601D,4227.8,5104.4
qwen3_4b_2560d_int8,en_gloss_unihan,ROOT-6046,1111.0,6921.0
qwen3_4b_2560d_int8,en_gloss_unihan,ROOT-606F,3979.3333333333335,4946.666666666667
qwen3_4b_2560d_int8,en_gloss_unihan,ROOT-60E0,3616.6666666666665,6059.0
qwen3_4b_2560d_int8,en_gloss_unihan,ROOT-610F,893.8,949.2
qwen3_4b_2560d_int8,en_gloss_unihan,ROOT-611B,393.5,494.0
qwen3_4b_2560d_int8,en_gloss_unihan,ROOT-61B2,4049.0,5867.0
qwen3_4b_2560d_int8,en_gloss_unihan,ROOT-6208,809.0,814.0
qwen3_4b_2560d_int8,en_gloss_unihan,ROOT-620A,409.0,296.0
qwen3_4b_2560d_int8,en_gloss_unihan,ROOT-620D,2207.285714285714,3064.0
qwen3_4b_2560d_int8,en_gloss_unihan,ROOT-620E,4296.0,4129.0
qwen3_4b_2560d_int8,en_gloss_unihan,ROOT-6211,2086.8888888888887,4111.333333333333
qwen3_4b_2560d_int8,en_gloss_unihan,ROOT-6212,215.0,410.6666666666667
qwen3_4b_2560d_int8,en_gloss_unihan,ROOT-6214,1346.7857142857142,1563.9285714285713
qwen3_4b_2560d_int8,en_gloss_unihan,ROOT-6216,2355.1666666666665,3289.1666666666665
qwen3_4b_2560d_int8,en_gloss_unihan,ROOT-6236,-614.75,-598.5
qwen3_4b_2560d_int8,en_gloss_unihan,ROOT-6241,1117.0714285714287,1396.2857142857142
qwen3_4b_2560d_int8,en_gloss_unihan,ROOT-6247,1328.0,1985.0
qwen3_4b_2560d_int8,en_gloss_unihan,ROOT-624B,889.2727272727273,1224.3636363636363
qwen3_4b_2560d_int8,en_gloss_unihan,ROOT-624D,684.5,1000.5
qwen3_4b_2560d_int8,en_gloss_unihan,ROOT-6298,2173.25,3265.25
qwen3_4b_2560d_int8,en_gloss_unihan,ROOT-62DC,3429.0,5417.0
qwen3_4b_2560d_int8,en_gloss_unihan,ROOT-652F,2444.6666666666665,3083.3333333333335
qwen3_4b_2560d_int8,en_gloss_unihan,ROOT-6538,2066.5384615384614,2004.8461538461538
qwen3_4b_2560d_int8,en_gloss_unihan,ROOT-6544,5023.0,6452.0
qwen3_4b_2560d_int8,en_gloss_unihan,ROOT-6556,1560.25,1563.75
qwen3_4b_2560d_int8,en_gloss_unihan,ROOT-6558,5371.0,5561.0
qwen3_4b_2560d_int8,en_gloss_unihan,ROOT-6562,2714.5,1940.0
qwen3_4b_2560d_int8,en_gloss_unihan,ROOT-6563,446.0,1193.0
qwen3_4b_2560d_int8,en_gloss_unihan,ROOT-6566,3969.0,4471.0
qwen3_4b_2560d_int8,en_gloss_unihan,ROOT-6578,3773.5,6235.5
qwen3_4b_2560d_int8,en_gloss_unihan,ROOT-6587,1594.3333333333333,1500.2222222222222
qwen3_4b_2560d_int8,en_gloss_unihan,ROOT-658C,392.0,63.0
qwen3_4b_2560d_int8,en_gloss_unihan,ROOT-6597,1616.0,2915.3333333333335
qwen3_4b_2560d_int8,en_gloss_unihan,ROOT-65A4,3070.2272727272725,3019.3636363636365
qwen3_4b_2560d_int8,en_gloss_unihan,ROOT-65AC,2180.3333333333335,2939.3333333333335
qwen3_4b_2560d_int8,en_gloss_unihan,ROOT-65B0,-830.0,-1056.0
qwen3_4b_2560d_int8,en_gloss_unihan,ROOT-65B9,1355.55,1644.5
qwen3_4b_2560d_int8,en_gloss_unihan,ROOT-65BC,2662.0,2529.5
qwen3_4b_2560d_int8,en_gloss_unihan,ROOT-65C1,2412.4,2722.6
qwen3_4b_2560d_int8,en_gloss_unihan,ROOT-65C5,4325.0,6226.0
qwen3_4b_2560d_int8,en_gloss_unihan,ROOT-65CB,1629.0,2889.5
qwen3_4b_2560d_int8,en_gloss_unihan,ROOT-65CF,833.4,2358.6
qwen3_4b_2560d_int8,en_gloss_unihan,ROOT-65E2,1033.0,2953.0
qwen3_4b_2560d_int8,en_gloss_unihan,ROOT-65E5,2498.0,4091.0
qwen3_4b_2560d_int8,en_gloss_unihan,ROOT-65E6,2739.3478260869565,3037.8695652173915
qwen3_4b_2560d_int8,en_gloss_unihan,ROOT-65E8,1884.0,2156.222222222222
qwen3_4b_2560d_int8,en_gloss_unihan,ROOT-65EC,2505.0714285714284,2717.1428571428573
qwen3_4b_2560d_int8,en_gloss_unihan,ROOT-6606,2602.0,3219.4444444444443
qwen3_4b_2560d_int8,en_gloss_unihan,ROOT-660C,3047.1666666666665,2597.0
qwen3_4b_2560d_int8,en_gloss_unihan,ROOT-660E,-420.0,-195.0
qwen3_4b_2560d_int8,en_gloss_unihan,ROOT-660F,2170.25,1528.0
qwen3_4b_2560d_int8,en_gloss_unihan,ROOT-6613,2153.1428571428573,3176.1428571428573
qwen3_4b_2560d_int8,en_gloss_unihan,ROOT-6614,3602.5,3640.5
qwen3_4b_2560d_int8,en_gloss_unihan,ROOT-661C,1694.3157894736842,1932.2631578947369
qwen3_4b_2560d_int8,en_gloss_unihan,ROOT-661F,2611.0,2218.5
qwen3_4b_2560d_int8,en_gloss_unihan,ROOT-6625,1957.0,829.0
qwen3_4b_2560d_int8,en_gloss_unihan,ROOT-662F,2729.0,3218.0
qwen3_4b_2560d_int8,en_gloss_unihan,ROOT-6631,2.0,0.0
qwen3_4b_2560d_int8,en_gloss_unihan,ROOT-6649,102.0,206.0
qwen3_4b_2560d_int8,en_gloss_unihan,ROOT-66F0,1790.5,2576.0
qwen3_4b_2560d_int8,en_gloss_unihan,ROOT-66F4,3606.5,3716.0
qwen3_4b_2560d_int8,en_gloss_unihan,ROOT-66FC,2173.1666666666665,3099.3333333333335
qwen3_4b_2560d_int8,en_gloss_unihan,ROOT-66FE,2361.0,2096.7
qwen3_4b_2560d_int8,en_gloss_unihan,ROOT-6700,24.0,61.0
qwen3_4b_2560d_int8,en_gloss_unihan,ROOT-6701,1520.4285714285713,2462.4285714285716
qwen3_4b_2560d_int8,en_gloss_unihan,ROOT-6703,2724.181818181818,3002.3636363636365
qwen3_4b_2560d_int8,en_gloss_unihan,ROOT-6708,5385.0,5197.0
qwen3_4b_2560d_int8,en_gloss_unihan,ROOT-670B,2603.777777777778,4028.0
qwen3_4b_2560d_int8,en_gloss_unihan,ROOT-670D,2642.5,4967.5
qwen3_4b_2560d_int8,en_gloss_unihan,ROOT-6715,1354.0,1568.6666666666667
qwen3_4b_2560d_int8,en_gloss_unihan,ROOT-671D,1740.6666666666667,2119.0
qwen3_4b_2560d_int8,en_gloss_unihan,ROOT-6728,1728.5,1949.0
qwen3_4b_2560d_int8,en_gloss_unihan,ROOT-672A,2195.1666666666665,1994.1666666666667
qwen3_4b_2560d_int8,en_gloss_unihan,ROOT-672B,1700.1666666666667,2951.8333333333335
qwen3_4b_2560d_int8,en_gloss_unihan,ROOT-672C,-1116.0,-3443.0
qwen3_4b_2560d_int8,en_gloss_unihan,ROOT-672E,2465.8333333333335,2647.0
qwen3_4b_2560d_int8,en_gloss_unihan,ROOT-6731,1956.3333333333333,1918.0
qwen3_4b_2560d_int8,en_gloss_unihan,ROOT-6735,587.0,784.0
qwen3_4b_2560d_int8,en_gloss_unihan,ROOT-673F,413.25,928.0
qwen3_4b_2560d_int8,en_gloss_unihan,ROOT-6740,1791.0,3022.0
qwen3_4b_2560d_int8,en_gloss_unihan,ROOT-675F,2232.4545454545455,2705.6363636363635
qwen3_4b_2560d_int8,en_gloss_unihan,ROOT-6771,1097.0833333333333,1635.8333333333333
qwen3_4b_2560d_int8,en_gloss_unihan,ROOT-6797,1882.1818181818182,1868.909090909091
qwen3_4b_2560d_int8,en_gloss_unihan,ROOT-679C,2121.2727272727275,2672.5454545454545
qwen3_4b_2560d_int8,en_gloss_unihan,ROOT-67D0,1388.0,1499.0
qwen3_4b_2560d_int8,en_gloss_unihan,ROOT-67EC,2135.346153846154,2623.9615384615386
qwen3_4b_2560d_int8,en_gloss_unihan,ROOT-6817,4413.0,760.0
qwen3_4b_2560d_int8,en_gloss_unihan,ROOT-6840,315.0,378.5
qwen3_4b_2560d_int8,en_gloss_unihan,ROOT-6851,1511.0,1783.0
qwen3_4b_2560d_int8,en_gloss_unihan,ROOT-687C,2106.5,2754.0
qwen3_4b_2560d_int8,en_gloss_unihan,ROOT-68D8,1549.0,5444.0
qwen3_4b_2560d_int8,en_gloss_unihan,ROOT-696D,7814.0,2681.0
qwen3_4b_2560d_int8,en_gloss_unihan,ROOT-69AE,4155.5,4336.5
qwen3_4b_2560d_int8,en_gloss_unihan,ROOT-6A02,2155.375,3031.125
qwen3_4b_2560d_int8,en_gloss_unihan,ROOT-6A0A,1365.3333333333333,3199.6666666666665
qwen3_4b_2560d_int8,en_gloss_unihan,ROOT-6B20,3659.0,2928.0
qwen3_4b_2560d_int8,en_gloss_unihan,ROOT-6B2E,4686.833333333333,6059.666666666667
qwen3_4b_2560d_int8,en_gloss_unihan,ROOT-6B3D,497.0,635.0
qwen3_4b_2560d_int8,en_gloss_unihan,ROOT-6B62,2796.4,2891.4
qwen3_4b_2560d_int8,en_gloss_unihan,ROOT-6B63,1221.8,1468.8
qwen3_4b_2560d_int8,en_gloss_unihan,ROOT-6B65,449.0,737.5
qwen3_4b_2560d_int8,en_gloss_unihan,ROOT-6B66,4152.0,3290.5
qwen3_4b_2560d_int8,en_gloss_unihan,ROOT-6BB3,2587.5,2526.0
qwen3_4b_2560d_int8,en_gloss_unihan,ROOT-6BB5,1157.3333333333333,2146.0
qwen3_4b_2560d_int8,en_gloss_unihan,ROOT-6BB7,1671.0,1073.0
qwen3_4b_2560d_int8,en_gloss_unihan,ROOT-6BBF,4220.0,5800.5
qwen3_4b_2560d_int8,en_gloss_unihan,ROOT-6BC0,114.0,152.0
qwen3_4b_2560d_int8,en_gloss_unihan,ROOT-6BCC,581.3333333333334,1214.0
qwen3_4b_2560d_int8,en_gloss_unihan,ROOT-6BCD,-105.0,-1.5
qwen3_4b_2560d_int8,en_gloss_unihan,ROOT-6BCE,-40.0,12.0
qwen3_4b_2560d_int8,en_gloss_unihan,ROOT-6BCF,1199.0,2450.0
qwen3_4b_2560d_int8,en_gloss_unihan,ROOT-6BD4,2502.5833333333335,4316.583333333333
qwen3_4b_2560d_int8,en_gloss_unihan,ROOT-6BDA,880.375,1210.125
qwen3_4b_2560d_int8,en_gloss_unihan,ROOT-6BDB,1496.0,748.6666666666666
qwen3_4b_2560d_int8,en_gloss_unihan,ROOT-6BF3,489.0,1301.0
qwen3_4b_2560d_int8,en_gloss_unihan,ROOT-6C0F,1341.8333333333333,2311.6666666666665
qwen3_4b_2560d_int8,en_gloss_unihan,ROOT-6C10,1957.4375,1993.4375
qwen3_4b_2560d_int8,en_gloss_unihan,ROOT-6C11,1504.6666666666667,1416.3333333333333
qwen3_4b_2560d_int8,en_gloss_unihan,ROOT-6C14,352.75,474.75
qwen3_4b_2560d_int8,en_gloss_unihan,ROOT-6C38,1293.5,1390.5
qwen3_4b_2560d_int8,en_gloss_unihan,ROOT-6C42,775.8,1095.2
qwen3_4b_2560d_int8,en_gloss_unihan,ROOT-6C93,4233.5,4564.5
qwen3_4b_2560d_int8,en_gloss_unihan,ROOT-6C99,2383.75,2611.75
qwen3_4b_2560d_int8,en_gloss_unihan,ROOT-6C9B,1780.0,1098.0
qwen3_4b_2560d_int8,en_gloss_unihan,ROOT-6CC9,1938.0,4270.0
qwen3_4b_2560d_int8,en_gloss_unihan,ROOT-6CD5,4201.0,6168.0
qwen3_4b_2560d_int8,en_gloss_unihan,ROOT-6D3B,454.0,481.0
qwen3_4b_2560d_int8,en_gloss_unihan,ROOT-6ED5,4523.5,3001.5
qwen3_4b_2560d_int8,en_gloss_unihan,ROOT-6FD5,9.0,10.0
qwen3_4b_2560d_int8,en_gloss_unihan,ROOT-706B,2241.5,2112.0
qwen3_4b_2560d_int8,en_gloss_unihan,ROOT-708E,1998.2,2730.0666666666666
qwen3_4b_2560d_int8,en_gloss_unihan,ROOT-7097,1936.076923076923,2252.923076923077
qwen3_4b_2560d_int8,en_gloss_unihan,ROOT-70CF,3543.6666666666665,2955.3333333333335
qwen3_4b_2560d_int8,en_gloss_unihan,ROOT-7109,2637.6666666666665,1515.6666666666667
qwen3_4b_2560d_int8,en_gloss_unihan,ROOT-7121,2323.0,2844.5
qwen3_4b_2560d_int8,en_gloss_unihan,ROOT-7126,915.4285714285714,1145.7142857142858
qwen3_4b_2560d_int8,en_gloss_unihan,ROOT-7136,2708.5,4003.5
qwen3_4b_2560d_int8,en_gloss_unihan,ROOT-718F,1282.0,1477.6
qwen3_4b_2560d_int8,en_gloss_unihan,ROOT-71D5,783.75,1080.25
qwen3_4b_2560d_int8,en_gloss_unihan,ROOT-71DF,962.0,1269.0
qwen3_4b_2560d_int8,en_gloss_unihan,ROOT-722A,2389.0,2003.5
qwen3_4b_2560d_int8,en_gloss_unihan,ROOT-722D,1693.5,2243.1666666666665
qwen3_4b_2560d_int8,en_gloss_unihan,ROOT-7230,1835.6363636363637,3139.181818181818
qwen3_4b_2560d_int8,en_gloss_unihan,ROOT-7235,3692.6666666666665,5940.0
qwen3_4b_2560d_int8,en_gloss_unihan,ROOT-7236,1973.7368421052631,2100.6315789473683
qwen3_4b_2560d_int8,en_gloss_unihan,ROOT-723B,1272.6666666666667,1280.6666666666667
qwen3_4b_2560d_int8,en_gloss_unihan,ROOT-723D,5228.0,5781.0
qwen3_4b_2560d_int8,en_gloss_unihan,ROOT-723E,88.5,13.5
qwen3_4b_2560d_int8,en_gloss_unihan,ROOT-723F,875.5,890.5
qwen3_4b_2560d_int8,en_gloss_unihan,ROOT-7259,856.0,301.85714285714283
qwen3_4b_2560d_int8,en_gloss_unihan,ROOT-72AC,3556.0,1868.0
qwen3_4b_2560d_int8,en_gloss_unihan,ROOT-72AE,2302.7,3166.5
qwen3_4b_2560d_int8,en_gloss_unihan,ROOT-72C2,2361.0,1192.0
qwen3_4b_2560d_int8,en_gloss_unihan,ROOT-72C4,2773.6666666666665,2184.3333333333335
qwen3_4b_2560d_int8,en_gloss_unihan,ROOT-730B,0.0,0.0
qwen3_4b_2560d_int8,en_gloss_unihan,ROOT-7312,2787.0,2838.3333333333335
qwen3_4b_2560d_int8,en_gloss_unihan,ROOT-7384,1868.125,1318.75
qwen3_4b_2560d_int8,en_gloss_unihan,ROOT-7387,2891.5,3520.5
qwen3_4b_2560d_int8,en_gloss_unihan,ROOT-7389,788.0,1296.0
qwen3_4b_2560d_int8,en_gloss_unihan,ROOT-738B,823.6666666666666,590.0
qwen3_4b_2560d_int8,en_gloss_unihan,ROOT-74DC,3064.777777777778,3411.4444444444443
qwen3_4b_2560d_int8,en_gloss_unihan,ROOT-7504,4841.0,4234.0
qwen3_4b_2560d_int8,en_gloss_unihan,ROOT-7518,2867.2,2886.1
qwen3_4b_2560d_int8,en_gloss_unihan,ROOT-751A,1995.6363636363637,2357.7272727272725
qwen3_4b_2560d_int8,en_gloss_unihan,ROOT-751F,2418.1428571428573,2957.285714285714
qwen3_4b_2560d_int8,en_gloss_unihan,ROOT-7522,2343.0,2386.0
qwen3_4b_2560d_int8,en_gloss_unihan,ROOT-7528,1764.3333333333333,2651.0
qwen3_4b_2560d_int8,en_gloss_unihan,ROOT-752B,1973.0357142857142,2541.714285714286
qwen3_4b_2560d_int8,en_gloss_unihan,ROOT-7530,1546.5,1767.0
qwen3_4b_2560d_int8,en_gloss_unihan,ROOT-7531,2836.5625,3457.6875
qwen3_4b_2560d_int8,en_gloss_unihan,ROOT-7532,3091.8888888888887,2924.6666666666665
qwen3_4b_2560d_int8,en_gloss_unihan,ROOT-7533,1099.6,1318.6
qwen3_4b_2560d_int8,en_gloss_unihan,ROOT-7540,3002.75,3053.0
qwen3_4b_2560d_int8,en_gloss_unihan,ROOT-754F,1481.4,1458.0
qwen3_4b_2560d_int8,en_gloss_unihan,ROOT-7550,4798.0,6849.0
qwen3_4b_2560d_int8,en_gloss_unihan,ROOT-755C,1857.6666666666667,730.3333333333334
qwen3_4b_2560d_int8,en_gloss_unihan,ROOT-755F,649.5,847.5
qwen3_4b_2560d_int8,en_gloss_unihan,ROOT-7562,3908.0,4901.0
qwen3_4b_2560d_int8,en_gloss_unihan,ROOT-756B,1295.5,1501.5
qwen3_4b_2560d_int8,en_gloss_unihan,ROOT-7570,181.0,742.0
qwen3_4b_2560d_int8,en_gloss_unihan,ROOT-758B,1697.0,2445.1428571428573
qwen3_4b_2560d_int8,en_gloss_unihan,ROOT-7591,1645.3333333333333,1584.5
qwen3_4b_2560d_int8,en_gloss_unihan,ROOT-75BE,33.0,22.0
qwen3_4b_2560d_int8,en_gloss_unihan,ROOT-7678,2414.4,2291.8
qwen3_4b_2560d_int8,en_gloss_unihan,ROOT-7679,-194.66666666666666,-190.66666666666666
qwen3_4b_2560d_int8,en_gloss_unihan,ROOT-767D,2880.0,3260.4
qwen3_4b_2560d_int8,en_gloss_unihan,ROOT-7683,-2436.0,-3823.0
qwen3_4b_2560d_int8,en_gloss_unihan,ROOT-7686,1101.5,1144.5
qwen3_4b_2560d_int8,en_gloss_unihan,ROOT-7687,4137.571428571428,4002.5714285714284
qwen3_4b_2560d_int8,en_gloss_unihan,ROOT-7695,-905.0,-1736.0
qwen3_4b_2560d_int8,en_gloss_unihan,ROOT-76AE,1847.3333333333333,1975.2222222222222
qwen3_4b_2560d_int8,en_gloss_unihan,ROOT-76BF,1597.0,2643.6666666666665
qwen3_4b_2560d_int8,en_gloss_unihan,ROOT-76CA,2032.2857142857142,2467.5714285714284
qwen3_4b_2560d_int8,en_gloss_unihan,ROOT-76CD,825.0,2960.0
qwen3_4b_2560d_int8,en_gloss_unihan,ROOT-76E1,1225.25,2472.0
qwen3_4b_2560d_int8,en_gloss_unihan,ROOT-76E3,2211.0,2916.818181818182
qwen3_4b_2560d_int8,en_gloss_unihan,ROOT-76F4,2263.25,3657.5
qwen3_4b_2560d_int8,en_gloss_unihan,ROOT-76F8,1503.142857142857,2455.1428571428573
qwen3_4b_2560d_int8,en_gloss_unihan,ROOT-76FE,957.25,811.75
qwen3_4b_2560d_int8,en_gloss_unihan,ROOT-7707,-88.5,-44.0
qwen3_4b_2560d_int8,en_gloss_unihan,ROOT-7709,750.0,131.0
qwen3_4b_2560d_int8,en_gloss_unihan,ROOT-7714,128.0,258.5
qwen3_4b_2560d_int8,en_gloss_unihan,ROOT-771F,4061.5,4858.5
qwen3_4b_2560d_int8,en_gloss_unihan,ROOT-773E,1097.0,311.0
qwen3_4b_2560d_int8,en_gloss_unihan,ROOT-776A,2461.0,3542.4
qwen3_4b_2560d_int8,en_gloss_unihan,ROOT-777F,2599.0,3108.0
qwen3_4b_2560d_int8,en_gloss_unihan,ROOT-77DB,1423.1666666666667,1718.0
qwen3_4b_2560d_int8,en_gloss_unihan,ROOT-77DE,2887.3333333333335,2973.777777777778
qwen3_4b_2560d_int8,en_gloss_unihan,ROOT-77E2,1502.8333333333333,2322.8333333333335
qwen3_4b_2560d_int8,en_gloss_unihan,ROOT-77F3,1994.857142857143,3324.5714285714284
qwen3_4b_2560d_int8,en_gloss_unihan,ROOT-793A,-888.6666666666666,-260.6666666666667
qwen3_4b_2560d_int8,en_gloss_unihan,ROOT-796D,2328.8333333333335,2273.1666666666665
qwen3_4b_2560d_int8,en_gloss_unihan,ROOT-79B9,3156.75,1902.0
qwen3_4b_2560d_int8,en_gloss_unihan,ROOT-79BA,1660.1818181818182,1742.0
qwen3_4b_2560d_int8,en_gloss_unihan,ROOT-79BB,2579.5454545454545,2585.7272727272725
qwen3_4b_2560d_int8,en_gloss_unihan,ROOT-79BE,928.6428571428571,1377.2857142857142
qwen3_4b_2560d_int8,en_gloss_unihan,ROOT-79C0,1236.6666666666667,1146.0
qwen3_4b_2560d_int8,en_gloss_unihan,ROOT-79CB,3423.285714285714,5390.142857142857
qwen3_4b_2560d_int8,en_gloss_unihan,ROOT-79DD,0.0,0.0
qwen3_4b_2560d_int8,en_gloss_unihan,ROOT-79E6,1998.6666666666667,1601.3333333333333
qwen3_4b_2560d_int8,en_gloss_unihan,ROOT-7ACB,3823.25,4091.625
qwen3_4b_2560d_int8,en_gloss_unihan,ROOT-7ADF,1641.5,2370.0
qwen3_4b_2560d_int8,en_gloss_unihan,ROOT-7AE0,3196.3333333333335,2972.3333333333335
qwen3_4b_2560d_int8,en_gloss_unihan,ROOT-7AE5,2913.090909090909,3449.6363636363635
qwen3_4b_2560d_int8,en_gloss_unihan,ROOT-7AF9,-206.0,-157.0
qwen3_4b_2560d_int8,en_gloss_unihan,ROOT-7B6E,4348.0,5240.0
qwen3_4b_2560d_int8,en_gloss_unihan,ROOT-7B97,3244.5,3982.0
qwen3_4b_2560d_int8,en_gloss_unihan,ROOT-7C73,1945.6,876.2
qwen3_4b_2560d_int8,en_gloss_unihan,ROOT-7CFB,3239.5,1730.5
qwen3_4b_2560d_int8,en_gloss_unihan,ROOT-7D2F,2609.6666666666665,2771.6666666666665
qwen3_4b_2560d_int8,en_gloss_unihan,ROOT-7D55,1246.0,529.0
qwen3_4b_2560d_int8,en_gloss_unihan,ROOT-7DBF,0.0,0.0
qwen3_4b_2560d_int8,en_gloss_unihan,ROOT-7E23,740.0,1488.0
qwen3_4b_2560d_int8,en_gloss_unihan,ROOT-7F54,1628.0,969.6666666666666
qwen3_4b_2560d_int8,en_gloss_unihan,ROOT-7F72,3148.0,4480.0
qwen3_4b_2560d_int8,en_gloss_unihan,ROOT-7F77,274.0,369.0
qwen3_4b_2560d_int8,en_gloss_unihan,ROOT-7F85,1936.3333333333333,2186.0
qwen3_4b_2560d_int8,en_gloss_unihan,ROOT-7F8A,1595.6666666666667,1511.4166666666667
qwen3_4b_2560d_int8,en_gloss_unihan,ROOT-7F94,867.0,728.0
qwen3_4b_2560d_int8,en_gloss_unihan,ROOT-7FA9,972.5,1704.125
qwen3_4b_2560d_int8,en_gloss_unihan,ROOT-7FBD,-438.0,-222.0
qwen3_4b_2560d_int8,en_gloss_unihan,ROOT-7FCF,1936.1052631578948,2246.842105263158
qwen3_4b_2560d_int8,en_gloss_unihan,ROOT-7FD2,2521.6666666666665,2887.3333333333335
qwen3_4b_2560d_int8,en_gloss_unihan,ROOT-7FDF,2593.875,2221.125
qwen3_4b_2560d_int8,en_gloss_unihan,ROOT-800C,2028.888888888889,2844.8888888888887
qwen3_4b_2560d_int8,en_gloss_unihan,ROOT-8011,2059.0,2185.625
qwen3_4b_2560d_int8,en_gloss_unihan,ROOT-8012,2668.0,2885.0
qwen3_4b_2560d_int8,en_gloss_unihan,ROOT-8024,-631.0,-41.0
qwen3_4b_2560d_int8,en_gloss_unihan,ROOT-8033,1273.0,1448.0666666666666
qwen3_4b_2560d_int8,en_gloss_unihan,ROOT-8034,4775.0,4466.0
qwen3_4b_2560d_int8,en_gloss_unihan,ROOT-8036,3094.0,4001.5
qwen3_4b_2560d_int8,en_gloss_unihan,ROOT-8056,5709.0,5901.0
qwen3_4b_2560d_int8,en_gloss_unihan,ROOT-8076,2631.8571428571427,2983.285714285714
qwen3_4b_2560d_int8,en_gloss_unihan,ROOT-807D,3015.0,3219.0
qwen3_4b_2560d_int8,en_gloss_unihan,ROOT-807F,3134.0,3899.5454545454545
qwen3_4b_2560d_int8,en_gloss_unihan,ROOT-8089,3491.5,5081.5
qwen3_4b_2560d_int8,en_gloss_unihan,ROOT-8099,2821.75,3211.75
qwen3_4b_2560d_int8,en_gloss_unihan,ROOT-80C3,2847.5,1304.5
qwen3_4b_2560d_int8,en_gloss_unihan,ROOT-810A,1576.0,1479.0
qwen3_4b_2560d_int8,en_gloss_unihan,ROOT-81E4,857.0,809.0
qwen3_4b_2560d_int8,en_gloss_unihan,ROOT-81EA,326.3333333333333,546.3333333333334
qwen3_4b_2560d_int8,en_gloss_unihan,ROOT-81ED,2449.5,3260.0
qwen3_4b_2560d_int8,en_gloss_unihan,ROOT-81F3,2205.9333333333334,2421.4
qwen3_4b_2560d_int8,en_gloss_unihan,ROOT-81FA,7643.0,7231.0
qwen3_4b_2560d_int8,en_gloss_unihan,ROOT-81FD,4454.0,6067.0
qwen3_4b_2560d_int8,en_gloss_unihan,ROOT-81FE,2968.1666666666665,4110.5
qwen3_4b_2560d_int8,en_gloss_unihan,ROOT-81FF,1041.3333333333333,1398.3333333333333
qwen3_4b_2560d_int8,en_gloss_unihan,ROOT-8200,2980.3333333333335,2617.0
qwen3_4b_2560d_int8,en_gloss_unihan,ROOT-8201,3315.0,3260.285714285714
qwen3_4b_2560d_int8,en_gloss_unihan,ROOT-8202,416.0,2686.5
qwen3_4b_2560d_int8,en_gloss_unihan,ROOT-8204,1827.6666666666667,1429.6666666666667
qwen3_4b_2560d_int8,en_gloss_unihan,ROOT-820C,597.0,311.0
qwen3_4b_2560d_int8,en_gloss_unihan,ROOT-821C,2741.5,3421.5
qwen3_4b_2560d_int8,en_gloss_unihan,ROOT-821F,2299.6666666666665,1726.0
qwen3_4b_2560d_int8,en_gloss_unihan,ROOT-822C,2464.285714285714,3453.714285714286
qwen3_4b_2560d_int8,en_gloss_unihan,ROOT-826E,3603.0,1895.0
qwen3_4b_2560d_int8,en_gloss_unihan,ROOT-826F,3356.3076923076924,3456.4615384615386
qwen3_4b_2560d_int8,en_gloss_unihan,ROOT-82BB,2986.1666666666665,2980.1666666666665
qwen3_4b_2560d_int8,en_gloss_unihan,ROOT-82D7,1480.6666666666667,2401.6666666666665
qwen3_4b_2560d_int8,en_gloss_unihan,ROOT-82E5,1746.6666666666667,2157.1666666666665
qwen3_4b_2560d_int8,en_gloss_unihan,ROOT-830D,497.6,749.0
qwen3_4b_2560d_int8,en_gloss_unihan,ROOT-8332,1152.6666666666667,2577.3333333333335
qwen3_4b_2560d_int8,en_gloss_unihan,ROOT-83AB,2505.5,3115.6666666666665
qwen3_4b_2560d_int8,en_gloss_unihan,ROOT-83D0,571.0,4224.0
qwen3_4b_2560d_int8,en_gloss_unihan,ROOT-83EF,2244.0,3543.0
qwen3_4b_2560d_int8,en_gloss_unihan,ROOT-8408,2813.0,5311.0
qwen3_4b_2560d_int8,en_gloss_unihan,ROOT-842C,2217.285714285714,2984.5714285714284
qwen3_4b_2560d_int8,en_gloss_unihan,ROOT-8457,2323.0,2457.0
qwen3_4b_2560d_int8,en_gloss_unihan,ROOT-8499,3389.25,2862.75
qwen3_4b_2560d_int8,en_gloss_unihan,ROOT-8511,4312.75,4664.25
qwen3_4b_2560d_int8,en_gloss_unihan,ROOT-864D,261.5,900.5
qwen3_4b_2560d_int8,en_gloss_unihan,ROOT-864E,105.5,61.0
qwen3_4b_2560d_int8,en_gloss_unihan,ROOT-8650,3175.5,2210.0
qwen3_4b_2560d_int8,en_gloss_unihan,ROOT-865F,2151.0,2128.0
qwen3_4b_2560d_int8,en_gloss_unihan,ROOT-86A4,1140.3333333333333,1548.3333333333333
qwen3_4b_2560d_int8,en_gloss_unihan,ROOT-8700,2383.6153846153848,3303.3846153846152
qwen3_4b_2560d_int8,en_gloss_unihan,ROOT-8806,189.0,120.0
qwen3_4b_2560d_int8,en_gloss_unihan,ROOT-8840,2040.3333333333333,2109.6666666666665
qwen3_4b_2560d_int8,en_gloss_unihan,ROOT-884C,3152.0,3412.0
qwen3_4b_2560d_int8,en_gloss_unihan,ROOT-884D,813.0,316.0
qwen3_4b_2560d_int8,en_gloss_unihan,ROOT-8863,1330.3333333333333,941.3333333333334
qwen3_4b_2560d_int8,en_gloss_unihan,ROOT-8868,10.0,60.0
qwen3_4b_2560d_int8,en_gloss_unihan,ROOT-8870,3332.0,3920.6666666666665
qwen3_4b_2560d_int8,en_gloss_unihan,ROOT-8881,1260.8333333333333,1866.0
qwen3_4b_2560d_int8,en_gloss_unihan,ROOT-8944,2410.3333333333335,3431.8333333333335
qwen3_4b_2560d_int8,en_gloss_unihan,ROOT-897E,2514.6666666666665,2004.3333333333333
qwen3_4b_2560d_int8,en_gloss_unihan,ROOT-897F,2913.6666666666665,1900.0
qwen3_4b_2560d_int8,en_gloss_unihan,ROOT-8983,298.0,412.0
qwen3_4b_2560d_int8,en_gloss_unihan,ROOT-898B,4505.875,3295.375
qwen3_4b_2560d_int8,en_gloss_unihan,ROOT-898F,321.0,713.5
qwen3_4b_2560d_int8,en_gloss_unihan,ROOT-89AA,2708.0,2836.0
qwen3_4b_2560d_int8,en_gloss_unihan,ROOT-89BA,132.0,183.0
qwen3_4b_2560d_int8,en_gloss_unihan,ROOT-89D2,1107.6,634.2
qwen3_4b_2560d_int8,en_gloss_unihan,ROOT-89E3,2828.3333333333335,3817.0
qwen3_4b_2560d_int8,en_gloss_unihan,ROOT-8A79,1531.3333333333333,1904.9166666666667
qwen3_4b_2560d_int8,en_gloss_unihan,ROOT-8C37,1300.9333333333334,1451.7333333333333
qwen3_4b_2560d_int8,en_gloss_unihan,ROOT-8C46,2251.9411764705883,2559.470588235294
qwen3_4b_2560d_int8,en_gloss_unihan,ROOT-8C48,1519.3636363636363,2233.181818181818
qwen3_4b_2560d_int8,en_gloss_unihan,ROOT-8C50,4596.5,1752.5
qwen3_4b_2560d_int8,en_gloss_unihan,ROOT-8C5A,1774.0,907.0
qwen3_4b_2560d_int8,en_gloss_unihan,ROOT-8C61,501.5,121.0
qwen3_4b_2560d_int8,en_gloss_unihan,ROOT-8C66,2943.8,3600.0
qwen3_4b_2560d_int8,en_gloss_unihan,ROOT-8C6A,1793.0,2027.5
qwen3_4b_2560d_int8,en_gloss_unihan,ROOT-8C9D,1234.0,839.3333333333334
qwen3_4b_2560d_int8,en_gloss_unihan,ROOT-8C9E,1956.6,2452.4
qwen3_4b_2560d_int8,en_gloss_unihan,ROOT-8CAC,1437.0,2554.714285714286
qwen3_4b_2560d_int8,en_gloss_unihan,ROOT-8CB4,3024.25,3318.5
qwen3_4b_2560d_int8,en_gloss_unihan,ROOT-8CCF,1950.3333333333333,2378.3333333333335
qwen3_4b_2560d_int8,en_gloss_unihan,ROOT-8CEA,4181.0,4112.0
qwen3_4b_2560d_int8,en_gloss_unihan,ROOT-8D0A,1046.0,1570.4285714285713
qwen3_4b_2560d_int8,en_gloss_unihan,ROOT-8D14,12.0,1.0
qwen3_4b_2560d_int8,en_gloss_unihan,ROOT-8D1B,3021.0,4256.0
qwen3_4b_2560d_int8,en_gloss_unihan,ROOT-8D64,5284.0,182.0
qwen3_4b_2560d_int8,en_gloss_unihan,ROOT-8D66,4267.0,5026.0
qwen3_4b_2560d_int8,en_gloss_unihan,ROOT-8D6B,1697.0,1107.0
qwen3_4b_2560d_int8,en_gloss_unihan,ROOT-8D70,387.0,2089.0
qwen3_4b_2560d_int8,en_gloss_unihan,ROOT-8DB3,1361.5,2040.75
qwen3_4b_2560d_int8,en_gloss_unihan,ROOT-8ECD,1926.5333333333333,2225.5333333333333
qwen3_4b_2560d_int8,en_gloss_unihan,ROOT-8F26,-694.0,880.0
qwen3_4b_2560d_int8,en_gloss_unihan,ROOT-8F9B,1463.0,1194.5
qwen3_4b_2560d_int8,en_gloss_unihan,ROOT-8F9F,2819.6875,3223.125
qwen3_4b_2560d_int8,en_gloss_unihan,ROOT-8FB0,2580.5,2284.6
qwen3_4b_2560d_int8,en_gloss_unihan,ROOT-8FB1,2804.0,3040.0
qwen3_4b_2560d_int8,en_gloss_unihan,ROOT-8FB2,-394.5,349.5
qwen3_4b_2560d_int8,en_gloss_unihan,ROOT-9000,2206.5,2043.5
qwen3_4b_2560d_int8,en_gloss_unihan,ROOT-9023,3771.0,3840.8
qwen3_4b_2560d_int8,en_gloss_unihan,ROOT-9054,2446.3333333333335,3457.6666666666665
qwen3_4b_2560d_int8,en_gloss_unihan,ROOT-9069,1545.0,1036.0
qwen3_4b_2560d_int8,en_gloss_unihan,ROOT-9077,912.0,3112.0
qwen3_4b_2560d_int8,en_gloss_unihan,ROOT-9091,5329.75,5242.25
qwen3_4b_2560d_int8,en_gloss_unihan,ROOT-9095,1564.0,298.3333333333333
qwen3_4b_2560d_int8,en_gloss_unihan,ROOT-90A3,1019.0,1185.0
qwen3_4b_2560d_int8,en_gloss_unihan,ROOT-90CE,3431.0,5284.0
qwen3_4b_2560d_int8,en_gloss_unihan,ROOT-90E8,-212.0,-151.0
qwen3_4b_2560d_int8,en_gloss_unihan,ROOT-90ED,50.5,343.0
qwen3_4b_2560d_int8,en_gloss_unihan,ROOT-9109,1690.5,1797.0
qwen3_4b_2560d_int8,en_gloss_unihan,ROOT-912D,3484.0,4177.5
qwen3_4b_2560d_int8,en_gloss_unihan,ROOT-9149,166.0,-187.0
qwen3_4b_2560d_int8,en_gloss_unihan,ROOT-914B,2417.375,1887.125
qwen3_4b_2560d_int8,en_gloss_unihan,ROOT-91C1,3959.0,5180.0
qwen3_4b_2560d_int8,en_gloss_unihan,ROOT-91C6,1489.6190476190477,2051.0
qwen3_4b_2560d_int8,en_gloss_unihan,ROOT-91C7,646.4,941.0
qwen3_4b_2560d_int8,en_gloss_unihan,ROOT-91CC,2046.7272727272727,2690.181818181818
qwen3_4b_2560d_int8,en_gloss_unihan,ROOT-91CF,1830.0,1672.0
qwen3_4b_2560d_int8,en_gloss_unihan,ROOT-9577,2686.5,2506.6
qwen3_4b_2560d_int8,en_gloss_unihan,ROOT-9580,1595.7142857142858,1421.2857142857142
qwen3_4b_2560d_int8,en_gloss_unihan,ROOT-958F,2468.0,3550.0
qwen3_4b_2560d_int8,en_gloss_unihan,ROOT-9591,863.0,1288.0
qwen3_4b_2560d_int8,en_gloss_unihan,ROOT-9592,1800.3333333333333,1579.6666666666667
qwen3_4b_2560d_int8,en_gloss_unihan,ROOT-95B5,1374.0,1482.0
qwen3_4b_2560d_int8,en_gloss_unihan,ROOT-961C,2140.0,1367.0
qwen3_4b_2560d_int8,en_gloss_unihan,ROOT-9673,856.0,2182.0
qwen3_4b_2560d_int8,en_gloss_unihan,ROOT-9686,4016.0,4375.0
qwen3_4b_2560d_int8,en_gloss_unihan,ROOT-968B,1115.0,846.0
qwen3_4b_2560d_int8,en_gloss_unihan,ROOT-96A8,4674.0,2961.0
qwen3_4b_2560d_int8,en_gloss_unihan,ROOT-96B9,1299.0,1432.142857142857
qwen3_4b_2560d_int8,en_gloss_unihan,ROOT-96BB,2144.8,2443.2
qwen3_4b_2560d_int8,en_gloss_unihan,ROOT-96BC,-329.0,-255.0
qwen3_4b_2560d_int8,en_gloss_unihan,ROOT-96CB,2691.0,2988.6666666666665
qwen3_4b_2560d_int8,en_gloss_unihan,ROOT-96CD,3955.0,5215.0
qwen3_4b_2560d_int8,en_gloss_unihan,ROOT-96DC,626.0,48.0
qwen3_4b_2560d_int8,en_gloss_unihan,ROOT-96E3,1565.25,1559.5
qwen3_4b_2560d_int8,en_gloss_unihan,ROOT-96E9,3291.0,3495.0
qwen3_4b_2560d_int8,en_gloss_unihan,ROOT-96F7,1970.5,2488.5
qwen3_4b_2560d_int8,en_gloss_unihan,ROOT-9700,3657.5454545454545,4858.818181818182
qwen3_4b_2560d_int8,en_gloss_unihan,ROOT-9752,1704.25,1580.0625
qwen3_4b_2560d_int8,en_gloss_unihan,ROOT-975E,2865.7619047619046,3012.809523809524
qwen3_4b_2560d_int8,en_gloss_unihan,ROOT-9762,908.0,370.0
qwen3_4b_2560d_int8,en_gloss_unihan,ROOT-9808,1.0,2.0
qwen3_4b_2560d_int8,en_gloss_unihan,ROOT-983B,1194.0,822.0
qwen3_4b_2560d_int8,en_gloss_unihan,ROOT-985B,1280.0,531.0
qwen3_4b_2560d_int8,en_gloss_unihan,ROOT-9865,-1010.0,-572.0
qwen3_4b_2560d_int8,en_gloss_unihan,ROOT-99AC,1431.5,1762.75
qwen3_4b_2560d_int8,en_gloss_unihan,ROOT-9AD8,2629.8275862068967,2379.9655172413795
qwen3_4b_2560d_int8,en_gloss_unihan,ROOT-9B32,1940.0,3430.75
qwen3_4b_2560d_int8,en_gloss_unihan,ROOT-9B3C,1969.1666666666667,2032.8333333333333
qwen3_4b_2560d_int8,en_gloss_unihan,ROOT-9B5A,209.33333333333334,632.3333333333334
qwen3_4b_2560d_int8,en_gloss_unihan,ROOT-9BAE,5224.0,6123.0
qwen3_4b_2560d_int8,en_gloss_unihan,ROOT-9CE5,2519.5,2080.0
qwen3_4b_2560d_int8,en_gloss_unihan,ROOT-9E75,-144.0,-116.0
qwen3_4b_2560d_int8,en_gloss_unihan,ROOT-9E7F,2969.5,4140.0
qwen3_4b_2560d_int8,en_gloss_unihan,ROOT-9E83,340.25,538.0
qwen3_4b_2560d_int8,en_gloss_unihan,ROOT-9E97,1310.75,2893.0
qwen3_4b_2560d_int8,en_gloss_unihan,ROOT-9ED1,-2.0,28.0
qwen3_4b_2560d_int8,en_gloss_unihan,ROOT-9EFD,4474.0,4828.0
qwen3_4b_2560d_int8,en_gloss_unihan,ROOT-9F13,390.0,324.0
qwen3_4b_2560d_int8,en_gloss_unihan,ROOT-9F4A,1583.4,1951.7
qwen3_4b_2560d_int8,en_gloss_unihan,ROOT-9F8D,2108.1428571428573,2186.0714285714284
qwen3_4b_2560d_int8,en_gloss_unihan,ROOT-9FA0,2287.6,2246.2
qwen3_4b_2560d_int8,zh_char,ROOT-20000,1410.0,1997.9736842105262
qwen3_4b_2560d_int8,zh_char,ROOT-20086,2154.625,2609.0
qwen3_4b_2560d_int8,zh_char,ROOT-200A2,1402.5,1484.0
qwen3_4b_2560d_int8,zh_char,ROOT-200A4,3193.3333333333335,2164.3333333333335
qwen3_4b_2560d_int8,zh_char,ROOT-2010C,3037.0,1943.6
qwen3_4b_2560d_int8,zh_char,ROOT-2053E,6547.8,4424.8
qwen3_4b_2560d_int8,zh_char,ROOT-20A7A,1242.0,508.0
qwen3_4b_2560d_int8,zh_char,ROOT-20CCB,3740.5,4344.5
qwen3_4b_2560d_int8,zh_char,ROOT-2123C,2635.6666666666665,2404.722222222222
qwen3_4b_2560d_int8,zh_char,ROOT-219CD,2079.6,2532.2
qwen3_4b_2560d_int8,zh_char,ROOT-21C55,1204.3333333333333,3449.3333333333335
qwen3_4b_2560d_int8,zh_char,ROOT-21FE7,4158.75,4093.75
qwen3_4b_2560d_int8,zh_char,ROOT-22398,350.5,452.5
qwen3_4b_2560d_int8,zh_char,ROOT-2274A,3691.4,3665.8
qwen3_4b_2560d_int8,zh_char,ROOT-2304B,-112.0,133.0
qwen3_4b_2560d_int8,zh_char,ROOT-23386,2464.5,3177.5
qwen3_4b_2560d_int8,zh_char,ROOT-233DF,748.2222222222222,484.6666666666667
qwen3_4b_2560d_int8,zh_char,ROOT-2394F,1929.625,2954.9166666666665
qwen3_4b_2560d_int8,zh_char,ROOT-239BC,5.0,1.5
qwen3_4b_2560d_int8,zh_char,ROOT-25055,1528.0,2906.0
qwen3_4b_2560d_int8,zh_char,ROOT-25762,115.0,74.0
qwen3_4b_2560d_int8,zh_char,ROOT-2634C,100.5,104.5
qwen3_4b_2560d_int8,zh_char,ROOT-26B07,4881.0,1460.0
qwen3_4b_2560d_int8,zh_char,ROOT-271A3,3415.785714285714,3437.1428571428573
qwen3_4b_2560d_int8,zh_char,ROOT-27BAB,4335.0,3468.0
qwen3_4b_2560d_int8,zh_char,ROOT-342D,3121.3333333333335,4473.0
qwen3_4b_2560d_int8,zh_char,ROOT-3431,93.0,63.0
qwen3_4b_2560d_int8,zh_char,ROOT-34B8,823.4285714285714,1087.4285714285713
qwen3_4b_2560d_int8,zh_char,ROOT-34BC,489.0,1239.0
qwen3_4b_2560d_int8,zh_char,ROOT-34DE,1189.5714285714287,1522.5714285714287
qwen3_4b_2560d_int8,zh_char,ROOT-3563,2023.0666666666666,2080.9333333333334
qwen3_4b_2560d_int8,zh_char,ROOT-37A2,1360.3529411764705,597.1764705882352
qwen3_4b_2560d_int8,zh_char,ROOT-382F,2875.5384615384614,3228.8846153846152
qwen3_4b_2560d_int8,zh_char,ROOT-3840,2207.8,2495.7
qwen3_4b_2560d_int8,zh_char,ROOT-39B0,2075.4,2626.1
qwen3_4b_2560d_int8,zh_char,ROOT-3E12,29.0,45.0
qwen3_4b_2560d_int8,zh_char,ROOT-4020,1598.8333333333333,2259.5
qwen3_4b_2560d_int8,zh_char,ROOT-41C2,2343.75,2580.45
qwen3_4b_2560d_int8,zh_char,ROOT-4588,5390.2,5663.6
qwen3_4b_2560d_int8,zh_char,ROOT-470C,1446.0,137.0
qwen3_4b_2560d_int8,zh_char,ROOT-4E00,3675.1666666666665,4742.0
qwen3_4b_2560d_int8,zh_char,ROOT-4E01,1993.952380952381,1762.952380952381
qwen3_4b_2560d_int8,zh_char,ROOT-4E02,355.0,1212.5
qwen3_4b_2560d_int8,zh_char,ROOT-4E03,3144.5,2419.5
qwen3_4b_2560d_int8,zh_char,ROOT-4E08,679.5,115.5
qwen3_4b_2560d_int8,zh_char,ROOT-4E0B,4910.0,5901.0
qwen3_4b_2560d_int8,zh_char,ROOT-4E0D,2238.0714285714284,2695.4285714285716
qwen3_4b_2560d_int8,zh_char,ROOT-4E0F,3659.0,876.0
qwen3_4b_2560d_int8,zh_char,ROOT-4E11,2550.25,1959.625
qwen3_4b_2560d_int8,zh_char,ROOT-4E14,3914.551724137931,3270.551724137931
qwen3_4b_2560d_int8,zh_char,ROOT-4E16,5015.666666666667,5340.0
qwen3_4b_2560d_int8,zh_char,ROOT-4E18,2715.5,671.0
qwen3_4b_2560d_int8,zh_char,ROOT-4E19,2995.0,2774.4
qwen3_4b_2560d_int8,zh_char,ROOT-4E1E,886.5,1486.0
qwen3_4b_2560d_int8,zh_char,ROOT-4E26,4212.0,4962.0
qwen3_4b_2560d_int8,zh_char,ROOT-4E29,2737.0,5275.0
qwen3_4b_2560d_int8,zh_char,ROOT-4E2D,1617.8333333333333,900.1666666666666
qwen3_4b_2560d_int8,zh_char,ROOT-4E30,2854.6666666666665,4097.333333333333
qwen3_4b_2560d_int8,zh_char,ROOT-4E32,2391.0,3217.0
qwen3_4b_2560d_int8,zh_char,ROOT-4E36,1339.5714285714287,1871.4285714285713
qwen3_4b_2560d_int8,zh_char,ROOT-4E38,2758.2,3181.0
qwen3_4b_2560d_int8,zh_char,ROOT-4E39,125.0,493.0
qwen3_4b_2560d_int8,zh_char,ROOT-4E3F,3249.2727272727275,3307.0
qwen3_4b_2560d_int8,zh_char,ROOT-4E42,4186.0,3618.6666666666665
qwen3_4b_2560d_int8,zh_char,ROOT-4E43,540.6666666666666,2265.3333333333335
qwen3_4b_2560d_int8,zh_char,ROOT-4E45,1760.6666666666667,1303.6666666666667
qwen3_4b_2560d_int8,zh_char,ROOT-4E47,3254.5,3555.5
qwen3_4b_2560d_int8,zh_char,ROOT-4E4B,95.0,619.0
qwen3_4b_2560d_int8,zh_char,ROOT-4E4D,1821.8333333333333,1924.3333333333333
qwen3_4b_2560d_int8,zh_char,ROOT-4E4E,1129.25,918.25
qwen3_4b_2560d_int8,zh_char,ROOT-4E4F,2419.6,2022.8
qwen3_4b_2560d_int8,zh_char,ROOT-4E58,1939.0,2223.0
qwen3_4b_2560d_int8,zh_char,ROOT-4E59,2109.5,3423.0
qwen3_4b_2560d_int8,zh_char,ROOT-4E5D,2133.2727272727275,2396.5454545454545
qwen3_4b_2560d_int8,zh_char,ROOT-4E5E,323.0,586.0
qwen3_4b_2560d_int8,zh_char,ROOT-4E5F,2997.785714285714,3340.8571428571427
qwen3_4b_2560d_int8,zh_char,ROOT-4E82,661.0,1361.0
qwen3_4b_2560d_int8,zh_char,ROOT-4E88,1392.25,2566.0
qwen3_4b_2560d_int8,zh_char,ROOT-4E8C,3243.0,3222.6428571428573
qwen3_4b_2560d_int8,zh_char,ROOT-4E8E,2412.625,2679.625
qwen3_4b_2560d_int8,zh_char,ROOT-4E8F,3032.625,2729.375
qwen3_4b_2560d_int8,zh_char,ROOT-4E91,1279.2222222222222,1332.2222222222222
qwen3_4b_2560d_int8,zh_char,ROOT-4E92,2317.0,3017.0
qwen3_4b_2560d_int8,zh_char,ROOT-4E94,1570.3125,1657.1875
qwen3_4b_2560d_int8,zh_char,ROOT-4E95,4273.0,621.0
qwen3_4b_2560d_int8,zh_char,ROOT-4E9E,4493.5,5311.333333333333
qwen3_4b_2560d_int8,zh_char,ROOT-4E9F,-1477.0,-70.5
qwen3_4b_2560d_int8,zh_char,ROOT-4EA1,3481.0,3314.0
qwen3_4b_2560d_int8,zh_char,ROOT-4EA2,2970.866666666667,2792.0
qwen3_4b_2560d_int8,zh_char,ROOT-4EA4,3142.3809523809523,2989.1428571428573
qwen3_4b_2560d_int8,zh_char,ROOT-4EA5,1729.2941176470588,2080.764705882353
qwen3_4b_2560d_int8,zh_char,ROOT-4EAC,1821.090909090909,1922.7272727272727
qwen3_4b_2560d_int8,zh_char,ROOT-4EAE,5043.0,5212.0
qwen3_4b_2560d_int8,zh_char,ROOT-4EBA,99.0,102.0
qwen3_4b_2560d_int8,zh_char,ROOT-4EC1,67.0,36.0
qwen3_4b_2560d_int8,zh_char,ROOT-4EC4,5.0,25.0
qwen3_4b_2560d_int8,zh_char,ROOT-4ECA,1891.051282051282,2581.974358974359
qwen3_4b_2560d_int8,zh_char,ROOT-4ECB,3563.1428571428573,3179.1428571428573
qwen3_4b_2560d_int8,zh_char,ROOT-4EE4,3493.684210526316,3080.315789473684
qwen3_4b_2560d_int8,zh_char,ROOT-4EE5,565.5,791.5
qwen3_4b_2560d_int8,zh_char,ROOT-4F0F,195.5,190.5
qwen3_4b_2560d_int8,zh_char,ROOT-4F10,1482.3333333333333,2491.0
qwen3_4b_2560d_int8,zh_char,ROOT-4F11,7199.0,8128.0
qwen3_4b_2560d_int8,zh_char,ROOT-4F59,2128.4736842105262,2844.9473684210525
qwen3_4b_2560d_int8,zh_char,ROOT-4F86,2917.0,3440.5
qwen3_4b_2560d_int8,zh_char,ROOT-4F8C,0.0,10.0
qwen3_4b_2560d_int8,zh_char,ROOT-4F96,3143.7,2754.4
qwen3_4b_2560d_int8,zh_char,ROOT-4FAF,2677.0,3582.0
qwen3_4b_2560d_int8,zh_char,ROOT-4FDD,1552.3333333333333,182.66666666666666
qwen3_4b_2560d_int8,zh_char,ROOT-5009,3856.153846153846,2609.923076923077
qwen3_4b_2560d_int8,zh_char,ROOT-501D,0.0,1.0
qwen3_4b_2560d_int8,zh_char,ROOT-50C9,1941.05,1803.25
qwen3_4b_2560d_int8,zh_char,ROOT-5140,2651.5,2449.75
qwen3_4b_2560d_int8,zh_char,ROOT-5143,2705.1052631578946,2719.6315789473683
qwen3_4b_2560d_int8,zh_char,ROOT-5144,1888.0,2782.0
qwen3_4b_2560d_int8,zh_char,ROOT-5145,1649.5,929.0
qwen3_4b_2560d_int8,zh_char,ROOT-5146,3083.4285714285716,3880.7619047619046
qwen3_4b_2560d_int8,zh_char,ROOT-5148,3701.125,3630.5
qwen3_4b_2560d_int8,zh_char,ROOT-5149,2544.75,2727.75
qwen3_4b_2560d_int8,zh_char,ROOT-514B,0.0,0.0
qwen3_4b_2560d_int8,zh_char,ROOT-514D,2968.818181818182,3417.3636363636365
qwen3_4b_2560d_int8,zh_char,ROOT-5152,3270.923076923077,3479.4615384615386
qwen3_4b_2560d_int8,zh_char,ROOT-5153,401.0,328.0
qwen3_4b_2560d_int8,zh_char,ROOT-5154,1460.5,1300.5
qwen3_4b_2560d_int8,zh_char,ROOT-5165,1438.8333333333333,1916.1666666666667
qwen3_4b_2560d_int8,zh_char,ROOT-5168,3463.0,4168.0
qwen3_4b_2560d_int8,zh_char,ROOT-5169,4588.5,4279.75
qwen3_4b_2560d_int8,zh_char,ROOT-516A,-4.0,-9.0
qwen3_4b_2560d_int8,zh_char,ROOT-516B,3487.6666666666665,3808.0
qwen3_4b_2560d_int8,zh_char,ROOT-516C,2101.0833333333335,1718.0
qwen3_4b_2560d_int8,zh_char,ROOT-516E,2302.0,3011.0
qwen3_4b_2560d_int8,zh_char,ROOT-5171,4780.4,3650.5
qwen3_4b_2560d_int8,zh_char,ROOT-5176,1739.625,2732.9583333333335
qwen3_4b_2560d_int8,zh_char,ROOT-5177,9137.0,10683.0
qwen3_4b_2560d_int8,zh_char,ROOT-5178,2269.0,4483.0
qwen3_4b_2560d_int8,zh_char,ROOT-517C,3510.7894736842104,3754.6315789473683
qwen3_4b_2560d_int8,zh_char,ROOT-5180,2269.0,4082.0
qwen3_4b_2560d_int8,zh_char,ROOT-5183,3323.6,2750.6
qwen3_4b_2560d_int8,zh_char,ROOT-5189,13.5,14.5
qwen3_4b_2560d_int8,zh_char,ROOT-518A,6010.5,6461.0
qwen3_4b_2560d_int8,zh_char,ROOT-518E,2214.2,2719.25
qwen3_4b_2560d_int8,zh_char,ROOT-518F,-2296.0,-1154.0
qwen3_4b_2560d_int8,zh_char,ROOT-5193,1018.7272727272727,1029.090909090909
qwen3_4b_2560d_int8,zh_char,ROOT-5198,3784.2,4813.9
qwen3_4b_2560d_int8,zh_char,ROOT-51A2,2.0,1.0
qwen3_4b_2560d_int8,zh_char,ROOT-51A5,2625.6363636363635,2969.3636363636365
qwen3_4b_2560d_int8,zh_char,ROOT-51AB,418.0,175.0
qwen3_4b_2560d_int8,zh_char,ROOT-51E0,2060.5,1948.5
qwen3_4b_2560d_int8,zh_char,ROOT-51E1,225.1818181818182,55.54545454545455
qwen3_4b_2560d_int8,zh_char,ROOT-51F6,3808.0,2698.3333333333335
qwen3_4b_2560d_int8,zh_char,ROOT-51FA,3431.5,4132.375
qwen3_4b_2560d_int8,zh_char,ROOT-51FD,25.0,144.0
qwen3_4b_2560d_int8,zh_char,ROOT-5200,3318.8076923076924,3539.1153846153848
qwen3_4b_2560d_int8,zh_char,ROOT-5203,4154.555555555556,4239.888888888889
qwen3_4b_2560d_int8,zh_char,ROOT-5206,2766.3478260869565,2135.8695652173915
qwen3_4b_2560d_int8,zh_char,ROOT-5211,134.5,2133.5
qwen3_4b_2560d_int8,zh_char,ROOT-5217,830.0,295.0
qwen3_4b_2560d_int8,zh_char,ROOT-5225,-366.0,-227.0
qwen3_4b_2560d_int8,zh_char,ROOT-5229,4540.5,1009.5
qwen3_4b_2560d_int8,zh_char,ROOT-5236,6.0,26.0
qwen3_4b_2560d_int8,zh_char,ROOT-5247,2319.3333333333335,2486.3333333333335
qwen3_4b_2560d_int8,zh_char,ROOT-524D,7265.5,6374.5
qwen3_4b_2560d_int8,zh_char,ROOT-529B,1494.45,1486.25
qwen3_4b_2560d_int8,zh_char,ROOT-52A6,2210.0,3194.0
qwen3_4b_2560d_int8,zh_char,ROOT-52DE,3825.75,3733.25
qwen3_4b_2560d_int8,zh_char,ROOT-52F9,4052.875,4544.583333333333
qwen3_4b_2560d_int8,zh_char,ROOT-52FA,1749.0588235294117,1640.235294117647
qwen3_4b_2560d_int8,zh_char,ROOT-52FB,2347.0,2638.2
qwen3_4b_2560d_int8,zh_char,ROOT-52FF,1907.4444444444443,2214.5555555555557
qwen3_4b_2560d_int8,zh_char,ROOT-5303,2499.3076923076924,1960.6153846153845
qwen3_4b_2560d_int8,zh_char,ROOT-5305,2663.8888888888887,2058.3333333333335
qwen3_4b_2560d_int8,zh_char,ROOT-530A,1932.2857142857142,2140.4285714285716
qwen3_4b_2560d_int8,zh_char,ROOT-5315,2737.5128205128203,3098.3076923076924
qwen3_4b_2560d_int8,zh_char,ROOT-5317,281.5,127.0
qwen3_4b_2560d_int8,zh_char,ROOT-5321,2004.0,961.0
qwen3_4b_2560d_int8,zh_char,ROOT-5340,3283.823529411765,3894.9411764705883
qwen3_4b_2560d_int8,zh_char,ROOT-5341,1560.3333333333333,1268.0
qwen3_4b_2560d_int8,zh_char,ROOT-5347,0.0,0.0
qwen3_4b_2560d_int8,zh_char,ROOT-5348,3187.75,4441.25
qwen3_4b_2560d_int8,zh_char,ROOT-5349,3632.0714285714284,3593.214285714286
qwen3_4b_2560d_int8,zh_char,ROOT-534A,1519.5,750.0
qwen3_4b_2560d_int8,zh_char,ROOT-5351,2410.4166666666665,2784.9583333333335
qwen3_4b_2560d_int8,zh_char,ROOT-5352,1740.8333333333333,2032.7222222222222
qwen3_4b_2560d_int8,zh_char,ROOT-5353,1842.75,1963.75
qwen3_4b_2560d_int8,zh_char,ROOT-5357,1012.6666666666666,1260.0
qwen3_4b_2560d_int8,zh_char,ROOT-535C,1098.25,884.5
qwen3_4b_2560d_int8,zh_char,ROOT-535E,3241.0,2392.0
qwen3_4b_2560d_int8,zh_char,ROOT-5360,3160.4761904761904,3170.5714285714284
qwen3_4b_2560d_int8,zh_char,ROOT-536C,-140.33333333333334,-66.33333333333333
qwen3_4b_2560d_int8,zh_char,ROOT-5371,4730.555555555556,4617.666666666667
qwen3_4b_2560d_int8,zh_char,ROOT-5373,-12.5,904.5
qwen3_4b_2560d_int8,zh_char,ROOT-5377,1550.4285714285713,1267.0
qwen3_4b_2560d_int8,zh_char,ROOT-5378,2267.25,3207.75
qwen3_4b_2560d_int8,zh_char,ROOT-5384,2708.6666666666665,3368.0
qwen3_4b_2560d_int8,zh_char,ROOT-539F,3110.5714285714284,3818.285714285714
qwen3_4b_2560d_int8,zh_char,ROOT-53B6,1596.5294117647059,2285.6470588235293
qwen3_4b_2560d_int8,zh_char,ROOT-53B7,3371.0,4455.0
qwen3_4b_2560d_int8,zh_char,ROOT-53BB,4161.142857142857,3419.285714285714
qwen3_4b_2560d_int8,zh_char,ROOT-53C3,3195.8,3934.6
qwen3_4b_2560d_int8,zh_char,ROOT-53C8,2477.0,2559.1363636363635
qwen3_4b_2560d_int8,zh_char,ROOT-53C9,85.5,35.5
qwen3_4b_2560d_int8,zh_char,ROOT-53CA,2212.8333333333335,2551.25
qwen3_4b_2560d_int8,zh_char,ROOT-53CD,3040.0,2191.5
qwen3_4b_2560d_int8,zh_char,ROOT-53D6,3327.230769230769,4697.615384615385
qwen3_4b_2560d_int8,zh_char,ROOT-53D7,2202.0,2367.0
qwen3_4b_2560d_int8,zh_char,ROOT-53E3,1442.0,1184.0
qwen3_4b_2560d_int8,zh_char,ROOT-53E4,2346.7272727272725,2341.757575757576
qwen3_4b_2560d_int8,zh_char,ROOT-53EA,5829.4,7090.2
qwen3_4b_2560d_int8,zh_char,ROOT-53F2,3063.0,2186.0
qwen3_4b_2560d_int8,zh_char,ROOT-53F8,2956.6,2410.8
qwen3_4b_2560d_int8,zh_char,ROOT-5404,3330.25,3491.3055555555557
qwen3_4b_2560d_int8,zh_char,ROOT-5405,2138.5,2186.0625
qwen3_4b_2560d_int8,zh_char,ROOT-5408,2142.6969696969695,2373.6969696969695
qwen3_4b_2560d_int8,zh_char,ROOT-5409,2991.684210526316,3212.5789473684213
qwen3_4b_2560d_int8,zh_char,ROOT-540C,4808.9,4146.8
qwen3_4b_2560d_int8,zh_char,ROOT-540D,1415.0,534.5
qwen3_4b_2560d_int8,zh_char,ROOT-540E,3847.4285714285716,4348.714285714285
qwen3_4b_2560d_int8,zh_char,ROOT-5411,6453.0,5863.0
qwen3_4b_2560d_int8,zh_char,ROOT-5433,2503.4285714285716,2531.714285714286
qwen3_4b_2560d_int8,zh_char,ROOT-5442,1227.6,2124.2
qwen3_4b_2560d_int8,zh_char,ROOT-544A,1809.909090909091,1907.3636363636363
qwen3_4b_2560d_int8,zh_char,ROOT-5468,3526.5555555555557,3098.277777777778
qwen3_4b_2560d_int8,zh_char,ROOT-548E,5143.666666666667,5779.666666666667
qwen3_4b_2560d_int8,zh_char,ROOT-54A2,4840.0,6114.25
qwen3_4b_2560d_int8,zh_char,ROOT-54B8,2390.769230769231,3022.846153846154
qwen3_4b_2560d_int8,zh_char,ROOT-54C1,1565.0,636.0
qwen3_4b_2560d_int8,zh_char,ROOT-54E1,2992.777777777778,3341.1111111111113
qwen3_4b_2560d_int8,zh_char,ROOT-54E5,263.0,3038.5
qwen3_4b_2560d_int8,zh_char,ROOT-5584,2183.6666666666665,2825.3333333333335
qwen3_4b_2560d_int8,zh_char,ROOT-55AE,3366.913043478261,3945.1739130434785
qwen3_4b_2560d_int8,zh_char,ROOT-55BF,1831.0666666666666,1991.9333333333334
qwen3_4b_2560d_int8,zh_char,ROOT-55C7,3501.6666666666665,4210.833333333333
qwen3_4b_2560d_int8,zh_char,ROOT-56B4,599.0,1568.0
qwen3_4b_2560d_int8,zh_char,ROOT-56D7,1703.090909090909,1624.7272727272727
qwen3_4b_2560d_int8,zh_char,ROOT-56DA,811.0,3444.0
qwen3_4b_2560d_int8,zh_char,ROOT-56DB,3176.75,4596.0
qwen3_4b_2560d_int8,zh_char,ROOT-56DE,2465.0,1904.5
qwen3_4b_2560d_int8,zh_char,ROOT-56E0,3365.6666666666665,2707.8333333333335
qwen3_4b_2560d_int8,zh_char,ROOT-56F0,307.0,497.0
qwen3_4b_2560d_int8,zh_char,ROOT-56F7,961.5,196.0
qwen3_4b_2560d_int8,zh_char,ROOT-56FA,1288.0,1669.0
qwen3_4b_2560d_int8,zh_char,ROOT-5702,3782.5,3121.0
qwen3_4b_2560d_int8,zh_char,ROOT-571F,-296.0,-807.75
qwen3_4b_2560d_int8,zh_char,ROOT-5725,587.5,-266.75
qwen3_4b_2560d_int8,zh_char,ROOT-572D,2285.25,2837.8928571428573
qwen3_4b_2560d_int8,zh_char,ROOT-5750,2857.0,2314.0
qwen3_4b_2560d_int8,zh_char,ROOT-5782,2975.0,6552.5
qwen3_4b_2560d_int8,zh_char,ROOT-5794,447.0,1755.0
qwen3_4b_2560d_int8,zh_char,ROOT-57F6,2336.25,1939.5
qwen3_4b_2560d_int8,zh_char,ROOT-57F7,4173.75,5265.25
qwen3_4b_2560d_int8,zh_char,ROOT-5807,2638.777777777778,3125.8888888888887
qwen3_4b_2560d_int8,zh_char,ROOT-582F,4158.217391304348,5179.130434782609
qwen3_4b_2560d_int8,zh_char,ROOT-58EB,2258.75,1565.5
qwen3_4b_2560d_int8,zh_char,ROOT-58EC,2046.375,1953.0
qwen3_4b_2560d_int8,zh_char,ROOT-58F4,2353.0,2307.5
qwen3_4b_2560d_int8,zh_char,ROOT-58F9,5163.6,6171.6
qwen3_4b_2560d_int8,zh_char,ROOT-58FD,1704.4,3110.4
qwen3_4b_2560d_int8,zh_char,ROOT-5903,539.5,933.0
qwen3_4b_2560d_int8,zh_char,ROOT-590B,54.0,182.0
qwen3_4b_2560d_int8,zh_char,ROOT-590C,2075.375,3837.125
qwen3_4b_2560d_int8,zh_char,ROOT-590D,6670.5,1456.0
qwen3_4b_2560d_int8,zh_char,ROOT-590F,4653.333333333333,5020.0
qwen3_4b_2560d_int8,zh_char,ROOT-5915,21.5,34.0
qwen3_4b_2560d_int8,zh_char,ROOT-5917,1604.5384615384614,2315.3846153846152
qwen3_4b_2560d_int8,zh_char,ROOT-591A,2387.076923076923,3267.076923076923
qwen3_4b_2560d_int8,zh_char,ROOT-591C,4569.333333333333,1022.0
qwen3_4b_2560d_int8,zh_char,ROOT-5922,2056.0,2060.0
qwen3_4b_2560d_int8,zh_char,ROOT-5927,4266.333333333333,5554.5
qwen3_4b_2560d_int8,zh_char,ROOT-5929,2891.25,2070.5
qwen3_4b_2560d_int8,zh_char,ROOT-592A,-597.0,-319.0
qwen3_4b_2560d_int8,zh_char,ROOT-592B,1647.4444444444443,3026.1111111111113
qwen3_4b_2560d_int8,zh_char,ROOT-592C,4318.5,6091.166666666667
qwen3_4b_2560d_int8,zh_char,ROOT-592D,1530.8333333333333,735.1666666666666
qwen3_4b_2560d_int8,zh_char,ROOT-592E,2184.076923076923,2456.3076923076924
qwen3_4b_2560d_int8,zh_char,ROOT-5932,4397.0,1459.0
qwen3_4b_2560d_int8,zh_char,ROOT-5937,3452.1666666666665,3294.8333333333335
qwen3_4b_2560d_int8,zh_char,ROOT-593E,1131.4285714285713,1500.0714285714287
qwen3_4b_2560d_int8,zh_char,ROOT-5944,2147.125,2149.375
qwen3_4b_2560d_int8,zh_char,ROOT-5948,401.0,481.0
qwen3_4b_2560d_int8,zh_char,ROOT-5949,1949.8333333333333,2346.1666666666665
qwen3_4b_2560d_int8,zh_char,ROOT-594F,2012.5,3861.5
qwen3_4b_2560d_int8,zh_char,ROOT-5950,1235.25,1421.0
qwen3_4b_2560d_int8,zh_char,ROOT-595A,1769.625,2660.875
qwen3_4b_2560d_int8,zh_char,ROOT-5967,3280.3333333333335,3005.5
qwen3_4b_2560d_int8,zh_char,ROOT-5973,2174.818181818182,1878.090909090909
qwen3_4b_2560d_int8,zh_char,ROOT-599F,2990.5,3212.75
qwen3_4b_2560d_int8,zh_char,ROOT-59A5,5462.75,5378.75
qwen3_4b_2560d_int8,zh_char,ROOT-59BB,3415.125,3902.125
qwen3_4b_2560d_int8,zh_char,ROOT-59BE,2523.2,4292.0
qwen3_4b_2560d_int8,zh_char,ROOT-59E6,4409.0,6981.0
qwen3_4b_2560d_int8,zh_char,ROOT-5A41,1813.3529411764705,1940.1176470588234
qwen3_4b_2560d_int8,zh_char,ROOT-5B50,2055.5714285714284,1565.142857142857
qwen3_4b_2560d_int8,zh_char,ROOT-5B54,8434.0,4200.0
qwen3_4b_2560d_int8,zh_char,ROOT-5B58,895.0,2927.6666666666665
qwen3_4b_2560d_int8,zh_char,ROOT-5B5A,2830.6666666666665,3029.5
qwen3_4b_2560d_int8,zh_char,ROOT-5B5B,1144.25,702.75
qwen3_4b_2560d_int8,zh_char,ROOT-5B5D,4586.5,3122.5
qwen3_4b_2560d_int8,zh_char,ROOT-5B63,9563.0,1898.0
qwen3_4b_2560d_int8,zh_char,ROOT-5B68,4364.5,4016.5
qwen3_4b_2560d_int8,zh_char,ROOT-5B6B,402.0,358.0
qwen3_4b_2560d_int8,zh_char,ROOT-5B81,4003.0,5383.833333333333
qwen3_4b_2560d_int8,zh_char,ROOT-5B83,4684.818181818182,3260.2727272727275
qwen3_4b_2560d_int8,zh_char,ROOT-5B88,66.0,72.0
qwen3_4b_2560d_int8,zh_char,ROOT-5B89,2644.0,3346.5
qwen3_4b_2560d_int8,zh_char,ROOT-5B97,1947.875,1316.75
qwen3_4b_2560d_int8,zh_char,ROOT-5B98,1935.0,2424.7272727272725
qwen3_4b_2560d_int8,zh_char,ROOT-5B9A,1359.5,1380.75
qwen3_4b_2560d_int8,zh_char,ROOT-5B9C,139.0,282.0
qwen3_4b_2560d_int8,zh_char,ROOT-5BA3,321.0,594.8
qwen3_4b_2560d_int8,zh_char,ROOT-5BB3,3690.6,3134.6
qwen3_4b_2560d_int8,zh_char,ROOT-5BB6,1668.0,2332.6666666666665
qwen3_4b_2560d_int8,zh_char,ROOT-5BBF,2471.0,2276.6666666666665
qwen3_4b_2560d_int8,zh_char,ROOT-5BC5,1655.2,1469.8
qwen3_4b_2560d_int8,zh_char,ROOT-5BC7,5017.0,4950.0
qwen3_4b_2560d_int8,zh_char,ROOT-5BCD,3858.0,4729.5
qwen3_4b_2560d_int8,zh_char,ROOT-5BD2,1165.5,1457.5
qwen3_4b_2560d_int8,zh_char,ROOT-5BF8,364.6,-386.6
qwen3_4b_2560d_int8,zh_char,ROOT-5C01,100.0,380.0
qwen3_4b_2560d_int8,zh_char,ROOT-5C07,2400.4,1489.8
qwen3_4b_2560d_int8,zh_char,ROOT-5C08,3289.0,3532.733333333333
qwen3_4b_2560d_int8,zh_char,ROOT-5C09,3288.0,2625.0
qwen3_4b_2560d_int8,zh_char,ROOT-5C0A,4666.444444444444,3891.5555555555557
qwen3_4b_2560d_int8,zh_char,ROOT-5C0B,3774.0,5425.0
qwen3_4b_2560d_int8,zh_char,ROOT-5C0C,3558.3333333333335,3985.6666666666665
qwen3_4b_2560d_int8,zh_char,ROOT-5C0D,4095.0,5335.5
qwen3_4b_2560d_int8,zh_char,ROOT-5C0F,1700.4166666666667,1750.4583333333333
qwen3_4b_2560d_int8,zh_char,ROOT-5C17,2908.6923076923076,2970.5384615384614
qwen3_4b_2560d_int8,zh_char,ROOT-5C1A,2594.0,2403.962962962963
qwen3_4b_2560d_int8,zh_char,ROOT-5C28,1036.5,798.25
qwen3_4b_2560d_int8,zh_char,ROOT-5C39,2628.9,2678.3
qwen3_4b_2560d_int8,zh_char,ROOT-5C3E,1562.0,1304.0
qwen3_4b_2560d_int8,zh_char,ROOT-5C40,4341.0,4335.0
qwen3_4b_2560d_int8,zh_char,ROOT-5C48,3979.0,4663.333333333333
qwen3_4b_2560d_int8,zh_char,ROOT-5C4B,2681.1666666666665,2521.3333333333335
qwen3_4b_2560d_int8,zh_char,ROOT-5C55,5601.0,5560.0
qwen3_4b_2560d_int8,zh_char,ROOT-5C6F,3144.4,3123.1
qwen3_4b_2560d_int8,zh_char,ROOT-5C70,2294.0,2181.4
qwen3_4b_2560d_int8,zh_char,ROOT-5C71,3425.5,1915.0
qwen3_4b_2560d_int8,zh_char,ROOT-5CA1,1349.8333333333333,560.5
qwen3_4b_2560d_int8,zh_char,ROOT-5CF6,4324.0,3424.0
qwen3_4b_2560d_int8,zh_char,ROOT-5D52,1242.0,5054.0
qwen3_4b_2560d_int8,zh_char,ROOT-5DC2,3251.285714285714,3391.4285714285716
qwen3_4b_2560d_int8,zh_char,ROOT-5DDD,3104.6,4950.2
qwen3_4b_2560d_int8,zh_char,ROOT-5DDE,2383.6666666666665,2187.6666666666665
qwen3_4b_2560d_int8,zh_char,ROOT-5DDF,2223.5,587.0
qwen3_4b_2560d_int8,zh_char,ROOT-5DE2,5266.5,5340.75
qwen3_4b_2560d_int8,zh_char,ROOT-5DE5,2281.344827586207,2592.344827586207
qwen3_4b_2560d_int8,zh_char,ROOT-5DE6,72.0,388.0
qwen3_4b_2560d_int8,zh_char,ROOT-5DE8,3109.181818181818,3172.2727272727275
qwen3_4b_2560d_int8,zh_char,ROOT-5DEB,2336.0,1240.0
qwen3_4b_2560d_int8,zh_char,ROOT-5DEE,876.0,730.3333333333334
qwen3_4b_2560d_int8,zh_char,ROOT-5DF1,1579.642857142857,1772.0714285714287
qwen3_4b_2560d_int8,zh_char,ROOT-5DF3,1111.25,188.25
qwen3_4b_2560d_int8,zh_char,ROOT-5DF4,2299.230769230769,1341.0
qwen3_4b_2560d_int8,zh_char,ROOT-5DFF,4498.0,5052.0
qwen3_4b_2560d_int8,zh_char,ROOT-5E00,1157.0,1131.0
qwen3_4b_2560d_int8,zh_char,ROOT-5E0C,511.8,1024.9
qwen3_4b_2560d_int8,zh_char,ROOT-5E1A,2102.0,896.5
qwen3_4b_2560d_int8,zh_char,ROOT-5E1D,3737.1428571428573,3635.8571428571427
qwen3_4b_2560d_int8,zh_char,ROOT-5E2D,188.0,96.0
qwen3_4b_2560d_int8,zh_char,ROOT-5E36,2746.8333333333335,4045.0
qwen3_4b_2560d_int8,zh_char,ROOT-5E72,3059.8518518518517,3250.259259259259
qwen3_4b_2560d_int8,zh_char,ROOT-5E73,485.8888888888889,334.1111111111111
qwen3_4b_2560d_int8,zh_char,ROOT-5E75,2224.6666666666665,3012.3333333333335
qwen3_4b_2560d_int8,zh_char,ROOT-5E78,279.6666666666667,-335.6666666666667
qwen3_4b_2560d_int8,zh_char,ROOT-5E79,5085.0,5161.0
qwen3_4b_2560d_int8,zh_char,ROOT-5E7A,1775.6666666666667,1980.6666666666667
qwen3_4b_2560d_int8,zh_char,ROOT-5E9A,1218.25,-72.75
qwen3_4b_2560d_int8,zh_char,ROOT-5EB6,4590.285714285715,4967.428571428572
qwen3_4b_2560d_int8,zh_char,ROOT-5EB7,3311.6666666666665,3252.0
qwen3_4b_2560d_int8,zh_char,ROOT-5EDB,3201.0,3516.5
qwen3_4b_2560d_int8,zh_char,ROOT-5EFA,1985.6666666666667,2196.6666666666665
qwen3_4b_2560d_int8,zh_char,ROOT-5F01,2688.0,3676.5
qwen3_4b_2560d_int8,zh_char,ROOT-5F04,2786.0,3676.5
qwen3_4b_2560d_int8,zh_char,ROOT-5F0B,1249.3333333333333,1050.2666666666667
qwen3_4b_2560d_int8,zh_char,ROOT-5F0D,4479.5,4385.0
qwen3_4b_2560d_int8,zh_char,ROOT-5F13,3176.0,1431.0
qwen3_4b_2560d_int8,zh_char,ROOT-5F14,944.0,4172.0
qwen3_4b_2560d_int8,zh_char,ROOT-5F15,3364.6,4217.8
qwen3_4b_2560d_int8,zh_char,ROOT-5F17,1283.076923076923,1395.8461538461538
qwen3_4b_2560d_int8,zh_char,ROOT-5F1F,2946.909090909091,2004.8181818181818
qwen3_4b_2560d_int8,zh_char,ROOT-5F31,1896.75,2506.25
qwen3_4b_2560d_int8,zh_char,ROOT-5F54,1842.111111111111,1987.4444444444443
qwen3_4b_2560d_int8,zh_char,ROOT-5F56,2317.6666666666665,1765.111111111111
qwen3_4b_2560d_int8,zh_char,ROOT-5F57,4911.2,5476.2
qwen3_4b_2560d_int8,zh_char,ROOT-5F6A,5953.0,6753.0
qwen3_4b_2560d_int8,zh_char,ROOT-5F6D,1059.0,526.0
qwen3_4b_2560d_int8,zh_char,ROOT-5F80,363.0,1671.0
qwen3_4b_2560d_int8,zh_char,ROOT-5F99,2346.0,5250.0
qwen3_4b_2560d_int8,zh_char,ROOT-5F9E,4767.5,3053.75
qwen3_4b_2560d_int8,zh_char,ROOT-5FA9,5207.0,6400.0
qwen3_4b_2560d_int8,zh_char,ROOT-5FB9,2721.0,1107.0
qwen3_4b_2560d_int8,zh_char,ROOT-5FC3,126.0,127.0
qwen3_4b_2560d_int8,zh_char,ROOT-5FC5,2965.235294117647,3149.294117647059
qwen3_4b_2560d_int8,zh_char,ROOT-601D,5378.6,5551.6
qwen3_4b_2560d_int8,zh_char,ROOT-6046,2292.0,3486.0
qwen3_4b_2560d_int8,zh_char,ROOT-606F,4685.333333333333,4756.0
qwen3_4b_2560d_int8,zh_char,ROOT-60E0,3172.0,4212.333333333333
qwen3_4b_2560d_int8,zh_char,ROOT-60E2,2727.0,4638.0
qwen3_4b_2560d_int8,zh_char,ROOT-610F,1240.2,1346.2
qwen3_4b_2560d_int8,zh_char,ROOT-611B,1167.5,1447.5
qwen3_4b_2560d_int8,zh_char,ROOT-61B2,3638.0,3782.0
qwen3_4b_2560d_int8,zh_char,ROOT-6208,152.0,364.0
qwen3_4b_2560d_int8,zh_char,ROOT-620A,-413.0,-471.0
qwen3_4b_2560d_int8,zh_char,ROOT-620D,3601.875,3142.25
qwen3_4b_2560d_int8,zh_char,ROOT-620E,2360.0,3301.0
qwen3_4b_2560d_int8,zh_char,ROOT-6211,3642.222222222222,2430.3333333333335
qwen3_4b_2560d_int8,zh_char,ROOT-6212,1144.0,1583.75
qwen3_4b_2560d_int8,zh_char,ROOT-6214,2398.3333333333335,2982.3333333333335
qwen3_4b_2560d_int8,zh_char,ROOT-6216,3962.25,4707.666666666667
qwen3_4b_2560d_int8,zh_char,ROOT-6236,-1120.4,326.2
qwen3_4b_2560d_int8,zh_char,ROOT-6241,2096.8,2406.133333333333
qwen3_4b_2560d_int8,zh_char,ROOT-6247,907.0,46.0
qwen3_4b_2560d_int8,zh_char,ROOT-624B,2872.9285714285716,3053.4285714285716
qwen3_4b_2560d_int8,zh_char,ROOT-624D,2180.75,1196.25
qwen3_4b_2560d_int8,zh_char,ROOT-6298,1214.0,954.75
qwen3_4b_2560d_int8,zh_char,ROOT-62DC,785.0,1174.0
qwen3_4b_2560d_int8,zh_char,ROOT-652F,2762.785714285714,2852.5714285714284
qwen3_4b_2560d_int8,zh_char,ROOT-6538,1563.7333333333333,2184.5333333333333
qwen3_4b_2560d_int8,zh_char,ROOT-6544,2545.6666666666665,3454.3333333333335
qwen3_4b_2560d_int8,zh_char,ROOT-6556,1132.75,1861.0
qwen3_4b_2560d_int8,zh_char,ROOT-6558,1449.0,2452.0
qwen3_4b_2560d_int8,zh_char,ROOT-6562,4502.5,3211.5
qwen3_4b_2560d_int8,zh_char,ROOT-6563,34.0,53.0
qwen3_4b_2560d_int8,zh_char,ROOT-6566,6945.0,2984.0
qwen3_4b_2560d_int8,zh_char,ROOT-6578,5286.0,7409.5
qwen3_4b_2560d_int8,zh_char,ROOT-6587,1532.909090909091,468.72727272727275
qwen3_4b_2560d_int8,zh_char,ROOT-658C,2394.0,6239.0
qwen3_4b_2560d_int8,zh_char,ROOT-6597,4019.6666666666665,2406.3333333333335
qwen3_4b_2560d_int8,zh_char,ROOT-65A4,2913.695652173913,2551.7391304347825
qwen3_4b_2560d_int8,zh_char,ROOT-65AC,2451.0,3415.5
qwen3_4b_2560d_int8,zh_char,ROOT-65B0,-5290.0,-992.0
qwen3_4b_2560d_int8,zh_char,ROOT-65B9,2046.0,2085.7272727272725
qwen3_4b_2560d_int8,zh_char,ROOT-65BC,3903.25,3681.0
qwen3_4b_2560d_int8,zh_char,ROOT-65C1,1205.4,1182.4
qwen3_4b_2560d_int8,zh_char,ROOT-65C5,3203.0,2426.0
qwen3_4b_2560d_int8,zh_char,ROOT-65CB,766.3333333333334,365.6666666666667
qwen3_4b_2560d_int8,zh_char,ROOT-65CF,4803.6,5270.6
qwen3_4b_2560d_int8,zh_char,ROOT-65E2,310.0,1411.0
qwen3_4b_2560d_int8,zh_char,ROOT-65E5,7887.0,8256.0
qwen3_4b_2560d_int8,zh_char,ROOT-65E6,2272.4166666666665,1920.4583333333333
qwen3_4b_2560d_int8,zh_char,ROOT-65E8,3720.4,2965.4
qwen3_4b_2560d_int8,zh_char,ROOT-65EC,1415.5,918.5714285714286
qwen3_4b_2560d_int8,zh_char,ROOT-6606,1933.888888888889,2388.6666666666665
qwen3_4b_2560d_int8,zh_char,ROOT-660C,1355.8333333333333,1196.6666666666667
qwen3_4b_2560d_int8,zh_char,ROOT-660E,-706.0,-72.0
qwen3_4b_2560d_int8,zh_char,ROOT-660F,1421.75,1982.0
qwen3_4b_2560d_int8,zh_char,ROOT-6613,4794.333333333333,4700.555555555556
qwen3_4b_2560d_int8,zh_char,ROOT-6614,3196.75,3365.5
qwen3_4b_2560d_int8,zh_char,ROOT-661C,1644.7142857142858,2647.809523809524
qwen3_4b_2560d_int8,zh_char,ROOT-661F,2528.0,1672.5
qwen3_4b_2560d_int8,zh_char,ROOT-6625,4084.5,3138.0
qwen3_4b_2560d_int8,zh_char,ROOT-662F,3444.4736842105262,4397.736842105263
qwen3_4b_2560d_int8,zh_char,ROOT-6631,0.0,0.0
qwen3_4b_2560d_int8,zh_char,ROOT-6649,2311.0,2277.0
qwen3_4b_2560d_int8,zh_char,ROOT-66F0,1020.0,2005.5
qwen3_4b_2560d_int8,zh_char,ROOT-66F4,981.0,1203.5
qwen3_4b_2560d_int8,zh_char,ROOT-66FC,1968.6923076923076,2188.769230769231
qwen3_4b_2560d_int8,zh_char,ROOT-66FE,1688.5,1740.0
qwen3_4b_2560d_int8,zh_char,ROOT-6700,3102.0,4682.0
qwen3_4b_2560d_int8,zh_char,ROOT-6701,2782.375,4176.375
qwen3_4b_2560d_int8,zh_char,ROOT-6703,3781.8571428571427,4289.142857142857
qwen3_4b_2560d_int8,zh_char,ROOT-6708,4333.0,9078.0
qwen3_4b_2560d_int8,zh_char,ROOT-670B,2202.6363636363635,2305.818181818182
qwen3_4b_2560d_int8,zh_char,ROOT-670D,2622.5,5933.0
qwen3_4b_2560d_int8,zh_char,ROOT-6715,2904.0,5824.666666666667
qwen3_4b_2560d_int8,zh_char,ROOT-671D,3399.6666666666665,1062.0
qwen3_4b_2560d_int8,zh_char,ROOT-6728,887.0,553.0
qwen3_4b_2560d_int8,zh_char,ROOT-672A,2086.714285714286,1512.857142857143
qwen3_4b_2560d_int8,zh_char,ROOT-672B,1568.1666666666667,1903.6666666666667
qwen3_4b_2560d_int8,zh_char,ROOT-672C,-2641.0,-2845.0
qwen3_4b_2560d_int8,zh_char,ROOT-672E,2859.5,3834.0
qwen3_4b_2560d_int8,zh_char,ROOT-6731,1938.923076923077,1749.923076923077
qwen3_4b_2560d_int8,zh_char,ROOT-6735,709.0,434.0
qwen3_4b_2560d_int8,zh_char,ROOT-673F,1402.0,812.5
qwen3_4b_2560d_int8,zh_char,ROOT-6740,132.0,628.0
qwen3_4b_2560d_int8,zh_char,ROOT-675F,2657.2727272727275,3416.7272727272725
qwen3_4b_2560d_int8,zh_char,ROOT-6771,2137.0,2461.25
qwen3_4b_2560d_int8,zh_char,ROOT-6797,940.0,1316.090909090909
qwen3_4b_2560d_int8,zh_char,ROOT-679C,3720.0,2675.4166666666665
qwen3_4b_2560d_int8,zh_char,ROOT-67D0,1459.2,1805.8
qwen3_4b_2560d_int8,zh_char,ROOT-67EC,2275.185185185185,2178.1111111111113
qwen3_4b_2560d_int8,zh_char,ROOT-6817,562.0,329.0
qwen3_4b_2560d_int8,zh_char,ROOT-6840,155.0,207.5
qwen3_4b_2560d_int8,zh_char,ROOT-6851,6970.0,9352.0
qwen3_4b_2560d_int8,zh_char,ROOT-687C,1498.0,2921.5
qwen3_4b_2560d_int8,zh_char,ROOT-689F,3743.0,2829.0
qwen3_4b_2560d_int8,zh_char,ROOT-68D8,5535.0,6633.5
qwen3_4b_2560d_int8,zh_char,ROOT-696D,2825.0,3101.0
qwen3_4b_2560d_int8,zh_char,ROOT-69AE,2906.5,6174.5
qwen3_4b_2560d_int8,zh_char,ROOT-6A02,4266.181818181818,5114.545454545455
qwen3_4b_2560d_int8,zh_char,ROOT-6A0A,3286.3333333333335,6089.333333333333
qwen3_4b_2560d_int8,zh_char,ROOT-6B20,2299.5,2100.0
qwen3_4b_2560d_int8,zh_char,ROOT-6B2E,3640.4285714285716,3927.285714285714
qwen3_4b_2560d_int8,zh_char,ROOT-6B3D,1197.0,1997.0
qwen3_4b_2560d_int8,zh_char,ROOT-6B62,2058.8,1632.2
qwen3_4b_2560d_int8,zh_char,ROOT-6B63,3115.6,1958.6
qwen3_4b_2560d_int8,zh_char,ROOT-6B65,396.0,1409.0
qwen3_4b_2560d_int8,zh_char,ROOT-6B66,5354.5,6200.0
qwen3_4b_2560d_int8,zh_char,ROOT-6B78,4368.0,5566.0
qwen3_4b_2560d_int8,zh_char,ROOT-6BB3,4150.333333333333,5679.666666666667
qwen3_4b_2560d_int8,zh_char,ROOT-6BB5,3019.75,3948.75
qwen3_4b_2560d_int8,zh_char,ROOT-6BB7,601.0,649.0
qwen3_4b_2560d_int8,zh_char,ROOT-6BBF,9457.0,3037.0
qwen3_4b_2560d_int8,zh_char,ROOT-6BC0,383.0,529.0
qwen3_4b_2560d_int8,zh_char,ROOT-6BCC,193.0,351.0
qwen3_4b_2560d_int8,zh_char,ROOT-6BCD,572.3333333333334,763.6666666666666
qwen3_4b_2560d_int8,zh_char,ROOT-6BCE,607.0,952.0
qwen3_4b_2560d_int8,zh_char,ROOT-6BCF,3362.0,8864.0
qwen3_4b_2560d_int8,zh_char,ROOT-6BD4,1463.6153846153845,2570.230769230769
qwen3_4b_2560d_int8,zh_char,ROOT-6BDA,2218.222222222222,2322.5555555555557
qwen3_4b_2560d_int8,zh_char,ROOT-6BDB,106.66666666666667,-253.0
qwen3_4b_2560d_int8,zh_char,ROOT-6BF3,2183.6666666666665,2410.3333333333335
qwen3_4b_2560d_int8,zh_char,ROOT-6C0F,3025.1111111111113,4215.888888888889
qwen3_4b_2560d_int8,zh_char,ROOT-6C10,1538.4736842105262,1692.578947368421
qwen3_4b_2560d_int8,zh_char,ROOT-6C11,2456.2,2442.8
qwen3_4b_2560d_int8,zh_char,ROOT-6C14,1575.6666666666667,1481.6666666666667
qwen3_4b_2560d_int8,zh_char,ROOT-6C38,1883.0,1752.0
qwen3_4b_2560d_int8,zh_char,ROOT-6C42,1719.4166666666667,2415.5
qwen3_4b_2560d_int8,zh_char,ROOT-6C93,1950.75,2464.75
qwen3_4b_2560d_int8,zh_char,ROOT-6C99,1279.0,1409.75
qwen3_4b_2560d_int8,zh_char,ROOT-6C9B,0.0,0.0
qwen3_4b_2560d_int8,zh_char,ROOT-6CC9,4034.0,2763.5
qwen3_4b_2560d_int8,zh_char,ROOT-6CD5,8483.0,8528.0
qwen3_4b_2560d_int8,zh_char,ROOT-6D3B,2579.0,2943.0
qwen3_4b_2560d_int8,zh_char,ROOT-6ED5,1055.0,533.0
qwen3_4b_2560d_int8,zh_char,ROOT-6FD5,130.0,584.0
qwen3_4b_2560d_int8,zh_char,ROOT-706B,3938.0,4782.5
qwen3_4b_2560d_int8,zh_char,ROOT-708E,2270.722222222222,3126.3888888888887
qwen3_4b_2560d_int8,zh_char,ROOT-7097,1577.2857142857142,2289.214285714286
qwen3_4b_2560d_int8,zh_char,ROOT-70CF,2346.0,2903.5
qwen3_4b_2560d_int8,zh_char,ROOT-7109,-24.0,129.5
qwen3_4b_2560d_int8,zh_char,ROOT-7121,3666.3333333333335,4772.5
qwen3_4b_2560d_int8,zh_char,ROOT-7126,2548.1111111111113,2296.3333333333335
qwen3_4b_2560d_int8,zh_char,ROOT-7136,4160.0,4017.6666666666665
qwen3_4b_2560d_int8,zh_char,ROOT-7169,4846.0,7911.0
qwen3_4b_2560d_int8,zh_char,ROOT-718F,1774.2,2451.0
qwen3_4b_2560d_int8,zh_char,ROOT-71D5,1714.0,2670.6666666666665
qwen3_4b_2560d_int8,zh_char,ROOT-71DF,1116.0,2099.0
qwen3_4b_2560d_int8,zh_char,ROOT-722A,377.0,348.5
qwen3_4b_2560d_int8,zh_char,ROOT-722D,2436.5714285714284,2997.5714285714284
qwen3_4b_2560d_int8,zh_char,ROOT-7230,1992.3636363636363,2814.5454545454545
qwen3_4b_2560d_int8,zh_char,ROOT-7235,3267.75,2867.75
qwen3_4b_2560d_int8,zh_char,ROOT-7236,1936.6315789473683,2181.2631578947367
qwen3_4b_2560d_int8,zh_char,ROOT-723B,1530.0,1899.0
qwen3_4b_2560d_int8,zh_char,ROOT-723D,8242.0,9833.0
qwen3_4b_2560d_int8,zh_char,ROOT-723E,976.5,1418.0
qwen3_4b_2560d_int8,zh_char,ROOT-723F,721.3333333333334,2103.1666666666665
qwen3_4b_2560d_int8,zh_char,ROOT-7259,2447.375,2266.0
qwen3_4b_2560d_int8,zh_char,ROOT-72AC,679.0,3469.0
qwen3_4b_2560d_int8,zh_char,ROOT-72AE,2985.6363636363635,4037.0
qwen3_4b_2560d_int8,zh_char,ROOT-72C2,1198.0,1702.0
qwen3_4b_2560d_int8,zh_char,ROOT-72C4,1637.6666666666667,2076.6666666666665
qwen3_4b_2560d_int8,zh_char,ROOT-72CA,457.0,525.0
qwen3_4b_2560d_int8,zh_char,ROOT-730B,777.0,566.0
qwen3_4b_2560d_int8,zh_char,ROOT-7312,1726.5,2612.0
qwen3_4b_2560d_int8,zh_char,ROOT-7384,3065.222222222222,2734.3333333333335
qwen3_4b_2560d_int8,zh_char,ROOT-7387,6600.0,4501.5
qwen3_4b_2560d_int8,zh_char,ROOT-7389,1551.0,4748.0
qwen3_4b_2560d_int8,zh_char,ROOT-738B,131.66666666666666,-201.33333333333334
qwen3_4b_2560d_int8,zh_char,ROOT-74DC,2474.6,2572.0
qwen3_4b_2560d_int8,zh_char,ROOT-7504,-7.0,269.0
qwen3_4b_2560d_int8,zh_char,ROOT-7518,3289.6363636363635,3376.909090909091
qwen3_4b_2560d_int8,zh_char,ROOT-751A,3613.923076923077,3602.3846153846152
qwen3_4b_2560d_int8,zh_char,ROOT-751F,606.7142857142857,667.7142857142857
qwen3_4b_2560d_int8,zh_char,ROOT-7522,2939.6666666666665,1313.3333333333333
qwen3_4b_2560d_int8,zh_char,ROOT-7528,3439.3333333333335,2817.1666666666665
qwen3_4b_2560d_int8,zh_char,ROOT-752B,1934.4545454545455,2421.6666666666665
qwen3_4b_2560d_int8,zh_char,ROOT-7530,2004.75,1636.75
qwen3_4b_2560d_int8,zh_char,ROOT-7531,3752.705882352941,3237.235294117647
qwen3_4b_2560d_int8,zh_char,ROOT-7532,4524.0,3691.4444444444443
qwen3_4b_2560d_int8,zh_char,ROOT-7533,2457.6,2263.8
qwen3_4b_2560d_int8,zh_char,ROOT-7539,1786.6,1995.8
qwen3_4b_2560d_int8,zh_char,ROOT-7540,4063.25,3394.75
qwen3_4b_2560d_int8,zh_char,ROOT-754F,3132.8,3196.8
qwen3_4b_2560d_int8,zh_char,ROOT-7550,5583.0,5851.0
qwen3_4b_2560d_int8,zh_char,ROOT-755C,1830.6666666666667,2714.0
qwen3_4b_2560d_int8,zh_char,ROOT-755F,1757.0,2475.0
qwen3_4b_2560d_int8,zh_char,ROOT-7562,3000.2,4190.2
qwen3_4b_2560d_int8,zh_char,ROOT-756B,2191.0,3200.0
qwen3_4b_2560d_int8,zh_char,ROOT-7570,2494.0,3471.6666666666665
qwen3_4b_2560d_int8,zh_char,ROOT-758B,2590.8,2356.0
qwen3_4b_2560d_int8,zh_char,ROOT-758C,1873.0,2383.222222222222
qwen3_4b_2560d_int8,zh_char,ROOT-7591,1653.0,1897.2857142857142
qwen3_4b_2560d_int8,zh_char,ROOT-75BE,42.0,29.0
qwen3_4b_2560d_int8,zh_char,ROOT-7678,1080.0,1583.2
qwen3_4b_2560d_int8,zh_char,ROOT-7679,-131.75,-509.0
qwen3_4b_2560d_int8,zh_char,ROOT-767D,2471.125,1672.0
qwen3_4b_2560d_int8,zh_char,ROOT-7683,-1218.0,-193.0
qwen3_4b_2560d_int8,zh_char,ROOT-7686,2003.75,1879.5
qwen3_4b_2560d_int8,zh_char,ROOT-7687,3233.5,2073.5
qwen3_4b_2560d_int8,zh_char,ROOT-7695,339.0,512.0
qwen3_4b_2560d_int8,zh_char,ROOT-76AE,1700.2631578947369,1958.7894736842106
qwen3_4b_2560d_int8,zh_char,ROOT-76BF,3792.0,4044.6666666666665
qwen3_4b_2560d_int8,zh_char,ROOT-76CA,4953.625,5470.375
qwen3_4b_2560d_int8,zh_char,ROOT-76CD,2920.0,782.0
qwen3_4b_2560d_int8,zh_char,ROOT-76E1,1024.25,2475.75
qwen3_4b_2560d_int8,zh_char,ROOT-76E3,2439.909090909091,1668.8181818181818
qwen3_4b_2560d_int8,zh_char,ROOT-76F4,2675.8,3093.2
qwen3_4b_2560d_int8,zh_char,ROOT-76F8,3194.0,2226.0
qwen3_4b_2560d_int8,zh_char,ROOT-76FE,1934.75,2398.5
qwen3_4b_2560d_int8,zh_char,ROOT-7701,1718.0,4510.0
qwen3_4b_2560d_int8,zh_char,ROOT-7707,773.3333333333334,2120.6666666666665
qwen3_4b_2560d_int8,zh_char,ROOT-7709,11.0,16.0
qwen3_4b_2560d_int8,zh_char,ROOT-7714,3122.0,1595.0
qwen3_4b_2560d_int8,zh_char,ROOT-771F,3340.0,5234.5
qwen3_4b_2560d_int8,zh_char,ROOT-773E,6682.0,7085.0
qwen3_4b_2560d_int8,zh_char,ROOT-776A,2706.5,3966.3333333333335
qwen3_4b_2560d_int8,zh_char,ROOT-777F,1040.5,843.5
qwen3_4b_2560d_int8,zh_char,ROOT-77DB,1821.0,1433.6153846153845
qwen3_4b_2560d_int8,zh_char,ROOT-77DE,3612.181818181818,3941.181818181818
qwen3_4b_2560d_int8,zh_char,ROOT-77E2,1878.5,1756.1666666666667
qwen3_4b_2560d_int8,zh_char,ROOT-77F3,2219.1428571428573,1828.5714285714287
qwen3_4b_2560d_int8,zh_char,ROOT-793A,2957.2,3449.2
qwen3_4b_2560d_int8,zh_char,ROOT-796D,1344.1666666666667,820.5
qwen3_4b_2560d_int8,zh_char,ROOT-79B9,3071.6666666666665,4388.333333333333
qwen3_4b_2560d_int8,zh_char,ROOT-79BA,2333.1428571428573,1508.857142857143
qwen3_4b_2560d_int8,zh_char,ROOT-79BB,3939.181818181818,3722.6363636363635
qwen3_4b_2560d_int8,zh_char,ROOT-79BE,1967.7333333333333,1733.0666666666666
qwen3_4b_2560d_int8,zh_char,ROOT-79C0,1999.0,1492.6666666666667
qwen3_4b_2560d_int8,zh_char,ROOT-79CB,4289.857142857143,4558.428571428572
qwen3_4b_2560d_int8,zh_char,ROOT-79DD,932.0,1576.0
qwen3_4b_2560d_int8,zh_char,ROOT-79E6,3996.25,3751.25
qwen3_4b_2560d_int8,zh_char,ROOT-7ACB,3881.75,4542.5
qwen3_4b_2560d_int8,zh_char,ROOT-7ADF,1120.0,1955.5
qwen3_4b_2560d_int8,zh_char,ROOT-7AE0,2787.5555555555557,2068.1111111111113
qwen3_4b_2560d_int8,zh_char,ROOT-7AE5,2471.923076923077,2742.923076923077
qwen3_4b_2560d_int8,zh_char,ROOT-7AF9,55.0,1216.0
qwen3_4b_2560d_int8,zh_char,ROOT-7B6E,5088.0,5602.5
qwen3_4b_2560d_int8,zh_char,ROOT-7B97,3190.5,4333.5
qwen3_4b_2560d_int8,zh_char,ROOT-7C73,1950.3333333333333,1326.0
qwen3_4b_2560d_int8,zh_char,ROOT-7CDE,45.0,157.0
qwen3_4b_2560d_int8,zh_char,ROOT-7CFB,1697.0,4015.5
qwen3_4b_2560d_int8,zh_char,ROOT-7D2F,5680.333333333333,4815.0
qwen3_4b_2560d_int8,zh_char,ROOT-7D55,4031.0,6582.0
qwen3_4b_2560d_int8,zh_char,ROOT-7DBF,-7.0,-2.0
qwen3_4b_2560d_int8,zh_char,ROOT-7E23,787.0,1281.0
qwen3_4b_2560d_int8,zh_char,ROOT-7E6B,1206.0,2359.0
qwen3_4b_2560d_int8,zh_char,ROOT-7E6D,279.0,841.0
qwen3_4b_2560d_int8,zh_char,ROOT-7F54,1351.3333333333333,60.0
qwen3_4b_2560d_int8,zh_char,ROOT-7F72,3836.0,2747.0
qwen3_4b_2560d_int8,zh_char,ROOT-7F77,2405.5,3700.5
qwen3_4b_2560d_int8,zh_char,ROOT-7F7D,3762.0,196.0
qwen3_4b_2560d_int8,zh_char,ROOT-7F85,1181.6666666666667,1231.6666666666667
qwen3_4b_2560d_int8,zh_char,ROOT-7F8A,2467.4615384615386,1836.4615384615386
qwen3_4b_2560d_int8,zh_char,ROOT-7F94,3491.0,3568.0
qwen3_4b_2560d_int8,zh_char,ROOT-7FA9,3676.0,4078.7
qwen3_4b_2560d_int8,zh_char,ROOT-7FBD,-55.0,-92.0
qwen3_4b_2560d_int8,zh_char,ROOT-7FCF,2186.090909090909,2970.2727272727275
qwen3_4b_2560d_int8,zh_char,ROOT-7FD2,4047.125,4512.625
qwen3_4b_2560d_int8,zh_char,ROOT-7FDF,2090.818181818182,3451.7272727272725
qwen3_4b_2560d_int8,zh_char,ROOT-800C,2453.181818181818,2950.2727272727275
qwen3_4b_2560d_int8,zh_char,ROOT-8011,2391.3636363636365,3349.7272727272725
qwen3_4b_2560d_int8,zh_char,ROOT-8012,2017.0,2908.0
qwen3_4b_2560d_int8,zh_char,ROOT-8024,-4227.0,-3441.0
qwen3_4b_2560d_int8,zh_char,ROOT-8033,1995.7222222222222,2863.722222222222
qwen3_4b_2560d_int8,zh_char,ROOT-8034,3080.0,3177.0
qwen3_4b_2560d_int8,zh_char,ROOT-8036,2021.0,969.5
qwen3_4b_2560d_int8,zh_char,ROOT-8056,6852.5,7831.5
qwen3_4b_2560d_int8,zh_char,ROOT-8076,2962.4285714285716,3985.285714285714
qwen3_4b_2560d_int8,zh_char,ROOT-807D,1330.0,360.0
qwen3_4b_2560d_int8,zh_char,ROOT-807F,2124.2727272727275,1780.1818181818182
qwen3_4b_2560d_int8,zh_char,ROOT-8089,3304.5,4509.5
qwen3_4b_2560d_int8,zh_char,ROOT-8099,3741.5833333333335,4014.5833333333335
qwen3_4b_2560d_int8,zh_char,ROOT-80A9,1155.0,3021.0
qwen3_4b_2560d_int8,zh_char,ROOT-80C3,5533.0,3425.0
qwen3_4b_2560d_int8,zh_char,ROOT-80E4,2773.0,2619.0
qwen3_4b_2560d_int8,zh_char,ROOT-810A,1026.5,586.0
qwen3_4b_2560d_int8,zh_char,ROOT-81E3,5255.0,5892.0
qwen3_4b_2560d_int8,zh_char,ROOT-81E4,2820.5,3041.5
qwen3_4b_2560d_int8,zh_char,ROOT-81EA,2125.4,2090.4
qwen3_4b_2560d_int8,zh_char,ROOT-81ED,671.6666666666666,1368.3333333333333
qwen3_4b_2560d_int8,zh_char,ROOT-81F3,4247.058823529412,4453.0
qwen3_4b_2560d_int8,zh_char,ROOT-81FA,402.0,1402.0
qwen3_4b_2560d_int8,zh_char,ROOT-81FD,2881.5,4226.5
qwen3_4b_2560d_int8,zh_char,ROOT-81FE,1724.5,1968.8333333333333
qwen3_4b_2560d_int8,zh_char,ROOT-81FF,1594.0,1713.0
qwen3_4b_2560d_int8,zh_char,ROOT-8200,4021.3333333333335,2831.0
qwen3_4b_2560d_int8,zh_char,ROOT-8201,4050.625,4039.875
qwen3_4b_2560d_int8,zh_char,ROOT-8202,2951.0,4370.0
qwen3_4b_2560d_int8,zh_char,ROOT-8204,1433.5,2650.25
qwen3_4b_2560d_int8,zh_char,ROOT-820C,4342.0,8979.0
qwen3_4b_2560d_int8,zh_char,ROOT-821C,3172.5,3591.0
qwen3_4b_2560d_int8,zh_char,ROOT-821F,2304.6666666666665,2597.0
qwen3_4b_2560d_int8,zh_char,ROOT-822C,4406.428571428572,4023.285714285714
qwen3_4b_2560d_int8,zh_char,ROOT-826E,2587.0,3820.0
qwen3_4b_2560d_int8,zh_char,ROOT-826F,3400.923076923077,2975.153846153846
qwen3_4b_2560d_int8,zh_char,ROOT-82BB,2793.6,3255.1
qwen3_4b_2560d_int8,zh_char,ROOT-82D7,4838.666666666667,3112.0
qwen3_4b_2560d_int8,zh_char,ROOT-82E5,1710.6666666666667,1479.5
qwen3_4b_2560d_int8,zh_char,ROOT-830D,139.66666666666666,611.6666666666666
qwen3_4b_2560d_int8,zh_char,ROOT-8332,2158.0,1643.3333333333333
qwen3_4b_2560d_int8,zh_char,ROOT-83AB,1877.35,1656.1
qwen3_4b_2560d_int8,zh_char,ROOT-83D0,4121.0,5283.5
qwen3_4b_2560d_int8,zh_char,ROOT-83EF,3248.0,2675.0
qwen3_4b_2560d_int8,zh_char,ROOT-8408,2488.0,1068.0
qwen3_4b_2560d_int8,zh_char,ROOT-842C,2513.75,2914.75
qwen3_4b_2560d_int8,zh_char,ROOT-8457,4179.0,2942.0
qwen3_4b_2560d_int8,zh_char,ROOT-8499,1222.375,750.0
qwen3_4b_2560d_int8,zh_char,ROOT-8511,3847.8333333333335,4819.0
qwen3_4b_2560d_int8,zh_char,ROOT-864D,1877.5,2945.0
qwen3_4b_2560d_int8,zh_char,ROOT-864E,319.5,143.5
qwen3_4b_2560d_int8,zh_char,ROOT-8650,2240.0,2215.5
qwen3_4b_2560d_int8,zh_char,ROOT-865F,7502.0,7846.0
qwen3_4b_2560d_int8,zh_char,ROOT-86A4,3011.0,2969.0
qwen3_4b_2560d_int8,zh_char,ROOT-8700,4288.266666666666,4786.4
qwen3_4b_2560d_int8,zh_char,ROOT-87F2,2320.0,5194.0
qwen3_4b_2560d_int8,zh_char,ROOT-8806,1693.5,452.0
qwen3_4b_2560d_int8,zh_char,ROOT-8840,1210.6666666666667,1016.3333333333334
qwen3_4b_2560d_int8,zh_char,ROOT-884C,2571.5,3263.0
qwen3_4b_2560d_int8,zh_char,ROOT-884D,5882.5,4798.5
qwen3_4b_2560d_int8,zh_char,ROOT-8863,-90.66666666666667,-612.0
qwen3_4b_2560d_int8,zh_char,ROOT-8868,95.0,647.0
qwen3_4b_2560d_int8,zh_char,ROOT-8870,1529.6666666666667,3423.6666666666665
qwen3_4b_2560d_int8,zh_char,ROOT-8881,2605.0,3203.5
qwen3_4b_2560d_int8,zh_char,ROOT-8930,38.0,39.0
qwen3_4b_2560d_int8,zh_char,ROOT-8944,3131.3333333333335,3137.0
qwen3_4b_2560d_int8,zh_char,ROOT-897E,1926.6666666666667,1778.6666666666667
qwen3_4b_2560d_int8,zh_char,ROOT-897F,1536.6666666666667,1246.6666666666667
qwen3_4b_2560d_int8,zh_char,ROOT-8983,1658.0,2828.5
qwen3_4b_2560d_int8,zh_char,ROOT-898B,4092.125,4325.125
qwen3_4b_2560d_int8,zh_char,ROOT-898F,2635.6666666666665,4252.666666666667
qwen3_4b_2560d_int8,zh_char,ROOT-89AA,5021.666666666667,5891.333333333333
qwen3_4b_2560d_int8,zh_char,ROOT-89BA,2570.0,2587.0
qwen3_4b_2560d_int8,zh_char,ROOT-89D2,795.6,802.2
qwen3_4b_2560d_int8,zh_char,ROOT-89E3,2887.5,1965.5
qwen3_4b_2560d_int8,zh_char,ROOT-8A2D,645.0,2171.0
qwen3_4b_2560d_int8,zh_char,ROOT-8A79,3327.0833333333335,3843.25
qwen3_4b_2560d_int8,zh_char,ROOT-8C37,2896.722222222222,3028.8888888888887
qwen3_4b_2560d_int8,zh_char,ROOT-8C46,2384.157894736842,1726.2105263157894
qwen3_4b_2560d_int8,zh_char,ROOT-8C48,2679.7272727272725,3049.090909090909
qwen3_4b_2560d_int8,zh_char,ROOT-8C50,2597.0,2793.0
qwen3_4b_2560d_int8,zh_char,ROOT-8C5A,3011.0,3346.0
qwen3_4b_2560d_int8,zh_char,ROOT-8C61,4254.5,4475.25
qwen3_4b_2560d_int8,zh_char,ROOT-8C66,1918.1,2970.4
qwen3_4b_2560d_int8,zh_char,ROOT-8C6A,365.5,364.5
qwen3_4b_2560d_int8,zh_char,ROOT-8C9D,2429.0,2755.5
qwen3_4b_2560d_int8,zh_char,ROOT-8C9E,618.0,530.2
qwen3_4b_2560d_int8,zh_char,ROOT-8CA0,6397.0,6578.0
qwen3_4b_2560d_int8,zh_char,ROOT-8CAC,1613.857142857143,2533.8571428571427
qwen3_4b_2560d_int8,zh_char,ROOT-8CB4,2237.2,4255.6
qwen3_4b_2560d_int8,zh_char,ROOT-8CBF,3848.0,2584.0
qwen3_4b_2560d_int8,zh_char,ROOT-8CCF,3059.4285714285716,3031.8571428571427
qwen3_4b_2560d_int8,zh_char,ROOT-8CEA,7513.0,6313.0
qwen3_4b_2560d_int8,zh_char,ROOT-8D0A,1811.5,2836.5
qwen3_4b_2560d_int8,zh_char,ROOT-8D14,1216.0,1439.0
qwen3_4b_2560d_int8,zh_char,ROOT-8D1B,1030.0,2482.0
qwen3_4b_2560d_int8,zh_char,ROOT-8D64,583.0,1400.0
qwen3_4b_2560d_int8,zh_char,ROOT-8D66,8965.0,4386.0
qwen3_4b_2560d_int8,zh_char,ROOT-8D6B,2186.0,535.0
qwen3_4b_2560d_int8,zh_char,ROOT-8D70,375.0,757.0
qwen3_4b_2560d_int8,zh_char,ROOT-8DB3,2230.0,3063.25
qwen3_4b_2560d_int8,zh_char,ROOT-8ECD,4295.15,4778.55
qwen3_4b_2560d_int8,zh_char,ROOT-8F26,2358.0,2926.0
qwen3_4b_2560d_int8,zh_char,ROOT-8F9B,1596.8333333333333,2844.6666666666665
qwen3_4b_2560d_int8,zh_char,ROOT-8F9F,1483.0526315789473,1804.7368421052631
qwen3_4b_2560d_int8,zh_char,ROOT-8FB0,2317.866666666667,2622.8
qwen3_4b_2560d_int8,zh_char,ROOT-8FB1,3609.285714285714,3776.4285714285716
qwen3_4b_2560d_int8,zh_char,ROOT-8FB2,3005.5,2248.5
qwen3_4b_2560d_int8,zh_char,ROOT-9000,4468.0,738.0
qwen3_4b_2560d_int8,zh_char,ROOT-9023,3613.5,4088.0
qwen3_4b_2560d_int8,zh_char,ROOT-9054,2791.0,3628.0
qwen3_4b_2560d_int8,zh_char,ROOT-9069,2324.0,4608.0
qwen3_4b_2560d_int8,zh_char,ROOT-9077,403.0,1821.0
qwen3_4b_2560d_int8,zh_char,ROOT-9091,3030.25,1352.5
qwen3_4b_2560d_int8,zh_char,ROOT-9095,760.3333333333334,1155.3333333333333
qwen3_4b_2560d_int8,zh_char,ROOT-90A3,163.0,201.0
qwen3_4b_2560d_int8,zh_char,ROOT-90CE,3724.5,1471.5
qwen3_4b_2560d_int8,zh_char,ROOT-90E8,77.0,1558.0
qwen3_4b_2560d_int8,zh_char,ROOT-90ED,1361.0,1092.0
qwen3_4b_2560d_int8,zh_char,ROOT-9109,239.4,1121.6
qwen3_4b_2560d_int8,zh_char,ROOT-912D,5075.0,7282.5
qwen3_4b_2560d_int8,zh_char,ROOT-9149,1707.3333333333333,1386.6666666666667
qwen3_4b_2560d_int8,zh_char,ROOT-914B,3221.2,3473.3
qwen3_4b_2560d_int8,zh_char,ROOT-91C1,1486.0,2554.0
qwen3_4b_2560d_int8,zh_char,ROOT-91C6,1316.9130434782608,1595.2608695652175
qwen3_4b_2560d_int8,zh_char,ROOT-91C7,312.4,460.0
qwen3_4b_2560d_int8,zh_char,ROOT-91CC,1594.8181818181818,2091.3636363636365
qwen3_4b_2560d_int8,zh_char,ROOT-91CF,2938.0,476.0
qwen3_4b_2560d_int8,zh_char,ROOT-9577,2943.0,2713.1
qwen3_4b_2560d_int8,zh_char,ROOT-9580,1151.7142857142858,1251.857142857143
qwen3_4b_2560d_int8,zh_char,ROOT-958F,3589.0,2819.0
qwen3_4b_2560d_int8,zh_char,ROOT-9591,213.0,41.0
qwen3_4b_2560d_int8,zh_char,ROOT-9592,3066.0,2258.75
qwen3_4b_2560d_int8,zh_char,ROOT-95B5,2545.5,4882.0
qwen3_4b_2560d_int8,zh_char,ROOT-961C,394.0,130.0
qwen3_4b_2560d_int8,zh_char,ROOT-9673,-345.0,-1053.0
qwen3_4b_2560d_int8,zh_char,ROOT-9686,1895.5,970.0
qwen3_4b_2560d_int8,zh_char,ROOT-968B,2870.0,2620.0
qwen3_4b_2560d_int8,zh_char,ROOT-96A8,1233.0,988.0
qwen3_4b_2560d_int8,zh_char,ROOT-96B9,1475.8387096774193,2358.6774193548385
qwen3_4b_2560d_int8,zh_char,ROOT-96BB,3185.8333333333335,3331.1666666666665
qwen3_4b_2560d_int8,zh_char,ROOT-96BC,10.0,-2374.0
qwen3_4b_2560d_int8,zh_char,ROOT-96CB,3611.0,4350.666666666667
qwen3_4b_2560d_int8,zh_char,ROOT-96CD,3257.0,4541.0
qwen3_4b_2560d_int8,zh_char,ROOT-96D4,3473.0,3768.0
qwen3_4b_2560d_int8,zh_char,ROOT-96DC,687.0,419.0
qwen3_4b_2560d_int8,zh_char,ROOT-96E3,1699.75,1256.75
qwen3_4b_2560d_int8,zh_char,ROOT-96E9,2230.75,3260.25
qwen3_4b_2560d_int8,zh_char,ROOT-96F7,360.0,149.5
qwen3_4b_2560d_int8,zh_char,ROOT-9700,3845.6363636363635,3790.0
qwen3_4b_2560d_int8,zh_char,ROOT-9752,1878.1764705882354,1263.1176470588234
qwen3_4b_2560d_int8,zh_char,ROOT-975E,2345.5,2109.875
qwen3_4b_2560d_int8,zh_char,ROOT-9762,2916.0,3464.25
qwen3_4b_2560d_int8,zh_char,ROOT-9808,519.0,1116.0
qwen3_4b_2560d_int8,zh_char,ROOT-982A,2821.0,5409.0
qwen3_4b_2560d_int8,zh_char,ROOT-983B,894.0,1468.0
qwen3_4b_2560d_int8,zh_char,ROOT-985B,40.0,12.0
qwen3_4b_2560d_int8,zh_char,ROOT-9865,1444.0,946.0
qwen3_4b_2560d_int8,zh_char,ROOT-99AC,1594.8,1888.8
qwen3_4b_2560d_int8,zh_char,ROOT-9AD8,2276.25,2870.28125
qwen3_4b_2560d_int8,zh_char,ROOT-9B32,1788.6666666666667,2835.8333333333335
qwen3_4b_2560d_int8,zh_char,ROOT-9B3C,3135.866666666667,2771.266666666667
qwen3_4b_2560d_int8,zh_char,ROOT-9B5A,121.0,662.6666666666666
qwen3_4b_2560d_int8,zh_char,ROOT-9BAE,5357.0,1315.5
qwen3_4b_2560d_int8,zh_char,ROOT-9CE5,4934.5,5623.5
qwen3_4b_2560d_int8,zh_char,ROOT-9E75,570.0,1081.0
qwen3_4b_2560d_int8,zh_char,ROOT-9E7F,2901.0,3049.0
qwen3_4b_2560d_int8,zh_char,ROOT-9E83,1441.4,1743.2
qwen3_4b_2560d_int8,zh_char,ROOT-9E97,1406.5,1933.25
qwen3_4b_2560d_int8,zh_char,ROOT-9ED1,-14.0,-33.0
qwen3_4b_2560d_int8,zh_char,ROOT-9EFD,4438.333333333333,3079.0
qwen3_4b_2560d_int8,zh_char,ROOT-9F13,5803.0,3782.0
qwen3_4b_2560d_int8,zh_char,ROOT-9F4A,1268.3636363636363,1752.6363636363637
qwen3_4b_2560d_int8,zh_char,ROOT-9F8D,2231.133333333333,2420.266666666667
qwen3_4b_2560d_int8,zh_char,ROOT-9FA0,233.0,417.4
