model,channel,root_family_id,rank_change_raw,rank_change_centered
bge_m3_1024d,cn_def,ROOT-20000,-26.55,-61.5
bge_m3_1024d,cn_def,ROOT-200A4,1272.25,1168.75
bge_m3_1024d,cn_def,ROOT-2123C,207.8,507.3
bge_m3_1024d,cn_def,ROOT-219CD,474.55555555555554,309.55555555555554
bge_m3_1024d,cn_def,ROOT-21FE7,520.75,-50.5
bge_m3_1024d,cn_def,ROOT-23386,-798.75,-556.5
bge_m3_1024d,cn_def,ROOT-233DF,-531.5,-598.0
bge_m3_1024d,cn_def,ROOT-2394F,-23.625,126.75
bge_m3_1024d,cn_def,ROOT-239BC,682.5,794.0
bge_m3_1024d,cn_def,ROOT-23A8A,-361.8,-660.2
bge_m3_1024d,cn_def,ROOT-25055,502.0,964.0
bge_m3_1024d,cn_def,ROOT-271A3,10.363636363636363,-106.54545454545455
bge_m3_1024d,cn_def,ROOT-27DA0,207.66666666666666,489.3333333333333
bge_m3_1024d,cn_def,ROOT-3431,-42.285714285714285,-269.14285714285717
bge_m3_1024d,cn_def,ROOT-34BC,-207.75,78.0
bge_m3_1024d,cn_def,ROOT-34DE,27.75,351.0
bge_m3_1024d,cn_def,ROOT-3563,187.23076923076923,368.0
bge_m3_1024d,cn_def,ROOT-37A2,457.4166666666667,661.6666666666666
bge_m3_1024d,cn_def,ROOT-382F,167.4,168.73333333333332
bge_m3_1024d,cn_def,ROOT-3840,445.0,471.5
bge_m3_1024d,cn_def,ROOT-39B0,225.0,152.2
bge_m3_1024d,cn_def,ROOT-4020,552.0,1238.25
bge_m3_1024d,cn_def,ROOT-41C2,-5.4,101.33333333333333
bge_m3_1024d,cn_def,ROOT-4343,-172.75,-411.0
bge_m3_1024d,cn_def,ROOT-470C,111.81818181818181,356.8181818181818
bge_m3_1024d,cn_def,ROOT-4E00,417.0,677.75
bge_m3_1024d,cn_def,ROOT-4E01,162.78571428571428,146.57142857142858
bge_m3_1024d,cn_def,ROOT-4E02,-274.0,-377.75
bge_m3_1024d,cn_def,ROOT-4E0D,123.4,-34.6
bge_m3_1024d,cn_def,ROOT-4E11,959.0,1154.25
bge_m3_1024d,cn_def,ROOT-4E14,-119.5625,-207.0
bge_m3_1024d,cn_def,ROOT-4E29,373.0,650.5
bge_m3_1024d,cn_def,ROOT-4E2D,572.0,693.1666666666666
bge_m3_1024d,cn_def,ROOT-4E30,59.333333333333336,-111.5
bge_m3_1024d,cn_def,ROOT-4E36,-536.1428571428571,144.0
bge_m3_1024d,cn_def,ROOT-4E3F,26.333333333333332,111.06666666666666
bge_m3_1024d,cn_def,ROOT-4E43,-24.25,902.5
bge_m3_1024d,cn_def,ROOT-4E47,209.6,166.0
bge_m3_1024d,cn_def,ROOT-4E4D,422.27272727272725,360.45454545454544
bge_m3_1024d,cn_def,ROOT-4E4F,-0.8,-260.8
bge_m3_1024d,cn_def,ROOT-4E59,-480.75,102.0
bge_m3_1024d,cn_def,ROOT-4E5D,-141.57142857142858,13.714285714285714
bge_m3_1024d,cn_def,ROOT-4E5F,-1009.75,-668.25
bge_m3_1024d,cn_def,ROOT-4E88,479.7142857142857,1273.2857142857142
bge_m3_1024d,cn_def,ROOT-4E8C,178.0,395.7142857142857
bge_m3_1024d,cn_def,ROOT-4E8E,-142.4,-92.0
bge_m3_1024d,cn_def,ROOT-4E8F,-211.4,-212.8
bge_m3_1024d,cn_def,ROOT-4E91,26.4,104.6
bge_m3_1024d,cn_def,ROOT-4E94,207.1818181818182,110.45454545454545
bge_m3_1024d,cn_def,ROOT-4E9E,-389.75,-13.75
bge_m3_1024d,cn_def,ROOT-4EA1,546.25,133.75
bge_m3_1024d,cn_def,ROOT-4EA2,368.8888888888889,582.2222222222222
bge_m3_1024d,cn_def,ROOT-4EA4,0.4166666666666667,424.1666666666667
bge_m3_1024d,cn_def,ROOT-4EA5,-115.16666666666667,38.833333333333336
bge_m3_1024d,cn_def,ROOT-4EAC,194.42857142857142,371.0
bge_m3_1024d,cn_def,ROOT-4ECA,-30.333333333333332,-27.142857142857142
bge_m3_1024d,cn_def,ROOT-4EE4,74.53846153846153,64.07692307692308
bge_m3_1024d,cn_def,ROOT-4F59,-313.0,-24.428571428571427
bge_m3_1024d,cn_def,ROOT-4F96,-326.0,-281.57142857142856
bge_m3_1024d,cn_def,ROOT-5009,-316.625,-233.625
bge_m3_1024d,cn_def,ROOT-501D,-419.6,-302.8
bge_m3_1024d,cn_def,ROOT-50C9,221.0,562.1
bge_m3_1024d,cn_def,ROOT-5143,-171.75,-68.0
bge_m3_1024d,cn_def,ROOT-5146,94.0,-8.0
bge_m3_1024d,cn_def,ROOT-5149,-450.2,34.4
bge_m3_1024d,cn_def,ROOT-514D,805.0,993.0
bge_m3_1024d,cn_def,ROOT-5152,-123.25,-156.0
bge_m3_1024d,cn_def,ROOT-5165,-287.25,-596.5
bge_m3_1024d,cn_def,ROOT-5168,-979.8,-302.0
bge_m3_1024d,cn_def,ROOT-516A,716.9,1141.1
bge_m3_1024d,cn_def,ROOT-516C,15.857142857142858,94.42857142857143
bge_m3_1024d,cn_def,ROOT-5171,663.2857142857143,977.2857142857143
bge_m3_1024d,cn_def,ROOT-5176,188.0,439.4
bge_m3_1024d,cn_def,ROOT-517C,448.375,459.0
bge_m3_1024d,cn_def,ROOT-5183,-91.4,19.6
bge_m3_1024d,cn_def,ROOT-518E,258.09090909090907,206.8181818181818
bge_m3_1024d,cn_def,ROOT-5193,508.0,725.1428571428571
bge_m3_1024d,cn_def,ROOT-5198,-343.0,77.0
bge_m3_1024d,cn_def,ROOT-51A5,-257.75,-332.25
bge_m3_1024d,cn_def,ROOT-51E0,-639.2,-351.2
bge_m3_1024d,cn_def,ROOT-51E1,-39.57142857142857,-39.57142857142857
bge_m3_1024d,cn_def,ROOT-51FA,1991.75,3173.5
bge_m3_1024d,cn_def,ROOT-5200,143.69230769230768,275.0769230769231
bge_m3_1024d,cn_def,ROOT-5203,-140.33333333333334,-175.16666666666666
bge_m3_1024d,cn_def,ROOT-5206,270.64285714285717,495.35714285714283
bge_m3_1024d,cn_def,ROOT-5247,46.75,673.0
bge_m3_1024d,cn_def,ROOT-529B,184.6153846153846,257.84615384615387
bge_m3_1024d,cn_def,ROOT-52F9,75.33333333333333,534.5555555555555
bge_m3_1024d,cn_def,ROOT-52FA,709.8571428571429,975.0
bge_m3_1024d,cn_def,ROOT-52FF,74.0,-57.333333333333336
bge_m3_1024d,cn_def,ROOT-5303,-44.5,11.285714285714286
bge_m3_1024d,cn_def,ROOT-5305,-27.076923076923077,70.23076923076923
bge_m3_1024d,cn_def,ROOT-5315,-9.416666666666666,15.416666666666666
bge_m3_1024d,cn_def,ROOT-5340,-160.46153846153845,-237.07692307692307
bge_m3_1024d,cn_def,ROOT-5348,-617.0,-300.0
bge_m3_1024d,cn_def,ROOT-5349,-290.75,194.75
bge_m3_1024d,cn_def,ROOT-534A,-24.571428571428573,330.42857142857144
bge_m3_1024d,cn_def,ROOT-5351,312.45454545454544,387.45454545454544
bge_m3_1024d,cn_def,ROOT-5352,1086.9,860.2
bge_m3_1024d,cn_def,ROOT-5353,185.6,346.6
bge_m3_1024d,cn_def,ROOT-535C,269.0,190.0
bge_m3_1024d,cn_def,ROOT-5360,334.5,449.8333333333333
bge_m3_1024d,cn_def,ROOT-5377,644.8,860.4
bge_m3_1024d,cn_def,ROOT-539F,237.25,125.75
bge_m3_1024d,cn_def,ROOT-53B6,216.1875,351.3125
bge_m3_1024d,cn_def,ROOT-53B7,704.75,515.75
bge_m3_1024d,cn_def,ROOT-53C3,-303.6,54.0
bge_m3_1024d,cn_def,ROOT-53C8,76.57142857142857,398.7857142857143
bge_m3_1024d,cn_def,ROOT-53CA,321.0,392.85714285714283
bge_m3_1024d,cn_def,ROOT-53CD,-642.0,-629.6
bge_m3_1024d,cn_def,ROOT-53D5,288.25,1376.25
bge_m3_1024d,cn_def,ROOT-53DA,-907.1666666666666,-759.3333333333334
bge_m3_1024d,cn_def,ROOT-53E4,-172.04166666666666,-14.708333333333334
bge_m3_1024d,cn_def,ROOT-53F8,-271.75,-297.75
bge_m3_1024d,cn_def,ROOT-5404,35.291666666666664,58.291666666666664
bge_m3_1024d,cn_def,ROOT-5405,-274.125,-105.875
bge_m3_1024d,cn_def,ROOT-5408,382.0625,833.25
bge_m3_1024d,cn_def,ROOT-5409,14.88888888888889,69.0
bge_m3_1024d,cn_def,ROOT-540C,-84.0,-103.16666666666667
bge_m3_1024d,cn_def,ROOT-544A,98.25,215.75
bge_m3_1024d,cn_def,ROOT-5468,-230.9,-194.2
bge_m3_1024d,cn_def,ROOT-54B8,607.625,961.125
bge_m3_1024d,cn_def,ROOT-54E1,-239.0,-230.75
bge_m3_1024d,cn_def,ROOT-55AE,-304.0,-31.3
bge_m3_1024d,cn_def,ROOT-55BF,304.8333333333333,261.6666666666667
bge_m3_1024d,cn_def,ROOT-56D7,-101.375,-148.75
bge_m3_1024d,cn_def,ROOT-56FA,-996.75,-773.0
bge_m3_1024d,cn_def,ROOT-571F,-32.6,37.8
bge_m3_1024d,cn_def,ROOT-572D,-183.6875,-229.0625
bge_m3_1024d,cn_def,ROOT-5807,1325.4,1152.6
bge_m3_1024d,cn_def,ROOT-582F,48.38461538461539,210.3846153846154
bge_m3_1024d,cn_def,ROOT-58EC,136.625,204.0
bge_m3_1024d,cn_def,ROOT-58F4,1925.75,2841.5
bge_m3_1024d,cn_def,ROOT-590B,-62.44444444444444,232.44444444444446
bge_m3_1024d,cn_def,ROOT-590C,223.0,474.5
bge_m3_1024d,cn_def,ROOT-5917,-21.7,75.8
bge_m3_1024d,cn_def,ROOT-591A,1041.75,1324.25
bge_m3_1024d,cn_def,ROOT-5929,-572.25,-421.5
bge_m3_1024d,cn_def,ROOT-592D,124.0,138.0
bge_m3_1024d,cn_def,ROOT-592E,-219.0,-85.55555555555556
bge_m3_1024d,cn_def,ROOT-593E,54.0,189.625
bge_m3_1024d,cn_def,ROOT-5950,244.25,816.0
bge_m3_1024d,cn_def,ROOT-5967,10.75,-469.0
bge_m3_1024d,cn_def,ROOT-5973,531.7142857142857,765.0
bge_m3_1024d,cn_def,ROOT-5A41,-333.90909090909093,-78.81818181818181
bge_m3_1024d,cn_def,ROOT-5B5A,-381.2,-192.4
bge_m3_1024d,cn_def,ROOT-5B83,-365.7142857142857,-299.85714285714283
bge_m3_1024d,cn_def,ROOT-5B89,-399.25,-96.0
bge_m3_1024d,cn_def,ROOT-5B97,-623.8333333333334,-357.3333333333333
bge_m3_1024d,cn_def,ROOT-5B98,242.4,68.8
bge_m3_1024d,cn_def,ROOT-5BB3,-85.75,-291.5
bge_m3_1024d,cn_def,ROOT-5BCD,-73.0,-241.0
bge_m3_1024d,cn_def,ROOT-5BF8,-1162.5,-582.75
bge_m3_1024d,cn_def,ROOT-5C07,-526.25,-361.25
bge_m3_1024d,cn_def,ROOT-5C08,-189.0,-283.2
bge_m3_1024d,cn_def,ROOT-5C0F,-51.411764705882355,-140.47058823529412
bge_m3_1024d,cn_def,ROOT-5C17,-206.375,-229.125
bge_m3_1024d,cn_def,ROOT-5C1A,-41.75,76.3
bge_m3_1024d,cn_def,ROOT-5C39,-21.5,-524.5
bge_m3_1024d,cn_def,ROOT-5C4B,-368.0,-544.2
bge_m3_1024d,cn_def,ROOT-5C6F,-397.3333333333333,-4.5
bge_m3_1024d,cn_def,ROOT-5C70,204.5,252.0
bge_m3_1024d,cn_def,ROOT-5CA1,-79.5,-103.5
bge_m3_1024d,cn_def,ROOT-5DDD,-334.0,-125.0
bge_m3_1024d,cn_def,ROOT-5DE0,-432.42857142857144,-395.42857142857144
bge_m3_1024d,cn_def,ROOT-5DE4,334.25,113.75
bge_m3_1024d,cn_def,ROOT-5DE5,-65.89473684210526,-64.05263157894737
bge_m3_1024d,cn_def,ROOT-5DE8,-435.3333333333333,-349.6666666666667
bge_m3_1024d,cn_def,ROOT-5DF1,104.875,183.875
bge_m3_1024d,cn_def,ROOT-5DF4,-441.7142857142857,-382.0
bge_m3_1024d,cn_def,ROOT-5E0C,773.75,675.75
bge_m3_1024d,cn_def,ROOT-5E1D,-851.0,-862.2
bge_m3_1024d,cn_def,ROOT-5E72,147.375,71.0625
bge_m3_1024d,cn_def,ROOT-5E73,28.833333333333332,290.0
bge_m3_1024d,cn_def,ROOT-5E7A,447.5,667.5
bge_m3_1024d,cn_def,ROOT-5EB6,55.5,61.0
bge_m3_1024d,cn_def,ROOT-5EFA,-1066.5,-1367.0
bge_m3_1024d,cn_def,ROOT-5F0B,-12.083333333333334,27.5
bge_m3_1024d,cn_def,ROOT-5F17,-368.14285714285717,46.57142857142857
bge_m3_1024d,cn_def,ROOT-5F1F,-9.666666666666666,106.44444444444444
bge_m3_1024d,cn_def,ROOT-5F54,-350.0,-510.4
bge_m3_1024d,cn_def,ROOT-5F56,-413.75,-186.75
bge_m3_1024d,cn_def,ROOT-5F9E,-83.2,90.2
bge_m3_1024d,cn_def,ROOT-5FC5,-365.4,-707.6
bge_m3_1024d,cn_def,ROOT-610F,504.25,1263.75
bge_m3_1024d,cn_def,ROOT-620D,-103.33333333333333,-25.0
bge_m3_1024d,cn_def,ROOT-6211,-123.42857142857143,-63.42857142857143
bge_m3_1024d,cn_def,ROOT-6214,-127.54545454545455,-8.909090909090908
bge_m3_1024d,cn_def,ROOT-6216,-497.1666666666667,-264.0
bge_m3_1024d,cn_def,ROOT-6236,138.2,-139.2
bge_m3_1024d,cn_def,ROOT-6241,-488.14285714285717,-366.85714285714283
bge_m3_1024d,cn_def,ROOT-624B,-12.0,-3.7142857142857144
bge_m3_1024d,cn_def,ROOT-652F,123.0909090909091,197.9090909090909
bge_m3_1024d,cn_def,ROOT-6538,-4.8,43.9
bge_m3_1024d,cn_def,ROOT-6544,-545.0,5.0
bge_m3_1024d,cn_def,ROOT-656B,-104.0,495.75
bge_m3_1024d,cn_def,ROOT-6587,298.8888888888889,411.77777777777777
bge_m3_1024d,cn_def,ROOT-65A4,28.307692307692307,410.0769230769231
bge_m3_1024d,cn_def,ROOT-65AC,265.0,554.25
bge_m3_1024d,cn_def,ROOT-65B9,44.46153846153846,31.615384615384617
bge_m3_1024d,cn_def,ROOT-65C1,541.75,1001.75
bge_m3_1024d,cn_def,ROOT-65E6,-140.0,-25.0
bge_m3_1024d,cn_def,ROOT-65E8,-45.833333333333336,20.5
bge_m3_1024d,cn_def,ROOT-65EC,-61.857142857142854,-240.71428571428572
bge_m3_1024d,cn_def,ROOT-6606,60.0,30.2
bge_m3_1024d,cn_def,ROOT-660C,874.5,580.0
bge_m3_1024d,cn_def,ROOT-6613,-118.28571428571429,377.42857142857144
bge_m3_1024d,cn_def,ROOT-661C,-32.1,198.9
bge_m3_1024d,cn_def,ROOT-661F,844.5,450.5
bge_m3_1024d,cn_def,ROOT-662F,-116.5,-350.8333333333333
bge_m3_1024d,cn_def,ROOT-66FC,-263.55555555555554,-204.88888888888889
bge_m3_1024d,cn_def,ROOT-66FE,-144.625,321.5
bge_m3_1024d,cn_def,ROOT-6701,486.0,102.25
bge_m3_1024d,cn_def,ROOT-6703,41.42857142857143,204.14285714285714
bge_m3_1024d,cn_def,ROOT-670B,-468.4,-112.2
bge_m3_1024d,cn_def,ROOT-672A,-1.25,-92.25
bge_m3_1024d,cn_def,ROOT-6731,37.888888888888886,-75.77777777777777
bge_m3_1024d,cn_def,ROOT-675F,108.25,532.25
bge_m3_1024d,cn_def,ROOT-6771,-425.625,-362.0
bge_m3_1024d,cn_def,ROOT-6797,-100.14285714285714,136.0
bge_m3_1024d,cn_def,ROOT-679C,-128.88888888888889,-225.66666666666666
bge_m3_1024d,cn_def,ROOT-67BC,-100.66666666666667,-224.83333333333334
bge_m3_1024d,cn_def,ROOT-67EC,-212.05555555555554,-30.444444444444443
bge_m3_1024d,cn_def,ROOT-6A02,308.75,374.0
bge_m3_1024d,cn_def,ROOT-6B2E,-126.6,-141.0
bge_m3_1024d,cn_def,ROOT-6B63,-185.25,-530.25
bge_m3_1024d,cn_def,ROOT-6BB8,-346.25,-306.5
bge_m3_1024d,cn_def,ROOT-6BCE,88.28571428571429,290.85714285714283
bge_m3_1024d,cn_def,ROOT-6BD4,-337.75,-402.625
bge_m3_1024d,cn_def,ROOT-6BDA,379.0,373.0
bge_m3_1024d,cn_def,ROOT-6BDB,-200.0,-174.25
bge_m3_1024d,cn_def,ROOT-6C0F,-387.75,-710.5
bge_m3_1024d,cn_def,ROOT-6C10,27.125,149.0
bge_m3_1024d,cn_def,ROOT-708E,-29.2,-28.6
bge_m3_1024d,cn_def,ROOT-7097,-327.5833333333333,-301.8333333333333
bge_m3_1024d,cn_def,ROOT-722D,199.5,-4.833333333333333
bge_m3_1024d,cn_def,ROOT-7230,-535.8571428571429,-750.5714285714286
bge_m3_1024d,cn_def,ROOT-7236,335.90909090909093,632.7272727272727
bge_m3_1024d,cn_def,ROOT-723F,155.75,562.0
bge_m3_1024d,cn_def,ROOT-7259,-557.8,-494.4
bge_m3_1024d,cn_def,ROOT-72AE,-464.0,-605.75
bge_m3_1024d,cn_def,ROOT-7384,43.666666666666664,5.0
bge_m3_1024d,cn_def,ROOT-74DC,97.5,72.0
bge_m3_1024d,cn_def,ROOT-7518,523.7142857142857,794.7142857142857
bge_m3_1024d,cn_def,ROOT-751A,1196.5714285714287,1792.4285714285713
bge_m3_1024d,cn_def,ROOT-751F,572.8333333333334,494.1666666666667
bge_m3_1024d,cn_def,ROOT-7528,-12.142857142857142,-140.57142857142858
bge_m3_1024d,cn_def,ROOT-752B,216.94117647058823,872.8235294117648
bge_m3_1024d,cn_def,ROOT-7531,24.90909090909091,4.818181818181818
bge_m3_1024d,cn_def,ROOT-7532,-96.25,-44.125
bge_m3_1024d,cn_def,ROOT-7533,101.25,101.5
bge_m3_1024d,cn_def,ROOT-7550,-467.6,-760.0
bge_m3_1024d,cn_def,ROOT-757E,80.5,423.25
bge_m3_1024d,cn_def,ROOT-767D,-373.15384615384613,-44.0
bge_m3_1024d,cn_def,ROOT-7686,106.6,464.4
bge_m3_1024d,cn_def,ROOT-7687,-125.5,-32.75
bge_m3_1024d,cn_def,ROOT-76AE,63.583333333333336,101.66666666666667
bge_m3_1024d,cn_def,ROOT-76E3,-89.0909090909091,118.54545454545455
bge_m3_1024d,cn_def,ROOT-76F8,-189.4,-358.0
bge_m3_1024d,cn_def,ROOT-77DB,-61.4,214.0
bge_m3_1024d,cn_def,ROOT-77E2,164.4,169.2
bge_m3_1024d,cn_def,ROOT-77F3,-657.0,-1072.75
bge_m3_1024d,cn_def,ROOT-79BA,-748.0,-544.6
bge_m3_1024d,cn_def,ROOT-79BB,7.4,-170.6
bge_m3_1024d,cn_def,ROOT-79BE,-284.8888888888889,-352.22222222222223
bge_m3_1024d,cn_def,ROOT-79CB,-309.0,-312.4
bge_m3_1024d,cn_def,ROOT-7ACB,-318.3333333333333,61.333333333333336
bge_m3_1024d,cn_def,ROOT-7AE0,55.0,-113.0
bge_m3_1024d,cn_def,ROOT-7AE5,-7.714285714285714,112.14285714285714
bge_m3_1024d,cn_def,ROOT-7F8A,72.28571428571429,190.57142857142858
bge_m3_1024d,cn_def,ROOT-7FA9,-12.571428571428571,-172.85714285714286
bge_m3_1024d,cn_def,ROOT-7FCF,944.2,1045.4
bge_m3_1024d,cn_def,ROOT-7FDF,288.3333333333333,734.6666666666666
bge_m3_1024d,cn_def,ROOT-8011,550.5714285714286,1295.4285714285713
bge_m3_1024d,cn_def,ROOT-8033,609.0,994.7777777777778
bge_m3_1024d,cn_def,ROOT-8076,590.6,1014.8
bge_m3_1024d,cn_def,ROOT-807F,195.0,292.5
bge_m3_1024d,cn_def,ROOT-8099,-405.5,-595.5
bge_m3_1024d,cn_def,ROOT-81E4,251.66666666666666,435.5
bge_m3_1024d,cn_def,ROOT-81F3,-624.2857142857143,-568.7142857142857
bge_m3_1024d,cn_def,ROOT-81FD,68.0,21.428571428571427
bge_m3_1024d,cn_def,ROOT-8200,2.8,36.6
bge_m3_1024d,cn_def,ROOT-8201,-434.5,-471.5
bge_m3_1024d,cn_def,ROOT-826F,799.5714285714286,530.4285714285714
bge_m3_1024d,cn_def,ROOT-82BB,81.5,97.75
bge_m3_1024d,cn_def,ROOT-830D,683.0,1366.75
bge_m3_1024d,cn_def,ROOT-83AB,23.071428571428573,223.64285714285714
bge_m3_1024d,cn_def,ROOT-83D0,23.6,48.0
bge_m3_1024d,cn_def,ROOT-84A6,-176.5,-411.5
bge_m3_1024d,cn_def,ROOT-8700,-35.125,89.875
bge_m3_1024d,cn_def,ROOT-8944,-143.75,-206.75
bge_m3_1024d,cn_def,ROOT-898B,-783.0,-939.2
bge_m3_1024d,cn_def,ROOT-8A79,72.66666666666667,189.88888888888889
bge_m3_1024d,cn_def,ROOT-8C37,80.4,222.7
bge_m3_1024d,cn_def,ROOT-8C46,599.7,554.7
bge_m3_1024d,cn_def,ROOT-8C48,-234.57142857142858,-86.85714285714286
bge_m3_1024d,cn_def,ROOT-8C66,-399.0,-724.0
bge_m3_1024d,cn_def,ROOT-8C9E,-928.25,-446.75
bge_m3_1024d,cn_def,ROOT-8CAC,-312.6,-100.0
bge_m3_1024d,cn_def,ROOT-8CCF,43.285714285714285,1.1428571428571428
bge_m3_1024d,cn_def,ROOT-8DB3,1296.75,2111.0
bge_m3_1024d,cn_def,ROOT-8ECD,-81.77777777777777,-130.22222222222223
bge_m3_1024d,cn_def,ROOT-8F9F,-106.63636363636364,-31.0
bge_m3_1024d,cn_def,ROOT-8FA1,297.2,660.0
bge_m3_1024d,cn_def,ROOT-8FB0,68.71428571428571,320.42857142857144
bge_m3_1024d,cn_def,ROOT-8FB1,-50.0,-6.75
bge_m3_1024d,cn_def,ROOT-9023,-377.25,-247.25
bge_m3_1024d,cn_def,ROOT-91C6,-251.9090909090909,-347.09090909090907
bge_m3_1024d,cn_def,ROOT-91CC,-79.71428571428571,105.85714285714286
bge_m3_1024d,cn_def,ROOT-9577,-272.3333333333333,143.83333333333334
bge_m3_1024d,cn_def,ROOT-9580,129.16666666666666,95.83333333333333
bge_m3_1024d,cn_def,ROOT-96B9,139.27777777777777,267.0
bge_m3_1024d,cn_def,ROOT-9700,-142.16666666666666,479.6666666666667
bge_m3_1024d,cn_def,ROOT-9752,131.83333333333334,132.16666666666666
bge_m3_1024d,cn_def,ROOT-975E,86.0625,102.375
bge_m3_1024d,cn_def,ROOT-9AD8,-46.8,-29.733333333333334
bge_m3_1024d,cn_def,ROOT-9B3C,137.625,70.25
bge_m3_1024d,cn_def,ROOT-9E7F,-257.25,-146.75
bge_m3_1024d,cn_def,ROOT-9F4A,-96.33333333333333,-96.16666666666667
bge_m3_1024d,cn_def,ROOT-9F8D,-200.75,-306.375
bge_m3_1024d,en_def_translated_cn_def,ROOT-20000,-126.45,-104.55
bge_m3_1024d,en_def_translated_cn_def,ROOT-200A4,552.0,580.5
bge_m3_1024d,en_def_translated_cn_def,ROOT-2123C,459.5,696.2
bge_m3_1024d,en_def_translated_cn_def,ROOT-219CD,389.55555555555554,322.0
bge_m3_1024d,en_def_translated_cn_def,ROOT-21FE7,186.25,-452.75
bge_m3_1024d,en_def_translated_cn_def,ROOT-23386,-1051.75,-637.5
bge_m3_1024d,en_def_translated_cn_def,ROOT-233DF,-487.5,-394.0
bge_m3_1024d,en_def_translated_cn_def,ROOT-2394F,20.9375,170.875
bge_m3_1024d,en_def_translated_cn_def,ROOT-239BC,838.0,1166.0
bge_m3_1024d,en_def_translated_cn_def,ROOT-23A8A,-270.0,-341.2
bge_m3_1024d,en_def_translated_cn_def,ROOT-25055,747.25,1573.25
bge_m3_1024d,en_def_translated_cn_def,ROOT-271A3,-102.0,4.2727272727272725
bge_m3_1024d,en_def_translated_cn_def,ROOT-27DA0,402.0,508.5
bge_m3_1024d,en_def_translated_cn_def,ROOT-3431,140.42857142857142,-89.71428571428571
bge_m3_1024d,en_def_translated_cn_def,ROOT-34BC,6.5,-240.25
bge_m3_1024d,en_def_translated_cn_def,ROOT-34DE,-2.0,351.625
bge_m3_1024d,en_def_translated_cn_def,ROOT-3563,111.76923076923077,256.15384615384613
bge_m3_1024d,en_def_translated_cn_def,ROOT-37A2,626.4166666666666,879.8333333333334
bge_m3_1024d,en_def_translated_cn_def,ROOT-382F,38.53333333333333,101.8
bge_m3_1024d,en_def_translated_cn_def,ROOT-3840,286.5,258.0
bge_m3_1024d,en_def_translated_cn_def,ROOT-39B0,32.0,-259.0
bge_m3_1024d,en_def_translated_cn_def,ROOT-4020,584.25,981.75
bge_m3_1024d,en_def_translated_cn_def,ROOT-41C2,127.73333333333333,165.73333333333332
bge_m3_1024d,en_def_translated_cn_def,ROOT-4343,-384.25,-175.25
bge_m3_1024d,en_def_translated_cn_def,ROOT-470C,38.36363636363637,258.09090909090907
bge_m3_1024d,en_def_translated_cn_def,ROOT-4E00,200.5,518.0
bge_m3_1024d,en_def_translated_cn_def,ROOT-4E01,285.57142857142856,402.2857142857143
bge_m3_1024d,en_def_translated_cn_def,ROOT-4E02,-485.75,-677.5
bge_m3_1024d,en_def_translated_cn_def,ROOT-4E0D,-569.2,-376.0
bge_m3_1024d,en_def_translated_cn_def,ROOT-4E11,478.0,534.75
bge_m3_1024d,en_def_translated_cn_def,ROOT-4E14,-222.6875,-322.8125
bge_m3_1024d,en_def_translated_cn_def,ROOT-4E29,605.25,962.25
bge_m3_1024d,en_def_translated_cn_def,ROOT-4E2D,-278.8333333333333,-273.8333333333333
bge_m3_1024d,en_def_translated_cn_def,ROOT-4E30,-64.83333333333333,-528.6666666666666
bge_m3_1024d,en_def_translated_cn_def,ROOT-4E36,-207.57142857142858,364.2857142857143
bge_m3_1024d,en_def_translated_cn_def,ROOT-4E3F,148.33333333333334,378.8666666666667
bge_m3_1024d,en_def_translated_cn_def,ROOT-4E43,171.75,947.0
bge_m3_1024d,en_def_translated_cn_def,ROOT-4E47,-238.6,46.2
bge_m3_1024d,en_def_translated_cn_def,ROOT-4E4D,344.6363636363636,269.90909090909093
bge_m3_1024d,en_def_translated_cn_def,ROOT-4E4F,-590.6,-1140.4
bge_m3_1024d,en_def_translated_cn_def,ROOT-4E59,-548.75,-198.75
bge_m3_1024d,en_def_translated_cn_def,ROOT-4E5D,-230.85714285714286,-73.28571428571429
bge_m3_1024d,en_def_translated_cn_def,ROOT-4E5F,-202.25,-262.5
bge_m3_1024d,en_def_translated_cn_def,ROOT-4E88,15.0,277.42857142857144
bge_m3_1024d,en_def_translated_cn_def,ROOT-4E8C,-84.71428571428571,202.0
bge_m3_1024d,en_def_translated_cn_def,ROOT-4E8E,79.8,183.2
bge_m3_1024d,en_def_translated_cn_def,ROOT-4E8F,-233.4,-199.4
bge_m3_1024d,en_def_translated_cn_def,ROOT-4E91,57.8,109.4
bge_m3_1024d,en_def_translated_cn_def,ROOT-4E94,103.27272727272727,133.72727272727272
bge_m3_1024d,en_def_translated_cn_def,ROOT-4E9E,-475.25,-304.25
bge_m3_1024d,en_def_translated_cn_def,ROOT-4EA1,94.25,-57.0
bge_m3_1024d,en_def_translated_cn_def,ROOT-4EA2,518.2222222222222,741.6666666666666
bge_m3_1024d,en_def_translated_cn_def,ROOT-4EA4,-72.75,223.66666666666666
bge_m3_1024d,en_def_translated_cn_def,ROOT-4EA5,-276.4166666666667,1.5833333333333333
bge_m3_1024d,en_def_translated_cn_def,ROOT-4EAC,-250.0,17.571428571428573
bge_m3_1024d,en_def_translated_cn_def,ROOT-4ECA,-74.47619047619048,-82.76190476190476
bge_m3_1024d,en_def_translated_cn_def,ROOT-4EE4,-162.30769230769232,-89.23076923076923
bge_m3_1024d,en_def_translated_cn_def,ROOT-4F59,-159.85714285714286,-30.428571428571427
bge_m3_1024d,en_def_translated_cn_def,ROOT-4F96,-318.14285714285717,-322.85714285714283
bge_m3_1024d,en_def_translated_cn_def,ROOT-5009,-225.625,-316.875
bge_m3_1024d,en_def_translated_cn_def,ROOT-501D,-566.0,-227.8
bge_m3_1024d,en_def_translated_cn_def,ROOT-50C9,258.0,333.7
bge_m3_1024d,en_def_translated_cn_def,ROOT-5143,107.875,106.125
bge_m3_1024d,en_def_translated_cn_def,ROOT-5146,-108.66666666666667,-105.66666666666667
bge_m3_1024d,en_def_translated_cn_def,ROOT-5149,-337.8,-110.8
bge_m3_1024d,en_def_translated_cn_def,ROOT-514D,439.0,882.5
bge_m3_1024d,en_def_translated_cn_def,ROOT-5152,363.0,243.75
bge_m3_1024d,en_def_translated_cn_def,ROOT-5165,-841.25,-229.0
bge_m3_1024d,en_def_translated_cn_def,ROOT-5168,-613.0,-204.4
bge_m3_1024d,en_def_translated_cn_def,ROOT-516A,90.6,520.5
bge_m3_1024d,en_def_translated_cn_def,ROOT-516C,-337.57142857142856,-206.71428571428572
bge_m3_1024d,en_def_translated_cn_def,ROOT-5171,844.8571428571429,1135.142857142857
bge_m3_1024d,en_def_translated_cn_def,ROOT-5176,338.4,445.2
bge_m3_1024d,en_def_translated_cn_def,ROOT-517C,205.625,270.875
bge_m3_1024d,en_def_translated_cn_def,ROOT-5183,324.0,353.2
bge_m3_1024d,en_def_translated_cn_def,ROOT-518E,79.54545454545455,359.0
bge_m3_1024d,en_def_translated_cn_def,ROOT-5193,294.14285714285717,869.0
bge_m3_1024d,en_def_translated_cn_def,ROOT-5198,195.66666666666666,175.83333333333334
bge_m3_1024d,en_def_translated_cn_def,ROOT-51A5,64.25,107.75
bge_m3_1024d,en_def_translated_cn_def,ROOT-51E0,-423.6,-350.4
bge_m3_1024d,en_def_translated_cn_def,ROOT-51E1,51.0,56.142857142857146
bge_m3_1024d,en_def_translated_cn_def,ROOT-51FA,2594.75,3883.0
bge_m3_1024d,en_def_translated_cn_def,ROOT-5200,94.3076923076923,116.46153846153847
bge_m3_1024d,en_def_translated_cn_def,ROOT-5203,-192.33333333333334,-162.33333333333334
bge_m3_1024d,en_def_translated_cn_def,ROOT-5206,119.85714285714286,508.92857142857144
bge_m3_1024d,en_def_translated_cn_def,ROOT-5247,723.5,477.5
bge_m3_1024d,en_def_translated_cn_def,ROOT-529B,142.69230769230768,412.46153846153845
bge_m3_1024d,en_def_translated_cn_def,ROOT-52F9,-489.1111111111111,-258.3333333333333
bge_m3_1024d,en_def_translated_cn_def,ROOT-52FA,801.0,842.5714285714286
bge_m3_1024d,en_def_translated_cn_def,ROOT-52FF,627.0,229.5
bge_m3_1024d,en_def_translated_cn_def,ROOT-5303,-26.285714285714285,88.21428571428571
bge_m3_1024d,en_def_translated_cn_def,ROOT-5305,-20.307692307692307,-38.61538461538461
bge_m3_1024d,en_def_translated_cn_def,ROOT-5315,238.58333333333334,173.83333333333334
bge_m3_1024d,en_def_translated_cn_def,ROOT-5340,-173.30769230769232,-117.0
bge_m3_1024d,en_def_translated_cn_def,ROOT-5348,-438.0,-281.75
bge_m3_1024d,en_def_translated_cn_def,ROOT-5349,336.5,400.75
bge_m3_1024d,en_def_translated_cn_def,ROOT-534A,-276.14285714285717,-164.14285714285714
bge_m3_1024d,en_def_translated_cn_def,ROOT-5351,141.0,164.8181818181818
bge_m3_1024d,en_def_translated_cn_def,ROOT-5352,893.1,857.9
bge_m3_1024d,en_def_translated_cn_def,ROOT-5353,429.8,872.6
bge_m3_1024d,en_def_translated_cn_def,ROOT-535C,422.0,248.0
bge_m3_1024d,en_def_translated_cn_def,ROOT-5360,354.8333333333333,349.0833333333333
bge_m3_1024d,en_def_translated_cn_def,ROOT-5377,672.6,401.0
bge_m3_1024d,en_def_translated_cn_def,ROOT-539F,371.75,439.0
bge_m3_1024d,en_def_translated_cn_def,ROOT-53B6,391.5,314.625
bge_m3_1024d,en_def_translated_cn_def,ROOT-53B7,504.0,509.75
bge_m3_1024d,en_def_translated_cn_def,ROOT-53C3,-347.0,-325.6
bge_m3_1024d,en_def_translated_cn_def,ROOT-53C8,227.21428571428572,329.2142857142857
bge_m3_1024d,en_def_translated_cn_def,ROOT-53CA,19.0,51.142857142857146
bge_m3_1024d,en_def_translated_cn_def,ROOT-53CD,-707.0,-741.6
bge_m3_1024d,en_def_translated_cn_def,ROOT-53D5,54.5,432.0
bge_m3_1024d,en_def_translated_cn_def,ROOT-53DA,-270.6666666666667,-414.1666666666667
bge_m3_1024d,en_def_translated_cn_def,ROOT-53E4,-204.16666666666666,46.0
bge_m3_1024d,en_def_translated_cn_def,ROOT-53F8,-215.25,-332.0
bge_m3_1024d,en_def_translated_cn_def,ROOT-5404,-43.083333333333336,23.625
bge_m3_1024d,en_def_translated_cn_def,ROOT-5405,53.25,369.5
bge_m3_1024d,en_def_translated_cn_def,ROOT-5408,48.125,391.6875
bge_m3_1024d,en_def_translated_cn_def,ROOT-5409,138.11111111111111,236.55555555555554
bge_m3_1024d,en_def_translated_cn_def,ROOT-540C,81.33333333333333,264.8333333333333
bge_m3_1024d,en_def_translated_cn_def,ROOT-544A,288.125,316.375
bge_m3_1024d,en_def_translated_cn_def,ROOT-5468,86.7,32.6
bge_m3_1024d,en_def_translated_cn_def,ROOT-54B8,1063.625,1286.25
bge_m3_1024d,en_def_translated_cn_def,ROOT-54E1,-22.5,9.0
bge_m3_1024d,en_def_translated_cn_def,ROOT-55AE,-247.5,-38.6
bge_m3_1024d,en_def_translated_cn_def,ROOT-55BF,451.6666666666667,562.3333333333334
bge_m3_1024d,en_def_translated_cn_def,ROOT-56D7,21.375,17.375
bge_m3_1024d,en_def_translated_cn_def,ROOT-56FA,-307.5,-250.25
bge_m3_1024d,en_def_translated_cn_def,ROOT-571F,-209.0,136.8
bge_m3_1024d,en_def_translated_cn_def,ROOT-572D,-144.9375,115.375
bge_m3_1024d,en_def_translated_cn_def,ROOT-5807,-362.6,-369.4
bge_m3_1024d,en_def_translated_cn_def,ROOT-582F,194.53846153846155,363.2307692307692
bge_m3_1024d,en_def_translated_cn_def,ROOT-58EC,277.75,450.75
bge_m3_1024d,en_def_translated_cn_def,ROOT-58F4,1701.0,2755.5
bge_m3_1024d,en_def_translated_cn_def,ROOT-590B,-262.77777777777777,-165.0
bge_m3_1024d,en_def_translated_cn_def,ROOT-590C,321.25,319.0
bge_m3_1024d,en_def_translated_cn_def,ROOT-5917,-652.0,-466.8
bge_m3_1024d,en_def_translated_cn_def,ROOT-591A,233.75,370.0
bge_m3_1024d,en_def_translated_cn_def,ROOT-5929,-480.0,-185.75
bge_m3_1024d,en_def_translated_cn_def,ROOT-592D,308.5,49.25
bge_m3_1024d,en_def_translated_cn_def,ROOT-592E,-208.44444444444446,-112.55555555555556
bge_m3_1024d,en_def_translated_cn_def,ROOT-593E,55.75,112.5
bge_m3_1024d,en_def_translated_cn_def,ROOT-5950,473.5,1080.0
bge_m3_1024d,en_def_translated_cn_def,ROOT-5967,68.25,-237.5
bge_m3_1024d,en_def_translated_cn_def,ROOT-5973,455.2142857142857,577.9285714285714
bge_m3_1024d,en_def_translated_cn_def,ROOT-5A41,285.8181818181818,487.09090909090907
bge_m3_1024d,en_def_translated_cn_def,ROOT-5B5A,-238.8,-243.8
bge_m3_1024d,en_def_translated_cn_def,ROOT-5B83,-183.42857142857142,-151.42857142857142
bge_m3_1024d,en_def_translated_cn_def,ROOT-5B89,-121.75,14.25
bge_m3_1024d,en_def_translated_cn_def,ROOT-5B97,-690.1666666666666,-456.6666666666667
bge_m3_1024d,en_def_translated_cn_def,ROOT-5B98,459.6,398.8
bge_m3_1024d,en_def_translated_cn_def,ROOT-5BB3,121.25,-219.75
bge_m3_1024d,en_def_translated_cn_def,ROOT-5BCD,-400.2,-559.2
bge_m3_1024d,en_def_translated_cn_def,ROOT-5BF8,-1568.5,-1019.5
bge_m3_1024d,en_def_translated_cn_def,ROOT-5C07,-166.0,-36.25
bge_m3_1024d,en_def_translated_cn_def,ROOT-5C08,-682.4,-872.6
bge_m3_1024d,en_def_translated_cn_def,ROOT-5C0F,52.8235294117647,43.23529411764706
bge_m3_1024d,en_def_translated_cn_def,ROOT-5C17,-176.875,-229.0
bge_m3_1024d,en_def_translated_cn_def,ROOT-5C1A,52.35,96.9
bge_m3_1024d,en_def_translated_cn_def,ROOT-5C39,-273.75,-576.0
bge_m3_1024d,en_def_translated_cn_def,ROOT-5C4B,-85.4,-42.2
bge_m3_1024d,en_def_translated_cn_def,ROOT-5C6F,-295.0,-221.83333333333334
bge_m3_1024d,en_def_translated_cn_def,ROOT-5C70,151.75,153.75
bge_m3_1024d,en_def_translated_cn_def,ROOT-5CA1,305.5,66.75
bge_m3_1024d,en_def_translated_cn_def,ROOT-5DDD,-156.5,-115.0
bge_m3_1024d,en_def_translated_cn_def,ROOT-5DE0,-58.0,181.28571428571428
bge_m3_1024d,en_def_translated_cn_def,ROOT-5DE4,-45.25,-276.0
bge_m3_1024d,en_def_translated_cn_def,ROOT-5DE5,-139.78947368421052,-231.31578947368422
bge_m3_1024d,en_def_translated_cn_def,ROOT-5DE8,-235.83333333333334,-246.0
bge_m3_1024d,en_def_translated_cn_def,ROOT-5DF1,-100.125,119.75
bge_m3_1024d,en_def_translated_cn_def,ROOT-5DF4,-824.0,-533.5714285714286
bge_m3_1024d,en_def_translated_cn_def,ROOT-5E0C,682.25,483.0
bge_m3_1024d,en_def_translated_cn_def,ROOT-5E1D,-826.6,-760.8
bge_m3_1024d,en_def_translated_cn_def,ROOT-5E72,0.6875,-50.9375
bge_m3_1024d,en_def_translated_cn_def,ROOT-5E73,313.5,624.6666666666666
bge_m3_1024d,en_def_translated_cn_def,ROOT-5E7A,459.0,879.0
bge_m3_1024d,en_def_translated_cn_def,ROOT-5EB6,278.1666666666667,103.66666666666667
bge_m3_1024d,en_def_translated_cn_def,ROOT-5EFA,-1160.75,-1089.5
bge_m3_1024d,en_def_translated_cn_def,ROOT-5F0B,-5.083333333333333,4.666666666666667
bge_m3_1024d,en_def_translated_cn_def,ROOT-5F17,-305.42857142857144,-374.85714285714283
bge_m3_1024d,en_def_translated_cn_def,ROOT-5F1F,-12.555555555555555,-16.333333333333332
bge_m3_1024d,en_def_translated_cn_def,ROOT-5F54,-406.2,-476.2
bge_m3_1024d,en_def_translated_cn_def,ROOT-5F56,-697.25,-620.25
bge_m3_1024d,en_def_translated_cn_def,ROOT-5F9E,-214.4,92.2
bge_m3_1024d,en_def_translated_cn_def,ROOT-5FC5,-315.0,-439.2
bge_m3_1024d,en_def_translated_cn_def,ROOT-610F,-215.25,543.0
bge_m3_1024d,en_def_translated_cn_def,ROOT-620D,-169.16666666666666,-324.6666666666667
bge_m3_1024d,en_def_translated_cn_def,ROOT-6211,-117.71428571428571,140.85714285714286
bge_m3_1024d,en_def_translated_cn_def,ROOT-6214,-99.45454545454545,-101.9090909090909
bge_m3_1024d,en_def_translated_cn_def,ROOT-6216,-729.3333333333334,-819.0
bge_m3_1024d,en_def_translated_cn_def,ROOT-6236,-49.0,-244.4
bge_m3_1024d,en_def_translated_cn_def,ROOT-6241,78.57142857142857,581.4285714285714
bge_m3_1024d,en_def_translated_cn_def,ROOT-624B,453.0,505.57142857142856
bge_m3_1024d,en_def_translated_cn_def,ROOT-652F,235.45454545454547,156.54545454545453
bge_m3_1024d,en_def_translated_cn_def,ROOT-6538,-263.3,-46.1
bge_m3_1024d,en_def_translated_cn_def,ROOT-6544,-728.0,-522.0
bge_m3_1024d,en_def_translated_cn_def,ROOT-656B,-751.0,-563.75
bge_m3_1024d,en_def_translated_cn_def,ROOT-6587,103.0,-1.3333333333333333
bge_m3_1024d,en_def_translated_cn_def,ROOT-65A4,144.0,159.69230769230768
bge_m3_1024d,en_def_translated_cn_def,ROOT-65AC,149.5,346.0
bge_m3_1024d,en_def_translated_cn_def,ROOT-65B9,42.84615384615385,54.53846153846154
bge_m3_1024d,en_def_translated_cn_def,ROOT-65C1,258.75,788.0
bge_m3_1024d,en_def_translated_cn_def,ROOT-65E6,-80.15384615384616,80.76923076923077
bge_m3_1024d,en_def_translated_cn_def,ROOT-65E8,-151.66666666666666,-33.5
bge_m3_1024d,en_def_translated_cn_def,ROOT-65EC,-208.42857142857142,-288.57142857142856
bge_m3_1024d,en_def_translated_cn_def,ROOT-6606,30.6,32.4
bge_m3_1024d,en_def_translated_cn_def,ROOT-660C,711.5,483.0
bge_m3_1024d,en_def_translated_cn_def,ROOT-6613,18.285714285714285,-22.142857142857142
bge_m3_1024d,en_def_translated_cn_def,ROOT-661C,32.1,90.9
bge_m3_1024d,en_def_translated_cn_def,ROOT-661F,395.75,196.5
bge_m3_1024d,en_def_translated_cn_def,ROOT-662F,82.0,92.0
bge_m3_1024d,en_def_translated_cn_def,ROOT-66FC,-432.8888888888889,-361.77777777777777
bge_m3_1024d,en_def_translated_cn_def,ROOT-66FE,198.125,26.625
bge_m3_1024d,en_def_translated_cn_def,ROOT-6701,1006.25,695.0
bge_m3_1024d,en_def_translated_cn_def,ROOT-6703,-247.28571428571428,-144.28571428571428
bge_m3_1024d,en_def_translated_cn_def,ROOT-670B,-653.8,-515.4
bge_m3_1024d,en_def_translated_cn_def,ROOT-672A,-276.25,-392.0
bge_m3_1024d,en_def_translated_cn_def,ROOT-6731,-76.77777777777777,-217.66666666666666
bge_m3_1024d,en_def_translated_cn_def,ROOT-675F,-627.75,8.25
bge_m3_1024d,en_def_translated_cn_def,ROOT-6771,-728.875,-1055.875
bge_m3_1024d,en_def_translated_cn_def,ROOT-6797,330.2857142857143,405.0
bge_m3_1024d,en_def_translated_cn_def,ROOT-679C,-104.55555555555556,-343.6666666666667
bge_m3_1024d,en_def_translated_cn_def,ROOT-67BC,-220.66666666666666,-155.83333333333334
bge_m3_1024d,en_def_translated_cn_def,ROOT-67EC,28.38888888888889,74.33333333333333
bge_m3_1024d,en_def_translated_cn_def,ROOT-6A02,-208.5,356.25
bge_m3_1024d,en_def_translated_cn_def,ROOT-6B2E,-63.2,-42.4
bge_m3_1024d,en_def_translated_cn_def,ROOT-6B63,-679.5,-1107.75
bge_m3_1024d,en_def_translated_cn_def,ROOT-6BB8,-340.5,-182.75
bge_m3_1024d,en_def_translated_cn_def,ROOT-6BCE,211.0,489.42857142857144
bge_m3_1024d,en_def_translated_cn_def,ROOT-6BD4,-404.75,-355.5
bge_m3_1024d,en_def_translated_cn_def,ROOT-6BDA,1110.6,992.8
bge_m3_1024d,en_def_translated_cn_def,ROOT-6BDB,39.0,15.5
bge_m3_1024d,en_def_translated_cn_def,ROOT-6C0F,-281.75,-371.5
bge_m3_1024d,en_def_translated_cn_def,ROOT-6C10,-170.875,-129.75
bge_m3_1024d,en_def_translated_cn_def,ROOT-708E,-141.0,-9.6
bge_m3_1024d,en_def_translated_cn_def,ROOT-7097,-386.5,-382.0833333333333
bge_m3_1024d,en_def_translated_cn_def,ROOT-722D,444.3333333333333,163.66666666666666
bge_m3_1024d,en_def_translated_cn_def,ROOT-7230,-586.2857142857143,-516.4285714285714
bge_m3_1024d,en_def_translated_cn_def,ROOT-7236,374.72727272727275,735.6363636363636
bge_m3_1024d,en_def_translated_cn_def,ROOT-723F,121.625,647.125
bge_m3_1024d,en_def_translated_cn_def,ROOT-7259,265.0,105.6
bge_m3_1024d,en_def_translated_cn_def,ROOT-72AE,-401.75,-308.75
bge_m3_1024d,en_def_translated_cn_def,ROOT-7384,-91.83333333333333,-161.0
bge_m3_1024d,en_def_translated_cn_def,ROOT-74DC,161.75,-137.25
bge_m3_1024d,en_def_translated_cn_def,ROOT-7518,-5.857142857142857,306.85714285714283
bge_m3_1024d,en_def_translated_cn_def,ROOT-751A,1059.2857142857142,1608.0
bge_m3_1024d,en_def_translated_cn_def,ROOT-751F,603.1666666666666,283.5
bge_m3_1024d,en_def_translated_cn_def,ROOT-7528,-143.28571428571428,-249.0
bge_m3_1024d,en_def_translated_cn_def,ROOT-752B,-7.529411764705882,360.7647058823529
bge_m3_1024d,en_def_translated_cn_def,ROOT-7531,-13.0,-83.0
bge_m3_1024d,en_def_translated_cn_def,ROOT-7532,-133.25,-139.875
bge_m3_1024d,en_def_translated_cn_def,ROOT-7533,1.0,-2.5
bge_m3_1024d,en_def_translated_cn_def,ROOT-7550,49.2,-217.8
bge_m3_1024d,en_def_translated_cn_def,ROOT-757E,9.0,193.25
bge_m3_1024d,en_def_translated_cn_def,ROOT-767D,-269.3076923076923,-79.0
bge_m3_1024d,en_def_translated_cn_def,ROOT-7686,-491.6,81.8
bge_m3_1024d,en_def_translated_cn_def,ROOT-7687,-365.0,363.5
bge_m3_1024d,en_def_translated_cn_def,ROOT-76AE,18.25,-124.41666666666667
bge_m3_1024d,en_def_translated_cn_def,ROOT-76E3,-311.09090909090907,-129.0909090909091
bge_m3_1024d,en_def_translated_cn_def,ROOT-76F8,-59.6,128.0
bge_m3_1024d,en_def_translated_cn_def,ROOT-77DB,723.2,1059.4
bge_m3_1024d,en_def_translated_cn_def,ROOT-77E2,249.8,436.4
bge_m3_1024d,en_def_translated_cn_def,ROOT-77F3,-627.5,-1433.5
bge_m3_1024d,en_def_translated_cn_def,ROOT-79BA,-821.6,-820.0
bge_m3_1024d,en_def_translated_cn_def,ROOT-79BB,-100.6,-184.0
bge_m3_1024d,en_def_translated_cn_def,ROOT-79BE,-153.66666666666666,-329.3333333333333
bge_m3_1024d,en_def_translated_cn_def,ROOT-79CB,-147.8,-34.6
bge_m3_1024d,en_def_translated_cn_def,ROOT-7ACB,-468.5,95.83333333333333
bge_m3_1024d,en_def_translated_cn_def,ROOT-7AE0,788.75,283.0
bge_m3_1024d,en_def_translated_cn_def,ROOT-7AE5,-320.42857142857144,-216.0
bge_m3_1024d,en_def_translated_cn_def,ROOT-7F8A,14.142857142857142,149.85714285714286
bge_m3_1024d,en_def_translated_cn_def,ROOT-7FA9,-6.714285714285714,-68.57142857142857
bge_m3_1024d,en_def_translated_cn_def,ROOT-7FCF,761.0,1043.8
bge_m3_1024d,en_def_translated_cn_def,ROOT-7FDF,281.8333333333333,695.1666666666666
bge_m3_1024d,en_def_translated_cn_def,ROOT-8011,175.71428571428572,539.7142857142857
bge_m3_1024d,en_def_translated_cn_def,ROOT-8033,454.1111111111111,904.0
bge_m3_1024d,en_def_translated_cn_def,ROOT-8076,544.8,824.0
bge_m3_1024d,en_def_translated_cn_def,ROOT-807F,825.5,710.3333333333334
bge_m3_1024d,en_def_translated_cn_def,ROOT-8099,-248.5,26.166666666666668
bge_m3_1024d,en_def_translated_cn_def,ROOT-81E4,767.8333333333334,859.3333333333334
bge_m3_1024d,en_def_translated_cn_def,ROOT-81F3,-339.0,-418.85714285714283
bge_m3_1024d,en_def_translated_cn_def,ROOT-81FD,-341.14285714285717,-356.2857142857143
bge_m3_1024d,en_def_translated_cn_def,ROOT-8200,-30.0,-87.8
bge_m3_1024d,en_def_translated_cn_def,ROOT-8201,-327.75,-874.25
bge_m3_1024d,en_def_translated_cn_def,ROOT-826F,876.0,833.8571428571429
bge_m3_1024d,en_def_translated_cn_def,ROOT-82BB,-136.25,-152.0
bge_m3_1024d,en_def_translated_cn_def,ROOT-830D,865.5,888.25
bge_m3_1024d,en_def_translated_cn_def,ROOT-83AB,-113.21428571428571,47.285714285714285
bge_m3_1024d,en_def_translated_cn_def,ROOT-83D0,148.4,46.6
bge_m3_1024d,en_def_translated_cn_def,ROOT-84A6,-370.75,-470.75
bge_m3_1024d,en_def_translated_cn_def,ROOT-8700,-364.5,-182.0
bge_m3_1024d,en_def_translated_cn_def,ROOT-8944,-211.875,-181.375
bge_m3_1024d,en_def_translated_cn_def,ROOT-898B,-376.4,-286.4
bge_m3_1024d,en_def_translated_cn_def,ROOT-8A79,111.11111111111111,251.44444444444446
bge_m3_1024d,en_def_translated_cn_def,ROOT-8C37,46.3,257.7
bge_m3_1024d,en_def_translated_cn_def,ROOT-8C46,505.1,512.8
bge_m3_1024d,en_def_translated_cn_def,ROOT-8C48,138.0,273.0
bge_m3_1024d,en_def_translated_cn_def,ROOT-8C66,-957.25,-953.5
bge_m3_1024d,en_def_translated_cn_def,ROOT-8C9E,-780.5,-631.0
bge_m3_1024d,en_def_translated_cn_def,ROOT-8CAC,-293.4,-158.6
bge_m3_1024d,en_def_translated_cn_def,ROOT-8CCF,80.71428571428571,85.42857142857143
bge_m3_1024d,en_def_translated_cn_def,ROOT-8DB3,1163.75,2317.5
bge_m3_1024d,en_def_translated_cn_def,ROOT-8ECD,-65.11111111111111,-209.66666666666666
bge_m3_1024d,en_def_translated_cn_def,ROOT-8F9F,112.36363636363636,345.8181818181818
bge_m3_1024d,en_def_translated_cn_def,ROOT-8FA1,-99.2,-68.0
bge_m3_1024d,en_def_translated_cn_def,ROOT-8FB0,201.0,522.5714285714286
bge_m3_1024d,en_def_translated_cn_def,ROOT-8FB1,-27.75,-3.5
bge_m3_1024d,en_def_translated_cn_def,ROOT-9023,-266.5,-100.75
bge_m3_1024d,en_def_translated_cn_def,ROOT-91C6,-184.8181818181818,-173.0
bge_m3_1024d,en_def_translated_cn_def,ROOT-91CC,-380.2857142857143,-569.0
bge_m3_1024d,en_def_translated_cn_def,ROOT-9577,-260.1666666666667,381.8333333333333
bge_m3_1024d,en_def_translated_cn_def,ROOT-9580,498.8333333333333,581.0
bge_m3_1024d,en_def_translated_cn_def,ROOT-96B9,-19.11111111111111,96.44444444444444
bge_m3_1024d,en_def_translated_cn_def,ROOT-9700,445.0,356.8333333333333
bge_m3_1024d,en_def_translated_cn_def,ROOT-9752,196.16666666666666,167.58333333333334
bge_m3_1024d,en_def_translated_cn_def,ROOT-975E,2.875,0.1875
bge_m3_1024d,en_def_translated_cn_def,ROOT-9AD8,76.86666666666666,228.4
bge_m3_1024d,en_def_translated_cn_def,ROOT-9B3C,62.75,-104.625
bge_m3_1024d,en_def_translated_cn_def,ROOT-9E7F,-442.25,-256.25
bge_m3_1024d,en_def_translated_cn_def,ROOT-9F4A,-41.666666666666664,-44.166666666666664
bge_m3_1024d,en_def_translated_cn_def,ROOT-9F8D,-670.875,-340.375
bge_m3_1024d,en_gloss_unihan,ROOT-20000,144.45454545454547,92.21212121212122
bge_m3_1024d,en_gloss_unihan,ROOT-20086,-220.4,82.4
bge_m3_1024d,en_gloss_unihan,ROOT-200A2,-1112.0,-1904.0
bge_m3_1024d,en_gloss_unihan,ROOT-200A4,893.0,1630.5
bge_m3_1024d,en_gloss_unihan,ROOT-2010C,-41.0,-266.5
bge_m3_1024d,en_gloss_unihan,ROOT-20509,-736.0,-1194.75
bge_m3_1024d,en_gloss_unihan,ROOT-20A7A,210.83333333333334,98.5
bge_m3_1024d,en_gloss_unihan,ROOT-2123C,324.8666666666667,581.4666666666667
bge_m3_1024d,en_gloss_unihan,ROOT-219CD,210.27272727272728,262.72727272727275
bge_m3_1024d,en_gloss_unihan,ROOT-21FE7,124.5,703.8333333333334
bge_m3_1024d,en_gloss_unihan,ROOT-22398,-110.75,404.5
bge_m3_1024d,en_gloss_unihan,ROOT-23386,126.0,96.0
bge_m3_1024d,en_gloss_unihan,ROOT-233DF,-95.0,-68.57142857142857
bge_m3_1024d,en_gloss_unihan,ROOT-2394F,-34.9,242.75
bge_m3_1024d,en_gloss_unihan,ROOT-239BC,1294.75,1237.75
bge_m3_1024d,en_gloss_unihan,ROOT-23A8A,-180.0,-497.0
bge_m3_1024d,en_gloss_unihan,ROOT-23B09,-399.4,363.4
bge_m3_1024d,en_gloss_unihan,ROOT-25055,-61.38461538461539,270.9230769230769
bge_m3_1024d,en_gloss_unihan,ROOT-26407,488.3333333333333,74.83333333333333
bge_m3_1024d,en_gloss_unihan,ROOT-271A3,13.357142857142858,-373.35714285714283
bge_m3_1024d,en_gloss_unihan,ROOT-27DA0,94.0,495.6666666666667
bge_m3_1024d,en_gloss_unihan,ROOT-3431,211.25,541.6666666666666
bge_m3_1024d,en_gloss_unihan,ROOT-34B8,-700.6,-682.8
bge_m3_1024d,en_gloss_unihan,ROOT-34BC,-117.83333333333333,374.5
bge_m3_1024d,en_gloss_unihan,ROOT-34DE,150.0909090909091,183.0
bge_m3_1024d,en_gloss_unihan,ROOT-3563,11.6,545.2666666666667
bge_m3_1024d,en_gloss_unihan,ROOT-37A2,539.5,745.875
bge_m3_1024d,en_gloss_unihan,ROOT-382F,586.7391304347826,833.8260869565217
bge_m3_1024d,en_gloss_unihan,ROOT-3840,207.66666666666666,886.6666666666666
bge_m3_1024d,en_gloss_unihan,ROOT-39B0,-329.0,-489.3333333333333
bge_m3_1024d,en_gloss_unihan,ROOT-4020,124.8,-352.2
bge_m3_1024d,en_gloss_unihan,ROOT-41C2,-106.57894736842105,291.3157894736842
bge_m3_1024d,en_gloss_unihan,ROOT-4343,-62.333333333333336,-264.8333333333333
bge_m3_1024d,en_gloss_unihan,ROOT-470C,294.53846153846155,567.0
bge_m3_1024d,en_gloss_unihan,ROOT-4E00,1438.25,1595.875
bge_m3_1024d,en_gloss_unihan,ROOT-4E01,404.0,1296.6
bge_m3_1024d,en_gloss_unihan,ROOT-4E02,-302.4,-389.6
bge_m3_1024d,en_gloss_unihan,ROOT-4E0D,444.53846153846155,483.0
bge_m3_1024d,en_gloss_unihan,ROOT-4E11,1863.857142857143,3470.1428571428573
bge_m3_1024d,en_gloss_unihan,ROOT-4E14,327.53846153846155,877.5
bge_m3_1024d,en_gloss_unihan,ROOT-4E16,508.0,2460.2
bge_m3_1024d,en_gloss_unihan,ROOT-4E29,-143.4,448.2
bge_m3_1024d,en_gloss_unihan,ROOT-4E2D,-2.1666666666666665,-71.66666666666667
bge_m3_1024d,en_gloss_unihan,ROOT-4E30,-116.75,454.625
bge_m3_1024d,en_gloss_unihan,ROOT-4E36,378.0,968.5
bge_m3_1024d,en_gloss_unihan,ROOT-4E38,1341.5,1560.75
bge_m3_1024d,en_gloss_unihan,ROOT-4E3F,21.227272727272727,104.22727272727273
bge_m3_1024d,en_gloss_unihan,ROOT-4E43,-1121.75,-820.75
bge_m3_1024d,en_gloss_unihan,ROOT-4E47,222.85714285714286,320.14285714285717
bge_m3_1024d,en_gloss_unihan,ROOT-4E4D,188.33333333333334,240.46666666666667
bge_m3_1024d,en_gloss_unihan,ROOT-4E4F,693.4,735.4
bge_m3_1024d,en_gloss_unihan,ROOT-4E59,328.5,928.0
bge_m3_1024d,en_gloss_unihan,ROOT-4E5D,154.75,168.83333333333334
bge_m3_1024d,en_gloss_unihan,ROOT-4E5F,-762.7777777777778,-646.4444444444445
bge_m3_1024d,en_gloss_unihan,ROOT-4E88,324.6666666666667,334.44444444444446
bge_m3_1024d,en_gloss_unihan,ROOT-4E8C,-454.8181818181818,-284.0
bge_m3_1024d,en_gloss_unihan,ROOT-4E8E,-403.0,-407.5
bge_m3_1024d,en_gloss_unihan,ROOT-4E8F,-94.4,54.6
bge_m3_1024d,en_gloss_unihan,ROOT-4E91,488.0,530.375
bge_m3_1024d,en_gloss_unihan,ROOT-4E94,302.64285714285717,75.57142857142857
bge_m3_1024d,en_gloss_unihan,ROOT-4E9E,523.6,502.0
bge_m3_1024d,en_gloss_unihan,ROOT-4EA1,388.42857142857144,410.0
bge_m3_1024d,en_gloss_unihan,ROOT-4EA2,311.0,359.45454545454544
bge_m3_1024d,en_gloss_unihan,ROOT-4EA4,254.47368421052633,91.63157894736842
bge_m3_1024d,en_gloss_unihan,ROOT-4EA5,-49.93333333333333,185.8
bge_m3_1024d,en_gloss_unihan,ROOT-4EAC,-217.2,112.0
bge_m3_1024d,en_gloss_unihan,ROOT-4ECA,54.16129032258065,51.483870967741936
bge_m3_1024d,en_gloss_unihan,ROOT-4ECB,-1152.8,-1361.4
bge_m3_1024d,en_gloss_unihan,ROOT-4EE4,-197.5,-202.44444444444446
bge_m3_1024d,en_gloss_unihan,ROOT-4F59,-51.0,-71.0
bge_m3_1024d,en_gloss_unihan,ROOT-4F86,182.16666666666666,52.333333333333336
bge_m3_1024d,en_gloss_unihan,ROOT-4F96,-104.625,-437.75
bge_m3_1024d,en_gloss_unihan,ROOT-5009,-111.9090909090909,83.0
bge_m3_1024d,en_gloss_unihan,ROOT-501D,-550.8333333333334,-422.6666666666667
bge_m3_1024d,en_gloss_unihan,ROOT-50C9,-25.625,74.5625
bge_m3_1024d,en_gloss_unihan,ROOT-5143,-108.66666666666667,-73.93333333333334
bge_m3_1024d,en_gloss_unihan,ROOT-5146,450.11764705882354,605.7647058823529
bge_m3_1024d,en_gloss_unihan,ROOT-5148,1772.5,1381.0
bge_m3_1024d,en_gloss_unihan,ROOT-5149,662.25,992.625
bge_m3_1024d,en_gloss_unihan,ROOT-514D,1144.6666666666667,2120.222222222222
bge_m3_1024d,en_gloss_unihan,ROOT-5152,90.18181818181819,491.1818181818182
bge_m3_1024d,en_gloss_unihan,ROOT-5165,-47.0,243.66666666666666
bge_m3_1024d,en_gloss_unihan,ROOT-5168,515.8888888888889,175.11111111111111
bge_m3_1024d,en_gloss_unihan,ROOT-5169,609.0,-6.25
bge_m3_1024d,en_gloss_unihan,ROOT-516A,480.70588235294116,636.5294117647059
bge_m3_1024d,en_gloss_unihan,ROOT-516C,-177.72727272727272,-633.3636363636364
bge_m3_1024d,en_gloss_unihan,ROOT-5171,-116.25,197.5
bge_m3_1024d,en_gloss_unihan,ROOT-5176,743.5263157894736,781.7894736842105
bge_m3_1024d,en_gloss_unihan,ROOT-517C,-156.5,-98.0
bge_m3_1024d,en_gloss_unihan,ROOT-5183,165.2,164.0
bge_m3_1024d,en_gloss_unihan,ROOT-518B,74.6,149.0
bge_m3_1024d,en_gloss_unihan,ROOT-518E,409.0,262.85
bge_m3_1024d,en_gloss_unihan,ROOT-5193,95.3,452.9
bge_m3_1024d,en_gloss_unihan,ROOT-5198,40.4,103.1
bge_m3_1024d,en_gloss_unihan,ROOT-51A5,1432.0,1524.2857142857142
bge_m3_1024d,en_gloss_unihan,ROOT-51E0,-260.5,188.83333333333334
bge_m3_1024d,en_gloss_unihan,ROOT-51E1,544.4444444444445,618.3333333333334
bge_m3_1024d,en_gloss_unihan,ROOT-51FA,837.8333333333334,1344.8333333333333
bge_m3_1024d,en_gloss_unihan,ROOT-5200,-28.5,-38.27272727272727
bge_m3_1024d,en_gloss_unihan,ROOT-5203,-91.44444444444444,108.66666666666667
bge_m3_1024d,en_gloss_unihan,ROOT-5206,141.42857142857142,-34.095238095238095
bge_m3_1024d,en_gloss_unihan,ROOT-5247,-345.2,-662.4
bge_m3_1024d,en_gloss_unihan,ROOT-529B,251.64705882352942,4.764705882352941
bge_m3_1024d,en_gloss_unihan,ROOT-52F9,688.047619047619,707.1904761904761
bge_m3_1024d,en_gloss_unihan,ROOT-52FA,760.8666666666667,1007.2
bge_m3_1024d,en_gloss_unihan,ROOT-52FF,1116.0,1220.875
bge_m3_1024d,en_gloss_unihan,ROOT-5303,374.4230769230769,479.5
bge_m3_1024d,en_gloss_unihan,ROOT-5305,18.705882352941178,220.11764705882354
bge_m3_1024d,en_gloss_unihan,ROOT-530A,52.5,98.0
bge_m3_1024d,en_gloss_unihan,ROOT-530B,419.0,1699.75
bge_m3_1024d,en_gloss_unihan,ROOT-5315,34.891891891891895,-34.0
bge_m3_1024d,en_gloss_unihan,ROOT-5340,-130.75,-148.125
bge_m3_1024d,en_gloss_unihan,ROOT-5348,-275.0,-282.25
bge_m3_1024d,en_gloss_unihan,ROOT-5349,274.1666666666667,565.6666666666666
bge_m3_1024d,en_gloss_unihan,ROOT-534A,-188.75,-84.75
bge_m3_1024d,en_gloss_unihan,ROOT-5351,36.05555555555556,123.61111111111111
bge_m3_1024d,en_gloss_unihan,ROOT-5352,16.625,654.5625
bge_m3_1024d,en_gloss_unihan,ROOT-5353,-157.55555555555554,202.11111111111111
bge_m3_1024d,en_gloss_unihan,ROOT-535C,340.5,495.25
bge_m3_1024d,en_gloss_unihan,ROOT-5360,247.64705882352942,479.8235294117647
bge_m3_1024d,en_gloss_unihan,ROOT-5371,2504.3333333333335,2505.5
bge_m3_1024d,en_gloss_unihan,ROOT-5377,943.0,1404.857142857143
bge_m3_1024d,en_gloss_unihan,ROOT-539F,-197.6,-333.6
bge_m3_1024d,en_gloss_unihan,ROOT-53B6,338.23809523809524,531.3333333333334
bge_m3_1024d,en_gloss_unihan,ROOT-53B7,190.2,582.6
bge_m3_1024d,en_gloss_unihan,ROOT-53BB,-151.6,798.4
bge_m3_1024d,en_gloss_unihan,ROOT-53C3,-284.0,-229.2
bge_m3_1024d,en_gloss_unihan,ROOT-53C8,291.44444444444446,443.72222222222223
bge_m3_1024d,en_gloss_unihan,ROOT-53CA,-386.3636363636364,215.63636363636363
bge_m3_1024d,en_gloss_unihan,ROOT-53CD,-502.57142857142856,-396.2857142857143
bge_m3_1024d,en_gloss_unihan,ROOT-53D5,757.1,1199.8
bge_m3_1024d,en_gloss_unihan,ROOT-53D6,-197.77777777777777,404.0
bge_m3_1024d,en_gloss_unihan,ROOT-53DA,-76.18181818181819,-38.45454545454545
bge_m3_1024d,en_gloss_unihan,ROOT-53E3,-745.25,-492.25
bge_m3_1024d,en_gloss_unihan,ROOT-53E4,-162.1875,9.96875
bge_m3_1024d,en_gloss_unihan,ROOT-53EA,-565.4,-739.4
bge_m3_1024d,en_gloss_unihan,ROOT-53F8,356.2,578.8
bge_m3_1024d,en_gloss_unihan,ROOT-5404,-236.8125,-39.9375
bge_m3_1024d,en_gloss_unihan,ROOT-5405,232.53333333333333,1113.1333333333334
bge_m3_1024d,en_gloss_unihan,ROOT-5408,190.07407407407408,472.51851851851853
bge_m3_1024d,en_gloss_unihan,ROOT-5409,306.11764705882354,834.1764705882352
bge_m3_1024d,en_gloss_unihan,ROOT-540C,-324.125,530.125
bge_m3_1024d,en_gloss_unihan,ROOT-540D,314.5,-471.75
bge_m3_1024d,en_gloss_unihan,ROOT-540E,-1448.0,-755.5
bge_m3_1024d,en_gloss_unihan,ROOT-5433,1469.8333333333333,1538.6666666666667
bge_m3_1024d,en_gloss_unihan,ROOT-5442,885.0,1021.0
bge_m3_1024d,en_gloss_unihan,ROOT-544A,135.6,310.9
bge_m3_1024d,en_gloss_unihan,ROOT-5468,-335.53846153846155,313.46153846153845
bge_m3_1024d,en_gloss_unihan,ROOT-5485,1245.7142857142858,1841.142857142857
bge_m3_1024d,en_gloss_unihan,ROOT-548E,-19.0,-183.25
bge_m3_1024d,en_gloss_unihan,ROOT-54A2,-366.7142857142857,84.28571428571429
bge_m3_1024d,en_gloss_unihan,ROOT-54B8,89.91666666666667,681.0833333333334
bge_m3_1024d,en_gloss_unihan,ROOT-54E1,-306.8333333333333,-414.3333333333333
bge_m3_1024d,en_gloss_unihan,ROOT-55AE,173.55555555555554,266.27777777777777
bge_m3_1024d,en_gloss_unihan,ROOT-55BF,292.75,556.9166666666666
bge_m3_1024d,en_gloss_unihan,ROOT-55C7,-1383.2,-206.8
bge_m3_1024d,en_gloss_unihan,ROOT-56D7,103.66666666666667,-400.0
bge_m3_1024d,en_gloss_unihan,ROOT-56DB,-397.5,-2.75
bge_m3_1024d,en_gloss_unihan,ROOT-56DE,-297.75,-296.25
bge_m3_1024d,en_gloss_unihan,ROOT-56E0,-366.6666666666667,-194.66666666666666
bge_m3_1024d,en_gloss_unihan,ROOT-56FA,61.75,345.0
bge_m3_1024d,en_gloss_unihan,ROOT-571F,-191.2,-490.6
bge_m3_1024d,en_gloss_unihan,ROOT-572D,272.56,250.56
bge_m3_1024d,en_gloss_unihan,ROOT-57F6,-10.8,-171.4
bge_m3_1024d,en_gloss_unihan,ROOT-57F7,-158.75,1071.25
bge_m3_1024d,en_gloss_unihan,ROOT-5807,111.4,-357.0
bge_m3_1024d,en_gloss_unihan,ROOT-582F,287.05555555555554,1012.6666666666666
bge_m3_1024d,en_gloss_unihan,ROOT-58EC,185.0,678.2222222222222
bge_m3_1024d,en_gloss_unihan,ROOT-58F4,1842.0,2412.3333333333335
bge_m3_1024d,en_gloss_unihan,ROOT-58F9,-958.8333333333334,-1166.8333333333333
bge_m3_1024d,en_gloss_unihan,ROOT-58FD,-59.4,536.0
bge_m3_1024d,en_gloss_unihan,ROOT-590B,476.73333333333335,627.6666666666666
bge_m3_1024d,en_gloss_unihan,ROOT-590C,-147.33333333333334,433.6666666666667
bge_m3_1024d,en_gloss_unihan,ROOT-5917,3.230769230769231,137.6153846153846
bge_m3_1024d,en_gloss_unihan,ROOT-591A,497.57142857142856,1116.7142857142858
bge_m3_1024d,en_gloss_unihan,ROOT-5927,616.25,729.0
bge_m3_1024d,en_gloss_unihan,ROOT-5929,-195.2,-563.6
bge_m3_1024d,en_gloss_unihan,ROOT-592B,-777.7142857142857,-1005.1428571428571
bge_m3_1024d,en_gloss_unihan,ROOT-592C,-397.8,240.0
bge_m3_1024d,en_gloss_unihan,ROOT-592D,-256.4,-3.2
bge_m3_1024d,en_gloss_unihan,ROOT-592E,-263.1818181818182,-125.63636363636364
bge_m3_1024d,en_gloss_unihan,ROOT-5937,296.0,29.5
bge_m3_1024d,en_gloss_unihan,ROOT-593E,181.0909090909091,472.54545454545456
bge_m3_1024d,en_gloss_unihan,ROOT-5944,-246.66666666666666,-750.0
bge_m3_1024d,en_gloss_unihan,ROOT-5949,44.666666666666664,-511.3333333333333
bge_m3_1024d,en_gloss_unihan,ROOT-5950,-186.25,53.0
bge_m3_1024d,en_gloss_unihan,ROOT-595A,181.5,378.5
bge_m3_1024d,en_gloss_unihan,ROOT-5967,-410.8,-1087.4
bge_m3_1024d,en_gloss_unihan,ROOT-5973,-36.0,262.27272727272725
bge_m3_1024d,en_gloss_unihan,ROOT-599F,616.2,781.2
bge_m3_1024d,en_gloss_unihan,ROOT-59A5,375.75,177.5
bge_m3_1024d,en_gloss_unihan,ROOT-59BB,1191.6,1723.0
bge_m3_1024d,en_gloss_unihan,ROOT-59BE,-1046.5,-177.25
bge_m3_1024d,en_gloss_unihan,ROOT-5A41,192.5625,-81.625
bge_m3_1024d,en_gloss_unihan,ROOT-5B5A,119.18181818181819,-185.36363636363637
bge_m3_1024d,en_gloss_unihan,ROOT-5B81,324.4,489.8
bge_m3_1024d,en_gloss_unihan,ROOT-5B83,-206.0,379.22222222222223
bge_m3_1024d,en_gloss_unihan,ROOT-5B89,-753.8333333333334,-1125.0
bge_m3_1024d,en_gloss_unihan,ROOT-5B97,335.0,195.125
bge_m3_1024d,en_gloss_unihan,ROOT-5B98,742.8571428571429,1728.2857142857142
bge_m3_1024d,en_gloss_unihan,ROOT-5B9A,-845.0,-1764.0
bge_m3_1024d,en_gloss_unihan,ROOT-5BA3,-660.0,-243.0
bge_m3_1024d,en_gloss_unihan,ROOT-5BB3,-381.1666666666667,510.1666666666667
bge_m3_1024d,en_gloss_unihan,ROOT-5BC5,323.25,-476.25
bge_m3_1024d,en_gloss_unihan,ROOT-5BCD,-399.0,-956.6666666666666
bge_m3_1024d,en_gloss_unihan,ROOT-5BF8,-195.8,-678.2
bge_m3_1024d,en_gloss_unihan,ROOT-5BFD,-753.75,-1067.0
bge_m3_1024d,en_gloss_unihan,ROOT-5C07,-1010.0,-1261.0
bge_m3_1024d,en_gloss_unihan,ROOT-5C08,726.6923076923077,823.7692307692307
bge_m3_1024d,en_gloss_unihan,ROOT-5C09,688.4,225.0
bge_m3_1024d,en_gloss_unihan,ROOT-5C0A,2996.6666666666665,1972.8333333333333
bge_m3_1024d,en_gloss_unihan,ROOT-5C0F,-44.95,211.8
bge_m3_1024d,en_gloss_unihan,ROOT-5C17,-71.5,158.33333333333334
bge_m3_1024d,en_gloss_unihan,ROOT-5C1A,-172.30434782608697,-76.91304347826087
bge_m3_1024d,en_gloss_unihan,ROOT-5C1E,-239.66666666666666,-436.1666666666667
bge_m3_1024d,en_gloss_unihan,ROOT-5C28,296.75,220.0
bge_m3_1024d,en_gloss_unihan,ROOT-5C39,-1.8571428571428572,158.42857142857142
bge_m3_1024d,en_gloss_unihan,ROOT-5C4B,318.5,872.1666666666666
bge_m3_1024d,en_gloss_unihan,ROOT-5C6F,914.1111111111111,1127.2222222222222
bge_m3_1024d,en_gloss_unihan,ROOT-5C70,268.5,877.0
bge_m3_1024d,en_gloss_unihan,ROOT-5CA1,-16.4,102.2
bge_m3_1024d,en_gloss_unihan,ROOT-5DC2,-386.0,-718.75
bge_m3_1024d,en_gloss_unihan,ROOT-5DDD,1817.0,2712.0
bge_m3_1024d,en_gloss_unihan,ROOT-5DE0,187.46153846153845,52.23076923076923
bge_m3_1024d,en_gloss_unihan,ROOT-5DE4,36.4,807.2
bge_m3_1024d,en_gloss_unihan,ROOT-5DE5,-252.79166666666666,-474.9166666666667
bge_m3_1024d,en_gloss_unihan,ROOT-5DE8,518.4,-45.1
bge_m3_1024d,en_gloss_unihan,ROOT-5DF1,-62.5,219.8
bge_m3_1024d,en_gloss_unihan,ROOT-5DF3,589.75,1205.25
bge_m3_1024d,en_gloss_unihan,ROOT-5DF4,-69.23076923076923,-88.61538461538461
bge_m3_1024d,en_gloss_unihan,ROOT-5E0C,382.625,880.5
bge_m3_1024d,en_gloss_unihan,ROOT-5E1D,-626.7142857142857,-778.2857142857143
bge_m3_1024d,en_gloss_unihan,ROOT-5E72,287.0,541.7307692307693
bge_m3_1024d,en_gloss_unihan,ROOT-5E73,-181.0,-231.11111111111111
bge_m3_1024d,en_gloss_unihan,ROOT-5E7A,365.1666666666667,629.5
bge_m3_1024d,en_gloss_unihan,ROOT-5E9A,474.75,702.5
bge_m3_1024d,en_gloss_unihan,ROOT-5EB6,-510.14285714285717,-50.142857142857146
bge_m3_1024d,en_gloss_unihan,ROOT-5EFA,81.5,192.83333333333334
bge_m3_1024d,en_gloss_unihan,ROOT-5F0B,95.21428571428571,-140.92857142857142
bge_m3_1024d,en_gloss_unihan,ROOT-5F15,2475.75,425.25
bge_m3_1024d,en_gloss_unihan,ROOT-5F17,118.91666666666667,262.75
bge_m3_1024d,en_gloss_unihan,ROOT-5F1F,-513.3,17.5
bge_m3_1024d,en_gloss_unihan,ROOT-5F31,-1190.5,-1200.75
bge_m3_1024d,en_gloss_unihan,ROOT-5F54,-539.0,-603.2857142857143
bge_m3_1024d,en_gloss_unihan,ROOT-5F56,-259.14285714285717,-124.42857142857143
bge_m3_1024d,en_gloss_unihan,ROOT-5F57,2713.25,3044.25
bge_m3_1024d,en_gloss_unihan,ROOT-5F9E,451.85714285714283,464.42857142857144
bge_m3_1024d,en_gloss_unihan,ROOT-5FC5,681.9090909090909,1083.090909090909
bge_m3_1024d,en_gloss_unihan,ROOT-601D,1684.6,485.2
bge_m3_1024d,en_gloss_unihan,ROOT-60A4,-590.0,-705.4
bge_m3_1024d,en_gloss_unihan,ROOT-610F,99.0,135.8
bge_m3_1024d,en_gloss_unihan,ROOT-620D,218.85714285714286,667.2857142857143
bge_m3_1024d,en_gloss_unihan,ROOT-6211,1019.0,512.7777777777778
bge_m3_1024d,en_gloss_unihan,ROOT-6214,367.2,561.0
bge_m3_1024d,en_gloss_unihan,ROOT-6216,499.0769230769231,231.6153846153846
bge_m3_1024d,en_gloss_unihan,ROOT-6236,723.2,437.8
bge_m3_1024d,en_gloss_unihan,ROOT-6241,630.9230769230769,584.0769230769231
bge_m3_1024d,en_gloss_unihan,ROOT-624B,295.5,757.25
bge_m3_1024d,en_gloss_unihan,ROOT-624D,-235.2,29.0
bge_m3_1024d,en_gloss_unihan,ROOT-652F,383.57142857142856,691.0
bge_m3_1024d,en_gloss_unihan,ROOT-6538,283.25,719.9166666666666
bge_m3_1024d,en_gloss_unihan,ROOT-6544,-273.44444444444446,-17.333333333333332
bge_m3_1024d,en_gloss_unihan,ROOT-6556,1388.0,1395.0
bge_m3_1024d,en_gloss_unihan,ROOT-656B,439.6666666666667,1139.8333333333333
bge_m3_1024d,en_gloss_unihan,ROOT-6587,1057.6666666666667,886.4444444444445
bge_m3_1024d,en_gloss_unihan,ROOT-65A4,46.1,386.0
bge_m3_1024d,en_gloss_unihan,ROOT-65AC,537.2857142857143,502.85714285714283
bge_m3_1024d,en_gloss_unihan,ROOT-65B9,-71.58823529411765,0.8823529411764706
bge_m3_1024d,en_gloss_unihan,ROOT-65C1,-555.0,372.0
bge_m3_1024d,en_gloss_unihan,ROOT-65CF,270.8,-151.0
bge_m3_1024d,en_gloss_unihan,ROOT-65E6,367.09090909090907,644.7272727272727
bge_m3_1024d,en_gloss_unihan,ROOT-65E8,34.0,437.4
bge_m3_1024d,en_gloss_unihan,ROOT-65EC,291.6923076923077,262.0769230769231
bge_m3_1024d,en_gloss_unihan,ROOT-6606,2.0,134.66666666666666
bge_m3_1024d,en_gloss_unihan,ROOT-660C,529.5,474.0
bge_m3_1024d,en_gloss_unihan,ROOT-660F,-746.0,-1150.25
bge_m3_1024d,en_gloss_unihan,ROOT-6613,-203.85714285714286,369.57142857142856
bge_m3_1024d,en_gloss_unihan,ROOT-6614,-1016.75,-403.0
bge_m3_1024d,en_gloss_unihan,ROOT-661C,179.78947368421052,411.42105263157896
bge_m3_1024d,en_gloss_unihan,ROOT-661F,-534.5,-1511.5
bge_m3_1024d,en_gloss_unihan,ROOT-662F,284.3333333333333,469.73333333333335
bge_m3_1024d,en_gloss_unihan,ROOT-66FC,473.9166666666667,420.3333333333333
bge_m3_1024d,en_gloss_unihan,ROOT-66FE,482.6666666666667,398.77777777777777
bge_m3_1024d,en_gloss_unihan,ROOT-6701,637.8333333333334,1164.6666666666667
bge_m3_1024d,en_gloss_unihan,ROOT-6703,472.2,262.0
bge_m3_1024d,en_gloss_unihan,ROOT-670B,84.77777777777777,514.3333333333334
bge_m3_1024d,en_gloss_unihan,ROOT-672A,-135.16666666666666,-486.0
bge_m3_1024d,en_gloss_unihan,ROOT-672B,-1727.5,-1428.8333333333333
bge_m3_1024d,en_gloss_unihan,ROOT-672E,213.2,-620.8
bge_m3_1024d,en_gloss_unihan,ROOT-6731,21.90909090909091,-440.45454545454544
bge_m3_1024d,en_gloss_unihan,ROOT-675F,1124.888888888889,1044.888888888889
bge_m3_1024d,en_gloss_unihan,ROOT-6771,387.75,656.9166666666666
bge_m3_1024d,en_gloss_unihan,ROOT-6797,342.1111111111111,878.8888888888889
bge_m3_1024d,en_gloss_unihan,ROOT-679C,332.3333333333333,374.8333333333333
bge_m3_1024d,en_gloss_unihan,ROOT-67BC,-58.45454545454545,-11.090909090909092
bge_m3_1024d,en_gloss_unihan,ROOT-67D0,-608.4,-963.8
bge_m3_1024d,en_gloss_unihan,ROOT-67EC,-32.48,111.4
bge_m3_1024d,en_gloss_unihan,ROOT-6A02,-287.25,-199.0
bge_m3_1024d,en_gloss_unihan,ROOT-6B2E,-93.125,379.375
bge_m3_1024d,en_gloss_unihan,ROOT-6B62,297.25,144.75
bge_m3_1024d,en_gloss_unihan,ROOT-6B63,199.75,-144.5
bge_m3_1024d,en_gloss_unihan,ROOT-6BB5,-213.5,-372.25
bge_m3_1024d,en_gloss_unihan,ROOT-6BB8,-204.2,-251.0
bge_m3_1024d,en_gloss_unihan,ROOT-6BB9,716.2,1194.0
bge_m3_1024d,en_gloss_unihan,ROOT-6BCE,155.75,407.375
bge_m3_1024d,en_gloss_unihan,ROOT-6BD4,-19.727272727272727,323.45454545454544
bge_m3_1024d,en_gloss_unihan,ROOT-6BDA,251.375,249.5
bge_m3_1024d,en_gloss_unihan,ROOT-6BDB,166.83333333333334,1220.3333333333333
bge_m3_1024d,en_gloss_unihan,ROOT-6C0F,435.0,957.1666666666666
bge_m3_1024d,en_gloss_unihan,ROOT-6C10,557.9333333333333,895.8666666666667
bge_m3_1024d,en_gloss_unihan,ROOT-6C14,900.75,1079.25
bge_m3_1024d,en_gloss_unihan,ROOT-6C42,913.875,1002.125
bge_m3_1024d,en_gloss_unihan,ROOT-6C99,626.25,34.5
bge_m3_1024d,en_gloss_unihan,ROOT-708E,593.0769230769231,818.3076923076923
bge_m3_1024d,en_gloss_unihan,ROOT-7097,35.642857142857146,296.7857142857143
bge_m3_1024d,en_gloss_unihan,ROOT-7121,-184.0,-100.75
bge_m3_1024d,en_gloss_unihan,ROOT-7126,-191.28571428571428,-157.85714285714286
bge_m3_1024d,en_gloss_unihan,ROOT-718F,-51.8,174.8
bge_m3_1024d,en_gloss_unihan,ROOT-71D5,140.25,-46.25
bge_m3_1024d,en_gloss_unihan,ROOT-722D,-275.1666666666667,107.66666666666667
bge_m3_1024d,en_gloss_unihan,ROOT-7230,107.0909090909091,245.9090909090909
bge_m3_1024d,en_gloss_unihan,ROOT-7236,-49.8235294117647,216.0
bge_m3_1024d,en_gloss_unihan,ROOT-723B,1945.75,3399.75
bge_m3_1024d,en_gloss_unihan,ROOT-723E,896.5,803.75
bge_m3_1024d,en_gloss_unihan,ROOT-723F,-285.2307692307692,71.6923076923077
bge_m3_1024d,en_gloss_unihan,ROOT-7259,-368.3333333333333,-136.5
bge_m3_1024d,en_gloss_unihan,ROOT-72AE,1161.090909090909,852.6363636363636
bge_m3_1024d,en_gloss_unihan,ROOT-7312,649.8,515.6
bge_m3_1024d,en_gloss_unihan,ROOT-7384,639.75,1058.75
bge_m3_1024d,en_gloss_unihan,ROOT-74DC,2.5555555555555554,-213.88888888888889
bge_m3_1024d,en_gloss_unihan,ROOT-7518,1402.6666666666667,1189.888888888889
bge_m3_1024d,en_gloss_unihan,ROOT-751A,-240.9090909090909,120.27272727272727
bge_m3_1024d,en_gloss_unihan,ROOT-751F,-375.0,-238.57142857142858
bge_m3_1024d,en_gloss_unihan,ROOT-7528,289.6875,726.25
bge_m3_1024d,en_gloss_unihan,ROOT-752B,556.7857142857143,877.8571428571429
bge_m3_1024d,en_gloss_unihan,ROOT-7531,209.13333333333333,597.0
bge_m3_1024d,en_gloss_unihan,ROOT-7532,-267.0,-287.625
bge_m3_1024d,en_gloss_unihan,ROOT-7533,87.8,490.8
bge_m3_1024d,en_gloss_unihan,ROOT-7539,104.0,1002.0
bge_m3_1024d,en_gloss_unihan,ROOT-754F,-469.0,-187.0
bge_m3_1024d,en_gloss_unihan,ROOT-7550,229.0,-343.6666666666667
bge_m3_1024d,en_gloss_unihan,ROOT-757A,2114.5,2370.5
bge_m3_1024d,en_gloss_unihan,ROOT-757E,784.8,989.2
bge_m3_1024d,en_gloss_unihan,ROOT-758B,68.0,-262.85714285714283
bge_m3_1024d,en_gloss_unihan,ROOT-758C,1408.625,1197.0
bge_m3_1024d,en_gloss_unihan,ROOT-7591,-51.4,400.0
bge_m3_1024d,en_gloss_unihan,ROOT-7678,-691.25,-284.75
bge_m3_1024d,en_gloss_unihan,ROOT-767D,-421.5,-211.57142857142858
bge_m3_1024d,en_gloss_unihan,ROOT-7686,106.25,39.375
bge_m3_1024d,en_gloss_unihan,ROOT-7687,-225.8,-568.6
bge_m3_1024d,en_gloss_unihan,ROOT-76AE,-218.7058823529412,213.76470588235293
bge_m3_1024d,en_gloss_unihan,ROOT-76CA,-247.33333333333334,439.0
bge_m3_1024d,en_gloss_unihan,ROOT-76E1,639.0,1025.75
bge_m3_1024d,en_gloss_unihan,ROOT-76E3,-679.9166666666666,-340.3333333333333
bge_m3_1024d,en_gloss_unihan,ROOT-76F4,263.5,390.5
bge_m3_1024d,en_gloss_unihan,ROOT-76F8,-968.1666666666666,-1494.5
bge_m3_1024d,en_gloss_unihan,ROOT-7714,979.5,1650.0
bge_m3_1024d,en_gloss_unihan,ROOT-771E,1764.6666666666667,1723.3333333333333
bge_m3_1024d,en_gloss_unihan,ROOT-7758,-1479.25,-1239.0
bge_m3_1024d,en_gloss_unihan,ROOT-776A,-660.1666666666666,-18.833333333333332
bge_m3_1024d,en_gloss_unihan,ROOT-77DB,-263.1818181818182,461.27272727272725
bge_m3_1024d,en_gloss_unihan,ROOT-77DE,-634.375,-332.375
bge_m3_1024d,en_gloss_unihan,ROOT-77E2,1048.0,1470.8333333333333
bge_m3_1024d,en_gloss_unihan,ROOT-77F3,-478.875,-482.5
bge_m3_1024d,en_gloss_unihan,ROOT-79B9,452.0,247.5
bge_m3_1024d,en_gloss_unihan,ROOT-79BA,-361.75,-366.375
bge_m3_1024d,en_gloss_unihan,ROOT-79BB,-134.58333333333334,-239.33333333333334
bge_m3_1024d,en_gloss_unihan,ROOT-79BE,317.61538461538464,448.2307692307692
bge_m3_1024d,en_gloss_unihan,ROOT-79CB,660.4285714285714,486.57142857142856
bge_m3_1024d,en_gloss_unihan,ROOT-79E6,-532.75,-1447.0
bge_m3_1024d,en_gloss_unihan,ROOT-7ACB,-1141.75,-423.875
bge_m3_1024d,en_gloss_unihan,ROOT-7AE0,372.6,-208.4
bge_m3_1024d,en_gloss_unihan,ROOT-7AE5,300.3636363636364,-40.18181818181818
bge_m3_1024d,en_gloss_unihan,ROOT-7F8A,-546.1111111111111,263.8888888888889
bge_m3_1024d,en_gloss_unihan,ROOT-7FA9,639.6666666666666,585.7777777777778
bge_m3_1024d,en_gloss_unihan,ROOT-7FCF,142.25,111.9375
bge_m3_1024d,en_gloss_unihan,ROOT-7FD2,-452.3333333333333,-408.1666666666667
bge_m3_1024d,en_gloss_unihan,ROOT-7FDF,492.125,794.875
bge_m3_1024d,en_gloss_unihan,ROOT-800C,1774.5714285714287,1502.5714285714287
bge_m3_1024d,en_gloss_unihan,ROOT-8011,-390.14285714285717,-236.71428571428572
bge_m3_1024d,en_gloss_unihan,ROOT-8033,558.3333333333334,1026.5333333333333
bge_m3_1024d,en_gloss_unihan,ROOT-8076,-61.285714285714285,40.57142857142857
bge_m3_1024d,en_gloss_unihan,ROOT-807F,-540.8181818181819,-401.27272727272725
bge_m3_1024d,en_gloss_unihan,ROOT-8099,-764.5833333333334,-429.75
bge_m3_1024d,en_gloss_unihan,ROOT-81E4,1096.0,1891.2857142857142
bge_m3_1024d,en_gloss_unihan,ROOT-81F3,791.7857142857143,530.1428571428571
bge_m3_1024d,en_gloss_unihan,ROOT-81FD,61.63636363636363,33.54545454545455
bge_m3_1024d,en_gloss_unihan,ROOT-81FE,-687.4,-1070.0
bge_m3_1024d,en_gloss_unihan,ROOT-8200,-313.3333333333333,-160.33333333333334
bge_m3_1024d,en_gloss_unihan,ROOT-8201,53.142857142857146,-204.28571428571428
bge_m3_1024d,en_gloss_unihan,ROOT-822C,797.8333333333334,2079.1666666666665
bge_m3_1024d,en_gloss_unihan,ROOT-826F,-110.33333333333333,-121.83333333333333
bge_m3_1024d,en_gloss_unihan,ROOT-82BB,812.0,1773.6666666666667
bge_m3_1024d,en_gloss_unihan,ROOT-82E5,-113.0,201.33333333333334
bge_m3_1024d,en_gloss_unihan,ROOT-830D,968.0,1606.5
bge_m3_1024d,en_gloss_unihan,ROOT-83AB,210.25,234.1875
bge_m3_1024d,en_gloss_unihan,ROOT-83D0,-386.0,-226.5
bge_m3_1024d,en_gloss_unihan,ROOT-842C,596.4285714285714,1209.4285714285713
bge_m3_1024d,en_gloss_unihan,ROOT-8499,602.8571428571429,-161.28571428571428
bge_m3_1024d,en_gloss_unihan,ROOT-84A6,514.25,1355.375
bge_m3_1024d,en_gloss_unihan,ROOT-8511,-642.25,-366.5
bge_m3_1024d,en_gloss_unihan,ROOT-8700,25.153846153846153,10.307692307692308
bge_m3_1024d,en_gloss_unihan,ROOT-8881,237.4,3.6
bge_m3_1024d,en_gloss_unihan,ROOT-8944,-100.0,646.6666666666666
bge_m3_1024d,en_gloss_unihan,ROOT-898B,556.9,455.4
bge_m3_1024d,en_gloss_unihan,ROOT-89D2,-975.6,-1684.4
bge_m3_1024d,en_gloss_unihan,ROOT-89E3,996.5,942.0
bge_m3_1024d,en_gloss_unihan,ROOT-8A79,486.75,705.6666666666666
bge_m3_1024d,en_gloss_unihan,ROOT-8C37,132.76923076923077,333.0769230769231
bge_m3_1024d,en_gloss_unihan,ROOT-8C46,623.5,400.85714285714283
bge_m3_1024d,en_gloss_unihan,ROOT-8C48,943.9166666666666,1251.0
bge_m3_1024d,en_gloss_unihan,ROOT-8C56,172.75,187.5
bge_m3_1024d,en_gloss_unihan,ROOT-8C66,-77.75,-179.75
bge_m3_1024d,en_gloss_unihan,ROOT-8C9E,-448.6666666666667,-910.6666666666666
bge_m3_1024d,en_gloss_unihan,ROOT-8CAC,-28.571428571428573,-278.0
bge_m3_1024d,en_gloss_unihan,ROOT-8CCF,157.57142857142858,82.42857142857143
bge_m3_1024d,en_gloss_unihan,ROOT-8D0A,1132.8333333333333,1511.8333333333333
bge_m3_1024d,en_gloss_unihan,ROOT-8DB3,604.75,2070.75
bge_m3_1024d,en_gloss_unihan,ROOT-8ECD,-137.4,-29.533333333333335
bge_m3_1024d,en_gloss_unihan,ROOT-8F9F,237.94117647058823,102.47058823529412
bge_m3_1024d,en_gloss_unihan,ROOT-8FA1,192.8,459.0
bge_m3_1024d,en_gloss_unihan,ROOT-8FB0,224.33333333333334,292.6666666666667
bge_m3_1024d,en_gloss_unihan,ROOT-8FB1,471.3333333333333,946.6666666666666
bge_m3_1024d,en_gloss_unihan,ROOT-9023,-1994.0,-1866.2
bge_m3_1024d,en_gloss_unihan,ROOT-9091,237.0,1045.0
bge_m3_1024d,en_gloss_unihan,ROOT-9109,43.666666666666664,164.0
bge_m3_1024d,en_gloss_unihan,ROOT-914B,-143.71428571428572,237.57142857142858
bge_m3_1024d,en_gloss_unihan,ROOT-91C6,-24.833333333333332,641.4444444444445
bge_m3_1024d,en_gloss_unihan,ROOT-91CC,656.4545454545455,759.4545454545455
bge_m3_1024d,en_gloss_unihan,ROOT-9577,434.4,234.9
bge_m3_1024d,en_gloss_unihan,ROOT-9580,-415.57142857142856,-370.57142857142856
bge_m3_1024d,en_gloss_unihan,ROOT-96B9,253.19230769230768,474.61538461538464
bge_m3_1024d,en_gloss_unihan,ROOT-96BA,-430.5,330.5
bge_m3_1024d,en_gloss_unihan,ROOT-96BB,-3.2,144.2
bge_m3_1024d,en_gloss_unihan,ROOT-96E3,-325.5,-80.5
bge_m3_1024d,en_gloss_unihan,ROOT-9700,215.63636363636363,322.0
bge_m3_1024d,en_gloss_unihan,ROOT-9752,113.8125,470.125
bge_m3_1024d,en_gloss_unihan,ROOT-975E,-214.57142857142858,23.238095238095237
bge_m3_1024d,en_gloss_unihan,ROOT-99AC,-1503.75,-3274.5
bge_m3_1024d,en_gloss_unihan,ROOT-9AD8,435.1333333333333,527.4333333333333
bge_m3_1024d,en_gloss_unihan,ROOT-9B3C,586.3636363636364,582.0
bge_m3_1024d,en_gloss_unihan,ROOT-9B5A,-266.0,293.25
bge_m3_1024d,en_gloss_unihan,ROOT-9E7F,-233.0,-437.25
bge_m3_1024d,en_gloss_unihan,ROOT-9E83,430.75,-172.25
bge_m3_1024d,en_gloss_unihan,ROOT-9E97,-394.8333333333333,-780.3333333333334
bge_m3_1024d,en_gloss_unihan,ROOT-9F4A,-132.6,-140.0
bge_m3_1024d,en_gloss_unihan,ROOT-9F8D,-123.72727272727273,-417.72727272727275
bge_m3_1024d,en_gloss_unihan,ROOT-9FA0,-406.8,107.6
bge_m3_1024d,zh_char,ROOT-20000,89.05714285714286,-277.0285714285714
bge_m3_1024d,zh_char,ROOT-20086,1170.125,3095.0
bge_m3_1024d,zh_char,ROOT-20094,-663.75,2827.25
bge_m3_1024d,zh_char,ROOT-200A2,-765.4,-658.2
bge_m3_1024d,zh_char,ROOT-200A4,4020.0,1297.0
bge_m3_1024d,zh_char,ROOT-2010C,830.8333333333334,3758.1666666666665
bge_m3_1024d,zh_char,ROOT-20509,-513.5,116.83333333333333
bge_m3_1024d,zh_char,ROOT-20A7A,-312.8333333333333,1685.8333333333333
bge_m3_1024d,zh_char,ROOT-2123C,-333.125,1900.1875
bge_m3_1024d,zh_char,ROOT-219CD,-693.0,632.1818181818181
bge_m3_1024d,zh_char,ROOT-21FE7,127.16666666666667,-449.3333333333333
bge_m3_1024d,zh_char,ROOT-22398,-3230.0,-1131.5
bge_m3_1024d,zh_char,ROOT-2274A,1132.0,3646.25
bge_m3_1024d,zh_char,ROOT-23386,1314.5,1519.8333333333333
bge_m3_1024d,zh_char,ROOT-233DF,-136.0,239.66666666666666
bge_m3_1024d,zh_char,ROOT-2394F,-1818.0,-455.2083333333333
bge_m3_1024d,zh_char,ROOT-239BC,2020.0,445.0
bge_m3_1024d,zh_char,ROOT-23A8A,-1116.111111111111,1070.4444444444443
bge_m3_1024d,zh_char,ROOT-23B09,-822.4,409.4
bge_m3_1024d,zh_char,ROOT-25055,791.3076923076923,-548.5384615384615
bge_m3_1024d,zh_char,ROOT-26407,478.5,1629.1666666666667
bge_m3_1024d,zh_char,ROOT-271A3,-874.7857142857143,720.7142857142857
bge_m3_1024d,zh_char,ROOT-27DA0,-498.09090909090907,625.1818181818181
bge_m3_1024d,zh_char,ROOT-3431,441.75,87.16666666666667
bge_m3_1024d,zh_char,ROOT-34B8,-292.8,580.4
bge_m3_1024d,zh_char,ROOT-34BC,406.875,-1564.375
bge_m3_1024d,zh_char,ROOT-34DE,70.58333333333333,-1364.3333333333333
bge_m3_1024d,zh_char,ROOT-3563,-1109.6666666666667,-377.8333333333333
bge_m3_1024d,zh_char,ROOT-3687,714.25,4031.25
bge_m3_1024d,zh_char,ROOT-37A2,-108.70588235294117,370.29411764705884
bge_m3_1024d,zh_char,ROOT-382F,-1134.4615384615386,292.61538461538464
bge_m3_1024d,zh_char,ROOT-3840,-177.63636363636363,-201.0909090909091
bge_m3_1024d,zh_char,ROOT-39B0,17.90909090909091,1960.2727272727273
bge_m3_1024d,zh_char,ROOT-4020,-203.14285714285714,660.2857142857143
bge_m3_1024d,zh_char,ROOT-41C2,-1668.35,-349.4
bge_m3_1024d,zh_char,ROOT-4343,-2044.142857142857,220.85714285714286
bge_m3_1024d,zh_char,ROOT-4588,566.1666666666666,2825.3333333333335
bge_m3_1024d,zh_char,ROOT-470C,-399.38461538461536,965.6923076923077
bge_m3_1024d,zh_char,ROOT-4E00,-1088.625,2148.625
bge_m3_1024d,zh_char,ROOT-4E01,-916.8571428571429,266.23809523809524
bge_m3_1024d,zh_char,ROOT-4E02,-1012.6,320.0
bge_m3_1024d,zh_char,ROOT-4E0D,1037.5,499.85714285714283
bge_m3_1024d,zh_char,ROOT-4E11,-161.625,-770.875
bge_m3_1024d,zh_char,ROOT-4E14,-498.3703703703704,198.40740740740742
bge_m3_1024d,zh_char,ROOT-4E16,-559.125,2877.5
bge_m3_1024d,zh_char,ROOT-4E1E,-76.25,-3393.25
bge_m3_1024d,zh_char,ROOT-4E29,-1167.4285714285713,323.2857142857143
bge_m3_1024d,zh_char,ROOT-4E2D,1080.6666666666667,144.16666666666666
bge_m3_1024d,zh_char,ROOT-4E30,1513.5,787.25
bge_m3_1024d,zh_char,ROOT-4E36,-1544.25,715.125
bge_m3_1024d,zh_char,ROOT-4E38,1910.2,4460.6
bge_m3_1024d,zh_char,ROOT-4E3F,-922.6666666666666,361.0833333333333
bge_m3_1024d,zh_char,ROOT-4E43,-1442.0,278.0
bge_m3_1024d,zh_char,ROOT-4E47,-253.1,-1211.8
bge_m3_1024d,zh_char,ROOT-4E4D,-2221.5625,312.3125
bge_m3_1024d,zh_char,ROOT-4E4F,-305.0,-1922.0
bge_m3_1024d,zh_char,ROOT-4E59,5185.0,1641.75
bge_m3_1024d,zh_char,ROOT-4E5D,-648.75,-201.33333333333334
bge_m3_1024d,zh_char,ROOT-4E5F,-1789.7,627.4
bge_m3_1024d,zh_char,ROOT-4E88,276.55555555555554,150.0
bge_m3_1024d,zh_char,ROOT-4E8C,-700.2142857142857,-332.35714285714283
bge_m3_1024d,zh_char,ROOT-4E8E,-1072.0,76.0
bge_m3_1024d,zh_char,ROOT-4E8F,-39.72727272727273,1188.1818181818182
bge_m3_1024d,zh_char,ROOT-4E91,-625.0,-10.333333333333334
bge_m3_1024d,zh_char,ROOT-4E94,-984.0,450.6
bge_m3_1024d,zh_char,ROOT-4E9E,-1633.8333333333333,-181.83333333333334
bge_m3_1024d,zh_char,ROOT-4EA1,-1090.142857142857,-954.8571428571429
bge_m3_1024d,zh_char,ROOT-4EA2,-1165.3333333333333,96.33333333333333
bge_m3_1024d,zh_char,ROOT-4EA4,-551.7368421052631,238.89473684210526
bge_m3_1024d,zh_char,ROOT-4EA5,-1524.1333333333334,332.46666666666664
bge_m3_1024d,zh_char,ROOT-4EAC,-105.4,364.5
bge_m3_1024d,zh_char,ROOT-4ECA,-312.575,422.625
bge_m3_1024d,zh_char,ROOT-4ECB,792.3333333333334,-2386.5
bge_m3_1024d,zh_char,ROOT-4EE4,190.94444444444446,436.72222222222223
bge_m3_1024d,zh_char,ROOT-4F59,-892.4705882352941,-195.94117647058823
bge_m3_1024d,zh_char,ROOT-4F86,861.6666666666666,-396.8333333333333
bge_m3_1024d,zh_char,ROOT-4F96,-943.4,217.8
bge_m3_1024d,zh_char,ROOT-5009,408.6363636363636,576.6363636363636
bge_m3_1024d,zh_char,ROOT-501D,244.42857142857142,830.5714285714286
bge_m3_1024d,zh_char,ROOT-50C9,-1295.0,475.10526315789474
bge_m3_1024d,zh_char,ROOT-5143,627.8235294117648,-826.6470588235294
bge_m3_1024d,zh_char,ROOT-5146,-170.72222222222223,625.5
bge_m3_1024d,zh_char,ROOT-5148,-211.0,2736.625
bge_m3_1024d,zh_char,ROOT-5149,-109.375,236.375
bge_m3_1024d,zh_char,ROOT-514D,-137.72727272727272,2326.3636363636365
bge_m3_1024d,zh_char,ROOT-5152,255.69230769230768,2414.6923076923076
bge_m3_1024d,zh_char,ROOT-5165,-797.5,-1119.0
bge_m3_1024d,zh_char,ROOT-5168,-86.44444444444444,-177.55555555555554
bge_m3_1024d,zh_char,ROOT-5169,-862.25,-1395.25
bge_m3_1024d,zh_char,ROOT-516A,515.0,-498.0
bge_m3_1024d,zh_char,ROOT-516B,368.0,-1192.6
bge_m3_1024d,zh_char,ROOT-516C,372.6666666666667,234.83333333333334
bge_m3_1024d,zh_char,ROOT-5171,-90.54545454545455,287.09090909090907
bge_m3_1024d,zh_char,ROOT-5176,-54.05,11.2
bge_m3_1024d,zh_char,ROOT-517C,-1136.4117647058824,966.7647058823529
bge_m3_1024d,zh_char,ROOT-5183,-593.0,40.5
bge_m3_1024d,zh_char,ROOT-518B,963.4,3518.2
bge_m3_1024d,zh_char,ROOT-518E,-762.9090909090909,92.27272727272727
bge_m3_1024d,zh_char,ROOT-5193,-140.5,544.0
bge_m3_1024d,zh_char,ROOT-5198,249.7,539.7
bge_m3_1024d,zh_char,ROOT-51A5,93.2,3534.6
bge_m3_1024d,zh_char,ROOT-51E0,-1991.1666666666667,-138.83333333333334
bge_m3_1024d,zh_char,ROOT-51E1,-1157.0,508.3
bge_m3_1024d,zh_char,ROOT-51FA,1067.875,-1541.5
bge_m3_1024d,zh_char,ROOT-5200,8.52,545.16
bge_m3_1024d,zh_char,ROOT-5203,-103.55555555555556,586.0
bge_m3_1024d,zh_char,ROOT-5206,50.65217391304348,-115.82608695652173
bge_m3_1024d,zh_char,ROOT-5247,-966.6,353.6
bge_m3_1024d,zh_char,ROOT-529B,-483.1578947368421,-210.1578947368421
bge_m3_1024d,zh_char,ROOT-52A6,-1338.25,-2496.5
bge_m3_1024d,zh_char,ROOT-52F9,520.36,1121.32
bge_m3_1024d,zh_char,ROOT-52FA,-278.3529411764706,-1063.9411764705883
bge_m3_1024d,zh_char,ROOT-52FB,-56.4,-293.6
bge_m3_1024d,zh_char,ROOT-52FF,-1537.5555555555557,198.77777777777777
bge_m3_1024d,zh_char,ROOT-5303,-320.2142857142857,-356.39285714285717
bge_m3_1024d,zh_char,ROOT-5305,-808.5555555555555,157.16666666666666
bge_m3_1024d,zh_char,ROOT-530A,1114.0,-4.428571428571429
bge_m3_1024d,zh_char,ROOT-530B,-476.0,-925.4
bge_m3_1024d,zh_char,ROOT-5315,-529.3421052631579,35.89473684210526
bge_m3_1024d,zh_char,ROOT-5340,-799.5555555555555,670.2222222222222
bge_m3_1024d,zh_char,ROOT-5348,1950.5,285.25
bge_m3_1024d,zh_char,ROOT-5349,-42.785714285714285,1708.7857142857142
bge_m3_1024d,zh_char,ROOT-534A,-355.625,435.5
bge_m3_1024d,zh_char,ROOT-5351,-507.23809523809524,1362.952380952381
bge_m3_1024d,zh_char,ROOT-5352,199.2941176470588,342.5882352941176
bge_m3_1024d,zh_char,ROOT-5353,-1184.4545454545455,367.09090909090907
bge_m3_1024d,zh_char,ROOT-535C,-99.25,-48.75
bge_m3_1024d,zh_char,ROOT-5360,-1147.7,-319.3
bge_m3_1024d,zh_char,ROOT-5371,-399.22222222222223,1647.6666666666667
bge_m3_1024d,zh_char,ROOT-5377,367.0,442.7142857142857
bge_m3_1024d,zh_char,ROOT-5378,440.5,598.25
bge_m3_1024d,zh_char,ROOT-539F,-398.57142857142856,347.7142857142857
bge_m3_1024d,zh_char,ROOT-53B6,-490.0,393.8095238095238
bge_m3_1024d,zh_char,ROOT-53B7,5038.6,2066.4
bge_m3_1024d,zh_char,ROOT-53BB,405.5,1043.6666666666667
bge_m3_1024d,zh_char,ROOT-53C3,156.0,-189.5
bge_m3_1024d,zh_char,ROOT-53C8,-967.5,149.25
bge_m3_1024d,zh_char,ROOT-53CA,-327.0833333333333,872.6666666666666
bge_m3_1024d,zh_char,ROOT-53CD,-978.125,-434.75
bge_m3_1024d,zh_char,ROOT-53D5,-507.3333333333333,1453.3333333333333
bge_m3_1024d,zh_char,ROOT-53D6,501.0833333333333,1781.5
bge_m3_1024d,zh_char,ROOT-53DA,-530.1428571428571,662.2142857142857
bge_m3_1024d,zh_char,ROOT-53E3,-779.25,-312.0
bge_m3_1024d,zh_char,ROOT-53E4,-686.5882352941177,-122.55882352941177
bge_m3_1024d,zh_char,ROOT-53EA,-96.6,3313.0
bge_m3_1024d,zh_char,ROOT-53F8,325.6,331.0
bge_m3_1024d,zh_char,ROOT-5404,-764.4285714285714,215.54285714285714
bge_m3_1024d,zh_char,ROOT-5405,-497.125,397.6875
bge_m3_1024d,zh_char,ROOT-5408,-260.8787878787879,103.63636363636364
bge_m3_1024d,zh_char,ROOT-5409,249.0,34.68421052631579
bge_m3_1024d,zh_char,ROOT-540C,-1463.5555555555557,476.44444444444446
bge_m3_1024d,zh_char,ROOT-540D,6294.5,2389.5
bge_m3_1024d,zh_char,ROOT-540E,-466.4,-647.0
bge_m3_1024d,zh_char,ROOT-5433,205.5,-2865.8333333333335
bge_m3_1024d,zh_char,ROOT-5442,-935.4,-1177.0
bge_m3_1024d,zh_char,ROOT-544A,-494.6,655.9
bge_m3_1024d,zh_char,ROOT-5468,-1322.5333333333333,265.2
bge_m3_1024d,zh_char,ROOT-5485,397.7142857142857,-1844.0
bge_m3_1024d,zh_char,ROOT-548E,43.142857142857146,3846.714285714286
bge_m3_1024d,zh_char,ROOT-54A2,54.714285714285715,-864.8571428571429
bge_m3_1024d,zh_char,ROOT-54B8,-1126.7142857142858,-389.92857142857144
bge_m3_1024d,zh_char,ROOT-54E1,-990.0,313.85714285714283
bge_m3_1024d,zh_char,ROOT-55AE,96.13636363636364,653.0909090909091
bge_m3_1024d,zh_char,ROOT-55BF,-667.9333333333333,-146.93333333333334
bge_m3_1024d,zh_char,ROOT-55C7,516.6666666666666,3432.1666666666665
bge_m3_1024d,zh_char,ROOT-56D7,-366.0,626.5
bge_m3_1024d,zh_char,ROOT-56DB,907.5,2835.25
bge_m3_1024d,zh_char,ROOT-56DE,4166.5,1095.75
bge_m3_1024d,zh_char,ROOT-56E0,456.42857142857144,78.0
bge_m3_1024d,zh_char,ROOT-56FA,-1794.4,-181.2
bge_m3_1024d,zh_char,ROOT-571F,-591.0,-846.6
bge_m3_1024d,zh_char,ROOT-572D,-1648.8214285714287,305.92857142857144
bge_m3_1024d,zh_char,ROOT-57F6,-437.6666666666667,1504.1666666666667
bge_m3_1024d,zh_char,ROOT-57F7,-1114.5,-2495.75
bge_m3_1024d,zh_char,ROOT-5807,663.7142857142857,662.7142857142857
bge_m3_1024d,zh_char,ROOT-582F,-521.3636363636364,1175.5454545454545
bge_m3_1024d,zh_char,ROOT-58EC,151.66666666666666,-863.7777777777778
bge_m3_1024d,zh_char,ROOT-58F4,1093.6666666666667,-2018.8333333333333
bge_m3_1024d,zh_char,ROOT-58F9,-70.83333333333333,-1732.1666666666667
bge_m3_1024d,zh_char,ROOT-58FD,-806.0,-985.2
bge_m3_1024d,zh_char,ROOT-590B,-154.35294117647058,700.3529411764706
bge_m3_1024d,zh_char,ROOT-590C,3287.3333333333335,1281.8333333333333
bge_m3_1024d,zh_char,ROOT-5917,-23.307692307692307,292.53846153846155
bge_m3_1024d,zh_char,ROOT-591A,420.8,2005.3
bge_m3_1024d,zh_char,ROOT-5927,-453.8333333333333,3691.6666666666665
bge_m3_1024d,zh_char,ROOT-5929,-2308.6,-1421.8
bge_m3_1024d,zh_char,ROOT-592B,-363.0,65.5
bge_m3_1024d,zh_char,ROOT-592C,-454.3333333333333,1245.8333333333333
bge_m3_1024d,zh_char,ROOT-592D,-266.8333333333333,-2170.8333333333335
bge_m3_1024d,zh_char,ROOT-592E,-1234.076923076923,388.6923076923077
bge_m3_1024d,zh_char,ROOT-5937,-483.4,-527.8
bge_m3_1024d,zh_char,ROOT-593E,-790.0833333333334,162.58333333333334
bge_m3_1024d,zh_char,ROOT-5944,243.57142857142858,2143.4285714285716
bge_m3_1024d,zh_char,ROOT-5949,-1047.1666666666667,-1199.6666666666667
bge_m3_1024d,zh_char,ROOT-5950,5651.5,1797.75
bge_m3_1024d,zh_char,ROOT-595A,377.55555555555554,-886.3333333333334
bge_m3_1024d,zh_char,ROOT-5967,-1210.0,-1228.8
bge_m3_1024d,zh_char,ROOT-5973,-99.26086956521739,506.0
bge_m3_1024d,zh_char,ROOT-599F,66.85714285714286,-625.7142857142857
bge_m3_1024d,zh_char,ROOT-59A5,867.75,-2269.5
bge_m3_1024d,zh_char,ROOT-59BB,-22.166666666666668,262.8333333333333
bge_m3_1024d,zh_char,ROOT-59BE,436.2,-1037.6
bge_m3_1024d,zh_char,ROOT-5A41,-1392.4117647058824,432.47058823529414
bge_m3_1024d,zh_char,ROOT-5B5A,-640.0,535.2307692307693
bge_m3_1024d,zh_char,ROOT-5B81,502.0,618.1666666666666
bge_m3_1024d,zh_char,ROOT-5B83,-765.9,348.8
bge_m3_1024d,zh_char,ROOT-5B89,-1531.3333333333333,104.16666666666667
bge_m3_1024d,zh_char,ROOT-5B97,894.625,645.875
bge_m3_1024d,zh_char,ROOT-5B98,-203.2,241.8
bge_m3_1024d,zh_char,ROOT-5B9A,3638.25,849.25
bge_m3_1024d,zh_char,ROOT-5BA3,948.8,1244.2
bge_m3_1024d,zh_char,ROOT-5BB3,-660.1666666666666,-145.5
bge_m3_1024d,zh_char,ROOT-5BC5,894.8333333333334,3925.5
bge_m3_1024d,zh_char,ROOT-5BCD,-1388.3333333333333,393.3333333333333
bge_m3_1024d,zh_char,ROOT-5BF8,-2970.6,-683.6
bge_m3_1024d,zh_char,ROOT-5BFD,522.2,-855.4
bge_m3_1024d,zh_char,ROOT-5C07,16.2,-68.0
bge_m3_1024d,zh_char,ROOT-5C08,-139.6,2543.0666666666666
bge_m3_1024d,zh_char,ROOT-5C09,277.2,-1203.0
bge_m3_1024d,zh_char,ROOT-5C0A,-2140.8888888888887,-189.44444444444446
bge_m3_1024d,zh_char,ROOT-5C0F,-608.0952380952381,28.61904761904762
bge_m3_1024d,zh_char,ROOT-5C17,429.7142857142857,150.64285714285714
bge_m3_1024d,zh_char,ROOT-5C1A,-856.1538461538462,-312.7307692307692
bge_m3_1024d,zh_char,ROOT-5C1E,258.14285714285717,2684.0
bge_m3_1024d,zh_char,ROOT-5C28,874.75,5547.5
bge_m3_1024d,zh_char,ROOT-5C39,-284.9,801.9
bge_m3_1024d,zh_char,ROOT-5C4B,-537.0,315.1666666666667
bge_m3_1024d,zh_char,ROOT-5C6F,-841.1111111111111,-1288.2222222222222
bge_m3_1024d,zh_char,ROOT-5C70,584.2,-682.0
bge_m3_1024d,zh_char,ROOT-5CA1,-386.3333333333333,532.5
bge_m3_1024d,zh_char,ROOT-5DC2,-278.6666666666667,3672.1666666666665
bge_m3_1024d,zh_char,ROOT-5DDD,-1297.6,503.4
bge_m3_1024d,zh_char,ROOT-5DE0,-600.3333333333334,152.53333333333333
bge_m3_1024d,zh_char,ROOT-5DE4,-32.166666666666664,516.5
bge_m3_1024d,zh_char,ROOT-5DE5,-1655.9642857142858,171.89285714285714
bge_m3_1024d,zh_char,ROOT-5DE8,-240.0,-455.2
bge_m3_1024d,zh_char,ROOT-5DF1,-1117.9166666666667,665.4166666666666
bge_m3_1024d,zh_char,ROOT-5DF3,-2549.0,-2324.5
bge_m3_1024d,zh_char,ROOT-5DF4,-1725.642857142857,-261.7857142857143
bge_m3_1024d,zh_char,ROOT-5E0C,532.0,-864.6666666666666
bge_m3_1024d,zh_char,ROOT-5E1D,-259.42857142857144,-37.857142857142854
bge_m3_1024d,zh_char,ROOT-5E36,133.0,3218.6
bge_m3_1024d,zh_char,ROOT-5E72,-448.5357142857143,485.82142857142856
bge_m3_1024d,zh_char,ROOT-5E73,-1431.7777777777778,-207.33333333333334
bge_m3_1024d,zh_char,ROOT-5E7A,148.71428571428572,284.57142857142856
bge_m3_1024d,zh_char,ROOT-5E9A,1401.0,-470.0
bge_m3_1024d,zh_char,ROOT-5EB6,543.5,-2141.25
bge_m3_1024d,zh_char,ROOT-5EFA,-600.3333333333334,-855.8333333333334
bge_m3_1024d,zh_char,ROOT-5F0B,-737.25,144.0625
bge_m3_1024d,zh_char,ROOT-5F15,248.4,3029.8
bge_m3_1024d,zh_char,ROOT-5F17,-545.0714285714286,704.5714285714286
bge_m3_1024d,zh_char,ROOT-5F1F,-2055.5454545454545,-6.0
bge_m3_1024d,zh_char,ROOT-5F31,-968.0,-1228.0
bge_m3_1024d,zh_char,ROOT-5F54,-996.5,-337.125
bge_m3_1024d,zh_char,ROOT-5F56,-843.5,624.0
bge_m3_1024d,zh_char,ROOT-5F57,630.2,3449.8
bge_m3_1024d,zh_char,ROOT-5F9E,91.71428571428571,1110.0
bge_m3_1024d,zh_char,ROOT-5FC5,124.06666666666666,2764.2
bge_m3_1024d,zh_char,ROOT-601D,-183.4,-918.2
bge_m3_1024d,zh_char,ROOT-60A4,-838.2,-1640.6
bge_m3_1024d,zh_char,ROOT-610F,-857.0,-2509.6
bge_m3_1024d,zh_char,ROOT-620D,309.875,339.75
bge_m3_1024d,zh_char,ROOT-6211,-846.2222222222222,-345.3333333333333
bge_m3_1024d,zh_char,ROOT-6212,-2873.75,-1643.25
bge_m3_1024d,zh_char,ROOT-6214,-2131.25,159.8125
bge_m3_1024d,zh_char,ROOT-6216,-480.61538461538464,-395.53846153846155
bge_m3_1024d,zh_char,ROOT-6236,-416.3333333333333,-129.83333333333334
bge_m3_1024d,zh_char,ROOT-6241,311.0,785.0
bge_m3_1024d,zh_char,ROOT-624B,831.5333333333333,1893.9333333333334
bge_m3_1024d,zh_char,ROOT-624D,-291.8,732.0
bge_m3_1024d,zh_char,ROOT-652F,-1824.8666666666666,418.6
bge_m3_1024d,zh_char,ROOT-6538,226.13333333333333,552.3333333333334
bge_m3_1024d,zh_char,ROOT-6544,-478.1666666666667,1427.5833333333333
bge_m3_1024d,zh_char,ROOT-6556,-1746.75,306.25
bge_m3_1024d,zh_char,ROOT-656B,-287.1111111111111,573.7777777777778
bge_m3_1024d,zh_char,ROOT-6587,2537.6,633.5
bge_m3_1024d,zh_char,ROOT-65A4,-2.1363636363636362,718.3181818181819
bge_m3_1024d,zh_char,ROOT-65AC,43.333333333333336,147.66666666666666
bge_m3_1024d,zh_char,ROOT-65B9,-296.6842105263158,362.6842105263158
bge_m3_1024d,zh_char,ROOT-65C1,4755.2,-31.2
bge_m3_1024d,zh_char,ROOT-65CF,-690.6,3146.4
bge_m3_1024d,zh_char,ROOT-65E6,-483.7826086956522,476.7826086956522
bge_m3_1024d,zh_char,ROOT-65E8,-1951.1818181818182,-85.81818181818181
bge_m3_1024d,zh_char,ROOT-65EC,354.6923076923077,892.9230769230769
bge_m3_1024d,zh_char,ROOT-6606,-753.8888888888889,636.1111111111111
bge_m3_1024d,zh_char,ROOT-660C,-845.3333333333334,318.0
bge_m3_1024d,zh_char,ROOT-660F,709.75,1601.5
bge_m3_1024d,zh_char,ROOT-6613,-1144.0,170.66666666666666
bge_m3_1024d,zh_char,ROOT-6614,-1499.0,-1728.75
bge_m3_1024d,zh_char,ROOT-661C,-1065.047619047619,1081.904761904762
bge_m3_1024d,zh_char,ROOT-661F,141.25,176.0
bge_m3_1024d,zh_char,ROOT-662F,-349.0,1633.388888888889
bge_m3_1024d,zh_char,ROOT-66FC,-1503.3076923076924,98.61538461538461
bge_m3_1024d,zh_char,ROOT-66FE,191.44444444444446,-228.66666666666666
bge_m3_1024d,zh_char,ROOT-6701,-704.2857142857143,-232.0
bge_m3_1024d,zh_char,ROOT-6703,-1295.5,1638.6666666666667
bge_m3_1024d,zh_char,ROOT-670B,-1276.2727272727273,-46.90909090909091
bge_m3_1024d,zh_char,ROOT-672A,-1272.4285714285713,-42.857142857142854
bge_m3_1024d,zh_char,ROOT-672B,-1770.5,-29.833333333333332
bge_m3_1024d,zh_char,ROOT-672E,-2065.2,-803.0
bge_m3_1024d,zh_char,ROOT-6731,268.3333333333333,862.9166666666666
bge_m3_1024d,zh_char,ROOT-675F,-323.77777777777777,1724.4444444444443
bge_m3_1024d,zh_char,ROOT-6771,-2393.3333333333335,-77.41666666666667
bge_m3_1024d,zh_char,ROOT-6797,-1160.5555555555557,100.77777777777777
bge_m3_1024d,zh_char,ROOT-679C,-2453.3333333333335,-28.166666666666668
bge_m3_1024d,zh_char,ROOT-67BC,-1026.5833333333333,-588.5833333333334
bge_m3_1024d,zh_char,ROOT-67D0,-2137.8,-1400.4
bge_m3_1024d,zh_char,ROOT-67EC,-941.4615384615385,274.6923076923077
bge_m3_1024d,zh_char,ROOT-6A02,-1900.7272727272727,543.5454545454545
bge_m3_1024d,zh_char,ROOT-6B2E,1179.4444444444443,511.77777777777777
bge_m3_1024d,zh_char,ROOT-6B62,-164.25,60.0
bge_m3_1024d,zh_char,ROOT-6B63,-2401.0,-723.0
bge_m3_1024d,zh_char,ROOT-6BB5,-2015.0,-1088.4
bge_m3_1024d,zh_char,ROOT-6BB8,-3395.6,2.4
bge_m3_1024d,zh_char,ROOT-6BB9,1044.8333333333333,3639.3333333333335
bge_m3_1024d,zh_char,ROOT-6BCE,1743.5,225.25
bge_m3_1024d,zh_char,ROOT-6BD4,101.91666666666667,399.5833333333333
bge_m3_1024d,zh_char,ROOT-6BDA,-6.25,3070.75
bge_m3_1024d,zh_char,ROOT-6BDB,-295.6666666666667,166.83333333333334
bge_m3_1024d,zh_char,ROOT-6C0F,-1062.6666666666667,466.3333333333333
bge_m3_1024d,zh_char,ROOT-6C10,48.5,386.125
bge_m3_1024d,zh_char,ROOT-6C11,499.8,-412.8
bge_m3_1024d,zh_char,ROOT-6C14,-399.6666666666667,-1588.6666666666667
bge_m3_1024d,zh_char,ROOT-6C42,102.4,590.9
bge_m3_1024d,zh_char,ROOT-6C93,-176.5,1742.75
bge_m3_1024d,zh_char,ROOT-6C99,2917.25,1220.5
bge_m3_1024d,zh_char,ROOT-708E,-114.0,1840.375
bge_m3_1024d,zh_char,ROOT-7097,-916.6,291.8666666666667
bge_m3_1024d,zh_char,ROOT-7121,1078.8,36.6
bge_m3_1024d,zh_char,ROOT-7126,-834.0,-159.44444444444446
bge_m3_1024d,zh_char,ROOT-718F,-434.8,-645.6
bge_m3_1024d,zh_char,ROOT-71D5,-474.4,-1369.8
bge_m3_1024d,zh_char,ROOT-722D,-886.2857142857143,-33.0
bge_m3_1024d,zh_char,ROOT-7230,781.3636363636364,-23.0
bge_m3_1024d,zh_char,ROOT-7235,-948.25,2657.25
bge_m3_1024d,zh_char,ROOT-7236,-810.3529411764706,-202.0
bge_m3_1024d,zh_char,ROOT-723B,4938.0,889.0
bge_m3_1024d,zh_char,ROOT-723E,292.0,684.25
bge_m3_1024d,zh_char,ROOT-723F,-760.0769230769231,543.5384615384615
bge_m3_1024d,zh_char,ROOT-7259,1209.3333333333333,-132.83333333333334
bge_m3_1024d,zh_char,ROOT-72AE,482.2307692307692,-559.3076923076923
bge_m3_1024d,zh_char,ROOT-7312,-1485.4,-193.8
bge_m3_1024d,zh_char,ROOT-7384,-600.2222222222222,683.7777777777778
bge_m3_1024d,zh_char,ROOT-74DC,-676.8,1161.0
bge_m3_1024d,zh_char,ROOT-7518,-727.1,-316.7
bge_m3_1024d,zh_char,ROOT-751A,788.5384615384615,512.7692307692307
bge_m3_1024d,zh_char,ROOT-751F,-1877.5714285714287,-165.85714285714286
bge_m3_1024d,zh_char,ROOT-7528,1491.0625,953.875
bge_m3_1024d,zh_char,ROOT-752B,43.57575757575758,-53.84848484848485
bge_m3_1024d,zh_char,ROOT-7531,-2285.9375,366.625
bge_m3_1024d,zh_char,ROOT-7532,-676.875,-23.875
bge_m3_1024d,zh_char,ROOT-7533,-419.8,-545.8
bge_m3_1024d,zh_char,ROOT-7539,-148.8,443.0
bge_m3_1024d,zh_char,ROOT-754F,883.75,2852.25
bge_m3_1024d,zh_char,ROOT-7550,-321.6666666666667,-10.666666666666666
bge_m3_1024d,zh_char,ROOT-7562,-203.8,3112.2
bge_m3_1024d,zh_char,ROOT-757A,-1919.25,-89.25
bge_m3_1024d,zh_char,ROOT-757E,-323.57142857142856,-1638.7142857142858
bge_m3_1024d,zh_char,ROOT-758B,-130.2,-617.4
bge_m3_1024d,zh_char,ROOT-758C,352.55555555555554,1762.5555555555557
bge_m3_1024d,zh_char,ROOT-7591,86.5,1029.0
bge_m3_1024d,zh_char,ROOT-7678,-337.0,2751.75
bge_m3_1024d,zh_char,ROOT-767D,988.8666666666667,241.2
bge_m3_1024d,zh_char,ROOT-7686,-12.375,11.5
bge_m3_1024d,zh_char,ROOT-7687,77.66666666666667,803.8333333333334
bge_m3_1024d,zh_char,ROOT-76AE,404.8333333333333,289.1111111111111
bge_m3_1024d,zh_char,ROOT-76CA,279.7142857142857,-1976.857142857143
bge_m3_1024d,zh_char,ROOT-76E1,-1277.5,-1117.25
bge_m3_1024d,zh_char,ROOT-76E3,403.4166666666667,69.08333333333333
bge_m3_1024d,zh_char,ROOT-76F4,-491.8,-831.0
bge_m3_1024d,zh_char,ROOT-76F8,-3228.8333333333335,-184.83333333333334
bge_m3_1024d,zh_char,ROOT-7714,-1837.5,40.5
bge_m3_1024d,zh_char,ROOT-771E,773.0,30.166666666666668
bge_m3_1024d,zh_char,ROOT-7758,607.75,3069.75
bge_m3_1024d,zh_char,ROOT-776A,450.14285714285717,536.8571428571429
bge_m3_1024d,zh_char,ROOT-77DB,-32.083333333333336,-126.33333333333333
bge_m3_1024d,zh_char,ROOT-77DE,350.9,3443.2
bge_m3_1024d,zh_char,ROOT-77E2,4367.0,618.3333333333334
bge_m3_1024d,zh_char,ROOT-77F3,684.0,2013.375
bge_m3_1024d,zh_char,ROOT-793A,-639.0,2697.75
bge_m3_1024d,zh_char,ROOT-79B9,1963.6,-629.2
bge_m3_1024d,zh_char,ROOT-79BA,-127.0909090909091,743.4545454545455
bge_m3_1024d,zh_char,ROOT-79BB,238.66666666666666,1267.0833333333333
bge_m3_1024d,zh_char,ROOT-79BE,152.57142857142858,544.5
bge_m3_1024d,zh_char,ROOT-79CB,354.57142857142856,-456.57142857142856
bge_m3_1024d,zh_char,ROOT-79DD,-48.25,-1191.5
bge_m3_1024d,zh_char,ROOT-79E6,1938.6,958.4
bge_m3_1024d,zh_char,ROOT-7ACB,-1453.875,104.875
bge_m3_1024d,zh_char,ROOT-7AE0,-1619.4,-200.8
bge_m3_1024d,zh_char,ROOT-7AE5,15.76923076923077,-347.2307692307692
bge_m3_1024d,zh_char,ROOT-7C73,-263.75,-146.75
bge_m3_1024d,zh_char,ROOT-7F8A,-1020.8,-53.3
bge_m3_1024d,zh_char,ROOT-7FA9,-1501.2727272727273,20.09090909090909
bge_m3_1024d,zh_char,ROOT-7FCF,335.8333333333333,2687.5555555555557
bge_m3_1024d,zh_char,ROOT-7FD2,-654.5,860.0
bge_m3_1024d,zh_char,ROOT-7FDF,144.1818181818182,995.9090909090909
bge_m3_1024d,zh_char,ROOT-800C,783.1111111111111,5555.666666666667
bge_m3_1024d,zh_char,ROOT-8011,-792.8,-242.2
bge_m3_1024d,zh_char,ROOT-8033,-761.6666666666666,-90.38888888888889
bge_m3_1024d,zh_char,ROOT-8076,641.0,1529.142857142857
bge_m3_1024d,zh_char,ROOT-807F,-574.0909090909091,221.54545454545453
bge_m3_1024d,zh_char,ROOT-8099,-983.1666666666666,908.8333333333334
bge_m3_1024d,zh_char,ROOT-81E4,-530.0,230.75
bge_m3_1024d,zh_char,ROOT-81EA,351.75,2655.25
bge_m3_1024d,zh_char,ROOT-81F3,-1340.5333333333333,995.3333333333334
bge_m3_1024d,zh_char,ROOT-81FD,-1668.076923076923,764.3846153846154
bge_m3_1024d,zh_char,ROOT-81FE,-451.6,-1080.2
bge_m3_1024d,zh_char,ROOT-8200,-98.33333333333333,363.0
bge_m3_1024d,zh_char,ROOT-8201,489.75,267.25
bge_m3_1024d,zh_char,ROOT-822C,-1313.8333333333333,-2115.0
bge_m3_1024d,zh_char,ROOT-826F,-800.0,580.5833333333334
bge_m3_1024d,zh_char,ROOT-82BB,-1368.7777777777778,41.44444444444444
bge_m3_1024d,zh_char,ROOT-82E5,28.833333333333332,-2534.5
bge_m3_1024d,zh_char,ROOT-830D,724.4,-406.0
bge_m3_1024d,zh_char,ROOT-83AB,-135.88888888888889,303.1111111111111
bge_m3_1024d,zh_char,ROOT-83D0,-445.0,159.33333333333334
bge_m3_1024d,zh_char,ROOT-842C,-170.42857142857142,186.28571428571428
bge_m3_1024d,zh_char,ROOT-8499,484.57142857142856,-574.5714285714286
bge_m3_1024d,zh_char,ROOT-84A6,-200.22222222222223,665.2222222222222
bge_m3_1024d,zh_char,ROOT-8511,-1112.5,1352.0
bge_m3_1024d,zh_char,ROOT-86A4,-920.5,-2371.75
bge_m3_1024d,zh_char,ROOT-8700,-1114.5,176.35714285714286
bge_m3_1024d,zh_char,ROOT-8881,-982.8,-1049.0
bge_m3_1024d,zh_char,ROOT-8944,-367.0833333333333,-37.0
bge_m3_1024d,zh_char,ROOT-898B,-631.9,-370.2
bge_m3_1024d,zh_char,ROOT-89D2,-859.4,197.4
bge_m3_1024d,zh_char,ROOT-89E3,-1564.0,-1363.75
bge_m3_1024d,zh_char,ROOT-8A79,1504.3333333333333,748.5
bge_m3_1024d,zh_char,ROOT-8C37,-1424.0,317.29411764705884
bge_m3_1024d,zh_char,ROOT-8C46,-80.8,-309.3333333333333
bge_m3_1024d,zh_char,ROOT-8C48,319.9166666666667,49.25
bge_m3_1024d,zh_char,ROOT-8C56,224.0,1290.5
bge_m3_1024d,zh_char,ROOT-8C61,-2473.5,-1359.5
bge_m3_1024d,zh_char,ROOT-8C66,-314.75,796.25
bge_m3_1024d,zh_char,ROOT-8C9E,-361.0,1648.5
bge_m3_1024d,zh_char,ROOT-8CAC,2183.5714285714284,1537.857142857143
bge_m3_1024d,zh_char,ROOT-8CB4,-927.75,-180.5
bge_m3_1024d,zh_char,ROOT-8CCF,-1659.625,112.0
bge_m3_1024d,zh_char,ROOT-8D0A,365.2857142857143,-1130.4285714285713
bge_m3_1024d,zh_char,ROOT-8DB3,2205.5,-924.75
bge_m3_1024d,zh_char,ROOT-8ECD,107.36842105263158,1764.6842105263158
bge_m3_1024d,zh_char,ROOT-8F9B,-545.0,-1535.2
bge_m3_1024d,zh_char,ROOT-8F9F,-731.7777777777778,-391.3888888888889
bge_m3_1024d,zh_char,ROOT-8FA1,1547.6,837.6
bge_m3_1024d,zh_char,ROOT-8FB0,-127.14285714285714,352.7857142857143
bge_m3_1024d,zh_char,ROOT-8FB1,-543.0,3611.1666666666665
bge_m3_1024d,zh_char,ROOT-9023,522.1666666666666,-413.0
bge_m3_1024d,zh_char,ROOT-9091,399.75,2521.25
bge_m3_1024d,zh_char,ROOT-9109,-1580.0,-820.0
bge_m3_1024d,zh_char,ROOT-914B,331.44444444444446,3394.3333333333335
bge_m3_1024d,zh_char,ROOT-91C6,127.8,-207.85
bge_m3_1024d,zh_char,ROOT-91CC,86.54545454545455,311.90909090909093
bge_m3_1024d,zh_char,ROOT-9577,-873.4,-49.8
bge_m3_1024d,zh_char,ROOT-9580,212.14285714285714,-796.2857142857143
bge_m3_1024d,zh_char,ROOT-96B6,1820.5,2435.5
bge_m3_1024d,zh_char,ROOT-96B9,46.206896551724135,422.7931034482759
bge_m3_1024d,zh_char,ROOT-96BA,-619.8,1013.0
bge_m3_1024d,zh_char,ROOT-96BB,-321.3333333333333,2608.1666666666665
bge_m3_1024d,zh_char,ROOT-96E3,-1123.75,-1266.5
bge_m3_1024d,zh_char,ROOT-9700,-781.7272727272727,165.36363636363637
bge_m3_1024d,zh_char,ROOT-9752,-660.5294117647059,-67.47058823529412
bge_m3_1024d,zh_char,ROOT-975E,142.125,397.6666666666667
bge_m3_1024d,zh_char,ROOT-9762,1107.0,3753.0
bge_m3_1024d,zh_char,ROOT-99AC,-411.6,249.0
bge_m3_1024d,zh_char,ROOT-9AD8,86.39393939393939,-143.6060606060606
bge_m3_1024d,zh_char,ROOT-9B32,256.2,2623.6
bge_m3_1024d,zh_char,ROOT-9B3C,-1023.9230769230769,278.0
bge_m3_1024d,zh_char,ROOT-9B5A,438.25,316.75
bge_m3_1024d,zh_char,ROOT-9E7F,-1697.75,168.75
bge_m3_1024d,zh_char,ROOT-9E83,544.0,5521.8
bge_m3_1024d,zh_char,ROOT-9E97,615.5,-424.5
bge_m3_1024d,zh_char,ROOT-9F4A,-265.0,-365.3636363636364
bge_m3_1024d,zh_char,ROOT-9F8D,-868.8333333333334,237.58333333333334
bge_m3_1024d,zh_char,ROOT-9FA0,400.8,3309.6
gte_multilingual_base_768d,cn_def,ROOT-20000,27.5,42.6
gte_multilingual_base_768d,cn_def,ROOT-200A4,543.5,636.0
gte_multilingual_base_768d,cn_def,ROOT-2123C,122.2,415.8
gte_multilingual_base_768d,cn_def,ROOT-219CD,635.8888888888889,579.5555555555555
gte_multilingual_base_768d,cn_def,ROOT-21FE7,-879.5,-1279.75
gte_multilingual_base_768d,cn_def,ROOT-23386,348.25,164.25
gte_multilingual_base_768d,cn_def,ROOT-233DF,97.5,-333.6666666666667
gte_multilingual_base_768d,cn_def,ROOT-2394F,226.1875,199.0625
gte_multilingual_base_768d,cn_def,ROOT-239BC,1039.25,1246.25
gte_multilingual_base_768d,cn_def,ROOT-23A8A,-378.0,-370.4
gte_multilingual_base_768d,cn_def,ROOT-25055,47.25,-54.0
gte_multilingual_base_768d,cn_def,ROOT-271A3,-37.81818181818182,-211.54545454545453
gte_multilingual_base_768d,cn_def,ROOT-27DA0,510.0,293.1666666666667
gte_multilingual_base_768d,cn_def,ROOT-3431,-340.7142857142857,-343.0
gte_multilingual_base_768d,cn_def,ROOT-34BC,-740.25,-669.5
gte_multilingual_base_768d,cn_def,ROOT-34DE,331.375,524.0
gte_multilingual_base_768d,cn_def,ROOT-3563,193.15384615384616,463.53846153846155
gte_multilingual_base_768d,cn_def,ROOT-37A2,561.5,356.5833333333333
gte_multilingual_base_768d,cn_def,ROOT-382F,84.66666666666667,78.2
gte_multilingual_base_768d,cn_def,ROOT-3840,-71.25,75.0
gte_multilingual_base_768d,cn_def,ROOT-39B0,298.4,231.0
gte_multilingual_base_768d,cn_def,ROOT-4020,980.25,926.5
gte_multilingual_base_768d,cn_def,ROOT-41C2,104.93333333333334,20.733333333333334
gte_multilingual_base_768d,cn_def,ROOT-4343,-240.0,-683.75
gte_multilingual_base_768d,cn_def,ROOT-470C,285.90909090909093,290.90909090909093
gte_multilingual_base_768d,cn_def,ROOT-4E00,34.5,-1.25
gte_multilingual_base_768d,cn_def,ROOT-4E01,119.71428571428571,24.642857142857142
gte_multilingual_base_768d,cn_def,ROOT-4E02,-217.0,-522.75
gte_multilingual_base_768d,cn_def,ROOT-4E0D,1010.4,982.0
gte_multilingual_base_768d,cn_def,ROOT-4E11,498.5,863.0
gte_multilingual_base_768d,cn_def,ROOT-4E14,-51.25,-161.75
gte_multilingual_base_768d,cn_def,ROOT-4E29,432.5,306.5
gte_multilingual_base_768d,cn_def,ROOT-4E2D,323.5,282.8333333333333
gte_multilingual_base_768d,cn_def,ROOT-4E30,-108.83333333333333,-28.5
gte_multilingual_base_768d,cn_def,ROOT-4E36,580.5714285714286,792.0
gte_multilingual_base_768d,cn_def,ROOT-4E3F,106.13333333333334,141.4
gte_multilingual_base_768d,cn_def,ROOT-4E43,-145.75,248.75
gte_multilingual_base_768d,cn_def,ROOT-4E47,310.6,70.2
gte_multilingual_base_768d,cn_def,ROOT-4E4D,172.9090909090909,81.18181818181819
gte_multilingual_base_768d,cn_def,ROOT-4E4F,-647.2,-974.4
gte_multilingual_base_768d,cn_def,ROOT-4E59,-551.75,-635.25
gte_multilingual_base_768d,cn_def,ROOT-4E5D,362.85714285714283,551.4285714285714
gte_multilingual_base_768d,cn_def,ROOT-4E5F,-701.5,-746.75
gte_multilingual_base_768d,cn_def,ROOT-4E88,526.5714285714286,1114.7142857142858
gte_multilingual_base_768d,cn_def,ROOT-4E8C,469.85714285714283,348.2857142857143
gte_multilingual_base_768d,cn_def,ROOT-4E8E,-136.4,-290.6
gte_multilingual_base_768d,cn_def,ROOT-4E8F,-142.8,-400.2
gte_multilingual_base_768d,cn_def,ROOT-4E91,230.0,186.8
gte_multilingual_base_768d,cn_def,ROOT-4E94,161.1818181818182,255.8181818181818
gte_multilingual_base_768d,cn_def,ROOT-4E9E,-61.0,-66.0
gte_multilingual_base_768d,cn_def,ROOT-4EA1,-148.0,-141.25
gte_multilingual_base_768d,cn_def,ROOT-4EA2,129.66666666666666,116.11111111111111
gte_multilingual_base_768d,cn_def,ROOT-4EA4,272.8333333333333,300.5
gte_multilingual_base_768d,cn_def,ROOT-4EA5,144.66666666666666,96.41666666666667
gte_multilingual_base_768d,cn_def,ROOT-4EAC,211.14285714285714,205.57142857142858
gte_multilingual_base_768d,cn_def,ROOT-4ECA,301.6190476190476,239.42857142857142
gte_multilingual_base_768d,cn_def,ROOT-4EE4,138.92307692307693,-40.30769230769231
gte_multilingual_base_768d,cn_def,ROOT-4F59,114.28571428571429,258.7142857142857
gte_multilingual_base_768d,cn_def,ROOT-4F96,-94.0,-64.14285714285714
gte_multilingual_base_768d,cn_def,ROOT-5009,-116.5,-138.75
gte_multilingual_base_768d,cn_def,ROOT-501D,-842.4,-727.2
gte_multilingual_base_768d,cn_def,ROOT-50C9,590.4,509.9
gte_multilingual_base_768d,cn_def,ROOT-5143,-271.375,-235.75
gte_multilingual_base_768d,cn_def,ROOT-5146,237.77777777777777,173.11111111111111
gte_multilingual_base_768d,cn_def,ROOT-5149,-96.0,-321.6
gte_multilingual_base_768d,cn_def,ROOT-514D,1525.5,1151.8333333333333
gte_multilingual_base_768d,cn_def,ROOT-5152,-1.5,39.25
gte_multilingual_base_768d,cn_def,ROOT-5165,-603.5,-244.25
gte_multilingual_base_768d,cn_def,ROOT-5168,-121.8,72.6
gte_multilingual_base_768d,cn_def,ROOT-516A,740.3,755.1
gte_multilingual_base_768d,cn_def,ROOT-516C,-73.0,-221.85714285714286
gte_multilingual_base_768d,cn_def,ROOT-5171,614.7142857142857,1076.2857142857142
gte_multilingual_base_768d,cn_def,ROOT-5176,377.1,392.3
gte_multilingual_base_768d,cn_def,ROOT-517C,551.0,845.25
gte_multilingual_base_768d,cn_def,ROOT-5183,367.8,126.0
gte_multilingual_base_768d,cn_def,ROOT-518E,370.6363636363636,449.54545454545456
gte_multilingual_base_768d,cn_def,ROOT-5193,586.8571428571429,722.4285714285714
gte_multilingual_base_768d,cn_def,ROOT-5198,13.333333333333334,-104.5
gte_multilingual_base_768d,cn_def,ROOT-51A5,-172.0,-285.5
gte_multilingual_base_768d,cn_def,ROOT-51E0,-166.0,-131.8
gte_multilingual_base_768d,cn_def,ROOT-51E1,-20.714285714285715,-119.85714285714286
gte_multilingual_base_768d,cn_def,ROOT-51FA,2878.75,3607.0
gte_multilingual_base_768d,cn_def,ROOT-5200,320.38461538461536,297.61538461538464
gte_multilingual_base_768d,cn_def,ROOT-5203,-42.0,67.16666666666667
gte_multilingual_base_768d,cn_def,ROOT-5206,236.07142857142858,274.07142857142856
gte_multilingual_base_768d,cn_def,ROOT-5247,214.25,628.75
gte_multilingual_base_768d,cn_def,ROOT-529B,303.38461538461536,172.84615384615384
gte_multilingual_base_768d,cn_def,ROOT-52F9,85.0,484.6666666666667
gte_multilingual_base_768d,cn_def,ROOT-52FA,597.4285714285714,615.5714285714286
gte_multilingual_base_768d,cn_def,ROOT-52FF,-213.66666666666666,740.0
gte_multilingual_base_768d,cn_def,ROOT-5303,-112.64285714285714,-123.92857142857143
gte_multilingual_base_768d,cn_def,ROOT-5305,-12.76923076923077,56.53846153846154
gte_multilingual_base_768d,cn_def,ROOT-5315,20.375,27.5
gte_multilingual_base_768d,cn_def,ROOT-5340,202.0,-120.53846153846153
gte_multilingual_base_768d,cn_def,ROOT-5348,144.0,214.0
gte_multilingual_base_768d,cn_def,ROOT-5349,-66.75,93.25
gte_multilingual_base_768d,cn_def,ROOT-534A,98.57142857142857,26.285714285714285
gte_multilingual_base_768d,cn_def,ROOT-5351,148.0909090909091,96.18181818181819
gte_multilingual_base_768d,cn_def,ROOT-5352,614.6,739.1
gte_multilingual_base_768d,cn_def,ROOT-5353,965.2,1113.4
gte_multilingual_base_768d,cn_def,ROOT-535C,564.25,545.5
gte_multilingual_base_768d,cn_def,ROOT-5360,288.8333333333333,415.8333333333333
gte_multilingual_base_768d,cn_def,ROOT-5377,266.4,206.0
gte_multilingual_base_768d,cn_def,ROOT-539F,115.25,111.0
gte_multilingual_base_768d,cn_def,ROOT-53B6,243.5625,252.0
gte_multilingual_base_768d,cn_def,ROOT-53B7,66.75,18.25
gte_multilingual_base_768d,cn_def,ROOT-53C3,215.6,306.4
gte_multilingual_base_768d,cn_def,ROOT-53C8,46.92857142857143,85.21428571428571
gte_multilingual_base_768d,cn_def,ROOT-53CA,461.2857142857143,455.57142857142856
gte_multilingual_base_768d,cn_def,ROOT-53CD,-80.6,45.4
gte_multilingual_base_768d,cn_def,ROOT-53D5,279.0,523.25
gte_multilingual_base_768d,cn_def,ROOT-53DA,197.33333333333334,230.66666666666666
gte_multilingual_base_768d,cn_def,ROOT-53E4,94.95833333333333,109.0
gte_multilingual_base_768d,cn_def,ROOT-53F8,366.75,567.5
gte_multilingual_base_768d,cn_def,ROOT-5404,120.70833333333333,253.45833333333334
gte_multilingual_base_768d,cn_def,ROOT-5405,47.5,54.5
gte_multilingual_base_768d,cn_def,ROOT-5408,381.25,562.125
gte_multilingual_base_768d,cn_def,ROOT-5409,79.0,-1.8888888888888888
gte_multilingual_base_768d,cn_def,ROOT-540C,-28.333333333333332,-107.66666666666667
gte_multilingual_base_768d,cn_def,ROOT-544A,356.0,256.75
gte_multilingual_base_768d,cn_def,ROOT-5468,-22.1,25.7
gte_multilingual_base_768d,cn_def,ROOT-54B8,524.0,823.25
gte_multilingual_base_768d,cn_def,ROOT-54E1,594.5,351.25
gte_multilingual_base_768d,cn_def,ROOT-55AE,-125.5,-120.8
gte_multilingual_base_768d,cn_def,ROOT-55BF,1119.6666666666667,551.5
gte_multilingual_base_768d,cn_def,ROOT-56D7,-60.375,-81.25
gte_multilingual_base_768d,cn_def,ROOT-56FA,-112.5,-493.5
gte_multilingual_base_768d,cn_def,ROOT-571F,-52.0,4.4
gte_multilingual_base_768d,cn_def,ROOT-572D,315.25,250.25
gte_multilingual_base_768d,cn_def,ROOT-5807,1081.2,901.2
gte_multilingual_base_768d,cn_def,ROOT-582F,111.0,145.6153846153846
gte_multilingual_base_768d,cn_def,ROOT-58EC,543.5,1132.5
gte_multilingual_base_768d,cn_def,ROOT-58F4,2569.5,2953.0
gte_multilingual_base_768d,cn_def,ROOT-590B,97.22222222222223,172.44444444444446
gte_multilingual_base_768d,cn_def,ROOT-590C,303.25,470.75
gte_multilingual_base_768d,cn_def,ROOT-5917,152.2,316.0
gte_multilingual_base_768d,cn_def,ROOT-591A,1488.25,1953.75
gte_multilingual_base_768d,cn_def,ROOT-5929,-116.25,-396.75
gte_multilingual_base_768d,cn_def,ROOT-592D,-548.75,-833.5
gte_multilingual_base_768d,cn_def,ROOT-592E,87.0,-123.0
gte_multilingual_base_768d,cn_def,ROOT-593E,-78.25,-212.375
gte_multilingual_base_768d,cn_def,ROOT-5950,289.75,230.25
gte_multilingual_base_768d,cn_def,ROOT-5967,-93.5,-70.75
gte_multilingual_base_768d,cn_def,ROOT-5973,283.2142857142857,500.85714285714283
gte_multilingual_base_768d,cn_def,ROOT-5A41,-125.36363636363636,-287.09090909090907
gte_multilingual_base_768d,cn_def,ROOT-5B5A,-463.6,-381.0
gte_multilingual_base_768d,cn_def,ROOT-5B83,-163.85714285714286,-177.71428571428572
gte_multilingual_base_768d,cn_def,ROOT-5B89,-20.75,-20.25
gte_multilingual_base_768d,cn_def,ROOT-5B97,-123.16666666666667,-78.5
gte_multilingual_base_768d,cn_def,ROOT-5B98,168.0,-5.0
gte_multilingual_base_768d,cn_def,ROOT-5BB3,-252.75,-318.25
gte_multilingual_base_768d,cn_def,ROOT-5BCD,-226.8,-56.2
gte_multilingual_base_768d,cn_def,ROOT-5BF8,17.5,109.75
gte_multilingual_base_768d,cn_def,ROOT-5C07,-194.0,-460.5
gte_multilingual_base_768d,cn_def,ROOT-5C08,-393.0,-381.8
gte_multilingual_base_768d,cn_def,ROOT-5C0F,2.411764705882353,0.23529411764705882
gte_multilingual_base_768d,cn_def,ROOT-5C17,-325.375,-538.875
gte_multilingual_base_768d,cn_def,ROOT-5C1A,69.9,121.05
gte_multilingual_base_768d,cn_def,ROOT-5C39,-42.5,-234.0
gte_multilingual_base_768d,cn_def,ROOT-5C4B,111.2,120.2
gte_multilingual_base_768d,cn_def,ROOT-5C6F,247.5,330.6666666666667
gte_multilingual_base_768d,cn_def,ROOT-5C70,241.75,162.25
gte_multilingual_base_768d,cn_def,ROOT-5CA1,-205.0,-159.75
gte_multilingual_base_768d,cn_def,ROOT-5DDD,803.5,1149.75
gte_multilingual_base_768d,cn_def,ROOT-5DE0,-160.85714285714286,-191.42857142857142
gte_multilingual_base_768d,cn_def,ROOT-5DE4,219.25,325.25
gte_multilingual_base_768d,cn_def,ROOT-5DE5,-12.947368421052632,-59.578947368421055
gte_multilingual_base_768d,cn_def,ROOT-5DE8,-253.33333333333334,-169.0
gte_multilingual_base_768d,cn_def,ROOT-5DF1,460.125,439.375
gte_multilingual_base_768d,cn_def,ROOT-5DF4,-105.57142857142857,-154.28571428571428
gte_multilingual_base_768d,cn_def,ROOT-5E0C,1354.0,1387.75
gte_multilingual_base_768d,cn_def,ROOT-5E1D,-465.8,-559.4
gte_multilingual_base_768d,cn_def,ROOT-5E72,1.8125,55.75
gte_multilingual_base_768d,cn_def,ROOT-5E73,261.8333333333333,406.0
gte_multilingual_base_768d,cn_def,ROOT-5E7A,205.66666666666666,160.0
gte_multilingual_base_768d,cn_def,ROOT-5EB6,-74.33333333333333,-155.0
gte_multilingual_base_768d,cn_def,ROOT-5EFA,-418.5,-417.5
gte_multilingual_base_768d,cn_def,ROOT-5F0B,0.3333333333333333,46.083333333333336
gte_multilingual_base_768d,cn_def,ROOT-5F17,441.14285714285717,272.42857142857144
gte_multilingual_base_768d,cn_def,ROOT-5F1F,-21.22222222222222,-108.11111111111111
gte_multilingual_base_768d,cn_def,ROOT-5F54,-14.4,-283.0
gte_multilingual_base_768d,cn_def,ROOT-5F56,190.25,74.75
gte_multilingual_base_768d,cn_def,ROOT-5F9E,444.6,656.2
gte_multilingual_base_768d,cn_def,ROOT-5FC5,111.0,437.6
gte_multilingual_base_768d,cn_def,ROOT-610F,497.75,1077.75
gte_multilingual_base_768d,cn_def,ROOT-620D,-29.333333333333332,-206.33333333333334
gte_multilingual_base_768d,cn_def,ROOT-6211,61.0,32.285714285714285
gte_multilingual_base_768d,cn_def,ROOT-6214,-25.272727272727273,-165.0
gte_multilingual_base_768d,cn_def,ROOT-6216,-344.3333333333333,-275.8333333333333
gte_multilingual_base_768d,cn_def,ROOT-6236,374.6,534.6
gte_multilingual_base_768d,cn_def,ROOT-6241,-255.85714285714286,-100.85714285714286
gte_multilingual_base_768d,cn_def,ROOT-624B,351.2857142857143,234.28571428571428
gte_multilingual_base_768d,cn_def,ROOT-652F,209.9090909090909,160.27272727272728
gte_multilingual_base_768d,cn_def,ROOT-6538,145.3,85.3
gte_multilingual_base_768d,cn_def,ROOT-6544,100.25,166.0
gte_multilingual_base_768d,cn_def,ROOT-656B,876.25,180.0
gte_multilingual_base_768d,cn_def,ROOT-6587,618.0,576.0
gte_multilingual_base_768d,cn_def,ROOT-65A4,725.6153846153846,969.1538461538462
gte_multilingual_base_768d,cn_def,ROOT-65AC,-59.5,107.0
gte_multilingual_base_768d,cn_def,ROOT-65B9,-66.3076923076923,-66.84615384615384
gte_multilingual_base_768d,cn_def,ROOT-65C1,254.5,343.75
gte_multilingual_base_768d,cn_def,ROOT-65E6,-44.23076923076923,-32.30769230769231
gte_multilingual_base_768d,cn_def,ROOT-65E8,57.333333333333336,-58.833333333333336
gte_multilingual_base_768d,cn_def,ROOT-65EC,85.0,210.57142857142858
gte_multilingual_base_768d,cn_def,ROOT-6606,322.2,578.8
gte_multilingual_base_768d,cn_def,ROOT-660C,838.0,378.75
gte_multilingual_base_768d,cn_def,ROOT-6613,183.57142857142858,442.85714285714283
gte_multilingual_base_768d,cn_def,ROOT-661C,-94.7,59.0
gte_multilingual_base_768d,cn_def,ROOT-661F,845.75,738.75
gte_multilingual_base_768d,cn_def,ROOT-662F,319.6666666666667,72.16666666666667
gte_multilingual_base_768d,cn_def,ROOT-66FC,-109.66666666666667,-219.11111111111111
gte_multilingual_base_768d,cn_def,ROOT-66FE,109.875,253.0
gte_multilingual_base_768d,cn_def,ROOT-6701,171.75,216.0
gte_multilingual_base_768d,cn_def,ROOT-6703,124.57142857142857,-29.285714285714285
gte_multilingual_base_768d,cn_def,ROOT-670B,114.6,81.6
gte_multilingual_base_768d,cn_def,ROOT-672A,-158.0,-128.75
gte_multilingual_base_768d,cn_def,ROOT-6731,104.33333333333333,75.88888888888889
gte_multilingual_base_768d,cn_def,ROOT-675F,-518.5,-299.0
gte_multilingual_base_768d,cn_def,ROOT-6771,-491.25,-699.25
gte_multilingual_base_768d,cn_def,ROOT-6797,239.57142857142858,169.0
gte_multilingual_base_768d,cn_def,ROOT-679C,-69.55555555555556,-179.33333333333334
gte_multilingual_base_768d,cn_def,ROOT-67BC,1.8333333333333333,-37.833333333333336
gte_multilingual_base_768d,cn_def,ROOT-67EC,-90.16666666666667,-82.66666666666667
gte_multilingual_base_768d,cn_def,ROOT-6A02,926.25,830.25
gte_multilingual_base_768d,cn_def,ROOT-6B2E,-112.0,-129.4
gte_multilingual_base_768d,cn_def,ROOT-6B63,764.5,223.75
gte_multilingual_base_768d,cn_def,ROOT-6BB8,-557.25,-853.75
gte_multilingual_base_768d,cn_def,ROOT-6BCE,113.28571428571429,533.7142857142857
gte_multilingual_base_768d,cn_def,ROOT-6BD4,-394.75,-482.5
gte_multilingual_base_768d,cn_def,ROOT-6BDA,211.6,209.6
gte_multilingual_base_768d,cn_def,ROOT-6BDB,156.75,84.25
gte_multilingual_base_768d,cn_def,ROOT-6C0F,-112.25,-152.0
gte_multilingual_base_768d,cn_def,ROOT-6C10,45.375,118.75
gte_multilingual_base_768d,cn_def,ROOT-708E,53.2,22.4
gte_multilingual_base_768d,cn_def,ROOT-7097,-279.4166666666667,-138.0
gte_multilingual_base_768d,cn_def,ROOT-722D,419.3333333333333,384.8333333333333
gte_multilingual_base_768d,cn_def,ROOT-7230,-150.85714285714286,-271.57142857142856
gte_multilingual_base_768d,cn_def,ROOT-7236,265.1818181818182,269.0
gte_multilingual_base_768d,cn_def,ROOT-723F,-66.625,77.375
gte_multilingual_base_768d,cn_def,ROOT-7259,279.4,305.0
gte_multilingual_base_768d,cn_def,ROOT-72AE,-113.5,-139.75
gte_multilingual_base_768d,cn_def,ROOT-7384,-47.0,-236.16666666666666
gte_multilingual_base_768d,cn_def,ROOT-74DC,-480.0,-315.25
gte_multilingual_base_768d,cn_def,ROOT-7518,378.2857142857143,564.5714285714286
gte_multilingual_base_768d,cn_def,ROOT-751A,1635.5714285714287,1268.5714285714287
gte_multilingual_base_768d,cn_def,ROOT-751F,91.16666666666667,-103.0
gte_multilingual_base_768d,cn_def,ROOT-7528,20.5,196.42857142857142
gte_multilingual_base_768d,cn_def,ROOT-752B,177.23529411764707,166.47058823529412
gte_multilingual_base_768d,cn_def,ROOT-7531,-138.8181818181818,-57.18181818181818
gte_multilingual_base_768d,cn_def,ROOT-7532,-312.25,-277.875
gte_multilingual_base_768d,cn_def,ROOT-7533,-200.75,-379.75
gte_multilingual_base_768d,cn_def,ROOT-7550,-143.6,-35.6
gte_multilingual_base_768d,cn_def,ROOT-757E,26.75,99.0
gte_multilingual_base_768d,cn_def,ROOT-767D,128.46153846153845,218.53846153846155
gte_multilingual_base_768d,cn_def,ROOT-7686,517.4,1472.8
gte_multilingual_base_768d,cn_def,ROOT-7687,-1225.75,-1248.0
gte_multilingual_base_768d,cn_def,ROOT-76AE,123.41666666666667,89.58333333333333
gte_multilingual_base_768d,cn_def,ROOT-76E3,-32.63636363636363,39.63636363636363
gte_multilingual_base_768d,cn_def,ROOT-76F8,-126.8,485.4
gte_multilingual_base_768d,cn_def,ROOT-77DB,412.8,1024.6
gte_multilingual_base_768d,cn_def,ROOT-77E2,214.2,439.6
gte_multilingual_base_768d,cn_def,ROOT-77F3,-292.5,-376.75
gte_multilingual_base_768d,cn_def,ROOT-79BA,-180.2,-408.6
gte_multilingual_base_768d,cn_def,ROOT-79BB,74.2,21.6
gte_multilingual_base_768d,cn_def,ROOT-79BE,100.22222222222223,24.555555555555557
gte_multilingual_base_768d,cn_def,ROOT-79CB,-242.4,-198.0
gte_multilingual_base_768d,cn_def,ROOT-7ACB,-3.5,-4.333333333333333
gte_multilingual_base_768d,cn_def,ROOT-7AE0,-114.75,-105.25
gte_multilingual_base_768d,cn_def,ROOT-7AE5,16.714285714285715,-15.0
gte_multilingual_base_768d,cn_def,ROOT-7F8A,809.5714285714286,308.7142857142857
gte_multilingual_base_768d,cn_def,ROOT-7FA9,-142.85714285714286,-98.28571428571429
gte_multilingual_base_768d,cn_def,ROOT-7FCF,175.0,496.2
gte_multilingual_base_768d,cn_def,ROOT-7FDF,585.5,554.8333333333334
gte_multilingual_base_768d,cn_def,ROOT-8011,432.7142857142857,759.8571428571429
gte_multilingual_base_768d,cn_def,ROOT-8033,341.6666666666667,839.4444444444445
gte_multilingual_base_768d,cn_def,ROOT-8076,-117.6,80.0
gte_multilingual_base_768d,cn_def,ROOT-807F,254.33333333333334,325.0
gte_multilingual_base_768d,cn_def,ROOT-8099,-227.66666666666666,-389.5
gte_multilingual_base_768d,cn_def,ROOT-81E4,-427.3333333333333,-662.8333333333334
gte_multilingual_base_768d,cn_def,ROOT-81F3,-295.7142857142857,-472.57142857142856
gte_multilingual_base_768d,cn_def,ROOT-81FD,-38.142857142857146,-57.142857142857146
gte_multilingual_base_768d,cn_def,ROOT-8200,351.0,410.0
gte_multilingual_base_768d,cn_def,ROOT-8201,-501.0,-984.25
gte_multilingual_base_768d,cn_def,ROOT-826F,1214.4285714285713,966.2857142857143
gte_multilingual_base_768d,cn_def,ROOT-82BB,28.0,23.75
gte_multilingual_base_768d,cn_def,ROOT-830D,987.75,955.75
gte_multilingual_base_768d,cn_def,ROOT-83AB,112.64285714285714,224.57142857142858
gte_multilingual_base_768d,cn_def,ROOT-83D0,-393.6,-496.0
gte_multilingual_base_768d,cn_def,ROOT-84A6,-186.5,-231.75
gte_multilingual_base_768d,cn_def,ROOT-8700,175.0,406.5
gte_multilingual_base_768d,cn_def,ROOT-8944,-170.875,-200.0
gte_multilingual_base_768d,cn_def,ROOT-898B,-255.2,-350.6
gte_multilingual_base_768d,cn_def,ROOT-8A79,2.3333333333333335,151.33333333333334
gte_multilingual_base_768d,cn_def,ROOT-8C37,112.7,-6.5
gte_multilingual_base_768d,cn_def,ROOT-8C46,348.9,602.3
gte_multilingual_base_768d,cn_def,ROOT-8C48,129.42857142857142,35.285714285714285
gte_multilingual_base_768d,cn_def,ROOT-8C66,153.5,102.5
gte_multilingual_base_768d,cn_def,ROOT-8C9E,-51.75,303.25
gte_multilingual_base_768d,cn_def,ROOT-8CAC,19.8,1.2
gte_multilingual_base_768d,cn_def,ROOT-8CCF,106.85714285714286,71.28571428571429
gte_multilingual_base_768d,cn_def,ROOT-8DB3,881.0,1419.5
gte_multilingual_base_768d,cn_def,ROOT-8ECD,553.7777777777778,476.3333333333333
gte_multilingual_base_768d,cn_def,ROOT-8F9F,-34.90909090909091,-165.72727272727272
gte_multilingual_base_768d,cn_def,ROOT-8FA1,407.0,695.8
gte_multilingual_base_768d,cn_def,ROOT-8FB0,-185.85714285714286,-252.71428571428572
gte_multilingual_base_768d,cn_def,ROOT-8FB1,69.75,83.75
gte_multilingual_base_768d,cn_def,ROOT-9023,8.5,8.25
gte_multilingual_base_768d,cn_def,ROOT-91C6,-80.27272727272727,-340.1818181818182
gte_multilingual_base_768d,cn_def,ROOT-91CC,-72.28571428571429,242.42857142857142
gte_multilingual_base_768d,cn_def,ROOT-9577,384.5,569.3333333333334
gte_multilingual_base_768d,cn_def,ROOT-9580,242.66666666666666,207.66666666666666
gte_multilingual_base_768d,cn_def,ROOT-96B9,153.61111111111111,245.38888888888889
gte_multilingual_base_768d,cn_def,ROOT-9700,90.66666666666667,-138.66666666666666
gte_multilingual_base_768d,cn_def,ROOT-9752,-36.0,-64.91666666666667
gte_multilingual_base_768d,cn_def,ROOT-975E,18.0,62.3125
gte_multilingual_base_768d,cn_def,ROOT-9AD8,57.6,78.6
gte_multilingual_base_768d,cn_def,ROOT-9B3C,84.125,-72.0
gte_multilingual_base_768d,cn_def,ROOT-9E7F,-526.25,-619.25
gte_multilingual_base_768d,cn_def,ROOT-9F4A,54.333333333333336,1.6666666666666667
gte_multilingual_base_768d,cn_def,ROOT-9F8D,416.75,182.75
gte_multilingual_base_768d,en_def_translated_cn_def,ROOT-20000,-13.8,-15.2
gte_multilingual_base_768d,en_def_translated_cn_def,ROOT-200A4,1037.0,852.75
gte_multilingual_base_768d,en_def_translated_cn_def,ROOT-2123C,381.5,395.5
gte_multilingual_base_768d,en_def_translated_cn_def,ROOT-219CD,411.6666666666667,352.6666666666667
gte_multilingual_base_768d,en_def_translated_cn_def,ROOT-21FE7,-668.25,-780.0
gte_multilingual_base_768d,en_def_translated_cn_def,ROOT-23386,420.5,214.0
gte_multilingual_base_768d,en_def_translated_cn_def,ROOT-233DF,-551.1666666666666,-899.5
gte_multilingual_base_768d,en_def_translated_cn_def,ROOT-2394F,-78.3125,29.4375
gte_multilingual_base_768d,en_def_translated_cn_def,ROOT-239BC,168.25,263.5
gte_multilingual_base_768d,en_def_translated_cn_def,ROOT-23A8A,-114.6,84.2
gte_multilingual_base_768d,en_def_translated_cn_def,ROOT-25055,494.75,276.0
gte_multilingual_base_768d,en_def_translated_cn_def,ROOT-271A3,-82.18181818181819,-336.54545454545456
gte_multilingual_base_768d,en_def_translated_cn_def,ROOT-27DA0,1573.1666666666667,1874.3333333333333
gte_multilingual_base_768d,en_def_translated_cn_def,ROOT-3431,-371.0,-474.0
gte_multilingual_base_768d,en_def_translated_cn_def,ROOT-34BC,-338.5,-236.75
gte_multilingual_base_768d,en_def_translated_cn_def,ROOT-34DE,67.25,43.25
gte_multilingual_base_768d,en_def_translated_cn_def,ROOT-3563,445.6923076923077,452.46153846153845
gte_multilingual_base_768d,en_def_translated_cn_def,ROOT-37A2,275.5,283.0833333333333
gte_multilingual_base_768d,en_def_translated_cn_def,ROOT-382F,231.13333333333333,292.73333333333335
gte_multilingual_base_768d,en_def_translated_cn_def,ROOT-3840,486.5,519.75
gte_multilingual_base_768d,en_def_translated_cn_def,ROOT-39B0,61.8,49.2
gte_multilingual_base_768d,en_def_translated_cn_def,ROOT-4020,521.5,299.5
gte_multilingual_base_768d,en_def_translated_cn_def,ROOT-41C2,-37.6,-182.26666666666668
gte_multilingual_base_768d,en_def_translated_cn_def,ROOT-4343,341.5,477.0
gte_multilingual_base_768d,en_def_translated_cn_def,ROOT-470C,180.9090909090909,271.27272727272725
gte_multilingual_base_768d,en_def_translated_cn_def,ROOT-4E00,-101.75,127.75
gte_multilingual_base_768d,en_def_translated_cn_def,ROOT-4E01,361.2142857142857,219.0
gte_multilingual_base_768d,en_def_translated_cn_def,ROOT-4E02,-261.75,-463.0
gte_multilingual_base_768d,en_def_translated_cn_def,ROOT-4E0D,-59.2,-44.2
gte_multilingual_base_768d,en_def_translated_cn_def,ROOT-4E11,699.25,744.0
gte_multilingual_base_768d,en_def_translated_cn_def,ROOT-4E14,-38.8125,-62.1875
gte_multilingual_base_768d,en_def_translated_cn_def,ROOT-4E29,130.0,259.0
gte_multilingual_base_768d,en_def_translated_cn_def,ROOT-4E2D,80.33333333333333,116.16666666666667
gte_multilingual_base_768d,en_def_translated_cn_def,ROOT-4E30,-121.66666666666667,-266.1666666666667
gte_multilingual_base_768d,en_def_translated_cn_def,ROOT-4E36,527.5714285714286,653.7142857142857
gte_multilingual_base_768d,en_def_translated_cn_def,ROOT-4E3F,87.4,67.66666666666667
gte_multilingual_base_768d,en_def_translated_cn_def,ROOT-4E43,380.5,672.0
gte_multilingual_base_768d,en_def_translated_cn_def,ROOT-4E47,241.2,171.4
gte_multilingual_base_768d,en_def_translated_cn_def,ROOT-4E4D,314.8181818181818,380.90909090909093
gte_multilingual_base_768d,en_def_translated_cn_def,ROOT-4E4F,-930.8,-1192.0
gte_multilingual_base_768d,en_def_translated_cn_def,ROOT-4E59,-805.25,-803.0
gte_multilingual_base_768d,en_def_translated_cn_def,ROOT-4E5D,325.42857142857144,367.85714285714283
gte_multilingual_base_768d,en_def_translated_cn_def,ROOT-4E5F,374.5,434.25
gte_multilingual_base_768d,en_def_translated_cn_def,ROOT-4E88,-167.71428571428572,-268.14285714285717
gte_multilingual_base_768d,en_def_translated_cn_def,ROOT-4E8C,220.14285714285714,167.0
gte_multilingual_base_768d,en_def_translated_cn_def,ROOT-4E8E,-164.4,-111.8
gte_multilingual_base_768d,en_def_translated_cn_def,ROOT-4E8F,-188.2,-198.2
gte_multilingual_base_768d,en_def_translated_cn_def,ROOT-4E91,13.4,-136.2
gte_multilingual_base_768d,en_def_translated_cn_def,ROOT-4E94,160.9090909090909,69.36363636363636
gte_multilingual_base_768d,en_def_translated_cn_def,ROOT-4E9E,-358.0,-249.25
gte_multilingual_base_768d,en_def_translated_cn_def,ROOT-4EA1,-297.75,-319.0
gte_multilingual_base_768d,en_def_translated_cn_def,ROOT-4EA2,85.22222222222223,87.77777777777777
gte_multilingual_base_768d,en_def_translated_cn_def,ROOT-4EA4,330.3333333333333,292.1666666666667
gte_multilingual_base_768d,en_def_translated_cn_def,ROOT-4EA5,-87.58333333333333,-78.25
gte_multilingual_base_768d,en_def_translated_cn_def,ROOT-4EAC,-264.14285714285717,-198.85714285714286
gte_multilingual_base_768d,en_def_translated_cn_def,ROOT-4ECA,1.8095238095238095,-6.619047619047619
gte_multilingual_base_768d,en_def_translated_cn_def,ROOT-4EE4,-127.6923076923077,-59.53846153846154
gte_multilingual_base_768d,en_def_translated_cn_def,ROOT-4F59,139.57142857142858,155.85714285714286
gte_multilingual_base_768d,en_def_translated_cn_def,ROOT-4F96,150.85714285714286,13.857142857142858
gte_multilingual_base_768d,en_def_translated_cn_def,ROOT-5009,-57.875,40.625
gte_multilingual_base_768d,en_def_translated_cn_def,ROOT-501D,-900.4,-731.4
gte_multilingual_base_768d,en_def_translated_cn_def,ROOT-50C9,424.0,550.2
gte_multilingual_base_768d,en_def_translated_cn_def,ROOT-5143,3.5,-152.875
gte_multilingual_base_768d,en_def_translated_cn_def,ROOT-5146,-7.555555555555555,218.33333333333334
gte_multilingual_base_768d,en_def_translated_cn_def,ROOT-5149,94.2,164.0
gte_multilingual_base_768d,en_def_translated_cn_def,ROOT-514D,613.0,616.3333333333334
gte_multilingual_base_768d,en_def_translated_cn_def,ROOT-5152,899.5,774.75
gte_multilingual_base_768d,en_def_translated_cn_def,ROOT-5165,-904.5,-883.0
gte_multilingual_base_768d,en_def_translated_cn_def,ROOT-5168,16.6,25.2
gte_multilingual_base_768d,en_def_translated_cn_def,ROOT-516A,19.1,68.9
gte_multilingual_base_768d,en_def_translated_cn_def,ROOT-516C,-478.14285714285717,-464.7142857142857
gte_multilingual_base_768d,en_def_translated_cn_def,ROOT-5171,570.8571428571429,620.8571428571429
gte_multilingual_base_768d,en_def_translated_cn_def,ROOT-5176,847.1,670.3
gte_multilingual_base_768d,en_def_translated_cn_def,ROOT-517C,534.25,646.0
gte_multilingual_base_768d,en_def_translated_cn_def,ROOT-5183,-300.4,-274.8
gte_multilingual_base_768d,en_def_translated_cn_def,ROOT-518E,214.72727272727272,280.0
gte_multilingual_base_768d,en_def_translated_cn_def,ROOT-5193,522.4285714285714,715.0
gte_multilingual_base_768d,en_def_translated_cn_def,ROOT-5198,-465.0,-568.6666666666666
gte_multilingual_base_768d,en_def_translated_cn_def,ROOT-51A5,778.5,177.25
gte_multilingual_base_768d,en_def_translated_cn_def,ROOT-51E0,-25.6,-158.8
gte_multilingual_base_768d,en_def_translated_cn_def,ROOT-51E1,172.28571428571428,211.57142857142858
gte_multilingual_base_768d,en_def_translated_cn_def,ROOT-51FA,2300.75,2568.75
gte_multilingual_base_768d,en_def_translated_cn_def,ROOT-5200,197.0,147.84615384615384
gte_multilingual_base_768d,en_def_translated_cn_def,ROOT-5203,18.833333333333332,43.666666666666664
gte_multilingual_base_768d,en_def_translated_cn_def,ROOT-5206,173.0,194.78571428571428
gte_multilingual_base_768d,en_def_translated_cn_def,ROOT-5247,307.5,783.5
gte_multilingual_base_768d,en_def_translated_cn_def,ROOT-529B,678.7692307692307,778.4615384615385
gte_multilingual_base_768d,en_def_translated_cn_def,ROOT-52F9,-135.55555555555554,-19.666666666666668
gte_multilingual_base_768d,en_def_translated_cn_def,ROOT-52FA,533.5714285714286,400.7142857142857
gte_multilingual_base_768d,en_def_translated_cn_def,ROOT-52FF,88.5,17.833333333333332
gte_multilingual_base_768d,en_def_translated_cn_def,ROOT-5303,-5.642857142857143,51.07142857142857
gte_multilingual_base_768d,en_def_translated_cn_def,ROOT-5305,88.0,56.76923076923077
gte_multilingual_base_768d,en_def_translated_cn_def,ROOT-5315,235.45833333333334,206.625
gte_multilingual_base_768d,en_def_translated_cn_def,ROOT-5340,-76.53846153846153,-169.92307692307693
gte_multilingual_base_768d,en_def_translated_cn_def,ROOT-5348,418.25,499.25
gte_multilingual_base_768d,en_def_translated_cn_def,ROOT-5349,-853.0,-830.75
gte_multilingual_base_768d,en_def_translated_cn_def,ROOT-534A,-382.14285714285717,-419.57142857142856
gte_multilingual_base_768d,en_def_translated_cn_def,ROOT-5351,-69.81818181818181,-91.54545454545455
gte_multilingual_base_768d,en_def_translated_cn_def,ROOT-5352,598.4,672.5
gte_multilingual_base_768d,en_def_translated_cn_def,ROOT-5353,181.8,307.0
gte_multilingual_base_768d,en_def_translated_cn_def,ROOT-535C,-217.0,-399.75
gte_multilingual_base_768d,en_def_translated_cn_def,ROOT-5360,94.16666666666667,102.5
gte_multilingual_base_768d,en_def_translated_cn_def,ROOT-5377,505.8,526.6
gte_multilingual_base_768d,en_def_translated_cn_def,ROOT-539F,-541.25,-688.5
gte_multilingual_base_768d,en_def_translated_cn_def,ROOT-53B6,495.625,550.375
gte_multilingual_base_768d,en_def_translated_cn_def,ROOT-53B7,17.5,66.5
gte_multilingual_base_768d,en_def_translated_cn_def,ROOT-53C3,85.6,163.6
gte_multilingual_base_768d,en_def_translated_cn_def,ROOT-53C8,93.71428571428571,138.57142857142858
gte_multilingual_base_768d,en_def_translated_cn_def,ROOT-53CA,235.71428571428572,323.85714285714283
gte_multilingual_base_768d,en_def_translated_cn_def,ROOT-53CD,184.2,235.6
gte_multilingual_base_768d,en_def_translated_cn_def,ROOT-53D5,-120.5,153.0
gte_multilingual_base_768d,en_def_translated_cn_def,ROOT-53DA,-71.16666666666667,-110.16666666666667
gte_multilingual_base_768d,en_def_translated_cn_def,ROOT-53E4,-70.83333333333333,-37.541666666666664
gte_multilingual_base_768d,en_def_translated_cn_def,ROOT-53F8,-563.25,-662.0
gte_multilingual_base_768d,en_def_translated_cn_def,ROOT-5404,20.208333333333332,57.166666666666664
gte_multilingual_base_768d,en_def_translated_cn_def,ROOT-5405,-40.5,-8.125
gte_multilingual_base_768d,en_def_translated_cn_def,ROOT-5408,321.125,492.8125
gte_multilingual_base_768d,en_def_translated_cn_def,ROOT-5409,11.88888888888889,16.88888888888889
gte_multilingual_base_768d,en_def_translated_cn_def,ROOT-540C,62.166666666666664,29.333333333333332
gte_multilingual_base_768d,en_def_translated_cn_def,ROOT-544A,437.125,239.0
gte_multilingual_base_768d,en_def_translated_cn_def,ROOT-5468,77.1,11.5
gte_multilingual_base_768d,en_def_translated_cn_def,ROOT-54B8,645.125,692.625
gte_multilingual_base_768d,en_def_translated_cn_def,ROOT-54E1,37.75,80.75
gte_multilingual_base_768d,en_def_translated_cn_def,ROOT-55AE,16.3,183.2
gte_multilingual_base_768d,en_def_translated_cn_def,ROOT-55BF,237.66666666666666,330.6666666666667
gte_multilingual_base_768d,en_def_translated_cn_def,ROOT-56D7,668.375,261.875
gte_multilingual_base_768d,en_def_translated_cn_def,ROOT-56FA,-332.5,-365.25
gte_multilingual_base_768d,en_def_translated_cn_def,ROOT-571F,15.4,37.4
gte_multilingual_base_768d,en_def_translated_cn_def,ROOT-572D,-51.25,-7.5625
gte_multilingual_base_768d,en_def_translated_cn_def,ROOT-5807,822.8,699.2
gte_multilingual_base_768d,en_def_translated_cn_def,ROOT-582F,321.0,337.38461538461536
gte_multilingual_base_768d,en_def_translated_cn_def,ROOT-58EC,130.625,235.75
gte_multilingual_base_768d,en_def_translated_cn_def,ROOT-58F4,2419.0,2816.5
gte_multilingual_base_768d,en_def_translated_cn_def,ROOT-590B,-249.77777777777777,-219.0
gte_multilingual_base_768d,en_def_translated_cn_def,ROOT-590C,730.25,929.5
gte_multilingual_base_768d,en_def_translated_cn_def,ROOT-5917,-121.7,-96.8
gte_multilingual_base_768d,en_def_translated_cn_def,ROOT-591A,379.25,708.25
gte_multilingual_base_768d,en_def_translated_cn_def,ROOT-5929,-295.5,-147.5
gte_multilingual_base_768d,en_def_translated_cn_def,ROOT-592D,-241.75,-619.5
gte_multilingual_base_768d,en_def_translated_cn_def,ROOT-592E,-268.3333333333333,-146.11111111111111
gte_multilingual_base_768d,en_def_translated_cn_def,ROOT-593E,33.375,87.25
gte_multilingual_base_768d,en_def_translated_cn_def,ROOT-5950,345.75,420.0
gte_multilingual_base_768d,en_def_translated_cn_def,ROOT-5967,-330.25,-362.25
gte_multilingual_base_768d,en_def_translated_cn_def,ROOT-5973,194.14285714285714,194.21428571428572
gte_multilingual_base_768d,en_def_translated_cn_def,ROOT-5A41,-55.81818181818182,7.363636363636363
gte_multilingual_base_768d,en_def_translated_cn_def,ROOT-5B5A,-487.0,-552.0
gte_multilingual_base_768d,en_def_translated_cn_def,ROOT-5B83,-72.71428571428571,-125.57142857142857
gte_multilingual_base_768d,en_def_translated_cn_def,ROOT-5B89,79.75,62.75
gte_multilingual_base_768d,en_def_translated_cn_def,ROOT-5B97,-418.5,-282.6666666666667
gte_multilingual_base_768d,en_def_translated_cn_def,ROOT-5B98,497.6,539.8
gte_multilingual_base_768d,en_def_translated_cn_def,ROOT-5BB3,-166.5,-304.0
gte_multilingual_base_768d,en_def_translated_cn_def,ROOT-5BCD,33.0,-141.4
gte_multilingual_base_768d,en_def_translated_cn_def,ROOT-5BF8,-5.75,-49.5
gte_multilingual_base_768d,en_def_translated_cn_def,ROOT-5C07,-290.25,-591.25
gte_multilingual_base_768d,en_def_translated_cn_def,ROOT-5C08,-260.0,-360.4
gte_multilingual_base_768d,en_def_translated_cn_def,ROOT-5C0F,-69.70588235294117,-111.82352941176471
gte_multilingual_base_768d,en_def_translated_cn_def,ROOT-5C17,350.375,453.125
gte_multilingual_base_768d,en_def_translated_cn_def,ROOT-5C1A,132.8,234.8
gte_multilingual_base_768d,en_def_translated_cn_def,ROOT-5C39,-368.75,-659.75
gte_multilingual_base_768d,en_def_translated_cn_def,ROOT-5C4B,-146.2,-280.4
gte_multilingual_base_768d,en_def_translated_cn_def,ROOT-5C6F,-305.3333333333333,-292.1666666666667
gte_multilingual_base_768d,en_def_translated_cn_def,ROOT-5C70,590.5,746.5
gte_multilingual_base_768d,en_def_translated_cn_def,ROOT-5CA1,-295.5,-207.25
gte_multilingual_base_768d,en_def_translated_cn_def,ROOT-5DDD,-276.0,-331.75
gte_multilingual_base_768d,en_def_translated_cn_def,ROOT-5DE0,-9.142857142857142,91.0
gte_multilingual_base_768d,en_def_translated_cn_def,ROOT-5DE4,153.25,218.5
gte_multilingual_base_768d,en_def_translated_cn_def,ROOT-5DE5,-95.89473684210526,-71.78947368421052
gte_multilingual_base_768d,en_def_translated_cn_def,ROOT-5DE8,-24.0,-107.5
gte_multilingual_base_768d,en_def_translated_cn_def,ROOT-5DF1,569.25,387.0
gte_multilingual_base_768d,en_def_translated_cn_def,ROOT-5DF4,-104.0,10.857142857142858
gte_multilingual_base_768d,en_def_translated_cn_def,ROOT-5E0C,1153.5,1214.75
gte_multilingual_base_768d,en_def_translated_cn_def,ROOT-5E1D,-918.8,-1023.0
gte_multilingual_base_768d,en_def_translated_cn_def,ROOT-5E72,42.5625,90.0
gte_multilingual_base_768d,en_def_translated_cn_def,ROOT-5E73,701.8333333333334,771.1666666666666
gte_multilingual_base_768d,en_def_translated_cn_def,ROOT-5E7A,359.5,508.5
gte_multilingual_base_768d,en_def_translated_cn_def,ROOT-5EB6,-276.5,-306.0
gte_multilingual_base_768d,en_def_translated_cn_def,ROOT-5EFA,-390.25,-373.75
gte_multilingual_base_768d,en_def_translated_cn_def,ROOT-5F0B,-238.58333333333334,-112.66666666666667
gte_multilingual_base_768d,en_def_translated_cn_def,ROOT-5F17,170.85714285714286,148.85714285714286
gte_multilingual_base_768d,en_def_translated_cn_def,ROOT-5F1F,-112.44444444444444,-118.66666666666667
gte_multilingual_base_768d,en_def_translated_cn_def,ROOT-5F54,-257.0,-138.4
gte_multilingual_base_768d,en_def_translated_cn_def,ROOT-5F56,213.75,182.0
gte_multilingual_base_768d,en_def_translated_cn_def,ROOT-5F9E,39.6,231.6
gte_multilingual_base_768d,en_def_translated_cn_def,ROOT-5FC5,152.6,140.8
gte_multilingual_base_768d,en_def_translated_cn_def,ROOT-610F,560.0,742.5
gte_multilingual_base_768d,en_def_translated_cn_def,ROOT-620D,346.6666666666667,290.5
gte_multilingual_base_768d,en_def_translated_cn_def,ROOT-6211,756.8571428571429,507.42857142857144
gte_multilingual_base_768d,en_def_translated_cn_def,ROOT-6214,-34.09090909090909,-65.9090909090909
gte_multilingual_base_768d,en_def_translated_cn_def,ROOT-6216,-570.8333333333334,-491.0
gte_multilingual_base_768d,en_def_translated_cn_def,ROOT-6236,631.2,759.2
gte_multilingual_base_768d,en_def_translated_cn_def,ROOT-6241,981.4285714285714,1101.0
gte_multilingual_base_768d,en_def_translated_cn_def,ROOT-624B,331.42857142857144,206.85714285714286
gte_multilingual_base_768d,en_def_translated_cn_def,ROOT-652F,275.45454545454544,171.36363636363637
gte_multilingual_base_768d,en_def_translated_cn_def,ROOT-6538,230.2,262.5
gte_multilingual_base_768d,en_def_translated_cn_def,ROOT-6544,169.0,299.25
gte_multilingual_base_768d,en_def_translated_cn_def,ROOT-656B,-304.75,65.25
gte_multilingual_base_768d,en_def_translated_cn_def,ROOT-6587,273.22222222222223,251.22222222222223
gte_multilingual_base_768d,en_def_translated_cn_def,ROOT-65A4,320.7692307692308,341.53846153846155
gte_multilingual_base_768d,en_def_translated_cn_def,ROOT-65AC,363.25,476.75
gte_multilingual_base_768d,en_def_translated_cn_def,ROOT-65B9,-81.53846153846153,-159.6153846153846
gte_multilingual_base_768d,en_def_translated_cn_def,ROOT-65C1,371.75,556.5
gte_multilingual_base_768d,en_def_translated_cn_def,ROOT-65E6,91.38461538461539,213.15384615384616
gte_multilingual_base_768d,en_def_translated_cn_def,ROOT-65E8,-161.0,-120.16666666666667
gte_multilingual_base_768d,en_def_translated_cn_def,ROOT-65EC,-408.2857142857143,-450.7142857142857
gte_multilingual_base_768d,en_def_translated_cn_def,ROOT-6606,442.0,581.8
gte_multilingual_base_768d,en_def_translated_cn_def,ROOT-660C,227.75,237.25
gte_multilingual_base_768d,en_def_translated_cn_def,ROOT-6613,334.85714285714283,439.2857142857143
gte_multilingual_base_768d,en_def_translated_cn_def,ROOT-661C,-173.0,-90.2
gte_multilingual_base_768d,en_def_translated_cn_def,ROOT-661F,79.5,-5.5
gte_multilingual_base_768d,en_def_translated_cn_def,ROOT-662F,-170.5,-227.16666666666666
gte_multilingual_base_768d,en_def_translated_cn_def,ROOT-66FC,63.22222222222222,-11.333333333333334
gte_multilingual_base_768d,en_def_translated_cn_def,ROOT-66FE,227.625,65.25
gte_multilingual_base_768d,en_def_translated_cn_def,ROOT-6701,535.0,472.25
gte_multilingual_base_768d,en_def_translated_cn_def,ROOT-6703,227.57142857142858,336.57142857142856
gte_multilingual_base_768d,en_def_translated_cn_def,ROOT-670B,29.8,8.6
gte_multilingual_base_768d,en_def_translated_cn_def,ROOT-672A,-236.0,-50.75
gte_multilingual_base_768d,en_def_translated_cn_def,ROOT-6731,-121.0,-360.0
gte_multilingual_base_768d,en_def_translated_cn_def,ROOT-675F,-280.5,-174.5
gte_multilingual_base_768d,en_def_translated_cn_def,ROOT-6771,-518.5,-287.5
gte_multilingual_base_768d,en_def_translated_cn_def,ROOT-6797,-12.142857142857142,-112.42857142857143
gte_multilingual_base_768d,en_def_translated_cn_def,ROOT-679C,-178.55555555555554,-167.55555555555554
gte_multilingual_base_768d,en_def_translated_cn_def,ROOT-67BC,318.8333333333333,345.8333333333333
gte_multilingual_base_768d,en_def_translated_cn_def,ROOT-67EC,-91.33333333333333,-132.38888888888889
gte_multilingual_base_768d,en_def_translated_cn_def,ROOT-6A02,-360.5,-823.0
gte_multilingual_base_768d,en_def_translated_cn_def,ROOT-6B2E,-187.0,-297.6
gte_multilingual_base_768d,en_def_translated_cn_def,ROOT-6B63,-364.5,-629.25
gte_multilingual_base_768d,en_def_translated_cn_def,ROOT-6BB8,402.25,487.25
gte_multilingual_base_768d,en_def_translated_cn_def,ROOT-6BCE,204.0,330.85714285714283
gte_multilingual_base_768d,en_def_translated_cn_def,ROOT-6BD4,-418.375,-479.75
gte_multilingual_base_768d,en_def_translated_cn_def,ROOT-6BDA,542.6,465.4
gte_multilingual_base_768d,en_def_translated_cn_def,ROOT-6BDB,265.75,429.0
gte_multilingual_base_768d,en_def_translated_cn_def,ROOT-6C0F,-48.5,-143.0
gte_multilingual_base_768d,en_def_translated_cn_def,ROOT-6C10,-360.75,-260.5
gte_multilingual_base_768d,en_def_translated_cn_def,ROOT-708E,-181.0,-159.8
gte_multilingual_base_768d,en_def_translated_cn_def,ROOT-7097,-452.4166666666667,-497.3333333333333
gte_multilingual_base_768d,en_def_translated_cn_def,ROOT-722D,343.8333333333333,354.1666666666667
gte_multilingual_base_768d,en_def_translated_cn_def,ROOT-7230,-93.0,-171.14285714285714
gte_multilingual_base_768d,en_def_translated_cn_def,ROOT-7236,551.3636363636364,718.0909090909091
gte_multilingual_base_768d,en_def_translated_cn_def,ROOT-723F,-241.25,-475.375
gte_multilingual_base_768d,en_def_translated_cn_def,ROOT-7259,294.0,-92.0
gte_multilingual_base_768d,en_def_translated_cn_def,ROOT-72AE,-102.75,-100.25
gte_multilingual_base_768d,en_def_translated_cn_def,ROOT-7384,236.33333333333334,66.0
gte_multilingual_base_768d,en_def_translated_cn_def,ROOT-74DC,-353.5,-223.5
gte_multilingual_base_768d,en_def_translated_cn_def,ROOT-7518,48.714285714285715,26.857142857142858
gte_multilingual_base_768d,en_def_translated_cn_def,ROOT-751A,1021.0,1130.2857142857142
gte_multilingual_base_768d,en_def_translated_cn_def,ROOT-751F,252.16666666666666,98.33333333333333
gte_multilingual_base_768d,en_def_translated_cn_def,ROOT-7528,96.57142857142857,144.28571428571428
gte_multilingual_base_768d,en_def_translated_cn_def,ROOT-752B,31.470588235294116,59.470588235294116
gte_multilingual_base_768d,en_def_translated_cn_def,ROOT-7531,17.363636363636363,86.18181818181819
gte_multilingual_base_768d,en_def_translated_cn_def,ROOT-7532,-60.625,68.25
gte_multilingual_base_768d,en_def_translated_cn_def,ROOT-7533,-138.0,32.25
gte_multilingual_base_768d,en_def_translated_cn_def,ROOT-7550,-338.4,-312.2
gte_multilingual_base_768d,en_def_translated_cn_def,ROOT-757E,417.25,654.25
gte_multilingual_base_768d,en_def_translated_cn_def,ROOT-767D,218.69230769230768,215.23076923076923
gte_multilingual_base_768d,en_def_translated_cn_def,ROOT-7686,-62.0,-4.0
gte_multilingual_base_768d,en_def_translated_cn_def,ROOT-7687,-109.0,484.75
gte_multilingual_base_768d,en_def_translated_cn_def,ROOT-76AE,68.08333333333333,-13.916666666666666
gte_multilingual_base_768d,en_def_translated_cn_def,ROOT-76E3,176.0,71.63636363636364
gte_multilingual_base_768d,en_def_translated_cn_def,ROOT-76F8,-29.6,-113.8
gte_multilingual_base_768d,en_def_translated_cn_def,ROOT-77DB,675.2,915.2
gte_multilingual_base_768d,en_def_translated_cn_def,ROOT-77E2,544.6,860.4
gte_multilingual_base_768d,en_def_translated_cn_def,ROOT-77F3,-601.0,-656.0
gte_multilingual_base_768d,en_def_translated_cn_def,ROOT-79BA,29.6,-1.0
gte_multilingual_base_768d,en_def_translated_cn_def,ROOT-79BB,-259.0,-334.2
gte_multilingual_base_768d,en_def_translated_cn_def,ROOT-79BE,179.88888888888889,167.66666666666666
gte_multilingual_base_768d,en_def_translated_cn_def,ROOT-79CB,-131.0,-370.6
gte_multilingual_base_768d,en_def_translated_cn_def,ROOT-7ACB,-230.33333333333334,-411.5
gte_multilingual_base_768d,en_def_translated_cn_def,ROOT-7AE0,429.0,217.5
gte_multilingual_base_768d,en_def_translated_cn_def,ROOT-7AE5,98.0,76.71428571428571
gte_multilingual_base_768d,en_def_translated_cn_def,ROOT-7F8A,-256.42857142857144,-99.28571428571429
gte_multilingual_base_768d,en_def_translated_cn_def,ROOT-7FA9,236.85714285714286,139.14285714285714
gte_multilingual_base_768d,en_def_translated_cn_def,ROOT-7FCF,286.0,448.2
gte_multilingual_base_768d,en_def_translated_cn_def,ROOT-7FDF,-217.5,-143.33333333333334
gte_multilingual_base_768d,en_def_translated_cn_def,ROOT-8011,545.1428571428571,944.2857142857143
gte_multilingual_base_768d,en_def_translated_cn_def,ROOT-8033,344.3333333333333,518.0
gte_multilingual_base_768d,en_def_translated_cn_def,ROOT-8076,590.2,560.0
gte_multilingual_base_768d,en_def_translated_cn_def,ROOT-807F,351.5,595.3333333333334
gte_multilingual_base_768d,en_def_translated_cn_def,ROOT-8099,-124.16666666666667,-65.83333333333333
gte_multilingual_base_768d,en_def_translated_cn_def,ROOT-81E4,-78.16666666666667,127.16666666666667
gte_multilingual_base_768d,en_def_translated_cn_def,ROOT-81F3,-288.7142857142857,-412.2857142857143
gte_multilingual_base_768d,en_def_translated_cn_def,ROOT-81FD,-8.428571428571429,-51.42857142857143
gte_multilingual_base_768d,en_def_translated_cn_def,ROOT-8200,203.2,10.0
gte_multilingual_base_768d,en_def_translated_cn_def,ROOT-8201,-21.5,-83.25
gte_multilingual_base_768d,en_def_translated_cn_def,ROOT-826F,188.14285714285714,389.0
gte_multilingual_base_768d,en_def_translated_cn_def,ROOT-82BB,-11.75,-12.25
gte_multilingual_base_768d,en_def_translated_cn_def,ROOT-830D,1422.0,1553.5
gte_multilingual_base_768d,en_def_translated_cn_def,ROOT-83AB,185.71428571428572,231.28571428571428
gte_multilingual_base_768d,en_def_translated_cn_def,ROOT-83D0,-444.4,-486.8
gte_multilingual_base_768d,en_def_translated_cn_def,ROOT-84A6,-51.5,3.75
gte_multilingual_base_768d,en_def_translated_cn_def,ROOT-8700,108.625,120.25
gte_multilingual_base_768d,en_def_translated_cn_def,ROOT-8944,-193.0,-95.75
gte_multilingual_base_768d,en_def_translated_cn_def,ROOT-898B,64.0,80.4
gte_multilingual_base_768d,en_def_translated_cn_def,ROOT-8A79,227.88888888888889,322.3333333333333
gte_multilingual_base_768d,en_def_translated_cn_def,ROOT-8C37,277.4,308.9
gte_multilingual_base_768d,en_def_translated_cn_def,ROOT-8C46,513.3,694.1
gte_multilingual_base_768d,en_def_translated_cn_def,ROOT-8C48,-59.714285714285715,-79.57142857142857
gte_multilingual_base_768d,en_def_translated_cn_def,ROOT-8C66,-516.0,-464.25
gte_multilingual_base_768d,en_def_translated_cn_def,ROOT-8C9E,-41.5,85.75
gte_multilingual_base_768d,en_def_translated_cn_def,ROOT-8CAC,-68.2,-73.6
gte_multilingual_base_768d,en_def_translated_cn_def,ROOT-8CCF,-60.714285714285715,-43.42857142857143
gte_multilingual_base_768d,en_def_translated_cn_def,ROOT-8DB3,342.25,813.0
gte_multilingual_base_768d,en_def_translated_cn_def,ROOT-8ECD,398.3333333333333,527.7777777777778
gte_multilingual_base_768d,en_def_translated_cn_def,ROOT-8F9F,-44.45454545454545,24.636363636363637
gte_multilingual_base_768d,en_def_translated_cn_def,ROOT-8FA1,124.0,220.6
gte_multilingual_base_768d,en_def_translated_cn_def,ROOT-8FB0,-23.285714285714285,71.71428571428571
gte_multilingual_base_768d,en_def_translated_cn_def,ROOT-8FB1,158.25,113.0
gte_multilingual_base_768d,en_def_translated_cn_def,ROOT-9023,-116.25,-139.75
gte_multilingual_base_768d,en_def_translated_cn_def,ROOT-91C6,-190.45454545454547,-223.0909090909091
gte_multilingual_base_768d,en_def_translated_cn_def,ROOT-91CC,-182.28571428571428,-163.57142857142858
gte_multilingual_base_768d,en_def_translated_cn_def,ROOT-9577,1050.5,1128.5
gte_multilingual_base_768d,en_def_translated_cn_def,ROOT-9580,185.16666666666666,112.66666666666667
gte_multilingual_base_768d,en_def_translated_cn_def,ROOT-96B9,193.05555555555554,168.61111111111111
gte_multilingual_base_768d,en_def_translated_cn_def,ROOT-9700,174.0,17.5
gte_multilingual_base_768d,en_def_translated_cn_def,ROOT-9752,225.25,216.83333333333334
gte_multilingual_base_768d,en_def_translated_cn_def,ROOT-975E,-68.5625,-34.5625
gte_multilingual_base_768d,en_def_translated_cn_def,ROOT-9AD8,33.266666666666666,118.0
gte_multilingual_base_768d,en_def_translated_cn_def,ROOT-9B3C,176.75,153.0
gte_multilingual_base_768d,en_def_translated_cn_def,ROOT-9E7F,-967.0,-1266.75
gte_multilingual_base_768d,en_def_translated_cn_def,ROOT-9F4A,175.66666666666666,201.0
gte_multilingual_base_768d,en_def_translated_cn_def,ROOT-9F8D,-253.75,-270.5
gte_multilingual_base_768d,en_gloss_unihan,ROOT-20000,168.42424242424244,106.72727272727273
gte_multilingual_base_768d,en_gloss_unihan,ROOT-20086,-433.4,-298.6
gte_multilingual_base_768d,en_gloss_unihan,ROOT-200A2,535.0,566.75
gte_multilingual_base_768d,en_gloss_unihan,ROOT-200A4,983.5,1456.5
gte_multilingual_base_768d,en_gloss_unihan,ROOT-2010C,1059.25,1264.5
gte_multilingual_base_768d,en_gloss_unihan,ROOT-20509,-797.5,-1081.5
gte_multilingual_base_768d,en_gloss_unihan,ROOT-20A7A,481.8333333333333,671.6666666666666
gte_multilingual_base_768d,en_gloss_unihan,ROOT-2123C,237.8,203.53333333333333
gte_multilingual_base_768d,en_gloss_unihan,ROOT-219CD,259.0,263.09090909090907
gte_multilingual_base_768d,en_gloss_unihan,ROOT-21FE7,586.3333333333334,309.6666666666667
gte_multilingual_base_768d,en_gloss_unihan,ROOT-22398,-134.25,142.0
gte_multilingual_base_768d,en_gloss_unihan,ROOT-23386,440.8333333333333,670.8333333333334
gte_multilingual_base_768d,en_gloss_unihan,ROOT-233DF,-352.0,-180.85714285714286
gte_multilingual_base_768d,en_gloss_unihan,ROOT-2394F,-63.3,131.75
gte_multilingual_base_768d,en_gloss_unihan,ROOT-239BC,1687.5,1583.25
gte_multilingual_base_768d,en_gloss_unihan,ROOT-23A8A,290.57142857142856,279.2857142857143
gte_multilingual_base_768d,en_gloss_unihan,ROOT-23B09,517.0,234.0
gte_multilingual_base_768d,en_gloss_unihan,ROOT-25055,-263.61538461538464,-43.76923076923077
gte_multilingual_base_768d,en_gloss_unihan,ROOT-26407,448.6666666666667,234.0
gte_multilingual_base_768d,en_gloss_unihan,ROOT-271A3,-113.71428571428571,-607.7857142857143
gte_multilingual_base_768d,en_gloss_unihan,ROOT-27DA0,476.1111111111111,763.1111111111111
gte_multilingual_base_768d,en_gloss_unihan,ROOT-3431,83.83333333333333,35.75
gte_multilingual_base_768d,en_gloss_unihan,ROOT-34B8,-125.6,-38.8
gte_multilingual_base_768d,en_gloss_unihan,ROOT-34BC,318.8333333333333,584.3333333333334
gte_multilingual_base_768d,en_gloss_unihan,ROOT-34DE,342.0,415.09090909090907
gte_multilingual_base_768d,en_gloss_unihan,ROOT-3563,-179.26666666666668,231.13333333333333
gte_multilingual_base_768d,en_gloss_unihan,ROOT-37A2,217.25,259.0
gte_multilingual_base_768d,en_gloss_unihan,ROOT-382F,269.8695652173913,408.0
gte_multilingual_base_768d,en_gloss_unihan,ROOT-3840,904.6666666666666,1462.6666666666667
gte_multilingual_base_768d,en_gloss_unihan,ROOT-39B0,-113.88888888888889,-28.22222222222222
gte_multilingual_base_768d,en_gloss_unihan,ROOT-4020,-375.4,-344.4
gte_multilingual_base_768d,en_gloss_unihan,ROOT-41C2,-296.05263157894734,-235.3684210526316
gte_multilingual_base_768d,en_gloss_unihan,ROOT-4343,-206.0,-508.3333333333333
gte_multilingual_base_768d,en_gloss_unihan,ROOT-470C,105.23076923076923,129.15384615384616
gte_multilingual_base_768d,en_gloss_unihan,ROOT-4E00,1719.375,2419.0
gte_multilingual_base_768d,en_gloss_unihan,ROOT-4E01,327.95,587.05
gte_multilingual_base_768d,en_gloss_unihan,ROOT-4E02,-369.4,-170.6
gte_multilingual_base_768d,en_gloss_unihan,ROOT-4E0D,127.6923076923077,-53.46153846153846
gte_multilingual_base_768d,en_gloss_unihan,ROOT-4E11,1551.4285714285713,2695.714285714286
gte_multilingual_base_768d,en_gloss_unihan,ROOT-4E14,367.65384615384613,797.3076923076923
gte_multilingual_base_768d,en_gloss_unihan,ROOT-4E16,944.8,1322.2
gte_multilingual_base_768d,en_gloss_unihan,ROOT-4E29,225.0,628.4
gte_multilingual_base_768d,en_gloss_unihan,ROOT-4E2D,-202.16666666666666,-303.0
gte_multilingual_base_768d,en_gloss_unihan,ROOT-4E30,-347.0,230.25
gte_multilingual_base_768d,en_gloss_unihan,ROOT-4E36,207.0,624.875
gte_multilingual_base_768d,en_gloss_unihan,ROOT-4E38,39.5,275.25
gte_multilingual_base_768d,en_gloss_unihan,ROOT-4E3F,-84.54545454545455,-35.45454545454545
gte_multilingual_base_768d,en_gloss_unihan,ROOT-4E43,382.75,314.5
gte_multilingual_base_768d,en_gloss_unihan,ROOT-4E47,950.2857142857143,1503.142857142857
gte_multilingual_base_768d,en_gloss_unihan,ROOT-4E4D,415.8666666666667,470.2
gte_multilingual_base_768d,en_gloss_unihan,ROOT-4E4F,231.0,898.6
gte_multilingual_base_768d,en_gloss_unihan,ROOT-4E59,330.5,602.5
gte_multilingual_base_768d,en_gloss_unihan,ROOT-4E5D,-17.25,26.0
gte_multilingual_base_768d,en_gloss_unihan,ROOT-4E5F,-741.2222222222222,-261.6666666666667
gte_multilingual_base_768d,en_gloss_unihan,ROOT-4E88,96.77777777777777,205.44444444444446
gte_multilingual_base_768d,en_gloss_unihan,ROOT-4E8C,-422.27272727272725,-280.1818181818182
gte_multilingual_base_768d,en_gloss_unihan,ROOT-4E8E,-288.3333333333333,-3.0
gte_multilingual_base_768d,en_gloss_unihan,ROOT-4E8F,298.5,384.6
gte_multilingual_base_768d,en_gloss_unihan,ROOT-4E91,436.625,386.75
gte_multilingual_base_768d,en_gloss_unihan,ROOT-4E94,-5.714285714285714,-148.57142857142858
gte_multilingual_base_768d,en_gloss_unihan,ROOT-4E9E,-486.4,-216.4
gte_multilingual_base_768d,en_gloss_unihan,ROOT-4EA1,-285.7142857142857,9.428571428571429
gte_multilingual_base_768d,en_gloss_unihan,ROOT-4EA2,266.90909090909093,334.09090909090907
gte_multilingual_base_768d,en_gloss_unihan,ROOT-4EA4,198.89473684210526,-94.36842105263158
gte_multilingual_base_768d,en_gloss_unihan,ROOT-4EA5,151.8,329.3333333333333
gte_multilingual_base_768d,en_gloss_unihan,ROOT-4EAC,171.0,292.7
gte_multilingual_base_768d,en_gloss_unihan,ROOT-4ECA,57.25806451612903,289.2258064516129
gte_multilingual_base_768d,en_gloss_unihan,ROOT-4ECB,-159.0,-89.4
gte_multilingual_base_768d,en_gloss_unihan,ROOT-4EE4,30.444444444444443,173.16666666666666
gte_multilingual_base_768d,en_gloss_unihan,ROOT-4F59,32.785714285714285,-88.92857142857143
gte_multilingual_base_768d,en_gloss_unihan,ROOT-4F86,247.0,-121.66666666666667
gte_multilingual_base_768d,en_gloss_unihan,ROOT-4F96,-547.0,-206.125
gte_multilingual_base_768d,en_gloss_unihan,ROOT-5009,329.90909090909093,384.3636363636364
gte_multilingual_base_768d,en_gloss_unihan,ROOT-501D,-213.5,-220.0
gte_multilingual_base_768d,en_gloss_unihan,ROOT-50C9,-14.6875,-70.25
gte_multilingual_base_768d,en_gloss_unihan,ROOT-5143,-29.066666666666666,-430.3333333333333
gte_multilingual_base_768d,en_gloss_unihan,ROOT-5146,188.1764705882353,422.3529411764706
gte_multilingual_base_768d,en_gloss_unihan,ROOT-5148,466.25,841.75
gte_multilingual_base_768d,en_gloss_unihan,ROOT-5149,152.375,444.875
gte_multilingual_base_768d,en_gloss_unihan,ROOT-514D,1658.5555555555557,2279.6666666666665
gte_multilingual_base_768d,en_gloss_unihan,ROOT-5152,389.6363636363636,423.72727272727275
gte_multilingual_base_768d,en_gloss_unihan,ROOT-5165,-175.33333333333334,-325.5
gte_multilingual_base_768d,en_gloss_unihan,ROOT-5168,525.6666666666666,599.5555555555555
gte_multilingual_base_768d,en_gloss_unihan,ROOT-5169,32.25,18.0
gte_multilingual_base_768d,en_gloss_unihan,ROOT-516A,219.05882352941177,568.3529411764706
gte_multilingual_base_768d,en_gloss_unihan,ROOT-516C,234.63636363636363,-139.45454545454547
gte_multilingual_base_768d,en_gloss_unihan,ROOT-5171,484.375,597.375
gte_multilingual_base_768d,en_gloss_unihan,ROOT-5176,625.0,617.2105263157895
gte_multilingual_base_768d,en_gloss_unihan,ROOT-517C,-619.7857142857143,-546.7142857142857
gte_multilingual_base_768d,en_gloss_unihan,ROOT-5183,-1.6,-8.2
gte_multilingual_base_768d,en_gloss_unihan,ROOT-518B,19.4,120.6
gte_multilingual_base_768d,en_gloss_unihan,ROOT-518E,265.55,170.5
gte_multilingual_base_768d,en_gloss_unihan,ROOT-5193,41.8,537.8
gte_multilingual_base_768d,en_gloss_unihan,ROOT-5198,706.5,975.2
gte_multilingual_base_768d,en_gloss_unihan,ROOT-51A5,1235.857142857143,1063.5714285714287
gte_multilingual_base_768d,en_gloss_unihan,ROOT-51E0,-255.66666666666666,-135.0
gte_multilingual_base_768d,en_gloss_unihan,ROOT-51E1,515.5555555555555,1006.6666666666666
gte_multilingual_base_768d,en_gloss_unihan,ROOT-51FA,306.5,696.8333333333334
gte_multilingual_base_768d,en_gloss_unihan,ROOT-5200,444.59090909090907,604.0454545454545
gte_multilingual_base_768d,en_gloss_unihan,ROOT-5203,251.88888888888889,415.77777777777777
gte_multilingual_base_768d,en_gloss_unihan,ROOT-5206,120.76190476190476,-44.857142857142854
gte_multilingual_base_768d,en_gloss_unihan,ROOT-5247,-830.4,-646.4
gte_multilingual_base_768d,en_gloss_unihan,ROOT-529B,-73.17647058823529,-347.8235294117647
gte_multilingual_base_768d,en_gloss_unihan,ROOT-52F9,334.85714285714283,151.47619047619048
gte_multilingual_base_768d,en_gloss_unihan,ROOT-52FA,179.4,309.3333333333333
gte_multilingual_base_768d,en_gloss_unihan,ROOT-52FF,290.5,302.25
gte_multilingual_base_768d,en_gloss_unihan,ROOT-5303,501.2307692307692,566.1153846153846
gte_multilingual_base_768d,en_gloss_unihan,ROOT-5305,265.2352941176471,361.47058823529414
gte_multilingual_base_768d,en_gloss_unihan,ROOT-530A,-336.6666666666667,-655.3333333333334
gte_multilingual_base_768d,en_gloss_unihan,ROOT-530B,-269.25,888.25
gte_multilingual_base_768d,en_gloss_unihan,ROOT-5315,239.75675675675674,385.9189189189189
gte_multilingual_base_768d,en_gloss_unihan,ROOT-5340,-247.3125,-68.625
gte_multilingual_base_768d,en_gloss_unihan,ROOT-5348,918.75,1256.5
gte_multilingual_base_768d,en_gloss_unihan,ROOT-5349,230.0,372.6666666666667
gte_multilingual_base_768d,en_gloss_unihan,ROOT-534A,125.625,107.0
gte_multilingual_base_768d,en_gloss_unihan,ROOT-5351,-129.22222222222223,-77.61111111111111
gte_multilingual_base_768d,en_gloss_unihan,ROOT-5352,498.375,761.75
gte_multilingual_base_768d,en_gloss_unihan,ROOT-5353,155.66666666666666,578.7777777777778
gte_multilingual_base_768d,en_gloss_unihan,ROOT-535C,949.25,1097.5
gte_multilingual_base_768d,en_gloss_unihan,ROOT-5360,253.76470588235293,489.29411764705884
gte_multilingual_base_768d,en_gloss_unihan,ROOT-5371,1188.1666666666667,1247.8333333333333
gte_multilingual_base_768d,en_gloss_unihan,ROOT-5377,651.1428571428571,1164.857142857143
gte_multilingual_base_768d,en_gloss_unihan,ROOT-539F,-542.2,-171.0
gte_multilingual_base_768d,en_gloss_unihan,ROOT-53B6,160.0,191.85714285714286
gte_multilingual_base_768d,en_gloss_unihan,ROOT-53B7,673.2,907.6
gte_multilingual_base_768d,en_gloss_unihan,ROOT-53BB,165.6,982.6
gte_multilingual_base_768d,en_gloss_unihan,ROOT-53C3,167.0,195.4
gte_multilingual_base_768d,en_gloss_unihan,ROOT-53C8,-63.888888888888886,-192.27777777777777
gte_multilingual_base_768d,en_gloss_unihan,ROOT-53CA,-204.8181818181818,-19.818181818181817
gte_multilingual_base_768d,en_gloss_unihan,ROOT-53CD,-355.0,-269.2857142857143
gte_multilingual_base_768d,en_gloss_unihan,ROOT-53D5,1121.6,1147.1
gte_multilingual_base_768d,en_gloss_unihan,ROOT-53D6,154.22222222222223,255.77777777777777
gte_multilingual_base_768d,en_gloss_unihan,ROOT-53DA,361.54545454545456,231.8181818181818
gte_multilingual_base_768d,en_gloss_unihan,ROOT-53E3,-944.25,-483.25
gte_multilingual_base_768d,en_gloss_unihan,ROOT-53E4,-30.25,152.5625
gte_multilingual_base_768d,en_gloss_unihan,ROOT-53EA,-36.6,-128.2
gte_multilingual_base_768d,en_gloss_unihan,ROOT-53F8,-139.8,-291.0
gte_multilingual_base_768d,en_gloss_unihan,ROOT-5404,-60.6875,-182.09375
gte_multilingual_base_768d,en_gloss_unihan,ROOT-5405,1268.3333333333333,1137.5333333333333
gte_multilingual_base_768d,en_gloss_unihan,ROOT-5408,342.037037037037,347.44444444444446
gte_multilingual_base_768d,en_gloss_unihan,ROOT-5409,253.7058823529412,364.0
gte_multilingual_base_768d,en_gloss_unihan,ROOT-540C,266.375,597.375
gte_multilingual_base_768d,en_gloss_unihan,ROOT-540D,413.5,-500.75
gte_multilingual_base_768d,en_gloss_unihan,ROOT-540E,-289.5,-95.25
gte_multilingual_base_768d,en_gloss_unihan,ROOT-5433,-90.66666666666667,43.333333333333336
gte_multilingual_base_768d,en_gloss_unihan,ROOT-5442,180.8,-113.4
gte_multilingual_base_768d,en_gloss_unihan,ROOT-544A,356.7,381.1
gte_multilingual_base_768d,en_gloss_unihan,ROOT-5468,486.7692307692308,875.8461538461538
gte_multilingual_base_768d,en_gloss_unihan,ROOT-5485,1063.7142857142858,1153.4285714285713
gte_multilingual_base_768d,en_gloss_unihan,ROOT-548E,-66.25,-142.0
gte_multilingual_base_768d,en_gloss_unihan,ROOT-54A2,-414.0,-546.8571428571429
gte_multilingual_base_768d,en_gloss_unihan,ROOT-54B8,924.25,1399.3333333333333
gte_multilingual_base_768d,en_gloss_unihan,ROOT-54E1,102.83333333333333,556.1666666666666
gte_multilingual_base_768d,en_gloss_unihan,ROOT-55AE,204.83333333333334,290.6111111111111
gte_multilingual_base_768d,en_gloss_unihan,ROOT-55BF,447.1666666666667,181.91666666666666
gte_multilingual_base_768d,en_gloss_unihan,ROOT-55C7,-904.0,-800.2
gte_multilingual_base_768d,en_gloss_unihan,ROOT-56D7,75.58333333333333,-458.9166666666667
gte_multilingual_base_768d,en_gloss_unihan,ROOT-56DB,-1060.5,-727.75
gte_multilingual_base_768d,en_gloss_unihan,ROOT-56DE,-435.75,169.75
gte_multilingual_base_768d,en_gloss_unihan,ROOT-56E0,-272.8333333333333,-378.1666666666667
gte_multilingual_base_768d,en_gloss_unihan,ROOT-56FA,572.25,882.0
gte_multilingual_base_768d,en_gloss_unihan,ROOT-571F,-191.8,-633.2
gte_multilingual_base_768d,en_gloss_unihan,ROOT-572D,241.76,412.04
gte_multilingual_base_768d,en_gloss_unihan,ROOT-57F6,807.8,-143.0
gte_multilingual_base_768d,en_gloss_unihan,ROOT-57F7,-510.25,-344.5
gte_multilingual_base_768d,en_gloss_unihan,ROOT-5807,274.2,80.8
gte_multilingual_base_768d,en_gloss_unihan,ROOT-582F,87.61111111111111,241.88888888888889
gte_multilingual_base_768d,en_gloss_unihan,ROOT-58EC,742.3333333333334,1192.888888888889
gte_multilingual_base_768d,en_gloss_unihan,ROOT-58F4,3511.8333333333335,2898.0
gte_multilingual_base_768d,en_gloss_unihan,ROOT-58F9,-710.6666666666666,-882.3333333333334
gte_multilingual_base_768d,en_gloss_unihan,ROOT-58FD,722.8,918.6
gte_multilingual_base_768d,en_gloss_unihan,ROOT-590B,447.73333333333335,542.6666666666666
gte_multilingual_base_768d,en_gloss_unihan,ROOT-590C,356.8333333333333,383.1666666666667
gte_multilingual_base_768d,en_gloss_unihan,ROOT-5917,-276.7692307692308,-100.15384615384616
gte_multilingual_base_768d,en_gloss_unihan,ROOT-591A,410.0,602.4285714285714
gte_multilingual_base_768d,en_gloss_unihan,ROOT-5927,361.25,476.0
gte_multilingual_base_768d,en_gloss_unihan,ROOT-5929,-506.2,-785.8
gte_multilingual_base_768d,en_gloss_unihan,ROOT-592B,172.85714285714286,593.1428571428571
gte_multilingual_base_768d,en_gloss_unihan,ROOT-592C,449.8,642.4
gte_multilingual_base_768d,en_gloss_unihan,ROOT-592D,-747.4,-699.6
gte_multilingual_base_768d,en_gloss_unihan,ROOT-592E,-186.63636363636363,-122.9090909090909
gte_multilingual_base_768d,en_gloss_unihan,ROOT-5937,362.75,198.25
gte_multilingual_base_768d,en_gloss_unihan,ROOT-593E,480.54545454545456,757.2727272727273
gte_multilingual_base_768d,en_gloss_unihan,ROOT-5944,-631.1666666666666,-568.0
gte_multilingual_base_768d,en_gloss_unihan,ROOT-5949,-562.3333333333334,-336.5
gte_multilingual_base_768d,en_gloss_unihan,ROOT-5950,612.25,331.0
gte_multilingual_base_768d,en_gloss_unihan,ROOT-595A,316.3333333333333,504.8333333333333
gte_multilingual_base_768d,en_gloss_unihan,ROOT-5967,-297.2,-127.8
gte_multilingual_base_768d,en_gloss_unihan,ROOT-5973,86.63636363636364,447.95454545454544
gte_multilingual_base_768d,en_gloss_unihan,ROOT-599F,1003.8,1504.2
gte_multilingual_base_768d,en_gloss_unihan,ROOT-59A5,89.0,-149.75
gte_multilingual_base_768d,en_gloss_unihan,ROOT-59BB,926.6,745.8
gte_multilingual_base_768d,en_gloss_unihan,ROOT-59BE,29.25,-73.0
gte_multilingual_base_768d,en_gloss_unihan,ROOT-5A41,252.75,24.0625
gte_multilingual_base_768d,en_gloss_unihan,ROOT-5B5A,310.6363636363636,188.45454545454547
gte_multilingual_base_768d,en_gloss_unihan,ROOT-5B81,23.0,-64.2
gte_multilingual_base_768d,en_gloss_unihan,ROOT-5B83,344.0,681.5555555555555
gte_multilingual_base_768d,en_gloss_unihan,ROOT-5B89,-165.16666666666666,-188.33333333333334
gte_multilingual_base_768d,en_gloss_unihan,ROOT-5B97,212.75,95.125
gte_multilingual_base_768d,en_gloss_unihan,ROOT-5B98,361.7142857142857,701.8571428571429
gte_multilingual_base_768d,en_gloss_unihan,ROOT-5B9A,-1507.25,-713.25
gte_multilingual_base_768d,en_gloss_unihan,ROOT-5BA3,327.8,641.8
gte_multilingual_base_768d,en_gloss_unihan,ROOT-5BB3,241.33333333333334,362.8333333333333
gte_multilingual_base_768d,en_gloss_unihan,ROOT-5BC5,267.0,518.0
gte_multilingual_base_768d,en_gloss_unihan,ROOT-5BCD,-352.0,-356.5
gte_multilingual_base_768d,en_gloss_unihan,ROOT-5BF8,-51.2,-211.4
gte_multilingual_base_768d,en_gloss_unihan,ROOT-5BFD,-633.0,-304.25
gte_multilingual_base_768d,en_gloss_unihan,ROOT-5C07,-1106.2,-939.6
gte_multilingual_base_768d,en_gloss_unihan,ROOT-5C08,627.5384615384615,763.9230769230769
gte_multilingual_base_768d,en_gloss_unihan,ROOT-5C09,513.4,322.6
gte_multilingual_base_768d,en_gloss_unihan,ROOT-5C0A,1361.5,1465.3333333333333
gte_multilingual_base_768d,en_gloss_unihan,ROOT-5C0F,102.15,157.85
gte_multilingual_base_768d,en_gloss_unihan,ROOT-5C17,108.75,52.25
gte_multilingual_base_768d,en_gloss_unihan,ROOT-5C1A,-144.82608695652175,-188.34782608695653
gte_multilingual_base_768d,en_gloss_unihan,ROOT-5C1E,-589.5,-162.66666666666666
gte_multilingual_base_768d,en_gloss_unihan,ROOT-5C28,1106.75,1301.0
gte_multilingual_base_768d,en_gloss_unihan,ROOT-5C39,-36.857142857142854,481.2857142857143
gte_multilingual_base_768d,en_gloss_unihan,ROOT-5C4B,-3.1666666666666665,108.0
gte_multilingual_base_768d,en_gloss_unihan,ROOT-5C6F,420.1111111111111,461.0
gte_multilingual_base_768d,en_gloss_unihan,ROOT-5C70,539.25,1003.75
gte_multilingual_base_768d,en_gloss_unihan,ROOT-5CA1,787.2,985.4
gte_multilingual_base_768d,en_gloss_unihan,ROOT-5DC2,271.25,96.5
gte_multilingual_base_768d,en_gloss_unihan,ROOT-5DDD,1810.8,2224.4
gte_multilingual_base_768d,en_gloss_unihan,ROOT-5DE0,144.23076923076923,-50.92307692307692
gte_multilingual_base_768d,en_gloss_unihan,ROOT-5DE4,288.8,577.8
gte_multilingual_base_768d,en_gloss_unihan,ROOT-5DE5,-159.45833333333334,-234.45833333333334
gte_multilingual_base_768d,en_gloss_unihan,ROOT-5DE8,67.4,-40.3
gte_multilingual_base_768d,en_gloss_unihan,ROOT-5DF1,407.8,398.5
gte_multilingual_base_768d,en_gloss_unihan,ROOT-5DF3,608.0,690.75
gte_multilingual_base_768d,en_gloss_unihan,ROOT-5DF4,-2.8461538461538463,-24.0
gte_multilingual_base_768d,en_gloss_unihan,ROOT-5E0C,430.75,984.125
gte_multilingual_base_768d,en_gloss_unihan,ROOT-5E1D,176.28571428571428,389.57142857142856
gte_multilingual_base_768d,en_gloss_unihan,ROOT-5E72,214.5,161.8846153846154
gte_multilingual_base_768d,en_gloss_unihan,ROOT-5E73,-13.555555555555555,92.55555555555556
gte_multilingual_base_768d,en_gloss_unihan,ROOT-5E7A,333.6666666666667,561.5
gte_multilingual_base_768d,en_gloss_unihan,ROOT-5E9A,-811.25,-827.75
gte_multilingual_base_768d,en_gloss_unihan,ROOT-5EB6,-314.14285714285717,-145.28571428571428
gte_multilingual_base_768d,en_gloss_unihan,ROOT-5EFA,692.0,685.0
gte_multilingual_base_768d,en_gloss_unihan,ROOT-5F0B,144.78571428571428,77.85714285714286
gte_multilingual_base_768d,en_gloss_unihan,ROOT-5F15,947.75,239.0
gte_multilingual_base_768d,en_gloss_unihan,ROOT-5F17,-144.5,84.91666666666667
gte_multilingual_base_768d,en_gloss_unihan,ROOT-5F1F,251.3,345.9
gte_multilingual_base_768d,en_gloss_unihan,ROOT-5F31,-845.0,-473.5
gte_multilingual_base_768d,en_gloss_unihan,ROOT-5F54,-500.57142857142856,-855.8571428571429
gte_multilingual_base_768d,en_gloss_unihan,ROOT-5F56,559.1428571428571,502.14285714285717
gte_multilingual_base_768d,en_gloss_unihan,ROOT-5F57,1582.75,2009.25
gte_multilingual_base_768d,en_gloss_unihan,ROOT-5F9E,661.1428571428571,793.0
gte_multilingual_base_768d,en_gloss_unihan,ROOT-5FC5,1290.090909090909,1797.4545454545455
gte_multilingual_base_768d,en_gloss_unihan,ROOT-601D,562.4,74.8
gte_multilingual_base_768d,en_gloss_unihan,ROOT-60A4,-208.2,160.4
gte_multilingual_base_768d,en_gloss_unihan,ROOT-610F,-410.6,-494.4
gte_multilingual_base_768d,en_gloss_unihan,ROOT-620D,455.42857142857144,929.7142857142857
gte_multilingual_base_768d,en_gloss_unihan,ROOT-6211,94.77777777777777,239.88888888888889
gte_multilingual_base_768d,en_gloss_unihan,ROOT-6214,492.8,720.6666666666666
gte_multilingual_base_768d,en_gloss_unihan,ROOT-6216,349.3076923076923,229.6153846153846
gte_multilingual_base_768d,en_gloss_unihan,ROOT-6236,788.2,1336.0
gte_multilingual_base_768d,en_gloss_unihan,ROOT-6241,53.92307692307692,154.53846153846155
gte_multilingual_base_768d,en_gloss_unihan,ROOT-624B,449.6666666666667,652.9166666666666
gte_multilingual_base_768d,en_gloss_unihan,ROOT-624D,-41.4,92.4
gte_multilingual_base_768d,en_gloss_unihan,ROOT-652F,533.1428571428571,477.42857142857144
gte_multilingual_base_768d,en_gloss_unihan,ROOT-6538,499.6666666666667,663.5833333333334
gte_multilingual_base_768d,en_gloss_unihan,ROOT-6544,324.8888888888889,298.6666666666667
gte_multilingual_base_768d,en_gloss_unihan,ROOT-6556,1985.5,2576.5
gte_multilingual_base_768d,en_gloss_unihan,ROOT-656B,755.0,1356.1666666666667
gte_multilingual_base_768d,en_gloss_unihan,ROOT-6587,1065.6666666666667,568.0
gte_multilingual_base_768d,en_gloss_unihan,ROOT-65A4,714.5,770.25
gte_multilingual_base_768d,en_gloss_unihan,ROOT-65AC,453.7142857142857,382.7142857142857
gte_multilingual_base_768d,en_gloss_unihan,ROOT-65B9,-12.647058823529411,162.58823529411765
gte_multilingual_base_768d,en_gloss_unihan,ROOT-65C1,469.6,854.4
gte_multilingual_base_768d,en_gloss_unihan,ROOT-65CF,-927.8,-685.4
gte_multilingual_base_768d,en_gloss_unihan,ROOT-65E6,463.45454545454544,610.6818181818181
gte_multilingual_base_768d,en_gloss_unihan,ROOT-65E8,23.4,130.7
gte_multilingual_base_768d,en_gloss_unihan,ROOT-65EC,-33.76923076923077,77.0
gte_multilingual_base_768d,en_gloss_unihan,ROOT-6606,67.11111111111111,239.11111111111111
gte_multilingual_base_768d,en_gloss_unihan,ROOT-660C,1033.1666666666667,880.8333333333334
gte_multilingual_base_768d,en_gloss_unihan,ROOT-660F,-105.25,-282.25
gte_multilingual_base_768d,en_gloss_unihan,ROOT-6613,21.142857142857142,396.14285714285717
gte_multilingual_base_768d,en_gloss_unihan,ROOT-6614,1254.0,1407.75
gte_multilingual_base_768d,en_gloss_unihan,ROOT-661C,257.89473684210526,419.05263157894734
gte_multilingual_base_768d,en_gloss_unihan,ROOT-661F,58.25,-553.75
gte_multilingual_base_768d,en_gloss_unihan,ROOT-662F,-1.7333333333333334,106.6
gte_multilingual_base_768d,en_gloss_unihan,ROOT-66FC,767.3333333333334,988.3333333333334
gte_multilingual_base_768d,en_gloss_unihan,ROOT-66FE,-396.44444444444446,-406.22222222222223
gte_multilingual_base_768d,en_gloss_unihan,ROOT-6701,632.3333333333334,798.8333333333334
gte_multilingual_base_768d,en_gloss_unihan,ROOT-6703,-132.1,8.5
gte_multilingual_base_768d,en_gloss_unihan,ROOT-670B,389.55555555555554,476.44444444444446
gte_multilingual_base_768d,en_gloss_unihan,ROOT-672A,-288.0,-28.0
gte_multilingual_base_768d,en_gloss_unihan,ROOT-672B,-1178.1666666666667,-1123.6666666666667
gte_multilingual_base_768d,en_gloss_unihan,ROOT-672E,10.0,-201.4
gte_multilingual_base_768d,en_gloss_unihan,ROOT-6731,-66.36363636363636,-443.3636363636364
gte_multilingual_base_768d,en_gloss_unihan,ROOT-675F,534.6666666666666,309.6666666666667
gte_multilingual_base_768d,en_gloss_unihan,ROOT-6771,844.5,969.0
gte_multilingual_base_768d,en_gloss_unihan,ROOT-6797,652.7777777777778,739.7777777777778
gte_multilingual_base_768d,en_gloss_unihan,ROOT-679C,156.83333333333334,325.5833333333333
gte_multilingual_base_768d,en_gloss_unihan,ROOT-67BC,356.72727272727275,249.27272727272728
gte_multilingual_base_768d,en_gloss_unihan,ROOT-67D0,-751.6,-903.8
gte_multilingual_base_768d,en_gloss_unihan,ROOT-67EC,185.32,276.4
gte_multilingual_base_768d,en_gloss_unihan,ROOT-6A02,385.625,-33.375
gte_multilingual_base_768d,en_gloss_unihan,ROOT-6B2E,-43.5,-1.75
gte_multilingual_base_768d,en_gloss_unihan,ROOT-6B62,112.75,-301.75
gte_multilingual_base_768d,en_gloss_unihan,ROOT-6B63,-1165.0,-2086.5
gte_multilingual_base_768d,en_gloss_unihan,ROOT-6BB5,1.0,7.75
gte_multilingual_base_768d,en_gloss_unihan,ROOT-6BB8,-357.8,-358.0
gte_multilingual_base_768d,en_gloss_unihan,ROOT-6BB9,1001.2,1703.4
gte_multilingual_base_768d,en_gloss_unihan,ROOT-6BCE,720.375,612.5
gte_multilingual_base_768d,en_gloss_unihan,ROOT-6BD4,295.27272727272725,404.3636363636364
gte_multilingual_base_768d,en_gloss_unihan,ROOT-6BDA,596.875,1137.125
gte_multilingual_base_768d,en_gloss_unihan,ROOT-6BDB,918.3333333333334,1343.8333333333333
gte_multilingual_base_768d,en_gloss_unihan,ROOT-6C0F,1127.5,883.1666666666666
gte_multilingual_base_768d,en_gloss_unihan,ROOT-6C10,457.53333333333336,503.53333333333336
gte_multilingual_base_768d,en_gloss_unihan,ROOT-6C14,1273.25,1389.25
gte_multilingual_base_768d,en_gloss_unihan,ROOT-6C42,882.0,1033.0
gte_multilingual_base_768d,en_gloss_unihan,ROOT-6C99,-155.75,-143.75
gte_multilingual_base_768d,en_gloss_unihan,ROOT-708E,-176.0,-223.15384615384616
gte_multilingual_base_768d,en_gloss_unihan,ROOT-7097,-145.64285714285714,-164.14285714285714
gte_multilingual_base_768d,en_gloss_unihan,ROOT-7121,866.75,1245.0
gte_multilingual_base_768d,en_gloss_unihan,ROOT-7126,13.142857142857142,325.2857142857143
gte_multilingual_base_768d,en_gloss_unihan,ROOT-718F,-90.8,-89.2
gte_multilingual_base_768d,en_gloss_unihan,ROOT-71D5,254.75,347.75
gte_multilingual_base_768d,en_gloss_unihan,ROOT-722D,-572.0,-329.1666666666667
gte_multilingual_base_768d,en_gloss_unihan,ROOT-7230,484.72727272727275,562.5454545454545
gte_multilingual_base_768d,en_gloss_unihan,ROOT-7236,177.41176470588235,199.47058823529412
gte_multilingual_base_768d,en_gloss_unihan,ROOT-723B,3227.0,3806.0
gte_multilingual_base_768d,en_gloss_unihan,ROOT-723E,514.0,1441.5
gte_multilingual_base_768d,en_gloss_unihan,ROOT-723F,-495.0769230769231,-609.5384615384615
gte_multilingual_base_768d,en_gloss_unihan,ROOT-7259,-266.6666666666667,-398.3333333333333
gte_multilingual_base_768d,en_gloss_unihan,ROOT-72AE,581.8181818181819,920.7272727272727
gte_multilingual_base_768d,en_gloss_unihan,ROOT-7312,87.0,-6.6
gte_multilingual_base_768d,en_gloss_unihan,ROOT-7384,1056.0,1111.875
gte_multilingual_base_768d,en_gloss_unihan,ROOT-74DC,169.88888888888889,-47.111111111111114
gte_multilingual_base_768d,en_gloss_unihan,ROOT-7518,1629.5555555555557,1097.0
gte_multilingual_base_768d,en_gloss_unihan,ROOT-751A,165.9090909090909,288.8181818181818
gte_multilingual_base_768d,en_gloss_unihan,ROOT-751F,-550.2857142857143,-520.2857142857143
gte_multilingual_base_768d,en_gloss_unihan,ROOT-7528,188.375,209.125
gte_multilingual_base_768d,en_gloss_unihan,ROOT-752B,423.0357142857143,489.5357142857143
gte_multilingual_base_768d,en_gloss_unihan,ROOT-7531,193.33333333333334,257.6
gte_multilingual_base_768d,en_gloss_unihan,ROOT-7532,-272.25,-391.375
gte_multilingual_base_768d,en_gloss_unihan,ROOT-7533,263.6,670.4
gte_multilingual_base_768d,en_gloss_unihan,ROOT-7539,1112.25,1553.0
gte_multilingual_base_768d,en_gloss_unihan,ROOT-754F,-801.25,-579.25
gte_multilingual_base_768d,en_gloss_unihan,ROOT-7550,-146.55555555555554,-153.88888888888889
gte_multilingual_base_768d,en_gloss_unihan,ROOT-757A,716.75,698.25
gte_multilingual_base_768d,en_gloss_unihan,ROOT-757E,1567.6,1724.8
gte_multilingual_base_768d,en_gloss_unihan,ROOT-758B,-310.85714285714283,-12.571428571428571
gte_multilingual_base_768d,en_gloss_unihan,ROOT-758C,831.25,795.125
gte_multilingual_base_768d,en_gloss_unihan,ROOT-7591,-378.8,-446.6
gte_multilingual_base_768d,en_gloss_unihan,ROOT-7678,-12.75,-12.5
gte_multilingual_base_768d,en_gloss_unihan,ROOT-767D,332.2142857142857,302.0
gte_multilingual_base_768d,en_gloss_unihan,ROOT-7686,526.125,175.25
gte_multilingual_base_768d,en_gloss_unihan,ROOT-7687,654.4,-212.2
gte_multilingual_base_768d,en_gloss_unihan,ROOT-76AE,186.35294117647058,426.47058823529414
gte_multilingual_base_768d,en_gloss_unihan,ROOT-76CA,-600.8333333333334,-548.1666666666666
gte_multilingual_base_768d,en_gloss_unihan,ROOT-76E1,1605.0,991.75
gte_multilingual_base_768d,en_gloss_unihan,ROOT-76E3,-217.25,-32.583333333333336
gte_multilingual_base_768d,en_gloss_unihan,ROOT-76F4,625.25,951.5
gte_multilingual_base_768d,en_gloss_unihan,ROOT-76F8,-620.8333333333334,-1033.0
gte_multilingual_base_768d,en_gloss_unihan,ROOT-7714,165.0,510.0
gte_multilingual_base_768d,en_gloss_unihan,ROOT-771E,680.8333333333334,1146.5
gte_multilingual_base_768d,en_gloss_unihan,ROOT-7758,-781.75,-799.5
gte_multilingual_base_768d,en_gloss_unihan,ROOT-776A,58.5,-33.166666666666664
gte_multilingual_base_768d,en_gloss_unihan,ROOT-77DB,-76.45454545454545,177.1818181818182
gte_multilingual_base_768d,en_gloss_unihan,ROOT-77DE,310.0,225.75
gte_multilingual_base_768d,en_gloss_unihan,ROOT-77E2,801.5,986.8333333333334
gte_multilingual_base_768d,en_gloss_unihan,ROOT-77F3,-74.625,-13.125
gte_multilingual_base_768d,en_gloss_unihan,ROOT-79B9,-8.25,-10.5
gte_multilingual_base_768d,en_gloss_unihan,ROOT-79BA,16.625,53.0
gte_multilingual_base_768d,en_gloss_unihan,ROOT-79BB,80.75,20.666666666666668
gte_multilingual_base_768d,en_gloss_unihan,ROOT-79BE,116.76923076923077,386.15384615384613
gte_multilingual_base_768d,en_gloss_unihan,ROOT-79CB,-471.57142857142856,-705.7142857142857
gte_multilingual_base_768d,en_gloss_unihan,ROOT-79E6,-107.0,-440.75
gte_multilingual_base_768d,en_gloss_unihan,ROOT-7ACB,-313.75,-72.25
gte_multilingual_base_768d,en_gloss_unihan,ROOT-7AE0,415.6,-223.2
gte_multilingual_base_768d,en_gloss_unihan,ROOT-7AE5,-181.8181818181818,-466.72727272727275
gte_multilingual_base_768d,en_gloss_unihan,ROOT-7F8A,-91.33333333333333,173.33333333333334
gte_multilingual_base_768d,en_gloss_unihan,ROOT-7FA9,521.8888888888889,590.6666666666666
gte_multilingual_base_768d,en_gloss_unihan,ROOT-7FCF,419.0625,483.0
gte_multilingual_base_768d,en_gloss_unihan,ROOT-7FD2,-60.333333333333336,-754.0
gte_multilingual_base_768d,en_gloss_unihan,ROOT-7FDF,155.5,5.125
gte_multilingual_base_768d,en_gloss_unihan,ROOT-800C,556.2857142857143,792.8571428571429
gte_multilingual_base_768d,en_gloss_unihan,ROOT-8011,-148.85714285714286,-764.2857142857143
gte_multilingual_base_768d,en_gloss_unihan,ROOT-8033,983.0666666666667,1233.8666666666666
gte_multilingual_base_768d,en_gloss_unihan,ROOT-8076,916.8571428571429,1079.7142857142858
gte_multilingual_base_768d,en_gloss_unihan,ROOT-807F,-413.27272727272725,-489.8181818181818
gte_multilingual_base_768d,en_gloss_unihan,ROOT-8099,-56.083333333333336,-23.25
gte_multilingual_base_768d,en_gloss_unihan,ROOT-81E4,458.42857142857144,1087.857142857143
gte_multilingual_base_768d,en_gloss_unihan,ROOT-81F3,388.7857142857143,198.78571428571428
gte_multilingual_base_768d,en_gloss_unihan,ROOT-81FD,307.27272727272725,677.2727272727273
gte_multilingual_base_768d,en_gloss_unihan,ROOT-81FE,169.4,-5.0
gte_multilingual_base_768d,en_gloss_unihan,ROOT-8200,-594.3333333333334,-434.3333333333333
gte_multilingual_base_768d,en_gloss_unihan,ROOT-8201,53.142857142857146,101.57142857142857
gte_multilingual_base_768d,en_gloss_unihan,ROOT-822C,1123.6666666666667,1123.5
gte_multilingual_base_768d,en_gloss_unihan,ROOT-826F,-44.833333333333336,93.83333333333333
gte_multilingual_base_768d,en_gloss_unihan,ROOT-82BB,835.5,871.3333333333334
gte_multilingual_base_768d,en_gloss_unihan,ROOT-82E5,-225.83333333333334,-213.66666666666666
gte_multilingual_base_768d,en_gloss_unihan,ROOT-830D,1242.5,1499.5
gte_multilingual_base_768d,en_gloss_unihan,ROOT-83AB,46.4375,27.1875
gte_multilingual_base_768d,en_gloss_unihan,ROOT-83D0,-857.8333333333334,-1272.6666666666667
gte_multilingual_base_768d,en_gloss_unihan,ROOT-842C,1055.142857142857,1205.0
gte_multilingual_base_768d,en_gloss_unihan,ROOT-8499,380.42857142857144,86.14285714285714
gte_multilingual_base_768d,en_gloss_unihan,ROOT-84A6,437.0,591.5
gte_multilingual_base_768d,en_gloss_unihan,ROOT-8511,-32.25,-412.75
gte_multilingual_base_768d,en_gloss_unihan,ROOT-8700,-219.30769230769232,-397.46153846153845
gte_multilingual_base_768d,en_gloss_unihan,ROOT-8881,-649.4,-788.4
gte_multilingual_base_768d,en_gloss_unihan,ROOT-8944,141.75,150.25
gte_multilingual_base_768d,en_gloss_unihan,ROOT-898B,803.7,558.9
gte_multilingual_base_768d,en_gloss_unihan,ROOT-89D2,-1358.0,-1252.6
gte_multilingual_base_768d,en_gloss_unihan,ROOT-89E3,-483.25,-215.0
gte_multilingual_base_768d,en_gloss_unihan,ROOT-8A79,336.5,502.5833333333333
gte_multilingual_base_768d,en_gloss_unihan,ROOT-8C37,51.23076923076923,201.6153846153846
gte_multilingual_base_768d,en_gloss_unihan,ROOT-8C46,499.5,502.5
gte_multilingual_base_768d,en_gloss_unihan,ROOT-8C48,390.6666666666667,609.5
gte_multilingual_base_768d,en_gloss_unihan,ROOT-8C56,25.25,100.75
gte_multilingual_base_768d,en_gloss_unihan,ROOT-8C66,-324.125,-302.25
gte_multilingual_base_768d,en_gloss_unihan,ROOT-8C9E,-40.166666666666664,-235.66666666666666
gte_multilingual_base_768d,en_gloss_unihan,ROOT-8CAC,625.8571428571429,406.0
gte_multilingual_base_768d,en_gloss_unihan,ROOT-8CCF,852.8571428571429,1486.5714285714287
gte_multilingual_base_768d,en_gloss_unihan,ROOT-8D0A,1273.3333333333333,1398.6666666666667
gte_multilingual_base_768d,en_gloss_unihan,ROOT-8DB3,-32.75,203.0
gte_multilingual_base_768d,en_gloss_unihan,ROOT-8ECD,191.8,313.2
gte_multilingual_base_768d,en_gloss_unihan,ROOT-8F9F,180.7058823529412,125.11764705882354
gte_multilingual_base_768d,en_gloss_unihan,ROOT-8FA1,538.6,623.4
gte_multilingual_base_768d,en_gloss_unihan,ROOT-8FB0,670.4444444444445,852.8888888888889
gte_multilingual_base_768d,en_gloss_unihan,ROOT-8FB1,707.6666666666666,1885.6666666666667
gte_multilingual_base_768d,en_gloss_unihan,ROOT-9023,-413.6,-571.8
gte_multilingual_base_768d,en_gloss_unihan,ROOT-9091,431.25,435.0
gte_multilingual_base_768d,en_gloss_unihan,ROOT-9109,-25.0,86.66666666666667
gte_multilingual_base_768d,en_gloss_unihan,ROOT-914B,-190.57142857142858,-310.2857142857143
gte_multilingual_base_768d,en_gloss_unihan,ROOT-91C6,142.55555555555554,579.6111111111111
gte_multilingual_base_768d,en_gloss_unihan,ROOT-91CC,428.27272727272725,671.5454545454545
gte_multilingual_base_768d,en_gloss_unihan,ROOT-9577,-424.5,-376.4
gte_multilingual_base_768d,en_gloss_unihan,ROOT-9580,384.42857142857144,269.2857142857143
gte_multilingual_base_768d,en_gloss_unihan,ROOT-96B9,167.53846153846155,9.384615384615385
gte_multilingual_base_768d,en_gloss_unihan,ROOT-96BA,-374.5,-238.5
gte_multilingual_base_768d,en_gloss_unihan,ROOT-96BB,-388.4,-1101.2
gte_multilingual_base_768d,en_gloss_unihan,ROOT-96E3,918.25,1287.25
gte_multilingual_base_768d,en_gloss_unihan,ROOT-9700,305.54545454545456,324.27272727272725
gte_multilingual_base_768d,en_gloss_unihan,ROOT-9752,717.875,876.25
gte_multilingual_base_768d,en_gloss_unihan,ROOT-975E,-24.714285714285715,42.61904761904762
gte_multilingual_base_768d,en_gloss_unihan,ROOT-99AC,-2185.0,-2935.25
gte_multilingual_base_768d,en_gloss_unihan,ROOT-9AD8,258.93333333333334,74.2
gte_multilingual_base_768d,en_gloss_unihan,ROOT-9B3C,515.2727272727273,411.3636363636364
gte_multilingual_base_768d,en_gloss_unihan,ROOT-9B5A,152.5,1059.25
gte_multilingual_base_768d,en_gloss_unihan,ROOT-9E7F,-863.75,-1003.5
gte_multilingual_base_768d,en_gloss_unihan,ROOT-9E83,-714.0,-600.0
gte_multilingual_base_768d,en_gloss_unihan,ROOT-9E97,-240.83333333333334,-300.1666666666667
gte_multilingual_base_768d,en_gloss_unihan,ROOT-9F4A,-143.3,6.3
gte_multilingual_base_768d,en_gloss_unihan,ROOT-9F8D,-258.1818181818182,-371.3636363636364
gte_multilingual_base_768d,en_gloss_unihan,ROOT-9FA0,240.4,377.8
gte_multilingual_base_768d,zh_char,ROOT-20000,-346.6857142857143,-180.42857142857142
gte_multilingual_base_768d,zh_char,ROOT-20086,-535.0,2063.875
gte_multilingual_base_768d,zh_char,ROOT-20094,-1107.75,1809.5
gte_multilingual_base_768d,zh_char,ROOT-200A2,-776.4,-1765.4
gte_multilingual_base_768d,zh_char,ROOT-200A4,2445.0,1221.25
gte_multilingual_base_768d,zh_char,ROOT-2010C,-1004.5,3486.6666666666665
gte_multilingual_base_768d,zh_char,ROOT-20509,-1997.8333333333333,-157.33333333333334
gte_multilingual_base_768d,zh_char,ROOT-20A7A,-1731.5,2251.5
gte_multilingual_base_768d,zh_char,ROOT-2123C,-280.3125,1307.8125
gte_multilingual_base_768d,zh_char,ROOT-219CD,499.3636363636364,922.5454545454545
gte_multilingual_base_768d,zh_char,ROOT-21FE7,-158.83333333333334,-1514.8333333333333
gte_multilingual_base_768d,zh_char,ROOT-22398,578.75,822.5
gte_multilingual_base_768d,zh_char,ROOT-2274A,248.5,2190.25
gte_multilingual_base_768d,zh_char,ROOT-23386,707.8333333333334,683.0
gte_multilingual_base_768d,zh_char,ROOT-233DF,-1046.3333333333333,145.33333333333334
gte_multilingual_base_768d,zh_char,ROOT-2394F,-711.2916666666666,53.208333333333336
gte_multilingual_base_768d,zh_char,ROOT-239BC,112.75,335.75
gte_multilingual_base_768d,zh_char,ROOT-23A8A,-1110.6666666666667,1218.888888888889
gte_multilingual_base_768d,zh_char,ROOT-23B09,-222.6,-522.4
gte_multilingual_base_768d,zh_char,ROOT-25055,-141.92307692307693,1213.076923076923
gte_multilingual_base_768d,zh_char,ROOT-26407,89.66666666666667,1563.6666666666667
gte_multilingual_base_768d,zh_char,ROOT-271A3,-337.5,-0.9285714285714286
gte_multilingual_base_768d,zh_char,ROOT-27DA0,-195.27272727272728,1190.909090909091
gte_multilingual_base_768d,zh_char,ROOT-3431,-1186.8333333333333,1959.75
gte_multilingual_base_768d,zh_char,ROOT-34B8,-338.4,787.6
gte_multilingual_base_768d,zh_char,ROOT-34BC,490.5,27.125
gte_multilingual_base_768d,zh_char,ROOT-34DE,-1172.75,974.8333333333334
gte_multilingual_base_768d,zh_char,ROOT-3563,-101.33333333333333,156.77777777777777
gte_multilingual_base_768d,zh_char,ROOT-3687,223.5,4011.75
gte_multilingual_base_768d,zh_char,ROOT-37A2,-22.941176470588236,567.8823529411765
gte_multilingual_base_768d,zh_char,ROOT-382F,-791.5384615384615,941.8461538461538
gte_multilingual_base_768d,zh_char,ROOT-3840,453.90909090909093,1420.6363636363637
gte_multilingual_base_768d,zh_char,ROOT-39B0,305.54545454545456,905.3636363636364
gte_multilingual_base_768d,zh_char,ROOT-4020,-1251.857142857143,445.57142857142856
gte_multilingual_base_768d,zh_char,ROOT-41C2,-1599.3,265.35
gte_multilingual_base_768d,zh_char,ROOT-4343,68.71428571428571,1238.2857142857142
gte_multilingual_base_768d,zh_char,ROOT-4588,-896.6666666666666,1522.0
gte_multilingual_base_768d,zh_char,ROOT-470C,690.0769230769231,846.8461538461538
gte_multilingual_base_768d,zh_char,ROOT-4E00,-1349.625,2232.75
gte_multilingual_base_768d,zh_char,ROOT-4E01,-572.5238095238095,-36.714285714285715
gte_multilingual_base_768d,zh_char,ROOT-4E02,250.4,32.0
gte_multilingual_base_768d,zh_char,ROOT-4E0D,503.7857142857143,1496.7142857142858
gte_multilingual_base_768d,zh_char,ROOT-4E11,452.875,975.5
gte_multilingual_base_768d,zh_char,ROOT-4E14,-599.4814814814815,-32.51851851851852
gte_multilingual_base_768d,zh_char,ROOT-4E16,247.25,2396.625
gte_multilingual_base_768d,zh_char,ROOT-4E1E,-449.25,-1883.25
gte_multilingual_base_768d,zh_char,ROOT-4E29,268.85714285714283,492.57142857142856
gte_multilingual_base_768d,zh_char,ROOT-4E2D,270.1666666666667,460.8333333333333
gte_multilingual_base_768d,zh_char,ROOT-4E30,-1433.75,107.5
gte_multilingual_base_768d,zh_char,ROOT-4E36,1052.375,828.0
gte_multilingual_base_768d,zh_char,ROOT-4E38,1300.8,5594.8
gte_multilingual_base_768d,zh_char,ROOT-4E3F,-1170.625,215.95833333333334
gte_multilingual_base_768d,zh_char,ROOT-4E43,-1989.5,-1718.75
gte_multilingual_base_768d,zh_char,ROOT-4E47,183.5,565.7
gte_multilingual_base_768d,zh_char,ROOT-4E4D,-744.875,-79.8125
gte_multilingual_base_768d,zh_char,ROOT-4E4F,-1060.0,-2220.4
gte_multilingual_base_768d,zh_char,ROOT-4E59,3243.0,886.75
gte_multilingual_base_768d,zh_char,ROOT-4E5D,-822.3333333333334,18.166666666666668
gte_multilingual_base_768d,zh_char,ROOT-4E5F,-1036.6,893.0
gte_multilingual_base_768d,zh_char,ROOT-4E88,-277.8888888888889,-579.0
gte_multilingual_base_768d,zh_char,ROOT-4E8C,-1135.857142857143,46.142857142857146
gte_multilingual_base_768d,zh_char,ROOT-4E8E,-2085.6666666666665,51.166666666666664
gte_multilingual_base_768d,zh_char,ROOT-4E8F,-299.90909090909093,2783.090909090909
gte_multilingual_base_768d,zh_char,ROOT-4E91,-1089.6666666666667,88.66666666666667
gte_multilingual_base_768d,zh_char,ROOT-4E94,-402.6666666666667,179.46666666666667
gte_multilingual_base_768d,zh_char,ROOT-4E9E,615.1666666666666,1338.0
gte_multilingual_base_768d,zh_char,ROOT-4EA1,-662.8571428571429,-1465.2857142857142
gte_multilingual_base_768d,zh_char,ROOT-4EA2,-638.8333333333334,-220.58333333333334
gte_multilingual_base_768d,zh_char,ROOT-4EA4,-231.78947368421052,-385.42105263157896
gte_multilingual_base_768d,zh_char,ROOT-4EA5,-1116.8,146.13333333333333
gte_multilingual_base_768d,zh_char,ROOT-4EAC,-1188.6,711.3
gte_multilingual_base_768d,zh_char,ROOT-4ECA,-548.375,779.975
gte_multilingual_base_768d,zh_char,ROOT-4ECB,-1978.3333333333333,-1127.8333333333333
gte_multilingual_base_768d,zh_char,ROOT-4EE4,1106.2222222222222,146.0
gte_multilingual_base_768d,zh_char,ROOT-4F59,104.3529411764706,-113.76470588235294
gte_multilingual_base_768d,zh_char,ROOT-4F86,997.1666666666666,288.8333333333333
gte_multilingual_base_768d,zh_char,ROOT-4F96,531.6,785.8
gte_multilingual_base_768d,zh_char,ROOT-5009,454.1818181818182,729.8181818181819
gte_multilingual_base_768d,zh_char,ROOT-501D,-442.42857142857144,422.85714285714283
gte_multilingual_base_768d,zh_char,ROOT-50C9,148.1578947368421,-206.47368421052633
gte_multilingual_base_768d,zh_char,ROOT-5143,-269.0,-1268.8823529411766
gte_multilingual_base_768d,zh_char,ROOT-5146,-1083.5555555555557,-509.8888888888889
gte_multilingual_base_768d,zh_char,ROOT-5148,-433.375,2476.75
gte_multilingual_base_768d,zh_char,ROOT-5149,-1265.625,-534.875
gte_multilingual_base_768d,zh_char,ROOT-514D,-379.90909090909093,2973.090909090909
gte_multilingual_base_768d,zh_char,ROOT-5152,-822.3846153846154,2272.6153846153848
gte_multilingual_base_768d,zh_char,ROOT-5165,226.0,-850.6666666666666
gte_multilingual_base_768d,zh_char,ROOT-5168,87.0,-203.33333333333334
gte_multilingual_base_768d,zh_char,ROOT-5169,163.75,-935.75
gte_multilingual_base_768d,zh_char,ROOT-516A,-380.70588235294116,925.7058823529412
gte_multilingual_base_768d,zh_char,ROOT-516B,329.6,271.6
gte_multilingual_base_768d,zh_char,ROOT-516C,741.8333333333334,-161.08333333333334
gte_multilingual_base_768d,zh_char,ROOT-5171,-235.1818181818182,148.36363636363637
gte_multilingual_base_768d,zh_char,ROOT-5176,-627.75,214.65
gte_multilingual_base_768d,zh_char,ROOT-517C,-881.8823529411765,1409.7058823529412
gte_multilingual_base_768d,zh_char,ROOT-5183,-1526.1666666666667,323.8333333333333
gte_multilingual_base_768d,zh_char,ROOT-518B,499.6,3184.8
gte_multilingual_base_768d,zh_char,ROOT-518E,-577.9545454545455,832.7272727272727
gte_multilingual_base_768d,zh_char,ROOT-5193,630.2,642.4
gte_multilingual_base_768d,zh_char,ROOT-5198,-501.9,105.7
gte_multilingual_base_768d,zh_char,ROOT-51A5,220.3,3276.8
gte_multilingual_base_768d,zh_char,ROOT-51E0,39.166666666666664,10.166666666666666
gte_multilingual_base_768d,zh_char,ROOT-51E1,539.5,196.5
gte_multilingual_base_768d,zh_char,ROOT-51FA,396.125,362.125
gte_multilingual_base_768d,zh_char,ROOT-5200,-354.72,70.92
gte_multilingual_base_768d,zh_char,ROOT-5203,-250.88888888888889,-293.44444444444446
gte_multilingual_base_768d,zh_char,ROOT-5206,-579.4782608695652,587.3913043478261
gte_multilingual_base_768d,zh_char,ROOT-5247,345.0,-932.2
gte_multilingual_base_768d,zh_char,ROOT-529B,-198.21052631578948,560.0526315789474
gte_multilingual_base_768d,zh_char,ROOT-52A6,-648.75,-847.75
gte_multilingual_base_768d,zh_char,ROOT-52F9,-144.64,852.04
gte_multilingual_base_768d,zh_char,ROOT-52FA,-383.70588235294116,-87.05882352941177
gte_multilingual_base_768d,zh_char,ROOT-52FB,-100.8,-59.2
gte_multilingual_base_768d,zh_char,ROOT-52FF,-1252.3333333333333,-1370.7777777777778
gte_multilingual_base_768d,zh_char,ROOT-5303,-741.5714285714286,17.392857142857142
gte_multilingual_base_768d,zh_char,ROOT-5305,-862.0555555555555,393.6666666666667
gte_multilingual_base_768d,zh_char,ROOT-530A,-348.2857142857143,735.5714285714286
gte_multilingual_base_768d,zh_char,ROOT-530B,-937.4,103.6
gte_multilingual_base_768d,zh_char,ROOT-5315,-621.3421052631579,-373.57894736842104
gte_multilingual_base_768d,zh_char,ROOT-5340,-530.2777777777778,183.11111111111111
gte_multilingual_base_768d,zh_char,ROOT-5348,1428.5,74.75
gte_multilingual_base_768d,zh_char,ROOT-5349,-563.3571428571429,2304.1428571428573
gte_multilingual_base_768d,zh_char,ROOT-534A,709.625,-10.125
gte_multilingual_base_768d,zh_char,ROOT-5351,-1099.2380952380952,1299.4285714285713
gte_multilingual_base_768d,zh_char,ROOT-5352,-393.4117647058824,185.88235294117646
gte_multilingual_base_768d,zh_char,ROOT-5353,-224.45454545454547,-807.9090909090909
gte_multilingual_base_768d,zh_char,ROOT-535C,3164.0,204.75
gte_multilingual_base_768d,zh_char,ROOT-5360,-1112.1,483.35
gte_multilingual_base_768d,zh_char,ROOT-5371,-344.8888888888889,1514.111111111111
gte_multilingual_base_768d,zh_char,ROOT-5377,61.0,219.14285714285714
gte_multilingual_base_768d,zh_char,ROOT-5378,259.0,614.25
gte_multilingual_base_768d,zh_char,ROOT-539F,-2146.5714285714284,46.142857142857146
gte_multilingual_base_768d,zh_char,ROOT-53B6,10.666666666666666,297.42857142857144
gte_multilingual_base_768d,zh_char,ROOT-53B7,-374.0,20.8
gte_multilingual_base_768d,zh_char,ROOT-53BB,-774.5,1662.3333333333333
gte_multilingual_base_768d,zh_char,ROOT-53C3,335.7,1981.6
gte_multilingual_base_768d,zh_char,ROOT-53C8,384.0,377.5
gte_multilingual_base_768d,zh_char,ROOT-53CA,-765.5,-5.916666666666667
gte_multilingual_base_768d,zh_char,ROOT-53CD,-1377.625,-11.125
gte_multilingual_base_768d,zh_char,ROOT-53D5,-646.9166666666666,1749.75
gte_multilingual_base_768d,zh_char,ROOT-53D6,-718.9166666666666,2894.0
gte_multilingual_base_768d,zh_char,ROOT-53DA,-278.2857142857143,333.5
gte_multilingual_base_768d,zh_char,ROOT-53E3,-2839.5,-74.25
gte_multilingual_base_768d,zh_char,ROOT-53E4,-1111.5294117647059,41.029411764705884
gte_multilingual_base_768d,zh_char,ROOT-53EA,-1014.4,3140.6
gte_multilingual_base_768d,zh_char,ROOT-53F8,2166.2,-122.4
gte_multilingual_base_768d,zh_char,ROOT-5404,-574.4,334.8285714285714
gte_multilingual_base_768d,zh_char,ROOT-5405,-942.4375,447.0625
gte_multilingual_base_768d,zh_char,ROOT-5408,34.84848484848485,268.5151515151515
gte_multilingual_base_768d,zh_char,ROOT-5409,-205.57894736842104,537.578947368421
gte_multilingual_base_768d,zh_char,ROOT-540C,-97.44444444444444,-748.6666666666666
gte_multilingual_base_768d,zh_char,ROOT-540D,-389.0,-607.75
gte_multilingual_base_768d,zh_char,ROOT-540E,-1021.4,-284.8
gte_multilingual_base_768d,zh_char,ROOT-5433,86.16666666666667,824.3333333333334
gte_multilingual_base_768d,zh_char,ROOT-5442,52.0,-1098.6
gte_multilingual_base_768d,zh_char,ROOT-544A,-613.2,-592.8
gte_multilingual_base_768d,zh_char,ROOT-5468,-674.4666666666667,464.0
gte_multilingual_base_768d,zh_char,ROOT-5485,-8.571428571428571,-1275.857142857143
gte_multilingual_base_768d,zh_char,ROOT-548E,-405.2857142857143,3800.8571428571427
gte_multilingual_base_768d,zh_char,ROOT-54A2,-809.8571428571429,740.8571428571429
gte_multilingual_base_768d,zh_char,ROOT-54B8,-576.3571428571429,15.785714285714286
gte_multilingual_base_768d,zh_char,ROOT-54E1,-411.2857142857143,426.57142857142856
gte_multilingual_base_768d,zh_char,ROOT-55AE,-196.4090909090909,1471.8181818181818
gte_multilingual_base_768d,zh_char,ROOT-55BF,-2017.0666666666666,322.8666666666667
gte_multilingual_base_768d,zh_char,ROOT-55C7,-4.333333333333333,3586.3333333333335
gte_multilingual_base_768d,zh_char,ROOT-56D7,148.08333333333334,334.4166666666667
gte_multilingual_base_768d,zh_char,ROOT-56DB,72.25,2609.25
gte_multilingual_base_768d,zh_char,ROOT-56DE,4835.25,896.0
gte_multilingual_base_768d,zh_char,ROOT-56E0,-748.4285714285714,-4.571428571428571
gte_multilingual_base_768d,zh_char,ROOT-56FA,705.8,1021.2
gte_multilingual_base_768d,zh_char,ROOT-571F,1079.4,-72.6
gte_multilingual_base_768d,zh_char,ROOT-572D,-1360.4642857142858,459.7142857142857
gte_multilingual_base_768d,zh_char,ROOT-57F6,241.0,1521.1666666666667
gte_multilingual_base_768d,zh_char,ROOT-57F7,-297.5,-2678.5
gte_multilingual_base_768d,zh_char,ROOT-5807,-1760.7142857142858,-308.7142857142857
gte_multilingual_base_768d,zh_char,ROOT-582F,10.227272727272727,1586.3636363636363
gte_multilingual_base_768d,zh_char,ROOT-58EC,-570.4444444444445,-8.555555555555555
gte_multilingual_base_768d,zh_char,ROOT-58F4,504.3333333333333,379.8333333333333
gte_multilingual_base_768d,zh_char,ROOT-58F9,-914.3333333333334,161.0
gte_multilingual_base_768d,zh_char,ROOT-58FD,560.0,-616.8
gte_multilingual_base_768d,zh_char,ROOT-590B,-25.470588235294116,260.2352941176471
gte_multilingual_base_768d,zh_char,ROOT-590C,583.1666666666666,754.5
gte_multilingual_base_768d,zh_char,ROOT-5917,-114.15384615384616,-568.4615384615385
gte_multilingual_base_768d,zh_char,ROOT-591A,97.0,1476.5
gte_multilingual_base_768d,zh_char,ROOT-5927,-662.8333333333334,3661.1666666666665
gte_multilingual_base_768d,zh_char,ROOT-5929,-2132.0,-1151.2
gte_multilingual_base_768d,zh_char,ROOT-592B,-822.5,857.25
gte_multilingual_base_768d,zh_char,ROOT-592C,-921.8333333333334,1876.8333333333333
gte_multilingual_base_768d,zh_char,ROOT-592D,-611.0,-610.0
gte_multilingual_base_768d,zh_char,ROOT-592E,-1829.4615384615386,-131.92307692307693
gte_multilingual_base_768d,zh_char,ROOT-5937,-747.6,1630.4
gte_multilingual_base_768d,zh_char,ROOT-593E,402.5,430.0
gte_multilingual_base_768d,zh_char,ROOT-5944,-783.7142857142857,2876.714285714286
gte_multilingual_base_768d,zh_char,ROOT-5949,281.1666666666667,-1442.1666666666667
gte_multilingual_base_768d,zh_char,ROOT-5950,3953.0,1152.75
gte_multilingual_base_768d,zh_char,ROOT-595A,-540.5555555555555,1317.888888888889
gte_multilingual_base_768d,zh_char,ROOT-5967,-303.0,-1544.6
gte_multilingual_base_768d,zh_char,ROOT-5973,-821.9565217391304,654.0434782608696
gte_multilingual_base_768d,zh_char,ROOT-599F,-417.2857142857143,761.8571428571429
gte_multilingual_base_768d,zh_char,ROOT-59A5,61.75,-2892.25
gte_multilingual_base_768d,zh_char,ROOT-59BB,-876.8333333333334,-959.8333333333334
gte_multilingual_base_768d,zh_char,ROOT-59BE,-29.4,386.8
gte_multilingual_base_768d,zh_char,ROOT-5A41,-155.41176470588235,-130.23529411764707
gte_multilingual_base_768d,zh_char,ROOT-5B5A,-842.5384615384615,1085.0
gte_multilingual_base_768d,zh_char,ROOT-5B81,-144.5,-399.6666666666667
gte_multilingual_base_768d,zh_char,ROOT-5B83,-2125.9,-423.5
gte_multilingual_base_768d,zh_char,ROOT-5B89,19.333333333333332,591.3333333333334
gte_multilingual_base_768d,zh_char,ROOT-5B97,-2004.625,132.125
gte_multilingual_base_768d,zh_char,ROOT-5B98,76.8,-620.3
gte_multilingual_base_768d,zh_char,ROOT-5B9A,-193.5,-121.5
gte_multilingual_base_768d,zh_char,ROOT-5BA3,-90.6,425.8
gte_multilingual_base_768d,zh_char,ROOT-5BB3,-829.3333333333334,577.1666666666666
gte_multilingual_base_768d,zh_char,ROOT-5BC5,362.6666666666667,3624.3333333333335
gte_multilingual_base_768d,zh_char,ROOT-5BCD,-613.8333333333334,548.0
gte_multilingual_base_768d,zh_char,ROOT-5BF8,-2357.8,-128.6
gte_multilingual_base_768d,zh_char,ROOT-5BFD,-2097.8,2103.0
gte_multilingual_base_768d,zh_char,ROOT-5C07,4776.4,1180.8
gte_multilingual_base_768d,zh_char,ROOT-5C08,30.2,3018.6666666666665
gte_multilingual_base_768d,zh_char,ROOT-5C09,-1526.6,-1402.0
gte_multilingual_base_768d,zh_char,ROOT-5C0A,-1166.4444444444443,155.77777777777777
gte_multilingual_base_768d,zh_char,ROOT-5C0F,-139.38095238095238,311.3333333333333
gte_multilingual_base_768d,zh_char,ROOT-5C17,258.5,164.07142857142858
gte_multilingual_base_768d,zh_char,ROOT-5C1A,-196.26923076923077,80.3076923076923
gte_multilingual_base_768d,zh_char,ROOT-5C1E,-675.1428571428571,2378.8571428571427
gte_multilingual_base_768d,zh_char,ROOT-5C28,309.0,5468.0
gte_multilingual_base_768d,zh_char,ROOT-5C39,241.1,-306.6
gte_multilingual_base_768d,zh_char,ROOT-5C4B,-677.1666666666666,450.3333333333333
gte_multilingual_base_768d,zh_char,ROOT-5C6F,-1022.6666666666666,-1164.4444444444443
gte_multilingual_base_768d,zh_char,ROOT-5C70,-448.4,-1193.4
gte_multilingual_base_768d,zh_char,ROOT-5CA1,-768.6666666666666,100.0
gte_multilingual_base_768d,zh_char,ROOT-5DC2,98.16666666666667,3588.8333333333335
gte_multilingual_base_768d,zh_char,ROOT-5DDD,111.2,82.6
gte_multilingual_base_768d,zh_char,ROOT-5DE0,-187.46666666666667,501.3333333333333
gte_multilingual_base_768d,zh_char,ROOT-5DE4,-162.5,-495.8333333333333
gte_multilingual_base_768d,zh_char,ROOT-5DE5,-1363.75,-251.53571428571428
gte_multilingual_base_768d,zh_char,ROOT-5DE8,-849.9,-12.9
gte_multilingual_base_768d,zh_char,ROOT-5DF1,-1035.5,-666.3333333333334
gte_multilingual_base_768d,zh_char,ROOT-5DF3,-1066.25,-1465.75
gte_multilingual_base_768d,zh_char,ROOT-5DF4,-656.9285714285714,468.5
gte_multilingual_base_768d,zh_char,ROOT-5E0C,-482.22222222222223,450.44444444444446
gte_multilingual_base_768d,zh_char,ROOT-5E1D,-228.42857142857142,805.5714285714286
gte_multilingual_base_768d,zh_char,ROOT-5E36,-75.4,2108.8
gte_multilingual_base_768d,zh_char,ROOT-5E72,-1069.142857142857,330.7142857142857
gte_multilingual_base_768d,zh_char,ROOT-5E73,-543.0,-164.66666666666666
gte_multilingual_base_768d,zh_char,ROOT-5E7A,-325.14285714285717,688.7142857142857
gte_multilingual_base_768d,zh_char,ROOT-5E9A,-2238.0,-662.5
gte_multilingual_base_768d,zh_char,ROOT-5EB6,-138.0,-957.125
gte_multilingual_base_768d,zh_char,ROOT-5EFA,-1203.1666666666667,-1123.3333333333333
gte_multilingual_base_768d,zh_char,ROOT-5F0B,322.6875,318.1875
gte_multilingual_base_768d,zh_char,ROOT-5F15,-1015.6,3335.6
gte_multilingual_base_768d,zh_char,ROOT-5F17,-239.57142857142858,451.42857142857144
gte_multilingual_base_768d,zh_char,ROOT-5F1F,-516.8181818181819,-28.818181818181817
gte_multilingual_base_768d,zh_char,ROOT-5F31,-1228.25,-1315.5
gte_multilingual_base_768d,zh_char,ROOT-5F54,266.5,-598.625
gte_multilingual_base_768d,zh_char,ROOT-5F56,-12.0,82.375
gte_multilingual_base_768d,zh_char,ROOT-5F57,-1302.4,3211.0
gte_multilingual_base_768d,zh_char,ROOT-5F9E,-1025.5714285714287,378.2857142857143
gte_multilingual_base_768d,zh_char,ROOT-5FC5,-276.1333333333333,2196.3333333333335
gte_multilingual_base_768d,zh_char,ROOT-601D,-906.4,-1627.8
gte_multilingual_base_768d,zh_char,ROOT-60A4,-1173.2,-200.6
gte_multilingual_base_768d,zh_char,ROOT-610F,-1108.2,-1013.8
gte_multilingual_base_768d,zh_char,ROOT-620D,1068.625,1468.0
gte_multilingual_base_768d,zh_char,ROOT-6211,269.55555555555554,286.1111111111111
gte_multilingual_base_768d,zh_char,ROOT-6212,-99.25,-1591.75
gte_multilingual_base_768d,zh_char,ROOT-6214,-349.6875,507.1875
gte_multilingual_base_768d,zh_char,ROOT-6216,-488.53846153846155,67.6923076923077
gte_multilingual_base_768d,zh_char,ROOT-6236,294.1666666666667,-212.83333333333334
gte_multilingual_base_768d,zh_char,ROOT-6241,655.0,-315.64285714285717
gte_multilingual_base_768d,zh_char,ROOT-624B,259.53333333333336,1940.6666666666667
gte_multilingual_base_768d,zh_char,ROOT-624D,-1177.8,-355.6
gte_multilingual_base_768d,zh_char,ROOT-652F,-1593.8666666666666,215.4
gte_multilingual_base_768d,zh_char,ROOT-6538,220.4,-461.3333333333333
gte_multilingual_base_768d,zh_char,ROOT-6544,-370.8333333333333,1183.25
gte_multilingual_base_768d,zh_char,ROOT-6556,-218.75,-684.75
gte_multilingual_base_768d,zh_char,ROOT-656B,-253.33333333333334,383.77777777777777
gte_multilingual_base_768d,zh_char,ROOT-6587,1364.9,691.9
gte_multilingual_base_768d,zh_char,ROOT-65A4,-565.0454545454545,368.6818181818182
gte_multilingual_base_768d,zh_char,ROOT-65AC,326.3333333333333,42.111111111111114
gte_multilingual_base_768d,zh_char,ROOT-65B9,-586.0526315789474,409.7368421052632
gte_multilingual_base_768d,zh_char,ROOT-65C1,936.6,-238.0
gte_multilingual_base_768d,zh_char,ROOT-65CF,-372.4,2518.0
gte_multilingual_base_768d,zh_char,ROOT-65E6,-918.695652173913,1721.0869565217392
gte_multilingual_base_768d,zh_char,ROOT-65E8,-1360.3636363636363,534.9090909090909
gte_multilingual_base_768d,zh_char,ROOT-65EC,230.23076923076923,311.0
gte_multilingual_base_768d,zh_char,ROOT-6606,-837.2222222222222,425.77777777777777
gte_multilingual_base_768d,zh_char,ROOT-660C,1529.0,1136.8333333333333
gte_multilingual_base_768d,zh_char,ROOT-660F,-1161.5,2391.5
gte_multilingual_base_768d,zh_char,ROOT-6613,-2494.8888888888887,-18.333333333333332
gte_multilingual_base_768d,zh_char,ROOT-6614,-198.0,-1587.0
gte_multilingual_base_768d,zh_char,ROOT-661C,-1023.1904761904761,696.0952380952381
gte_multilingual_base_768d,zh_char,ROOT-661F,1888.0,477.5
gte_multilingual_base_768d,zh_char,ROOT-662F,-447.44444444444446,1153.7777777777778
gte_multilingual_base_768d,zh_char,ROOT-66FC,-653.4615384615385,383.46153846153845
gte_multilingual_base_768d,zh_char,ROOT-66FE,282.6666666666667,-357.44444444444446
gte_multilingual_base_768d,zh_char,ROOT-6701,592.1428571428571,-900.2857142857143
gte_multilingual_base_768d,zh_char,ROOT-6703,-824.5833333333334,921.0833333333334
gte_multilingual_base_768d,zh_char,ROOT-670B,-2.909090909090909,-1354.090909090909
gte_multilingual_base_768d,zh_char,ROOT-672A,-1504.2857142857142,16.571428571428573
gte_multilingual_base_768d,zh_char,ROOT-672B,-752.5,116.33333333333333
gte_multilingual_base_768d,zh_char,ROOT-672E,-1110.4,759.0
gte_multilingual_base_768d,zh_char,ROOT-6731,-281.5,174.91666666666666
gte_multilingual_base_768d,zh_char,ROOT-675F,-984.3333333333334,1395.6666666666667
gte_multilingual_base_768d,zh_char,ROOT-6771,-309.4166666666667,-104.0
gte_multilingual_base_768d,zh_char,ROOT-6797,-618.0,-25.88888888888889
gte_multilingual_base_768d,zh_char,ROOT-679C,-2227.4166666666665,473.0833333333333
gte_multilingual_base_768d,zh_char,ROOT-67BC,-2187.3333333333335,1747.6666666666667
gte_multilingual_base_768d,zh_char,ROOT-67D0,-1434.8,-186.2
gte_multilingual_base_768d,zh_char,ROOT-67EC,295.34615384615387,238.84615384615384
gte_multilingual_base_768d,zh_char,ROOT-6A02,-312.09090909090907,930.3636363636364
gte_multilingual_base_768d,zh_char,ROOT-6B2E,-9.333333333333334,1043.5555555555557
gte_multilingual_base_768d,zh_char,ROOT-6B62,-1683.25,-211.75
gte_multilingual_base_768d,zh_char,ROOT-6B63,1251.75,783.0
gte_multilingual_base_768d,zh_char,ROOT-6BB5,-1487.2,-1498.4
gte_multilingual_base_768d,zh_char,ROOT-6BB8,-2284.6,-1334.4
gte_multilingual_base_768d,zh_char,ROOT-6BB9,-164.66666666666666,3317.3333333333335
gte_multilingual_base_768d,zh_char,ROOT-6BCE,2402.5,336.125
gte_multilingual_base_768d,zh_char,ROOT-6BD4,-295.0,581.6666666666666
gte_multilingual_base_768d,zh_char,ROOT-6BDA,298.875,2623.875
gte_multilingual_base_768d,zh_char,ROOT-6BDB,-838.0,-65.5
gte_multilingual_base_768d,zh_char,ROOT-6C0F,77.77777777777777,-1529.3333333333333
gte_multilingual_base_768d,zh_char,ROOT-6C10,-642.625,321.25
gte_multilingual_base_768d,zh_char,ROOT-6C11,34.6,-1139.4
gte_multilingual_base_768d,zh_char,ROOT-6C14,-1054.8333333333333,-1708.0
gte_multilingual_base_768d,zh_char,ROOT-6C42,-176.4,1770.6
gte_multilingual_base_768d,zh_char,ROOT-6C93,-1003.5,2441.5
gte_multilingual_base_768d,zh_char,ROOT-6C99,1890.75,803.75
gte_multilingual_base_768d,zh_char,ROOT-708E,-982.3125,2379.0625
gte_multilingual_base_768d,zh_char,ROOT-7097,-560.6,304.2
gte_multilingual_base_768d,zh_char,ROOT-7121,-673.4,-734.4
gte_multilingual_base_768d,zh_char,ROOT-7126,-623.7777777777778,385.1111111111111
gte_multilingual_base_768d,zh_char,ROOT-718F,134.6,-1019.8
gte_multilingual_base_768d,zh_char,ROOT-71D5,-1924.0,762.0
gte_multilingual_base_768d,zh_char,ROOT-722D,374.14285714285717,-601.0
gte_multilingual_base_768d,zh_char,ROOT-7230,-1356.1818181818182,513.2727272727273
gte_multilingual_base_768d,zh_char,ROOT-7235,-1216.5,2573.0
gte_multilingual_base_768d,zh_char,ROOT-7236,-519.2352941176471,-98.82352941176471
gte_multilingual_base_768d,zh_char,ROOT-723B,660.0,785.5
gte_multilingual_base_768d,zh_char,ROOT-723E,-1341.5,574.75
gte_multilingual_base_768d,zh_char,ROOT-723F,-425.61538461538464,-394.6923076923077
gte_multilingual_base_768d,zh_char,ROOT-7259,657.8333333333334,1008.5
gte_multilingual_base_768d,zh_char,ROOT-72AE,-793.0,2600.846153846154
gte_multilingual_base_768d,zh_char,ROOT-7312,462.4,686.6
gte_multilingual_base_768d,zh_char,ROOT-7384,-283.0,331.77777777777777
gte_multilingual_base_768d,zh_char,ROOT-74DC,-372.8,2163.6
gte_multilingual_base_768d,zh_char,ROOT-7518,-9.1,1244.0
gte_multilingual_base_768d,zh_char,ROOT-751A,330.38461538461536,842.7692307692307
gte_multilingual_base_768d,zh_char,ROOT-751F,-1012.4285714285714,-26.714285714285715
gte_multilingual_base_768d,zh_char,ROOT-7528,770.875,345.375
gte_multilingual_base_768d,zh_char,ROOT-752B,-95.87878787878788,-246.84848484848484
gte_multilingual_base_768d,zh_char,ROOT-7531,-1182.0,583.875
gte_multilingual_base_768d,zh_char,ROOT-7532,-1296.5,556.625
gte_multilingual_base_768d,zh_char,ROOT-7533,1456.0,608.2
gte_multilingual_base_768d,zh_char,ROOT-7539,-1944.2,184.2
gte_multilingual_base_768d,zh_char,ROOT-754F,264.0,2698.75
gte_multilingual_base_768d,zh_char,ROOT-7550,-600.6666666666666,-46.44444444444444
gte_multilingual_base_768d,zh_char,ROOT-7562,-37.4,2835.4
gte_multilingual_base_768d,zh_char,ROOT-757A,288.75,392.75
gte_multilingual_base_768d,zh_char,ROOT-757E,12.142857142857142,-727.1428571428571
gte_multilingual_base_768d,zh_char,ROOT-758B,-454.6,-174.4
gte_multilingual_base_768d,zh_char,ROOT-758C,-233.33333333333334,2760.222222222222
gte_multilingual_base_768d,zh_char,ROOT-7591,525.5,1365.8333333333333
gte_multilingual_base_768d,zh_char,ROOT-7678,-1250.0,2536.75
gte_multilingual_base_768d,zh_char,ROOT-767D,67.6,79.0
gte_multilingual_base_768d,zh_char,ROOT-7686,314.625,-288.875
gte_multilingual_base_768d,zh_char,ROOT-7687,270.8333333333333,502.0
gte_multilingual_base_768d,zh_char,ROOT-76AE,-1072.611111111111,145.94444444444446
gte_multilingual_base_768d,zh_char,ROOT-76CA,-1669.0,158.71428571428572
gte_multilingual_base_768d,zh_char,ROOT-76E1,-365.0,-3013.0
gte_multilingual_base_768d,zh_char,ROOT-76E3,1558.5833333333333,431.1666666666667
gte_multilingual_base_768d,zh_char,ROOT-76F4,-1958.4,207.6
gte_multilingual_base_768d,zh_char,ROOT-76F8,-1301.5,-140.33333333333334
gte_multilingual_base_768d,zh_char,ROOT-7714,611.25,581.25
gte_multilingual_base_768d,zh_char,ROOT-771E,362.0,-543.8333333333334
gte_multilingual_base_768d,zh_char,ROOT-7758,151.0,1543.25
gte_multilingual_base_768d,zh_char,ROOT-776A,-477.14285714285717,569.1428571428571
gte_multilingual_base_768d,zh_char,ROOT-77DB,-1440.0833333333333,325.5833333333333
gte_multilingual_base_768d,zh_char,ROOT-77DE,-289.5,3340.4
gte_multilingual_base_768d,zh_char,ROOT-77E2,3058.6666666666665,201.5
gte_multilingual_base_768d,zh_char,ROOT-77F3,-483.125,-346.75
gte_multilingual_base_768d,zh_char,ROOT-793A,118.75,3863.25
gte_multilingual_base_768d,zh_char,ROOT-79B9,-931.8,-333.2
gte_multilingual_base_768d,zh_char,ROOT-79BA,-392.72727272727275,2117.6363636363635
gte_multilingual_base_768d,zh_char,ROOT-79BB,-222.08333333333334,881.9166666666666
gte_multilingual_base_768d,zh_char,ROOT-79BE,-667.4285714285714,-368.92857142857144
gte_multilingual_base_768d,zh_char,ROOT-79CB,-365.0,1122.2857142857142
gte_multilingual_base_768d,zh_char,ROOT-79DD,-588.25,-323.75
gte_multilingual_base_768d,zh_char,ROOT-79E6,-1156.2,120.2
gte_multilingual_base_768d,zh_char,ROOT-7ACB,216.5,348.0
gte_multilingual_base_768d,zh_char,ROOT-7AE0,-824.8,324.0
gte_multilingual_base_768d,zh_char,ROOT-7AE5,-265.0,-73.07692307692308
gte_multilingual_base_768d,zh_char,ROOT-7C73,-1302.25,255.25
gte_multilingual_base_768d,zh_char,ROOT-7F8A,-70.8,-248.2
gte_multilingual_base_768d,zh_char,ROOT-7FA9,-978.1818181818181,-583.2727272727273
gte_multilingual_base_768d,zh_char,ROOT-7FCF,-353.1666666666667,2886.8888888888887
gte_multilingual_base_768d,zh_char,ROOT-7FD2,-372.5,938.875
gte_multilingual_base_768d,zh_char,ROOT-7FDF,-652.1818181818181,1193.2727272727273
gte_multilingual_base_768d,zh_char,ROOT-800C,235.77777777777777,5472.111111111111
gte_multilingual_base_768d,zh_char,ROOT-8011,-1517.6,-21.2
gte_multilingual_base_768d,zh_char,ROOT-8033,-731.6666666666666,404.1111111111111
gte_multilingual_base_768d,zh_char,ROOT-8076,735.8571428571429,322.42857142857144
gte_multilingual_base_768d,zh_char,ROOT-807F,254.63636363636363,297.1818181818182
gte_multilingual_base_768d,zh_char,ROOT-8099,-843.5,1778.75
gte_multilingual_base_768d,zh_char,ROOT-81E4,484.375,477.5
gte_multilingual_base_768d,zh_char,ROOT-81EA,126.25,2294.75
gte_multilingual_base_768d,zh_char,ROOT-81F3,-688.8666666666667,122.33333333333333
gte_multilingual_base_768d,zh_char,ROOT-81FD,-1054.076923076923,1601.0
gte_multilingual_base_768d,zh_char,ROOT-81FE,75.8,-550.8
gte_multilingual_base_768d,zh_char,ROOT-8200,-594.5,112.5
gte_multilingual_base_768d,zh_char,ROOT-8201,-553.375,817.125
gte_multilingual_base_768d,zh_char,ROOT-822C,-1981.0,-992.6666666666666
gte_multilingual_base_768d,zh_char,ROOT-826F,-1738.8333333333333,2564.9166666666665
gte_multilingual_base_768d,zh_char,ROOT-82BB,-646.0,948.7777777777778
gte_multilingual_base_768d,zh_char,ROOT-82E5,814.3333333333334,718.1666666666666
gte_multilingual_base_768d,zh_char,ROOT-830D,954.2,-1327.8
gte_multilingual_base_768d,zh_char,ROOT-83AB,558.5555555555555,258.8333333333333
gte_multilingual_base_768d,zh_char,ROOT-83D0,-912.3333333333334,-350.3333333333333
gte_multilingual_base_768d,zh_char,ROOT-842C,43.42857142857143,-261.7142857142857
gte_multilingual_base_768d,zh_char,ROOT-8499,121.0,74.0
gte_multilingual_base_768d,zh_char,ROOT-84A6,485.0,898.4444444444445
gte_multilingual_base_768d,zh_char,ROOT-8511,-955.1666666666666,1203.5
gte_multilingual_base_768d,zh_char,ROOT-86A4,924.0,-380.5
gte_multilingual_base_768d,zh_char,ROOT-8700,-863.0714285714286,-57.92857142857143
gte_multilingual_base_768d,zh_char,ROOT-8881,-1236.0,-1432.6
gte_multilingual_base_768d,zh_char,ROOT-8944,-333.75,784.25
gte_multilingual_base_768d,zh_char,ROOT-898B,-319.9,645.7
gte_multilingual_base_768d,zh_char,ROOT-89D2,-145.4,-1374.6
gte_multilingual_base_768d,zh_char,ROOT-89E3,27.75,-2789.25
gte_multilingual_base_768d,zh_char,ROOT-8A79,-330.0,228.83333333333334
gte_multilingual_base_768d,zh_char,ROOT-8C37,-631.1176470588235,334.2352941176471
gte_multilingual_base_768d,zh_char,ROOT-8C46,-1842.8,-396.06666666666666
gte_multilingual_base_768d,zh_char,ROOT-8C48,-333.6666666666667,954.0
gte_multilingual_base_768d,zh_char,ROOT-8C56,-1512.5,160.5
gte_multilingual_base_768d,zh_char,ROOT-8C61,-1521.25,-1696.0
gte_multilingual_base_768d,zh_char,ROOT-8C66,854.125,487.375
gte_multilingual_base_768d,zh_char,ROOT-8C9E,599.5,-335.0
gte_multilingual_base_768d,zh_char,ROOT-8CAC,975.7142857142857,1206.2857142857142
gte_multilingual_base_768d,zh_char,ROOT-8CB4,-89.75,-2379.0
gte_multilingual_base_768d,zh_char,ROOT-8CCF,-553.0,-29.375
gte_multilingual_base_768d,zh_char,ROOT-8D0A,-668.1428571428571,435.2857142857143
gte_multilingual_base_768d,zh_char,ROOT-8DB3,1661.25,-1021.25
gte_multilingual_base_768d,zh_char,ROOT-8ECD,212.89473684210526,1777.578947368421
gte_multilingual_base_768d,zh_char,ROOT-8F9B,105.0,-1231.4
gte_multilingual_base_768d,zh_char,ROOT-8F9F,-1356.6666666666667,370.0
gte_multilingual_base_768d,zh_char,ROOT-8FA1,4641.4,1007.2
gte_multilingual_base_768d,zh_char,ROOT-8FB0,-189.14285714285714,922.1428571428571
gte_multilingual_base_768d,zh_char,ROOT-8FB1,259.3333333333333,3657.3333333333335
gte_multilingual_base_768d,zh_char,ROOT-9023,-210.0,171.66666666666666
gte_multilingual_base_768d,zh_char,ROOT-9091,-310.0,1313.5
gte_multilingual_base_768d,zh_char,ROOT-9109,-660.1666666666666,897.1666666666666
gte_multilingual_base_768d,zh_char,ROOT-914B,97.88888888888889,2223.8888888888887
gte_multilingual_base_768d,zh_char,ROOT-91C6,-718.1,281.95
gte_multilingual_base_768d,zh_char,ROOT-91CC,-679.7272727272727,-289.3636363636364
gte_multilingual_base_768d,zh_char,ROOT-9577,-640.5,839.9
gte_multilingual_base_768d,zh_char,ROOT-9580,-649.1428571428571,51.42857142857143
gte_multilingual_base_768d,zh_char,ROOT-96B6,-113.5,1549.75
gte_multilingual_base_768d,zh_char,ROOT-96B9,-258.0689655172414,682.551724137931
gte_multilingual_base_768d,zh_char,ROOT-96BA,-26.4,-1277.0
gte_multilingual_base_768d,zh_char,ROOT-96BB,81.83333333333333,1582.0
gte_multilingual_base_768d,zh_char,ROOT-96E3,-647.0,864.0
gte_multilingual_base_768d,zh_char,ROOT-9700,-1487.8181818181818,-605.9090909090909
gte_multilingual_base_768d,zh_char,ROOT-9752,401.6470588235294,123.41176470588235
gte_multilingual_base_768d,zh_char,ROOT-975E,68.66666666666667,-20.75
gte_multilingual_base_768d,zh_char,ROOT-9762,126.5,1924.75
gte_multilingual_base_768d,zh_char,ROOT-99AC,-653.4,-755.4
gte_multilingual_base_768d,zh_char,ROOT-9AD8,87.84848484848484,568.939393939394
gte_multilingual_base_768d,zh_char,ROOT-9B32,233.0,3194.0
gte_multilingual_base_768d,zh_char,ROOT-9B3C,-1715.0,-55.61538461538461
gte_multilingual_base_768d,zh_char,ROOT-9B5A,3300.0,1343.25
gte_multilingual_base_768d,zh_char,ROOT-9E7F,85.0,144.0
gte_multilingual_base_768d,zh_char,ROOT-9E83,194.2,5333.6
gte_multilingual_base_768d,zh_char,ROOT-9E97,-20.833333333333332,-1508.3333333333333
gte_multilingual_base_768d,zh_char,ROOT-9F4A,-977.1818181818181,-595.3636363636364
gte_multilingual_base_768d,zh_char,ROOT-9F8D,-270.3333333333333,581.9166666666666
gte_multilingual_base_768d,zh_char,ROOT-9FA0,562.0,3760.2
qwen3_0.6b_1024d,cn_def,ROOT-20000,123.55,111.8
qwen3_0.6b_1024d,cn_def,ROOT-200A4,865.5,321.75
qwen3_0.6b_1024d,cn_def,ROOT-2123C,419.7,723.4
qwen3_0.6b_1024d,cn_def,ROOT-219CD,287.0,185.77777777777777
qwen3_0.6b_1024d,cn_def,ROOT-21FE7,-1077.5,-1059.75
qwen3_0.6b_1024d,cn_def,ROOT-23386,-329.75,-374.25
qwen3_0.6b_1024d,cn_def,ROOT-233DF,-282.6666666666667,-394.3333333333333
qwen3_0.6b_1024d,cn_def,ROOT-2394F,-67.1875,61.3125
qwen3_0.6b_1024d,cn_def,ROOT-239BC,1498.5,1433.25
qwen3_0.6b_1024d,cn_def,ROOT-23A8A,761.8,636.0
qwen3_0.6b_1024d,cn_def,ROOT-25055,-733.75,-731.0
qwen3_0.6b_1024d,cn_def,ROOT-271A3,-165.36363636363637,-94.72727272727273
qwen3_0.6b_1024d,cn_def,ROOT-27DA0,201.16666666666666,815.8333333333334
qwen3_0.6b_1024d,cn_def,ROOT-3431,109.14285714285714,72.85714285714286
qwen3_0.6b_1024d,cn_def,ROOT-34BC,71.25,82.75
qwen3_0.6b_1024d,cn_def,ROOT-34DE,163.625,428.75
qwen3_0.6b_1024d,cn_def,ROOT-3563,355.6923076923077,505.2307692307692
qwen3_0.6b_1024d,cn_def,ROOT-37A2,175.5,316.0833333333333
qwen3_0.6b_1024d,cn_def,ROOT-382F,46.13333333333333,123.2
qwen3_0.6b_1024d,cn_def,ROOT-3840,267.25,27.5
qwen3_0.6b_1024d,cn_def,ROOT-39B0,12.2,-59.8
qwen3_0.6b_1024d,cn_def,ROOT-4020,1054.0,461.0
qwen3_0.6b_1024d,cn_def,ROOT-41C2,86.6,133.13333333333333
qwen3_0.6b_1024d,cn_def,ROOT-4343,-166.5,-218.0
qwen3_0.6b_1024d,cn_def,ROOT-470C,156.8181818181818,349.3636363636364
qwen3_0.6b_1024d,cn_def,ROOT-4E00,518.75,178.25
qwen3_0.6b_1024d,cn_def,ROOT-4E01,194.64285714285714,233.92857142857142
qwen3_0.6b_1024d,cn_def,ROOT-4E02,-393.75,-324.0
qwen3_0.6b_1024d,cn_def,ROOT-4E0D,39.4,-222.0
qwen3_0.6b_1024d,cn_def,ROOT-4E11,1672.75,1372.0
qwen3_0.6b_1024d,cn_def,ROOT-4E14,-169.3125,-229.5625
qwen3_0.6b_1024d,cn_def,ROOT-4E29,85.0,353.75
qwen3_0.6b_1024d,cn_def,ROOT-4E2D,-432.8333333333333,-301.3333333333333
qwen3_0.6b_1024d,cn_def,ROOT-4E30,-402.5,-424.0
qwen3_0.6b_1024d,cn_def,ROOT-4E36,40.57142857142857,341.0
qwen3_0.6b_1024d,cn_def,ROOT-4E3F,219.26666666666668,322.8666666666667
qwen3_0.6b_1024d,cn_def,ROOT-4E43,-659.0,-438.25
qwen3_0.6b_1024d,cn_def,ROOT-4E47,246.8,189.6
qwen3_0.6b_1024d,cn_def,ROOT-4E4D,489.72727272727275,303.90909090909093
qwen3_0.6b_1024d,cn_def,ROOT-4E4F,-473.0,-496.4
qwen3_0.6b_1024d,cn_def,ROOT-4E59,-917.75,-1049.5
qwen3_0.6b_1024d,cn_def,ROOT-4E5D,160.14285714285714,284.14285714285717
qwen3_0.6b_1024d,cn_def,ROOT-4E5F,-535.5,-453.5
qwen3_0.6b_1024d,cn_def,ROOT-4E88,789.2857142857143,969.1428571428571
qwen3_0.6b_1024d,cn_def,ROOT-4E8C,495.42857142857144,692.2857142857143
qwen3_0.6b_1024d,cn_def,ROOT-4E8E,247.8,279.4
qwen3_0.6b_1024d,cn_def,ROOT-4E8F,213.6,373.2
qwen3_0.6b_1024d,cn_def,ROOT-4E91,257.8,468.8
qwen3_0.6b_1024d,cn_def,ROOT-4E94,19.272727272727273,93.27272727272727
qwen3_0.6b_1024d,cn_def,ROOT-4E9E,-244.75,-140.0
qwen3_0.6b_1024d,cn_def,ROOT-4EA1,87.25,-14.75
qwen3_0.6b_1024d,cn_def,ROOT-4EA2,346.1111111111111,518.7777777777778
qwen3_0.6b_1024d,cn_def,ROOT-4EA4,349.5,521.0833333333334
qwen3_0.6b_1024d,cn_def,ROOT-4EA5,17.166666666666668,24.25
qwen3_0.6b_1024d,cn_def,ROOT-4EAC,166.0,148.85714285714286
qwen3_0.6b_1024d,cn_def,ROOT-4ECA,154.61904761904762,265.95238095238096
qwen3_0.6b_1024d,cn_def,ROOT-4EE4,15.076923076923077,-54.76923076923077
qwen3_0.6b_1024d,cn_def,ROOT-4F59,60.285714285714285,202.85714285714286
qwen3_0.6b_1024d,cn_def,ROOT-4F96,-267.14285714285717,-315.14285714285717
qwen3_0.6b_1024d,cn_def,ROOT-5009,-217.5,15.0
qwen3_0.6b_1024d,cn_def,ROOT-501D,-829.0,-776.0
qwen3_0.6b_1024d,cn_def,ROOT-50C9,130.8,284.6
qwen3_0.6b_1024d,cn_def,ROOT-5143,-250.375,-389.0
qwen3_0.6b_1024d,cn_def,ROOT-5146,589.7777777777778,531.3333333333334
qwen3_0.6b_1024d,cn_def,ROOT-5149,-289.8,-279.8
qwen3_0.6b_1024d,cn_def,ROOT-514D,578.3333333333334,743.6666666666666
qwen3_0.6b_1024d,cn_def,ROOT-5152,-86.5,-84.0
qwen3_0.6b_1024d,cn_def,ROOT-5165,146.75,337.0
qwen3_0.6b_1024d,cn_def,ROOT-5168,16.4,144.2
qwen3_0.6b_1024d,cn_def,ROOT-516A,628.5,806.3
qwen3_0.6b_1024d,cn_def,ROOT-516C,-272.42857142857144,-198.71428571428572
qwen3_0.6b_1024d,cn_def,ROOT-5171,830.1428571428571,1180.142857142857
qwen3_0.6b_1024d,cn_def,ROOT-5176,419.6,487.5
qwen3_0.6b_1024d,cn_def,ROOT-517C,182.625,137.875
qwen3_0.6b_1024d,cn_def,ROOT-5183,-267.2,-294.8
qwen3_0.6b_1024d,cn_def,ROOT-518E,-0.36363636363636365,37.45454545454545
qwen3_0.6b_1024d,cn_def,ROOT-5193,453.2857142857143,653.7142857142857
qwen3_0.6b_1024d,cn_def,ROOT-5198,-296.1666666666667,-307.3333333333333
qwen3_0.6b_1024d,cn_def,ROOT-51A5,-500.75,-344.25
qwen3_0.6b_1024d,cn_def,ROOT-51E0,-180.4,-243.4
qwen3_0.6b_1024d,cn_def,ROOT-51E1,-243.14285714285714,-181.57142857142858
qwen3_0.6b_1024d,cn_def,ROOT-51FA,1855.5,1771.0
qwen3_0.6b_1024d,cn_def,ROOT-5200,96.46153846153847,176.15384615384616
qwen3_0.6b_1024d,cn_def,ROOT-5203,77.5,194.83333333333334
qwen3_0.6b_1024d,cn_def,ROOT-5206,229.78571428571428,335.14285714285717
qwen3_0.6b_1024d,cn_def,ROOT-5247,687.75,975.5
qwen3_0.6b_1024d,cn_def,ROOT-529B,479.38461538461536,536.0
qwen3_0.6b_1024d,cn_def,ROOT-52F9,255.55555555555554,380.3333333333333
qwen3_0.6b_1024d,cn_def,ROOT-52FA,1069.0,1031.4285714285713
qwen3_0.6b_1024d,cn_def,ROOT-52FF,529.6666666666666,427.5
qwen3_0.6b_1024d,cn_def,ROOT-5303,6.214285714285714,171.21428571428572
qwen3_0.6b_1024d,cn_def,ROOT-5305,-6.076923076923077,52.84615384615385
qwen3_0.6b_1024d,cn_def,ROOT-5315,332.0,429.25
qwen3_0.6b_1024d,cn_def,ROOT-5340,-213.6153846153846,-285.0769230769231
qwen3_0.6b_1024d,cn_def,ROOT-5348,-207.75,-324.0
qwen3_0.6b_1024d,cn_def,ROOT-5349,620.75,647.25
qwen3_0.6b_1024d,cn_def,ROOT-534A,538.5714285714286,819.1428571428571
qwen3_0.6b_1024d,cn_def,ROOT-5351,258.3636363636364,229.0909090909091
qwen3_0.6b_1024d,cn_def,ROOT-5352,958.3,946.3
qwen3_0.6b_1024d,cn_def,ROOT-5353,363.0,689.8
qwen3_0.6b_1024d,cn_def,ROOT-535C,-238.75,-248.5
qwen3_0.6b_1024d,cn_def,ROOT-5360,370.0,564.4166666666666
qwen3_0.6b_1024d,cn_def,ROOT-5377,334.6,511.4
qwen3_0.6b_1024d,cn_def,ROOT-539F,352.5,77.0
qwen3_0.6b_1024d,cn_def,ROOT-53B6,476.125,498.1875
qwen3_0.6b_1024d,cn_def,ROOT-53B7,-444.5,-406.75
qwen3_0.6b_1024d,cn_def,ROOT-53C3,21.2,-106.8
qwen3_0.6b_1024d,cn_def,ROOT-53C8,250.28571428571428,244.5
qwen3_0.6b_1024d,cn_def,ROOT-53CA,390.57142857142856,520.5714285714286
qwen3_0.6b_1024d,cn_def,ROOT-53CD,97.6,2.8
qwen3_0.6b_1024d,cn_def,ROOT-53D5,425.75,696.5
qwen3_0.6b_1024d,cn_def,ROOT-53DA,-367.6666666666667,-240.66666666666666
qwen3_0.6b_1024d,cn_def,ROOT-53E4,202.79166666666666,322.9583333333333
qwen3_0.6b_1024d,cn_def,ROOT-53F8,484.25,744.5
qwen3_0.6b_1024d,cn_def,ROOT-5404,86.41666666666667,107.29166666666667
qwen3_0.6b_1024d,cn_def,ROOT-5405,99.125,159.875
qwen3_0.6b_1024d,cn_def,ROOT-5408,423.4375,381.1875
qwen3_0.6b_1024d,cn_def,ROOT-5409,-109.77777777777777,49.888888888888886
qwen3_0.6b_1024d,cn_def,ROOT-540C,105.83333333333333,143.66666666666666
qwen3_0.6b_1024d,cn_def,ROOT-544A,397.0,333.375
qwen3_0.6b_1024d,cn_def,ROOT-5468,53.9,90.9
qwen3_0.6b_1024d,cn_def,ROOT-54B8,1013.625,1200.25
qwen3_0.6b_1024d,cn_def,ROOT-54E1,-143.75,-265.0
qwen3_0.6b_1024d,cn_def,ROOT-55AE,-375.2,-227.4
qwen3_0.6b_1024d,cn_def,ROOT-55BF,395.8333333333333,402.0
qwen3_0.6b_1024d,cn_def,ROOT-56D7,-94.5,-35.875
qwen3_0.6b_1024d,cn_def,ROOT-56FA,157.75,416.0
qwen3_0.6b_1024d,cn_def,ROOT-571F,-168.6,-48.4
qwen3_0.6b_1024d,cn_def,ROOT-572D,-71.875,-130.9375
qwen3_0.6b_1024d,cn_def,ROOT-5807,1530.8,1261.0
qwen3_0.6b_1024d,cn_def,ROOT-582F,-12.076923076923077,137.92307692307693
qwen3_0.6b_1024d,cn_def,ROOT-58EC,337.75,376.75
qwen3_0.6b_1024d,cn_def,ROOT-58F4,2581.75,2385.5
qwen3_0.6b_1024d,cn_def,ROOT-590B,97.88888888888889,212.11111111111111
qwen3_0.6b_1024d,cn_def,ROOT-590C,296.0,589.0
qwen3_0.6b_1024d,cn_def,ROOT-5917,-57.1,8.1
qwen3_0.6b_1024d,cn_def,ROOT-591A,515.0,600.0
qwen3_0.6b_1024d,cn_def,ROOT-5929,268.75,169.5
qwen3_0.6b_1024d,cn_def,ROOT-592D,-581.5,-766.75
qwen3_0.6b_1024d,cn_def,ROOT-592E,-119.33333333333333,-118.44444444444444
qwen3_0.6b_1024d,cn_def,ROOT-593E,108.25,181.75
qwen3_0.6b_1024d,cn_def,ROOT-5950,399.25,736.75
qwen3_0.6b_1024d,cn_def,ROOT-5967,157.25,-17.5
qwen3_0.6b_1024d,cn_def,ROOT-5973,240.5,378.07142857142856
qwen3_0.6b_1024d,cn_def,ROOT-5A41,-307.6363636363636,-164.63636363636363
qwen3_0.6b_1024d,cn_def,ROOT-5B5A,-105.6,40.8
qwen3_0.6b_1024d,cn_def,ROOT-5B83,-506.14285714285717,-587.0
qwen3_0.6b_1024d,cn_def,ROOT-5B89,-122.0,-322.5
qwen3_0.6b_1024d,cn_def,ROOT-5B97,-61.666666666666664,40.666666666666664
qwen3_0.6b_1024d,cn_def,ROOT-5B98,786.0,748.6
qwen3_0.6b_1024d,cn_def,ROOT-5BB3,-259.5,-462.0
qwen3_0.6b_1024d,cn_def,ROOT-5BCD,48.8,51.2
qwen3_0.6b_1024d,cn_def,ROOT-5BF8,88.0,558.75
qwen3_0.6b_1024d,cn_def,ROOT-5C07,70.0,106.25
qwen3_0.6b_1024d,cn_def,ROOT-5C08,-119.8,-147.6
qwen3_0.6b_1024d,cn_def,ROOT-5C0F,100.29411764705883,225.7058823529412
qwen3_0.6b_1024d,cn_def,ROOT-5C17,-242.875,-459.75
qwen3_0.6b_1024d,cn_def,ROOT-5C1A,7.0,58.9
qwen3_0.6b_1024d,cn_def,ROOT-5C39,170.5,175.75
qwen3_0.6b_1024d,cn_def,ROOT-5C4B,-20.2,-18.4
qwen3_0.6b_1024d,cn_def,ROOT-5C6F,-681.1666666666666,-795.8333333333334
qwen3_0.6b_1024d,cn_def,ROOT-5C70,-112.0,21.0
qwen3_0.6b_1024d,cn_def,ROOT-5CA1,301.5,254.75
qwen3_0.6b_1024d,cn_def,ROOT-5DDD,988.75,1168.5
qwen3_0.6b_1024d,cn_def,ROOT-5DE0,47.285714285714285,-27.857142857142858
qwen3_0.6b_1024d,cn_def,ROOT-5DE4,-444.75,-643.5
qwen3_0.6b_1024d,cn_def,ROOT-5DE5,-52.68421052631579,-0.05263157894736842
qwen3_0.6b_1024d,cn_def,ROOT-5DE8,-482.5,-223.16666666666666
qwen3_0.6b_1024d,cn_def,ROOT-5DF1,81.625,33.625
qwen3_0.6b_1024d,cn_def,ROOT-5DF4,-491.0,-406.85714285714283
qwen3_0.6b_1024d,cn_def,ROOT-5E0C,998.0,585.75
qwen3_0.6b_1024d,cn_def,ROOT-5E1D,-692.2,-631.0
qwen3_0.6b_1024d,cn_def,ROOT-5E72,96.125,100.0
qwen3_0.6b_1024d,cn_def,ROOT-5E73,451.8333333333333,659.3333333333334
qwen3_0.6b_1024d,cn_def,ROOT-5E7A,1232.8333333333333,1271.1666666666667
qwen3_0.6b_1024d,cn_def,ROOT-5EB6,-318.8333333333333,-309.1666666666667
qwen3_0.6b_1024d,cn_def,ROOT-5EFA,-389.5,-130.5
qwen3_0.6b_1024d,cn_def,ROOT-5F0B,320.0,390.8333333333333
qwen3_0.6b_1024d,cn_def,ROOT-5F17,59.285714285714285,38.57142857142857
qwen3_0.6b_1024d,cn_def,ROOT-5F1F,-78.77777777777777,-170.55555555555554
qwen3_0.6b_1024d,cn_def,ROOT-5F54,-576.0,-537.8
qwen3_0.6b_1024d,cn_def,ROOT-5F56,-918.25,-1369.5
qwen3_0.6b_1024d,cn_def,ROOT-5F9E,380.4,566.6
qwen3_0.6b_1024d,cn_def,ROOT-5FC5,488.4,721.8
qwen3_0.6b_1024d,cn_def,ROOT-610F,852.25,770.75
qwen3_0.6b_1024d,cn_def,ROOT-620D,-154.5,-177.83333333333334
qwen3_0.6b_1024d,cn_def,ROOT-6211,33.0,131.71428571428572
qwen3_0.6b_1024d,cn_def,ROOT-6214,183.45454545454547,200.27272727272728
qwen3_0.6b_1024d,cn_def,ROOT-6216,-85.16666666666667,-104.16666666666667
qwen3_0.6b_1024d,cn_def,ROOT-6236,311.8,567.0
qwen3_0.6b_1024d,cn_def,ROOT-6241,-425.57142857142856,-555.5714285714286
qwen3_0.6b_1024d,cn_def,ROOT-624B,7.428571428571429,-159.42857142857142
qwen3_0.6b_1024d,cn_def,ROOT-652F,401.72727272727275,265.45454545454544
qwen3_0.6b_1024d,cn_def,ROOT-6538,-2.1,48.4
qwen3_0.6b_1024d,cn_def,ROOT-6544,-161.75,-120.0
qwen3_0.6b_1024d,cn_def,ROOT-656B,706.0,316.5
qwen3_0.6b_1024d,cn_def,ROOT-6587,38.77777777777778,176.88888888888889
qwen3_0.6b_1024d,cn_def,ROOT-65A4,742.0769230769231,686.8461538461538
qwen3_0.6b_1024d,cn_def,ROOT-65AC,547.75,735.0
qwen3_0.6b_1024d,cn_def,ROOT-65B9,110.46153846153847,-9.615384615384615
qwen3_0.6b_1024d,cn_def,ROOT-65C1,215.0,130.5
qwen3_0.6b_1024d,cn_def,ROOT-65E6,13.23076923076923,81.38461538461539
qwen3_0.6b_1024d,cn_def,ROOT-65E8,9.5,14.0
qwen3_0.6b_1024d,cn_def,ROOT-65EC,223.57142857142858,130.71428571428572
qwen3_0.6b_1024d,cn_def,ROOT-6606,204.4,237.0
qwen3_0.6b_1024d,cn_def,ROOT-660C,504.0,257.25
qwen3_0.6b_1024d,cn_def,ROOT-6613,215.28571428571428,381.0
qwen3_0.6b_1024d,cn_def,ROOT-661C,25.3,83.5
qwen3_0.6b_1024d,cn_def,ROOT-661F,1043.0,627.75
qwen3_0.6b_1024d,cn_def,ROOT-662F,-151.5,-70.83333333333333
qwen3_0.6b_1024d,cn_def,ROOT-66FC,-129.0,-183.0
qwen3_0.6b_1024d,cn_def,ROOT-66FE,122.0,207.875
qwen3_0.6b_1024d,cn_def,ROOT-6701,12.25,-381.0
qwen3_0.6b_1024d,cn_def,ROOT-6703,513.4285714285714,555.4285714285714
qwen3_0.6b_1024d,cn_def,ROOT-670B,-267.6,-187.0
qwen3_0.6b_1024d,cn_def,ROOT-672A,430.0,22.5
qwen3_0.6b_1024d,cn_def,ROOT-6731,-147.77777777777777,-90.77777777777777
qwen3_0.6b_1024d,cn_def,ROOT-675F,381.0,485.75
qwen3_0.6b_1024d,cn_def,ROOT-6771,-562.75,-671.875
qwen3_0.6b_1024d,cn_def,ROOT-6797,-4.428571428571429,71.57142857142857
qwen3_0.6b_1024d,cn_def,ROOT-679C,-225.33333333333334,-349.44444444444446
qwen3_0.6b_1024d,cn_def,ROOT-67BC,50.166666666666664,-7.5
qwen3_0.6b_1024d,cn_def,ROOT-67EC,-233.72222222222223,-79.16666666666667
qwen3_0.6b_1024d,cn_def,ROOT-6A02,376.5,529.25
qwen3_0.6b_1024d,cn_def,ROOT-6B2E,-279.4,-330.2
qwen3_0.6b_1024d,cn_def,ROOT-6B63,-565.75,-712.0
qwen3_0.6b_1024d,cn_def,ROOT-6BB8,-324.75,-305.0
qwen3_0.6b_1024d,cn_def,ROOT-6BCE,348.2857142857143,495.7142857142857
qwen3_0.6b_1024d,cn_def,ROOT-6BD4,-190.5,-261.75
qwen3_0.6b_1024d,cn_def,ROOT-6BDA,238.4,342.2
qwen3_0.6b_1024d,cn_def,ROOT-6BDB,-275.0,-103.0
qwen3_0.6b_1024d,cn_def,ROOT-6C0F,-259.0,-298.75
qwen3_0.6b_1024d,cn_def,ROOT-6C10,145.75,250.5
qwen3_0.6b_1024d,cn_def,ROOT-708E,-103.0,-107.6
qwen3_0.6b_1024d,cn_def,ROOT-7097,-267.25,-300.8333333333333
qwen3_0.6b_1024d,cn_def,ROOT-722D,79.5,48.333333333333336
qwen3_0.6b_1024d,cn_def,ROOT-7230,-250.28571428571428,-208.85714285714286
qwen3_0.6b_1024d,cn_def,ROOT-7236,567.3636363636364,834.8181818181819
qwen3_0.6b_1024d,cn_def,ROOT-723F,175.375,354.625
qwen3_0.6b_1024d,cn_def,ROOT-7259,66.8,49.8
qwen3_0.6b_1024d,cn_def,ROOT-72AE,-186.5,-234.75
qwen3_0.6b_1024d,cn_def,ROOT-7384,31.166666666666668,68.83333333333333
qwen3_0.6b_1024d,cn_def,ROOT-74DC,115.25,-28.75
qwen3_0.6b_1024d,cn_def,ROOT-7518,3.7142857142857144,212.28571428571428
qwen3_0.6b_1024d,cn_def,ROOT-751A,2147.0,2241.4285714285716
qwen3_0.6b_1024d,cn_def,ROOT-751F,-66.16666666666667,-107.66666666666667
qwen3_0.6b_1024d,cn_def,ROOT-7528,-82.28571428571429,-29.857142857142858
qwen3_0.6b_1024d,cn_def,ROOT-752B,132.64705882352942,287.70588235294116
qwen3_0.6b_1024d,cn_def,ROOT-7531,-117.18181818181819,-78.72727272727273
qwen3_0.6b_1024d,cn_def,ROOT-7532,-44.375,72.25
qwen3_0.6b_1024d,cn_def,ROOT-7533,143.75,78.5
qwen3_0.6b_1024d,cn_def,ROOT-7550,-235.2,-165.0
qwen3_0.6b_1024d,cn_def,ROOT-757E,562.0,368.25
qwen3_0.6b_1024d,cn_def,ROOT-767D,19.615384615384617,79.23076923076923
qwen3_0.6b_1024d,cn_def,ROOT-7686,226.6,480.4
qwen3_0.6b_1024d,cn_def,ROOT-7687,-849.25,-443.5
qwen3_0.6b_1024d,cn_def,ROOT-76AE,-13.583333333333334,-26.25
qwen3_0.6b_1024d,cn_def,ROOT-76E3,-55.90909090909091,48.27272727272727
qwen3_0.6b_1024d,cn_def,ROOT-76F8,352.0,385.2
qwen3_0.6b_1024d,cn_def,ROOT-77DB,694.6,1305.8
qwen3_0.6b_1024d,cn_def,ROOT-77E2,252.2,418.4
qwen3_0.6b_1024d,cn_def,ROOT-77F3,-605.75,-543.75
qwen3_0.6b_1024d,cn_def,ROOT-79BA,-19.2,-166.6
qwen3_0.6b_1024d,cn_def,ROOT-79BB,237.4,141.2
qwen3_0.6b_1024d,cn_def,ROOT-79BE,-185.44444444444446,-313.55555555555554
qwen3_0.6b_1024d,cn_def,ROOT-79CB,-539.2,-732.0
qwen3_0.6b_1024d,cn_def,ROOT-7ACB,62.166666666666664,191.83333333333334
qwen3_0.6b_1024d,cn_def,ROOT-7AE0,380.0,276.75
qwen3_0.6b_1024d,cn_def,ROOT-7AE5,-467.14285714285717,-614.4285714285714
qwen3_0.6b_1024d,cn_def,ROOT-7F8A,535.7142857142857,518.4285714285714
qwen3_0.6b_1024d,cn_def,ROOT-7FA9,-294.2857142857143,-364.14285714285717
qwen3_0.6b_1024d,cn_def,ROOT-7FCF,1008.2,1161.2
qwen3_0.6b_1024d,cn_def,ROOT-7FDF,421.3333333333333,533.8333333333334
qwen3_0.6b_1024d,cn_def,ROOT-8011,663.8571428571429,1151.2857142857142
qwen3_0.6b_1024d,cn_def,ROOT-8033,1166.111111111111,1363.111111111111
qwen3_0.6b_1024d,cn_def,ROOT-8076,934.6,898.6
qwen3_0.6b_1024d,cn_def,ROOT-807F,234.66666666666666,294.0
qwen3_0.6b_1024d,cn_def,ROOT-8099,-135.33333333333334,-213.33333333333334
qwen3_0.6b_1024d,cn_def,ROOT-81E4,362.6666666666667,320.0
qwen3_0.6b_1024d,cn_def,ROOT-81F3,-317.57142857142856,-486.42857142857144
qwen3_0.6b_1024d,cn_def,ROOT-81FD,247.0,124.14285714285714
qwen3_0.6b_1024d,cn_def,ROOT-8200,471.0,351.8
qwen3_0.6b_1024d,cn_def,ROOT-8201,-19.75,-142.5
qwen3_0.6b_1024d,cn_def,ROOT-826F,365.7142857142857,272.7142857142857
qwen3_0.6b_1024d,cn_def,ROOT-82BB,25.75,35.0
qwen3_0.6b_1024d,cn_def,ROOT-830D,1427.5,1112.75
qwen3_0.6b_1024d,cn_def,ROOT-83AB,209.07142857142858,314.5
qwen3_0.6b_1024d,cn_def,ROOT-83D0,-294.8,-128.2
qwen3_0.6b_1024d,cn_def,ROOT-84A6,-109.25,231.5
qwen3_0.6b_1024d,cn_def,ROOT-8700,-76.625,-43.5
qwen3_0.6b_1024d,cn_def,ROOT-8944,-55.25,-26.625
qwen3_0.6b_1024d,cn_def,ROOT-898B,-558.6,-354.0
qwen3_0.6b_1024d,cn_def,ROOT-8A79,80.0,49.666666666666664
qwen3_0.6b_1024d,cn_def,ROOT-8C37,239.3,255.0
qwen3_0.6b_1024d,cn_def,ROOT-8C46,410.9,204.6
qwen3_0.6b_1024d,cn_def,ROOT-8C48,-28.0,-75.85714285714286
qwen3_0.6b_1024d,cn_def,ROOT-8C66,-404.0,-405.5
qwen3_0.6b_1024d,cn_def,ROOT-8C9E,-391.25,-263.75
qwen3_0.6b_1024d,cn_def,ROOT-8CAC,-73.0,201.0
qwen3_0.6b_1024d,cn_def,ROOT-8CCF,-47.0,-103.85714285714286
qwen3_0.6b_1024d,cn_def,ROOT-8DB3,1348.0,1991.5
qwen3_0.6b_1024d,cn_def,ROOT-8ECD,-161.88888888888889,-105.88888888888889
qwen3_0.6b_1024d,cn_def,ROOT-8F9F,-56.90909090909091,-45.18181818181818
qwen3_0.6b_1024d,cn_def,ROOT-8FA1,570.6,784.0
qwen3_0.6b_1024d,cn_def,ROOT-8FB0,-209.0,-148.28571428571428
qwen3_0.6b_1024d,cn_def,ROOT-8FB1,317.75,778.75
qwen3_0.6b_1024d,cn_def,ROOT-9023,348.0,306.25
qwen3_0.6b_1024d,cn_def,ROOT-91C6,-184.54545454545453,-221.9090909090909
qwen3_0.6b_1024d,cn_def,ROOT-91CC,259.2857142857143,428.0
qwen3_0.6b_1024d,cn_def,ROOT-9577,921.1666666666666,1084.1666666666667
qwen3_0.6b_1024d,cn_def,ROOT-9580,165.83333333333334,96.16666666666667
qwen3_0.6b_1024d,cn_def,ROOT-96B9,272.1111111111111,290.3333333333333
qwen3_0.6b_1024d,cn_def,ROOT-9700,569.3333333333334,536.8333333333334
qwen3_0.6b_1024d,cn_def,ROOT-9752,214.16666666666666,264.6666666666667
qwen3_0.6b_1024d,cn_def,ROOT-975E,63.75,118.5
qwen3_0.6b_1024d,cn_def,ROOT-9AD8,-12.0,63.2
qwen3_0.6b_1024d,cn_def,ROOT-9B3C,-223.75,-448.75
qwen3_0.6b_1024d,cn_def,ROOT-9E7F,-112.5,253.5
qwen3_0.6b_1024d,cn_def,ROOT-9F4A,-170.66666666666666,-349.3333333333333
qwen3_0.6b_1024d,cn_def,ROOT-9F8D,25.125,-5.5
qwen3_0.6b_1024d,en_def_translated_cn_def,ROOT-20000,38.0,61.7
qwen3_0.6b_1024d,en_def_translated_cn_def,ROOT-200A4,185.25,89.25
qwen3_0.6b_1024d,en_def_translated_cn_def,ROOT-2123C,249.0,668.0
qwen3_0.6b_1024d,en_def_translated_cn_def,ROOT-219CD,660.8888888888889,702.0
qwen3_0.6b_1024d,en_def_translated_cn_def,ROOT-21FE7,-808.5,-908.25
qwen3_0.6b_1024d,en_def_translated_cn_def,ROOT-23386,-1030.5,-1031.25
qwen3_0.6b_1024d,en_def_translated_cn_def,ROOT-233DF,-216.5,-171.66666666666666
qwen3_0.6b_1024d,en_def_translated_cn_def,ROOT-2394F,-117.875,-36.1875
qwen3_0.6b_1024d,en_def_translated_cn_def,ROOT-239BC,363.0,612.75
qwen3_0.6b_1024d,en_def_translated_cn_def,ROOT-23A8A,-83.2,161.4
qwen3_0.6b_1024d,en_def_translated_cn_def,ROOT-25055,239.5,317.25
qwen3_0.6b_1024d,en_def_translated_cn_def,ROOT-271A3,-260.8181818181818,-354.45454545454544
qwen3_0.6b_1024d,en_def_translated_cn_def,ROOT-27DA0,764.1666666666666,740.1666666666666
qwen3_0.6b_1024d,en_def_translated_cn_def,ROOT-3431,26.142857142857142,-58.42857142857143
qwen3_0.6b_1024d,en_def_translated_cn_def,ROOT-34BC,-135.0,-91.75
qwen3_0.6b_1024d,en_def_translated_cn_def,ROOT-34DE,57.375,198.75
qwen3_0.6b_1024d,en_def_translated_cn_def,ROOT-3563,379.15384615384613,515.6153846153846
qwen3_0.6b_1024d,en_def_translated_cn_def,ROOT-37A2,290.0833333333333,475.3333333333333
qwen3_0.6b_1024d,en_def_translated_cn_def,ROOT-382F,76.6,256.6
qwen3_0.6b_1024d,en_def_translated_cn_def,ROOT-3840,576.25,467.25
qwen3_0.6b_1024d,en_def_translated_cn_def,ROOT-39B0,87.2,122.2
qwen3_0.6b_1024d,en_def_translated_cn_def,ROOT-4020,425.25,228.5
qwen3_0.6b_1024d,en_def_translated_cn_def,ROOT-41C2,-149.53333333333333,-94.13333333333334
qwen3_0.6b_1024d,en_def_translated_cn_def,ROOT-4343,50.25,-391.5
qwen3_0.6b_1024d,en_def_translated_cn_def,ROOT-470C,-84.36363636363636,191.63636363636363
qwen3_0.6b_1024d,en_def_translated_cn_def,ROOT-4E00,438.5,583.25
qwen3_0.6b_1024d,en_def_translated_cn_def,ROOT-4E01,223.42857142857142,482.7142857142857
qwen3_0.6b_1024d,en_def_translated_cn_def,ROOT-4E02,-526.0,-860.5
qwen3_0.6b_1024d,en_def_translated_cn_def,ROOT-4E0D,152.0,298.6
qwen3_0.6b_1024d,en_def_translated_cn_def,ROOT-4E11,-56.75,366.25
qwen3_0.6b_1024d,en_def_translated_cn_def,ROOT-4E14,-233.6875,-159.875
qwen3_0.6b_1024d,en_def_translated_cn_def,ROOT-4E29,29.75,504.25
qwen3_0.6b_1024d,en_def_translated_cn_def,ROOT-4E2D,-548.1666666666666,-320.1666666666667
qwen3_0.6b_1024d,en_def_translated_cn_def,ROOT-4E30,-342.3333333333333,-311.8333333333333
qwen3_0.6b_1024d,en_def_translated_cn_def,ROOT-4E36,-404.7142857142857,12.142857142857142
qwen3_0.6b_1024d,en_def_translated_cn_def,ROOT-4E3F,132.6,165.53333333333333
qwen3_0.6b_1024d,en_def_translated_cn_def,ROOT-4E43,-228.75,26.0
qwen3_0.6b_1024d,en_def_translated_cn_def,ROOT-4E47,18.0,-142.2
qwen3_0.6b_1024d,en_def_translated_cn_def,ROOT-4E4D,253.8181818181818,185.0909090909091
qwen3_0.6b_1024d,en_def_translated_cn_def,ROOT-4E4F,-210.6,-220.4
qwen3_0.6b_1024d,en_def_translated_cn_def,ROOT-4E59,-501.75,-483.0
qwen3_0.6b_1024d,en_def_translated_cn_def,ROOT-4E5D,128.14285714285714,221.14285714285714
qwen3_0.6b_1024d,en_def_translated_cn_def,ROOT-4E5F,-417.5,-686.5
qwen3_0.6b_1024d,en_def_translated_cn_def,ROOT-4E88,195.0,262.57142857142856
qwen3_0.6b_1024d,en_def_translated_cn_def,ROOT-4E8C,614.2857142857143,968.1428571428571
qwen3_0.6b_1024d,en_def_translated_cn_def,ROOT-4E8E,-238.2,-217.6
qwen3_0.6b_1024d,en_def_translated_cn_def,ROOT-4E8F,-118.4,-193.4
qwen3_0.6b_1024d,en_def_translated_cn_def,ROOT-4E91,291.0,264.2
qwen3_0.6b_1024d,en_def_translated_cn_def,ROOT-4E94,136.45454545454547,245.45454545454547
qwen3_0.6b_1024d,en_def_translated_cn_def,ROOT-4E9E,-878.0,-681.75
qwen3_0.6b_1024d,en_def_translated_cn_def,ROOT-4EA1,-69.25,-96.75
qwen3_0.6b_1024d,en_def_translated_cn_def,ROOT-4EA2,423.6666666666667,498.22222222222223
qwen3_0.6b_1024d,en_def_translated_cn_def,ROOT-4EA4,340.25,535.6666666666666
qwen3_0.6b_1024d,en_def_translated_cn_def,ROOT-4EA5,-106.33333333333333,-52.416666666666664
qwen3_0.6b_1024d,en_def_translated_cn_def,ROOT-4EAC,27.285714285714285,-235.28571428571428
qwen3_0.6b_1024d,en_def_translated_cn_def,ROOT-4ECA,50.095238095238095,42.19047619047619
qwen3_0.6b_1024d,en_def_translated_cn_def,ROOT-4EE4,98.92307692307692,75.46153846153847
qwen3_0.6b_1024d,en_def_translated_cn_def,ROOT-4F59,60.0,124.85714285714286
qwen3_0.6b_1024d,en_def_translated_cn_def,ROOT-4F96,-70.0,-92.57142857142857
qwen3_0.6b_1024d,en_def_translated_cn_def,ROOT-5009,-350.0,26.75
qwen3_0.6b_1024d,en_def_translated_cn_def,ROOT-501D,-441.0,-78.6
qwen3_0.6b_1024d,en_def_translated_cn_def,ROOT-50C9,81.8,195.2
qwen3_0.6b_1024d,en_def_translated_cn_def,ROOT-5143,-234.5,-278.125
qwen3_0.6b_1024d,en_def_translated_cn_def,ROOT-5146,315.22222222222223,273.0
qwen3_0.6b_1024d,en_def_translated_cn_def,ROOT-5149,-489.6,-314.8
qwen3_0.6b_1024d,en_def_translated_cn_def,ROOT-514D,616.1666666666666,430.0
qwen3_0.6b_1024d,en_def_translated_cn_def,ROOT-5152,671.25,1076.0
qwen3_0.6b_1024d,en_def_translated_cn_def,ROOT-5165,-1002.5,-224.5
qwen3_0.6b_1024d,en_def_translated_cn_def,ROOT-5168,118.8,260.6
qwen3_0.6b_1024d,en_def_translated_cn_def,ROOT-516A,236.5,396.9
qwen3_0.6b_1024d,en_def_translated_cn_def,ROOT-516C,-160.57142857142858,-280.14285714285717
qwen3_0.6b_1024d,en_def_translated_cn_def,ROOT-5171,683.4285714285714,938.2857142857143
qwen3_0.6b_1024d,en_def_translated_cn_def,ROOT-5176,206.9,205.4
qwen3_0.6b_1024d,en_def_translated_cn_def,ROOT-517C,284.875,323.375
qwen3_0.6b_1024d,en_def_translated_cn_def,ROOT-5183,251.2,405.4
qwen3_0.6b_1024d,en_def_translated_cn_def,ROOT-518E,-145.54545454545453,272.0
qwen3_0.6b_1024d,en_def_translated_cn_def,ROOT-5193,668.2857142857143,910.2857142857143
qwen3_0.6b_1024d,en_def_translated_cn_def,ROOT-5198,29.333333333333332,163.66666666666666
qwen3_0.6b_1024d,en_def_translated_cn_def,ROOT-51A5,-494.75,-167.75
qwen3_0.6b_1024d,en_def_translated_cn_def,ROOT-51E0,-364.0,-494.4
qwen3_0.6b_1024d,en_def_translated_cn_def,ROOT-51E1,-422.0,-200.57142857142858
qwen3_0.6b_1024d,en_def_translated_cn_def,ROOT-51FA,2301.0,3212.5
qwen3_0.6b_1024d,en_def_translated_cn_def,ROOT-5200,258.61538461538464,284.0769230769231
qwen3_0.6b_1024d,en_def_translated_cn_def,ROOT-5203,94.5,193.16666666666666
qwen3_0.6b_1024d,en_def_translated_cn_def,ROOT-5206,375.2142857142857,544.7142857142857
qwen3_0.6b_1024d,en_def_translated_cn_def,ROOT-5247,-77.25,-73.5
qwen3_0.6b_1024d,en_def_translated_cn_def,ROOT-529B,332.61538461538464,474.15384615384613
qwen3_0.6b_1024d,en_def_translated_cn_def,ROOT-52F9,-16.555555555555557,197.11111111111111
qwen3_0.6b_1024d,en_def_translated_cn_def,ROOT-52FA,738.8571428571429,714.4285714285714
qwen3_0.6b_1024d,en_def_translated_cn_def,ROOT-52FF,43.166666666666664,759.3333333333334
qwen3_0.6b_1024d,en_def_translated_cn_def,ROOT-5303,4.285714285714286,86.78571428571429
qwen3_0.6b_1024d,en_def_translated_cn_def,ROOT-5305,51.69230769230769,23.153846153846153
qwen3_0.6b_1024d,en_def_translated_cn_def,ROOT-5315,267.25,325.25
qwen3_0.6b_1024d,en_def_translated_cn_def,ROOT-5340,-89.23076923076923,-65.38461538461539
qwen3_0.6b_1024d,en_def_translated_cn_def,ROOT-5348,-224.5,-164.25
qwen3_0.6b_1024d,en_def_translated_cn_def,ROOT-5349,-41.5,-12.0
qwen3_0.6b_1024d,en_def_translated_cn_def,ROOT-534A,226.85714285714286,340.14285714285717
qwen3_0.6b_1024d,en_def_translated_cn_def,ROOT-5351,140.0909090909091,127.36363636363636
qwen3_0.6b_1024d,en_def_translated_cn_def,ROOT-5352,410.2,579.4
qwen3_0.6b_1024d,en_def_translated_cn_def,ROOT-5353,-154.8,357.4
qwen3_0.6b_1024d,en_def_translated_cn_def,ROOT-535C,329.0,804.75
qwen3_0.6b_1024d,en_def_translated_cn_def,ROOT-5360,381.0833333333333,553.4166666666666
qwen3_0.6b_1024d,en_def_translated_cn_def,ROOT-5377,442.8,378.6
qwen3_0.6b_1024d,en_def_translated_cn_def,ROOT-539F,-339.25,-191.75
qwen3_0.6b_1024d,en_def_translated_cn_def,ROOT-53B6,409.9375,466.375
qwen3_0.6b_1024d,en_def_translated_cn_def,ROOT-53B7,310.75,348.5
qwen3_0.6b_1024d,en_def_translated_cn_def,ROOT-53C3,239.0,78.2
qwen3_0.6b_1024d,en_def_translated_cn_def,ROOT-53C8,349.64285714285717,400.07142857142856
qwen3_0.6b_1024d,en_def_translated_cn_def,ROOT-53CA,63.142857142857146,-112.85714285714286
qwen3_0.6b_1024d,en_def_translated_cn_def,ROOT-53CD,69.8,44.2
qwen3_0.6b_1024d,en_def_translated_cn_def,ROOT-53D5,41.0,470.75
qwen3_0.6b_1024d,en_def_translated_cn_def,ROOT-53DA,-71.66666666666667,-65.0
qwen3_0.6b_1024d,en_def_translated_cn_def,ROOT-53E4,-8.916666666666666,86.45833333333333
qwen3_0.6b_1024d,en_def_translated_cn_def,ROOT-53F8,281.0,262.5
qwen3_0.6b_1024d,en_def_translated_cn_def,ROOT-5404,-67.33333333333333,-31.75
qwen3_0.6b_1024d,en_def_translated_cn_def,ROOT-5405,110.875,219.25
qwen3_0.6b_1024d,en_def_translated_cn_def,ROOT-5408,145.4375,428.9375
qwen3_0.6b_1024d,en_def_translated_cn_def,ROOT-5409,-72.88888888888889,30.88888888888889
qwen3_0.6b_1024d,en_def_translated_cn_def,ROOT-540C,126.83333333333333,138.16666666666666
qwen3_0.6b_1024d,en_def_translated_cn_def,ROOT-544A,368.75,283.5
qwen3_0.6b_1024d,en_def_translated_cn_def,ROOT-5468,-174.3,-299.5
qwen3_0.6b_1024d,en_def_translated_cn_def,ROOT-54B8,958.25,1571.875
qwen3_0.6b_1024d,en_def_translated_cn_def,ROOT-54E1,591.75,842.5
qwen3_0.6b_1024d,en_def_translated_cn_def,ROOT-55AE,-116.5,-28.9
qwen3_0.6b_1024d,en_def_translated_cn_def,ROOT-55BF,4.666666666666667,41.166666666666664
qwen3_0.6b_1024d,en_def_translated_cn_def,ROOT-56D7,-50.5,-27.25
qwen3_0.6b_1024d,en_def_translated_cn_def,ROOT-56FA,301.0,185.25
qwen3_0.6b_1024d,en_def_translated_cn_def,ROOT-571F,-425.0,-66.8
qwen3_0.6b_1024d,en_def_translated_cn_def,ROOT-572D,96.125,-63.625
qwen3_0.6b_1024d,en_def_translated_cn_def,ROOT-5807,469.4,849.0
qwen3_0.6b_1024d,en_def_translated_cn_def,ROOT-582F,305.46153846153845,365.46153846153845
qwen3_0.6b_1024d,en_def_translated_cn_def,ROOT-58EC,124.75,124.875
qwen3_0.6b_1024d,en_def_translated_cn_def,ROOT-58F4,2034.25,2495.5
qwen3_0.6b_1024d,en_def_translated_cn_def,ROOT-590B,-0.6666666666666666,190.11111111111111
qwen3_0.6b_1024d,en_def_translated_cn_def,ROOT-590C,834.75,1084.75
qwen3_0.6b_1024d,en_def_translated_cn_def,ROOT-5917,-330.0,-49.2
qwen3_0.6b_1024d,en_def_translated_cn_def,ROOT-591A,260.25,352.5
qwen3_0.6b_1024d,en_def_translated_cn_def,ROOT-5929,218.5,372.5
qwen3_0.6b_1024d,en_def_translated_cn_def,ROOT-592D,286.25,101.75
qwen3_0.6b_1024d,en_def_translated_cn_def,ROOT-592E,-180.88888888888889,-185.66666666666666
qwen3_0.6b_1024d,en_def_translated_cn_def,ROOT-593E,244.25,384.125
qwen3_0.6b_1024d,en_def_translated_cn_def,ROOT-5950,471.25,848.0
qwen3_0.6b_1024d,en_def_translated_cn_def,ROOT-5967,-429.5,-718.75
qwen3_0.6b_1024d,en_def_translated_cn_def,ROOT-5973,223.0,150.71428571428572
qwen3_0.6b_1024d,en_def_translated_cn_def,ROOT-5A41,-228.54545454545453,-126.18181818181819
qwen3_0.6b_1024d,en_def_translated_cn_def,ROOT-5B5A,187.4,148.0
qwen3_0.6b_1024d,en_def_translated_cn_def,ROOT-5B83,-858.5714285714286,-357.42857142857144
qwen3_0.6b_1024d,en_def_translated_cn_def,ROOT-5B89,-62.75,-185.25
qwen3_0.6b_1024d,en_def_translated_cn_def,ROOT-5B97,-181.33333333333334,-130.0
qwen3_0.6b_1024d,en_def_translated_cn_def,ROOT-5B98,98.6,45.6
qwen3_0.6b_1024d,en_def_translated_cn_def,ROOT-5BB3,-318.75,-611.25
qwen3_0.6b_1024d,en_def_translated_cn_def,ROOT-5BCD,-319.6,-124.0
qwen3_0.6b_1024d,en_def_translated_cn_def,ROOT-5BF8,-293.75,-118.25
qwen3_0.6b_1024d,en_def_translated_cn_def,ROOT-5C07,169.5,288.25
qwen3_0.6b_1024d,en_def_translated_cn_def,ROOT-5C08,-268.0,-261.4
qwen3_0.6b_1024d,en_def_translated_cn_def,ROOT-5C0F,20.235294117647058,14.470588235294118
qwen3_0.6b_1024d,en_def_translated_cn_def,ROOT-5C17,-311.75,-432.875
qwen3_0.6b_1024d,en_def_translated_cn_def,ROOT-5C1A,77.75,147.6
qwen3_0.6b_1024d,en_def_translated_cn_def,ROOT-5C39,-193.5,-553.0
qwen3_0.6b_1024d,en_def_translated_cn_def,ROOT-5C4B,-282.0,-486.4
qwen3_0.6b_1024d,en_def_translated_cn_def,ROOT-5C6F,-272.0,-372.0
qwen3_0.6b_1024d,en_def_translated_cn_def,ROOT-5C70,659.75,1138.5
qwen3_0.6b_1024d,en_def_translated_cn_def,ROOT-5CA1,-129.0,-252.25
qwen3_0.6b_1024d,en_def_translated_cn_def,ROOT-5DDD,-588.75,-958.25
qwen3_0.6b_1024d,en_def_translated_cn_def,ROOT-5DE0,-91.57142857142857,-123.0
qwen3_0.6b_1024d,en_def_translated_cn_def,ROOT-5DE4,-750.5,-697.75
qwen3_0.6b_1024d,en_def_translated_cn_def,ROOT-5DE5,-15.210526315789474,192.42105263157896
qwen3_0.6b_1024d,en_def_translated_cn_def,ROOT-5DE8,-369.0,-523.6666666666666
qwen3_0.6b_1024d,en_def_translated_cn_def,ROOT-5DF1,157.375,260.625
qwen3_0.6b_1024d,en_def_translated_cn_def,ROOT-5DF4,-440.85714285714283,-349.7142857142857
qwen3_0.6b_1024d,en_def_translated_cn_def,ROOT-5E0C,757.75,226.25
qwen3_0.6b_1024d,en_def_translated_cn_def,ROOT-5E1D,-1032.6,-1433.8
qwen3_0.6b_1024d,en_def_translated_cn_def,ROOT-5E72,129.75,158.1875
qwen3_0.6b_1024d,en_def_translated_cn_def,ROOT-5E73,448.0,375.0
qwen3_0.6b_1024d,en_def_translated_cn_def,ROOT-5E7A,334.5,534.6666666666666
qwen3_0.6b_1024d,en_def_translated_cn_def,ROOT-5EB6,-633.6666666666666,-454.1666666666667
qwen3_0.6b_1024d,en_def_translated_cn_def,ROOT-5EFA,-492.5,-192.75
qwen3_0.6b_1024d,en_def_translated_cn_def,ROOT-5F0B,118.91666666666667,266.8333333333333
qwen3_0.6b_1024d,en_def_translated_cn_def,ROOT-5F17,-56.857142857142854,37.857142857142854
qwen3_0.6b_1024d,en_def_translated_cn_def,ROOT-5F1F,115.11111111111111,264.77777777777777
qwen3_0.6b_1024d,en_def_translated_cn_def,ROOT-5F54,-617.8,-1219.8
qwen3_0.6b_1024d,en_def_translated_cn_def,ROOT-5F56,-402.5,-511.25
qwen3_0.6b_1024d,en_def_translated_cn_def,ROOT-5F9E,74.8,302.0
qwen3_0.6b_1024d,en_def_translated_cn_def,ROOT-5FC5,-257.2,-175.8
qwen3_0.6b_1024d,en_def_translated_cn_def,ROOT-610F,689.75,629.0
qwen3_0.6b_1024d,en_def_translated_cn_def,ROOT-620D,-379.5,-371.3333333333333
qwen3_0.6b_1024d,en_def_translated_cn_def,ROOT-6211,-4.857142857142857,734.7142857142857
qwen3_0.6b_1024d,en_def_translated_cn_def,ROOT-6214,127.72727272727273,28.181818181818183
qwen3_0.6b_1024d,en_def_translated_cn_def,ROOT-6216,-571.3333333333334,-765.3333333333334
qwen3_0.6b_1024d,en_def_translated_cn_def,ROOT-6236,72.4,483.2
qwen3_0.6b_1024d,en_def_translated_cn_def,ROOT-6241,-458.85714285714283,206.14285714285714
qwen3_0.6b_1024d,en_def_translated_cn_def,ROOT-624B,679.7142857142857,739.1428571428571
qwen3_0.6b_1024d,en_def_translated_cn_def,ROOT-652F,670.5454545454545,355.6363636363636
qwen3_0.6b_1024d,en_def_translated_cn_def,ROOT-6538,-84.4,39.5
qwen3_0.6b_1024d,en_def_translated_cn_def,ROOT-6544,163.25,462.75
qwen3_0.6b_1024d,en_def_translated_cn_def,ROOT-656B,110.25,25.25
qwen3_0.6b_1024d,en_def_translated_cn_def,ROOT-6587,-12.666666666666666,242.55555555555554
qwen3_0.6b_1024d,en_def_translated_cn_def,ROOT-65A4,102.3076923076923,88.61538461538461
qwen3_0.6b_1024d,en_def_translated_cn_def,ROOT-65AC,173.25,505.5
qwen3_0.6b_1024d,en_def_translated_cn_def,ROOT-65B9,250.76923076923077,136.6153846153846
qwen3_0.6b_1024d,en_def_translated_cn_def,ROOT-65C1,158.75,393.75
qwen3_0.6b_1024d,en_def_translated_cn_def,ROOT-65E6,187.76923076923077,444.3076923076923
qwen3_0.6b_1024d,en_def_translated_cn_def,ROOT-65E8,6.166666666666667,14.833333333333334
qwen3_0.6b_1024d,en_def_translated_cn_def,ROOT-65EC,-211.57142857142858,-295.57142857142856
qwen3_0.6b_1024d,en_def_translated_cn_def,ROOT-6606,135.6,360.2
qwen3_0.6b_1024d,en_def_translated_cn_def,ROOT-660C,1299.5,892.75
qwen3_0.6b_1024d,en_def_translated_cn_def,ROOT-6613,276.85714285714283,406.57142857142856
qwen3_0.6b_1024d,en_def_translated_cn_def,ROOT-661C,-98.2,-39.2
qwen3_0.6b_1024d,en_def_translated_cn_def,ROOT-661F,768.5,970.25
qwen3_0.6b_1024d,en_def_translated_cn_def,ROOT-662F,-6.0,-19.833333333333332
qwen3_0.6b_1024d,en_def_translated_cn_def,ROOT-66FC,-208.66666666666666,-252.77777777777777
qwen3_0.6b_1024d,en_def_translated_cn_def,ROOT-66FE,-329.375,-385.375
qwen3_0.6b_1024d,en_def_translated_cn_def,ROOT-6701,823.75,300.75
qwen3_0.6b_1024d,en_def_translated_cn_def,ROOT-6703,-251.71428571428572,-53.285714285714285
qwen3_0.6b_1024d,en_def_translated_cn_def,ROOT-670B,11.4,-96.0
qwen3_0.6b_1024d,en_def_translated_cn_def,ROOT-672A,93.0,-97.5
qwen3_0.6b_1024d,en_def_translated_cn_def,ROOT-6731,51.333333333333336,39.77777777777778
qwen3_0.6b_1024d,en_def_translated_cn_def,ROOT-675F,-189.5,248.0
qwen3_0.6b_1024d,en_def_translated_cn_def,ROOT-6771,-157.125,42.25
qwen3_0.6b_1024d,en_def_translated_cn_def,ROOT-6797,155.71428571428572,337.57142857142856
qwen3_0.6b_1024d,en_def_translated_cn_def,ROOT-679C,-121.44444444444444,-259.77777777777777
qwen3_0.6b_1024d,en_def_translated_cn_def,ROOT-67BC,168.16666666666666,258.5
qwen3_0.6b_1024d,en_def_translated_cn_def,ROOT-67EC,-181.61111111111111,-160.27777777777777
qwen3_0.6b_1024d,en_def_translated_cn_def,ROOT-6A02,-630.0,-511.5
qwen3_0.6b_1024d,en_def_translated_cn_def,ROOT-6B2E,-65.4,45.8
qwen3_0.6b_1024d,en_def_translated_cn_def,ROOT-6B63,-774.5,-1184.5
qwen3_0.6b_1024d,en_def_translated_cn_def,ROOT-6BB8,-5.0,-136.5
qwen3_0.6b_1024d,en_def_translated_cn_def,ROOT-6BCE,275.0,550.0
qwen3_0.6b_1024d,en_def_translated_cn_def,ROOT-6BD4,76.25,-70.5
qwen3_0.6b_1024d,en_def_translated_cn_def,ROOT-6BDA,206.2,106.4
qwen3_0.6b_1024d,en_def_translated_cn_def,ROOT-6BDB,62.25,139.75
qwen3_0.6b_1024d,en_def_translated_cn_def,ROOT-6C0F,-39.75,-165.25
qwen3_0.6b_1024d,en_def_translated_cn_def,ROOT-6C10,262.375,36.375
qwen3_0.6b_1024d,en_def_translated_cn_def,ROOT-708E,-367.2,-159.4
qwen3_0.6b_1024d,en_def_translated_cn_def,ROOT-7097,-147.58333333333334,-305.5
qwen3_0.6b_1024d,en_def_translated_cn_def,ROOT-722D,79.16666666666667,96.5
qwen3_0.6b_1024d,en_def_translated_cn_def,ROOT-7230,-590.0,-516.5714285714286
qwen3_0.6b_1024d,en_def_translated_cn_def,ROOT-7236,577.1818181818181,788.2727272727273
qwen3_0.6b_1024d,en_def_translated_cn_def,ROOT-723F,359.625,690.375
qwen3_0.6b_1024d,en_def_translated_cn_def,ROOT-7259,-71.4,-62.2
qwen3_0.6b_1024d,en_def_translated_cn_def,ROOT-72AE,-309.0,-304.25
qwen3_0.6b_1024d,en_def_translated_cn_def,ROOT-7384,-56.166666666666664,-74.83333333333333
qwen3_0.6b_1024d,en_def_translated_cn_def,ROOT-74DC,208.5,-13.0
qwen3_0.6b_1024d,en_def_translated_cn_def,ROOT-7518,-231.71428571428572,-24.0
qwen3_0.6b_1024d,en_def_translated_cn_def,ROOT-751A,633.2857142857143,1140.857142857143
qwen3_0.6b_1024d,en_def_translated_cn_def,ROOT-751F,267.1666666666667,261.1666666666667
qwen3_0.6b_1024d,en_def_translated_cn_def,ROOT-7528,-77.0,178.64285714285714
qwen3_0.6b_1024d,en_def_translated_cn_def,ROOT-752B,59.588235294117645,284.2352941176471
qwen3_0.6b_1024d,en_def_translated_cn_def,ROOT-7531,91.63636363636364,151.45454545454547
qwen3_0.6b_1024d,en_def_translated_cn_def,ROOT-7532,-405.75,-258.0
qwen3_0.6b_1024d,en_def_translated_cn_def,ROOT-7533,211.5,284.75
qwen3_0.6b_1024d,en_def_translated_cn_def,ROOT-7550,-215.8,-260.0
qwen3_0.6b_1024d,en_def_translated_cn_def,ROOT-757E,498.75,527.5
qwen3_0.6b_1024d,en_def_translated_cn_def,ROOT-767D,-15.692307692307692,86.84615384615384
qwen3_0.6b_1024d,en_def_translated_cn_def,ROOT-7686,-397.2,93.0
qwen3_0.6b_1024d,en_def_translated_cn_def,ROOT-7687,214.25,928.25
qwen3_0.6b_1024d,en_def_translated_cn_def,ROOT-76AE,-52.666666666666664,-130.66666666666666
qwen3_0.6b_1024d,en_def_translated_cn_def,ROOT-76E3,-178.0909090909091,37.36363636363637
qwen3_0.6b_1024d,en_def_translated_cn_def,ROOT-76F8,-310.4,-493.4
qwen3_0.6b_1024d,en_def_translated_cn_def,ROOT-77DB,517.4,789.4
qwen3_0.6b_1024d,en_def_translated_cn_def,ROOT-77E2,644.8,924.4
qwen3_0.6b_1024d,en_def_translated_cn_def,ROOT-77F3,-737.5,-972.5
qwen3_0.6b_1024d,en_def_translated_cn_def,ROOT-79BA,-463.0,-213.2
qwen3_0.6b_1024d,en_def_translated_cn_def,ROOT-79BB,193.2,32.0
qwen3_0.6b_1024d,en_def_translated_cn_def,ROOT-79BE,-49.111111111111114,-127.88888888888889
qwen3_0.6b_1024d,en_def_translated_cn_def,ROOT-79CB,-417.4,-851.6
qwen3_0.6b_1024d,en_def_translated_cn_def,ROOT-7ACB,-97.0,21.666666666666668
qwen3_0.6b_1024d,en_def_translated_cn_def,ROOT-7AE0,101.0,473.25
qwen3_0.6b_1024d,en_def_translated_cn_def,ROOT-7AE5,-134.14285714285714,10.428571428571429
qwen3_0.6b_1024d,en_def_translated_cn_def,ROOT-7F8A,67.57142857142857,110.42857142857143
qwen3_0.6b_1024d,en_def_translated_cn_def,ROOT-7FA9,22.714285714285715,-156.28571428571428
qwen3_0.6b_1024d,en_def_translated_cn_def,ROOT-7FCF,695.0,1011.6
qwen3_0.6b_1024d,en_def_translated_cn_def,ROOT-7FDF,445.8333333333333,856.1666666666666
qwen3_0.6b_1024d,en_def_translated_cn_def,ROOT-8011,615.8571428571429,1164.4285714285713
qwen3_0.6b_1024d,en_def_translated_cn_def,ROOT-8033,721.3333333333334,776.0
qwen3_0.6b_1024d,en_def_translated_cn_def,ROOT-8076,-112.0,293.2
qwen3_0.6b_1024d,en_def_translated_cn_def,ROOT-807F,243.33333333333334,139.83333333333334
qwen3_0.6b_1024d,en_def_translated_cn_def,ROOT-8099,42.0,167.0
qwen3_0.6b_1024d,en_def_translated_cn_def,ROOT-81E4,136.16666666666666,164.33333333333334
qwen3_0.6b_1024d,en_def_translated_cn_def,ROOT-81F3,-69.85714285714286,18.142857142857142
qwen3_0.6b_1024d,en_def_translated_cn_def,ROOT-81FD,84.0,-7.857142857142857
qwen3_0.6b_1024d,en_def_translated_cn_def,ROOT-8200,-0.6,-172.6
qwen3_0.6b_1024d,en_def_translated_cn_def,ROOT-8201,-3.0,-100.25
qwen3_0.6b_1024d,en_def_translated_cn_def,ROOT-826F,139.28571428571428,205.14285714285714
qwen3_0.6b_1024d,en_def_translated_cn_def,ROOT-82BB,-2.25,1.75
qwen3_0.6b_1024d,en_def_translated_cn_def,ROOT-830D,444.5,762.0
qwen3_0.6b_1024d,en_def_translated_cn_def,ROOT-83AB,-99.64285714285714,99.0
qwen3_0.6b_1024d,en_def_translated_cn_def,ROOT-83D0,-217.6,-164.0
qwen3_0.6b_1024d,en_def_translated_cn_def,ROOT-84A6,-609.0,-643.0
qwen3_0.6b_1024d,en_def_translated_cn_def,ROOT-8700,-31.375,-39.625
qwen3_0.6b_1024d,en_def_translated_cn_def,ROOT-8944,364.0,612.875
qwen3_0.6b_1024d,en_def_translated_cn_def,ROOT-898B,-385.2,-187.0
qwen3_0.6b_1024d,en_def_translated_cn_def,ROOT-8A79,478.55555555555554,743.1111111111111
qwen3_0.6b_1024d,en_def_translated_cn_def,ROOT-8C37,258.7,257.4
qwen3_0.6b_1024d,en_def_translated_cn_def,ROOT-8C46,350.1,399.3
qwen3_0.6b_1024d,en_def_translated_cn_def,ROOT-8C48,-116.85714285714286,-93.0
qwen3_0.6b_1024d,en_def_translated_cn_def,ROOT-8C66,-628.75,-564.5
qwen3_0.6b_1024d,en_def_translated_cn_def,ROOT-8C9E,-400.25,-444.75
qwen3_0.6b_1024d,en_def_translated_cn_def,ROOT-8CAC,-80.2,397.8
qwen3_0.6b_1024d,en_def_translated_cn_def,ROOT-8CCF,51.57142857142857,-81.57142857142857
qwen3_0.6b_1024d,en_def_translated_cn_def,ROOT-8DB3,1373.0,1731.25
qwen3_0.6b_1024d,en_def_translated_cn_def,ROOT-8ECD,429.1111111111111,579.5555555555555
qwen3_0.6b_1024d,en_def_translated_cn_def,ROOT-8F9F,-10.909090909090908,198.72727272727272
qwen3_0.6b_1024d,en_def_translated_cn_def,ROOT-8FA1,-146.6,-163.2
qwen3_0.6b_1024d,en_def_translated_cn_def,ROOT-8FB0,-290.2857142857143,-166.0
qwen3_0.6b_1024d,en_def_translated_cn_def,ROOT-8FB1,-98.75,-51.25
qwen3_0.6b_1024d,en_def_translated_cn_def,ROOT-9023,-340.25,-249.75
qwen3_0.6b_1024d,en_def_translated_cn_def,ROOT-91C6,6.0,7.545454545454546
qwen3_0.6b_1024d,en_def_translated_cn_def,ROOT-91CC,-204.71428571428572,161.42857142857142
qwen3_0.6b_1024d,en_def_translated_cn_def,ROOT-9577,281.5,434.5
qwen3_0.6b_1024d,en_def_translated_cn_def,ROOT-9580,-25.0,-60.833333333333336
qwen3_0.6b_1024d,en_def_translated_cn_def,ROOT-96B9,337.72222222222223,318.55555555555554
qwen3_0.6b_1024d,en_def_translated_cn_def,ROOT-9700,430.0,265.3333333333333
qwen3_0.6b_1024d,en_def_translated_cn_def,ROOT-9752,278.4166666666667,243.25
qwen3_0.6b_1024d,en_def_translated_cn_def,ROOT-975E,-82.875,-137.875
qwen3_0.6b_1024d,en_def_translated_cn_def,ROOT-9AD8,-95.26666666666667,38.53333333333333
qwen3_0.6b_1024d,en_def_translated_cn_def,ROOT-9B3C,-31.125,-214.875
qwen3_0.6b_1024d,en_def_translated_cn_def,ROOT-9E7F,-350.0,-98.0
qwen3_0.6b_1024d,en_def_translated_cn_def,ROOT-9F4A,-198.0,-383.5
qwen3_0.6b_1024d,en_def_translated_cn_def,ROOT-9F8D,-153.75,-9.625
qwen3_0.6b_1024d,en_gloss_unihan,ROOT-20000,-50.90909090909091,155.1818181818182
qwen3_0.6b_1024d,en_gloss_unihan,ROOT-20086,272.4,353.0
qwen3_0.6b_1024d,en_gloss_unihan,ROOT-200A2,-986.25,-916.75
qwen3_0.6b_1024d,en_gloss_unihan,ROOT-200A4,260.75,514.75
qwen3_0.6b_1024d,en_gloss_unihan,ROOT-2010C,228.0,502.75
qwen3_0.6b_1024d,en_gloss_unihan,ROOT-20509,-787.0,-1104.75
qwen3_0.6b_1024d,en_gloss_unihan,ROOT-20A7A,-71.0,12.0
qwen3_0.6b_1024d,en_gloss_unihan,ROOT-2123C,494.6666666666667,812.0666666666667
qwen3_0.6b_1024d,en_gloss_unihan,ROOT-219CD,-2.3636363636363638,63.45454545454545
qwen3_0.6b_1024d,en_gloss_unihan,ROOT-21FE7,281.6666666666667,808.8333333333334
qwen3_0.6b_1024d,en_gloss_unihan,ROOT-22398,-122.5,137.0
qwen3_0.6b_1024d,en_gloss_unihan,ROOT-23386,377.6666666666667,291.1666666666667
qwen3_0.6b_1024d,en_gloss_unihan,ROOT-233DF,326.85714285714283,109.85714285714286
qwen3_0.6b_1024d,en_gloss_unihan,ROOT-2394F,216.6,194.1
qwen3_0.6b_1024d,en_gloss_unihan,ROOT-239BC,1540.75,1676.5
qwen3_0.6b_1024d,en_gloss_unihan,ROOT-23A8A,-196.71428571428572,-182.42857142857142
qwen3_0.6b_1024d,en_gloss_unihan,ROOT-23B09,-1538.8,-17.8
qwen3_0.6b_1024d,en_gloss_unihan,ROOT-25055,-207.3846153846154,138.15384615384616
qwen3_0.6b_1024d,en_gloss_unihan,ROOT-26407,134.33333333333334,-77.0
qwen3_0.6b_1024d,en_gloss_unihan,ROOT-271A3,-122.64285714285714,-26.0
qwen3_0.6b_1024d,en_gloss_unihan,ROOT-27DA0,-94.11111111111111,42.0
qwen3_0.6b_1024d,en_gloss_unihan,ROOT-3431,-243.16666666666666,-181.25
qwen3_0.6b_1024d,en_gloss_unihan,ROOT-34B8,-259.6,-244.0
qwen3_0.6b_1024d,en_gloss_unihan,ROOT-34BC,314.5,839.1666666666666
qwen3_0.6b_1024d,en_gloss_unihan,ROOT-34DE,121.36363636363636,99.45454545454545
qwen3_0.6b_1024d,en_gloss_unihan,ROOT-3563,43.0,377.53333333333336
qwen3_0.6b_1024d,en_gloss_unihan,ROOT-37A2,91.1875,280.1875
qwen3_0.6b_1024d,en_gloss_unihan,ROOT-382F,-96.30434782608695,3.260869565217391
qwen3_0.6b_1024d,en_gloss_unihan,ROOT-3840,638.8888888888889,1556.4444444444443
qwen3_0.6b_1024d,en_gloss_unihan,ROOT-39B0,-488.6666666666667,-504.22222222222223
qwen3_0.6b_1024d,en_gloss_unihan,ROOT-4020,-2307.4,-1980.0
qwen3_0.6b_1024d,en_gloss_unihan,ROOT-41C2,-101.63157894736842,-374.42105263157896
qwen3_0.6b_1024d,en_gloss_unihan,ROOT-4343,134.16666666666666,266.5
qwen3_0.6b_1024d,en_gloss_unihan,ROOT-470C,79.23076923076923,416.3076923076923
qwen3_0.6b_1024d,en_gloss_unihan,ROOT-4E00,2269.5,2376.25
qwen3_0.6b_1024d,en_gloss_unihan,ROOT-4E01,667.55,622.45
qwen3_0.6b_1024d,en_gloss_unihan,ROOT-4E02,63.8,259.6
qwen3_0.6b_1024d,en_gloss_unihan,ROOT-4E0D,-117.07692307692308,-255.23076923076923
qwen3_0.6b_1024d,en_gloss_unihan,ROOT-4E11,1202.142857142857,1076.7142857142858
qwen3_0.6b_1024d,en_gloss_unihan,ROOT-4E14,2.8461538461538463,194.69230769230768
qwen3_0.6b_1024d,en_gloss_unihan,ROOT-4E16,-332.0,-337.0
qwen3_0.6b_1024d,en_gloss_unihan,ROOT-4E29,-767.6,-830.4
qwen3_0.6b_1024d,en_gloss_unihan,ROOT-4E2D,-575.6666666666666,-637.6666666666666
qwen3_0.6b_1024d,en_gloss_unihan,ROOT-4E30,451.75,1049.75
qwen3_0.6b_1024d,en_gloss_unihan,ROOT-4E36,587.75,470.125
qwen3_0.6b_1024d,en_gloss_unihan,ROOT-4E38,315.5,1166.25
qwen3_0.6b_1024d,en_gloss_unihan,ROOT-4E3F,-94.72727272727273,167.13636363636363
qwen3_0.6b_1024d,en_gloss_unihan,ROOT-4E43,246.75,-186.0
qwen3_0.6b_1024d,en_gloss_unihan,ROOT-4E47,189.0,63.42857142857143
qwen3_0.6b_1024d,en_gloss_unihan,ROOT-4E4D,-274.73333333333335,-327.6
qwen3_0.6b_1024d,en_gloss_unihan,ROOT-4E4F,-77.4,644.8
qwen3_0.6b_1024d,en_gloss_unihan,ROOT-4E59,-683.25,-519.75
qwen3_0.6b_1024d,en_gloss_unihan,ROOT-4E5D,192.66666666666666,361.1666666666667
qwen3_0.6b_1024d,en_gloss_unihan,ROOT-4E5F,-498.6666666666667,-387.6666666666667
qwen3_0.6b_1024d,en_gloss_unihan,ROOT-4E88,387.1111111111111,415.77777777777777
qwen3_0.6b_1024d,en_gloss_unihan,ROOT-4E8C,2.1818181818181817,9.636363636363637
qwen3_0.6b_1024d,en_gloss_unihan,ROOT-4E8E,-565.8333333333334,-1170.3333333333333
qwen3_0.6b_1024d,en_gloss_unihan,ROOT-4E8F,-124.7,-84.0
qwen3_0.6b_1024d,en_gloss_unihan,ROOT-4E91,-498.375,-376.75
qwen3_0.6b_1024d,en_gloss_unihan,ROOT-4E94,-58.42857142857143,263.57142857142856
qwen3_0.6b_1024d,en_gloss_unihan,ROOT-4E9E,462.0,866.0
qwen3_0.6b_1024d,en_gloss_unihan,ROOT-4EA1,450.57142857142856,686.8571428571429
qwen3_0.6b_1024d,en_gloss_unihan,ROOT-4EA2,41.45454545454545,40.81818181818182
qwen3_0.6b_1024d,en_gloss_unihan,ROOT-4EA4,300.0,796.8947368421053
qwen3_0.6b_1024d,en_gloss_unihan,ROOT-4EA5,14.133333333333333,-78.46666666666667
qwen3_0.6b_1024d,en_gloss_unihan,ROOT-4EAC,22.2,432.6
qwen3_0.6b_1024d,en_gloss_unihan,ROOT-4ECA,-7.161290322580645,-66.45161290322581
qwen3_0.6b_1024d,en_gloss_unihan,ROOT-4ECB,-966.0,-871.4
qwen3_0.6b_1024d,en_gloss_unihan,ROOT-4EE4,-18.22222222222222,125.27777777777777
qwen3_0.6b_1024d,en_gloss_unihan,ROOT-4F59,-334.64285714285717,-311.5
qwen3_0.6b_1024d,en_gloss_unihan,ROOT-4F86,-995.5,-492.0
qwen3_0.6b_1024d,en_gloss_unihan,ROOT-4F96,-579.25,-347.875
qwen3_0.6b_1024d,en_gloss_unihan,ROOT-5009,509.54545454545456,825.5454545454545
qwen3_0.6b_1024d,en_gloss_unihan,ROOT-501D,-675.0,-242.33333333333334
qwen3_0.6b_1024d,en_gloss_unihan,ROOT-50C9,129.5625,237.5
qwen3_0.6b_1024d,en_gloss_unihan,ROOT-5143,-86.13333333333334,-257.26666666666665
qwen3_0.6b_1024d,en_gloss_unihan,ROOT-5146,-126.52941176470588,39.23529411764706
qwen3_0.6b_1024d,en_gloss_unihan,ROOT-5148,613.375,870.125
qwen3_0.6b_1024d,en_gloss_unihan,ROOT-5149,4.375,73.25
qwen3_0.6b_1024d,en_gloss_unihan,ROOT-514D,-81.88888888888889,701.3333333333334
qwen3_0.6b_1024d,en_gloss_unihan,ROOT-5152,672.8181818181819,942.3636363636364
qwen3_0.6b_1024d,en_gloss_unihan,ROOT-5165,-614.1666666666666,-293.3333333333333
qwen3_0.6b_1024d,en_gloss_unihan,ROOT-5168,-80.88888888888889,611.6666666666666
qwen3_0.6b_1024d,en_gloss_unihan,ROOT-5169,-253.5,-470.0
qwen3_0.6b_1024d,en_gloss_unihan,ROOT-516A,645.4705882352941,1002.8823529411765
qwen3_0.6b_1024d,en_gloss_unihan,ROOT-516C,-639.6363636363636,-804.6363636363636
qwen3_0.6b_1024d,en_gloss_unihan,ROOT-5171,359.25,466.375
qwen3_0.6b_1024d,en_gloss_unihan,ROOT-5176,353.4736842105263,821.1052631578947
qwen3_0.6b_1024d,en_gloss_unihan,ROOT-517C,-499.35714285714283,-494.92857142857144
qwen3_0.6b_1024d,en_gloss_unihan,ROOT-5183,-279.8,296.8
qwen3_0.6b_1024d,en_gloss_unihan,ROOT-518B,211.8,205.4
qwen3_0.6b_1024d,en_gloss_unihan,ROOT-518E,16.35,280.45
qwen3_0.6b_1024d,en_gloss_unihan,ROOT-5193,145.1,374.8
qwen3_0.6b_1024d,en_gloss_unihan,ROOT-5198,406.2,742.8
qwen3_0.6b_1024d,en_gloss_unihan,ROOT-51A5,350.7142857142857,695.8571428571429
qwen3_0.6b_1024d,en_gloss_unihan,ROOT-51E0,910.0,705.1666666666666
qwen3_0.6b_1024d,en_gloss_unihan,ROOT-51E1,-679.4444444444445,904.4444444444445
qwen3_0.6b_1024d,en_gloss_unihan,ROOT-51FA,1109.8333333333333,1331.6666666666667
qwen3_0.6b_1024d,en_gloss_unihan,ROOT-5200,7.0,202.8181818181818
qwen3_0.6b_1024d,en_gloss_unihan,ROOT-5203,36.666666666666664,343.22222222222223
qwen3_0.6b_1024d,en_gloss_unihan,ROOT-5206,388.23809523809524,656.0952380952381
qwen3_0.6b_1024d,en_gloss_unihan,ROOT-5247,-998.0,-399.0
qwen3_0.6b_1024d,en_gloss_unihan,ROOT-529B,-370.4117647058824,-563.8823529411765
qwen3_0.6b_1024d,en_gloss_unihan,ROOT-52F9,-392.1904761904762,256.76190476190476
qwen3_0.6b_1024d,en_gloss_unihan,ROOT-52FA,19.466666666666665,359.8666666666667
qwen3_0.6b_1024d,en_gloss_unihan,ROOT-52FF,158.875,10.5
qwen3_0.6b_1024d,en_gloss_unihan,ROOT-5303,302.84615384615387,471.03846153846155
qwen3_0.6b_1024d,en_gloss_unihan,ROOT-5305,314.70588235294116,655.2352941176471
qwen3_0.6b_1024d,en_gloss_unihan,ROOT-530A,-430.5,-234.66666666666666
qwen3_0.6b_1024d,en_gloss_unihan,ROOT-530B,1162.25,1417.75
qwen3_0.6b_1024d,en_gloss_unihan,ROOT-5315,152.94594594594594,488.0810810810811
qwen3_0.6b_1024d,en_gloss_unihan,ROOT-5340,12.1875,204.9375
qwen3_0.6b_1024d,en_gloss_unihan,ROOT-5348,-236.0,-75.25
qwen3_0.6b_1024d,en_gloss_unihan,ROOT-5349,-153.0,580.25
qwen3_0.6b_1024d,en_gloss_unihan,ROOT-534A,-475.75,-440.875
qwen3_0.6b_1024d,en_gloss_unihan,ROOT-5351,208.38888888888889,140.44444444444446
qwen3_0.6b_1024d,en_gloss_unihan,ROOT-5352,265.9375,603.375
qwen3_0.6b_1024d,en_gloss_unihan,ROOT-5353,-198.33333333333334,-103.44444444444444
qwen3_0.6b_1024d,en_gloss_unihan,ROOT-535C,343.75,355.5
qwen3_0.6b_1024d,en_gloss_unihan,ROOT-5360,560.4705882352941,708.5294117647059
qwen3_0.6b_1024d,en_gloss_unihan,ROOT-5371,1079.1666666666667,1988.1666666666667
qwen3_0.6b_1024d,en_gloss_unihan,ROOT-5377,984.1428571428571,1262.0
qwen3_0.6b_1024d,en_gloss_unihan,ROOT-539F,-543.6,-649.6
qwen3_0.6b_1024d,en_gloss_unihan,ROOT-53B6,301.57142857142856,318.95238095238096
qwen3_0.6b_1024d,en_gloss_unihan,ROOT-53B7,565.4,1140.6
qwen3_0.6b_1024d,en_gloss_unihan,ROOT-53BB,122.0,110.2
qwen3_0.6b_1024d,en_gloss_unihan,ROOT-53C3,-126.4,50.8
qwen3_0.6b_1024d,en_gloss_unihan,ROOT-53C8,-163.5,-70.83333333333333
qwen3_0.6b_1024d,en_gloss_unihan,ROOT-53CA,-493.8181818181818,-353.6363636363636
qwen3_0.6b_1024d,en_gloss_unihan,ROOT-53CD,-257.7142857142857,-409.85714285714283
qwen3_0.6b_1024d,en_gloss_unihan,ROOT-53D5,396.3,171.4
qwen3_0.6b_1024d,en_gloss_unihan,ROOT-53D6,499.77777777777777,408.6666666666667
qwen3_0.6b_1024d,en_gloss_unihan,ROOT-53DA,444.0,167.1818181818182
qwen3_0.6b_1024d,en_gloss_unihan,ROOT-53E3,594.75,283.75
qwen3_0.6b_1024d,en_gloss_unihan,ROOT-53E4,102.96875,319.59375
qwen3_0.6b_1024d,en_gloss_unihan,ROOT-53EA,-218.4,-628.4
qwen3_0.6b_1024d,en_gloss_unihan,ROOT-53F8,-208.8,73.2
qwen3_0.6b_1024d,en_gloss_unihan,ROOT-5404,-87.1875,4.78125
qwen3_0.6b_1024d,en_gloss_unihan,ROOT-5405,662.7333333333333,1161.4666666666667
qwen3_0.6b_1024d,en_gloss_unihan,ROOT-5408,139.5185185185185,127.07407407407408
qwen3_0.6b_1024d,en_gloss_unihan,ROOT-5409,367.5882352941176,334.11764705882354
qwen3_0.6b_1024d,en_gloss_unihan,ROOT-540C,675.25,649.375
qwen3_0.6b_1024d,en_gloss_unihan,ROOT-540D,-987.75,-771.75
qwen3_0.6b_1024d,en_gloss_unihan,ROOT-540E,-839.25,607.75
qwen3_0.6b_1024d,en_gloss_unihan,ROOT-5433,644.1666666666666,925.6666666666666
qwen3_0.6b_1024d,en_gloss_unihan,ROOT-5442,519.8,-201.0
qwen3_0.6b_1024d,en_gloss_unihan,ROOT-544A,288.4,362.1
qwen3_0.6b_1024d,en_gloss_unihan,ROOT-5468,203.6153846153846,378.0
qwen3_0.6b_1024d,en_gloss_unihan,ROOT-5485,-42.142857142857146,244.71428571428572
qwen3_0.6b_1024d,en_gloss_unihan,ROOT-548E,-23.0,-46.75
qwen3_0.6b_1024d,en_gloss_unihan,ROOT-54A2,-462.57142857142856,410.85714285714283
qwen3_0.6b_1024d,en_gloss_unihan,ROOT-54B8,544.5,931.3333333333334
qwen3_0.6b_1024d,en_gloss_unihan,ROOT-54E1,-247.33333333333334,-502.6666666666667
qwen3_0.6b_1024d,en_gloss_unihan,ROOT-55AE,-279.44444444444446,47.94444444444444
qwen3_0.6b_1024d,en_gloss_unihan,ROOT-55BF,178.66666666666666,304.5
qwen3_0.6b_1024d,en_gloss_unihan,ROOT-55C7,-528.2,-452.8
qwen3_0.6b_1024d,en_gloss_unihan,ROOT-56D7,-271.0,349.75
qwen3_0.6b_1024d,en_gloss_unihan,ROOT-56DB,-401.75,-17.25
qwen3_0.6b_1024d,en_gloss_unihan,ROOT-56DE,-778.75,-408.25
qwen3_0.6b_1024d,en_gloss_unihan,ROOT-56E0,-1155.6666666666667,-597.0
qwen3_0.6b_1024d,en_gloss_unihan,ROOT-56FA,796.5,1491.25
qwen3_0.6b_1024d,en_gloss_unihan,ROOT-571F,32.2,-187.6
qwen3_0.6b_1024d,en_gloss_unihan,ROOT-572D,41.0,157.44
qwen3_0.6b_1024d,en_gloss_unihan,ROOT-57F6,1516.2,1371.0
qwen3_0.6b_1024d,en_gloss_unihan,ROOT-57F7,1317.25,1097.5
qwen3_0.6b_1024d,en_gloss_unihan,ROOT-5807,-435.2,-378.4
qwen3_0.6b_1024d,en_gloss_unihan,ROOT-582F,483.44444444444446,745.9444444444445
qwen3_0.6b_1024d,en_gloss_unihan,ROOT-58EC,118.88888888888889,-19.333333333333332
qwen3_0.6b_1024d,en_gloss_unihan,ROOT-58F4,3043.6666666666665,3191.0
qwen3_0.6b_1024d,en_gloss_unihan,ROOT-58F9,-263.5,-260.5
qwen3_0.6b_1024d,en_gloss_unihan,ROOT-58FD,89.8,-493.8
qwen3_0.6b_1024d,en_gloss_unihan,ROOT-590B,260.6666666666667,420.53333333333336
qwen3_0.6b_1024d,en_gloss_unihan,ROOT-590C,135.5,19.5
qwen3_0.6b_1024d,en_gloss_unihan,ROOT-5917,-200.76923076923077,150.23076923076923
qwen3_0.6b_1024d,en_gloss_unihan,ROOT-591A,230.71428571428572,272.2857142857143
qwen3_0.6b_1024d,en_gloss_unihan,ROOT-5927,-1231.0,-1718.75
qwen3_0.6b_1024d,en_gloss_unihan,ROOT-5929,109.0,-304.0
qwen3_0.6b_1024d,en_gloss_unihan,ROOT-592B,73.42857142857143,332.2857142857143
qwen3_0.6b_1024d,en_gloss_unihan,ROOT-592C,50.4,188.4
qwen3_0.6b_1024d,en_gloss_unihan,ROOT-592D,-121.6,-191.2
qwen3_0.6b_1024d,en_gloss_unihan,ROOT-592E,-255.72727272727272,-255.0909090909091
qwen3_0.6b_1024d,en_gloss_unihan,ROOT-5937,682.5,1019.0
qwen3_0.6b_1024d,en_gloss_unihan,ROOT-593E,146.54545454545453,463.0
qwen3_0.6b_1024d,en_gloss_unihan,ROOT-5944,-908.6666666666666,-1122.3333333333333
qwen3_0.6b_1024d,en_gloss_unihan,ROOT-5949,-282.3333333333333,-455.3333333333333
qwen3_0.6b_1024d,en_gloss_unihan,ROOT-5950,98.0,243.0
qwen3_0.6b_1024d,en_gloss_unihan,ROOT-595A,165.0,-200.5
qwen3_0.6b_1024d,en_gloss_unihan,ROOT-5967,-495.4,-214.4
qwen3_0.6b_1024d,en_gloss_unihan,ROOT-5973,-460.8181818181818,-63.5
qwen3_0.6b_1024d,en_gloss_unihan,ROOT-599F,129.4,545.2
qwen3_0.6b_1024d,en_gloss_unihan,ROOT-59A5,-477.75,-582.0
qwen3_0.6b_1024d,en_gloss_unihan,ROOT-59BB,876.4,1287.4
qwen3_0.6b_1024d,en_gloss_unihan,ROOT-59BE,18.25,-242.75
qwen3_0.6b_1024d,en_gloss_unihan,ROOT-5A41,-63.25,-192.4375
qwen3_0.6b_1024d,en_gloss_unihan,ROOT-5B5A,144.27272727272728,227.63636363636363
qwen3_0.6b_1024d,en_gloss_unihan,ROOT-5B81,-237.6,80.2
qwen3_0.6b_1024d,en_gloss_unihan,ROOT-5B83,-535.6666666666666,256.1111111111111
qwen3_0.6b_1024d,en_gloss_unihan,ROOT-5B89,126.66666666666667,197.0
qwen3_0.6b_1024d,en_gloss_unihan,ROOT-5B97,-241.375,-354.5
qwen3_0.6b_1024d,en_gloss_unihan,ROOT-5B98,355.0,720.4285714285714
qwen3_0.6b_1024d,en_gloss_unihan,ROOT-5B9A,-1517.0,-1707.25
qwen3_0.6b_1024d,en_gloss_unihan,ROOT-5BA3,819.0,699.4
qwen3_0.6b_1024d,en_gloss_unihan,ROOT-5BB3,-626.8333333333334,-892.0
qwen3_0.6b_1024d,en_gloss_unihan,ROOT-5BC5,1.0,129.75
qwen3_0.6b_1024d,en_gloss_unihan,ROOT-5BCD,-441.6666666666667,-647.8333333333334
qwen3_0.6b_1024d,en_gloss_unihan,ROOT-5BF8,-337.0,-918.2
qwen3_0.6b_1024d,en_gloss_unihan,ROOT-5BFD,-45.75,-25.75
qwen3_0.6b_1024d,en_gloss_unihan,ROOT-5C07,-88.6,-366.0
qwen3_0.6b_1024d,en_gloss_unihan,ROOT-5C08,1137.6153846153845,1472.6153846153845
qwen3_0.6b_1024d,en_gloss_unihan,ROOT-5C09,-589.2,-342.6
qwen3_0.6b_1024d,en_gloss_unihan,ROOT-5C0A,607.1666666666666,1751.6666666666667
qwen3_0.6b_1024d,en_gloss_unihan,ROOT-5C0F,324.25,407.95
qwen3_0.6b_1024d,en_gloss_unihan,ROOT-5C17,58.166666666666664,56.333333333333336
qwen3_0.6b_1024d,en_gloss_unihan,ROOT-5C1A,-97.52173913043478,-56.52173913043478
qwen3_0.6b_1024d,en_gloss_unihan,ROOT-5C1E,-644.6666666666666,-248.33333333333334
qwen3_0.6b_1024d,en_gloss_unihan,ROOT-5C28,-365.5,-244.0
qwen3_0.6b_1024d,en_gloss_unihan,ROOT-5C39,-383.14285714285717,-905.2857142857143
qwen3_0.6b_1024d,en_gloss_unihan,ROOT-5C4B,911.0,1249.8333333333333
qwen3_0.6b_1024d,en_gloss_unihan,ROOT-5C6F,857.7777777777778,1216.3333333333333
qwen3_0.6b_1024d,en_gloss_unihan,ROOT-5C70,-235.5,-42.0
qwen3_0.6b_1024d,en_gloss_unihan,ROOT-5CA1,310.4,600.8
qwen3_0.6b_1024d,en_gloss_unihan,ROOT-5DC2,137.25,303.25
qwen3_0.6b_1024d,en_gloss_unihan,ROOT-5DDD,832.2,1652.4
qwen3_0.6b_1024d,en_gloss_unihan,ROOT-5DE0,201.76923076923077,66.15384615384616
qwen3_0.6b_1024d,en_gloss_unihan,ROOT-5DE4,-254.6,-417.2
qwen3_0.6b_1024d,en_gloss_unihan,ROOT-5DE5,-660.2083333333334,-337.125
qwen3_0.6b_1024d,en_gloss_unihan,ROOT-5DE8,17.5,101.5
qwen3_0.6b_1024d,en_gloss_unihan,ROOT-5DF1,-423.3,-199.3
qwen3_0.6b_1024d,en_gloss_unihan,ROOT-5DF3,-567.0,-697.25
qwen3_0.6b_1024d,en_gloss_unihan,ROOT-5DF4,523.3076923076923,581.0
qwen3_0.6b_1024d,en_gloss_unihan,ROOT-5E0C,-16.25,230.375
qwen3_0.6b_1024d,en_gloss_unihan,ROOT-5E1D,-543.5714285714286,-693.1428571428571
qwen3_0.6b_1024d,en_gloss_unihan,ROOT-5E72,211.92307692307693,462.03846153846155
qwen3_0.6b_1024d,en_gloss_unihan,ROOT-5E73,-615.0,-419.1111111111111
qwen3_0.6b_1024d,en_gloss_unihan,ROOT-5E7A,464.1666666666667,640.3333333333334
qwen3_0.6b_1024d,en_gloss_unihan,ROOT-5E9A,-2766.0,-3590.0
qwen3_0.6b_1024d,en_gloss_unihan,ROOT-5EB6,-369.14285714285717,-798.2857142857143
qwen3_0.6b_1024d,en_gloss_unihan,ROOT-5EFA,510.6666666666667,17.166666666666668
qwen3_0.6b_1024d,en_gloss_unihan,ROOT-5F0B,200.57142857142858,323.92857142857144
qwen3_0.6b_1024d,en_gloss_unihan,ROOT-5F15,1173.0,194.0
qwen3_0.6b_1024d,en_gloss_unihan,ROOT-5F17,-198.91666666666666,177.0
qwen3_0.6b_1024d,en_gloss_unihan,ROOT-5F1F,125.5,186.5
qwen3_0.6b_1024d,en_gloss_unihan,ROOT-5F31,-1229.25,-1479.75
qwen3_0.6b_1024d,en_gloss_unihan,ROOT-5F54,-843.5714285714286,-1508.0
qwen3_0.6b_1024d,en_gloss_unihan,ROOT-5F56,-436.14285714285717,-424.57142857142856
qwen3_0.6b_1024d,en_gloss_unihan,ROOT-5F57,1677.0,1957.75
qwen3_0.6b_1024d,en_gloss_unihan,ROOT-5F9E,-295.57142857142856,17.428571428571427
qwen3_0.6b_1024d,en_gloss_unihan,ROOT-5FC5,827.1818181818181,1347.909090909091
qwen3_0.6b_1024d,en_gloss_unihan,ROOT-601D,146.6,491.8
qwen3_0.6b_1024d,en_gloss_unihan,ROOT-60A4,-220.2,-412.2
qwen3_0.6b_1024d,en_gloss_unihan,ROOT-610F,-1206.4,-963.8
qwen3_0.6b_1024d,en_gloss_unihan,ROOT-620D,370.42857142857144,397.2857142857143
qwen3_0.6b_1024d,en_gloss_unihan,ROOT-6211,-266.77777777777777,-244.11111111111111
qwen3_0.6b_1024d,en_gloss_unihan,ROOT-6214,416.46666666666664,760.6666666666666
qwen3_0.6b_1024d,en_gloss_unihan,ROOT-6216,1190.7692307692307,1377.7692307692307
qwen3_0.6b_1024d,en_gloss_unihan,ROOT-6236,971.6,1281.4
qwen3_0.6b_1024d,en_gloss_unihan,ROOT-6241,-37.46153846153846,215.46153846153845
qwen3_0.6b_1024d,en_gloss_unihan,ROOT-624B,618.0833333333334,783.5833333333334
qwen3_0.6b_1024d,en_gloss_unihan,ROOT-624D,-529.6,-448.4
qwen3_0.6b_1024d,en_gloss_unihan,ROOT-652F,615.1428571428571,997.2142857142857
qwen3_0.6b_1024d,en_gloss_unihan,ROOT-6538,322.5,754.6666666666666
qwen3_0.6b_1024d,en_gloss_unihan,ROOT-6544,-291.55555555555554,352.22222222222223
qwen3_0.6b_1024d,en_gloss_unihan,ROOT-6556,953.75,1243.75
qwen3_0.6b_1024d,en_gloss_unihan,ROOT-656B,1425.3333333333333,1070.5
qwen3_0.6b_1024d,en_gloss_unihan,ROOT-6587,269.0,756.7777777777778
qwen3_0.6b_1024d,en_gloss_unihan,ROOT-65A4,614.3,754.1
qwen3_0.6b_1024d,en_gloss_unihan,ROOT-65AC,-162.14285714285714,-138.71428571428572
qwen3_0.6b_1024d,en_gloss_unihan,ROOT-65B9,18.235294117647058,366.05882352941177
qwen3_0.6b_1024d,en_gloss_unihan,ROOT-65C1,-16.2,845.6
qwen3_0.6b_1024d,en_gloss_unihan,ROOT-65CF,1146.2,548.8
qwen3_0.6b_1024d,en_gloss_unihan,ROOT-65E6,93.45454545454545,139.86363636363637
qwen3_0.6b_1024d,en_gloss_unihan,ROOT-65E8,14.7,215.2
qwen3_0.6b_1024d,en_gloss_unihan,ROOT-65EC,282.0769230769231,450.7692307692308
qwen3_0.6b_1024d,en_gloss_unihan,ROOT-6606,-138.33333333333334,187.55555555555554
qwen3_0.6b_1024d,en_gloss_unihan,ROOT-660C,-508.3333333333333,144.33333333333334
qwen3_0.6b_1024d,en_gloss_unihan,ROOT-660F,-792.75,-667.0
qwen3_0.6b_1024d,en_gloss_unihan,ROOT-6613,223.28571428571428,412.85714285714283
qwen3_0.6b_1024d,en_gloss_unihan,ROOT-6614,72.75,733.0
qwen3_0.6b_1024d,en_gloss_unihan,ROOT-661C,166.68421052631578,421.4736842105263
qwen3_0.6b_1024d,en_gloss_unihan,ROOT-661F,-602.5,-447.75
qwen3_0.6b_1024d,en_gloss_unihan,ROOT-662F,439.26666666666665,497.06666666666666
qwen3_0.6b_1024d,en_gloss_unihan,ROOT-66FC,1029.6666666666667,1172.4166666666667
qwen3_0.6b_1024d,en_gloss_unihan,ROOT-66FE,-718.3333333333334,-610.0
qwen3_0.6b_1024d,en_gloss_unihan,ROOT-6701,204.0,420.5
qwen3_0.6b_1024d,en_gloss_unihan,ROOT-6703,-97.4,458.4
qwen3_0.6b_1024d,en_gloss_unihan,ROOT-670B,320.1111111111111,441.22222222222223
qwen3_0.6b_1024d,en_gloss_unihan,ROOT-672A,141.66666666666666,-288.1666666666667
qwen3_0.6b_1024d,en_gloss_unihan,ROOT-672B,-449.6666666666667,-148.83333333333334
qwen3_0.6b_1024d,en_gloss_unihan,ROOT-672E,-81.4,367.2
qwen3_0.6b_1024d,en_gloss_unihan,ROOT-6731,-412.8181818181818,95.9090909090909
qwen3_0.6b_1024d,en_gloss_unihan,ROOT-675F,444.0,604.7777777777778
qwen3_0.6b_1024d,en_gloss_unihan,ROOT-6771,63.416666666666664,470.8333333333333
qwen3_0.6b_1024d,en_gloss_unihan,ROOT-6797,550.5555555555555,845.6666666666666
qwen3_0.6b_1024d,en_gloss_unihan,ROOT-679C,-3.5,261.0
qwen3_0.6b_1024d,en_gloss_unihan,ROOT-67BC,-194.45454545454547,-273.09090909090907
qwen3_0.6b_1024d,en_gloss_unihan,ROOT-67D0,739.8,966.6
qwen3_0.6b_1024d,en_gloss_unihan,ROOT-67EC,98.44,147.72
qwen3_0.6b_1024d,en_gloss_unihan,ROOT-6A02,-67.25,128.5
qwen3_0.6b_1024d,en_gloss_unihan,ROOT-6B2E,135.5,479.0
qwen3_0.6b_1024d,en_gloss_unihan,ROOT-6B62,829.0,926.25
qwen3_0.6b_1024d,en_gloss_unihan,ROOT-6B63,-1570.0,-567.75
qwen3_0.6b_1024d,en_gloss_unihan,ROOT-6BB5,-183.5,18.0
qwen3_0.6b_1024d,en_gloss_unihan,ROOT-6BB8,658.4,974.6
qwen3_0.6b_1024d,en_gloss_unihan,ROOT-6BB9,-490.6,-439.0
qwen3_0.6b_1024d,en_gloss_unihan,ROOT-6BCE,-89.625,352.0
qwen3_0.6b_1024d,en_gloss_unihan,ROOT-6BD4,580.6363636363636,821.3636363636364
qwen3_0.6b_1024d,en_gloss_unihan,ROOT-6BDA,165.375,268.375
qwen3_0.6b_1024d,en_gloss_unihan,ROOT-6BDB,304.8333333333333,1370.8333333333333
qwen3_0.6b_1024d,en_gloss_unihan,ROOT-6C0F,55.833333333333336,578.8333333333334
qwen3_0.6b_1024d,en_gloss_unihan,ROOT-6C10,-15.866666666666667,151.06666666666666
qwen3_0.6b_1024d,en_gloss_unihan,ROOT-6C14,143.75,585.25
qwen3_0.6b_1024d,en_gloss_unihan,ROOT-6C42,1098.0,1250.125
qwen3_0.6b_1024d,en_gloss_unihan,ROOT-6C99,80.75,142.75
qwen3_0.6b_1024d,en_gloss_unihan,ROOT-708E,503.2307692307692,634.8461538461538
qwen3_0.6b_1024d,en_gloss_unihan,ROOT-7097,111.85714285714286,23.857142857142858
qwen3_0.6b_1024d,en_gloss_unihan,ROOT-7121,815.0,1158.25
qwen3_0.6b_1024d,en_gloss_unihan,ROOT-7126,-668.1428571428571,-399.7142857142857
qwen3_0.6b_1024d,en_gloss_unihan,ROOT-718F,-496.0,-238.0
qwen3_0.6b_1024d,en_gloss_unihan,ROOT-71D5,10.5,-461.25
qwen3_0.6b_1024d,en_gloss_unihan,ROOT-722D,-122.16666666666667,-156.16666666666666
qwen3_0.6b_1024d,en_gloss_unihan,ROOT-7230,142.45454545454547,592.0909090909091
qwen3_0.6b_1024d,en_gloss_unihan,ROOT-7236,-244.47058823529412,20.88235294117647
qwen3_0.6b_1024d,en_gloss_unihan,ROOT-723B,3765.5,3233.25
qwen3_0.6b_1024d,en_gloss_unihan,ROOT-723E,503.0,771.25
qwen3_0.6b_1024d,en_gloss_unihan,ROOT-723F,-279.0769230769231,-299.0769230769231
qwen3_0.6b_1024d,en_gloss_unihan,ROOT-7259,-616.6666666666666,-1134.0
qwen3_0.6b_1024d,en_gloss_unihan,ROOT-72AE,29.09090909090909,351.54545454545456
qwen3_0.6b_1024d,en_gloss_unihan,ROOT-7312,-96.2,248.0
qwen3_0.6b_1024d,en_gloss_unihan,ROOT-7384,262.0,669.0
qwen3_0.6b_1024d,en_gloss_unihan,ROOT-74DC,-1017.6666666666666,97.88888888888889
qwen3_0.6b_1024d,en_gloss_unihan,ROOT-7518,614.2222222222222,858.6666666666666
qwen3_0.6b_1024d,en_gloss_unihan,ROOT-751A,-246.36363636363637,-228.45454545454547
qwen3_0.6b_1024d,en_gloss_unihan,ROOT-751F,-1154.142857142857,-817.8571428571429
qwen3_0.6b_1024d,en_gloss_unihan,ROOT-7528,59.125,534.375
qwen3_0.6b_1024d,en_gloss_unihan,ROOT-752B,35.535714285714285,163.21428571428572
qwen3_0.6b_1024d,en_gloss_unihan,ROOT-7531,-551.6,29.266666666666666
qwen3_0.6b_1024d,en_gloss_unihan,ROOT-7532,-385.125,-475.375
qwen3_0.6b_1024d,en_gloss_unihan,ROOT-7533,-314.8,-474.2
qwen3_0.6b_1024d,en_gloss_unihan,ROOT-7539,377.5,1074.75
qwen3_0.6b_1024d,en_gloss_unihan,ROOT-754F,75.0,-25.5
qwen3_0.6b_1024d,en_gloss_unihan,ROOT-7550,-771.7777777777778,-293.3333333333333
qwen3_0.6b_1024d,en_gloss_unihan,ROOT-757A,1912.0,2275.5
qwen3_0.6b_1024d,en_gloss_unihan,ROOT-757E,454.2,365.6
qwen3_0.6b_1024d,en_gloss_unihan,ROOT-758B,-559.4285714285714,-922.0
qwen3_0.6b_1024d,en_gloss_unihan,ROOT-758C,253.0,909.0
qwen3_0.6b_1024d,en_gloss_unihan,ROOT-7591,-810.0,-738.6
qwen3_0.6b_1024d,en_gloss_unihan,ROOT-7678,-239.0,-146.0
qwen3_0.6b_1024d,en_gloss_unihan,ROOT-767D,-76.21428571428571,-98.5
qwen3_0.6b_1024d,en_gloss_unihan,ROOT-7686,388.875,470.0
qwen3_0.6b_1024d,en_gloss_unihan,ROOT-7687,496.8,896.6
qwen3_0.6b_1024d,en_gloss_unihan,ROOT-76AE,-172.41176470588235,682.1176470588235
qwen3_0.6b_1024d,en_gloss_unihan,ROOT-76CA,220.0,461.3333333333333
qwen3_0.6b_1024d,en_gloss_unihan,ROOT-76E1,544.0,916.75
qwen3_0.6b_1024d,en_gloss_unihan,ROOT-76E3,-78.41666666666667,273.75
qwen3_0.6b_1024d,en_gloss_unihan,ROOT-76F4,253.25,502.0
qwen3_0.6b_1024d,en_gloss_unihan,ROOT-76F8,-1308.6666666666667,-1371.1666666666667
qwen3_0.6b_1024d,en_gloss_unihan,ROOT-7714,257.5,-225.0
qwen3_0.6b_1024d,en_gloss_unihan,ROOT-771E,431.0,768.3333333333334
qwen3_0.6b_1024d,en_gloss_unihan,ROOT-7758,-123.5,-38.25
qwen3_0.6b_1024d,en_gloss_unihan,ROOT-776A,-166.83333333333334,282.0
qwen3_0.6b_1024d,en_gloss_unihan,ROOT-77DB,-36.63636363636363,194.72727272727272
qwen3_0.6b_1024d,en_gloss_unihan,ROOT-77DE,214.125,292.625
qwen3_0.6b_1024d,en_gloss_unihan,ROOT-77E2,320.3333333333333,73.66666666666667
qwen3_0.6b_1024d,en_gloss_unihan,ROOT-77F3,-315.875,-314.875
qwen3_0.6b_1024d,en_gloss_unihan,ROOT-79B9,-155.0,-12.75
qwen3_0.6b_1024d,en_gloss_unihan,ROOT-79BA,-106.375,-70.625
qwen3_0.6b_1024d,en_gloss_unihan,ROOT-79BB,-269.0833333333333,-214.08333333333334
qwen3_0.6b_1024d,en_gloss_unihan,ROOT-79BE,-68.6923076923077,329.38461538461536
qwen3_0.6b_1024d,en_gloss_unihan,ROOT-79CB,526.2857142857143,190.0
qwen3_0.6b_1024d,en_gloss_unihan,ROOT-79E6,151.25,104.75
qwen3_0.6b_1024d,en_gloss_unihan,ROOT-7ACB,-411.0,-238.625
qwen3_0.6b_1024d,en_gloss_unihan,ROOT-7AE0,288.4,203.8
qwen3_0.6b_1024d,en_gloss_unihan,ROOT-7AE5,-276.09090909090907,-175.9090909090909
qwen3_0.6b_1024d,en_gloss_unihan,ROOT-7F8A,-50.111111111111114,-65.11111111111111
qwen3_0.6b_1024d,en_gloss_unihan,ROOT-7FA9,-377.44444444444446,-428.3333333333333
qwen3_0.6b_1024d,en_gloss_unihan,ROOT-7FCF,-60.625,31.875
qwen3_0.6b_1024d,en_gloss_unihan,ROOT-7FD2,-455.0,-682.6666666666666
qwen3_0.6b_1024d,en_gloss_unihan,ROOT-7FDF,117.375,667.625
qwen3_0.6b_1024d,en_gloss_unihan,ROOT-800C,586.2857142857143,1342.0
qwen3_0.6b_1024d,en_gloss_unihan,ROOT-8011,-12.142857142857142,-181.0
qwen3_0.6b_1024d,en_gloss_unihan,ROOT-8033,705.8,814.6666666666666
qwen3_0.6b_1024d,en_gloss_unihan,ROOT-8076,220.71428571428572,-17.285714285714285
qwen3_0.6b_1024d,en_gloss_unihan,ROOT-807F,-91.0,-195.8181818181818
qwen3_0.6b_1024d,en_gloss_unihan,ROOT-8099,35.25,-100.25
qwen3_0.6b_1024d,en_gloss_unihan,ROOT-81E4,485.14285714285717,1006.5714285714286
qwen3_0.6b_1024d,en_gloss_unihan,ROOT-81F3,-97.57142857142857,0.7857142857142857
qwen3_0.6b_1024d,en_gloss_unihan,ROOT-81FD,29.545454545454547,98.36363636363636
qwen3_0.6b_1024d,en_gloss_unihan,ROOT-81FE,568.8,710.0
qwen3_0.6b_1024d,en_gloss_unihan,ROOT-8200,-751.0,-351.8333333333333
qwen3_0.6b_1024d,en_gloss_unihan,ROOT-8201,57.285714285714285,-506.2857142857143
qwen3_0.6b_1024d,en_gloss_unihan,ROOT-822C,1385.6666666666667,1939.6666666666667
qwen3_0.6b_1024d,en_gloss_unihan,ROOT-826F,241.58333333333334,514.3333333333334
qwen3_0.6b_1024d,en_gloss_unihan,ROOT-82BB,35.666666666666664,271.5
qwen3_0.6b_1024d,en_gloss_unihan,ROOT-82E5,-470.8333333333333,25.833333333333332
qwen3_0.6b_1024d,en_gloss_unihan,ROOT-830D,2202.75,2503.25
qwen3_0.6b_1024d,en_gloss_unihan,ROOT-83AB,415.5625,714.9375
qwen3_0.6b_1024d,en_gloss_unihan,ROOT-83D0,-853.6666666666666,-1016.1666666666666
qwen3_0.6b_1024d,en_gloss_unihan,ROOT-842C,542.2857142857143,510.57142857142856
qwen3_0.6b_1024d,en_gloss_unihan,ROOT-8499,336.57142857142856,290.7142857142857
qwen3_0.6b_1024d,en_gloss_unihan,ROOT-84A6,194.625,856.0
qwen3_0.6b_1024d,en_gloss_unihan,ROOT-8511,-369.25,-725.5
qwen3_0.6b_1024d,en_gloss_unihan,ROOT-8700,-79.84615384615384,-104.15384615384616
qwen3_0.6b_1024d,en_gloss_unihan,ROOT-8881,-1180.2,63.0
qwen3_0.6b_1024d,en_gloss_unihan,ROOT-8944,58.916666666666664,275.5833333333333
qwen3_0.6b_1024d,en_gloss_unihan,ROOT-898B,-5.9,498.3
qwen3_0.6b_1024d,en_gloss_unihan,ROOT-89D2,60.2,57.8
qwen3_0.6b_1024d,en_gloss_unihan,ROOT-89E3,-289.75,-419.0
qwen3_0.6b_1024d,en_gloss_unihan,ROOT-8A79,279.3333333333333,451.3333333333333
qwen3_0.6b_1024d,en_gloss_unihan,ROOT-8C37,-115.84615384615384,204.76923076923077
qwen3_0.6b_1024d,en_gloss_unihan,ROOT-8C46,24.214285714285715,426.2857142857143
qwen3_0.6b_1024d,en_gloss_unihan,ROOT-8C48,312.6666666666667,927.5
qwen3_0.6b_1024d,en_gloss_unihan,ROOT-8C56,710.75,1281.5
qwen3_0.6b_1024d,en_gloss_unihan,ROOT-8C66,100.5,290.375
qwen3_0.6b_1024d,en_gloss_unihan,ROOT-8C9E,106.5,20.0
qwen3_0.6b_1024d,en_gloss_unihan,ROOT-8CAC,803.8571428571429,929.8571428571429
qwen3_0.6b_1024d,en_gloss_unihan,ROOT-8CCF,933.2857142857143,754.0
qwen3_0.6b_1024d,en_gloss_unihan,ROOT-8D0A,-677.6666666666666,-581.1666666666666
qwen3_0.6b_1024d,en_gloss_unihan,ROOT-8DB3,335.25,918.25
qwen3_0.6b_1024d,en_gloss_unihan,ROOT-8ECD,181.4,230.93333333333334
qwen3_0.6b_1024d,en_gloss_unihan,ROOT-8F9F,428.70588235294116,557.9411764705883
qwen3_0.6b_1024d,en_gloss_unihan,ROOT-8FA1,2138.4,1661.2
qwen3_0.6b_1024d,en_gloss_unihan,ROOT-8FB0,-261.3333333333333,414.0
qwen3_0.6b_1024d,en_gloss_unihan,ROOT-8FB1,1233.5,1453.5
qwen3_0.6b_1024d,en_gloss_unihan,ROOT-9023,-336.2,-42.4
qwen3_0.6b_1024d,en_gloss_unihan,ROOT-9091,252.25,371.5
qwen3_0.6b_1024d,en_gloss_unihan,ROOT-9109,51.166666666666664,246.5
qwen3_0.6b_1024d,en_gloss_unihan,ROOT-914B,93.57142857142857,124.14285714285714
qwen3_0.6b_1024d,en_gloss_unihan,ROOT-91C6,-23.833333333333332,295.27777777777777
qwen3_0.6b_1024d,en_gloss_unihan,ROOT-91CC,242.8181818181818,705.7272727272727
qwen3_0.6b_1024d,en_gloss_unihan,ROOT-9577,151.8,497.6
qwen3_0.6b_1024d,en_gloss_unihan,ROOT-9580,-345.2857142857143,-28.142857142857142
qwen3_0.6b_1024d,en_gloss_unihan,ROOT-96B9,225.42307692307693,374.46153846153845
qwen3_0.6b_1024d,en_gloss_unihan,ROOT-96BA,-500.0,-923.5
qwen3_0.6b_1024d,en_gloss_unihan,ROOT-96BB,-572.0,-357.2
qwen3_0.6b_1024d,en_gloss_unihan,ROOT-96E3,-496.75,-413.0
qwen3_0.6b_1024d,en_gloss_unihan,ROOT-9700,229.36363636363637,274.3636363636364
qwen3_0.6b_1024d,en_gloss_unihan,ROOT-9752,137.25,434.4375
qwen3_0.6b_1024d,en_gloss_unihan,ROOT-975E,-318.3809523809524,-192.9047619047619
qwen3_0.6b_1024d,en_gloss_unihan,ROOT-99AC,-1137.25,-1957.25
qwen3_0.6b_1024d,en_gloss_unihan,ROOT-9AD8,217.0,568.0
qwen3_0.6b_1024d,en_gloss_unihan,ROOT-9B3C,496.3636363636364,542.1818181818181
qwen3_0.6b_1024d,en_gloss_unihan,ROOT-9B5A,2664.75,1164.75
qwen3_0.6b_1024d,en_gloss_unihan,ROOT-9E7F,-717.5,-805.5
qwen3_0.6b_1024d,en_gloss_unihan,ROOT-9E83,-132.5,-54.5
qwen3_0.6b_1024d,en_gloss_unihan,ROOT-9E97,-728.8333333333334,-790.6666666666666
qwen3_0.6b_1024d,en_gloss_unihan,ROOT-9F4A,-248.4,-439.0
qwen3_0.6b_1024d,en_gloss_unihan,ROOT-9F8D,285.27272727272725,349.72727272727275
qwen3_0.6b_1024d,en_gloss_unihan,ROOT-9FA0,-120.4,-357.4
qwen3_0.6b_1024d,zh_char,ROOT-20000,146.4857142857143,359.6
qwen3_0.6b_1024d,zh_char,ROOT-20086,115.0,211.625
qwen3_0.6b_1024d,zh_char,ROOT-20094,-741.0,-404.0
qwen3_0.6b_1024d,zh_char,ROOT-200A2,-1004.0,-912.6
qwen3_0.6b_1024d,zh_char,ROOT-200A4,611.0,720.25
qwen3_0.6b_1024d,zh_char,ROOT-2010C,249.16666666666666,616.1666666666666
qwen3_0.6b_1024d,zh_char,ROOT-20509,136.0,107.16666666666667
qwen3_0.6b_1024d,zh_char,ROOT-20A7A,439.1666666666667,793.1666666666666
qwen3_0.6b_1024d,zh_char,ROOT-2123C,253.875,204.6875
qwen3_0.6b_1024d,zh_char,ROOT-219CD,1067.909090909091,1185.090909090909
qwen3_0.6b_1024d,zh_char,ROOT-21FE7,-184.33333333333334,-121.16666666666667
qwen3_0.6b_1024d,zh_char,ROOT-22398,2418.75,1819.5
qwen3_0.6b_1024d,zh_char,ROOT-2274A,-84.25,305.75
qwen3_0.6b_1024d,zh_char,ROOT-23386,854.1666666666666,608.1666666666666
qwen3_0.6b_1024d,zh_char,ROOT-233DF,71.44444444444444,92.44444444444444
qwen3_0.6b_1024d,zh_char,ROOT-2394F,7.291666666666667,68.79166666666667
qwen3_0.6b_1024d,zh_char,ROOT-239BC,506.5,221.75
qwen3_0.6b_1024d,zh_char,ROOT-23A8A,743.3333333333334,842.5555555555555
qwen3_0.6b_1024d,zh_char,ROOT-23B09,548.0,501.4
qwen3_0.6b_1024d,zh_char,ROOT-25055,865.3846153846154,1335.5384615384614
qwen3_0.6b_1024d,zh_char,ROOT-26407,333.1666666666667,482.5
qwen3_0.6b_1024d,zh_char,ROOT-271A3,776.1428571428571,888.5714285714286
qwen3_0.6b_1024d,zh_char,ROOT-27DA0,884.7272727272727,1175.4545454545455
qwen3_0.6b_1024d,zh_char,ROOT-3431,-94.66666666666667,-78.91666666666667
qwen3_0.6b_1024d,zh_char,ROOT-34B8,207.2,144.4
qwen3_0.6b_1024d,zh_char,ROOT-34BC,476.5,571.5
qwen3_0.6b_1024d,zh_char,ROOT-34DE,481.5833333333333,1030.5833333333333
qwen3_0.6b_1024d,zh_char,ROOT-3563,306.1666666666667,520.9444444444445
qwen3_0.6b_1024d,zh_char,ROOT-3687,-520.0,-908.75
qwen3_0.6b_1024d,zh_char,ROOT-37A2,-289.29411764705884,-471.3529411764706
qwen3_0.6b_1024d,zh_char,ROOT-382F,-53.84615384615385,73.84615384615384
qwen3_0.6b_1024d,zh_char,ROOT-3840,608.1818181818181,573.7272727272727
qwen3_0.6b_1024d,zh_char,ROOT-39B0,1565.0,1818.4545454545455
qwen3_0.6b_1024d,zh_char,ROOT-4020,297.57142857142856,348.7142857142857
qwen3_0.6b_1024d,zh_char,ROOT-41C2,-150.0,-63.5
qwen3_0.6b_1024d,zh_char,ROOT-4343,162.14285714285714,340.42857142857144
qwen3_0.6b_1024d,zh_char,ROOT-4588,189.5,418.5
qwen3_0.6b_1024d,zh_char,ROOT-470C,1794.2307692307693,1944.6153846153845
qwen3_0.6b_1024d,zh_char,ROOT-4E00,893.0,1109.375
qwen3_0.6b_1024d,zh_char,ROOT-4E01,-101.04761904761905,7.0
qwen3_0.6b_1024d,zh_char,ROOT-4E02,-391.8,-342.8
qwen3_0.6b_1024d,zh_char,ROOT-4E0D,-302.85714285714283,69.14285714285714
qwen3_0.6b_1024d,zh_char,ROOT-4E11,228.25,411.375
qwen3_0.6b_1024d,zh_char,ROOT-4E14,168.96296296296296,344.7037037037037
qwen3_0.6b_1024d,zh_char,ROOT-4E16,-22.125,373.5
qwen3_0.6b_1024d,zh_char,ROOT-4E1E,66.75,-183.25
qwen3_0.6b_1024d,zh_char,ROOT-4E29,843.7142857142857,1400.2857142857142
qwen3_0.6b_1024d,zh_char,ROOT-4E2D,416.0,389.5
qwen3_0.6b_1024d,zh_char,ROOT-4E30,672.0,629.5
qwen3_0.6b_1024d,zh_char,ROOT-4E36,114.125,-266.75
qwen3_0.6b_1024d,zh_char,ROOT-4E38,590.8,917.8
qwen3_0.6b_1024d,zh_char,ROOT-4E3F,-4.333333333333333,93.33333333333333
qwen3_0.6b_1024d,zh_char,ROOT-4E43,-585.25,-1145.5
qwen3_0.6b_1024d,zh_char,ROOT-4E47,-118.4,22.9
qwen3_0.6b_1024d,zh_char,ROOT-4E4D,311.75,354.6875
qwen3_0.6b_1024d,zh_char,ROOT-4E4F,147.8,-191.4
qwen3_0.6b_1024d,zh_char,ROOT-4E59,1140.5,1660.5
qwen3_0.6b_1024d,zh_char,ROOT-4E5D,-77.5,-53.083333333333336
qwen3_0.6b_1024d,zh_char,ROOT-4E5F,226.7,285.4
qwen3_0.6b_1024d,zh_char,ROOT-4E88,174.66666666666666,301.0
qwen3_0.6b_1024d,zh_char,ROOT-4E8C,172.28571428571428,415.64285714285717
qwen3_0.6b_1024d,zh_char,ROOT-4E8E,-89.0,-139.0
qwen3_0.6b_1024d,zh_char,ROOT-4E8F,98.0909090909091,140.9090909090909
qwen3_0.6b_1024d,zh_char,ROOT-4E91,47.22222222222222,217.88888888888889
qwen3_0.6b_1024d,zh_char,ROOT-4E94,958.5333333333333,1012.6666666666666
qwen3_0.6b_1024d,zh_char,ROOT-4E9E,1514.6666666666667,2031.1666666666667
qwen3_0.6b_1024d,zh_char,ROOT-4EA1,94.28571428571429,15.571428571428571
qwen3_0.6b_1024d,zh_char,ROOT-4EA2,302.0833333333333,258.8333333333333
qwen3_0.6b_1024d,zh_char,ROOT-4EA4,-135.94736842105263,67.94736842105263
qwen3_0.6b_1024d,zh_char,ROOT-4EA5,0.6,110.86666666666666
qwen3_0.6b_1024d,zh_char,ROOT-4EAC,-168.6,-48.8
qwen3_0.6b_1024d,zh_char,ROOT-4ECA,161.15,415.95
qwen3_0.6b_1024d,zh_char,ROOT-4ECB,-153.33333333333334,-319.3333333333333
qwen3_0.6b_1024d,zh_char,ROOT-4EE4,142.5,124.72222222222223
qwen3_0.6b_1024d,zh_char,ROOT-4F59,100.41176470588235,144.23529411764707
qwen3_0.6b_1024d,zh_char,ROOT-4F86,574.5,710.0
qwen3_0.6b_1024d,zh_char,ROOT-4F96,1271.9,1153.8
qwen3_0.6b_1024d,zh_char,ROOT-5009,1966.5454545454545,1873.3636363636363
qwen3_0.6b_1024d,zh_char,ROOT-501D,-511.57142857142856,-614.7142857142857
qwen3_0.6b_1024d,zh_char,ROOT-50C9,923.1578947368421,856.3157894736842
qwen3_0.6b_1024d,zh_char,ROOT-5143,11.235294117647058,-10.058823529411764
qwen3_0.6b_1024d,zh_char,ROOT-5146,318.5,619.7222222222222
qwen3_0.6b_1024d,zh_char,ROOT-5148,408.125,696.0
qwen3_0.6b_1024d,zh_char,ROOT-5149,763.375,855.375
qwen3_0.6b_1024d,zh_char,ROOT-514D,215.0,245.8181818181818
qwen3_0.6b_1024d,zh_char,ROOT-5152,1521.8461538461538,2127.0
qwen3_0.6b_1024d,zh_char,ROOT-5165,453.8333333333333,693.8333333333334
qwen3_0.6b_1024d,zh_char,ROOT-5168,80.11111111111111,145.88888888888889
qwen3_0.6b_1024d,zh_char,ROOT-5169,301.0,616.5
qwen3_0.6b_1024d,zh_char,ROOT-516A,486.3529411764706,541.5294117647059
qwen3_0.6b_1024d,zh_char,ROOT-516B,-721.0,-384.2
qwen3_0.6b_1024d,zh_char,ROOT-516C,145.75,90.66666666666667
qwen3_0.6b_1024d,zh_char,ROOT-5171,264.90909090909093,61.18181818181818
qwen3_0.6b_1024d,zh_char,ROOT-5176,196.5,215.15
qwen3_0.6b_1024d,zh_char,ROOT-517C,-11.176470588235293,14.764705882352942
qwen3_0.6b_1024d,zh_char,ROOT-5183,325.5,414.0
qwen3_0.6b_1024d,zh_char,ROOT-518B,140.6,445.0
qwen3_0.6b_1024d,zh_char,ROOT-518E,64.63636363636364,449.8181818181818
qwen3_0.6b_1024d,zh_char,ROOT-5193,305.7,290.1
qwen3_0.6b_1024d,zh_char,ROOT-5198,240.2,179.4
qwen3_0.6b_1024d,zh_char,ROOT-51A5,297.7,320.0
qwen3_0.6b_1024d,zh_char,ROOT-51E0,-171.33333333333334,471.6666666666667
qwen3_0.6b_1024d,zh_char,ROOT-51E1,193.1,233.2
qwen3_0.6b_1024d,zh_char,ROOT-51FA,218.625,379.125
qwen3_0.6b_1024d,zh_char,ROOT-5200,-79.64,182.88
qwen3_0.6b_1024d,zh_char,ROOT-5203,49.111111111111114,189.11111111111111
qwen3_0.6b_1024d,zh_char,ROOT-5206,136.08695652173913,152.82608695652175
qwen3_0.6b_1024d,zh_char,ROOT-5247,-762.0,-709.2
qwen3_0.6b_1024d,zh_char,ROOT-529B,454.89473684210526,638.9473684210526
qwen3_0.6b_1024d,zh_char,ROOT-52A6,742.25,297.5
qwen3_0.6b_1024d,zh_char,ROOT-52F9,195.84,336.24
qwen3_0.6b_1024d,zh_char,ROOT-52FA,-516.6470588235294,-476.3529411764706
qwen3_0.6b_1024d,zh_char,ROOT-52FB,-101.2,158.0
qwen3_0.6b_1024d,zh_char,ROOT-52FF,48.333333333333336,33.333333333333336
qwen3_0.6b_1024d,zh_char,ROOT-5303,-22.821428571428573,382.4642857142857
qwen3_0.6b_1024d,zh_char,ROOT-5305,430.22222222222223,627.7222222222222
qwen3_0.6b_1024d,zh_char,ROOT-530A,-34.57142857142857,201.14285714285714
qwen3_0.6b_1024d,zh_char,ROOT-530B,439.4,368.6
qwen3_0.6b_1024d,zh_char,ROOT-5315,-173.6315789473684,1.736842105263158
qwen3_0.6b_1024d,zh_char,ROOT-5340,2074.5,2370.6666666666665
qwen3_0.6b_1024d,zh_char,ROOT-5348,-1219.75,-867.75
qwen3_0.6b_1024d,zh_char,ROOT-5349,1368.642857142857,1544.5714285714287
qwen3_0.6b_1024d,zh_char,ROOT-534A,361.75,152.625
qwen3_0.6b_1024d,zh_char,ROOT-5351,530.5714285714286,764.7142857142857
qwen3_0.6b_1024d,zh_char,ROOT-5352,838.7058823529412,373.47058823529414
qwen3_0.6b_1024d,zh_char,ROOT-5353,698.7272727272727,1080.8181818181818
qwen3_0.6b_1024d,zh_char,ROOT-535C,-683.0,-191.75
qwen3_0.6b_1024d,zh_char,ROOT-5360,188.1,310.15
qwen3_0.6b_1024d,zh_char,ROOT-5371,155.88888888888889,483.3333333333333
qwen3_0.6b_1024d,zh_char,ROOT-5377,276.0,221.57142857142858
qwen3_0.6b_1024d,zh_char,ROOT-5378,1862.0,2111.5
qwen3_0.6b_1024d,zh_char,ROOT-539F,-643.8571428571429,-666.5714285714286
qwen3_0.6b_1024d,zh_char,ROOT-53B6,751.3333333333334,453.3809523809524
qwen3_0.6b_1024d,zh_char,ROOT-53B7,-85.2,-5.8
qwen3_0.6b_1024d,zh_char,ROOT-53BB,237.0,213.83333333333334
qwen3_0.6b_1024d,zh_char,ROOT-53C3,949.1,1451.0
qwen3_0.6b_1024d,zh_char,ROOT-53C8,94.1,215.95
qwen3_0.6b_1024d,zh_char,ROOT-53CA,-188.58333333333334,-198.5
qwen3_0.6b_1024d,zh_char,ROOT-53CD,445.25,316.0
qwen3_0.6b_1024d,zh_char,ROOT-53D5,849.25,1081.8333333333333
qwen3_0.6b_1024d,zh_char,ROOT-53D6,782.1666666666666,1185.0
qwen3_0.6b_1024d,zh_char,ROOT-53DA,85.92857142857143,288.92857142857144
qwen3_0.6b_1024d,zh_char,ROOT-53E3,-1379.25,-1090.0
qwen3_0.6b_1024d,zh_char,ROOT-53E4,-213.35294117647058,-95.52941176470588
qwen3_0.6b_1024d,zh_char,ROOT-53EA,696.4,1263.6
qwen3_0.6b_1024d,zh_char,ROOT-53F8,242.0,61.0
qwen3_0.6b_1024d,zh_char,ROOT-5404,137.11428571428573,251.97142857142856
qwen3_0.6b_1024d,zh_char,ROOT-5405,272.8125,405.75
qwen3_0.6b_1024d,zh_char,ROOT-5408,677.3636363636364,833.1212121212121
qwen3_0.6b_1024d,zh_char,ROOT-5409,344.1578947368421,668.0
qwen3_0.6b_1024d,zh_char,ROOT-540C,-221.55555555555554,141.55555555555554
qwen3_0.6b_1024d,zh_char,ROOT-540D,107.25,-33.0
qwen3_0.6b_1024d,zh_char,ROOT-540E,1240.6,738.0
qwen3_0.6b_1024d,zh_char,ROOT-5433,41.666666666666664,548.5
qwen3_0.6b_1024d,zh_char,ROOT-5442,-506.6,-382.2
qwen3_0.6b_1024d,zh_char,ROOT-544A,405.4,234.1
qwen3_0.6b_1024d,zh_char,ROOT-5468,88.53333333333333,284.4
qwen3_0.6b_1024d,zh_char,ROOT-5485,824.1428571428571,622.4285714285714
qwen3_0.6b_1024d,zh_char,ROOT-548E,190.14285714285714,310.85714285714283
qwen3_0.6b_1024d,zh_char,ROOT-54A2,109.85714285714286,269.0
qwen3_0.6b_1024d,zh_char,ROOT-54B8,160.14285714285714,87.85714285714286
qwen3_0.6b_1024d,zh_char,ROOT-54E1,700.5714285714286,1166.5714285714287
qwen3_0.6b_1024d,zh_char,ROOT-55AE,1477.7727272727273,1819.1363636363637
qwen3_0.6b_1024d,zh_char,ROOT-55BF,588.2,559.2
qwen3_0.6b_1024d,zh_char,ROOT-55C7,283.1666666666667,422.6666666666667
qwen3_0.6b_1024d,zh_char,ROOT-56D7,1137.8333333333333,1746.4166666666667
qwen3_0.6b_1024d,zh_char,ROOT-56DB,668.5,953.0
qwen3_0.6b_1024d,zh_char,ROOT-56DE,767.75,901.25
qwen3_0.6b_1024d,zh_char,ROOT-56E0,-90.14285714285714,12.714285714285714
qwen3_0.6b_1024d,zh_char,ROOT-56FA,889.8,1690.2
qwen3_0.6b_1024d,zh_char,ROOT-571F,-199.8,-248.2
qwen3_0.6b_1024d,zh_char,ROOT-572D,189.10714285714286,263.9642857142857
qwen3_0.6b_1024d,zh_char,ROOT-57F6,589.8333333333334,852.5
qwen3_0.6b_1024d,zh_char,ROOT-57F7,321.5,274.75
qwen3_0.6b_1024d,zh_char,ROOT-5807,263.57142857142856,389.0
qwen3_0.6b_1024d,zh_char,ROOT-582F,1272.3636363636363,1802.6818181818182
qwen3_0.6b_1024d,zh_char,ROOT-58EC,632.8888888888889,695.0
qwen3_0.6b_1024d,zh_char,ROOT-58F4,2176.5,2141.5
qwen3_0.6b_1024d,zh_char,ROOT-58F9,-328.3333333333333,388.6666666666667
qwen3_0.6b_1024d,zh_char,ROOT-58FD,2775.2,1807.0
qwen3_0.6b_1024d,zh_char,ROOT-590B,620.4117647058823,620.9411764705883
qwen3_0.6b_1024d,zh_char,ROOT-590C,662.1666666666666,934.6666666666666
qwen3_0.6b_1024d,zh_char,ROOT-5917,1086.2307692307693,943.2307692307693
qwen3_0.6b_1024d,zh_char,ROOT-591A,37.0,45.9
qwen3_0.6b_1024d,zh_char,ROOT-5927,1009.3333333333334,1538.0
qwen3_0.6b_1024d,zh_char,ROOT-5929,37.2,35.6
qwen3_0.6b_1024d,zh_char,ROOT-592B,-142.625,-138.375
qwen3_0.6b_1024d,zh_char,ROOT-592C,-517.0,-324.6666666666667
qwen3_0.6b_1024d,zh_char,ROOT-592D,1195.1666666666667,485.8333333333333
qwen3_0.6b_1024d,zh_char,ROOT-592E,691.2307692307693,935.0769230769231
qwen3_0.6b_1024d,zh_char,ROOT-5937,405.0,502.0
qwen3_0.6b_1024d,zh_char,ROOT-593E,1062.5,1185.25
qwen3_0.6b_1024d,zh_char,ROOT-5944,398.7142857142857,567.7142857142857
qwen3_0.6b_1024d,zh_char,ROOT-5949,104.0,398.5
qwen3_0.6b_1024d,zh_char,ROOT-5950,677.5,1199.25
qwen3_0.6b_1024d,zh_char,ROOT-595A,-235.88888888888889,-125.33333333333333
qwen3_0.6b_1024d,zh_char,ROOT-5967,-15.2,-33.8
qwen3_0.6b_1024d,zh_char,ROOT-5973,-34.43478260869565,283.7391304347826
qwen3_0.6b_1024d,zh_char,ROOT-599F,210.14285714285714,439.2857142857143
qwen3_0.6b_1024d,zh_char,ROOT-59A5,348.25,326.75
qwen3_0.6b_1024d,zh_char,ROOT-59BB,522.5,425.1666666666667
qwen3_0.6b_1024d,zh_char,ROOT-59BE,-32.6,-71.0
qwen3_0.6b_1024d,zh_char,ROOT-5A41,860.9411764705883,1321.1764705882354
qwen3_0.6b_1024d,zh_char,ROOT-5B5A,162.15384615384616,265.2307692307692
qwen3_0.6b_1024d,zh_char,ROOT-5B81,684.0,639.5
qwen3_0.6b_1024d,zh_char,ROOT-5B83,-179.4,-88.5
qwen3_0.6b_1024d,zh_char,ROOT-5B89,-681.0,-267.0
qwen3_0.6b_1024d,zh_char,ROOT-5B97,247.0,89.375
qwen3_0.6b_1024d,zh_char,ROOT-5B98,124.5,209.8
qwen3_0.6b_1024d,zh_char,ROOT-5B9A,-635.5,-553.5
qwen3_0.6b_1024d,zh_char,ROOT-5BA3,3016.6,1849.0
qwen3_0.6b_1024d,zh_char,ROOT-5BB3,87.66666666666667,328.0
qwen3_0.6b_1024d,zh_char,ROOT-5BC5,59.833333333333336,-84.5
qwen3_0.6b_1024d,zh_char,ROOT-5BCD,503.0,866.6666666666666
qwen3_0.6b_1024d,zh_char,ROOT-5BF8,-390.6,-94.4
qwen3_0.6b_1024d,zh_char,ROOT-5BFD,421.8,535.8
qwen3_0.6b_1024d,zh_char,ROOT-5C07,1890.0,1534.8
qwen3_0.6b_1024d,zh_char,ROOT-5C08,711.1333333333333,992.8
qwen3_0.6b_1024d,zh_char,ROOT-5C09,-79.8,-101.8
qwen3_0.6b_1024d,zh_char,ROOT-5C0A,388.77777777777777,796.6666666666666
qwen3_0.6b_1024d,zh_char,ROOT-5C0F,134.76190476190476,-46.19047619047619
qwen3_0.6b_1024d,zh_char,ROOT-5C17,634.7857142857143,737.5
qwen3_0.6b_1024d,zh_char,ROOT-5C1A,231.96153846153845,501.6923076923077
qwen3_0.6b_1024d,zh_char,ROOT-5C1E,1280.4285714285713,1121.7142857142858
qwen3_0.6b_1024d,zh_char,ROOT-5C28,-271.0,-189.25
qwen3_0.6b_1024d,zh_char,ROOT-5C39,-143.0,-42.1
qwen3_0.6b_1024d,zh_char,ROOT-5C4B,331.8333333333333,194.33333333333334
qwen3_0.6b_1024d,zh_char,ROOT-5C6F,194.77777777777777,244.22222222222223
qwen3_0.6b_1024d,zh_char,ROOT-5C70,-247.6,24.8
qwen3_0.6b_1024d,zh_char,ROOT-5CA1,306.5,217.0
qwen3_0.6b_1024d,zh_char,ROOT-5DC2,906.1666666666666,1060.0
qwen3_0.6b_1024d,zh_char,ROOT-5DDD,-937.0,-921.8
qwen3_0.6b_1024d,zh_char,ROOT-5DE0,705.1333333333333,1005.8666666666667
qwen3_0.6b_1024d,zh_char,ROOT-5DE4,745.1666666666666,532.8333333333334
qwen3_0.6b_1024d,zh_char,ROOT-5DE5,91.21428571428571,163.78571428571428
qwen3_0.6b_1024d,zh_char,ROOT-5DE8,-404.2,-36.6
qwen3_0.6b_1024d,zh_char,ROOT-5DF1,-67.08333333333333,-65.5
qwen3_0.6b_1024d,zh_char,ROOT-5DF3,-992.0,-786.25
qwen3_0.6b_1024d,zh_char,ROOT-5DF4,-213.0,87.71428571428571
qwen3_0.6b_1024d,zh_char,ROOT-5E0C,1381.3333333333333,1030.2222222222222
qwen3_0.6b_1024d,zh_char,ROOT-5E1D,116.57142857142857,357.85714285714283
qwen3_0.6b_1024d,zh_char,ROOT-5E36,1476.8,1776.4
qwen3_0.6b_1024d,zh_char,ROOT-5E72,135.10714285714286,456.35714285714283
qwen3_0.6b_1024d,zh_char,ROOT-5E73,893.3333333333334,356.44444444444446
qwen3_0.6b_1024d,zh_char,ROOT-5E7A,825.0,542.1428571428571
qwen3_0.6b_1024d,zh_char,ROOT-5E9A,-1313.0,-1002.25
qwen3_0.6b_1024d,zh_char,ROOT-5EB6,-791.25,-791.875
qwen3_0.6b_1024d,zh_char,ROOT-5EFA,-132.16666666666666,336.8333333333333
qwen3_0.6b_1024d,zh_char,ROOT-5F0B,-116.0,93.0625
qwen3_0.6b_1024d,zh_char,ROOT-5F15,498.8,510.0
qwen3_0.6b_1024d,zh_char,ROOT-5F17,263.2857142857143,531.9285714285714
qwen3_0.6b_1024d,zh_char,ROOT-5F1F,270.1818181818182,135.0909090909091
qwen3_0.6b_1024d,zh_char,ROOT-5F31,-630.75,-485.75
qwen3_0.6b_1024d,zh_char,ROOT-5F54,281.875,499.0
qwen3_0.6b_1024d,zh_char,ROOT-5F56,-685.0,-399.375
qwen3_0.6b_1024d,zh_char,ROOT-5F57,2326.4,2585.6
qwen3_0.6b_1024d,zh_char,ROOT-5F9E,837.8571428571429,1293.0
qwen3_0.6b_1024d,zh_char,ROOT-5FC5,645.0,1077.7333333333333
qwen3_0.6b_1024d,zh_char,ROOT-601D,42.0,-92.2
qwen3_0.6b_1024d,zh_char,ROOT-60A4,-277.8,-279.8
qwen3_0.6b_1024d,zh_char,ROOT-610F,-67.4,-182.0
qwen3_0.6b_1024d,zh_char,ROOT-620D,1181.875,1692.375
qwen3_0.6b_1024d,zh_char,ROOT-6211,268.77777777777777,307.3333333333333
qwen3_0.6b_1024d,zh_char,ROOT-6212,1552.5,1848.25
qwen3_0.6b_1024d,zh_char,ROOT-6214,1284.9375,1233.6875
qwen3_0.6b_1024d,zh_char,ROOT-6216,239.6153846153846,546.0769230769231
qwen3_0.6b_1024d,zh_char,ROOT-6236,-12.833333333333334,-47.5
qwen3_0.6b_1024d,zh_char,ROOT-6241,747.5,903.0714285714286
qwen3_0.6b_1024d,zh_char,ROOT-624B,489.53333333333336,418.06666666666666
qwen3_0.6b_1024d,zh_char,ROOT-624D,45.4,-133.0
qwen3_0.6b_1024d,zh_char,ROOT-652F,-134.53333333333333,162.8
qwen3_0.6b_1024d,zh_char,ROOT-6538,339.26666666666665,502.6
qwen3_0.6b_1024d,zh_char,ROOT-6544,33.0,223.66666666666666
qwen3_0.6b_1024d,zh_char,ROOT-6556,2232.75,1182.75
qwen3_0.6b_1024d,zh_char,ROOT-656B,1090.6666666666667,1154.5555555555557
qwen3_0.6b_1024d,zh_char,ROOT-6587,166.8,313.9
qwen3_0.6b_1024d,zh_char,ROOT-65A4,81.5909090909091,116.36363636363636
qwen3_0.6b_1024d,zh_char,ROOT-65AC,1293.5555555555557,1424.3333333333333
qwen3_0.6b_1024d,zh_char,ROOT-65B9,282.63157894736844,305.94736842105266
qwen3_0.6b_1024d,zh_char,ROOT-65C1,1905.2,1110.4
qwen3_0.6b_1024d,zh_char,ROOT-65CF,-259.4,-250.8
qwen3_0.6b_1024d,zh_char,ROOT-65E6,1194.2173913043478,1228.695652173913
qwen3_0.6b_1024d,zh_char,ROOT-65E8,-44.18181818181818,201.72727272727272
qwen3_0.6b_1024d,zh_char,ROOT-65EC,535.8461538461538,402.2307692307692
qwen3_0.6b_1024d,zh_char,ROOT-6606,-41.666666666666664,-33.111111111111114
qwen3_0.6b_1024d,zh_char,ROOT-660C,97.0,83.33333333333333
qwen3_0.6b_1024d,zh_char,ROOT-660F,1265.5,1636.5
qwen3_0.6b_1024d,zh_char,ROOT-6613,213.77777777777777,372.77777777777777
qwen3_0.6b_1024d,zh_char,ROOT-6614,-432.75,232.0
qwen3_0.6b_1024d,zh_char,ROOT-661C,1346.5714285714287,1592.4761904761904
qwen3_0.6b_1024d,zh_char,ROOT-661F,524.25,35.5
qwen3_0.6b_1024d,zh_char,ROOT-662F,319.6666666666667,398.3888888888889
qwen3_0.6b_1024d,zh_char,ROOT-66FC,435.15384615384613,572.8461538461538
qwen3_0.6b_1024d,zh_char,ROOT-66FE,288.0,395.8888888888889
qwen3_0.6b_1024d,zh_char,ROOT-6701,1465.4285714285713,1321.7142857142858
qwen3_0.6b_1024d,zh_char,ROOT-6703,744.5833333333334,905.0833333333334
qwen3_0.6b_1024d,zh_char,ROOT-670B,255.27272727272728,521.4545454545455
qwen3_0.6b_1024d,zh_char,ROOT-672A,-139.71428571428572,-126.14285714285714
qwen3_0.6b_1024d,zh_char,ROOT-672B,660.6666666666666,880.6666666666666
qwen3_0.6b_1024d,zh_char,ROOT-672E,198.4,1419.0
qwen3_0.6b_1024d,zh_char,ROOT-6731,143.75,312.75
qwen3_0.6b_1024d,zh_char,ROOT-675F,470.22222222222223,443.44444444444446
qwen3_0.6b_1024d,zh_char,ROOT-6771,32.083333333333336,22.5
qwen3_0.6b_1024d,zh_char,ROOT-6797,646.3333333333334,623.2222222222222
qwen3_0.6b_1024d,zh_char,ROOT-679C,-328.0,-135.58333333333334
qwen3_0.6b_1024d,zh_char,ROOT-67BC,418.5,459.1666666666667
qwen3_0.6b_1024d,zh_char,ROOT-67D0,-457.8,376.0
qwen3_0.6b_1024d,zh_char,ROOT-67EC,820.5,927.2307692307693
qwen3_0.6b_1024d,zh_char,ROOT-6A02,1034.4545454545455,1194.909090909091
qwen3_0.6b_1024d,zh_char,ROOT-6B2E,181.77777777777777,197.88888888888889
qwen3_0.6b_1024d,zh_char,ROOT-6B62,138.25,231.5
qwen3_0.6b_1024d,zh_char,ROOT-6B63,-56.5,-282.25
qwen3_0.6b_1024d,zh_char,ROOT-6BB5,-181.0,522.8
qwen3_0.6b_1024d,zh_char,ROOT-6BB8,-145.6,-116.0
qwen3_0.6b_1024d,zh_char,ROOT-6BB9,-313.8333333333333,-128.5
qwen3_0.6b_1024d,zh_char,ROOT-6BCE,915.625,475.125
qwen3_0.6b_1024d,zh_char,ROOT-6BD4,728.0833333333334,783.4166666666666
qwen3_0.6b_1024d,zh_char,ROOT-6BDA,1092.125,1289.25
qwen3_0.6b_1024d,zh_char,ROOT-6BDB,631.1666666666666,338.5
qwen3_0.6b_1024d,zh_char,ROOT-6C0F,137.77777777777777,249.77777777777777
qwen3_0.6b_1024d,zh_char,ROOT-6C10,762.25,1309.1875
qwen3_0.6b_1024d,zh_char,ROOT-6C11,-301.4,173.6
qwen3_0.6b_1024d,zh_char,ROOT-6C14,-566.5,-434.8333333333333
qwen3_0.6b_1024d,zh_char,ROOT-6C42,-265.9,-445.6
qwen3_0.6b_1024d,zh_char,ROOT-6C93,235.25,875.0
qwen3_0.6b_1024d,zh_char,ROOT-6C99,1189.0,1119.5
qwen3_0.6b_1024d,zh_char,ROOT-708E,416.0625,393.6875
qwen3_0.6b_1024d,zh_char,ROOT-7097,446.3333333333333,527.2666666666667
qwen3_0.6b_1024d,zh_char,ROOT-7121,1627.0,1625.4
qwen3_0.6b_1024d,zh_char,ROOT-7126,94.77777777777777,111.66666666666667
qwen3_0.6b_1024d,zh_char,ROOT-718F,170.0,-10.2
qwen3_0.6b_1024d,zh_char,ROOT-71D5,966.2,1299.0
qwen3_0.6b_1024d,zh_char,ROOT-722D,638.1428571428571,1301.4285714285713
qwen3_0.6b_1024d,zh_char,ROOT-7230,-117.9090909090909,265.6363636363636
qwen3_0.6b_1024d,zh_char,ROOT-7235,206.5,409.5
qwen3_0.6b_1024d,zh_char,ROOT-7236,154.35294117647058,275.0
qwen3_0.6b_1024d,zh_char,ROOT-723B,1309.25,1072.5
qwen3_0.6b_1024d,zh_char,ROOT-723E,1190.0,2041.25
qwen3_0.6b_1024d,zh_char,ROOT-723F,277.84615384615387,128.84615384615384
qwen3_0.6b_1024d,zh_char,ROOT-7259,-512.3333333333334,-512.0
qwen3_0.6b_1024d,zh_char,ROOT-72AE,-207.23076923076923,-332.15384615384613
qwen3_0.6b_1024d,zh_char,ROOT-7312,315.0,-15.8
qwen3_0.6b_1024d,zh_char,ROOT-7384,419.44444444444446,140.22222222222223
qwen3_0.6b_1024d,zh_char,ROOT-74DC,-218.1,-234.4
qwen3_0.6b_1024d,zh_char,ROOT-7518,163.0,611.0
qwen3_0.6b_1024d,zh_char,ROOT-751A,112.6923076923077,372.3076923076923
qwen3_0.6b_1024d,zh_char,ROOT-751F,-66.14285714285714,-83.0
qwen3_0.6b_1024d,zh_char,ROOT-7528,422.3125,244.625
qwen3_0.6b_1024d,zh_char,ROOT-752B,147.12121212121212,313.8181818181818
qwen3_0.6b_1024d,zh_char,ROOT-7531,-64.25,-178.125
qwen3_0.6b_1024d,zh_char,ROOT-7532,124.25,160.75
qwen3_0.6b_1024d,zh_char,ROOT-7533,500.6,114.2
qwen3_0.6b_1024d,zh_char,ROOT-7539,-969.8,-399.2
qwen3_0.6b_1024d,zh_char,ROOT-754F,-679.25,-601.5
qwen3_0.6b_1024d,zh_char,ROOT-7550,-149.77777777777777,-70.55555555555556
qwen3_0.6b_1024d,zh_char,ROOT-7562,635.8,953.8
qwen3_0.6b_1024d,zh_char,ROOT-757A,808.75,-78.75
qwen3_0.6b_1024d,zh_char,ROOT-757E,-408.7142857142857,-314.2857142857143
qwen3_0.6b_1024d,zh_char,ROOT-758B,-46.6,-143.6
qwen3_0.6b_1024d,zh_char,ROOT-758C,500.8888888888889,669.8888888888889
qwen3_0.6b_1024d,zh_char,ROOT-7591,-7.833333333333333,681.0
qwen3_0.6b_1024d,zh_char,ROOT-7678,881.5,1193.0
qwen3_0.6b_1024d,zh_char,ROOT-767D,341.93333333333334,428.8
qwen3_0.6b_1024d,zh_char,ROOT-7686,830.625,1690.5
qwen3_0.6b_1024d,zh_char,ROOT-7687,206.66666666666666,52.5
qwen3_0.6b_1024d,zh_char,ROOT-76AE,329.55555555555554,303.44444444444446
qwen3_0.6b_1024d,zh_char,ROOT-76CA,-357.57142857142856,-178.0
qwen3_0.6b_1024d,zh_char,ROOT-76E1,921.25,360.25
qwen3_0.6b_1024d,zh_char,ROOT-76E3,1145.1666666666667,1104.6666666666667
qwen3_0.6b_1024d,zh_char,ROOT-76F4,161.0,161.8
qwen3_0.6b_1024d,zh_char,ROOT-76F8,-595.6666666666666,-338.3333333333333
qwen3_0.6b_1024d,zh_char,ROOT-7714,-207.75,-464.75
qwen3_0.6b_1024d,zh_char,ROOT-771E,1421.3333333333333,51.666666666666664
qwen3_0.6b_1024d,zh_char,ROOT-7758,183.5,152.0
qwen3_0.6b_1024d,zh_char,ROOT-776A,619.8571428571429,579.4285714285714
qwen3_0.6b_1024d,zh_char,ROOT-77DB,958.1666666666666,828.75
qwen3_0.6b_1024d,zh_char,ROOT-77DE,888.7,944.6
qwen3_0.6b_1024d,zh_char,ROOT-77E2,236.16666666666666,157.16666666666666
qwen3_0.6b_1024d,zh_char,ROOT-77F3,-241.375,-37.875
qwen3_0.6b_1024d,zh_char,ROOT-793A,267.75,508.5
qwen3_0.6b_1024d,zh_char,ROOT-79B9,-105.4,-59.0
qwen3_0.6b_1024d,zh_char,ROOT-79BA,6.545454545454546,62.36363636363637
qwen3_0.6b_1024d,zh_char,ROOT-79BB,498.75,177.75
qwen3_0.6b_1024d,zh_char,ROOT-79BE,188.57142857142858,159.21428571428572
qwen3_0.6b_1024d,zh_char,ROOT-79CB,521.0,496.2857142857143
qwen3_0.6b_1024d,zh_char,ROOT-79DD,1333.5,1409.25
qwen3_0.6b_1024d,zh_char,ROOT-79E6,144.4,203.2
qwen3_0.6b_1024d,zh_char,ROOT-7ACB,-148.25,-183.875
qwen3_0.6b_1024d,zh_char,ROOT-7AE0,763.2,434.0
qwen3_0.6b_1024d,zh_char,ROOT-7AE5,116.15384615384616,88.3076923076923
qwen3_0.6b_1024d,zh_char,ROOT-7C73,110.5,-181.25
qwen3_0.6b_1024d,zh_char,ROOT-7F8A,-27.6,16.5
qwen3_0.6b_1024d,zh_char,ROOT-7FA9,-293.0,-11.454545454545455
qwen3_0.6b_1024d,zh_char,ROOT-7FCF,216.0,446.3888888888889
qwen3_0.6b_1024d,zh_char,ROOT-7FD2,1236.875,1295.75
qwen3_0.6b_1024d,zh_char,ROOT-7FDF,183.27272727272728,184.45454545454547
qwen3_0.6b_1024d,zh_char,ROOT-800C,560.3333333333334,666.4444444444445
qwen3_0.6b_1024d,zh_char,ROOT-8011,-347.9,-43.3
qwen3_0.6b_1024d,zh_char,ROOT-8033,339.55555555555554,476.8333333333333
qwen3_0.6b_1024d,zh_char,ROOT-8076,1132.5714285714287,1235.5714285714287
qwen3_0.6b_1024d,zh_char,ROOT-807F,60.27272727272727,339.54545454545456
qwen3_0.6b_1024d,zh_char,ROOT-8099,-177.83333333333334,83.91666666666667
qwen3_0.6b_1024d,zh_char,ROOT-81E4,543.875,563.125
qwen3_0.6b_1024d,zh_char,ROOT-81EA,-1131.5,-686.0
qwen3_0.6b_1024d,zh_char,ROOT-81F3,140.4,181.53333333333333
qwen3_0.6b_1024d,zh_char,ROOT-81FD,1253.4615384615386,1669.3076923076924
qwen3_0.6b_1024d,zh_char,ROOT-81FE,-653.6,-897.2
qwen3_0.6b_1024d,zh_char,ROOT-8200,200.83333333333334,126.66666666666667
qwen3_0.6b_1024d,zh_char,ROOT-8201,-146.25,18.0
qwen3_0.6b_1024d,zh_char,ROOT-822C,-140.83333333333334,639.0
qwen3_0.6b_1024d,zh_char,ROOT-826F,502.5,532.6666666666666
qwen3_0.6b_1024d,zh_char,ROOT-82BB,994.8888888888889,1295.2222222222222
qwen3_0.6b_1024d,zh_char,ROOT-82E5,-76.16666666666667,-264.3333333333333
qwen3_0.6b_1024d,zh_char,ROOT-830D,1281.2,569.4
qwen3_0.6b_1024d,zh_char,ROOT-83AB,396.94444444444446,340.94444444444446
qwen3_0.6b_1024d,zh_char,ROOT-83D0,257.8888888888889,308.22222222222223
qwen3_0.6b_1024d,zh_char,ROOT-842C,803.1428571428571,600.0
qwen3_0.6b_1024d,zh_char,ROOT-8499,736.0,819.8571428571429
qwen3_0.6b_1024d,zh_char,ROOT-84A6,1303.0,1374.6666666666667
qwen3_0.6b_1024d,zh_char,ROOT-8511,1556.3333333333333,2364.6666666666665
qwen3_0.6b_1024d,zh_char,ROOT-86A4,570.75,639.0
qwen3_0.6b_1024d,zh_char,ROOT-8700,350.2142857142857,625.1428571428571
qwen3_0.6b_1024d,zh_char,ROOT-8881,-1012.2,-596.0
qwen3_0.6b_1024d,zh_char,ROOT-8944,167.66666666666666,215.25
qwen3_0.6b_1024d,zh_char,ROOT-898B,560.9,691.2
qwen3_0.6b_1024d,zh_char,ROOT-89D2,-156.6,-97.6
qwen3_0.6b_1024d,zh_char,ROOT-89E3,89.0,-16.5
qwen3_0.6b_1024d,zh_char,ROOT-8A79,-136.75,-273.1666666666667
qwen3_0.6b_1024d,zh_char,ROOT-8C37,163.2941176470588,92.6470588235294
qwen3_0.6b_1024d,zh_char,ROOT-8C46,-157.33333333333334,152.13333333333333
qwen3_0.6b_1024d,zh_char,ROOT-8C48,1049.6666666666667,1437.9166666666667
qwen3_0.6b_1024d,zh_char,ROOT-8C56,1174.5,1247.5
qwen3_0.6b_1024d,zh_char,ROOT-8C61,-756.25,-251.0
qwen3_0.6b_1024d,zh_char,ROOT-8C66,762.5,406.125
qwen3_0.6b_1024d,zh_char,ROOT-8C9E,381.6666666666667,678.0
qwen3_0.6b_1024d,zh_char,ROOT-8CAC,1459.7142857142858,1465.7142857142858
qwen3_0.6b_1024d,zh_char,ROOT-8CB4,-121.5,365.25
qwen3_0.6b_1024d,zh_char,ROOT-8CCF,1926.5,2259.125
qwen3_0.6b_1024d,zh_char,ROOT-8D0A,219.85714285714286,671.8571428571429
qwen3_0.6b_1024d,zh_char,ROOT-8DB3,-1327.0,-882.5
qwen3_0.6b_1024d,zh_char,ROOT-8ECD,750.9473684210526,967.4736842105264
qwen3_0.6b_1024d,zh_char,ROOT-8F9B,-324.2,-437.2
qwen3_0.6b_1024d,zh_char,ROOT-8F9F,215.61111111111111,466.22222222222223
qwen3_0.6b_1024d,zh_char,ROOT-8FA1,1434.4,823.8
qwen3_0.6b_1024d,zh_char,ROOT-8FB0,-219.0,-121.71428571428571
qwen3_0.6b_1024d,zh_char,ROOT-8FB1,489.3333333333333,309.0
qwen3_0.6b_1024d,zh_char,ROOT-9023,412.1666666666667,615.0
qwen3_0.6b_1024d,zh_char,ROOT-9091,545.75,915.5
qwen3_0.6b_1024d,zh_char,ROOT-9109,525.0,934.1666666666666
qwen3_0.6b_1024d,zh_char,ROOT-914B,273.8888888888889,440.8888888888889
qwen3_0.6b_1024d,zh_char,ROOT-91C6,362.4,529.7
qwen3_0.6b_1024d,zh_char,ROOT-91CC,-318.09090909090907,-146.0
qwen3_0.6b_1024d,zh_char,ROOT-9577,1230.0,1227.4
qwen3_0.6b_1024d,zh_char,ROOT-9580,127.0,668.8571428571429
qwen3_0.6b_1024d,zh_char,ROOT-96B6,151.75,334.0
qwen3_0.6b_1024d,zh_char,ROOT-96B9,79.48275862068965,236.72413793103448
qwen3_0.6b_1024d,zh_char,ROOT-96BA,-851.4,-627.4
qwen3_0.6b_1024d,zh_char,ROOT-96BB,247.5,438.1666666666667
qwen3_0.6b_1024d,zh_char,ROOT-96E3,2770.75,2772.25
qwen3_0.6b_1024d,zh_char,ROOT-9700,247.1818181818182,156.45454545454547
qwen3_0.6b_1024d,zh_char,ROOT-9752,-4.823529411764706,-104.52941176470588
qwen3_0.6b_1024d,zh_char,ROOT-975E,380.0416666666667,606.2916666666666
qwen3_0.6b_1024d,zh_char,ROOT-9762,722.25,883.0
qwen3_0.6b_1024d,zh_char,ROOT-99AC,-23.4,118.2
qwen3_0.6b_1024d,zh_char,ROOT-9AD8,257.27272727272725,435.27272727272725
qwen3_0.6b_1024d,zh_char,ROOT-9B32,-41.6,67.6
qwen3_0.6b_1024d,zh_char,ROOT-9B3C,618.7692307692307,654.2307692307693
qwen3_0.6b_1024d,zh_char,ROOT-9B5A,62.75,234.25
qwen3_0.6b_1024d,zh_char,ROOT-9E7F,51.25,69.0
qwen3_0.6b_1024d,zh_char,ROOT-9E83,1197.6,1093.4
qwen3_0.6b_1024d,zh_char,ROOT-9E97,208.5,433.3333333333333
qwen3_0.6b_1024d,zh_char,ROOT-9F4A,1640.909090909091,2350.6363636363635
qwen3_0.6b_1024d,zh_char,ROOT-9F8D,2134.75,2414.25
qwen3_0.6b_1024d,zh_char,ROOT-9FA0,607.0,1151.2
qwen3_4b_2560d_int8,cn_def,ROOT-20000,14.35,94.8
qwen3_4b_2560d_int8,cn_def,ROOT-200A4,616.75,305.75
qwen3_4b_2560d_int8,cn_def,ROOT-2123C,328.5,825.0
qwen3_4b_2560d_int8,cn_def,ROOT-219CD,402.1111111111111,121.88888888888889
qwen3_4b_2560d_int8,cn_def,ROOT-21FE7,-813.75,-1109.0
qwen3_4b_2560d_int8,cn_def,ROOT-23386,-66.75,-331.0
qwen3_4b_2560d_int8,cn_def,ROOT-233DF,-128.83333333333334,206.16666666666666
qwen3_4b_2560d_int8,cn_def,ROOT-2394F,62.0,74.875
qwen3_4b_2560d_int8,cn_def,ROOT-239BC,710.0,980.75
qwen3_4b_2560d_int8,cn_def,ROOT-23A8A,148.2,405.4
qwen3_4b_2560d_int8,cn_def,ROOT-25055,792.25,1193.5
qwen3_4b_2560d_int8,cn_def,ROOT-271A3,18.0,26.727272727272727
qwen3_4b_2560d_int8,cn_def,ROOT-27DA0,367.8333333333333,385.8333333333333
qwen3_4b_2560d_int8,cn_def,ROOT-3431,-66.57142857142857,-192.71428571428572
qwen3_4b_2560d_int8,cn_def,ROOT-34BC,1008.75,1509.75
qwen3_4b_2560d_int8,cn_def,ROOT-34DE,-92.5,383.25
qwen3_4b_2560d_int8,cn_def,ROOT-3563,221.23076923076923,449.61538461538464
qwen3_4b_2560d_int8,cn_def,ROOT-37A2,480.6666666666667,626.8333333333334
qwen3_4b_2560d_int8,cn_def,ROOT-382F,91.73333333333333,285.26666666666665
qwen3_4b_2560d_int8,cn_def,ROOT-3840,129.5,346.25
qwen3_4b_2560d_int8,cn_def,ROOT-39B0,173.8,100.0
qwen3_4b_2560d_int8,cn_def,ROOT-4020,1167.5,841.25
qwen3_4b_2560d_int8,cn_def,ROOT-41C2,31.333333333333332,178.93333333333334
qwen3_4b_2560d_int8,cn_def,ROOT-4343,-251.5,-544.0
qwen3_4b_2560d_int8,cn_def,ROOT-470C,165.0909090909091,317.72727272727275
qwen3_4b_2560d_int8,cn_def,ROOT-4E00,92.25,137.75
qwen3_4b_2560d_int8,cn_def,ROOT-4E01,36.642857142857146,57.714285714285715
qwen3_4b_2560d_int8,cn_def,ROOT-4E02,-195.0,40.0
qwen3_4b_2560d_int8,cn_def,ROOT-4E0D,498.6,386.8
qwen3_4b_2560d_int8,cn_def,ROOT-4E11,956.25,1420.75
qwen3_4b_2560d_int8,cn_def,ROOT-4E14,-234.0625,-245.5625
qwen3_4b_2560d_int8,cn_def,ROOT-4E29,-38.75,32.5
qwen3_4b_2560d_int8,cn_def,ROOT-4E2D,-491.1666666666667,-406.1666666666667
qwen3_4b_2560d_int8,cn_def,ROOT-4E30,-6.0,-424.1666666666667
qwen3_4b_2560d_int8,cn_def,ROOT-4E36,146.14285714285714,702.5714285714286
qwen3_4b_2560d_int8,cn_def,ROOT-4E3F,59.53333333333333,148.8
qwen3_4b_2560d_int8,cn_def,ROOT-4E43,-90.5,991.75
qwen3_4b_2560d_int8,cn_def,ROOT-4E47,97.8,46.6
qwen3_4b_2560d_int8,cn_def,ROOT-4E4D,456.3636363636364,436.3636363636364
qwen3_4b_2560d_int8,cn_def,ROOT-4E4F,-295.2,-482.0
qwen3_4b_2560d_int8,cn_def,ROOT-4E59,-905.0,-1032.75
qwen3_4b_2560d_int8,cn_def,ROOT-4E5D,-40.857142857142854,-0.8571428571428571
qwen3_4b_2560d_int8,cn_def,ROOT-4E5F,153.25,-214.75
qwen3_4b_2560d_int8,cn_def,ROOT-4E88,458.85714285714283,1010.4285714285714
qwen3_4b_2560d_int8,cn_def,ROOT-4E8C,283.42857142857144,446.7142857142857
qwen3_4b_2560d_int8,cn_def,ROOT-4E8E,-477.0,-852.6
qwen3_4b_2560d_int8,cn_def,ROOT-4E8F,152.0,234.8
qwen3_4b_2560d_int8,cn_def,ROOT-4E91,170.8,204.0
qwen3_4b_2560d_int8,cn_def,ROOT-4E94,64.72727272727273,14.636363636363637
qwen3_4b_2560d_int8,cn_def,ROOT-4E9E,-523.5,-26.75
qwen3_4b_2560d_int8,cn_def,ROOT-4EA1,698.0,12.25
qwen3_4b_2560d_int8,cn_def,ROOT-4EA2,318.1111111111111,626.0
qwen3_4b_2560d_int8,cn_def,ROOT-4EA4,378.8333333333333,795.5833333333334
qwen3_4b_2560d_int8,cn_def,ROOT-4EA5,58.583333333333336,49.916666666666664
qwen3_4b_2560d_int8,cn_def,ROOT-4EAC,163.71428571428572,185.0
qwen3_4b_2560d_int8,cn_def,ROOT-4ECA,119.52380952380952,109.19047619047619
qwen3_4b_2560d_int8,cn_def,ROOT-4EE4,-49.76923076923077,-80.15384615384616
qwen3_4b_2560d_int8,cn_def,ROOT-4F59,72.71428571428571,22.714285714285715
qwen3_4b_2560d_int8,cn_def,ROOT-4F96,-125.57142857142857,35.57142857142857
qwen3_4b_2560d_int8,cn_def,ROOT-5009,-471.625,-406.375
qwen3_4b_2560d_int8,cn_def,ROOT-501D,-41.8,75.6
qwen3_4b_2560d_int8,cn_def,ROOT-50C9,107.6,559.0
qwen3_4b_2560d_int8,cn_def,ROOT-5143,-87.375,-85.375
qwen3_4b_2560d_int8,cn_def,ROOT-5146,237.66666666666666,192.0
qwen3_4b_2560d_int8,cn_def,ROOT-5149,-516.2,-146.0
qwen3_4b_2560d_int8,cn_def,ROOT-514D,834.3333333333334,987.3333333333334
qwen3_4b_2560d_int8,cn_def,ROOT-5152,125.75,35.0
qwen3_4b_2560d_int8,cn_def,ROOT-5165,-315.25,31.75
qwen3_4b_2560d_int8,cn_def,ROOT-5168,-74.6,45.4
qwen3_4b_2560d_int8,cn_def,ROOT-516A,896.2,1045.0
qwen3_4b_2560d_int8,cn_def,ROOT-516C,-290.42857142857144,9.714285714285714
qwen3_4b_2560d_int8,cn_def,ROOT-5171,952.4285714285714,1429.857142857143
qwen3_4b_2560d_int8,cn_def,ROOT-5176,360.4,557.1
qwen3_4b_2560d_int8,cn_def,ROOT-517C,268.5,292.125
qwen3_4b_2560d_int8,cn_def,ROOT-5183,200.8,-109.2
qwen3_4b_2560d_int8,cn_def,ROOT-518E,-78.0909090909091,16.272727272727273
qwen3_4b_2560d_int8,cn_def,ROOT-5193,320.42857142857144,672.4285714285714
qwen3_4b_2560d_int8,cn_def,ROOT-5198,-580.0,-526.6666666666666
qwen3_4b_2560d_int8,cn_def,ROOT-51A5,-535.5,-511.0
qwen3_4b_2560d_int8,cn_def,ROOT-51E0,-349.4,-357.2
qwen3_4b_2560d_int8,cn_def,ROOT-51E1,224.14285714285714,188.85714285714286
qwen3_4b_2560d_int8,cn_def,ROOT-51FA,1555.5,2276.25
qwen3_4b_2560d_int8,cn_def,ROOT-5200,139.69230769230768,205.3846153846154
qwen3_4b_2560d_int8,cn_def,ROOT-5203,248.66666666666666,135.83333333333334
qwen3_4b_2560d_int8,cn_def,ROOT-5206,178.0,327.2142857142857
qwen3_4b_2560d_int8,cn_def,ROOT-5247,-200.75,10.25
qwen3_4b_2560d_int8,cn_def,ROOT-529B,501.46153846153845,651.1538461538462
qwen3_4b_2560d_int8,cn_def,ROOT-52F9,148.88888888888889,304.77777777777777
qwen3_4b_2560d_int8,cn_def,ROOT-52FA,696.7142857142857,801.2857142857143
qwen3_4b_2560d_int8,cn_def,ROOT-52FF,-296.6666666666667,-351.8333333333333
qwen3_4b_2560d_int8,cn_def,ROOT-5303,-87.14285714285714,77.78571428571429
qwen3_4b_2560d_int8,cn_def,ROOT-5305,-54.61538461538461,53.07692307692308
qwen3_4b_2560d_int8,cn_def,ROOT-5315,321.7083333333333,272.9583333333333
qwen3_4b_2560d_int8,cn_def,ROOT-5340,-133.84615384615384,-35.38461538461539
qwen3_4b_2560d_int8,cn_def,ROOT-5348,69.0,-176.0
qwen3_4b_2560d_int8,cn_def,ROOT-5349,381.25,795.75
qwen3_4b_2560d_int8,cn_def,ROOT-534A,387.7142857142857,565.2857142857143
qwen3_4b_2560d_int8,cn_def,ROOT-5351,239.0,176.54545454545453
qwen3_4b_2560d_int8,cn_def,ROOT-5352,802.5,1185.7
qwen3_4b_2560d_int8,cn_def,ROOT-5353,907.6,1644.4
qwen3_4b_2560d_int8,cn_def,ROOT-535C,466.25,345.25
qwen3_4b_2560d_int8,cn_def,ROOT-5360,547.5833333333334,776.75
qwen3_4b_2560d_int8,cn_def,ROOT-5377,15.0,161.2
qwen3_4b_2560d_int8,cn_def,ROOT-539F,-32.75,-17.0
qwen3_4b_2560d_int8,cn_def,ROOT-53B6,530.0,706.9375
qwen3_4b_2560d_int8,cn_def,ROOT-53B7,-173.0,-215.0
qwen3_4b_2560d_int8,cn_def,ROOT-53C3,206.6,181.2
qwen3_4b_2560d_int8,cn_def,ROOT-53C8,396.64285714285717,448.5
qwen3_4b_2560d_int8,cn_def,ROOT-53CA,516.5714285714286,654.8571428571429
qwen3_4b_2560d_int8,cn_def,ROOT-53CD,-258.6,-46.2
qwen3_4b_2560d_int8,cn_def,ROOT-53D5,736.5,1422.5
qwen3_4b_2560d_int8,cn_def,ROOT-53DA,-173.33333333333334,-53.833333333333336
qwen3_4b_2560d_int8,cn_def,ROOT-53E4,-45.708333333333336,140.04166666666666
qwen3_4b_2560d_int8,cn_def,ROOT-53F8,634.5,221.0
qwen3_4b_2560d_int8,cn_def,ROOT-5404,45.041666666666664,83.45833333333333
qwen3_4b_2560d_int8,cn_def,ROOT-5405,87.875,249.125
qwen3_4b_2560d_int8,cn_def,ROOT-5408,289.6875,685.625
qwen3_4b_2560d_int8,cn_def,ROOT-5409,29.22222222222222,74.77777777777777
qwen3_4b_2560d_int8,cn_def,ROOT-540C,-133.16666666666666,206.83333333333334
qwen3_4b_2560d_int8,cn_def,ROOT-544A,35.75,46.125
qwen3_4b_2560d_int8,cn_def,ROOT-5468,55.8,13.7
qwen3_4b_2560d_int8,cn_def,ROOT-54B8,620.0,1235.625
qwen3_4b_2560d_int8,cn_def,ROOT-54E1,-183.75,-229.5
qwen3_4b_2560d_int8,cn_def,ROOT-55AE,-283.0,13.5
qwen3_4b_2560d_int8,cn_def,ROOT-55BF,141.0,161.83333333333334
qwen3_4b_2560d_int8,cn_def,ROOT-56D7,147.125,121.125
qwen3_4b_2560d_int8,cn_def,ROOT-56FA,12.25,-37.0
qwen3_4b_2560d_int8,cn_def,ROOT-571F,-342.0,-244.6
qwen3_4b_2560d_int8,cn_def,ROOT-572D,-102.25,-134.5625
qwen3_4b_2560d_int8,cn_def,ROOT-5807,1245.6,1157.0
qwen3_4b_2560d_int8,cn_def,ROOT-582F,42.23076923076923,76.23076923076923
qwen3_4b_2560d_int8,cn_def,ROOT-58EC,419.25,466.375
qwen3_4b_2560d_int8,cn_def,ROOT-58F4,3050.0,3183.75
qwen3_4b_2560d_int8,cn_def,ROOT-590B,-75.0,108.33333333333333
qwen3_4b_2560d_int8,cn_def,ROOT-590C,494.0,859.75
qwen3_4b_2560d_int8,cn_def,ROOT-5917,-324.5,-22.2
qwen3_4b_2560d_int8,cn_def,ROOT-591A,768.0,1219.0
qwen3_4b_2560d_int8,cn_def,ROOT-5929,-329.5,-1008.0
qwen3_4b_2560d_int8,cn_def,ROOT-592D,-233.25,-419.0
qwen3_4b_2560d_int8,cn_def,ROOT-592E,-127.88888888888889,-122.44444444444444
qwen3_4b_2560d_int8,cn_def,ROOT-593E,103.25,65.375
qwen3_4b_2560d_int8,cn_def,ROOT-5950,634.5,1198.25
qwen3_4b_2560d_int8,cn_def,ROOT-5967,124.0,-253.25
qwen3_4b_2560d_int8,cn_def,ROOT-5973,459.92857142857144,634.2142857142857
qwen3_4b_2560d_int8,cn_def,ROOT-5A41,-67.81818181818181,35.09090909090909
qwen3_4b_2560d_int8,cn_def,ROOT-5B5A,-189.0,76.4
qwen3_4b_2560d_int8,cn_def,ROOT-5B83,-517.0,-336.7142857142857
qwen3_4b_2560d_int8,cn_def,ROOT-5B89,196.75,250.0
qwen3_4b_2560d_int8,cn_def,ROOT-5B97,-312.3333333333333,-363.0
qwen3_4b_2560d_int8,cn_def,ROOT-5B98,588.2,474.6
qwen3_4b_2560d_int8,cn_def,ROOT-5BB3,-286.0,-153.75
qwen3_4b_2560d_int8,cn_def,ROOT-5BCD,-474.2,20.2
qwen3_4b_2560d_int8,cn_def,ROOT-5BF8,-35.25,72.0
qwen3_4b_2560d_int8,cn_def,ROOT-5C07,-178.5,-249.5
qwen3_4b_2560d_int8,cn_def,ROOT-5C08,-161.8,-576.4
qwen3_4b_2560d_int8,cn_def,ROOT-5C0F,169.0,326.70588235294116
qwen3_4b_2560d_int8,cn_def,ROOT-5C17,9.375,-139.375
qwen3_4b_2560d_int8,cn_def,ROOT-5C1A,-38.0,12.2
qwen3_4b_2560d_int8,cn_def,ROOT-5C39,289.5,135.75
qwen3_4b_2560d_int8,cn_def,ROOT-5C4B,24.4,259.0
qwen3_4b_2560d_int8,cn_def,ROOT-5C6F,-225.16666666666666,-421.6666666666667
qwen3_4b_2560d_int8,cn_def,ROOT-5C70,-159.75,-382.5
qwen3_4b_2560d_int8,cn_def,ROOT-5CA1,350.75,374.25
qwen3_4b_2560d_int8,cn_def,ROOT-5DDD,249.25,443.5
qwen3_4b_2560d_int8,cn_def,ROOT-5DE0,122.0,41.42857142857143
qwen3_4b_2560d_int8,cn_def,ROOT-5DE4,408.75,50.0
qwen3_4b_2560d_int8,cn_def,ROOT-5DE5,109.21052631578948,95.15789473684211
qwen3_4b_2560d_int8,cn_def,ROOT-5DE8,-149.16666666666666,-181.16666666666666
qwen3_4b_2560d_int8,cn_def,ROOT-5DF1,158.25,331.875
qwen3_4b_2560d_int8,cn_def,ROOT-5DF4,-509.85714285714283,-216.28571428571428
qwen3_4b_2560d_int8,cn_def,ROOT-5E0C,894.5,721.75
qwen3_4b_2560d_int8,cn_def,ROOT-5E1D,-534.6,-749.6
qwen3_4b_2560d_int8,cn_def,ROOT-5E72,242.4375,309.0625
qwen3_4b_2560d_int8,cn_def,ROOT-5E73,415.1666666666667,397.0
qwen3_4b_2560d_int8,cn_def,ROOT-5E7A,481.6666666666667,529.8333333333334
qwen3_4b_2560d_int8,cn_def,ROOT-5EB6,-360.3333333333333,-274.0
qwen3_4b_2560d_int8,cn_def,ROOT-5EFA,-222.75,-541.25
qwen3_4b_2560d_int8,cn_def,ROOT-5F0B,114.91666666666667,41.083333333333336
qwen3_4b_2560d_int8,cn_def,ROOT-5F17,159.28571428571428,216.85714285714286
qwen3_4b_2560d_int8,cn_def,ROOT-5F1F,170.22222222222223,256.77777777777777
qwen3_4b_2560d_int8,cn_def,ROOT-5F54,454.8,204.6
qwen3_4b_2560d_int8,cn_def,ROOT-5F56,-620.75,-606.5
qwen3_4b_2560d_int8,cn_def,ROOT-5F9E,-17.6,-247.8
qwen3_4b_2560d_int8,cn_def,ROOT-5FC5,-658.4,-796.4
qwen3_4b_2560d_int8,cn_def,ROOT-610F,589.75,906.25
qwen3_4b_2560d_int8,cn_def,ROOT-620D,-195.5,-257.8333333333333
qwen3_4b_2560d_int8,cn_def,ROOT-6211,13.428571428571429,273.0
qwen3_4b_2560d_int8,cn_def,ROOT-6214,22.0,124.45454545454545
qwen3_4b_2560d_int8,cn_def,ROOT-6216,-379.5,-190.83333333333334
qwen3_4b_2560d_int8,cn_def,ROOT-6236,5.4,-66.0
qwen3_4b_2560d_int8,cn_def,ROOT-6241,-320.7142857142857,-69.71428571428571
qwen3_4b_2560d_int8,cn_def,ROOT-624B,183.57142857142858,584.4285714285714
qwen3_4b_2560d_int8,cn_def,ROOT-652F,700.0,460.0
qwen3_4b_2560d_int8,cn_def,ROOT-6538,192.0,136.2
qwen3_4b_2560d_int8,cn_def,ROOT-6544,10.75,192.5
qwen3_4b_2560d_int8,cn_def,ROOT-656B,296.5,182.0
qwen3_4b_2560d_int8,cn_def,ROOT-6587,89.55555555555556,406.8888888888889
qwen3_4b_2560d_int8,cn_def,ROOT-65A4,362.61538461538464,601.6153846153846
qwen3_4b_2560d_int8,cn_def,ROOT-65AC,263.0,552.25
qwen3_4b_2560d_int8,cn_def,ROOT-65B9,120.61538461538461,214.23076923076923
qwen3_4b_2560d_int8,cn_def,ROOT-65C1,172.5,304.0
qwen3_4b_2560d_int8,cn_def,ROOT-65E6,-256.53846153846155,-225.23076923076923
qwen3_4b_2560d_int8,cn_def,ROOT-65E8,-85.33333333333333,-76.83333333333333
qwen3_4b_2560d_int8,cn_def,ROOT-65EC,-191.71428571428572,-326.0
qwen3_4b_2560d_int8,cn_def,ROOT-6606,716.0,659.0
qwen3_4b_2560d_int8,cn_def,ROOT-660C,595.75,373.75
qwen3_4b_2560d_int8,cn_def,ROOT-6613,211.14285714285714,502.57142857142856
qwen3_4b_2560d_int8,cn_def,ROOT-661C,67.4,136.6
qwen3_4b_2560d_int8,cn_def,ROOT-661F,881.5,1637.5
qwen3_4b_2560d_int8,cn_def,ROOT-662F,94.66666666666667,87.83333333333333
qwen3_4b_2560d_int8,cn_def,ROOT-66FC,83.88888888888889,148.33333333333334
qwen3_4b_2560d_int8,cn_def,ROOT-66FE,-165.625,-4.75
qwen3_4b_2560d_int8,cn_def,ROOT-6701,-151.25,216.5
qwen3_4b_2560d_int8,cn_def,ROOT-6703,219.28571428571428,406.0
qwen3_4b_2560d_int8,cn_def,ROOT-670B,-788.8,-716.6
qwen3_4b_2560d_int8,cn_def,ROOT-672A,92.5,69.75
qwen3_4b_2560d_int8,cn_def,ROOT-6731,-102.55555555555556,139.33333333333334
qwen3_4b_2560d_int8,cn_def,ROOT-675F,112.25,333.25
qwen3_4b_2560d_int8,cn_def,ROOT-6771,-485.125,-386.375
qwen3_4b_2560d_int8,cn_def,ROOT-6797,101.42857142857143,490.7142857142857
qwen3_4b_2560d_int8,cn_def,ROOT-679C,-67.11111111111111,-140.66666666666666
qwen3_4b_2560d_int8,cn_def,ROOT-67BC,-432.5,-176.83333333333334
qwen3_4b_2560d_int8,cn_def,ROOT-67EC,-49.611111111111114,-66.44444444444444
qwen3_4b_2560d_int8,cn_def,ROOT-6A02,-104.5,84.0
qwen3_4b_2560d_int8,cn_def,ROOT-6B2E,-235.4,-164.0
qwen3_4b_2560d_int8,cn_def,ROOT-6B63,-85.75,-362.0
qwen3_4b_2560d_int8,cn_def,ROOT-6BB8,-370.0,-855.0
qwen3_4b_2560d_int8,cn_def,ROOT-6BCE,-45.57142857142857,100.0
qwen3_4b_2560d_int8,cn_def,ROOT-6BD4,-325.375,-514.25
qwen3_4b_2560d_int8,cn_def,ROOT-6BDA,462.4,919.2
qwen3_4b_2560d_int8,cn_def,ROOT-6BDB,124.5,231.0
qwen3_4b_2560d_int8,cn_def,ROOT-6C0F,-324.0,-350.5
qwen3_4b_2560d_int8,cn_def,ROOT-6C10,80.75,175.25
qwen3_4b_2560d_int8,cn_def,ROOT-708E,-25.0,-37.6
qwen3_4b_2560d_int8,cn_def,ROOT-7097,-236.66666666666666,-241.91666666666666
qwen3_4b_2560d_int8,cn_def,ROOT-722D,205.33333333333334,170.66666666666666
qwen3_4b_2560d_int8,cn_def,ROOT-7230,-204.42857142857142,-283.7142857142857
qwen3_4b_2560d_int8,cn_def,ROOT-7236,341.8181818181818,695.9090909090909
qwen3_4b_2560d_int8,cn_def,ROOT-723F,376.5,702.5
qwen3_4b_2560d_int8,cn_def,ROOT-7259,299.6,380.0
qwen3_4b_2560d_int8,cn_def,ROOT-72AE,-193.0,-71.75
qwen3_4b_2560d_int8,cn_def,ROOT-7384,-163.0,-116.33333333333333
qwen3_4b_2560d_int8,cn_def,ROOT-74DC,90.0,10.25
qwen3_4b_2560d_int8,cn_def,ROOT-7518,86.0,240.57142857142858
qwen3_4b_2560d_int8,cn_def,ROOT-751A,1451.4285714285713,1368.5714285714287
qwen3_4b_2560d_int8,cn_def,ROOT-751F,164.16666666666666,-41.333333333333336
qwen3_4b_2560d_int8,cn_def,ROOT-7528,-93.57142857142857,53.642857142857146
qwen3_4b_2560d_int8,cn_def,ROOT-752B,-43.05882352941177,310.05882352941177
qwen3_4b_2560d_int8,cn_def,ROOT-7531,-83.18181818181819,-32.90909090909091
qwen3_4b_2560d_int8,cn_def,ROOT-7532,-299.25,-215.0
qwen3_4b_2560d_int8,cn_def,ROOT-7533,587.5,374.75
qwen3_4b_2560d_int8,cn_def,ROOT-7550,-337.4,-106.4
qwen3_4b_2560d_int8,cn_def,ROOT-757E,290.25,360.5
qwen3_4b_2560d_int8,cn_def,ROOT-767D,-302.7692307692308,49.07692307692308
qwen3_4b_2560d_int8,cn_def,ROOT-7686,148.8,650.8
qwen3_4b_2560d_int8,cn_def,ROOT-7687,-94.0,-522.25
qwen3_4b_2560d_int8,cn_def,ROOT-76AE,-8.833333333333334,-9.666666666666666
qwen3_4b_2560d_int8,cn_def,ROOT-76E3,-193.72727272727272,-65.54545454545455
qwen3_4b_2560d_int8,cn_def,ROOT-76F8,-771.8,-538.2
qwen3_4b_2560d_int8,cn_def,ROOT-77DB,451.2,848.4
qwen3_4b_2560d_int8,cn_def,ROOT-77E2,495.0,819.6
qwen3_4b_2560d_int8,cn_def,ROOT-77F3,-480.5,-917.5
qwen3_4b_2560d_int8,cn_def,ROOT-79BA,-420.2,-142.0
qwen3_4b_2560d_int8,cn_def,ROOT-79BB,-102.2,52.4
qwen3_4b_2560d_int8,cn_def,ROOT-79BE,-313.8888888888889,-308.44444444444446
qwen3_4b_2560d_int8,cn_def,ROOT-79CB,-184.6,-165.6
qwen3_4b_2560d_int8,cn_def,ROOT-7ACB,-440.3333333333333,-254.16666666666666
qwen3_4b_2560d_int8,cn_def,ROOT-7AE0,44.25,-81.0
qwen3_4b_2560d_int8,cn_def,ROOT-7AE5,-456.2857142857143,-369.0
qwen3_4b_2560d_int8,cn_def,ROOT-7F8A,16.571428571428573,239.0
qwen3_4b_2560d_int8,cn_def,ROOT-7FA9,-79.28571428571429,-191.0
qwen3_4b_2560d_int8,cn_def,ROOT-7FCF,371.2,593.2
qwen3_4b_2560d_int8,cn_def,ROOT-7FDF,505.8333333333333,998.6666666666666
qwen3_4b_2560d_int8,cn_def,ROOT-8011,404.57142857142856,822.5714285714286
qwen3_4b_2560d_int8,cn_def,ROOT-8033,1211.5555555555557,1426.3333333333333
qwen3_4b_2560d_int8,cn_def,ROOT-8076,-136.0,110.0
qwen3_4b_2560d_int8,cn_def,ROOT-807F,-137.16666666666666,-151.16666666666666
qwen3_4b_2560d_int8,cn_def,ROOT-8099,-108.16666666666667,-65.0
qwen3_4b_2560d_int8,cn_def,ROOT-81E4,77.66666666666667,217.16666666666666
qwen3_4b_2560d_int8,cn_def,ROOT-81F3,-506.85714285714283,-582.5714285714286
qwen3_4b_2560d_int8,cn_def,ROOT-81FD,-284.2857142857143,-250.85714285714286
qwen3_4b_2560d_int8,cn_def,ROOT-8200,-368.2,-209.0
qwen3_4b_2560d_int8,cn_def,ROOT-8201,-178.0,-423.5
qwen3_4b_2560d_int8,cn_def,ROOT-826F,343.7142857142857,534.2857142857143
qwen3_4b_2560d_int8,cn_def,ROOT-82BB,20.25,37.75
qwen3_4b_2560d_int8,cn_def,ROOT-830D,1709.5,1537.25
qwen3_4b_2560d_int8,cn_def,ROOT-83AB,317.5,642.7142857142857
qwen3_4b_2560d_int8,cn_def,ROOT-83D0,-62.6,-6.2
qwen3_4b_2560d_int8,cn_def,ROOT-84A6,-724.75,-578.75
qwen3_4b_2560d_int8,cn_def,ROOT-8700,-39.5,90.25
qwen3_4b_2560d_int8,cn_def,ROOT-8944,-145.5,-310.375
qwen3_4b_2560d_int8,cn_def,ROOT-898B,-1.8,-367.6
qwen3_4b_2560d_int8,cn_def,ROOT-8A79,451.44444444444446,648.1111111111111
qwen3_4b_2560d_int8,cn_def,ROOT-8C37,307.6,482.3
qwen3_4b_2560d_int8,cn_def,ROOT-8C46,222.2,199.4
qwen3_4b_2560d_int8,cn_def,ROOT-8C48,124.42857142857143,261.7142857142857
qwen3_4b_2560d_int8,cn_def,ROOT-8C66,-327.75,-504.25
qwen3_4b_2560d_int8,cn_def,ROOT-8C9E,773.5,759.25
qwen3_4b_2560d_int8,cn_def,ROOT-8CAC,-146.6,8.4
qwen3_4b_2560d_int8,cn_def,ROOT-8CCF,-92.85714285714286,-132.71428571428572
qwen3_4b_2560d_int8,cn_def,ROOT-8DB3,1593.0,2083.0
qwen3_4b_2560d_int8,cn_def,ROOT-8ECD,194.55555555555554,-176.22222222222223
qwen3_4b_2560d_int8,cn_def,ROOT-8F9F,-143.36363636363637,-106.0909090909091
qwen3_4b_2560d_int8,cn_def,ROOT-8FA1,159.8,281.4
qwen3_4b_2560d_int8,cn_def,ROOT-8FB0,-339.14285714285717,-173.28571428571428
qwen3_4b_2560d_int8,cn_def,ROOT-8FB1,-49.25,6.25
qwen3_4b_2560d_int8,cn_def,ROOT-9023,-48.0,-93.0
qwen3_4b_2560d_int8,cn_def,ROOT-91C6,-183.8181818181818,-204.72727272727272
qwen3_4b_2560d_int8,cn_def,ROOT-91CC,70.71428571428571,294.42857142857144
qwen3_4b_2560d_int8,cn_def,ROOT-9577,308.5,326.8333333333333
qwen3_4b_2560d_int8,cn_def,ROOT-9580,270.0,408.5
qwen3_4b_2560d_int8,cn_def,ROOT-96B9,165.05555555555554,52.05555555555556
qwen3_4b_2560d_int8,cn_def,ROOT-9700,-237.66666666666666,322.1666666666667
qwen3_4b_2560d_int8,cn_def,ROOT-9752,231.33333333333334,259.0
qwen3_4b_2560d_int8,cn_def,ROOT-975E,51.625,43.75
qwen3_4b_2560d_int8,cn_def,ROOT-9AD8,-37.266666666666666,51.46666666666667
qwen3_4b_2560d_int8,cn_def,ROOT-9B3C,-160.125,-402.5
qwen3_4b_2560d_int8,cn_def,ROOT-9E7F,173.25,357.0
qwen3_4b_2560d_int8,cn_def,ROOT-9F4A,32.833333333333336,-195.83333333333334
qwen3_4b_2560d_int8,cn_def,ROOT-9F8D,-92.75,-263.625
qwen3_4b_2560d_int8,en_def_translated_cn_def,ROOT-20000,-22.55,5.55
qwen3_4b_2560d_int8,en_def_translated_cn_def,ROOT-200A4,165.75,223.0
qwen3_4b_2560d_int8,en_def_translated_cn_def,ROOT-2123C,153.1,474.9
qwen3_4b_2560d_int8,en_def_translated_cn_def,ROOT-219CD,644.4444444444445,578.8888888888889
qwen3_4b_2560d_int8,en_def_translated_cn_def,ROOT-21FE7,-743.25,-1177.25
qwen3_4b_2560d_int8,en_def_translated_cn_def,ROOT-23386,-80.25,-478.25
qwen3_4b_2560d_int8,en_def_translated_cn_def,ROOT-233DF,-443.1666666666667,-443.1666666666667
qwen3_4b_2560d_int8,en_def_translated_cn_def,ROOT-2394F,152.8125,44.1875
qwen3_4b_2560d_int8,en_def_translated_cn_def,ROOT-239BC,443.25,482.5
qwen3_4b_2560d_int8,en_def_translated_cn_def,ROOT-23A8A,72.2,-366.0
qwen3_4b_2560d_int8,en_def_translated_cn_def,ROOT-25055,576.0,784.0
qwen3_4b_2560d_int8,en_def_translated_cn_def,ROOT-271A3,2.272727272727273,64.18181818181819
qwen3_4b_2560d_int8,en_def_translated_cn_def,ROOT-27DA0,1144.6666666666667,1372.1666666666667
qwen3_4b_2560d_int8,en_def_translated_cn_def,ROOT-3431,18.857142857142858,-21.0
qwen3_4b_2560d_int8,en_def_translated_cn_def,ROOT-34BC,298.0,77.0
qwen3_4b_2560d_int8,en_def_translated_cn_def,ROOT-34DE,-56.125,80.75
qwen3_4b_2560d_int8,en_def_translated_cn_def,ROOT-3563,39.30769230769231,394.61538461538464
qwen3_4b_2560d_int8,en_def_translated_cn_def,ROOT-37A2,717.4166666666666,667.3333333333334
qwen3_4b_2560d_int8,en_def_translated_cn_def,ROOT-382F,59.13333333333333,188.46666666666667
qwen3_4b_2560d_int8,en_def_translated_cn_def,ROOT-3840,213.0,236.25
qwen3_4b_2560d_int8,en_def_translated_cn_def,ROOT-39B0,470.6,91.2
qwen3_4b_2560d_int8,en_def_translated_cn_def,ROOT-4020,1525.5,1052.25
qwen3_4b_2560d_int8,en_def_translated_cn_def,ROOT-41C2,-45.4,106.53333333333333
qwen3_4b_2560d_int8,en_def_translated_cn_def,ROOT-4343,-370.25,-444.5
qwen3_4b_2560d_int8,en_def_translated_cn_def,ROOT-470C,-38.90909090909091,360.45454545454544
qwen3_4b_2560d_int8,en_def_translated_cn_def,ROOT-4E00,-92.75,-97.5
qwen3_4b_2560d_int8,en_def_translated_cn_def,ROOT-4E01,87.28571428571429,176.28571428571428
qwen3_4b_2560d_int8,en_def_translated_cn_def,ROOT-4E02,-929.5,-1472.0
qwen3_4b_2560d_int8,en_def_translated_cn_def,ROOT-4E0D,312.0,1159.2
qwen3_4b_2560d_int8,en_def_translated_cn_def,ROOT-4E11,333.0,970.75
qwen3_4b_2560d_int8,en_def_translated_cn_def,ROOT-4E14,-137.8125,-191.875
qwen3_4b_2560d_int8,en_def_translated_cn_def,ROOT-4E29,-33.25,201.0
qwen3_4b_2560d_int8,en_def_translated_cn_def,ROOT-4E2D,-1037.8333333333333,-783.8333333333334
qwen3_4b_2560d_int8,en_def_translated_cn_def,ROOT-4E30,-548.0,-596.0
qwen3_4b_2560d_int8,en_def_translated_cn_def,ROOT-4E36,38.42857142857143,648.2857142857143
qwen3_4b_2560d_int8,en_def_translated_cn_def,ROOT-4E3F,166.4,254.66666666666666
qwen3_4b_2560d_int8,en_def_translated_cn_def,ROOT-4E43,-359.75,29.5
qwen3_4b_2560d_int8,en_def_translated_cn_def,ROOT-4E47,151.4,230.4
qwen3_4b_2560d_int8,en_def_translated_cn_def,ROOT-4E4D,263.72727272727275,385.6363636363636
qwen3_4b_2560d_int8,en_def_translated_cn_def,ROOT-4E4F,-386.0,-403.8
qwen3_4b_2560d_int8,en_def_translated_cn_def,ROOT-4E59,-529.0,-30.0
qwen3_4b_2560d_int8,en_def_translated_cn_def,ROOT-4E5D,255.57142857142858,485.14285714285717
qwen3_4b_2560d_int8,en_def_translated_cn_def,ROOT-4E5F,-733.75,-686.0
qwen3_4b_2560d_int8,en_def_translated_cn_def,ROOT-4E88,-99.71428571428571,-172.57142857142858
qwen3_4b_2560d_int8,en_def_translated_cn_def,ROOT-4E8C,533.2857142857143,954.2857142857143
qwen3_4b_2560d_int8,en_def_translated_cn_def,ROOT-4E8E,-68.4,223.6
qwen3_4b_2560d_int8,en_def_translated_cn_def,ROOT-4E8F,25.2,68.0
qwen3_4b_2560d_int8,en_def_translated_cn_def,ROOT-4E91,74.0,1.4
qwen3_4b_2560d_int8,en_def_translated_cn_def,ROOT-4E94,121.27272727272727,145.36363636363637
qwen3_4b_2560d_int8,en_def_translated_cn_def,ROOT-4E9E,-625.0,-166.25
qwen3_4b_2560d_int8,en_def_translated_cn_def,ROOT-4EA1,423.25,3.25
qwen3_4b_2560d_int8,en_def_translated_cn_def,ROOT-4EA2,725.8888888888889,771.1111111111111
qwen3_4b_2560d_int8,en_def_translated_cn_def,ROOT-4EA4,288.6666666666667,508.3333333333333
qwen3_4b_2560d_int8,en_def_translated_cn_def,ROOT-4EA5,-94.5,-18.583333333333332
qwen3_4b_2560d_int8,en_def_translated_cn_def,ROOT-4EAC,-296.2857142857143,-308.14285714285717
qwen3_4b_2560d_int8,en_def_translated_cn_def,ROOT-4ECA,31.428571428571427,118.76190476190476
qwen3_4b_2560d_int8,en_def_translated_cn_def,ROOT-4EE4,36.69230769230769,71.6923076923077
qwen3_4b_2560d_int8,en_def_translated_cn_def,ROOT-4F59,104.57142857142857,251.28571428571428
qwen3_4b_2560d_int8,en_def_translated_cn_def,ROOT-4F96,-173.14285714285714,89.14285714285714
qwen3_4b_2560d_int8,en_def_translated_cn_def,ROOT-5009,-155.875,226.875
qwen3_4b_2560d_int8,en_def_translated_cn_def,ROOT-501D,-171.8,-228.8
qwen3_4b_2560d_int8,en_def_translated_cn_def,ROOT-50C9,205.3,418.7
qwen3_4b_2560d_int8,en_def_translated_cn_def,ROOT-5143,24.5,-424.5
qwen3_4b_2560d_int8,en_def_translated_cn_def,ROOT-5146,418.1111111111111,492.3333333333333
qwen3_4b_2560d_int8,en_def_translated_cn_def,ROOT-5149,-657.4,0.8
qwen3_4b_2560d_int8,en_def_translated_cn_def,ROOT-514D,878.3333333333334,1068.6666666666667
qwen3_4b_2560d_int8,en_def_translated_cn_def,ROOT-5152,412.25,313.5
qwen3_4b_2560d_int8,en_def_translated_cn_def,ROOT-5165,-850.0,-244.0
qwen3_4b_2560d_int8,en_def_translated_cn_def,ROOT-5168,-126.8,2.0
qwen3_4b_2560d_int8,en_def_translated_cn_def,ROOT-516A,405.8,519.7
qwen3_4b_2560d_int8,en_def_translated_cn_def,ROOT-516C,-52.42857142857143,-27.142857142857142
qwen3_4b_2560d_int8,en_def_translated_cn_def,ROOT-5171,532.5714285714286,956.0
qwen3_4b_2560d_int8,en_def_translated_cn_def,ROOT-5176,475.5,532.0
qwen3_4b_2560d_int8,en_def_translated_cn_def,ROOT-517C,368.625,200.0
qwen3_4b_2560d_int8,en_def_translated_cn_def,ROOT-5183,178.8,223.6
qwen3_4b_2560d_int8,en_def_translated_cn_def,ROOT-518E,-144.63636363636363,182.9090909090909
qwen3_4b_2560d_int8,en_def_translated_cn_def,ROOT-5193,626.2857142857143,753.1428571428571
qwen3_4b_2560d_int8,en_def_translated_cn_def,ROOT-5198,-129.0,27.166666666666668
qwen3_4b_2560d_int8,en_def_translated_cn_def,ROOT-51A5,320.25,230.5
qwen3_4b_2560d_int8,en_def_translated_cn_def,ROOT-51E0,-343.6,-318.6
qwen3_4b_2560d_int8,en_def_translated_cn_def,ROOT-51E1,-316.57142857142856,-25.142857142857142
qwen3_4b_2560d_int8,en_def_translated_cn_def,ROOT-51FA,2969.5,3473.25
qwen3_4b_2560d_int8,en_def_translated_cn_def,ROOT-5200,174.46153846153845,309.2307692307692
qwen3_4b_2560d_int8,en_def_translated_cn_def,ROOT-5203,-242.0,-325.1666666666667
qwen3_4b_2560d_int8,en_def_translated_cn_def,ROOT-5206,126.5,451.0
qwen3_4b_2560d_int8,en_def_translated_cn_def,ROOT-5247,114.0,-711.5
qwen3_4b_2560d_int8,en_def_translated_cn_def,ROOT-529B,329.6923076923077,472.61538461538464
qwen3_4b_2560d_int8,en_def_translated_cn_def,ROOT-52F9,-411.1111111111111,80.11111111111111
qwen3_4b_2560d_int8,en_def_translated_cn_def,ROOT-52FA,332.57142857142856,339.2857142857143
qwen3_4b_2560d_int8,en_def_translated_cn_def,ROOT-52FF,-470.6666666666667,-128.5
qwen3_4b_2560d_int8,en_def_translated_cn_def,ROOT-5303,-165.78571428571428,26.642857142857142
qwen3_4b_2560d_int8,en_def_translated_cn_def,ROOT-5305,101.07692307692308,62.61538461538461
qwen3_4b_2560d_int8,en_def_translated_cn_def,ROOT-5315,265.3333333333333,192.5
qwen3_4b_2560d_int8,en_def_translated_cn_def,ROOT-5340,-172.6153846153846,-126.23076923076923
qwen3_4b_2560d_int8,en_def_translated_cn_def,ROOT-5348,231.75,281.75
qwen3_4b_2560d_int8,en_def_translated_cn_def,ROOT-5349,31.25,69.0
qwen3_4b_2560d_int8,en_def_translated_cn_def,ROOT-534A,-60.142857142857146,76.57142857142857
qwen3_4b_2560d_int8,en_def_translated_cn_def,ROOT-5351,17.09090909090909,100.27272727272727
qwen3_4b_2560d_int8,en_def_translated_cn_def,ROOT-5352,716.5,904.7
qwen3_4b_2560d_int8,en_def_translated_cn_def,ROOT-5353,230.2,973.2
qwen3_4b_2560d_int8,en_def_translated_cn_def,ROOT-535C,990.75,1032.25
qwen3_4b_2560d_int8,en_def_translated_cn_def,ROOT-5360,482.9166666666667,754.5
qwen3_4b_2560d_int8,en_def_translated_cn_def,ROOT-5377,742.8,1075.8
qwen3_4b_2560d_int8,en_def_translated_cn_def,ROOT-539F,213.75,-236.25
qwen3_4b_2560d_int8,en_def_translated_cn_def,ROOT-53B6,373.75,408.6875
qwen3_4b_2560d_int8,en_def_translated_cn_def,ROOT-53B7,256.0,127.0
qwen3_4b_2560d_int8,en_def_translated_cn_def,ROOT-53C3,-275.2,-262.8
qwen3_4b_2560d_int8,en_def_translated_cn_def,ROOT-53C8,124.57142857142857,309.14285714285717
qwen3_4b_2560d_int8,en_def_translated_cn_def,ROOT-53CA,298.42857142857144,296.7142857142857
qwen3_4b_2560d_int8,en_def_translated_cn_def,ROOT-53CD,-375.2,-375.2
qwen3_4b_2560d_int8,en_def_translated_cn_def,ROOT-53D5,307.5,782.0
qwen3_4b_2560d_int8,en_def_translated_cn_def,ROOT-53DA,394.3333333333333,65.0
qwen3_4b_2560d_int8,en_def_translated_cn_def,ROOT-53E4,-92.83333333333333,207.5
qwen3_4b_2560d_int8,en_def_translated_cn_def,ROOT-53F8,331.5,365.0
qwen3_4b_2560d_int8,en_def_translated_cn_def,ROOT-5404,-38.333333333333336,-38.041666666666664
qwen3_4b_2560d_int8,en_def_translated_cn_def,ROOT-5405,6.375,133.625
qwen3_4b_2560d_int8,en_def_translated_cn_def,ROOT-5408,204.875,343.875
qwen3_4b_2560d_int8,en_def_translated_cn_def,ROOT-5409,-134.33333333333334,-84.11111111111111
qwen3_4b_2560d_int8,en_def_translated_cn_def,ROOT-540C,-107.5,-96.16666666666667
qwen3_4b_2560d_int8,en_def_translated_cn_def,ROOT-544A,169.25,176.5
qwen3_4b_2560d_int8,en_def_translated_cn_def,ROOT-5468,-732.9,-34.5
qwen3_4b_2560d_int8,en_def_translated_cn_def,ROOT-54B8,846.125,1112.5
qwen3_4b_2560d_int8,en_def_translated_cn_def,ROOT-54E1,-295.5,-261.0
qwen3_4b_2560d_int8,en_def_translated_cn_def,ROOT-55AE,-359.2,186.8
qwen3_4b_2560d_int8,en_def_translated_cn_def,ROOT-55BF,-203.66666666666666,-264.5
qwen3_4b_2560d_int8,en_def_translated_cn_def,ROOT-56D7,63.625,101.375
qwen3_4b_2560d_int8,en_def_translated_cn_def,ROOT-56FA,-671.25,-286.0
qwen3_4b_2560d_int8,en_def_translated_cn_def,ROOT-571F,-355.0,-20.6
qwen3_4b_2560d_int8,en_def_translated_cn_def,ROOT-572D,-76.4375,80.125
qwen3_4b_2560d_int8,en_def_translated_cn_def,ROOT-5807,205.6,514.4
qwen3_4b_2560d_int8,en_def_translated_cn_def,ROOT-582F,231.23076923076923,364.0769230769231
qwen3_4b_2560d_int8,en_def_translated_cn_def,ROOT-58EC,262.0,323.25
qwen3_4b_2560d_int8,en_def_translated_cn_def,ROOT-58F4,3168.0,3007.75
qwen3_4b_2560d_int8,en_def_translated_cn_def,ROOT-590B,20.555555555555557,178.77777777777777
qwen3_4b_2560d_int8,en_def_translated_cn_def,ROOT-590C,1144.5,1441.25
qwen3_4b_2560d_int8,en_def_translated_cn_def,ROOT-5917,-235.4,-176.7
qwen3_4b_2560d_int8,en_def_translated_cn_def,ROOT-591A,30.75,394.0
qwen3_4b_2560d_int8,en_def_translated_cn_def,ROOT-5929,38.5,-92.0
qwen3_4b_2560d_int8,en_def_translated_cn_def,ROOT-592D,-32.0,-218.0
qwen3_4b_2560d_int8,en_def_translated_cn_def,ROOT-592E,-82.66666666666667,-55.111111111111114
qwen3_4b_2560d_int8,en_def_translated_cn_def,ROOT-593E,-121.375,-4.375
qwen3_4b_2560d_int8,en_def_translated_cn_def,ROOT-5950,294.75,407.25
qwen3_4b_2560d_int8,en_def_translated_cn_def,ROOT-5967,-821.75,-1342.25
qwen3_4b_2560d_int8,en_def_translated_cn_def,ROOT-5973,442.07142857142856,428.2142857142857
qwen3_4b_2560d_int8,en_def_translated_cn_def,ROOT-5A41,-15.727272727272727,29.818181818181817
qwen3_4b_2560d_int8,en_def_translated_cn_def,ROOT-5B5A,169.4,693.8
qwen3_4b_2560d_int8,en_def_translated_cn_def,ROOT-5B83,-85.57142857142857,99.85714285714286
qwen3_4b_2560d_int8,en_def_translated_cn_def,ROOT-5B89,186.75,194.25
qwen3_4b_2560d_int8,en_def_translated_cn_def,ROOT-5B97,-328.6666666666667,-276.5
qwen3_4b_2560d_int8,en_def_translated_cn_def,ROOT-5B98,-36.0,-214.8
qwen3_4b_2560d_int8,en_def_translated_cn_def,ROOT-5BB3,-29.25,-42.5
qwen3_4b_2560d_int8,en_def_translated_cn_def,ROOT-5BCD,-238.4,-24.2
qwen3_4b_2560d_int8,en_def_translated_cn_def,ROOT-5BF8,-731.0,-709.25
qwen3_4b_2560d_int8,en_def_translated_cn_def,ROOT-5C07,-260.75,-238.0
qwen3_4b_2560d_int8,en_def_translated_cn_def,ROOT-5C08,-736.6,-416.4
qwen3_4b_2560d_int8,en_def_translated_cn_def,ROOT-5C0F,67.52941176470588,63.294117647058826
qwen3_4b_2560d_int8,en_def_translated_cn_def,ROOT-5C17,207.25,92.625
qwen3_4b_2560d_int8,en_def_translated_cn_def,ROOT-5C1A,-3.05,37.25
qwen3_4b_2560d_int8,en_def_translated_cn_def,ROOT-5C39,13.25,-78.25
qwen3_4b_2560d_int8,en_def_translated_cn_def,ROOT-5C4B,-312.2,-368.0
qwen3_4b_2560d_int8,en_def_translated_cn_def,ROOT-5C6F,27.5,-172.33333333333334
qwen3_4b_2560d_int8,en_def_translated_cn_def,ROOT-5C70,874.0,1360.0
qwen3_4b_2560d_int8,en_def_translated_cn_def,ROOT-5CA1,191.0,272.75
qwen3_4b_2560d_int8,en_def_translated_cn_def,ROOT-5DDD,55.0,-21.5
qwen3_4b_2560d_int8,en_def_translated_cn_def,ROOT-5DE0,212.28571428571428,307.85714285714283
qwen3_4b_2560d_int8,en_def_translated_cn_def,ROOT-5DE4,-708.75,-833.75
qwen3_4b_2560d_int8,en_def_translated_cn_def,ROOT-5DE5,-108.47368421052632,-83.36842105263158
qwen3_4b_2560d_int8,en_def_translated_cn_def,ROOT-5DE8,-258.0,-56.666666666666664
qwen3_4b_2560d_int8,en_def_translated_cn_def,ROOT-5DF1,371.75,514.125
qwen3_4b_2560d_int8,en_def_translated_cn_def,ROOT-5DF4,-265.57142857142856,-164.0
qwen3_4b_2560d_int8,en_def_translated_cn_def,ROOT-5E0C,1032.75,233.25
qwen3_4b_2560d_int8,en_def_translated_cn_def,ROOT-5E1D,-774.0,-1057.2
qwen3_4b_2560d_int8,en_def_translated_cn_def,ROOT-5E72,165.375,183.3125
qwen3_4b_2560d_int8,en_def_translated_cn_def,ROOT-5E73,379.3333333333333,822.3333333333334
qwen3_4b_2560d_int8,en_def_translated_cn_def,ROOT-5E7A,-16.166666666666668,308.5
qwen3_4b_2560d_int8,en_def_translated_cn_def,ROOT-5EB6,-337.1666666666667,-520.5
qwen3_4b_2560d_int8,en_def_translated_cn_def,ROOT-5EFA,-590.5,-448.75
qwen3_4b_2560d_int8,en_def_translated_cn_def,ROOT-5F0B,0.25,-39.833333333333336
qwen3_4b_2560d_int8,en_def_translated_cn_def,ROOT-5F17,-85.0,50.714285714285715
qwen3_4b_2560d_int8,en_def_translated_cn_def,ROOT-5F1F,359.22222222222223,473.77777777777777
qwen3_4b_2560d_int8,en_def_translated_cn_def,ROOT-5F54,-28.0,-579.6
qwen3_4b_2560d_int8,en_def_translated_cn_def,ROOT-5F56,-377.75,-149.75
qwen3_4b_2560d_int8,en_def_translated_cn_def,ROOT-5F9E,-64.2,-124.2
qwen3_4b_2560d_int8,en_def_translated_cn_def,ROOT-5FC5,-9.0,-138.0
qwen3_4b_2560d_int8,en_def_translated_cn_def,ROOT-610F,-210.75,843.0
qwen3_4b_2560d_int8,en_def_translated_cn_def,ROOT-620D,-475.8333333333333,-173.0
qwen3_4b_2560d_int8,en_def_translated_cn_def,ROOT-6211,-170.28571428571428,369.42857142857144
qwen3_4b_2560d_int8,en_def_translated_cn_def,ROOT-6214,125.81818181818181,106.81818181818181
qwen3_4b_2560d_int8,en_def_translated_cn_def,ROOT-6216,-684.6666666666666,-679.3333333333334
qwen3_4b_2560d_int8,en_def_translated_cn_def,ROOT-6236,-117.6,-370.8
qwen3_4b_2560d_int8,en_def_translated_cn_def,ROOT-6241,-554.1428571428571,49.857142857142854
qwen3_4b_2560d_int8,en_def_translated_cn_def,ROOT-624B,314.7142857142857,826.7142857142857
qwen3_4b_2560d_int8,en_def_translated_cn_def,ROOT-652F,442.3636363636364,239.63636363636363
qwen3_4b_2560d_int8,en_def_translated_cn_def,ROOT-6538,94.2,202.0
qwen3_4b_2560d_int8,en_def_translated_cn_def,ROOT-6544,-30.25,279.25
qwen3_4b_2560d_int8,en_def_translated_cn_def,ROOT-656B,-217.0,-14.25
qwen3_4b_2560d_int8,en_def_translated_cn_def,ROOT-6587,207.33333333333334,504.6666666666667
qwen3_4b_2560d_int8,en_def_translated_cn_def,ROOT-65A4,229.53846153846155,377.0769230769231
qwen3_4b_2560d_int8,en_def_translated_cn_def,ROOT-65AC,-3.5,399.5
qwen3_4b_2560d_int8,en_def_translated_cn_def,ROOT-65B9,82.23076923076923,48.0
qwen3_4b_2560d_int8,en_def_translated_cn_def,ROOT-65C1,136.75,286.5
qwen3_4b_2560d_int8,en_def_translated_cn_def,ROOT-65E6,-89.53846153846153,462.53846153846155
qwen3_4b_2560d_int8,en_def_translated_cn_def,ROOT-65E8,29.5,89.0
qwen3_4b_2560d_int8,en_def_translated_cn_def,ROOT-65EC,-1.7142857142857142,-23.714285714285715
qwen3_4b_2560d_int8,en_def_translated_cn_def,ROOT-6606,61.4,128.4
qwen3_4b_2560d_int8,en_def_translated_cn_def,ROOT-660C,209.25,-8.0
qwen3_4b_2560d_int8,en_def_translated_cn_def,ROOT-6613,183.85714285714286,267.57142857142856
qwen3_4b_2560d_int8,en_def_translated_cn_def,ROOT-661C,-94.4,35.0
qwen3_4b_2560d_int8,en_def_translated_cn_def,ROOT-661F,873.5,814.75
qwen3_4b_2560d_int8,en_def_translated_cn_def,ROOT-662F,-49.166666666666664,-37.0
qwen3_4b_2560d_int8,en_def_translated_cn_def,ROOT-66FC,-235.33333333333334,-16.0
qwen3_4b_2560d_int8,en_def_translated_cn_def,ROOT-66FE,-251.5,-370.25
qwen3_4b_2560d_int8,en_def_translated_cn_def,ROOT-6701,362.25,69.5
qwen3_4b_2560d_int8,en_def_translated_cn_def,ROOT-6703,93.85714285714286,-62.57142857142857
qwen3_4b_2560d_int8,en_def_translated_cn_def,ROOT-670B,-485.0,-190.8
qwen3_4b_2560d_int8,en_def_translated_cn_def,ROOT-672A,-59.5,-179.5
qwen3_4b_2560d_int8,en_def_translated_cn_def,ROOT-6731,-99.0,72.77777777777777
qwen3_4b_2560d_int8,en_def_translated_cn_def,ROOT-675F,-824.25,-305.0
qwen3_4b_2560d_int8,en_def_translated_cn_def,ROOT-6771,-520.0,-108.875
qwen3_4b_2560d_int8,en_def_translated_cn_def,ROOT-6797,16.857142857142858,372.57142857142856
qwen3_4b_2560d_int8,en_def_translated_cn_def,ROOT-679C,-249.33333333333334,-406.44444444444446
qwen3_4b_2560d_int8,en_def_translated_cn_def,ROOT-67BC,-367.0,-14.0
qwen3_4b_2560d_int8,en_def_translated_cn_def,ROOT-67EC,-132.77777777777777,-66.05555555555556
qwen3_4b_2560d_int8,en_def_translated_cn_def,ROOT-6A02,-225.25,-162.5
qwen3_4b_2560d_int8,en_def_translated_cn_def,ROOT-6B2E,-110.2,152.8
qwen3_4b_2560d_int8,en_def_translated_cn_def,ROOT-6B63,-799.75,-1115.0
qwen3_4b_2560d_int8,en_def_translated_cn_def,ROOT-6BB8,-143.0,-217.75
qwen3_4b_2560d_int8,en_def_translated_cn_def,ROOT-6BCE,104.71428571428571,494.0
qwen3_4b_2560d_int8,en_def_translated_cn_def,ROOT-6BD4,-354.875,-335.5
qwen3_4b_2560d_int8,en_def_translated_cn_def,ROOT-6BDA,236.8,271.2
qwen3_4b_2560d_int8,en_def_translated_cn_def,ROOT-6BDB,90.25,248.5
qwen3_4b_2560d_int8,en_def_translated_cn_def,ROOT-6C0F,-159.25,-486.75
qwen3_4b_2560d_int8,en_def_translated_cn_def,ROOT-6C10,34.875,287.5
qwen3_4b_2560d_int8,en_def_translated_cn_def,ROOT-708E,-211.2,-90.0
qwen3_4b_2560d_int8,en_def_translated_cn_def,ROOT-7097,-236.41666666666666,-199.33333333333334
qwen3_4b_2560d_int8,en_def_translated_cn_def,ROOT-722D,356.6666666666667,159.66666666666666
qwen3_4b_2560d_int8,en_def_translated_cn_def,ROOT-7230,-389.57142857142856,-597.7142857142857
qwen3_4b_2560d_int8,en_def_translated_cn_def,ROOT-7236,597.6363636363636,783.8181818181819
qwen3_4b_2560d_int8,en_def_translated_cn_def,ROOT-723F,201.0,572.0
qwen3_4b_2560d_int8,en_def_translated_cn_def,ROOT-7259,216.0,184.8
qwen3_4b_2560d_int8,en_def_translated_cn_def,ROOT-72AE,-254.0,178.75
qwen3_4b_2560d_int8,en_def_translated_cn_def,ROOT-7384,155.83333333333334,63.5
qwen3_4b_2560d_int8,en_def_translated_cn_def,ROOT-74DC,370.75,-113.5
qwen3_4b_2560d_int8,en_def_translated_cn_def,ROOT-7518,82.28571428571429,343.7142857142857
qwen3_4b_2560d_int8,en_def_translated_cn_def,ROOT-751A,740.1428571428571,991.8571428571429
qwen3_4b_2560d_int8,en_def_translated_cn_def,ROOT-751F,70.83333333333333,253.16666666666666
qwen3_4b_2560d_int8,en_def_translated_cn_def,ROOT-7528,-294.14285714285717,163.14285714285714
qwen3_4b_2560d_int8,en_def_translated_cn_def,ROOT-752B,-296.6470588235294,-24.88235294117647
qwen3_4b_2560d_int8,en_def_translated_cn_def,ROOT-7531,-61.63636363636363,86.36363636363636
qwen3_4b_2560d_int8,en_def_translated_cn_def,ROOT-7532,-219.125,104.5
qwen3_4b_2560d_int8,en_def_translated_cn_def,ROOT-7533,193.25,-71.25
qwen3_4b_2560d_int8,en_def_translated_cn_def,ROOT-7550,-126.0,-222.0
qwen3_4b_2560d_int8,en_def_translated_cn_def,ROOT-757E,141.25,-13.0
qwen3_4b_2560d_int8,en_def_translated_cn_def,ROOT-767D,-176.76923076923077,12.384615384615385
qwen3_4b_2560d_int8,en_def_translated_cn_def,ROOT-7686,-508.2,-165.2
qwen3_4b_2560d_int8,en_def_translated_cn_def,ROOT-7687,-199.75,12.0
qwen3_4b_2560d_int8,en_def_translated_cn_def,ROOT-76AE,-49.75,-56.666666666666664
qwen3_4b_2560d_int8,en_def_translated_cn_def,ROOT-76E3,-472.0,-267.72727272727275
qwen3_4b_2560d_int8,en_def_translated_cn_def,ROOT-76F8,-592.6,-395.0
qwen3_4b_2560d_int8,en_def_translated_cn_def,ROOT-77DB,1330.2,1555.4
qwen3_4b_2560d_int8,en_def_translated_cn_def,ROOT-77E2,670.0,725.6
qwen3_4b_2560d_int8,en_def_translated_cn_def,ROOT-77F3,-548.25,-1223.0
qwen3_4b_2560d_int8,en_def_translated_cn_def,ROOT-79BA,-431.6,40.2
qwen3_4b_2560d_int8,en_def_translated_cn_def,ROOT-79BB,-37.0,-172.6
qwen3_4b_2560d_int8,en_def_translated_cn_def,ROOT-79BE,-58.44444444444444,78.22222222222223
qwen3_4b_2560d_int8,en_def_translated_cn_def,ROOT-79CB,-680.8,-728.2
qwen3_4b_2560d_int8,en_def_translated_cn_def,ROOT-7ACB,-266.5,-57.0
qwen3_4b_2560d_int8,en_def_translated_cn_def,ROOT-7AE0,77.0,286.5
qwen3_4b_2560d_int8,en_def_translated_cn_def,ROOT-7AE5,-100.57142857142857,50.857142857142854
qwen3_4b_2560d_int8,en_def_translated_cn_def,ROOT-7F8A,-53.57142857142857,46.142857142857146
qwen3_4b_2560d_int8,en_def_translated_cn_def,ROOT-7FA9,1.4285714285714286,167.0
qwen3_4b_2560d_int8,en_def_translated_cn_def,ROOT-7FCF,797.4,1392.0
qwen3_4b_2560d_int8,en_def_translated_cn_def,ROOT-7FDF,54.833333333333336,239.0
qwen3_4b_2560d_int8,en_def_translated_cn_def,ROOT-8011,379.0,338.2857142857143
qwen3_4b_2560d_int8,en_def_translated_cn_def,ROOT-8033,121.66666666666667,294.55555555555554
qwen3_4b_2560d_int8,en_def_translated_cn_def,ROOT-8076,-369.8,-382.6
qwen3_4b_2560d_int8,en_def_translated_cn_def,ROOT-807F,14.833333333333334,-74.0
qwen3_4b_2560d_int8,en_def_translated_cn_def,ROOT-8099,-322.6666666666667,-393.8333333333333
qwen3_4b_2560d_int8,en_def_translated_cn_def,ROOT-81E4,-33.333333333333336,-173.5
qwen3_4b_2560d_int8,en_def_translated_cn_def,ROOT-81F3,-117.85714285714286,-49.142857142857146
qwen3_4b_2560d_int8,en_def_translated_cn_def,ROOT-81FD,-10.428571428571429,-74.28571428571429
qwen3_4b_2560d_int8,en_def_translated_cn_def,ROOT-8200,-144.0,-17.8
qwen3_4b_2560d_int8,en_def_translated_cn_def,ROOT-8201,-93.0,-498.0
qwen3_4b_2560d_int8,en_def_translated_cn_def,ROOT-826F,324.7142857142857,649.0
qwen3_4b_2560d_int8,en_def_translated_cn_def,ROOT-82BB,-16.5,15.5
qwen3_4b_2560d_int8,en_def_translated_cn_def,ROOT-830D,1353.75,1479.5
qwen3_4b_2560d_int8,en_def_translated_cn_def,ROOT-83AB,-228.64285714285714,150.42857142857142
qwen3_4b_2560d_int8,en_def_translated_cn_def,ROOT-83D0,-143.2,18.2
qwen3_4b_2560d_int8,en_def_translated_cn_def,ROOT-84A6,-781.25,-418.5
qwen3_4b_2560d_int8,en_def_translated_cn_def,ROOT-8700,35.75,45.25
qwen3_4b_2560d_int8,en_def_translated_cn_def,ROOT-8944,50.625,239.0
qwen3_4b_2560d_int8,en_def_translated_cn_def,ROOT-898B,-322.2,-295.2
qwen3_4b_2560d_int8,en_def_translated_cn_def,ROOT-8A79,494.55555555555554,799.4444444444445
qwen3_4b_2560d_int8,en_def_translated_cn_def,ROOT-8C37,372.2,661.9
qwen3_4b_2560d_int8,en_def_translated_cn_def,ROOT-8C46,622.3,632.6
qwen3_4b_2560d_int8,en_def_translated_cn_def,ROOT-8C48,125.85714285714286,372.42857142857144
qwen3_4b_2560d_int8,en_def_translated_cn_def,ROOT-8C66,-690.5,-1174.75
qwen3_4b_2560d_int8,en_def_translated_cn_def,ROOT-8C9E,223.75,19.75
qwen3_4b_2560d_int8,en_def_translated_cn_def,ROOT-8CAC,223.2,297.6
qwen3_4b_2560d_int8,en_def_translated_cn_def,ROOT-8CCF,-116.14285714285714,-106.14285714285714
qwen3_4b_2560d_int8,en_def_translated_cn_def,ROOT-8DB3,2148.25,2069.5
qwen3_4b_2560d_int8,en_def_translated_cn_def,ROOT-8ECD,278.6666666666667,227.55555555555554
qwen3_4b_2560d_int8,en_def_translated_cn_def,ROOT-8F9F,0.0,384.72727272727275
qwen3_4b_2560d_int8,en_def_translated_cn_def,ROOT-8FA1,-88.8,-54.0
qwen3_4b_2560d_int8,en_def_translated_cn_def,ROOT-8FB0,-50.0,167.14285714285714
qwen3_4b_2560d_int8,en_def_translated_cn_def,ROOT-8FB1,-1.25,28.25
qwen3_4b_2560d_int8,en_def_translated_cn_def,ROOT-9023,-202.0,-215.5
qwen3_4b_2560d_int8,en_def_translated_cn_def,ROOT-91C6,-138.54545454545453,231.27272727272728
qwen3_4b_2560d_int8,en_def_translated_cn_def,ROOT-91CC,-394.57142857142856,-157.71428571428572
qwen3_4b_2560d_int8,en_def_translated_cn_def,ROOT-9577,349.6666666666667,662.6666666666666
qwen3_4b_2560d_int8,en_def_translated_cn_def,ROOT-9580,246.66666666666666,-18.666666666666668
qwen3_4b_2560d_int8,en_def_translated_cn_def,ROOT-96B9,204.38888888888889,420.6666666666667
qwen3_4b_2560d_int8,en_def_translated_cn_def,ROOT-9700,110.83333333333333,236.5
qwen3_4b_2560d_int8,en_def_translated_cn_def,ROOT-9752,361.9166666666667,283.0
qwen3_4b_2560d_int8,en_def_translated_cn_def,ROOT-975E,17.5,-17.0
qwen3_4b_2560d_int8,en_def_translated_cn_def,ROOT-9AD8,-41.46666666666667,-78.46666666666667
qwen3_4b_2560d_int8,en_def_translated_cn_def,ROOT-9B3C,-88.125,-185.5
qwen3_4b_2560d_int8,en_def_translated_cn_def,ROOT-9E7F,-185.0,222.5
qwen3_4b_2560d_int8,en_def_translated_cn_def,ROOT-9F4A,-205.66666666666666,-266.8333333333333
qwen3_4b_2560d_int8,en_def_translated_cn_def,ROOT-9F8D,-509.0,-6.375
qwen3_4b_2560d_int8,en_gloss_unihan,ROOT-20000,-205.84848484848484,210.6060606060606
qwen3_4b_2560d_int8,en_gloss_unihan,ROOT-20086,278.2,334.8
qwen3_4b_2560d_int8,en_gloss_unihan,ROOT-200A2,-3.25,-381.25
qwen3_4b_2560d_int8,en_gloss_unihan,ROOT-200A4,399.5,825.0
qwen3_4b_2560d_int8,en_gloss_unihan,ROOT-2010C,999.5,1518.25
qwen3_4b_2560d_int8,en_gloss_unihan,ROOT-20509,382.75,-198.25
qwen3_4b_2560d_int8,en_gloss_unihan,ROOT-20A7A,-8.666666666666666,473.8333333333333
qwen3_4b_2560d_int8,en_gloss_unihan,ROOT-2123C,677.4666666666667,1077.3333333333333
qwen3_4b_2560d_int8,en_gloss_unihan,ROOT-219CD,405.27272727272725,278.72727272727275
qwen3_4b_2560d_int8,en_gloss_unihan,ROOT-21FE7,-0.16666666666666666,181.5
qwen3_4b_2560d_int8,en_gloss_unihan,ROOT-22398,183.25,-110.75
qwen3_4b_2560d_int8,en_gloss_unihan,ROOT-23386,377.8333333333333,373.5
qwen3_4b_2560d_int8,en_gloss_unihan,ROOT-233DF,33.57142857142857,146.0
qwen3_4b_2560d_int8,en_gloss_unihan,ROOT-2394F,-185.45,-14.9
qwen3_4b_2560d_int8,en_gloss_unihan,ROOT-239BC,1485.0,1482.5
qwen3_4b_2560d_int8,en_gloss_unihan,ROOT-23A8A,-542.1428571428571,-47.142857142857146
qwen3_4b_2560d_int8,en_gloss_unihan,ROOT-23B09,-664.0,-192.4
qwen3_4b_2560d_int8,en_gloss_unihan,ROOT-25055,-149.23076923076923,300.0
qwen3_4b_2560d_int8,en_gloss_unihan,ROOT-26407,-42.166666666666664,-127.16666666666667
qwen3_4b_2560d_int8,en_gloss_unihan,ROOT-271A3,-57.785714285714285,292.2142857142857
qwen3_4b_2560d_int8,en_gloss_unihan,ROOT-27DA0,13.666666666666666,156.77777777777777
qwen3_4b_2560d_int8,en_gloss_unihan,ROOT-3431,-204.83333333333334,343.75
qwen3_4b_2560d_int8,en_gloss_unihan,ROOT-34B8,-903.8,-693.4
qwen3_4b_2560d_int8,en_gloss_unihan,ROOT-34BC,-136.16666666666666,-53.833333333333336
qwen3_4b_2560d_int8,en_gloss_unihan,ROOT-34DE,547.4545454545455,344.90909090909093
qwen3_4b_2560d_int8,en_gloss_unihan,ROOT-3563,196.53333333333333,387.4
qwen3_4b_2560d_int8,en_gloss_unihan,ROOT-37A2,1053.8125,957.8125
qwen3_4b_2560d_int8,en_gloss_unihan,ROOT-382F,61.869565217391305,366.69565217391306
qwen3_4b_2560d_int8,en_gloss_unihan,ROOT-3840,861.7777777777778,1651.5555555555557
qwen3_4b_2560d_int8,en_gloss_unihan,ROOT-39B0,-479.3333333333333,-133.11111111111111
qwen3_4b_2560d_int8,en_gloss_unihan,ROOT-4020,-1520.8,-383.8
qwen3_4b_2560d_int8,en_gloss_unihan,ROOT-41C2,-8.263157894736842,-393.8421052631579
qwen3_4b_2560d_int8,en_gloss_unihan,ROOT-4343,-204.33333333333334,-338.0
qwen3_4b_2560d_int8,en_gloss_unihan,ROOT-470C,135.76923076923077,274.15384615384613
qwen3_4b_2560d_int8,en_gloss_unihan,ROOT-4E00,1689.125,1780.75
qwen3_4b_2560d_int8,en_gloss_unihan,ROOT-4E01,765.9,1003.7
qwen3_4b_2560d_int8,en_gloss_unihan,ROOT-4E02,-332.4,-309.0
qwen3_4b_2560d_int8,en_gloss_unihan,ROOT-4E0D,183.15384615384616,163.23076923076923
qwen3_4b_2560d_int8,en_gloss_unihan,ROOT-4E11,1766.2857142857142,1377.0
qwen3_4b_2560d_int8,en_gloss_unihan,ROOT-4E14,-21.884615384615383,257.9230769230769
qwen3_4b_2560d_int8,en_gloss_unihan,ROOT-4E16,792.8,1168.8
qwen3_4b_2560d_int8,en_gloss_unihan,ROOT-4E29,120.0,574.0
qwen3_4b_2560d_int8,en_gloss_unihan,ROOT-4E2D,-806.8333333333334,-516.5
qwen3_4b_2560d_int8,en_gloss_unihan,ROOT-4E30,327.875,710.75
qwen3_4b_2560d_int8,en_gloss_unihan,ROOT-4E36,719.125,514.5
qwen3_4b_2560d_int8,en_gloss_unihan,ROOT-4E38,360.5,2196.0
qwen3_4b_2560d_int8,en_gloss_unihan,ROOT-4E3F,106.86363636363636,548.6363636363636
qwen3_4b_2560d_int8,en_gloss_unihan,ROOT-4E43,90.25,-263.75
qwen3_4b_2560d_int8,en_gloss_unihan,ROOT-4E47,35.42857142857143,-30.142857142857142
qwen3_4b_2560d_int8,en_gloss_unihan,ROOT-4E4D,59.333333333333336,219.06666666666666
qwen3_4b_2560d_int8,en_gloss_unihan,ROOT-4E4F,846.6,973.2
qwen3_4b_2560d_int8,en_gloss_unihan,ROOT-4E59,-599.25,-89.5
qwen3_4b_2560d_int8,en_gloss_unihan,ROOT-4E5D,3.9166666666666665,306.5
qwen3_4b_2560d_int8,en_gloss_unihan,ROOT-4E5F,-733.0,-408.77777777777777
qwen3_4b_2560d_int8,en_gloss_unihan,ROOT-4E88,-160.66666666666666,77.55555555555556
qwen3_4b_2560d_int8,en_gloss_unihan,ROOT-4E8C,-376.0,42.63636363636363
qwen3_4b_2560d_int8,en_gloss_unihan,ROOT-4E8E,-23.0,-344.5
qwen3_4b_2560d_int8,en_gloss_unihan,ROOT-4E8F,-31.4,-132.8
qwen3_4b_2560d_int8,en_gloss_unihan,ROOT-4E91,-3.5,371.5
qwen3_4b_2560d_int8,en_gloss_unihan,ROOT-4E94,59.42857142857143,102.92857142857143
qwen3_4b_2560d_int8,en_gloss_unihan,ROOT-4E9E,-727.6,-461.0
qwen3_4b_2560d_int8,en_gloss_unihan,ROOT-4EA1,-8.285714285714286,488.7142857142857
qwen3_4b_2560d_int8,en_gloss_unihan,ROOT-4EA2,397.0,675.4545454545455
qwen3_4b_2560d_int8,en_gloss_unihan,ROOT-4EA4,256.36842105263156,167.8421052631579
qwen3_4b_2560d_int8,en_gloss_unihan,ROOT-4EA5,376.8666666666667,720.7333333333333
qwen3_4b_2560d_int8,en_gloss_unihan,ROOT-4EAC,82.4,323.6
qwen3_4b_2560d_int8,en_gloss_unihan,ROOT-4ECA,-105.96774193548387,-179.2258064516129
qwen3_4b_2560d_int8,en_gloss_unihan,ROOT-4ECB,-1308.6,-703.4
qwen3_4b_2560d_int8,en_gloss_unihan,ROOT-4EE4,95.22222222222223,271.44444444444446
qwen3_4b_2560d_int8,en_gloss_unihan,ROOT-4F59,86.0,121.57142857142857
qwen3_4b_2560d_int8,en_gloss_unihan,ROOT-4F86,-573.6666666666666,-1230.8333333333333
qwen3_4b_2560d_int8,en_gloss_unihan,ROOT-4F96,-394.25,-515.125
qwen3_4b_2560d_int8,en_gloss_unihan,ROOT-5009,410.1818181818182,705.6363636363636
qwen3_4b_2560d_int8,en_gloss_unihan,ROOT-501D,-893.8333333333334,-852.3333333333334
qwen3_4b_2560d_int8,en_gloss_unihan,ROOT-50C9,180.4375,314.0
qwen3_4b_2560d_int8,en_gloss_unihan,ROOT-5143,56.13333333333333,94.0
qwen3_4b_2560d_int8,en_gloss_unihan,ROOT-5146,496.2352941176471,598.4705882352941
qwen3_4b_2560d_int8,en_gloss_unihan,ROOT-5148,196.75,1268.875
qwen3_4b_2560d_int8,en_gloss_unihan,ROOT-5149,16.625,435.625
qwen3_4b_2560d_int8,en_gloss_unihan,ROOT-514D,851.2222222222222,1234.4444444444443
qwen3_4b_2560d_int8,en_gloss_unihan,ROOT-5152,456.0,604.2727272727273
qwen3_4b_2560d_int8,en_gloss_unihan,ROOT-5165,-540.3333333333334,-694.1666666666666
qwen3_4b_2560d_int8,en_gloss_unihan,ROOT-5168,-136.0,816.4444444444445
qwen3_4b_2560d_int8,en_gloss_unihan,ROOT-5169,-335.0,-706.75
qwen3_4b_2560d_int8,en_gloss_unihan,ROOT-516A,1094.6470588235295,1661.5294117647059
qwen3_4b_2560d_int8,en_gloss_unihan,ROOT-516C,-482.90909090909093,-185.8181818181818
qwen3_4b_2560d_int8,en_gloss_unihan,ROOT-5171,863.5,606.0
qwen3_4b_2560d_int8,en_gloss_unihan,ROOT-5176,386.5263157894737,518.6842105263158
qwen3_4b_2560d_int8,en_gloss_unihan,ROOT-517C,-545.9285714285714,-548.5714285714286
qwen3_4b_2560d_int8,en_gloss_unihan,ROOT-5183,932.8,961.6
qwen3_4b_2560d_int8,en_gloss_unihan,ROOT-518B,251.4,51.2
qwen3_4b_2560d_int8,en_gloss_unihan,ROOT-518E,-206.85,-146.7
qwen3_4b_2560d_int8,en_gloss_unihan,ROOT-5193,233.1,791.3
qwen3_4b_2560d_int8,en_gloss_unihan,ROOT-5198,108.9,649.8
qwen3_4b_2560d_int8,en_gloss_unihan,ROOT-51A5,344.0,650.4285714285714
qwen3_4b_2560d_int8,en_gloss_unihan,ROOT-51E0,-398.8333333333333,-59.166666666666664
qwen3_4b_2560d_int8,en_gloss_unihan,ROOT-51E1,-468.77777777777777,1191.0
qwen3_4b_2560d_int8,en_gloss_unihan,ROOT-51FA,740.5,1033.5
qwen3_4b_2560d_int8,en_gloss_unihan,ROOT-5200,219.6818181818182,468.27272727272725
qwen3_4b_2560d_int8,en_gloss_unihan,ROOT-5203,-487.55555555555554,-33.55555555555556
qwen3_4b_2560d_int8,en_gloss_unihan,ROOT-5206,198.71428571428572,337.76190476190476
qwen3_4b_2560d_int8,en_gloss_unihan,ROOT-5247,-1138.4,-931.8
qwen3_4b_2560d_int8,en_gloss_unihan,ROOT-529B,148.88235294117646,-15.235294117647058
qwen3_4b_2560d_int8,en_gloss_unihan,ROOT-52F9,-223.1904761904762,363.8095238095238
qwen3_4b_2560d_int8,en_gloss_unihan,ROOT-52FA,445.8666666666667,530.5333333333333
qwen3_4b_2560d_int8,en_gloss_unihan,ROOT-52FF,314.25,551.625
qwen3_4b_2560d_int8,en_gloss_unihan,ROOT-5303,311.61538461538464,646.2692307692307
qwen3_4b_2560d_int8,en_gloss_unihan,ROOT-5305,261.11764705882354,767.6470588235294
qwen3_4b_2560d_int8,en_gloss_unihan,ROOT-530A,-95.5,54.5
qwen3_4b_2560d_int8,en_gloss_unihan,ROOT-530B,73.25,465.0
qwen3_4b_2560d_int8,en_gloss_unihan,ROOT-5315,-139.2972972972973,459.1621621621622
qwen3_4b_2560d_int8,en_gloss_unihan,ROOT-5340,-43.8125,149.6875
qwen3_4b_2560d_int8,en_gloss_unihan,ROOT-5348,-456.25,-706.25
qwen3_4b_2560d_int8,en_gloss_unihan,ROOT-5349,-151.08333333333334,2.8333333333333335
qwen3_4b_2560d_int8,en_gloss_unihan,ROOT-534A,-348.875,-149.125
qwen3_4b_2560d_int8,en_gloss_unihan,ROOT-5351,-36.05555555555556,166.83333333333334
qwen3_4b_2560d_int8,en_gloss_unihan,ROOT-5352,337.875,269.8125
qwen3_4b_2560d_int8,en_gloss_unihan,ROOT-5353,-41.22222222222222,47.22222222222222
qwen3_4b_2560d_int8,en_gloss_unihan,ROOT-535C,-112.0,-522.25
qwen3_4b_2560d_int8,en_gloss_unihan,ROOT-5360,359.0,720.5294117647059
qwen3_4b_2560d_int8,en_gloss_unihan,ROOT-5371,1374.8333333333333,2733.8333333333335
qwen3_4b_2560d_int8,en_gloss_unihan,ROOT-5377,1646.0,1770.857142857143
qwen3_4b_2560d_int8,en_gloss_unihan,ROOT-539F,-1187.0,-742.6
qwen3_4b_2560d_int8,en_gloss_unihan,ROOT-53B6,188.04761904761904,311.76190476190476
qwen3_4b_2560d_int8,en_gloss_unihan,ROOT-53B7,931.6,1122.6
qwen3_4b_2560d_int8,en_gloss_unihan,ROOT-53BB,-162.2,61.0
qwen3_4b_2560d_int8,en_gloss_unihan,ROOT-53C3,-281.5,-148.8
qwen3_4b_2560d_int8,en_gloss_unihan,ROOT-53C8,11.11111111111111,-10.38888888888889
qwen3_4b_2560d_int8,en_gloss_unihan,ROOT-53CA,-121.0909090909091,-90.72727272727273
qwen3_4b_2560d_int8,en_gloss_unihan,ROOT-53CD,145.71428571428572,265.2857142857143
qwen3_4b_2560d_int8,en_gloss_unihan,ROOT-53D5,799.8,701.6
qwen3_4b_2560d_int8,en_gloss_unihan,ROOT-53D6,83.22222222222223,631.4444444444445
qwen3_4b_2560d_int8,en_gloss_unihan,ROOT-53DA,410.1818181818182,223.45454545454547
qwen3_4b_2560d_int8,en_gloss_unihan,ROOT-53E3,27.0,122.5
qwen3_4b_2560d_int8,en_gloss_unihan,ROOT-53E4,157.25,81.5
qwen3_4b_2560d_int8,en_gloss_unihan,ROOT-53EA,-446.6,-335.4
qwen3_4b_2560d_int8,en_gloss_unihan,ROOT-53F8,288.4,345.2
qwen3_4b_2560d_int8,en_gloss_unihan,ROOT-5404,-230.3125,-81.34375
qwen3_4b_2560d_int8,en_gloss_unihan,ROOT-5405,718.8,939.3333333333334
qwen3_4b_2560d_int8,en_gloss_unihan,ROOT-5408,336.51851851851853,595.3333333333334
qwen3_4b_2560d_int8,en_gloss_unihan,ROOT-5409,337.6470588235294,118.88235294117646
qwen3_4b_2560d_int8,en_gloss_unihan,ROOT-540C,-0.5,48.625
qwen3_4b_2560d_int8,en_gloss_unihan,ROOT-540D,-1952.75,-1648.25
qwen3_4b_2560d_int8,en_gloss_unihan,ROOT-540E,-964.5,136.75
qwen3_4b_2560d_int8,en_gloss_unihan,ROOT-5433,1049.3333333333333,2310.6666666666665
qwen3_4b_2560d_int8,en_gloss_unihan,ROOT-5442,510.0,581.6
qwen3_4b_2560d_int8,en_gloss_unihan,ROOT-544A,331.6,612.7
qwen3_4b_2560d_int8,en_gloss_unihan,ROOT-5468,212.23076923076923,544.0
qwen3_4b_2560d_int8,en_gloss_unihan,ROOT-5485,618.1428571428571,1180.142857142857
qwen3_4b_2560d_int8,en_gloss_unihan,ROOT-548E,307.5,555.25
qwen3_4b_2560d_int8,en_gloss_unihan,ROOT-54A2,-511.85714285714283,-663.2857142857143
qwen3_4b_2560d_int8,en_gloss_unihan,ROOT-54B8,838.3333333333334,1018.6666666666666
qwen3_4b_2560d_int8,en_gloss_unihan,ROOT-54E1,-190.33333333333334,-542.1666666666666
qwen3_4b_2560d_int8,en_gloss_unihan,ROOT-55AE,-199.44444444444446,621.5
qwen3_4b_2560d_int8,en_gloss_unihan,ROOT-55BF,241.25,263.0
qwen3_4b_2560d_int8,en_gloss_unihan,ROOT-55C7,-205.0,-441.2
qwen3_4b_2560d_int8,en_gloss_unihan,ROOT-56D7,-443.0,243.08333333333334
qwen3_4b_2560d_int8,en_gloss_unihan,ROOT-56DB,-104.75,-416.5
qwen3_4b_2560d_int8,en_gloss_unihan,ROOT-56DE,-835.25,-821.0
qwen3_4b_2560d_int8,en_gloss_unihan,ROOT-56E0,-1175.0,-124.16666666666667
qwen3_4b_2560d_int8,en_gloss_unihan,ROOT-56FA,2031.5,1022.0
qwen3_4b_2560d_int8,en_gloss_unihan,ROOT-571F,-9.2,-254.4
qwen3_4b_2560d_int8,en_gloss_unihan,ROOT-572D,27.56,120.32
qwen3_4b_2560d_int8,en_gloss_unihan,ROOT-57F6,2590.2,1323.8
qwen3_4b_2560d_int8,en_gloss_unihan,ROOT-57F7,788.5,741.75
qwen3_4b_2560d_int8,en_gloss_unihan,ROOT-5807,-32.6,515.8
qwen3_4b_2560d_int8,en_gloss_unihan,ROOT-582F,422.8333333333333,514.3333333333334
qwen3_4b_2560d_int8,en_gloss_unihan,ROOT-58EC,-458.1111111111111,-181.44444444444446
qwen3_4b_2560d_int8,en_gloss_unihan,ROOT-58F4,3915.1666666666665,3714.3333333333335
qwen3_4b_2560d_int8,en_gloss_unihan,ROOT-58F9,-773.1666666666666,-1165.1666666666667
qwen3_4b_2560d_int8,en_gloss_unihan,ROOT-58FD,452.0,799.0
qwen3_4b_2560d_int8,en_gloss_unihan,ROOT-590B,303.2,612.2
qwen3_4b_2560d_int8,en_gloss_unihan,ROOT-590C,-206.66666666666666,-52.0
qwen3_4b_2560d_int8,en_gloss_unihan,ROOT-5917,-364.9230769230769,119.15384615384616
qwen3_4b_2560d_int8,en_gloss_unihan,ROOT-591A,630.0,789.7142857142857
qwen3_4b_2560d_int8,en_gloss_unihan,ROOT-5927,99.5,1467.75
qwen3_4b_2560d_int8,en_gloss_unihan,ROOT-5929,-165.6,-608.6
qwen3_4b_2560d_int8,en_gloss_unihan,ROOT-592B,-483.14285714285717,111.71428571428571
qwen3_4b_2560d_int8,en_gloss_unihan,ROOT-592C,-182.4,322.0
qwen3_4b_2560d_int8,en_gloss_unihan,ROOT-592D,-345.6,-109.0
qwen3_4b_2560d_int8,en_gloss_unihan,ROOT-592E,-238.72727272727272,-56.45454545454545
qwen3_4b_2560d_int8,en_gloss_unihan,ROOT-5937,338.25,462.0
qwen3_4b_2560d_int8,en_gloss_unihan,ROOT-593E,-480.0,-252.54545454545453
qwen3_4b_2560d_int8,en_gloss_unihan,ROOT-5944,-558.8333333333334,-636.6666666666666
qwen3_4b_2560d_int8,en_gloss_unihan,ROOT-5949,-281.1666666666667,126.66666666666667
qwen3_4b_2560d_int8,en_gloss_unihan,ROOT-5950,513.75,742.5
qwen3_4b_2560d_int8,en_gloss_unihan,ROOT-595A,-140.66666666666666,-290.1666666666667
qwen3_4b_2560d_int8,en_gloss_unihan,ROOT-5967,-593.2,-154.4
qwen3_4b_2560d_int8,en_gloss_unihan,ROOT-5973,-98.36363636363636,93.45454545454545
qwen3_4b_2560d_int8,en_gloss_unihan,ROOT-599F,-164.6,401.2
qwen3_4b_2560d_int8,en_gloss_unihan,ROOT-59A5,-415.0,-716.0
qwen3_4b_2560d_int8,en_gloss_unihan,ROOT-59BB,1217.6,1801.0
qwen3_4b_2560d_int8,en_gloss_unihan,ROOT-59BE,93.75,9.0
qwen3_4b_2560d_int8,en_gloss_unihan,ROOT-5A41,16.1875,89.5625
qwen3_4b_2560d_int8,en_gloss_unihan,ROOT-5B5A,157.45454545454547,147.54545454545453
qwen3_4b_2560d_int8,en_gloss_unihan,ROOT-5B81,-764.6,-654.4
qwen3_4b_2560d_int8,en_gloss_unihan,ROOT-5B83,-19.22222222222222,148.0
qwen3_4b_2560d_int8,en_gloss_unihan,ROOT-5B89,37.0,129.83333333333334
qwen3_4b_2560d_int8,en_gloss_unihan,ROOT-5B97,-189.875,-600.75
qwen3_4b_2560d_int8,en_gloss_unihan,ROOT-5B98,847.8571428571429,1247.142857142857
qwen3_4b_2560d_int8,en_gloss_unihan,ROOT-5B9A,-2035.5,-1628.0
qwen3_4b_2560d_int8,en_gloss_unihan,ROOT-5BA3,601.2,802.4
qwen3_4b_2560d_int8,en_gloss_unihan,ROOT-5BB3,-386.1666666666667,-292.1666666666667
qwen3_4b_2560d_int8,en_gloss_unihan,ROOT-5BC5,-359.75,-213.75
qwen3_4b_2560d_int8,en_gloss_unihan,ROOT-5BCD,-1071.0,-1060.5
qwen3_4b_2560d_int8,en_gloss_unihan,ROOT-5BF8,-1348.0,-1163.4
qwen3_4b_2560d_int8,en_gloss_unihan,ROOT-5BFD,-598.0,-695.5
qwen3_4b_2560d_int8,en_gloss_unihan,ROOT-5C07,398.0,14.2
qwen3_4b_2560d_int8,en_gloss_unihan,ROOT-5C08,221.6153846153846,1254.8461538461538
qwen3_4b_2560d_int8,en_gloss_unihan,ROOT-5C09,883.0,2001.4
qwen3_4b_2560d_int8,en_gloss_unihan,ROOT-5C0A,1488.5,3584.0
qwen3_4b_2560d_int8,en_gloss_unihan,ROOT-5C0F,234.9,150.35
qwen3_4b_2560d_int8,en_gloss_unihan,ROOT-5C17,-262.9166666666667,-279.1666666666667
qwen3_4b_2560d_int8,en_gloss_unihan,ROOT-5C1A,-48.130434782608695,66.95652173913044
qwen3_4b_2560d_int8,en_gloss_unihan,ROOT-5C1E,-540.8333333333334,709.1666666666666
qwen3_4b_2560d_int8,en_gloss_unihan,ROOT-5C28,4.5,375.75
qwen3_4b_2560d_int8,en_gloss_unihan,ROOT-5C39,-626.0,-692.2857142857143
qwen3_4b_2560d_int8,en_gloss_unihan,ROOT-5C4B,-23.5,25.5
qwen3_4b_2560d_int8,en_gloss_unihan,ROOT-5C6F,-120.66666666666667,330.3333333333333
qwen3_4b_2560d_int8,en_gloss_unihan,ROOT-5C70,-306.75,-256.75
qwen3_4b_2560d_int8,en_gloss_unihan,ROOT-5CA1,1113.0,698.2
qwen3_4b_2560d_int8,en_gloss_unihan,ROOT-5DC2,411.25,121.75
qwen3_4b_2560d_int8,en_gloss_unihan,ROOT-5DDD,800.4,2778.8
qwen3_4b_2560d_int8,en_gloss_unihan,ROOT-5DE0,198.69230769230768,331.61538461538464
qwen3_4b_2560d_int8,en_gloss_unihan,ROOT-5DE4,-406.0,-372.8
qwen3_4b_2560d_int8,en_gloss_unihan,ROOT-5DE5,-38.0,147.83333333333334
qwen3_4b_2560d_int8,en_gloss_unihan,ROOT-5DE8,160.4,247.9
qwen3_4b_2560d_int8,en_gloss_unihan,ROOT-5DF1,-419.5,253.6
qwen3_4b_2560d_int8,en_gloss_unihan,ROOT-5DF3,482.5,445.25
qwen3_4b_2560d_int8,en_gloss_unihan,ROOT-5DF4,130.84615384615384,423.46153846153845
qwen3_4b_2560d_int8,en_gloss_unihan,ROOT-5E0C,102.5,374.5
qwen3_4b_2560d_int8,en_gloss_unihan,ROOT-5E1D,-723.0,-531.8571428571429
qwen3_4b_2560d_int8,en_gloss_unihan,ROOT-5E72,235.0,419.84615384615387
qwen3_4b_2560d_int8,en_gloss_unihan,ROOT-5E73,-61.888888888888886,439.22222222222223
qwen3_4b_2560d_int8,en_gloss_unihan,ROOT-5E7A,-74.16666666666667,437.1666666666667
qwen3_4b_2560d_int8,en_gloss_unihan,ROOT-5E9A,-1058.5,-1217.25
qwen3_4b_2560d_int8,en_gloss_unihan,ROOT-5EB6,-190.0,-97.14285714285714
qwen3_4b_2560d_int8,en_gloss_unihan,ROOT-5EFA,223.83333333333334,117.16666666666667
qwen3_4b_2560d_int8,en_gloss_unihan,ROOT-5F0B,-285.7857142857143,86.21428571428571
qwen3_4b_2560d_int8,en_gloss_unihan,ROOT-5F15,-627.25,-390.25
qwen3_4b_2560d_int8,en_gloss_unihan,ROOT-5F17,473.3333333333333,588.5833333333334
qwen3_4b_2560d_int8,en_gloss_unihan,ROOT-5F1F,-358.2,92.2
qwen3_4b_2560d_int8,en_gloss_unihan,ROOT-5F31,-680.75,-1047.75
qwen3_4b_2560d_int8,en_gloss_unihan,ROOT-5F54,-959.7142857142857,-1539.4285714285713
qwen3_4b_2560d_int8,en_gloss_unihan,ROOT-5F56,-133.28571428571428,136.57142857142858
qwen3_4b_2560d_int8,en_gloss_unihan,ROOT-5F57,1721.75,3276.0
qwen3_4b_2560d_int8,en_gloss_unihan,ROOT-5F9E,-219.57142857142858,466.42857142857144
qwen3_4b_2560d_int8,en_gloss_unihan,ROOT-5FC5,1163.090909090909,1719.6363636363637
qwen3_4b_2560d_int8,en_gloss_unihan,ROOT-601D,605.0,1082.6
qwen3_4b_2560d_int8,en_gloss_unihan,ROOT-60A4,476.4,944.6
qwen3_4b_2560d_int8,en_gloss_unihan,ROOT-610F,-262.0,848.8
qwen3_4b_2560d_int8,en_gloss_unihan,ROOT-620D,-377.2857142857143,-17.857142857142858
qwen3_4b_2560d_int8,en_gloss_unihan,ROOT-6211,59.111111111111114,409.0
qwen3_4b_2560d_int8,en_gloss_unihan,ROOT-6214,548.4,1002.2
qwen3_4b_2560d_int8,en_gloss_unihan,ROOT-6216,152.46153846153845,282.9230769230769
qwen3_4b_2560d_int8,en_gloss_unihan,ROOT-6236,768.4,74.6
qwen3_4b_2560d_int8,en_gloss_unihan,ROOT-6241,692.9230769230769,1205.923076923077
qwen3_4b_2560d_int8,en_gloss_unihan,ROOT-624B,502.25,925.6666666666666
qwen3_4b_2560d_int8,en_gloss_unihan,ROOT-624D,-264.0,-171.4
qwen3_4b_2560d_int8,en_gloss_unihan,ROOT-652F,383.64285714285717,1101.0
qwen3_4b_2560d_int8,en_gloss_unihan,ROOT-6538,-192.58333333333334,562.5833333333334
qwen3_4b_2560d_int8,en_gloss_unihan,ROOT-6544,-191.88888888888889,496.8888888888889
qwen3_4b_2560d_int8,en_gloss_unihan,ROOT-6556,1984.25,2074.25
qwen3_4b_2560d_int8,en_gloss_unihan,ROOT-656B,1018.1666666666666,1265.5
qwen3_4b_2560d_int8,en_gloss_unihan,ROOT-6587,233.33333333333334,132.88888888888889
qwen3_4b_2560d_int8,en_gloss_unihan,ROOT-65A4,475.45,473.35
qwen3_4b_2560d_int8,en_gloss_unihan,ROOT-65AC,230.71428571428572,547.4285714285714
qwen3_4b_2560d_int8,en_gloss_unihan,ROOT-65B9,202.2941176470588,355.1764705882353
qwen3_4b_2560d_int8,en_gloss_unihan,ROOT-65C1,-613.0,-362.2
qwen3_4b_2560d_int8,en_gloss_unihan,ROOT-65CF,-1120.2,-1597.8
qwen3_4b_2560d_int8,en_gloss_unihan,ROOT-65E6,64.5,437.45454545454544
qwen3_4b_2560d_int8,en_gloss_unihan,ROOT-65E8,151.9,516.9
qwen3_4b_2560d_int8,en_gloss_unihan,ROOT-65EC,607.6923076923077,892.4615384615385
qwen3_4b_2560d_int8,en_gloss_unihan,ROOT-6606,-163.66666666666666,29.88888888888889
qwen3_4b_2560d_int8,en_gloss_unihan,ROOT-660C,-89.0,34.0
qwen3_4b_2560d_int8,en_gloss_unihan,ROOT-660F,-1104.5,-795.5
qwen3_4b_2560d_int8,en_gloss_unihan,ROOT-6613,-835.4285714285714,257.14285714285717
qwen3_4b_2560d_int8,en_gloss_unihan,ROOT-6614,87.5,265.5
qwen3_4b_2560d_int8,en_gloss_unihan,ROOT-661C,50.421052631578945,160.21052631578948
qwen3_4b_2560d_int8,en_gloss_unihan,ROOT-661F,-419.25,-36.25
qwen3_4b_2560d_int8,en_gloss_unihan,ROOT-662F,600.3333333333334,838.3333333333334
qwen3_4b_2560d_int8,en_gloss_unihan,ROOT-66FC,550.8333333333334,1078.6666666666667
qwen3_4b_2560d_int8,en_gloss_unihan,ROOT-66FE,-274.1111111111111,-213.22222222222223
qwen3_4b_2560d_int8,en_gloss_unihan,ROOT-6701,13.166666666666666,311.0
qwen3_4b_2560d_int8,en_gloss_unihan,ROOT-6703,-482.3,-225.1
qwen3_4b_2560d_int8,en_gloss_unihan,ROOT-670B,127.77777777777777,551.1111111111111
qwen3_4b_2560d_int8,en_gloss_unihan,ROOT-672A,-13.0,-646.3333333333334
qwen3_4b_2560d_int8,en_gloss_unihan,ROOT-672B,-1965.0,-995.8333333333334
qwen3_4b_2560d_int8,en_gloss_unihan,ROOT-672E,-935.2,199.8
qwen3_4b_2560d_int8,en_gloss_unihan,ROOT-6731,-178.0,-211.45454545454547
qwen3_4b_2560d_int8,en_gloss_unihan,ROOT-675F,-105.22222222222223,48.22222222222222
qwen3_4b_2560d_int8,en_gloss_unihan,ROOT-6771,396.5,641.0833333333334
qwen3_4b_2560d_int8,en_gloss_unihan,ROOT-6797,914.0,1242.4444444444443
qwen3_4b_2560d_int8,en_gloss_unihan,ROOT-679C,262.5,507.4166666666667
qwen3_4b_2560d_int8,en_gloss_unihan,ROOT-67BC,-356.0,-327.54545454545456
qwen3_4b_2560d_int8,en_gloss_unihan,ROOT-67D0,-232.8,-401.6
qwen3_4b_2560d_int8,en_gloss_unihan,ROOT-67EC,291.92,466.68
qwen3_4b_2560d_int8,en_gloss_unihan,ROOT-6A02,-45.125,-163.625
qwen3_4b_2560d_int8,en_gloss_unihan,ROOT-6B2E,-138.25,-142.25
qwen3_4b_2560d_int8,en_gloss_unihan,ROOT-6B62,-762.5,-1207.5
qwen3_4b_2560d_int8,en_gloss_unihan,ROOT-6B63,-1077.0,-599.0
qwen3_4b_2560d_int8,en_gloss_unihan,ROOT-6BB5,12.75,123.5
qwen3_4b_2560d_int8,en_gloss_unihan,ROOT-6BB8,-368.8,-503.6
qwen3_4b_2560d_int8,en_gloss_unihan,ROOT-6BB9,-15.2,62.8
qwen3_4b_2560d_int8,en_gloss_unihan,ROOT-6BCE,115.625,343.625
qwen3_4b_2560d_int8,en_gloss_unihan,ROOT-6BD4,15.727272727272727,424.1818181818182
qwen3_4b_2560d_int8,en_gloss_unihan,ROOT-6BDA,45.875,275.0
qwen3_4b_2560d_int8,en_gloss_unihan,ROOT-6BDB,175.66666666666666,288.1666666666667
qwen3_4b_2560d_int8,en_gloss_unihan,ROOT-6C0F,854.6666666666666,1360.0
qwen3_4b_2560d_int8,en_gloss_unihan,ROOT-6C10,155.66666666666666,843.6666666666666
qwen3_4b_2560d_int8,en_gloss_unihan,ROOT-6C14,431.25,727.5
qwen3_4b_2560d_int8,en_gloss_unihan,ROOT-6C42,1152.5,1059.25
qwen3_4b_2560d_int8,en_gloss_unihan,ROOT-6C99,35.0,162.0
qwen3_4b_2560d_int8,en_gloss_unihan,ROOT-708E,549.5384615384615,664.2307692307693
qwen3_4b_2560d_int8,en_gloss_unihan,ROOT-7097,102.42857142857143,124.71428571428571
qwen3_4b_2560d_int8,en_gloss_unihan,ROOT-7121,1561.5,1229.5
qwen3_4b_2560d_int8,en_gloss_unihan,ROOT-7126,-986.2857142857143,-185.71428571428572
qwen3_4b_2560d_int8,en_gloss_unihan,ROOT-718F,361.6,392.6
qwen3_4b_2560d_int8,en_gloss_unihan,ROOT-71D5,503.75,1222.0
qwen3_4b_2560d_int8,en_gloss_unihan,ROOT-722D,242.83333333333334,266.6666666666667
qwen3_4b_2560d_int8,en_gloss_unihan,ROOT-7230,332.27272727272725,698.1818181818181
qwen3_4b_2560d_int8,en_gloss_unihan,ROOT-7236,-473.47058823529414,-195.11764705882354
qwen3_4b_2560d_int8,en_gloss_unihan,ROOT-723B,3790.75,3957.0
qwen3_4b_2560d_int8,en_gloss_unihan,ROOT-723E,164.0,188.75
qwen3_4b_2560d_int8,en_gloss_unihan,ROOT-723F,-321.0,-119.0
qwen3_4b_2560d_int8,en_gloss_unihan,ROOT-7259,-625.8333333333334,-1064.6666666666667
qwen3_4b_2560d_int8,en_gloss_unihan,ROOT-72AE,391.27272727272725,746.2727272727273
qwen3_4b_2560d_int8,en_gloss_unihan,ROOT-7312,-250.8,306.0
qwen3_4b_2560d_int8,en_gloss_unihan,ROOT-7384,624.625,641.25
qwen3_4b_2560d_int8,en_gloss_unihan,ROOT-74DC,-516.0,-573.0
qwen3_4b_2560d_int8,en_gloss_unihan,ROOT-7518,612.1111111111111,880.1111111111111
qwen3_4b_2560d_int8,en_gloss_unihan,ROOT-751A,-103.9090909090909,37.18181818181818
qwen3_4b_2560d_int8,en_gloss_unihan,ROOT-751F,-586.7142857142857,-255.57142857142858
qwen3_4b_2560d_int8,en_gloss_unihan,ROOT-7528,315.625,347.875
qwen3_4b_2560d_int8,en_gloss_unihan,ROOT-752B,-185.17857142857142,64.0
qwen3_4b_2560d_int8,en_gloss_unihan,ROOT-7531,-3.6666666666666665,486.53333333333336
qwen3_4b_2560d_int8,en_gloss_unihan,ROOT-7532,-451.875,-404.375
qwen3_4b_2560d_int8,en_gloss_unihan,ROOT-7533,-177.8,-208.4
qwen3_4b_2560d_int8,en_gloss_unihan,ROOT-7539,547.0,402.75
qwen3_4b_2560d_int8,en_gloss_unihan,ROOT-754F,-333.5,-614.25
qwen3_4b_2560d_int8,en_gloss_unihan,ROOT-7550,-239.0,393.55555555555554
qwen3_4b_2560d_int8,en_gloss_unihan,ROOT-757A,883.0,3162.75
qwen3_4b_2560d_int8,en_gloss_unihan,ROOT-757E,225.0,395.4
qwen3_4b_2560d_int8,en_gloss_unihan,ROOT-758B,-309.14285714285717,-420.7142857142857
qwen3_4b_2560d_int8,en_gloss_unihan,ROOT-758C,1009.125,1652.375
qwen3_4b_2560d_int8,en_gloss_unihan,ROOT-7591,-239.2,166.0
qwen3_4b_2560d_int8,en_gloss_unihan,ROOT-7678,-55.0,39.5
qwen3_4b_2560d_int8,en_gloss_unihan,ROOT-767D,-109.14285714285714,-36.42857142857143
qwen3_4b_2560d_int8,en_gloss_unihan,ROOT-7686,761.125,568.875
qwen3_4b_2560d_int8,en_gloss_unihan,ROOT-7687,83.4,41.4
qwen3_4b_2560d_int8,en_gloss_unihan,ROOT-76AE,28.41176470588235,564.2941176470588
qwen3_4b_2560d_int8,en_gloss_unihan,ROOT-76CA,120.83333333333333,242.0
qwen3_4b_2560d_int8,en_gloss_unihan,ROOT-76E1,164.75,1335.0
qwen3_4b_2560d_int8,en_gloss_unihan,ROOT-76E3,-585.9166666666666,239.41666666666666
qwen3_4b_2560d_int8,en_gloss_unihan,ROOT-76F4,91.25,170.5
qwen3_4b_2560d_int8,en_gloss_unihan,ROOT-76F8,-98.5,-263.0
qwen3_4b_2560d_int8,en_gloss_unihan,ROOT-7714,27.25,137.5
qwen3_4b_2560d_int8,en_gloss_unihan,ROOT-771E,607.6666666666666,1016.1666666666666
qwen3_4b_2560d_int8,en_gloss_unihan,ROOT-7758,-214.5,-391.75
qwen3_4b_2560d_int8,en_gloss_unihan,ROOT-776A,58.833333333333336,133.83333333333334
qwen3_4b_2560d_int8,en_gloss_unihan,ROOT-77DB,202.72727272727272,570.5454545454545
qwen3_4b_2560d_int8,en_gloss_unihan,ROOT-77DE,70.0,241.875
qwen3_4b_2560d_int8,en_gloss_unihan,ROOT-77E2,331.5,441.5
qwen3_4b_2560d_int8,en_gloss_unihan,ROOT-77F3,-254.875,-344.0
qwen3_4b_2560d_int8,en_gloss_unihan,ROOT-79B9,411.75,401.5
qwen3_4b_2560d_int8,en_gloss_unihan,ROOT-79BA,-313.75,-627.25
qwen3_4b_2560d_int8,en_gloss_unihan,ROOT-79BB,-554.3333333333334,41.666666666666664
qwen3_4b_2560d_int8,en_gloss_unihan,ROOT-79BE,-25.923076923076923,579.4615384615385
qwen3_4b_2560d_int8,en_gloss_unihan,ROOT-79CB,-658.1428571428571,-263.2857142857143
qwen3_4b_2560d_int8,en_gloss_unihan,ROOT-79E6,-564.5,-762.5
qwen3_4b_2560d_int8,en_gloss_unihan,ROOT-7ACB,-269.125,-88.375
qwen3_4b_2560d_int8,en_gloss_unihan,ROOT-7AE0,66.8,-176.8
qwen3_4b_2560d_int8,en_gloss_unihan,ROOT-7AE5,-270.3636363636364,-138.27272727272728
qwen3_4b_2560d_int8,en_gloss_unihan,ROOT-7F8A,65.88888888888889,273.3333333333333
qwen3_4b_2560d_int8,en_gloss_unihan,ROOT-7FA9,49.77777777777778,590.6666666666666
qwen3_4b_2560d_int8,en_gloss_unihan,ROOT-7FCF,324.0625,572.125
qwen3_4b_2560d_int8,en_gloss_unihan,ROOT-7FD2,-750.1666666666666,44.666666666666664
qwen3_4b_2560d_int8,en_gloss_unihan,ROOT-7FDF,-372.5,-3.125
qwen3_4b_2560d_int8,en_gloss_unihan,ROOT-800C,1167.0,2866.1428571428573
qwen3_4b_2560d_int8,en_gloss_unihan,ROOT-8011,720.2857142857143,354.42857142857144
qwen3_4b_2560d_int8,en_gloss_unihan,ROOT-8033,469.6,539.4
qwen3_4b_2560d_int8,en_gloss_unihan,ROOT-8076,-343.85714285714283,-210.14285714285714
qwen3_4b_2560d_int8,en_gloss_unihan,ROOT-807F,89.9090909090909,78.9090909090909
qwen3_4b_2560d_int8,en_gloss_unihan,ROOT-8099,138.58333333333334,399.75
qwen3_4b_2560d_int8,en_gloss_unihan,ROOT-81E4,1460.857142857143,1092.857142857143
qwen3_4b_2560d_int8,en_gloss_unihan,ROOT-81F3,169.35714285714286,850.7142857142857
qwen3_4b_2560d_int8,en_gloss_unihan,ROOT-81FD,191.45454545454547,328.27272727272725
qwen3_4b_2560d_int8,en_gloss_unihan,ROOT-81FE,-156.2,230.2
qwen3_4b_2560d_int8,en_gloss_unihan,ROOT-8200,-502.0,-538.3333333333334
qwen3_4b_2560d_int8,en_gloss_unihan,ROOT-8201,42.285714285714285,-393.0
qwen3_4b_2560d_int8,en_gloss_unihan,ROOT-822C,1785.3333333333333,2750.0
qwen3_4b_2560d_int8,en_gloss_unihan,ROOT-826F,-171.75,234.75
qwen3_4b_2560d_int8,en_gloss_unihan,ROOT-82BB,215.5,440.1666666666667
qwen3_4b_2560d_int8,en_gloss_unihan,ROOT-82E5,562.1666666666666,1098.1666666666667
qwen3_4b_2560d_int8,en_gloss_unihan,ROOT-830D,1802.0,2115.0
qwen3_4b_2560d_int8,en_gloss_unihan,ROOT-83AB,238.75,516.25
qwen3_4b_2560d_int8,en_gloss_unihan,ROOT-83D0,-473.1666666666667,-768.0
qwen3_4b_2560d_int8,en_gloss_unihan,ROOT-842C,343.57142857142856,803.4285714285714
qwen3_4b_2560d_int8,en_gloss_unihan,ROOT-8499,37.42857142857143,127.14285714285714
qwen3_4b_2560d_int8,en_gloss_unihan,ROOT-84A6,730.375,947.875
qwen3_4b_2560d_int8,en_gloss_unihan,ROOT-8511,-317.25,85.0
qwen3_4b_2560d_int8,en_gloss_unihan,ROOT-8700,-234.07692307692307,248.69230769230768
qwen3_4b_2560d_int8,en_gloss_unihan,ROOT-8881,-702.4,368.8
qwen3_4b_2560d_int8,en_gloss_unihan,ROOT-8944,127.83333333333333,776.3333333333334
qwen3_4b_2560d_int8,en_gloss_unihan,ROOT-898B,27.1,243.1
qwen3_4b_2560d_int8,en_gloss_unihan,ROOT-89D2,-1135.2,-1145.4
qwen3_4b_2560d_int8,en_gloss_unihan,ROOT-89E3,-180.5,71.5
qwen3_4b_2560d_int8,en_gloss_unihan,ROOT-8A79,169.66666666666666,471.3333333333333
qwen3_4b_2560d_int8,en_gloss_unihan,ROOT-8C37,-296.6923076923077,-15.846153846153847
qwen3_4b_2560d_int8,en_gloss_unihan,ROOT-8C46,-62.5,529.5714285714286
qwen3_4b_2560d_int8,en_gloss_unihan,ROOT-8C48,1229.5,2194.0833333333335
qwen3_4b_2560d_int8,en_gloss_unihan,ROOT-8C56,930.75,582.75
qwen3_4b_2560d_int8,en_gloss_unihan,ROOT-8C66,190.25,335.875
qwen3_4b_2560d_int8,en_gloss_unihan,ROOT-8C9E,-1191.1666666666667,-962.8333333333334
qwen3_4b_2560d_int8,en_gloss_unihan,ROOT-8CAC,1323.2857142857142,1638.5714285714287
qwen3_4b_2560d_int8,en_gloss_unihan,ROOT-8CCF,475.0,694.0
qwen3_4b_2560d_int8,en_gloss_unihan,ROOT-8D0A,496.8333333333333,1565.3333333333333
qwen3_4b_2560d_int8,en_gloss_unihan,ROOT-8DB3,245.0,341.0
qwen3_4b_2560d_int8,en_gloss_unihan,ROOT-8ECD,-238.53333333333333,-79.46666666666667
qwen3_4b_2560d_int8,en_gloss_unihan,ROOT-8F9F,171.23529411764707,340.8235294117647
qwen3_4b_2560d_int8,en_gloss_unihan,ROOT-8FA1,848.4,1131.0
qwen3_4b_2560d_int8,en_gloss_unihan,ROOT-8FB0,-90.88888888888889,781.5555555555555
qwen3_4b_2560d_int8,en_gloss_unihan,ROOT-8FB1,615.1666666666666,707.1666666666666
qwen3_4b_2560d_int8,en_gloss_unihan,ROOT-9023,-234.4,481.6
qwen3_4b_2560d_int8,en_gloss_unihan,ROOT-9091,1093.0,658.0
qwen3_4b_2560d_int8,en_gloss_unihan,ROOT-9109,3.3333333333333335,27.666666666666668
qwen3_4b_2560d_int8,en_gloss_unihan,ROOT-914B,-247.85714285714286,-297.2857142857143
qwen3_4b_2560d_int8,en_gloss_unihan,ROOT-91C6,-171.05555555555554,125.44444444444444
qwen3_4b_2560d_int8,en_gloss_unihan,ROOT-91CC,2.4545454545454546,345.0
qwen3_4b_2560d_int8,en_gloss_unihan,ROOT-9577,343.1,363.1
qwen3_4b_2560d_int8,en_gloss_unihan,ROOT-9580,285.42857142857144,234.28571428571428
qwen3_4b_2560d_int8,en_gloss_unihan,ROOT-96B9,270.0,552.5384615384615
qwen3_4b_2560d_int8,en_gloss_unihan,ROOT-96BA,543.5,501.75
qwen3_4b_2560d_int8,en_gloss_unihan,ROOT-96BB,-371.2,-629.2
qwen3_4b_2560d_int8,en_gloss_unihan,ROOT-96E3,-204.25,641.25
qwen3_4b_2560d_int8,en_gloss_unihan,ROOT-9700,525.6363636363636,391.72727272727275
qwen3_4b_2560d_int8,en_gloss_unihan,ROOT-9752,241.875,650.6875
qwen3_4b_2560d_int8,en_gloss_unihan,ROOT-975E,-123.38095238095238,12.571428571428571
qwen3_4b_2560d_int8,en_gloss_unihan,ROOT-99AC,-1300.5,-901.5
qwen3_4b_2560d_int8,en_gloss_unihan,ROOT-9AD8,170.76666666666668,535.8666666666667
qwen3_4b_2560d_int8,en_gloss_unihan,ROOT-9B3C,930.3636363636364,868.7272727272727
qwen3_4b_2560d_int8,en_gloss_unihan,ROOT-9B5A,857.0,-46.0
qwen3_4b_2560d_int8,en_gloss_unihan,ROOT-9E7F,-456.75,-677.25
qwen3_4b_2560d_int8,en_gloss_unihan,ROOT-9E83,71.0,430.75
qwen3_4b_2560d_int8,en_gloss_unihan,ROOT-9E97,320.8333333333333,576.5
qwen3_4b_2560d_int8,en_gloss_unihan,ROOT-9F4A,17.3,214.5
qwen3_4b_2560d_int8,en_gloss_unihan,ROOT-9F8D,-541.6363636363636,-322.45454545454544
qwen3_4b_2560d_int8,en_gloss_unihan,ROOT-9FA0,-803.2,-587.0
qwen3_4b_2560d_int8,zh_char,ROOT-20000,214.42857142857142,630.0
qwen3_4b_2560d_int8,zh_char,ROOT-20086,1084.75,1830.375
qwen3_4b_2560d_int8,zh_char,ROOT-20094,-680.5,-338.5
qwen3_4b_2560d_int8,zh_char,ROOT-200A2,15.4,-65.0
qwen3_4b_2560d_int8,zh_char,ROOT-200A4,1940.5,1196.5
qwen3_4b_2560d_int8,zh_char,ROOT-2010C,-536.3333333333334,-422.0
qwen3_4b_2560d_int8,zh_char,ROOT-20509,-680.6666666666666,-263.1666666666667
qwen3_4b_2560d_int8,zh_char,ROOT-20A7A,187.66666666666666,460.6666666666667
qwen3_4b_2560d_int8,zh_char,ROOT-2123C,719.875,888.75
qwen3_4b_2560d_int8,zh_char,ROOT-219CD,370.8181818181818,1021.8181818181819
qwen3_4b_2560d_int8,zh_char,ROOT-21FE7,-1013.3333333333334,549.8333333333334
qwen3_4b_2560d_int8,zh_char,ROOT-22398,2056.5,1589.25
qwen3_4b_2560d_int8,zh_char,ROOT-2274A,-234.0,-961.5
qwen3_4b_2560d_int8,zh_char,ROOT-23386,1019.6666666666666,1315.3333333333333
qwen3_4b_2560d_int8,zh_char,ROOT-233DF,304.3333333333333,410.55555555555554
qwen3_4b_2560d_int8,zh_char,ROOT-2394F,-237.95833333333334,475.9166666666667
qwen3_4b_2560d_int8,zh_char,ROOT-239BC,1817.25,2484.0
qwen3_4b_2560d_int8,zh_char,ROOT-23A8A,74.88888888888889,667.1111111111111
qwen3_4b_2560d_int8,zh_char,ROOT-23B09,641.8,498.8
qwen3_4b_2560d_int8,zh_char,ROOT-25055,779.0,1033.5384615384614
qwen3_4b_2560d_int8,zh_char,ROOT-26407,275.1666666666667,388.8333333333333
qwen3_4b_2560d_int8,zh_char,ROOT-271A3,449.14285714285717,830.4285714285714
qwen3_4b_2560d_int8,zh_char,ROOT-27DA0,833.3636363636364,1254.0
qwen3_4b_2560d_int8,zh_char,ROOT-3431,344.25,426.4166666666667
qwen3_4b_2560d_int8,zh_char,ROOT-34B8,-121.8,-158.4
qwen3_4b_2560d_int8,zh_char,ROOT-34BC,270.25,784.625
qwen3_4b_2560d_int8,zh_char,ROOT-34DE,973.0833333333334,2709.0
qwen3_4b_2560d_int8,zh_char,ROOT-3563,351.1666666666667,695.8888888888889
qwen3_4b_2560d_int8,zh_char,ROOT-3687,-452.75,27.0
qwen3_4b_2560d_int8,zh_char,ROOT-37A2,462.2352941176471,370.5882352941176
qwen3_4b_2560d_int8,zh_char,ROOT-382F,21.384615384615383,523.8461538461538
qwen3_4b_2560d_int8,zh_char,ROOT-3840,234.9090909090909,539.4545454545455
qwen3_4b_2560d_int8,zh_char,ROOT-39B0,453.90909090909093,1225.7272727272727
qwen3_4b_2560d_int8,zh_char,ROOT-4020,939.5714285714286,1651.5714285714287
qwen3_4b_2560d_int8,zh_char,ROOT-41C2,-323.75,-259.3
qwen3_4b_2560d_int8,zh_char,ROOT-4343,707.7142857142857,364.42857142857144
qwen3_4b_2560d_int8,zh_char,ROOT-4588,-227.83333333333334,-1308.8333333333333
qwen3_4b_2560d_int8,zh_char,ROOT-470C,278.0769230769231,780.7692307692307
qwen3_4b_2560d_int8,zh_char,ROOT-4E00,358.375,869.75
qwen3_4b_2560d_int8,zh_char,ROOT-4E01,210.71428571428572,252.14285714285714
qwen3_4b_2560d_int8,zh_char,ROOT-4E02,-529.4,-410.2
qwen3_4b_2560d_int8,zh_char,ROOT-4E0D,-79.14285714285714,593.4285714285714
qwen3_4b_2560d_int8,zh_char,ROOT-4E11,162.625,468.875
qwen3_4b_2560d_int8,zh_char,ROOT-4E14,166.77777777777777,332.22222222222223
qwen3_4b_2560d_int8,zh_char,ROOT-4E16,218.25,1264.125
qwen3_4b_2560d_int8,zh_char,ROOT-4E1E,300.5,753.5
qwen3_4b_2560d_int8,zh_char,ROOT-4E29,600.8571428571429,1489.142857142857
qwen3_4b_2560d_int8,zh_char,ROOT-4E2D,1645.3333333333333,1687.1666666666667
qwen3_4b_2560d_int8,zh_char,ROOT-4E30,307.25,359.5
qwen3_4b_2560d_int8,zh_char,ROOT-4E36,1828.0,722.125
qwen3_4b_2560d_int8,zh_char,ROOT-4E38,2518.8,2953.4
qwen3_4b_2560d_int8,zh_char,ROOT-4E3F,-47.583333333333336,178.625
qwen3_4b_2560d_int8,zh_char,ROOT-4E43,102.25,-509.5
qwen3_4b_2560d_int8,zh_char,ROOT-4E47,793.7,1397.5
qwen3_4b_2560d_int8,zh_char,ROOT-4E4D,868.0,786.625
qwen3_4b_2560d_int8,zh_char,ROOT-4E4F,-93.4,378.8
qwen3_4b_2560d_int8,zh_char,ROOT-4E59,724.5,2151.25
qwen3_4b_2560d_int8,zh_char,ROOT-4E5D,149.25,626.0833333333334
qwen3_4b_2560d_int8,zh_char,ROOT-4E5F,342.8,362.6
qwen3_4b_2560d_int8,zh_char,ROOT-4E88,763.1111111111111,976.3333333333334
qwen3_4b_2560d_int8,zh_char,ROOT-4E8C,-135.85714285714286,561.6428571428571
qwen3_4b_2560d_int8,zh_char,ROOT-4E8E,-176.66666666666666,132.83333333333334
qwen3_4b_2560d_int8,zh_char,ROOT-4E8F,56.63636363636363,119.45454545454545
qwen3_4b_2560d_int8,zh_char,ROOT-4E91,-93.11111111111111,32.22222222222222
qwen3_4b_2560d_int8,zh_char,ROOT-4E94,169.93333333333334,658.3333333333334
qwen3_4b_2560d_int8,zh_char,ROOT-4E9E,101.5,370.8333333333333
qwen3_4b_2560d_int8,zh_char,ROOT-4EA1,124.28571428571429,162.0
qwen3_4b_2560d_int8,zh_char,ROOT-4EA2,-95.33333333333333,396.75
qwen3_4b_2560d_int8,zh_char,ROOT-4EA4,136.31578947368422,206.1578947368421
qwen3_4b_2560d_int8,zh_char,ROOT-4EA5,-104.46666666666667,41.13333333333333
qwen3_4b_2560d_int8,zh_char,ROOT-4EAC,-558.9,476.9
qwen3_4b_2560d_int8,zh_char,ROOT-4ECA,-174.6,346.2
qwen3_4b_2560d_int8,zh_char,ROOT-4ECB,-339.5,-219.66666666666666
qwen3_4b_2560d_int8,zh_char,ROOT-4EE4,-123.83333333333333,73.72222222222223
qwen3_4b_2560d_int8,zh_char,ROOT-4F59,129.52941176470588,249.2941176470588
qwen3_4b_2560d_int8,zh_char,ROOT-4F86,412.0,976.5
qwen3_4b_2560d_int8,zh_char,ROOT-4F96,144.5,486.3
qwen3_4b_2560d_int8,zh_char,ROOT-5009,265.90909090909093,112.18181818181819
qwen3_4b_2560d_int8,zh_char,ROOT-501D,-122.85714285714286,317.0
qwen3_4b_2560d_int8,zh_char,ROOT-50C9,695.0,1351.9473684210527
qwen3_4b_2560d_int8,zh_char,ROOT-5143,-49.294117647058826,57.88235294117647
qwen3_4b_2560d_int8,zh_char,ROOT-5146,431.55555555555554,822.2777777777778
qwen3_4b_2560d_int8,zh_char,ROOT-5148,467.25,999.375
qwen3_4b_2560d_int8,zh_char,ROOT-5149,845.625,562.125
qwen3_4b_2560d_int8,zh_char,ROOT-514D,272.54545454545456,865.3636363636364
qwen3_4b_2560d_int8,zh_char,ROOT-5152,60.61538461538461,323.46153846153845
qwen3_4b_2560d_int8,zh_char,ROOT-5165,553.1666666666666,1311.3333333333333
qwen3_4b_2560d_int8,zh_char,ROOT-5168,433.22222222222223,911.2222222222222
qwen3_4b_2560d_int8,zh_char,ROOT-5169,129.75,736.75
qwen3_4b_2560d_int8,zh_char,ROOT-516A,720.9411764705883,889.7647058823529
qwen3_4b_2560d_int8,zh_char,ROOT-516B,54.0,57.4
qwen3_4b_2560d_int8,zh_char,ROOT-516C,-54.166666666666664,20.916666666666668
qwen3_4b_2560d_int8,zh_char,ROOT-5171,115.27272727272727,543.3636363636364
qwen3_4b_2560d_int8,zh_char,ROOT-5176,49.95,541.95
qwen3_4b_2560d_int8,zh_char,ROOT-517C,-59.05882352941177,283.4117647058824
qwen3_4b_2560d_int8,zh_char,ROOT-5183,113.5,259.1666666666667
qwen3_4b_2560d_int8,zh_char,ROOT-518B,-24.8,356.0
qwen3_4b_2560d_int8,zh_char,ROOT-518E,-5.181818181818182,247.77272727272728
qwen3_4b_2560d_int8,zh_char,ROOT-5193,363.3,302.3
qwen3_4b_2560d_int8,zh_char,ROOT-5198,323.9,196.2
qwen3_4b_2560d_int8,zh_char,ROOT-51A5,768.9,973.0
qwen3_4b_2560d_int8,zh_char,ROOT-51E0,-663.8333333333334,-255.33333333333334
qwen3_4b_2560d_int8,zh_char,ROOT-51E1,1176.2,1298.2
qwen3_4b_2560d_int8,zh_char,ROOT-51FA,194.625,470.0
qwen3_4b_2560d_int8,zh_char,ROOT-5200,-61.44,303.48
qwen3_4b_2560d_int8,zh_char,ROOT-5203,-78.77777777777777,147.11111111111111
qwen3_4b_2560d_int8,zh_char,ROOT-5206,-28.217391304347824,340.8695652173913
qwen3_4b_2560d_int8,zh_char,ROOT-5247,-732.0,-233.2
qwen3_4b_2560d_int8,zh_char,ROOT-529B,353.05263157894734,678.1578947368421
qwen3_4b_2560d_int8,zh_char,ROOT-52A6,-1200.25,-883.25
qwen3_4b_2560d_int8,zh_char,ROOT-52F9,208.04,644.12
qwen3_4b_2560d_int8,zh_char,ROOT-52FA,-240.94117647058823,199.8235294117647
qwen3_4b_2560d_int8,zh_char,ROOT-52FB,-58.2,-23.8
qwen3_4b_2560d_int8,zh_char,ROOT-52FF,177.22222222222223,249.22222222222223
qwen3_4b_2560d_int8,zh_char,ROOT-5303,-53.5,309.57142857142856
qwen3_4b_2560d_int8,zh_char,ROOT-5305,173.72222222222223,617.7777777777778
qwen3_4b_2560d_int8,zh_char,ROOT-530A,32.57142857142857,578.1428571428571
qwen3_4b_2560d_int8,zh_char,ROOT-530B,30.4,-419.8
qwen3_4b_2560d_int8,zh_char,ROOT-5315,-138.1315789473684,38.18421052631579
qwen3_4b_2560d_int8,zh_char,ROOT-5340,125.61111111111111,313.77777777777777
qwen3_4b_2560d_int8,zh_char,ROOT-5348,22.0,221.25
qwen3_4b_2560d_int8,zh_char,ROOT-5349,276.64285714285717,539.4285714285714
qwen3_4b_2560d_int8,zh_char,ROOT-534A,509.0,332.125
qwen3_4b_2560d_int8,zh_char,ROOT-5351,441.7142857142857,1179.8095238095239
qwen3_4b_2560d_int8,zh_char,ROOT-5352,811.4705882352941,996.8235294117648
qwen3_4b_2560d_int8,zh_char,ROOT-5353,386.27272727272725,1723.7272727272727
qwen3_4b_2560d_int8,zh_char,ROOT-535C,255.25,154.0
qwen3_4b_2560d_int8,zh_char,ROOT-5360,147.1,475.7
qwen3_4b_2560d_int8,zh_char,ROOT-5371,-69.77777777777777,751.5555555555555
qwen3_4b_2560d_int8,zh_char,ROOT-5377,469.42857142857144,736.2857142857143
qwen3_4b_2560d_int8,zh_char,ROOT-5378,698.25,1495.5
qwen3_4b_2560d_int8,zh_char,ROOT-539F,622.0,99.0
qwen3_4b_2560d_int8,zh_char,ROOT-53B6,311.57142857142856,257.0
qwen3_4b_2560d_int8,zh_char,ROOT-53B7,432.8,718.8
qwen3_4b_2560d_int8,zh_char,ROOT-53BB,-443.1666666666667,73.33333333333333
qwen3_4b_2560d_int8,zh_char,ROOT-53C3,154.3,846.0
qwen3_4b_2560d_int8,zh_char,ROOT-53C8,470.05,1053.4
qwen3_4b_2560d_int8,zh_char,ROOT-53CA,435.4166666666667,911.6666666666666
qwen3_4b_2560d_int8,zh_char,ROOT-53CD,-67.125,429.875
qwen3_4b_2560d_int8,zh_char,ROOT-53D5,462.4166666666667,705.5833333333334
qwen3_4b_2560d_int8,zh_char,ROOT-53D6,-432.1666666666667,353.3333333333333
qwen3_4b_2560d_int8,zh_char,ROOT-53DA,-34.57142857142857,173.14285714285714
qwen3_4b_2560d_int8,zh_char,ROOT-53E3,441.0,642.5
qwen3_4b_2560d_int8,zh_char,ROOT-53E4,-64.23529411764706,272.7352941176471
qwen3_4b_2560d_int8,zh_char,ROOT-53EA,-465.0,-190.4
qwen3_4b_2560d_int8,zh_char,ROOT-53F8,-309.0,188.4
qwen3_4b_2560d_int8,zh_char,ROOT-5404,75.11428571428571,182.2
qwen3_4b_2560d_int8,zh_char,ROOT-5405,201.8125,353.875
qwen3_4b_2560d_int8,zh_char,ROOT-5408,269.45454545454544,669.4848484848485
qwen3_4b_2560d_int8,zh_char,ROOT-5409,766.1052631578947,1676.0526315789473
qwen3_4b_2560d_int8,zh_char,ROOT-540C,95.11111111111111,318.44444444444446
qwen3_4b_2560d_int8,zh_char,ROOT-540D,2085.0,2004.5
qwen3_4b_2560d_int8,zh_char,ROOT-540E,-126.6,168.0
qwen3_4b_2560d_int8,zh_char,ROOT-5433,-488.5,371.5
qwen3_4b_2560d_int8,zh_char,ROOT-5442,296.2,625.0
qwen3_4b_2560d_int8,zh_char,ROOT-544A,1083.8,1454.2
qwen3_4b_2560d_int8,zh_char,ROOT-5468,-11.8,203.46666666666667
qwen3_4b_2560d_int8,zh_char,ROOT-5485,819.2857142857143,1696.857142857143
qwen3_4b_2560d_int8,zh_char,ROOT-548E,1397.2857142857142,1931.0
qwen3_4b_2560d_int8,zh_char,ROOT-54A2,-334.7142857142857,48.857142857142854
qwen3_4b_2560d_int8,zh_char,ROOT-54B8,127.57142857142857,617.5
qwen3_4b_2560d_int8,zh_char,ROOT-54E1,146.28571428571428,420.14285714285717
qwen3_4b_2560d_int8,zh_char,ROOT-55AE,765.9090909090909,1472.0
qwen3_4b_2560d_int8,zh_char,ROOT-55BF,-280.2,392.26666666666665
qwen3_4b_2560d_int8,zh_char,ROOT-55C7,-271.1666666666667,-44.666666666666664
qwen3_4b_2560d_int8,zh_char,ROOT-56D7,1135.5833333333333,1793.0833333333333
qwen3_4b_2560d_int8,zh_char,ROOT-56DB,78.5,246.0
qwen3_4b_2560d_int8,zh_char,ROOT-56DE,1826.5,1247.0
qwen3_4b_2560d_int8,zh_char,ROOT-56E0,-284.14285714285717,51.857142857142854
qwen3_4b_2560d_int8,zh_char,ROOT-56FA,281.8,903.0
qwen3_4b_2560d_int8,zh_char,ROOT-571F,-659.2,-248.2
qwen3_4b_2560d_int8,zh_char,ROOT-572D,-205.10714285714286,235.92857142857142
qwen3_4b_2560d_int8,zh_char,ROOT-57F6,-184.66666666666666,430.5
qwen3_4b_2560d_int8,zh_char,ROOT-57F7,-896.5,-388.0
qwen3_4b_2560d_int8,zh_char,ROOT-5807,29.142857142857142,232.57142857142858
qwen3_4b_2560d_int8,zh_char,ROOT-582F,602.1363636363636,998.5
qwen3_4b_2560d_int8,zh_char,ROOT-58EC,549.4444444444445,707.7777777777778
qwen3_4b_2560d_int8,zh_char,ROOT-58F4,2301.3333333333335,2516.8333333333335
qwen3_4b_2560d_int8,zh_char,ROOT-58F9,155.16666666666666,757.8333333333334
qwen3_4b_2560d_int8,zh_char,ROOT-58FD,799.4,1075.8
qwen3_4b_2560d_int8,zh_char,ROOT-590B,531.2941176470588,890.5882352941177
qwen3_4b_2560d_int8,zh_char,ROOT-590C,978.5,1232.5
qwen3_4b_2560d_int8,zh_char,ROOT-5917,585.3076923076923,566.0769230769231
qwen3_4b_2560d_int8,zh_char,ROOT-591A,-322.4,-572.9
qwen3_4b_2560d_int8,zh_char,ROOT-5927,475.5,1008.0
qwen3_4b_2560d_int8,zh_char,ROOT-5929,-332.2,-23.0
qwen3_4b_2560d_int8,zh_char,ROOT-592B,356.0,403.5
qwen3_4b_2560d_int8,zh_char,ROOT-592C,153.33333333333334,595.5
qwen3_4b_2560d_int8,zh_char,ROOT-592D,-286.6666666666667,-640.3333333333334
qwen3_4b_2560d_int8,zh_char,ROOT-592E,-42.92307692307692,-4.384615384615385
qwen3_4b_2560d_int8,zh_char,ROOT-5937,67.0,608.2
qwen3_4b_2560d_int8,zh_char,ROOT-593E,864.0833333333334,1191.3333333333333
qwen3_4b_2560d_int8,zh_char,ROOT-5944,286.85714285714283,1014.7142857142857
qwen3_4b_2560d_int8,zh_char,ROOT-5949,952.1666666666666,437.3333333333333
qwen3_4b_2560d_int8,zh_char,ROOT-5950,1834.0,2241.5
qwen3_4b_2560d_int8,zh_char,ROOT-595A,319.3333333333333,409.1111111111111
qwen3_4b_2560d_int8,zh_char,ROOT-5967,-267.4,1.8
qwen3_4b_2560d_int8,zh_char,ROOT-5973,-221.6086956521739,212.3913043478261
qwen3_4b_2560d_int8,zh_char,ROOT-599F,438.7142857142857,732.4285714285714
qwen3_4b_2560d_int8,zh_char,ROOT-59A5,-391.75,-8.25
qwen3_4b_2560d_int8,zh_char,ROOT-59BB,391.5,429.5
qwen3_4b_2560d_int8,zh_char,ROOT-59BE,-712.2,-162.4
qwen3_4b_2560d_int8,zh_char,ROOT-5A41,366.1764705882353,648.6470588235294
qwen3_4b_2560d_int8,zh_char,ROOT-5B5A,191.0,133.69230769230768
qwen3_4b_2560d_int8,zh_char,ROOT-5B81,962.3333333333334,1353.8333333333333
qwen3_4b_2560d_int8,zh_char,ROOT-5B83,-58.0,67.9
qwen3_4b_2560d_int8,zh_char,ROOT-5B89,-320.5,-828.6666666666666
qwen3_4b_2560d_int8,zh_char,ROOT-5B97,241.25,414.75
qwen3_4b_2560d_int8,zh_char,ROOT-5B98,74.0,226.6
qwen3_4b_2560d_int8,zh_char,ROOT-5B9A,-521.0,-286.0
qwen3_4b_2560d_int8,zh_char,ROOT-5BA3,2086.2,595.4
qwen3_4b_2560d_int8,zh_char,ROOT-5BB3,211.33333333333334,573.8333333333334
qwen3_4b_2560d_int8,zh_char,ROOT-5BC5,-301.3333333333333,190.66666666666666
qwen3_4b_2560d_int8,zh_char,ROOT-5BCD,387.8333333333333,426.3333333333333
qwen3_4b_2560d_int8,zh_char,ROOT-5BF8,-456.6,-583.4
qwen3_4b_2560d_int8,zh_char,ROOT-5BFD,-106.2,-51.6
qwen3_4b_2560d_int8,zh_char,ROOT-5C07,1611.0,2672.0
qwen3_4b_2560d_int8,zh_char,ROOT-5C08,240.0,403.8
qwen3_4b_2560d_int8,zh_char,ROOT-5C09,-557.2,-336.4
qwen3_4b_2560d_int8,zh_char,ROOT-5C0A,-36.44444444444444,270.22222222222223
qwen3_4b_2560d_int8,zh_char,ROOT-5C0F,268.04761904761904,147.0952380952381
qwen3_4b_2560d_int8,zh_char,ROOT-5C17,1017.1428571428571,1208.642857142857
qwen3_4b_2560d_int8,zh_char,ROOT-5C1A,442.8076923076923,706.7307692307693
qwen3_4b_2560d_int8,zh_char,ROOT-5C1E,427.57142857142856,524.1428571428571
qwen3_4b_2560d_int8,zh_char,ROOT-5C28,-213.75,-224.75
qwen3_4b_2560d_int8,zh_char,ROOT-5C39,444.7,419.0
qwen3_4b_2560d_int8,zh_char,ROOT-5C4B,733.3333333333334,1126.3333333333333
qwen3_4b_2560d_int8,zh_char,ROOT-5C6F,86.44444444444444,445.0
qwen3_4b_2560d_int8,zh_char,ROOT-5C70,585.8,738.2
qwen3_4b_2560d_int8,zh_char,ROOT-5CA1,284.8333333333333,300.8333333333333
qwen3_4b_2560d_int8,zh_char,ROOT-5DC2,-192.66666666666666,158.66666666666666
qwen3_4b_2560d_int8,zh_char,ROOT-5DDD,1632.0,1316.8
qwen3_4b_2560d_int8,zh_char,ROOT-5DE0,226.53333333333333,760.8
qwen3_4b_2560d_int8,zh_char,ROOT-5DE4,-255.0,-242.33333333333334
qwen3_4b_2560d_int8,zh_char,ROOT-5DE5,-108.10714285714286,360.2142857142857
qwen3_4b_2560d_int8,zh_char,ROOT-5DE8,-141.8,383.4
qwen3_4b_2560d_int8,zh_char,ROOT-5DF1,369.8333333333333,262.25
qwen3_4b_2560d_int8,zh_char,ROOT-5DF3,-1132.25,-62.75
qwen3_4b_2560d_int8,zh_char,ROOT-5DF4,-35.42857142857143,175.78571428571428
qwen3_4b_2560d_int8,zh_char,ROOT-5E0C,733.8888888888889,764.8888888888889
qwen3_4b_2560d_int8,zh_char,ROOT-5E1D,849.5714285714286,1487.142857142857
qwen3_4b_2560d_int8,zh_char,ROOT-5E36,579.8,1689.4
qwen3_4b_2560d_int8,zh_char,ROOT-5E72,-70.78571428571429,545.3571428571429
qwen3_4b_2560d_int8,zh_char,ROOT-5E73,2218.5555555555557,1093.6666666666667
qwen3_4b_2560d_int8,zh_char,ROOT-5E7A,361.2857142857143,511.7142857142857
qwen3_4b_2560d_int8,zh_char,ROOT-5E9A,327.0,-240.5
qwen3_4b_2560d_int8,zh_char,ROOT-5EB6,-162.75,71.375
qwen3_4b_2560d_int8,zh_char,ROOT-5EFA,370.6666666666667,601.0
qwen3_4b_2560d_int8,zh_char,ROOT-5F0B,-160.875,76.25
qwen3_4b_2560d_int8,zh_char,ROOT-5F15,-286.4,-149.2
qwen3_4b_2560d_int8,zh_char,ROOT-5F17,296.7857142857143,464.2857142857143
qwen3_4b_2560d_int8,zh_char,ROOT-5F1F,-198.45454545454547,-101.45454545454545
qwen3_4b_2560d_int8,zh_char,ROOT-5F31,606.5,1102.0
qwen3_4b_2560d_int8,zh_char,ROOT-5F54,18.0,243.125
qwen3_4b_2560d_int8,zh_char,ROOT-5F56,-254.5,47.375
qwen3_4b_2560d_int8,zh_char,ROOT-5F57,442.2,1430.0
qwen3_4b_2560d_int8,zh_char,ROOT-5F9E,108.42857142857143,653.8571428571429
qwen3_4b_2560d_int8,zh_char,ROOT-5FC5,691.7333333333333,1024.5333333333333
qwen3_4b_2560d_int8,zh_char,ROOT-601D,-296.2,71.0
qwen3_4b_2560d_int8,zh_char,ROOT-60A4,-99.2,60.0
qwen3_4b_2560d_int8,zh_char,ROOT-610F,1371.6,699.6
qwen3_4b_2560d_int8,zh_char,ROOT-620D,282.625,162.25
qwen3_4b_2560d_int8,zh_char,ROOT-6211,224.88888888888889,137.22222222222223
qwen3_4b_2560d_int8,zh_char,ROOT-6212,-919.0,-583.75
qwen3_4b_2560d_int8,zh_char,ROOT-6214,409.5,683.9375
qwen3_4b_2560d_int8,zh_char,ROOT-6216,-250.53846153846155,-97.61538461538461
qwen3_4b_2560d_int8,zh_char,ROOT-6236,435.0,424.1666666666667
qwen3_4b_2560d_int8,zh_char,ROOT-6241,233.71428571428572,240.42857142857142
qwen3_4b_2560d_int8,zh_char,ROOT-624B,-298.8666666666667,241.26666666666668
qwen3_4b_2560d_int8,zh_char,ROOT-624D,314.2,27.0
qwen3_4b_2560d_int8,zh_char,ROOT-652F,134.8,333.8
qwen3_4b_2560d_int8,zh_char,ROOT-6538,459.1333333333333,638.0666666666667
qwen3_4b_2560d_int8,zh_char,ROOT-6544,-269.4166666666667,87.33333333333333
qwen3_4b_2560d_int8,zh_char,ROOT-6556,544.25,670.25
qwen3_4b_2560d_int8,zh_char,ROOT-656B,462.8888888888889,553.3333333333334
qwen3_4b_2560d_int8,zh_char,ROOT-6587,645.5,803.8
qwen3_4b_2560d_int8,zh_char,ROOT-65A4,188.4090909090909,741.0909090909091
qwen3_4b_2560d_int8,zh_char,ROOT-65AC,798.1111111111111,1360.6666666666667
qwen3_4b_2560d_int8,zh_char,ROOT-65B9,414.05263157894734,578.2631578947369
qwen3_4b_2560d_int8,zh_char,ROOT-65C1,1895.8,1363.0
qwen3_4b_2560d_int8,zh_char,ROOT-65CF,932.0,367.0
qwen3_4b_2560d_int8,zh_char,ROOT-65E6,307.7391304347826,817.0434782608696
qwen3_4b_2560d_int8,zh_char,ROOT-65E8,270.54545454545456,339.09090909090907
qwen3_4b_2560d_int8,zh_char,ROOT-65EC,617.1538461538462,859.3846153846154
qwen3_4b_2560d_int8,zh_char,ROOT-6606,-443.1111111111111,-115.22222222222223
qwen3_4b_2560d_int8,zh_char,ROOT-660C,1002.3333333333334,586.8333333333334
qwen3_4b_2560d_int8,zh_char,ROOT-660F,-1812.5,152.0
qwen3_4b_2560d_int8,zh_char,ROOT-6613,-20.0,80.0
qwen3_4b_2560d_int8,zh_char,ROOT-6614,-633.0,141.75
qwen3_4b_2560d_int8,zh_char,ROOT-661C,520.5238095238095,1204.4761904761904
qwen3_4b_2560d_int8,zh_char,ROOT-661F,229.5,681.25
qwen3_4b_2560d_int8,zh_char,ROOT-662F,87.94444444444444,783.9444444444445
qwen3_4b_2560d_int8,zh_char,ROOT-66FC,274.6923076923077,396.3076923076923
qwen3_4b_2560d_int8,zh_char,ROOT-66FE,74.88888888888889,-33.333333333333336
qwen3_4b_2560d_int8,zh_char,ROOT-6701,433.14285714285717,1352.5714285714287
qwen3_4b_2560d_int8,zh_char,ROOT-6703,267.1666666666667,713.4166666666666
qwen3_4b_2560d_int8,zh_char,ROOT-670B,197.0909090909091,719.3636363636364
qwen3_4b_2560d_int8,zh_char,ROOT-672A,449.7142857142857,299.7142857142857
qwen3_4b_2560d_int8,zh_char,ROOT-672B,372.0,557.3333333333334
qwen3_4b_2560d_int8,zh_char,ROOT-672E,-105.8,754.4
qwen3_4b_2560d_int8,zh_char,ROOT-6731,-252.58333333333334,241.5
qwen3_4b_2560d_int8,zh_char,ROOT-675F,-136.0,226.11111111111111
qwen3_4b_2560d_int8,zh_char,ROOT-6771,285.1666666666667,276.5
qwen3_4b_2560d_int8,zh_char,ROOT-6797,694.5555555555555,917.5555555555555
qwen3_4b_2560d_int8,zh_char,ROOT-679C,16.416666666666668,21.083333333333332
qwen3_4b_2560d_int8,zh_char,ROOT-67BC,496.5833333333333,1153.75
qwen3_4b_2560d_int8,zh_char,ROOT-67D0,-672.0,321.2
qwen3_4b_2560d_int8,zh_char,ROOT-67EC,516.8461538461538,560.2692307692307
qwen3_4b_2560d_int8,zh_char,ROOT-6A02,295.6363636363636,186.45454545454547
qwen3_4b_2560d_int8,zh_char,ROOT-6B2E,545.2222222222222,1687.6666666666667
qwen3_4b_2560d_int8,zh_char,ROOT-6B62,-1020.25,328.5
qwen3_4b_2560d_int8,zh_char,ROOT-6B63,-1730.25,-2021.75
qwen3_4b_2560d_int8,zh_char,ROOT-6BB5,552.0,575.0
qwen3_4b_2560d_int8,zh_char,ROOT-6BB8,-608.6,222.6
qwen3_4b_2560d_int8,zh_char,ROOT-6BB9,-436.3333333333333,-221.16666666666666
qwen3_4b_2560d_int8,zh_char,ROOT-6BCE,842.0,235.25
qwen3_4b_2560d_int8,zh_char,ROOT-6BD4,871.4166666666666,1418.5
qwen3_4b_2560d_int8,zh_char,ROOT-6BDA,900.25,1866.0
qwen3_4b_2560d_int8,zh_char,ROOT-6BDB,952.8333333333334,1061.0
qwen3_4b_2560d_int8,zh_char,ROOT-6C0F,-484.22222222222223,135.77777777777777
qwen3_4b_2560d_int8,zh_char,ROOT-6C10,612.3125,1052.9375
qwen3_4b_2560d_int8,zh_char,ROOT-6C11,-835.8,-93.6
qwen3_4b_2560d_int8,zh_char,ROOT-6C14,-313.3333333333333,-443.3333333333333
qwen3_4b_2560d_int8,zh_char,ROOT-6C42,33.0,42.3
qwen3_4b_2560d_int8,zh_char,ROOT-6C93,1332.0,2559.5
qwen3_4b_2560d_int8,zh_char,ROOT-6C99,1027.25,1465.25
qwen3_4b_2560d_int8,zh_char,ROOT-708E,64.0625,597.625
qwen3_4b_2560d_int8,zh_char,ROOT-7097,353.46666666666664,335.93333333333334
qwen3_4b_2560d_int8,zh_char,ROOT-7121,367.0,904.0
qwen3_4b_2560d_int8,zh_char,ROOT-7126,87.88888888888889,48.111111111111114
qwen3_4b_2560d_int8,zh_char,ROOT-718F,987.0,1444.4
qwen3_4b_2560d_int8,zh_char,ROOT-71D5,1348.4,1489.2
qwen3_4b_2560d_int8,zh_char,ROOT-722D,308.85714285714283,547.8571428571429
qwen3_4b_2560d_int8,zh_char,ROOT-7230,104.27272727272727,672.4545454545455
qwen3_4b_2560d_int8,zh_char,ROOT-7235,832.25,1064.5
qwen3_4b_2560d_int8,zh_char,ROOT-7236,-17.11764705882353,750.6470588235294
qwen3_4b_2560d_int8,zh_char,ROOT-723B,1495.75,1443.5
qwen3_4b_2560d_int8,zh_char,ROOT-723E,1997.5,3694.0
qwen3_4b_2560d_int8,zh_char,ROOT-723F,242.6153846153846,535.1538461538462
qwen3_4b_2560d_int8,zh_char,ROOT-7259,373.8333333333333,93.66666666666667
qwen3_4b_2560d_int8,zh_char,ROOT-72AE,277.7692307692308,306.0769230769231
qwen3_4b_2560d_int8,zh_char,ROOT-7312,-353.4,-303.2
qwen3_4b_2560d_int8,zh_char,ROOT-7384,462.6666666666667,531.3333333333334
qwen3_4b_2560d_int8,zh_char,ROOT-74DC,36.1,-45.8
qwen3_4b_2560d_int8,zh_char,ROOT-7518,292.6,539.5
qwen3_4b_2560d_int8,zh_char,ROOT-751A,340.2307692307692,884.7692307692307
qwen3_4b_2560d_int8,zh_char,ROOT-751F,-804.1428571428571,-114.85714285714286
qwen3_4b_2560d_int8,zh_char,ROOT-7528,404.9375,620.25
qwen3_4b_2560d_int8,zh_char,ROOT-752B,265.57575757575756,494.6363636363636
qwen3_4b_2560d_int8,zh_char,ROOT-7531,-272.375,-63.4375
qwen3_4b_2560d_int8,zh_char,ROOT-7532,737.5,522.5
qwen3_4b_2560d_int8,zh_char,ROOT-7533,-544.2,-118.6
qwen3_4b_2560d_int8,zh_char,ROOT-7539,-296.6,-2.6
qwen3_4b_2560d_int8,zh_char,ROOT-754F,-1222.0,-509.0
qwen3_4b_2560d_int8,zh_char,ROOT-7550,10.88888888888889,-79.33333333333333
qwen3_4b_2560d_int8,zh_char,ROOT-7562,722.8,1432.0
qwen3_4b_2560d_int8,zh_char,ROOT-757A,-125.75,-155.5
qwen3_4b_2560d_int8,zh_char,ROOT-757E,370.2857142857143,653.8571428571429
qwen3_4b_2560d_int8,zh_char,ROOT-758B,-465.9,201.2
qwen3_4b_2560d_int8,zh_char,ROOT-758C,670.0,1375.888888888889
qwen3_4b_2560d_int8,zh_char,ROOT-7591,1584.3333333333333,2778.1666666666665
qwen3_4b_2560d_int8,zh_char,ROOT-7678,440.75,1306.75
qwen3_4b_2560d_int8,zh_char,ROOT-767D,748.6666666666666,509.06666666666666
qwen3_4b_2560d_int8,zh_char,ROOT-7686,1422.125,982.5
qwen3_4b_2560d_int8,zh_char,ROOT-7687,477.1666666666667,450.6666666666667
qwen3_4b_2560d_int8,zh_char,ROOT-76AE,580.6111111111111,473.3888888888889
qwen3_4b_2560d_int8,zh_char,ROOT-76CA,-24.142857142857142,68.57142857142857
qwen3_4b_2560d_int8,zh_char,ROOT-76E1,750.0,1696.25
qwen3_4b_2560d_int8,zh_char,ROOT-76E3,587.5,388.0
qwen3_4b_2560d_int8,zh_char,ROOT-76F4,1079.2,709.2
qwen3_4b_2560d_int8,zh_char,ROOT-76F8,-495.8333333333333,-168.66666666666666
qwen3_4b_2560d_int8,zh_char,ROOT-7714,241.5,251.5
qwen3_4b_2560d_int8,zh_char,ROOT-771E,1287.6666666666667,239.0
qwen3_4b_2560d_int8,zh_char,ROOT-7758,-578.75,-93.0
qwen3_4b_2560d_int8,zh_char,ROOT-776A,95.85714285714286,367.0
qwen3_4b_2560d_int8,zh_char,ROOT-77DB,1453.1666666666667,1448.5833333333333
qwen3_4b_2560d_int8,zh_char,ROOT-77DE,202.7,433.8
qwen3_4b_2560d_int8,zh_char,ROOT-77E2,676.8333333333334,82.5
qwen3_4b_2560d_int8,zh_char,ROOT-77F3,1401.25,1485.75
qwen3_4b_2560d_int8,zh_char,ROOT-793A,-676.75,-551.25
qwen3_4b_2560d_int8,zh_char,ROOT-79B9,122.2,203.8
qwen3_4b_2560d_int8,zh_char,ROOT-79BA,29.727272727272727,229.8181818181818
qwen3_4b_2560d_int8,zh_char,ROOT-79BB,391.6666666666667,617.6666666666666
qwen3_4b_2560d_int8,zh_char,ROOT-79BE,-165.5,33.714285714285715
qwen3_4b_2560d_int8,zh_char,ROOT-79CB,13.142857142857142,300.14285714285717
qwen3_4b_2560d_int8,zh_char,ROOT-79DD,3293.25,2627.75
qwen3_4b_2560d_int8,zh_char,ROOT-79E6,209.8,515.8
qwen3_4b_2560d_int8,zh_char,ROOT-7ACB,-79.75,62.875
qwen3_4b_2560d_int8,zh_char,ROOT-7AE0,51.0,42.0
qwen3_4b_2560d_int8,zh_char,ROOT-7AE5,207.3846153846154,346.38461538461536
qwen3_4b_2560d_int8,zh_char,ROOT-7C73,652.0,200.75
qwen3_4b_2560d_int8,zh_char,ROOT-7F8A,193.0,74.5
qwen3_4b_2560d_int8,zh_char,ROOT-7FA9,-350.09090909090907,541.3636363636364
qwen3_4b_2560d_int8,zh_char,ROOT-7FCF,639.7222222222222,1045.2777777777778
qwen3_4b_2560d_int8,zh_char,ROOT-7FD2,136.0,340.875
qwen3_4b_2560d_int8,zh_char,ROOT-7FDF,-235.1818181818182,246.72727272727272
qwen3_4b_2560d_int8,zh_char,ROOT-800C,846.5555555555555,1426.7777777777778
qwen3_4b_2560d_int8,zh_char,ROOT-8011,-515.6,-581.3
qwen3_4b_2560d_int8,zh_char,ROOT-8033,222.88888888888889,471.6111111111111
qwen3_4b_2560d_int8,zh_char,ROOT-8076,-829.8571428571429,-255.0
qwen3_4b_2560d_int8,zh_char,ROOT-807F,105.63636363636364,49.63636363636363
qwen3_4b_2560d_int8,zh_char,ROOT-8099,-251.25,-188.08333333333334
qwen3_4b_2560d_int8,zh_char,ROOT-81E4,-260.0,374.125
qwen3_4b_2560d_int8,zh_char,ROOT-81EA,-283.75,989.25
qwen3_4b_2560d_int8,zh_char,ROOT-81F3,56.333333333333336,420.93333333333334
qwen3_4b_2560d_int8,zh_char,ROOT-81FD,296.6923076923077,868.2307692307693
qwen3_4b_2560d_int8,zh_char,ROOT-81FE,123.2,503.8
qwen3_4b_2560d_int8,zh_char,ROOT-8200,142.33333333333334,126.83333333333333
qwen3_4b_2560d_int8,zh_char,ROOT-8201,167.875,193.0
qwen3_4b_2560d_int8,zh_char,ROOT-822C,-61.833333333333336,92.16666666666667
qwen3_4b_2560d_int8,zh_char,ROOT-826F,195.75,269.25
qwen3_4b_2560d_int8,zh_char,ROOT-82BB,-302.77777777777777,192.66666666666666
qwen3_4b_2560d_int8,zh_char,ROOT-82E5,188.16666666666666,655.8333333333334
qwen3_4b_2560d_int8,zh_char,ROOT-830D,3095.2,1575.6
qwen3_4b_2560d_int8,zh_char,ROOT-83AB,650.4444444444445,742.3333333333334
qwen3_4b_2560d_int8,zh_char,ROOT-83D0,-375.55555555555554,181.22222222222223
qwen3_4b_2560d_int8,zh_char,ROOT-842C,583.8571428571429,711.5714285714286
qwen3_4b_2560d_int8,zh_char,ROOT-8499,657.5714285714286,1163.142857142857
qwen3_4b_2560d_int8,zh_char,ROOT-84A6,1097.7777777777778,1514.0
qwen3_4b_2560d_int8,zh_char,ROOT-8511,697.6666666666666,982.5
qwen3_4b_2560d_int8,zh_char,ROOT-86A4,363.5,845.75
qwen3_4b_2560d_int8,zh_char,ROOT-8700,259.92857142857144,607.5
qwen3_4b_2560d_int8,zh_char,ROOT-8881,-40.0,-960.0
qwen3_4b_2560d_int8,zh_char,ROOT-8944,1158.9166666666667,1025.1666666666667
qwen3_4b_2560d_int8,zh_char,ROOT-898B,232.9,686.9
qwen3_4b_2560d_int8,zh_char,ROOT-89D2,113.8,267.2
qwen3_4b_2560d_int8,zh_char,ROOT-89E3,733.5,635.25
qwen3_4b_2560d_int8,zh_char,ROOT-8A79,190.75,679.8333333333334
qwen3_4b_2560d_int8,zh_char,ROOT-8C37,-15.764705882352942,258.88235294117646
qwen3_4b_2560d_int8,zh_char,ROOT-8C46,-453.1333333333333,-127.73333333333333
qwen3_4b_2560d_int8,zh_char,ROOT-8C48,455.3333333333333,573.0833333333334
qwen3_4b_2560d_int8,zh_char,ROOT-8C56,330.75,578.5
qwen3_4b_2560d_int8,zh_char,ROOT-8C61,-2102.25,-1231.0
qwen3_4b_2560d_int8,zh_char,ROOT-8C66,1604.75,1658.625
qwen3_4b_2560d_int8,zh_char,ROOT-8C9E,-605.3333333333334,413.8333333333333
qwen3_4b_2560d_int8,zh_char,ROOT-8CAC,688.7142857142857,483.7142857142857
qwen3_4b_2560d_int8,zh_char,ROOT-8CB4,55.25,606.75
qwen3_4b_2560d_int8,zh_char,ROOT-8CCF,-28.125,123.125
qwen3_4b_2560d_int8,zh_char,ROOT-8D0A,418.2857142857143,1412.7142857142858
qwen3_4b_2560d_int8,zh_char,ROOT-8DB3,-340.5,35.75
qwen3_4b_2560d_int8,zh_char,ROOT-8ECD,570.9473684210526,1055.2105263157894
qwen3_4b_2560d_int8,zh_char,ROOT-8F9B,396.0,897.8
qwen3_4b_2560d_int8,zh_char,ROOT-8F9F,112.44444444444444,550.6111111111111
qwen3_4b_2560d_int8,zh_char,ROOT-8FA1,1212.6,660.4
qwen3_4b_2560d_int8,zh_char,ROOT-8FB0,173.42857142857142,723.0714285714286
qwen3_4b_2560d_int8,zh_char,ROOT-8FB1,563.1666666666666,730.0
qwen3_4b_2560d_int8,zh_char,ROOT-9023,-52.0,145.16666666666666
qwen3_4b_2560d_int8,zh_char,ROOT-9091,1439.25,1074.0
qwen3_4b_2560d_int8,zh_char,ROOT-9109,44.833333333333336,934.8333333333334
qwen3_4b_2560d_int8,zh_char,ROOT-914B,361.6666666666667,871.6666666666666
qwen3_4b_2560d_int8,zh_char,ROOT-91C6,684.7,1225.95
qwen3_4b_2560d_int8,zh_char,ROOT-91CC,239.0,-119.72727272727273
qwen3_4b_2560d_int8,zh_char,ROOT-9577,1356.0,1344.7
qwen3_4b_2560d_int8,zh_char,ROOT-9580,112.57142857142857,72.28571428571429
qwen3_4b_2560d_int8,zh_char,ROOT-96B6,1615.75,2759.75
qwen3_4b_2560d_int8,zh_char,ROOT-96B9,471.2758620689655,661.3793103448276
qwen3_4b_2560d_int8,zh_char,ROOT-96BA,540.4,861.8
qwen3_4b_2560d_int8,zh_char,ROOT-96BB,-576.1666666666666,-179.66666666666666
qwen3_4b_2560d_int8,zh_char,ROOT-96E3,1241.25,2152.25
qwen3_4b_2560d_int8,zh_char,ROOT-9700,381.72727272727275,317.45454545454544
qwen3_4b_2560d_int8,zh_char,ROOT-9752,516.7058823529412,601.6470588235294
qwen3_4b_2560d_int8,zh_char,ROOT-975E,546.7083333333334,948.9166666666666
qwen3_4b_2560d_int8,zh_char,ROOT-9762,705.25,1828.25
qwen3_4b_2560d_int8,zh_char,ROOT-99AC,757.2,296.4
qwen3_4b_2560d_int8,zh_char,ROOT-9AD8,-82.6969696969697,172.45454545454547
qwen3_4b_2560d_int8,zh_char,ROOT-9B32,-258.2,18.4
qwen3_4b_2560d_int8,zh_char,ROOT-9B3C,-190.15384615384616,320.15384615384613
qwen3_4b_2560d_int8,zh_char,ROOT-9B5A,1055.75,1996.0
qwen3_4b_2560d_int8,zh_char,ROOT-9E7F,43.5,162.0
qwen3_4b_2560d_int8,zh_char,ROOT-9E83,-713.8,-358.8
qwen3_4b_2560d_int8,zh_char,ROOT-9E97,267.3333333333333,806.0
qwen3_4b_2560d_int8,zh_char,ROOT-9F4A,1373.7272727272727,3083.181818181818
qwen3_4b_2560d_int8,zh_char,ROOT-9F8D,1017.5,930.0833333333334
qwen3_4b_2560d_int8,zh_char,ROOT-9FA0,414.0,1840.8
