edge_row,derived_character,p_anchor,s_component_canonical,s_independent_character,conditions,conditions_improved,top1_rescues,top1_losses,mean_rank_change
EDGE-03418,萹,扁,艹,艸,8,7,4,0,1143.125
EDGE-05339,覽,監,見,見,16,11,3,0,-6.5
EDGE-05313,耋,至,老,老,16,11,3,0,-325.6875
EDGE-00842,衁,亡,血,血,8,7,3,0,408.0
EDGE-00634,翎,令,羽,羽,16,7,3,0,-1.1875
EDGE-04409,髮,犮,髟,髟,16,4,3,0,-382.0
EDGE-01860,骼,各,骨,骨,16,4,3,0,-595.1875
EDGE-05000,黯,音,黑,黑,16,14,2,0,-299.4375
EDGE-00977,歉,兼,欠,欠,16,13,2,1,-168.4375
EDGE-00633,羚,令,羊,羊,16,11,2,0,-72.4375
EDGE-01089,鳳,凡,鳥,鳥,16,10,2,0,-120.375
EDGE-03873,瞳,童,目,目,16,9,2,0,-604.9375
EDGE-01094,弸,朋,弓,弓,8,8,2,0,634.75
EDGE-04580,閘,甲,門,門,16,8,2,0,-297.0625
EDGE-01329,暉,軍,日,日,16,7,2,0,151.0
EDGE-00466,皎,交,白,白,16,7,2,0,107.5625
EDGE-01818,舸,可,舟,舟,16,7,2,0,-325.75
EDGE-00720,獫,僉,犭,犬,8,6,2,0,254.25
EDGE-01725,豭,叚,豕,豕,8,6,2,0,22.5
EDGE-01555,鼬,由,鼠,鼠,16,5,2,0,-366.8125
EDGE-01545,笛,由,竹,竹,16,4,2,0,-436.8125
EDGE-04356,壤,襄,土,土,16,4,2,0,-709.1875
EDGE-02915,缸,工,缶,缶,16,3,2,1,-697.1875
EDGE-00930,哄,共,口,口,16,16,1,0,360.6875
EDGE-02556,褸,婁,衤,衣,16,16,1,0,162.1875
EDGE-05585,矚,屬,目,目,16,16,1,0,53.8125
EDGE-00113,齟,且,齒,齒,16,15,1,0,312.4375
EDGE-01512,颭,占,風,風,16,15,1,0,278.0625
EDGE-00635,聆,令,耳,耳,16,15,1,0,188.4375
EDGE-01598,麰,牟,麥,麥,16,15,1,0,102.75
EDGE-04306,簸,皮,箕,箕,16,15,1,0,66.4375
EDGE-04695,偕,皆,亻,人,16,14,1,0,862.1875
EDGE-01614,閎,厷,門,門,16,14,1,0,682.5
EDGE-01471,睥,卑,目,目,16,14,1,0,290.75
EDGE-00301,紮,札,糸,糸,16,13,1,0,755.6875
EDGE-01796,崎,奇,山,山,16,13,1,0,86.4375
EDGE-00790,鬩,兒,鬥,鬥,16,13,1,0,-29.5625
EDGE-06014,孺,需,子,子,16,12,1,0,186.8125
EDGE-04565,餔,甫,飠,食,16,12,1,0,147.5625
EDGE-01503,砧,占,石,石,16,12,1,0,131.0
EDGE-00512,驂,參,馬,馬,16,12,1,0,39.0
EDGE-05566,鱸,盧,魚,魚,16,12,1,0,-201.8125
EDGE-00614,昨,乍,日,日,16,12,1,0,-624.5
EDGE-03636,筍,旬,竹,竹,16,11,1,0,15.8125
EDGE-01246,抱,包,扌,手,16,11,1,0,-847.875
EDGE-02126,韙,韋,是,是,16,10,1,0,313.1875
EDGE-05933,們,門,亻,人,16,10,1,0,-175.125
EDGE-05787,譬,辟,言,言,16,10,1,0,-615.125
EDGE-05674,巒,䜌,山,山,16,9,1,0,120.75
EDGE-01161,紉,刃,糸,糸,16,9,1,0,112.125
EDGE-04688,舶,白,舟,舟,16,9,1,0,48.6875
EDGE-04488,睛,青,目,目,16,9,1,0,24.125
EDGE-03556,舫,方,舟,舟,16,9,1,0,-6.9375
EDGE-04875,斫,石,斤,斤,16,9,1,0,-27.25
EDGE-04046,磬,殸,石,石,16,9,1,0,-188.875
EDGE-00576,黔,今,黑,黑,16,9,1,0,-255.9375
EDGE-01530,覜,兆,見,見,8,8,1,0,803.375
EDGE-02362,琬,宛,王,玉,16,8,1,0,426.6875
EDGE-01123,柮,出,木,木,8,8,1,0,222.625
EDGE-03730,筤,良,竹,竹,8,8,1,0,212.125
EDGE-05513,蠓,蒙,虫,虫,8,8,1,0,182.625
EDGE-00588,仳,比,亻,人,16,8,1,0,86.0625
EDGE-02368,豌,宛,豆,豆,16,8,1,0,51.4375
EDGE-02351,綾,夌,糸,糸,16,8,1,0,-26.0625
EDGE-00016,盛,成,皿,皿,16,8,1,0,-91.875
EDGE-02629,琮,宗,王,玉,16,8,1,0,-297.25
EDGE-00483,孩,亥,子,子,16,8,1,0,-433.8125
EDGE-06163,驪,麗,馬,馬,8,7,1,0,550.0
EDGE-00759,侁,先,亻,人,8,7,1,0,463.75
EDGE-01135,弨,召,弓,弓,8,7,1,0,446.0
EDGE-00793,齯,兒,齒,齒,8,7,1,0,432.0
EDGE-04915,齵,禺,齒,齒,8,7,1,0,361.375
EDGE-00261,鷈,虒,鳥,鳥,8,7,1,0,299.875
EDGE-05140,燿,翟,火,火,8,7,1,0,286.125
EDGE-04421,魘,厭,鬼,鬼,8,7,1,0,190.625
EDGE-04111,羝,氐,羊,羊,8,7,1,0,155.0
EDGE-05073,翔,羊,羽,羽,16,7,1,0,-326.8125
EDGE-02874,緇,甾,糸,糸,16,7,1,0,-788.625
EDGE-02137,洄,回,氵,水,8,6,1,0,1622.125
EDGE-05132,鏐,翏,釒,金,8,6,1,0,520.5
EDGE-04408,韍,犮,韋,韋,8,6,1,0,473.875
EDGE-04840,繘,矞,糸,糸,8,6,1,0,406.125
EDGE-02778,鐶,睘,釒,金,8,6,1,0,333.125
EDGE-04766,稙,直,禾,禾,8,6,1,0,300.5
EDGE-02479,鼷,奚,鼠,鼠,8,6,1,0,152.5
EDGE-01917,姞,吉,女,女,8,6,1,0,39.75
EDGE-04472,黮,甚,黑,黑,8,6,1,0,-48.875
EDGE-01931,髻,吉,髟,髟,16,6,1,2,-68.125
EDGE-01356,耆,旨,老,老,16,6,1,0,-398.5
EDGE-01075,肌,几,肉,肉,16,6,1,0,-601.375
EDGE-05650,槲,斛,木,木,8,6,1,0,-663.375
EDGE-04082,耄,毛,老,老,16,6,1,0,-706.75
EDGE-03608,檀,亶,木,木,16,6,1,0,-759.1875
EDGE-05643,覡,見,巫,巫,8,5,1,0,407.625
EDGE-03036,耜,㠯,耒,耒,16,5,1,0,71.625
EDGE-03758,矰,曾,矢,矢,8,5,1,0,-28.25
EDGE-02767,握,屋,扌,手,16,5,1,0,-143.4375
EDGE-01540,岫,由,山,山,16,5,1,0,-221.8125
EDGE-03759,繒,曾,糸,糸,16,5,1,0,-255.6875
EDGE-03003,說,兌,言,言,16,5,1,0,-368.6875
EDGE-04097,舐,氏,舌,舌,16,5,1,0,-393.5625
EDGE-03145,黝,幼,黑,黑,16,5,1,1,-395.875
EDGE-05344,鹽,監,鹵,鹵,16,5,1,0,-590.125
EDGE-00179,蜂,夆,虫,虫,16,5,1,0,-637.0625
EDGE-02577,孵,孚,卵,卵,16,5,1,0,-698.125
EDGE-04997,窨,音,穴,穴,8,5,1,0,-846.75
EDGE-04442,弧,瓜,弓,弓,16,5,1,1,-907.4375
EDGE-00412,語,吾,言,言,16,4,1,0,3.25
EDGE-06131,瑰,鬼,王,玉,16,4,1,0,-324.875
EDGE-03586,豬,者,豕,豕,16,4,1,0,-544.8125
EDGE-01078,麂,几,鹿,鹿,16,4,1,0,-579.5
EDGE-05137,曜,翟,日,日,16,4,1,0,-745.125
EDGE-03695,匙,是,匕,匕,16,4,1,0,-786.5
EDGE-01432,軀,區,身,身,16,4,1,0,-799.0625
EDGE-03506,皙,析,白,白,16,3,1,0,19.3125
EDGE-05844,嚮,鄉,向,向,8,3,1,0,-673.375
EDGE-01942,銅,同,釒,金,16,3,1,0,-853.0
EDGE-03447,鼒,才,鼎,鼎,8,3,1,0,-871.5
EDGE-00494,骸,亥,骨,骨,16,3,1,1,-1390.8125
EDGE-00804,蚋,內,虫,虫,16,3,1,0,-1693.5
EDGE-05371,與,舁,与,与,8,2,1,0,0.25
EDGE-03108,稈,旱,禾,禾,16,2,1,1,-297.0
EDGE-00709,劍,僉,刂,刀,16,1,1,0,-88.375
EDGE-02219,卦,圭,卜,卜,16,1,1,0,-438.9375
EDGE-05468,儆,敬,亻,人,16,16,0,0,3267.9375
EDGE-04724,禧,喜,礻,示,16,16,0,0,2989.3125
EDGE-04722,僖,喜,亻,人,16,16,0,0,2899.75
EDGE-01312,忽,勿,心,心,16,16,0,0,2124.5
EDGE-00079,羞,丑,羊,羊,16,16,0,0,2064.1875
EDGE-01128,黜,出,黑,黑,16,16,0,0,1997.6875
EDGE-00063,儐,賓,亻,人,16,16,0,0,1900.5625
EDGE-05192,戢,咠,戈,戈,16,16,0,0,1896.125
EDGE-05472,驚,敬,馬,馬,16,16,0,0,1872.0
EDGE-03494,閔,文,門,門,16,16,0,0,1840.1875
EDGE-02350,稜,夌,禾,禾,16,16,0,0,1817.25
EDGE-03500,忻,斤,忄,心,16,16,0,0,1815.5
EDGE-00612,怍,乍,忄,心,16,16,0,0,1685.4375
EDGE-02822,恃,寺,忄,心,16,16,0,0,1667.125
EDGE-04343,欷,希,欠,欠,16,16,0,0,1666.1875
EDGE-01642,堅,臤,土,土,16,16,0,0,1663.0625
EDGE-00130,抨,平,扌,手,16,16,0,0,1660.625
EDGE-05926,漲,張,氵,水,16,16,0,0,1658.25
EDGE-04058,侮,毎,亻,人,16,16,0,0,1645.875
EDGE-03427,佚,失,亻,人,16,16,0,0,1628.5625
EDGE-04865,知,矢,口,口,16,16,0,0,1620.3125
EDGE-00294,鎚,追,釒,金,16,16,0,0,1614.4375
EDGE-05619,猝,卒,犭,犬,16,16,0,0,1613.625
EDGE-03071,蹩,敝,足,足,16,16,0,0,1596.8125
EDGE-04866,智,知,日,日,16,16,0,0,1544.5625
EDGE-03495,憫,閔,忄,心,16,16,0,0,1542.25
EDGE-02451,狹,夾,犭,犬,16,16,0,0,1503.5625
EDGE-05900,捲,卷,扌,手,16,16,0,0,1486.4375
EDGE-03762,僭,朁,亻,人,16,16,0,0,1479.5625
EDGE-01897,翕,合,羽,羽,16,16,0,0,1449.5625
EDGE-04451,箝,拑,竹,竹,16,16,0,0,1432.5
EDGE-03928,懶,賴,忄,心,16,16,0,0,1415.1875
EDGE-01058,耽,冘,耳,耳,16,16,0,0,1394.8125
EDGE-03508,欣,斤,欠,欠,16,16,0,0,1388.75
EDGE-00455,頏,亢,頁,頁,16,16,0,0,1333.75
EDGE-03232,悌,弟,忄,心,16,16,0,0,1301.4375
EDGE-04059,悔,毎,忄,心,16,16,0,0,1246.375
EDGE-05628,醉,卒,酉,酉,16,16,0,0,1243.1875
EDGE-00777,輓,免,車,車,16,16,0,0,1232.625
EDGE-05199,弭,耳,弓,弓,16,16,0,0,1229.375
EDGE-02469,渙,奐,氵,水,16,16,0,0,1216.3125
EDGE-03768,譖,朁,言,言,16,16,0,0,1185.6875
EDGE-01643,慳,堅,忄,心,16,16,0,0,1106.125
EDGE-04391,訝,牙,言,言,16,16,0,0,1104.25
EDGE-00409,牾,吾,牜,牛,16,16,0,0,1043.5625
EDGE-03404,扈,戶,邑,邑,16,16,0,0,1040.9375
EDGE-05136,擢,翟,扌,手,16,16,0,0,993.6875
EDGE-01181,紛,分,糸,糸,16,16,0,0,984.375
EDGE-04463,斟,甚,斗,斗,16,16,0,0,983.125
EDGE-01992,梏,告,木,木,16,16,0,0,960.0
EDGE-05902,蜷,卷,虫,虫,16,16,0,0,928.0625
EDGE-02348,棱,夌,木,木,16,16,0,0,896.9375
EDGE-03367,牋,戔,片,片,16,16,0,0,880.0
EDGE-02713,悄,肖,忄,心,16,16,0,0,875.3125
EDGE-00165,鍥,契,釒,金,16,16,0,0,875.0625
EDGE-05678,攣,䜌,手,手,16,16,0,0,858.6875
EDGE-04700,諧,皆,言,言,16,16,0,0,855.75
EDGE-03537,仿,方,亻,人,16,16,0,0,851.5625
EDGE-03390,馘,或,首,首,16,16,0,0,825.1875
EDGE-00485,欬,亥,欠,欠,16,16,0,0,792.8125
EDGE-01168,吩,分,口,口,16,16,0,0,782.375
EDGE-01515,佻,兆,亻,人,16,16,0,0,777.75
EDGE-05215,躡,聶,𧾷,足,16,16,0,0,751.4375
EDGE-05663,檐,詹,木,木,16,16,0,0,738.3125
EDGE-06083,僑,喬,亻,人,16,16,0,0,716.6875
EDGE-02119,煒,韋,火,火,16,16,0,0,613.6875
EDGE-01056,眈,冘,目,目,16,16,0,0,610.5625
EDGE-01621,尤,又,乙,乙,16,16,0,0,552.375
EDGE-01788,呵,可,口,口,16,16,0,0,549.75
EDGE-01392,齜,此,齒,齒,16,16,0,0,527.25
EDGE-05560,艫,盧,舟,舟,16,16,0,0,490.375
EDGE-04985,喑,音,口,口,16,16,0,0,407.9375
EDGE-02823,持,寺,扌,手,16,16,0,0,397.375
EDGE-03351,峨,我,山,山,16,16,0,0,388.1875
EDGE-03650,鯤,昆,魚,魚,16,16,0,0,214.625
EDGE-00170,齧,㓞,齒,齒,16,16,0,0,198.75
EDGE-01909,閤,合,門,門,16,16,0,0,187.75
EDGE-04723,嬉,喜,女,女,16,15,0,0,2367.9375
EDGE-04721,喜,壴,口,口,16,15,0,0,2277.375
EDGE-00931,恭,共,心,心,16,15,0,0,2091.125
EDGE-05112,僇,翏,亻,人,16,15,0,0,1961.375
EDGE-00074,忸,丑,忄,心,16,15,0,0,1841.4375
EDGE-00201,駐,主,馬,馬,16,15,0,0,1796.4375
EDGE-04341,唏,希,口,口,16,15,0,0,1690.25
EDGE-00335,紓,予,糸,糸,16,15,0,0,1618.4375
EDGE-05753,齪,足,齒,齒,16,15,0,0,1605.6875
EDGE-05532,懃,勤,心,心,16,15,0,0,1527.0
EDGE-03065,彆,敝,弓,弓,16,15,0,0,1505.75
EDGE-05167,愷,豈,忄,心,16,15,0,0,1431.25
EDGE-01509,貼,占,貝,貝,16,15,0,0,1430.1875
EDGE-02831,等,寺,竹,竹,16,15,0,0,1425.875
EDGE-02044,憾,感,忄,心,16,15,0,0,1334.75
EDGE-05051,剛,岡,刂,刀,16,15,0,0,1305.8125
EDGE-00181,篷,逢,竹,竹,16,15,0,0,1304.25
EDGE-04458,鉗,甘,釒,金,16,15,0,0,1293.625
EDGE-03490,紊,文,糸,糸,16,15,0,0,1288.75
EDGE-00810,愒,曷,忄,心,16,15,0,0,1239.125
EDGE-05491,慕,莫,㣺,心,16,15,0,0,1204.0625
EDGE-03882,婪,林,女,女,16,15,0,0,1203.125
EDGE-00333,抒,予,扌,手,16,15,0,0,1198.3125
EDGE-01649,賢,臤,貝,貝,16,15,0,0,1196.875
EDGE-03406,雇,戶,隹,隹,16,15,0,0,1189.1875
EDGE-05196,緝,咠,糸,糸,16,15,0,0,1165.75
EDGE-03753,噌,曾,口,口,16,15,0,0,1157.0625
EDGE-05493,摹,莫,手,手,16,15,0,0,1146.5625
EDGE-04461,堪,甚,土,土,16,15,0,0,1126.9375
EDGE-03140,呦,幼,口,口,16,15,0,0,1126.875
EDGE-03024,紿,台,糸,糸,16,15,0,0,1096.1875
EDGE-04711,磴,登,石,石,16,15,0,0,1093.375
EDGE-00727,驗,僉,馬,馬,16,15,0,0,1074.75
EDGE-02821,待,寺,彳,彳,16,15,0,0,1072.5625
EDGE-02287,饒,堯,飠,食,16,15,0,0,1061.6875
EDGE-05959,雖,唯,虫,虫,16,15,0,0,1054.3125
EDGE-05930,脹,長,肉,肉,16,15,0,0,1046.3125
EDGE-01619,佑,右,亻,人,16,15,0,0,1034.8125
EDGE-02266,僥,堯,亻,人,16,15,0,0,1026.25
EDGE-05294,徨,皇,彳,彳,16,15,0,0,1008.75
EDGE-00292,槌,追,木,木,16,15,0,0,994.5
EDGE-00976,慊,兼,忄,心,16,15,0,0,987.0625
EDGE-00152,赳,丩,走,走,16,15,0,0,981.5
EDGE-04476,惺,星,忄,心,16,15,0,0,978.625
EDGE-03449,伎,支,亻,人,16,15,0,0,963.0
EDGE-03302,祕,必,礻,示,16,15,0,0,954.875
EDGE-01595,侔,牟,亻,人,16,15,0,0,941.75
EDGE-00773,挽,免,扌,手,16,15,0,0,922.125
EDGE-03770,儈,會,亻,人,16,15,0,0,917.25
EDGE-01313,惚,忽,忄,心,16,15,0,0,913.4375
EDGE-01038,購,冓,貝,貝,16,15,0,0,911.625
EDGE-03424,騙,扁,馬,馬,16,15,0,0,909.125
EDGE-04522,恿,甬,心,心,16,15,0,0,890.8125
EDGE-05159,惴,耑,忄,心,16,15,0,0,886.1875
EDGE-00457,佼,交,亻,人,16,15,0,0,885.0625
EDGE-01251,砲,包,石,石,16,15,0,0,859.1875
EDGE-00273,詫,宅,言,言,16,15,0,0,842.0625
EDGE-05129,謬,翏,言,言,16,15,0,0,839.25
EDGE-05934,問,門,口,口,16,15,0,0,809.6875
EDGE-00447,沆,亢,氵,水,16,15,0,0,796.25
EDGE-05505,驀,莫,馬,馬,16,15,0,0,795.125
EDGE-00340,預,予,頁,頁,16,15,0,0,790.5
EDGE-01759,沽,古,氵,水,16,15,0,0,782.5
EDGE-04520,踴,勇,𧾷,足,16,15,0,0,779.625
EDGE-05295,惶,皇,忄,心,16,15,0,0,768.6875
EDGE-04076,讒,毚,言,言,16,15,0,0,757.5
EDGE-05957,唯,隹,口,口,16,15,0,0,756.25
EDGE-05562,轤,盧,車,車,16,15,0,0,749.1875
EDGE-05969,惟,隹,忄,心,16,15,0,0,747.1875
EDGE-01218,賀,加,貝,貝,16,15,0,0,724.625
EDGE-03000,脫,兌,肉,肉,16,15,0,0,717.125
EDGE-04496,靚,青,見,見,16,15,0,0,711.25
EDGE-03532,漸,斬,氵,水,16,15,0,0,706.125
EDGE-02211,鋌,廷,釒,金,16,15,0,0,700.375
EDGE-03144,窈,幼,穴,穴,16,15,0,0,686.3125
EDGE-01858,雒,各,隹,隹,16,15,0,0,685.875
EDGE-04039,燦,粲,火,火,16,15,0,0,665.625
EDGE-03843,蹟,責,𧾷,足,16,15,0,0,659.5
EDGE-04040,璨,粲,王,玉,16,15,0,0,649.875
EDGE-02302,任,壬,亻,人,16,15,0,0,643.3125
EDGE-01652,伋,及,亻,人,16,15,0,0,642.875
EDGE-03543,倣,放,亻,人,16,15,0,0,642.875
EDGE-03817,侏,朱,亻,人,16,15,0,0,638.4375
EDGE-00459,姣,交,女,女,16,15,0,0,633.4375
EDGE-03693,颺,昜,風,風,16,15,0,0,626.0625
EDGE-02270,撓,堯,扌,手,16,15,0,0,625.1875
EDGE-05614,悴,卒,忄,心,16,15,0,0,613.375
EDGE-01959,飼,司,飠,食,16,15,0,0,607.4375
EDGE-04172,擴,廣,扌,手,16,15,0,0,607.0
EDGE-01079,帆,凡,巾,巾,16,15,0,0,585.875
EDGE-02496,奴,女,又,又,16,15,0,0,570.875
EDGE-04499,甥,生,男,男,16,15,0,0,566.625
EDGE-03732,蜋,良,虫,虫,16,15,0,0,538.1875
EDGE-01489,仆,卜,亻,人,16,15,0,0,530.5625
EDGE-03439,跌,失,𧾷,足,16,15,0,0,527.3125
EDGE-01400,齔,匕,齒,齒,16,15,0,0,513.0
EDGE-01219,跏,加,𧾷,足,16,15,0,0,488.4375
EDGE-03001,蛻,兌,虫,虫,16,15,0,0,481.875
EDGE-05975,睢,隹,目,目,16,15,0,0,468.3125
EDGE-04185,恍,光,忄,心,16,15,0,0,444.5625
EDGE-02636,棺,官,木,木,16,15,0,0,423.3125
EDGE-01029,鶻,骨,鳥,鳥,16,15,0,0,409.875
EDGE-00553,擒,禽,扌,手,16,15,0,0,402.875
EDGE-02420,飫,夭,飠,食,16,15,0,0,397.3125
EDGE-06096,驕,喬,馬,馬,16,15,0,0,389.25
EDGE-03103,捍,旱,扌,手,16,15,0,0,341.3125
EDGE-00594,枇,比,木,木,16,15,0,0,341.1875
EDGE-00399,吾,五,口,口,16,15,0,0,334.6875
EDGE-01837,珞,各,王,玉,16,15,0,0,332.25
EDGE-01500,霑,沾,雨,雨,16,15,0,0,316.5625
EDGE-00111,雎,且,隹,隹,16,15,0,0,289.625
EDGE-04268,琤,爭,王,玉,16,15,0,0,281.0
EDGE-02507,駑,奴,馬,馬,16,15,0,0,268.125
EDGE-00064,嬪,賓,女,女,16,15,0,0,266.0625
EDGE-01768,醐,胡,酉,酉,16,15,0,0,262.0625
EDGE-01420,嶇,區,山,山,16,15,0,0,250.625
EDGE-03982,爍,樂,火,火,16,15,0,0,190.625
EDGE-00745,鯇,完,魚,魚,16,15,0,0,167.5625
EDGE-01602,埃,矣,土,土,16,15,0,0,129.8125
EDGE-03377,餞,戔,飠,食,16,15,0,0,103.6875
EDGE-02989,駿,夋,馬,馬,16,15,0,0,102.375
EDGE-01331,渾,軍,氵,水,16,15,0,0,64.125
EDGE-02819,峙,寺,山,山,16,15,0,0,56.875
EDGE-05612,啐,卒,口,口,16,15,0,0,19.125
EDGE-01859,駱,各,馬,馬,16,15,0,0,6.375
EDGE-04559,補,甫,衤,衣,16,15,0,0,-8.4375
EDGE-05229,簫,肅,竹,竹,16,15,0,0,-16.1875
EDGE-02234,窪,洼,穴,穴,16,15,0,0,-103.25
EDGE-03417,翩,扁,羽,羽,16,15,0,0,-108.875
EDGE-00230,鈔,少,釒,金,16,15,0,0,-175.8125
EDGE-01393,牝,匕,牜,牛,16,15,0,0,-197.9375
EDGE-05518,穫,蒦,禾,禾,16,15,0,0,-226.3125
EDGE-04038,粲,𣦼,米,米,16,14,0,0,2758.25
EDGE-04479,醒,星,酉,酉,16,14,0,0,2020.75
EDGE-04716,鐙,登,釒,金,16,14,0,0,1733.1875
EDGE-00914,瀆,𧶠,氵,水,16,14,0,0,1581.5
EDGE-00863,愈,兪,心,心,16,14,0,0,1509.3125
EDGE-01122,拙,出,扌,手,16,14,0,0,1489.125
EDGE-00922,黷,𧶠,黑,黑,16,14,0,0,1334.8125
EDGE-03485,吝,文,口,口,16,14,0,0,1257.125
EDGE-04469,諶,甚,言,言,16,14,0,0,1200.3125
EDGE-01125,絀,出,糸,糸,16,14,0,0,1186.875
EDGE-00776,絻,免,糸,糸,16,14,0,0,1183.5625
EDGE-04083,耗,毛,耒,耒,16,14,0,0,1162.8125
EDGE-01301,酌,勺,酉,酉,16,14,0,0,1135.75
EDGE-03668,賜,易,貝,貝,16,14,0,0,1102.1875
EDGE-03653,娼,昌,女,女,16,14,0,0,1032.25
EDGE-02466,喚,奐,口,口,16,14,0,0,1026.25
EDGE-05666,簷,詹,竹,竹,16,14,0,0,1018.9375
EDGE-02349,淩,夌,氵,水,16,14,0,0,1014.625
EDGE-02684,醬,將,酉,酉,16,14,0,0,1007.4375
EDGE-05751,捉,足,扌,手,16,14,0,0,990.4375
EDGE-05963,催,崔,亻,人,16,14,0,0,970.75
EDGE-03407,顧,雇,頁,頁,16,14,0,0,937.4375
EDGE-00196,住,主,亻,人,16,14,0,0,911.6875
EDGE-06015,懦,需,忄,心,16,14,0,0,906.25
EDGE-03400,讖,韱,言,言,16,14,0,0,889.75
EDGE-02117,幃,韋,巾,巾,16,14,0,0,889.375
EDGE-05232,瀟,蕭,氵,水,16,14,0,0,888.8125
EDGE-04360,禳,襄,礻,示,16,14,0,0,878.625
EDGE-01927,頡,吉,頁,頁,16,14,0,0,878.5625
EDGE-04513,慵,庸,忄,心,16,14,0,0,858.625
EDGE-01449,忤,午,忄,心,16,14,0,0,858.0
EDGE-02048,箴,咸,竹,竹,16,14,0,0,845.9375
EDGE-05621,碎,卒,石,石,16,14,0,0,831.5625
EDGE-00465,狡,交,犭,犬,16,14,0,0,831.0
EDGE-02852,愬,朔,心,心,16,14,0,0,822.9375
EDGE-03346,譏,幾,言,言,16,14,0,0,814.6875
EDGE-00136,評,平,言,言,16,14,0,0,794.4375
EDGE-02540,僂,婁,亻,人,16,14,0,0,794.3125
EDGE-04460,勘,甚,力,力,16,14,0,0,792.875
EDGE-01636,賄,有,貝,貝,16,14,0,0,783.625
EDGE-05622,窣,卒,穴,穴,16,14,0,0,761.125
EDGE-01997,誥,告,言,言,16,14,0,0,760.25
EDGE-01696,輟,叕,車,車,16,14,0,0,755.875
EDGE-06053,靡,非,麻,麻,16,14,0,0,737.25
EDGE-03654,猖,昌,犭,犬,16,14,0,0,735.0625
EDGE-02203,挺,廷,扌,手,16,14,0,0,725.9375
EDGE-03106,悍,旱,忄,心,16,14,0,0,722.0625
EDGE-02729,截,雀,戈,戈,16,14,0,0,720.75
EDGE-02716,消,肖,氵,水,16,14,0,0,710.625
EDGE-05495,模,莫,木,木,16,14,0,0,699.0625
EDGE-01033,構,冓,木,木,16,14,0,0,692.5
EDGE-00613,怎,乍,心,心,16,14,0,0,686.125
EDGE-01170,忿,分,心,心,16,14,0,0,677.75
EDGE-02643,館,官,飠,食,16,14,0,0,671.4375
EDGE-00690,搶,倉,扌,手,16,14,0,0,655.5625
EDGE-04822,柔,矛,木,木,16,14,0,0,655.5625
EDGE-02042,喊,咸,口,口,16,14,0,0,644.8125
EDGE-01864,勸,雚,力,力,16,14,0,0,638.5625
EDGE-05617,淬,卒,氵,水,16,14,0,0,630.625
EDGE-00718,檢,僉,木,木,16,14,0,0,628.5625
EDGE-05901,綣,卷,糸,糸,16,14,0,0,624.5625
EDGE-01134,劭,召,力,力,16,14,0,0,622.0
EDGE-01821,訶,可,言,言,16,14,0,0,619.6875
EDGE-02806,沌,屯,氵,水,16,14,0,0,616.375
EDGE-01044,懣,滿,心,心,16,14,0,0,611.6875
EDGE-01008,媧,咼,女,女,16,14,0,0,608.875
EDGE-02125,闈,韋,門,門,16,14,0,0,607.75
EDGE-00314,馗,九,首,首,16,14,0,0,607.0625
EDGE-02212,霆,廷,雨,雨,16,14,0,0,604.625
EDGE-03733,踉,良,𧾷,足,16,14,0,0,599.0
EDGE-03462,跂,支,𧾷,足,16,14,0,0,598.125
EDGE-03777,獪,會,犭,犬,16,14,0,0,594.25
EDGE-04481,倩,青,亻,人,16,14,0,0,586.0
EDGE-01631,侑,有,亻,人,16,14,0,0,584.1875
EDGE-03878,腫,重,肉,肉,16,14,0,0,575.375
EDGE-01984,儻,黨,亻,人,16,14,0,0,573.8125
EDGE-00689,愴,倉,忄,心,16,14,0,0,570.375
EDGE-04758,醞,𥁕,酉,酉,16,14,0,0,553.5
EDGE-00722,簽,僉,竹,竹,16,14,0,0,543.8125
EDGE-01605,欸,矣,欠,欠,16,14,0,0,531.0
EDGE-01157,忍,刃,心,心,16,14,0,0,527.6875
EDGE-03128,鼾,干,鼻,鼻,16,14,0,0,521.25
EDGE-03940,諫,柬,言,言,16,14,0,0,517.375
EDGE-00237,筵,延,竹,竹,16,14,0,0,516.375
EDGE-00561,貪,今,貝,貝,16,14,0,0,515.625
EDGE-01608,騃,矣,馬,馬,16,14,0,0,512.4375
EDGE-04457,酣,甘,酉,酉,16,14,0,0,511.6875
EDGE-01296,約,勺,糸,糸,16,14,0,0,505.75
EDGE-00611,咋,乍,口,口,16,14,0,0,505.3125
EDGE-05226,嘯,肅,口,口,16,14,0,0,495.6875
EDGE-01454,判,半,刂,刀,16,14,0,0,448.125
EDGE-00493,駭,亥,馬,馬,16,14,0,0,442.0625
EDGE-05366,搯,舀,扌,手,16,14,0,0,427.875
EDGE-01547,胄,由,肉,肉,16,14,0,0,417.9375
EDGE-03499,圻,斤,土,土,16,14,0,0,408.1875
EDGE-02515,汝,女,氵,水,16,14,0,0,405.75
EDGE-01934,侗,同,亻,人,16,14,0,0,397.1875
EDGE-03342,璣,幾,王,玉,16,14,0,0,392.1875
EDGE-03220,彿,弗,彳,彳,16,14,0,0,388.625
EDGE-02994,悅,兌,忄,心,16,14,0,0,388.5
EDGE-04309,跛,皮,𧾷,足,16,14,0,0,386.25
EDGE-01067,溟,冥,氵,水,16,14,0,0,382.5625
EDGE-01847,潞,路,氵,水,16,14,0,0,376.9375
EDGE-04999,闇,音,門,門,16,14,0,0,375.375
EDGE-00865,愉,兪,忄,心,16,14,0,0,374.375
EDGE-00356,趑,次,走,走,16,14,0,0,367.75
EDGE-04377,戕,爿,戈,戈,16,14,0,0,353.0
EDGE-02197,裎,呈,衤,衣,16,14,0,0,350.875
EDGE-02918,訌,工,言,言,16,14,0,0,342.5625
EDGE-01527,祧,兆,示,示,16,14,0,0,330.0625
EDGE-04820,騖,敄,馬,馬,16,14,0,0,329.4375
EDGE-04827,蹂,柔,𧾷,足,16,14,0,0,311.75
EDGE-02445,俠,夾,亻,人,16,14,0,0,309.25
EDGE-05488,幕,莫,巾,巾,16,14,0,0,286.1875
EDGE-04334,駙,付,馬,馬,16,14,0,0,279.9375
EDGE-00770,勉,免,力,力,16,14,0,0,274.75
EDGE-03119,訐,干,言,言,16,14,0,0,273.75
EDGE-02498,呶,奴,口,口,16,14,0,0,256.875
EDGE-00932,拱,共,扌,手,16,14,0,0,251.375
EDGE-03509,掀,欣,扌,手,16,14,0,0,240.4375
EDGE-04524,涌,甬,氵,水,16,14,0,0,237.125
EDGE-01668,版,反,片,片,16,14,0,0,233.1875
EDGE-03667,裼,易,衤,衣,16,14,0,0,228.8125
EDGE-04519,湧,勇,氵,水,16,14,0,0,220.8125
EDGE-05026,騏,其,馬,馬,16,14,0,0,216.875
EDGE-00010,停,亭,亻,人,16,14,0,0,211.75
EDGE-04903,喁,禺,口,口,16,14,0,0,160.9375
EDGE-04486,晴,青,日,日,16,14,0,0,160.75
EDGE-02707,削,肖,刂,刀,16,14,0,0,156.75
EDGE-03512,祈,斤,礻,示,16,14,0,0,153.5625
EDGE-03005,閱,兌,門,門,16,14,0,0,115.75
EDGE-04270,箏,爭,竹,竹,16,14,0,0,108.875
EDGE-00623,酢,乍,酉,酉,16,14,0,0,94.625
EDGE-05734,鸚,嬰,鳥,鳥,16,14,0,0,80.0625
EDGE-00714,撿,僉,扌,手,16,14,0,0,44.5
EDGE-04989,熾,戠,火,火,16,14,0,0,17.875
EDGE-05790,闢,辟,門,門,16,14,0,0,-18.75
EDGE-01753,踞,居,𧾷,足,16,14,0,0,-31.75
EDGE-05731,瓔,嬰,王,玉,16,14,0,0,-44.1875
EDGE-00319,弛,也,弓,弓,16,14,0,0,-92.875
EDGE-00951,慾,欲,心,心,16,14,0,0,-106.5
EDGE-05735,罌,賏,缶,缶,16,14,0,0,-111.0
EDGE-02448,挾,夾,扌,手,16,14,0,0,-115.5
EDGE-03652,唱,昌,口,口,16,14,0,0,-118.8125
EDGE-04295,帔,皮,巾,巾,16,14,0,0,-123.4375
EDGE-05482,璞,菐,王,玉,16,14,0,0,-135.4375
EDGE-00400,唔,吾,口,口,16,14,0,0,-164.4375
EDGE-04714,蹬,登,𧾷,足,16,14,0,0,-288.25
EDGE-05794,辨,辡,刂,刀,16,13,0,0,1508.9375
EDGE-04868,踟,知,𧾷,足,16,13,0,0,1474.3125
EDGE-02869,順,川,頁,頁,16,13,0,0,1366.125
EDGE-01612,紘,厷,糸,糸,16,13,0,0,1315.625
EDGE-01031,搆,冓,扌,手,16,13,0,0,1264.875
EDGE-02177,個,固,亻,人,16,13,0,0,1176.4375
EDGE-04387,呀,牙,口,口,16,13,0,0,1159.75
EDGE-04671,泊,白,氵,水,16,13,0,0,1100.8125
EDGE-05202,恥,耳,心,心,16,13,0,0,1075.5
EDGE-03651,倡,昌,亻,人,16,13,0,0,1070.5625
EDGE-00045,丕,不,一,一,16,13,0,0,1034.0625
EDGE-01288,妁,勺,女,女,16,13,0,0,988.5625
EDGE-03410,偏,扁,亻,人,16,13,0,0,968.1875
EDGE-05683,鑾,䜌,金,金,16,13,0,0,938.5625
EDGE-04799,瞿,䀠,隹,隹,16,13,0,0,914.0
EDGE-06107,犒,高,牜,牛,16,13,0,0,909.25
EDGE-01601,唉,矣,口,口,16,13,0,0,854.5
EDGE-01956,祠,司,礻,示,16,13,0,0,835.3125
EDGE-06129,愧,鬼,忄,心,16,13,0,0,833.5625
EDGE-02074,殫,單,歹,歹,16,13,0,0,818.25
EDGE-00013,成,丁,戊,戊,16,13,0,0,773.1875
EDGE-01203,惻,則,忄,心,16,13,0,0,771.375
EDGE-01133,召,刀,口,口,16,13,0,0,770.5625
EDGE-05019,祺,其,礻,示,16,13,0,0,765.5625
EDGE-00505,摻,參,扌,手,16,13,0,0,761.8125
EDGE-02104,躁,喿,𧾷,足,16,13,0,0,758.0625
EDGE-05198,輯,咠,車,車,16,13,0,0,750.25
EDGE-04322,咐,付,口,口,16,13,0,0,726.9375
EDGE-03420,褊,扁,衤,衣,16,13,0,0,691.875
EDGE-05673,孿,䜌,子,子,16,13,0,0,682.1875
EDGE-01174,棼,分,林,林,16,13,0,0,676.5
EDGE-01478,裨,卑,衤,衣,16,13,0,0,675.9375
EDGE-05333,檻,監,木,木,16,13,0,0,674.3125
EDGE-02818,侍,寺,亻,人,16,13,0,0,673.1875
EDGE-05822,縱,從,糸,糸,16,13,0,0,648.875
EDGE-04358,攘,襄,扌,手,16,13,0,0,642.0625
EDGE-04465,湛,甚,氵,水,16,13,0,0,638.125
EDGE-02305,賃,任,貝,貝,16,13,0,0,634.875
EDGE-00780,倪,兒,亻,人,16,13,0,0,627.0
EDGE-01367,昵,尼,日,日,16,13,0,0,625.25
EDGE-03619,坦,旦,土,土,16,13,0,0,619.375
EDGE-03837,債,責,亻,人,16,13,0,0,617.3125
EDGE-01882,峇,合,山,山,16,13,0,0,599.1875
EDGE-04427,絃,玄,糸,糸,16,13,0,0,597.375
EDGE-01030,媾,冓,女,女,16,13,0,0,581.1875
EDGE-00929,供,共,亻,人,16,13,0,0,577.9375
EDGE-03926,賴,剌,貝,貝,16,13,0,0,572.3125
EDGE-00462,傚,效,亻,人,16,13,0,0,567.6875
EDGE-02837,嗤,蚩,口,口,16,13,0,0,555.875
EDGE-05334,濫,監,氵,水,16,13,0,0,552.4375
EDGE-03194,拭,式,扌,手,16,13,0,0,545.75
EDGE-00198,柱,主,木,木,16,13,0,0,543.25
EDGE-03584,儲,諸,亻,人,16,13,0,0,525.0625
EDGE-05750,促,足,亻,人,16,13,0,0,524.75
EDGE-01081,汎,凡,氵,水,16,13,0,0,523.5625
EDGE-02908,倥,空,亻,人,16,13,0,0,509.6875
EDGE-03736,鋃,良,釒,金,16,13,0,0,506.125
EDGE-05095,艤,義,舟,舟,16,13,0,0,498.625
EDGE-01189,頒,分,頁,頁,16,13,0,0,494.875
EDGE-00905,頌,公,頁,頁,16,13,0,0,487.3125
EDGE-04541,溥,尃,氵,水,16,13,0,0,487.25
EDGE-01928,擷,頡,扌,手,16,13,0,0,485.1875
EDGE-03644,混,昆,氵,水,16,13,0,0,477.3125
EDGE-00053,嚭,否,喜,喜,16,13,0,0,473.6875
EDGE-05471,警,敬,言,言,16,13,0,0,470.125
EDGE-00692,滄,倉,氵,水,16,13,0,0,464.875
EDGE-04271,諍,爭,言,言,16,13,0,0,459.4375
EDGE-02681,漿,將,水,水,16,13,0,0,457.75
EDGE-03007,沿,㕣,氵,水,16,13,0,0,455.3125
EDGE-00593,批,比,扌,手,16,13,0,0,454.0
EDGE-00626,伶,令,亻,人,16,13,0,0,446.875
EDGE-00954,裕,谷,衤,衣,16,13,0,0,441.1875
EDGE-05660,儋,詹,亻,人,16,13,0,0,439.875
EDGE-01640,恢,灰,忄,心,16,13,0,0,433.0625
EDGE-01186,貧,分,貝,貝,16,13,0,0,429.875
EDGE-02981,浚,夋,氵,水,16,13,0,0,429.5
EDGE-02633,倌,官,亻,人,16,13,0,0,422.6875
EDGE-05583,囑,屬,口,口,16,13,0,0,417.9375
EDGE-05798,辯,辡,言,言,16,13,0,0,410.125
EDGE-01386,訾,此,言,言,16,13,0,0,406.3125
EDGE-05011,撕,斯,扌,手,16,13,0,0,403.6875
EDGE-05164,凱,豈,几,几,16,13,0,0,398.625
EDGE-03222,拂,弗,扌,手,16,13,0,0,398.1875
EDGE-00675,悠,攸,心,心,16,13,0,0,395.9375
EDGE-04667,伯,白,亻,人,16,13,0,0,384.9375
EDGE-05211,囁,聶,口,口,16,13,0,0,379.3125
EDGE-01492,赴,卜,走,走,16,13,0,0,377.5625
EDGE-04272,錚,爭,釒,金,16,13,0,0,375.3125
EDGE-04554,浦,甫,氵,水,16,13,0,0,374.125
EDGE-01982,償,賞,亻,人,16,13,0,0,368.25
EDGE-01925,詰,吉,言,言,16,13,0,0,366.25
EDGE-03844,悚,束,忄,心,16,13,0,0,363.0625
EDGE-03611,羶,亶,羊,羊,16,13,0,0,359.5625
EDGE-01895,答,合,竹,竹,16,13,0,0,356.0
EDGE-02497,努,奴,力,力,16,13,0,0,354.875
EDGE-02402,忝,天,㣺,心,16,13,0,0,353.0625
EDGE-02252,彀,𣪊,弓,弓,16,13,0,0,349.1875
EDGE-03799,昧,未,日,日,16,13,0,0,341.1875
EDGE-06089,矯,喬,矢,矢,16,13,0,0,340.5625
EDGE-06039,悲,非,心,心,16,13,0,0,338.875
EDGE-04110,祗,氐,礻,示,16,13,0,0,338.625
EDGE-04539,搏,尃,扌,手,16,13,0,0,337.1875
EDGE-03630,徇,旬,彳,彳,16,13,0,0,329.75
EDGE-03738,嫚,曼,女,女,16,13,0,0,325.75
EDGE-04299,波,皮,氵,水,16,13,0,0,323.4375
EDGE-06038,悱,非,忄,心,16,13,0,0,321.125
EDGE-04359,曩,襄,日,日,16,13,0,0,311.6875
EDGE-04979,唁,言,口,口,16,13,0,0,306.75
EDGE-03450,妓,支,女,女,16,13,0,0,301.6875
EDGE-00559,衾,今,衣,衣,16,13,0,0,299.6875
EDGE-05803,振,辰,扌,手,16,13,0,0,291.875
EDGE-05786,襞,辟,衣,衣,16,13,0,0,275.875
EDGE-02836,蚩,㞢,虫,虫,16,13,0,0,272.375
EDGE-05813,溽,辱,氵,水,16,13,0,0,268.5625
EDGE-01213,珈,加,王,玉,16,13,0,0,265.75
EDGE-03589,賭,者,貝,貝,16,13,0,0,263.625
EDGE-05752,浞,足,氵,水,16,13,0,0,253.5
EDGE-02278,翹,堯,羽,羽,16,13,0,0,251.75
EDGE-04994,歆,音,欠,欠,16,13,0,0,248.0625
EDGE-04510,墉,庸,土,土,16,13,0,0,246.875
EDGE-05810,賑,辰,貝,貝,16,13,0,0,238.125
EDGE-00747,沅,元,氵,水,16,13,0,0,237.1875
EDGE-03015,怠,台,心,心,16,13,0,0,233.75
EDGE-01589,弘,厶,弓,弓,16,13,0,0,233.25
EDGE-00995,冒,冃,目,目,16,13,0,0,231.3125
EDGE-02504,拏,奴,手,手,16,13,0,0,224.0625
EDGE-03349,哦,我,口,口,16,13,0,0,222.25
EDGE-03081,諒,京,言,言,16,13,0,0,220.75
EDGE-03911,渫,枼,氵,水,16,13,0,0,200.625
EDGE-02257,觳,𣪊,角,角,16,13,0,0,197.375
EDGE-04706,嶝,登,山,山,16,13,0,0,192.4375
EDGE-05791,霹,辟,雨,雨,16,13,0,0,179.125
EDGE-01010,禍,咼,礻,示,16,13,0,0,174.25
EDGE-05665,瞻,詹,目,目,16,13,0,0,169.625
EDGE-00615,柞,乍,木,木,16,13,0,0,168.9375
EDGE-01351,訛,化,言,言,16,13,0,0,163.9375
EDGE-03865,僮,童,亻,人,16,13,0,0,155.0625
EDGE-03941,鍊,柬,釒,金,16,13,0,0,133.6875
EDGE-00853,筌,全,竹,竹,16,13,0,0,129.75
EDGE-04528,誦,甬,言,言,16,13,0,0,129.1875
EDGE-02447,峽,夾,山,山,16,13,0,0,115.6875
EDGE-04574,呷,甲,口,口,16,13,0,0,112.0625
EDGE-02615,駝,它,馬,馬,16,13,0,0,100.8125
EDGE-02329,衽,壬,衤,衣,16,13,0,0,100.1875
EDGE-03984,礫,樂,石,石,16,13,0,0,98.875
EDGE-01485,鼙,卑,鼓,鼓,16,13,0,0,97.9375
EDGE-01498,沾,占,氵,水,16,13,0,0,90.0
EDGE-01791,坷,可,土,土,16,13,0,0,85.875
EDGE-04480,牲,生,牜,牛,16,13,0,0,79.375
EDGE-01068,瞑,冥,目,目,16,13,0,0,78.3125
EDGE-00621,詐,乍,言,言,16,13,0,0,56.0
EDGE-03113,玕,干,王,玉,16,13,0,0,43.3125
EDGE-03620,妲,旦,女,女,16,13,0,0,-60.3125
EDGE-06050,誹,非,言,言,16,13,0,0,-60.375
EDGE-00543,唸,念,口,口,16,13,0,0,-99.9375
EDGE-05865,燠,奧,火,火,16,13,0,0,-103.75
EDGE-00915,犢,𧶠,牜,牛,16,13,0,0,-152.875
EDGE-01434,驅,區,馬,馬,16,13,0,0,-156.75
EDGE-01146,超,召,走,走,16,13,0,0,-221.4375
EDGE-03884,淋,林,氵,水,16,13,0,0,-267.25
EDGE-03892,霖,林,雨,雨,16,13,0,0,-298.0625
EDGE-04575,岬,甲,山,山,16,13,0,0,-364.875
EDGE-00086,姐,且,女,女,16,13,0,0,-490.0
EDGE-05097,議,義,言,言,16,13,0,0,-517.4375
EDGE-05968,帷,隹,巾,巾,16,13,0,0,-529.0625
EDGE-00006,穢,歲,禾,禾,16,12,0,0,2061.0625
EDGE-05793,辦,辡,力,力,16,12,0,0,1650.4375
EDGE-03544,傍,旁,亻,人,16,12,0,0,1211.25
EDGE-01118,咄,出,口,口,16,12,0,0,1176.5
EDGE-00672,倏,攸,犬,犬,16,12,0,0,1069.3125
EDGE-01228,泐,阞,氵,水,16,12,0,0,1036.875
EDGE-00768,俛,免,亻,人,16,12,0,0,912.25
EDGE-02467,換,奐,扌,手,16,12,0,0,905.1875
EDGE-03426,失,手,乙,乙,16,12,0,0,882.8125
EDGE-00866,揄,兪,扌,手,16,12,0,0,873.375
EDGE-04061,繁,敏,糸,糸,16,12,0,0,861.4375
EDGE-04462,戡,甚,戈,戈,16,12,0,0,845.375
EDGE-03101,奸,干,女,女,16,12,0,0,835.1875
EDGE-00293,縋,追,糸,糸,16,12,0,0,824.0
EDGE-02045,撼,感,扌,手,16,12,0,0,773.1875
EDGE-04831,懋,楙,心,心,16,12,0,0,772.625
EDGE-01262,句,勹,口,口,16,12,0,0,735.0
EDGE-00199,注,主,氵,水,16,12,0,0,700.25
EDGE-02367,蜿,宛,虫,虫,16,12,0,0,688.8125
EDGE-02200,酲,呈,酉,酉,16,12,0,0,688.1875
EDGE-01457,畔,半,田,田,16,12,0,0,681.6875
EDGE-02323,頸,巠,頁,頁,16,12,0,0,650.875
EDGE-01528,窕,兆,穴,穴,16,12,0,0,620.3125
EDGE-05212,懾,聶,忄,心,16,12,0,0,607.8125
EDGE-00349,恣,次,心,心,16,12,0,0,606.25
EDGE-01518,姚,兆,女,女,16,12,0,0,586.4375
EDGE-00997,媢,冒,女,女,16,12,0,0,579.0
EDGE-05910,俚,里,亻,人,16,12,0,0,578.875
EDGE-03143,拗,幼,扌,手,16,12,0,0,577.4375
EDGE-02891,臘,巤,肉,肉,16,12,0,0,547.25
EDGE-03028,貽,台,貝,貝,16,12,0,0,531.6875
EDGE-03674,揚,昜,扌,手,16,12,0,0,529.375
EDGE-01026,猾,骨,犭,犬,16,12,0,0,527.4375
EDGE-00159,契,㓞,大,大,16,12,0,0,521.8125
EDGE-04075,纔,毚,糸,糸,16,12,0,0,520.9375
EDGE-02072,撣,單,扌,手,16,12,0,0,515.4375
EDGE-04560,輔,甫,車,車,16,12,0,0,515.25
EDGE-02373,侈,多,亻,人,16,12,0,0,501.1875
EDGE-05272,贏,𣎆,貝,貝,16,12,0,0,490.0
EDGE-04321,付,父,亻,人,16,12,0,0,488.1875
EDGE-05911,哩,里,口,口,16,12,0,0,482.3125
EDGE-01761,祜,古,礻,示,16,12,0,0,478.5625
EDGE-00387,紜,云,糸,糸,16,12,0,0,475.75
EDGE-04829,鞣,柔,革,革,16,12,0,0,475.6875
EDGE-04508,庸,用,庚,庚,16,12,0,0,474.8125
EDGE-00442,伉,亢,亻,人,16,12,0,0,469.25
EDGE-00708,儉,僉,亻,人,16,12,0,0,465.6875
EDGE-05335,籃,監,竹,竹,16,12,0,0,451.8125
EDGE-02854,溯,朔,氵,水,16,12,0,0,449.375
EDGE-00337,豫,予,象,象,16,12,0,0,446.1875
EDGE-04287,諼,爰,言,言,16,12,0,0,428.75
EDGE-00807,偈,曷,亻,人,16,12,0,0,424.8125
EDGE-03664,惕,易,忄,心,16,12,0,0,407.5625
EDGE-01845,賂,各,貝,貝,16,12,0,0,406.5
EDGE-00062,賓,𡧍,貝,貝,16,12,0,0,389.8125
EDGE-04495,靖,青,立,立,16,12,0,0,388.375
EDGE-03440,軼,失,車,車,16,12,0,0,386.0625
EDGE-06066,璋,章,王,玉,16,12,0,0,376.5625
EDGE-04485,情,青,忄,心,16,12,0,1,370.25
EDGE-01366,怩,尼,忄,心,16,12,0,0,364.875
EDGE-05593,躅,蜀,𧾷,足,16,12,0,0,363.8125
EDGE-02084,闡,單,門,門,16,12,0,0,363.375
EDGE-03547,膀,旁,肉,肉,16,12,0,0,361.9375
EDGE-02939,詎,巨,言,言,16,12,0,0,359.375
EDGE-01047,蹣,㒼,𧾷,足,16,12,0,0,359.25
EDGE-02196,程,呈,禾,禾,16,12,0,0,357.375
EDGE-01756,怙,古,忄,心,16,12,0,0,352.375
EDGE-04327,拊,付,扌,手,16,12,0,0,350.75
EDGE-05771,僻,辟,亻,人,16,12,0,0,342.6875
EDGE-05367,滔,舀,氵,水,16,12,0,0,317.5
EDGE-04578,狎,甲,犭,犬,16,12,0,0,315.4375
EDGE-05253,狷,肙,犭,犬,16,12,0,0,288.25
EDGE-06178,壟,龍,土,土,16,12,0,0,287.875
EDGE-02310,徑,巠,彳,彳,16,12,0,0,287.3125
EDGE-01660,趿,及,𧾷,足,16,12,0,0,274.375
EDGE-03615,饘,亶,飠,食,16,12,0,0,274.25
EDGE-03160,鍍,度,釒,金,16,12,0,0,271.9375
EDGE-04078,鑱,毚,釒,金,16,12,0,0,271.125
EDGE-02956,跽,忌,𧾷,足,16,12,0,0,268.375
EDGE-00490,閡,亥,門,門,16,12,0,0,264.125
EDGE-05871,番,釆,田,田,16,12,0,0,261.5625
EDGE-02959,紀,己,糸,糸,16,12,0,0,256.3125
EDGE-05345,諂,臽,言,言,16,12,0,0,254.9375
EDGE-05016,欺,其,欠,欠,16,12,0,0,252.125
EDGE-01410,淖,卓,氵,水,16,12,0,0,247.375
EDGE-03538,坊,方,土,土,16,12,0,0,247.3125
EDGE-01212,枷,加,木,木,16,12,0,0,242.0625
EDGE-01215,笳,加,竹,竹,16,12,0,0,241.375
EDGE-04679,粕,白,米,米,16,12,0,0,234.25
EDGE-02662,聹,寧,耳,耳,16,12,0,0,228.375
EDGE-01513,黏,占,黍,黍,16,12,0,0,227.875
EDGE-05927,悵,長,忄,心,16,12,0,0,226.3125
EDGE-03935,揀,柬,扌,手,16,12,0,0,225.9375
EDGE-03959,摩,麻,手,手,16,12,0,0,222.3125
EDGE-01857,擱,閣,扌,手,16,12,0,0,212.625
EDGE-03366,淺,戔,氵,水,16,12,0,0,209.1875
EDGE-03626,靼,旦,革,革,16,12,0,0,205.6875
EDGE-00749,翫,元,習,習,16,12,0,0,191.5
EDGE-03840,磧,責,石,石,16,12,0,0,186.4375
EDGE-00067,殯,賓,歹,歹,16,12,0,0,184.75
EDGE-01690,掇,叕,扌,手,16,12,0,0,182.875
EDGE-02194,呈,𡈼,口,口,16,12,0,0,179.9375
EDGE-02427,泱,央,氵,水,16,12,0,0,175.3125
EDGE-05531,勤,堇,力,力,16,12,0,0,174.375
EDGE-00637,蛉,令,虫,虫,16,12,0,0,172.1875
EDGE-04378,臧,戕,臣,臣,16,12,0,0,171.6875
EDGE-01140,紹,召,糸,糸,16,12,0,0,166.0
EDGE-01793,倚,奇,亻,人,16,12,0,0,162.6875
EDGE-02875,輜,甾,車,車,16,12,0,0,159.5625
EDGE-00682,脩,攸,肉,肉,16,12,0,0,157.75
EDGE-03888,噤,禁,口,口,16,12,0,0,154.5625
EDGE-02974,唆,夋,口,口,16,12,0,0,152.75
EDGE-01902,搭,荅,扌,手,16,12,0,0,150.6875
EDGE-04880,跖,石,𧾷,足,16,12,0,0,145.3125
EDGE-05937,聞,門,耳,耳,16,12,0,0,143.6875
EDGE-05681,臠,䜌,肉,肉,16,12,0,0,143.1875
EDGE-05241,謠,䍃,言,言,16,12,0,0,140.5
EDGE-01396,傾,頃,亻,人,16,12,0,0,138.0
EDGE-00134,秤,平,禾,禾,16,12,0,0,124.625
EDGE-02669,忖,寸,忄,心,16,12,0,0,123.0
EDGE-01963,瞠,堂,目,目,16,12,0,0,119.0
EDGE-02049,緘,咸,糸,糸,16,12,0,0,90.9375
EDGE-05450,縐,芻,糸,糸,16,12,0,0,85.875
EDGE-00571,銜,金,行,行,16,12,0,0,68.5625
EDGE-03618,但,旦,亻,人,16,12,0,0,64.8125
EDGE-03322,憶,意,忄,心,16,12,0,0,64.5625
EDGE-06062,嶂,章,山,山,16,12,0,0,62.8125
EDGE-04406,跋,犮,𧾷,足,16,12,0,0,56.6875
EDGE-03822,洙,朱,氵,水,16,12,0,0,49.4375
EDGE-00551,矜,今,矛,矛,16,12,0,0,41.125
EDGE-02897,仝,工,人,人,16,12,0,0,34.9375
EDGE-01255,袍,包,衤,衣,16,12,0,0,27.1875
EDGE-01548,舳,由,舟,舟,16,12,0,0,26.0
EDGE-00878,覦,兪,見,見,16,12,0,0,17.6875
EDGE-04532,哺,甫,口,口,16,12,0,0,8.25
EDGE-04631,壘,畾,土,土,16,12,0,0,-0.5
EDGE-05792,瓣,辡,瓜,瓜,16,12,0,0,-9.1875
EDGE-06207,惦,店,忄,心,16,12,0,0,-12.5625
EDGE-00239,蜒,延,虫,虫,16,12,0,0,-13.9375
EDGE-01746,居,古,尸,尸,16,12,0,0,-14.875
EDGE-03102,扞,干,扌,手,16,12,0,0,-16.9375
EDGE-02229,娃,圭,女,女,16,12,0,0,-36.5625
EDGE-00680,筱,攸,竹,竹,16,12,0,0,-37.0
EDGE-00406,晤,吾,日,日,16,12,0,0,-57.0
EDGE-04300,婆,波,女,女,16,12,0,0,-57.6875
EDGE-00881,輸,兪,車,車,16,12,0,0,-64.9375
EDGE-02745,槭,戚,木,木,16,12,0,0,-71.75
EDGE-02450,浹,夾,氵,水,16,12,0,0,-113.3125
EDGE-04924,籬,離,竹,竹,16,12,0,0,-118.1875
EDGE-02288,驍,堯,馬,馬,16,12,0,0,-133.9375
EDGE-03195,試,式,言,言,16,12,0,0,-152.0
EDGE-01975,當,尚,田,田,16,12,0,0,-153.6875
EDGE-00949,峪,谷,山,山,16,12,0,0,-170.875
EDGE-00019,打,丁,扌,手,16,12,0,0,-190.625
EDGE-05777,擘,辟,手,手,16,12,0,0,-209.0
EDGE-03726,浪,良,氵,水,16,12,0,0,-217.25
EDGE-05394,斜,余,斗,斗,16,12,0,0,-234.125
EDGE-02545,摟,婁,扌,手,16,12,0,0,-237.3125
EDGE-01688,啜,叕,口,口,16,12,0,0,-244.9375
EDGE-02222,褂,卦,衤,衣,16,12,0,0,-289.75
EDGE-03771,劊,會,刂,刀,16,12,0,0,-302.0625
EDGE-02273,澆,堯,氵,水,16,12,0,0,-309.3125
EDGE-01938,筒,同,竹,竹,16,12,0,0,-310.0625
EDGE-03115,竿,干,竹,竹,16,12,0,1,-314.5625
EDGE-03662,剔,易,刂,刀,16,12,0,0,-332.125
EDGE-05879,燔,番,火,火,16,12,0,0,-338.75
EDGE-01468,牌,卑,片,片,16,12,0,0,-365.4375
EDGE-00827,褐,曷,衤,衣,16,12,0,0,-370.5625
EDGE-03236,睇,弟,目,目,16,12,0,0,-388.125
EDGE-00168,潔,絜,氵,水,16,12,0,0,-410.875
EDGE-05449,皺,芻,皮,皮,16,12,0,0,-572.5
EDGE-01497,拈,占,扌,手,16,12,0,0,-584.4375
EDGE-00784,睨,兒,目,目,16,12,0,0,-605.5625
EDGE-00161,喫,契,口,口,16,12,0,0,-718.1875
EDGE-04062,晦,毎,日,日,16,11,0,0,1361.125
EDGE-01339,諢,軍,言,言,16,11,0,0,775.125
EDGE-02813,鈍,屯,釒,金,16,11,0,0,767.875
EDGE-00471,較,交,車,車,16,11,0,0,738.875
EDGE-02043,感,咸,心,心,16,11,0,0,693.9375
EDGE-04675,佰,百,亻,人,16,11,0,0,679.0
EDGE-00131,枰,平,木,木,16,11,0,0,677.6875
EDGE-03340,嘰,幾,口,口,16,11,0,0,670.375
EDGE-03197,忒,弋,心,心,16,11,0,0,622.875
EDGE-05709,噱,豦,口,口,16,11,0,0,604.5625
EDGE-05146,躍,翟,𧾷,足,16,11,0,0,590.5625
EDGE-05530,僅,堇,亻,人,16,11,0,0,569.5
EDGE-02870,馴,川,馬,馬,16,11,0,0,550.4375
EDGE-00012,叮,丁,口,口,16,11,0,0,541.4375
EDGE-03747,謾,曼,言,言,16,11,0,0,537.0
EDGE-00537,頷,含,頁,頁,16,11,0,0,532.8125
EDGE-04564,鋪,甫,釒,金,16,11,0,0,530.6875
EDGE-02115,偉,韋,亻,人,16,11,0,0,512.625
EDGE-01243,匏,包,夸,夸,16,11,0,0,503.0625
EDGE-04425,炫,玄,火,火,16,11,0,0,502.9375
EDGE-02285,鐃,堯,釒,金,16,11,0,0,501.5
EDGE-06065,漳,章,氵,水,16,11,0,0,488.75
EDGE-00430,齋,齊,示,示,16,11,0,0,478.5
EDGE-05188,顓,耑,頁,頁,16,11,0,0,474.9375
EDGE-00156,沖,中,氵,水,16,11,0,0,474.6875
EDGE-00414,齬,吾,齒,齒,16,11,0,0,443.0625
EDGE-04659,蹶,厥,𧾷,足,16,11,0,0,441.0625
EDGE-01244,咆,包,口,口,16,11,0,0,438.0
EDGE-00630,玲,令,王,玉,16,11,0,0,437.5
EDGE-05814,縟,辱,糸,糸,16,11,0,0,429.6875
EDGE-01171,扮,分,扌,手,16,11,0,0,427.5625
EDGE-01388,雌,此,隹,隹,16,11,0,0,424.75
EDGE-05485,募,莫,力,力,16,11,0,0,407.5625
EDGE-05964,摧,崔,扌,手,16,11,0,0,407.375
EDGE-01888,恰,合,忄,心,16,11,0,0,402.0
EDGE-01046,瞞,㒼,目,目,16,11,0,0,400.0625
EDGE-01521,晁,兆,日,日,16,11,0,0,391.5
EDGE-03539,妨,方,女,女,16,11,0,0,391.4375
EDGE-01935,恫,同,忄,心,16,11,0,0,384.5625
EDGE-01747,倨,居,亻,人,16,11,0,0,383.5
EDGE-01620,祐,右,礻,示,16,11,0,0,383.1875
EDGE-03896,祼,果,礻,示,16,11,0,0,375.4375
EDGE-04633,纍,畾,糸,糸,16,11,0,0,374.6875
EDGE-03566,奢,者,大,大,16,11,0,0,367.25
EDGE-01328,暈,軍,日,日,16,11,0,0,362.8125
EDGE-02001,酷,告,酉,酉,16,11,0,0,356.25
EDGE-04489,精,青,米,米,16,11,0,0,348.75
EDGE-00027,訂,丁,言,言,16,11,0,0,348.6875
EDGE-05970,推,隹,扌,手,16,11,0,0,347.75
EDGE-04438,呱,瓜,口,口,16,11,0,0,340.5
EDGE-01302,釣,勺,釒,金,16,11,0,0,338.5
EDGE-01987,讜,黨,言,言,16,11,0,0,334.5
EDGE-03916,諜,枼,言,言,16,11,0,0,322.375
EDGE-02732,叔,尗,又,又,16,11,0,0,320.75
EDGE-04926,魑,离,鬼,鬼,16,11,0,0,317.25
EDGE-00028,酊,丁,酉,酉,16,11,0,0,311.5625
EDGE-00065,擯,賓,扌,手,16,11,0,0,311.125
EDGE-04576,押,甲,扌,手,16,11,0,0,302.5625
EDGE-04747,慍,𥁕,忄,心,16,11,0,0,300.125
EDGE-02130,殞,員,歹,歹,16,11,0,0,295.3125
EDGE-00492,頦,亥,頁,頁,16,11,0,0,294.875
EDGE-00009,亭,丁,高,高,16,11,0,0,292.875
EDGE-01188,雰,分,雨,雨,16,11,0,0,291.6875
EDGE-03710,醍,是,酉,酉,16,11,0,0,287.5
EDGE-01896,給,合,糸,糸,16,11,0,0,282.0625
EDGE-01831,恪,各,忄,心,16,11,0,0,281.5
EDGE-03261,碌,彔,石,石,16,11,0,0,278.9375
EDGE-03754,增,曾,土,土,16,11,0,0,278.5
EDGE-01914,龕,合,龍,龍,16,11,0,0,262.5
EDGE-02725,銷,肖,釒,金,16,11,0,0,259.875
EDGE-03270,紳,申,糸,糸,16,11,0,0,249.625
EDGE-04974,翊,立,羽,羽,16,11,0,0,247.8125
EDGE-05175,闓,豈,門,門,16,11,0,0,238.5
EDGE-00879,諭,兪,言,言,16,11,0,0,234.4375
EDGE-00155,忡,中,忄,心,16,11,0,0,218.3125
EDGE-02912,箜,空,竹,竹,16,11,0,0,215.375
EDGE-01207,加,力,口,口,16,11,0,0,214.875
EDGE-03887,禁,林,示,示,16,11,0,0,204.375
EDGE-02993,帨,兌,巾,巾,16,11,0,0,204.0625
EDGE-04464,椹,甚,木,木,16,11,0,0,200.4375
EDGE-00108,趄,且,走,走,16,11,0,0,200.125
EDGE-02188,吐,土,口,口,16,11,0,0,198.875
EDGE-00701,斡,倝,斗,斗,16,11,0,0,193.5
EDGE-01609,私,厶,禾,禾,16,11,0,0,185.4375
EDGE-03033,駘,台,馬,馬,16,11,0,0,183.875
EDGE-00243,曳,丿,申,申,16,11,0,0,179.1875
EDGE-00940,俗,谷,亻,人,16,11,0,0,177.75
EDGE-01657,笈,及,竹,竹,16,11,0,0,177.125
EDGE-01387,貲,此,貝,貝,16,11,0,0,172.0625
EDGE-05640,筧,見,竹,竹,16,11,0,0,169.4375
EDGE-00677,滌,條,氵,水,16,11,0,0,166.9375
EDGE-01594,牟,厶,牛,牛,16,11,0,0,166.3125
EDGE-04171,壙,廣,土,土,16,11,0,0,161.5
EDGE-04746,媼,𥁕,女,女,16,11,0,0,155.125
EDGE-02021,惆,周,忄,心,16,11,0,0,152.0
EDGE-00663,掄,侖,扌,手,16,11,0,0,145.25
EDGE-00308,究,九,穴,穴,16,11,0,0,144.4375
EDGE-02510,恕,如,心,心,16,11,0,0,139.3125
EDGE-01092,崩,朋,山,山,16,11,0,0,135.375
EDGE-05675,彎,䜌,弓,弓,16,11,0,0,125.5
EDGE-00081,鈕,丑,釒,金,16,11,0,0,124.3125
EDGE-00003,劌,歲,刂,刀,16,11,0,0,116.6875
EDGE-05888,蟠,番,虫,虫,16,11,0,0,113.1875
EDGE-03938,煉,柬,火,火,16,11,0,0,111.75
EDGE-05396,畬,余,田,田,16,11,0,0,101.9375
EDGE-02985,竣,夋,立,立,16,11,0,0,91.8125
EDGE-00679,篠,條,竹,竹,16,11,0,0,86.8125
EDGE-05056,鋼,岡,釒,金,16,11,0,0,86.5
EDGE-00996,勖,冒,力,力,16,11,0,0,83.0625
EDGE-03558,訪,方,言,言,16,11,0,0,82.0625
EDGE-01473,稗,卑,禾,禾,16,11,0,0,73.5
EDGE-04374,奘,壯,大,大,16,11,0,0,69.5
EDGE-00366,訏,于,言,言,16,11,0,0,66.25
EDGE-01334,皸,軍,皮,皮,16,11,0,0,57.5625
EDGE-03432,瓞,失,瓜,瓜,16,11,0,0,57.125
EDGE-03677,楊,昜,木,木,16,11,0,0,54.0625
EDGE-01495,帖,占,巾,巾,16,11,0,0,50.9375
EDGE-03912,牒,枼,片,片,16,11,0,0,50.625
EDGE-01792,奇,可,大,大,16,11,0,0,50.3125
EDGE-05336,艦,監,舟,舟,16,11,0,0,46.4375
EDGE-04943,諉,委,言,言,16,11,0,0,42.5625
EDGE-03520,頎,斤,頁,頁,16,11,0,0,42.4375
EDGE-06037,徘,非,彳,彳,16,11,0,0,31.625
EDGE-02712,峭,肖,山,山,16,11,0,0,30.5
EDGE-02022,琱,周,王,玉,16,11,0,0,28.3125
EDGE-05015,棋,其,木,木,16,11,0,0,26.375
EDGE-01748,据,居,扌,手,16,11,0,0,18.4375
EDGE-01164,韌,刃,韋,韋,16,11,0,0,15.5
EDGE-04073,巉,毚,山,山,16,11,0,0,2.5625
EDGE-01152,韶,召,音,音,16,11,0,0,-3.125
EDGE-01599,矣,厶,矢,矢,16,11,0,0,-12.0
EDGE-04376,裝,壯,衣,衣,16,11,0,0,-13.375
EDGE-03739,幔,曼,巾,巾,16,11,0,0,-19.125
EDGE-03530,暫,斬,日,日,16,11,0,0,-20.3125
EDGE-01055,沈,冘,氵,水,16,11,0,0,-21.75
EDGE-02026,蜩,周,虫,虫,16,11,0,0,-25.25
EDGE-01294,的,勺,白,白,16,11,0,0,-27.3125
EDGE-02226,哇,圭,口,口,16,11,0,0,-29.5
EDGE-00805,衲,內,衤,衣,16,11,0,0,-34.8125
EDGE-05553,壚,盧,土,土,16,11,0,0,-40.125
EDGE-03676,暢,昜,申,申,16,11,0,0,-40.6875
EDGE-00841,虻,亡,虫,虫,16,11,0,0,-53.75
EDGE-01834,洛,各,氵,水,16,11,0,0,-60.1875
EDGE-02765,喔,屋,口,口,16,11,0,0,-64.75
EDGE-01538,妯,由,女,女,16,11,0,0,-65.8125
EDGE-00939,鬨,共,鬥,鬥,16,11,0,0,-89.875
EDGE-00404,悟,吾,忄,心,16,11,0,0,-91.1875
EDGE-01130,倒,到,亻,人,16,11,0,0,-92.6875
EDGE-01327,揮,軍,扌,手,16,11,0,0,-96.375
EDGE-03646,琨,昆,王,玉,16,11,0,0,-110.75
EDGE-05433,賁,卉,貝,貝,16,11,0,0,-112.4375
EDGE-02919,貢,工,貝,貝,16,11,0,0,-124.125
EDGE-02386,黟,多,黑,黑,16,11,0,0,-127.875
EDGE-05139,濯,翟,氵,水,16,11,0,0,-137.5
EDGE-00435,堊,亞,土,土,16,11,0,0,-155.8125
EDGE-04473,姓,生,女,女,16,11,0,0,-169.0
EDGE-02551,簍,婁,竹,竹,16,11,0,0,-170.9375
EDGE-03456,枝,支,木,木,16,11,0,0,-171.6875
EDGE-02077,禪,單,礻,示,16,11,0,0,-173.625
EDGE-01827,咯,各,口,口,16,11,0,0,-182.5
EDGE-04774,孀,霜,女,女,16,11,0,0,-205.0625
EDGE-00078,紐,丑,糸,糸,16,11,0,0,-207.6875
EDGE-00953,浴,谷,氵,水,16,11,0,0,-226.75
EDGE-06021,蠕,需,虫,虫,16,11,0,0,-235.375
EDGE-05379,輿,舁,車,車,16,11,0,0,-250.0625
EDGE-03829,銖,朱,釒,金,16,11,0,0,-252.625
EDGE-01968,嫦,常,女,女,16,11,0,0,-264.375
EDGE-02248,閨,圭,門,門,16,11,0,0,-269.0
EDGE-05825,蹤,從,𧾷,足,16,11,0,0,-288.1875
EDGE-00312,軌,九,車,車,16,11,0,0,-299.5
EDGE-00542,念,今,心,心,16,11,0,0,-301.75
EDGE-03023,笞,台,竹,竹,16,11,0,0,-304.6875
EDGE-01980,裳,尚,衣,衣,16,11,0,0,-312.125
EDGE-01270,枸,句,木,木,16,11,0,0,-322.875
EDGE-02102,譟,喿,言,言,16,11,0,0,-338.4375
EDGE-01179,盼,分,目,目,16,11,0,0,-339.6875
EDGE-03099,刊,干,刂,刀,16,11,0,0,-368.3125
EDGE-02639,管,官,竹,竹,16,11,0,0,-370.6875
EDGE-00526,軫,㐱,車,車,16,11,0,0,-374.375
EDGE-00024,町,丁,田,田,16,11,0,0,-419.5625
EDGE-01407,悼,卓,忄,心,16,11,0,0,-476.0
EDGE-02100,臊,喿,肉,肉,16,11,0,0,-518.6875
EDGE-01221,駕,加,馬,馬,16,11,0,0,-522.4375
EDGE-04909,耦,禺,耒,耒,16,11,0,0,-529.375
EDGE-01009,渦,咼,氵,水,16,11,0,0,-538.625
EDGE-05194,揖,咠,扌,手,16,11,0,0,-570.375
EDGE-03723,娘,良,女,女,16,11,0,0,-575.5625
EDGE-01463,婢,卑,女,女,16,11,0,0,-585.3125
EDGE-02952,妃,己,女,女,16,11,0,0,-592.5625
EDGE-01249,炮,包,火,火,16,11,0,0,-639.9375
EDGE-04098,衹,氏,衤,衣,16,10,0,0,1128.4375
EDGE-02328,紝,壬,糸,糸,16,10,0,0,1025.6875
EDGE-05268,嬴,𣎆,女,女,16,10,0,0,896.0
EDGE-00697,蹌,倉,𧾷,足,16,10,0,0,818.6875
EDGE-06192,龔,龍,共,共,16,10,0,0,804.6875
EDGE-00289,帥,𠂤,巾,巾,16,10,0,0,764.875
EDGE-03545,滂,旁,氵,水,16,10,0,0,745.625
EDGE-05670,贍,詹,貝,貝,16,10,0,0,715.5625
EDGE-05340,攬,覽,扌,手,16,10,0,0,670.6875
EDGE-00446,杭,亢,木,木,16,10,0,0,649.0625
EDGE-01600,俟,矣,亻,人,16,10,0,0,632.4375
EDGE-05623,粹,卒,米,米,16,10,0,0,624.1875
EDGE-03760,蹭,曾,𧾷,足,16,10,0,0,620.625
EDGE-02374,哆,多,口,口,16,10,0,0,614.0
EDGE-04173,曠,廣,日,日,16,10,0,0,612.75
EDGE-05885,翻,番,羽,羽,16,10,0,0,612.5625
EDGE-01417,傴,區,亻,人,16,10,0,0,605.875
EDGE-03489,玟,文,王,玉,16,10,0,0,595.3125
EDGE-01867,歡,雚,欠,欠,16,10,0,0,577.8125
EDGE-03680,盪,湯,皿,皿,16,10,0,0,577.375
EDGE-04025,貶,乏,貝,貝,16,10,0,0,562.3125
EDGE-01615,雄,厷,隹,隹,16,10,0,0,557.5625
EDGE-03470,徼,敫,彳,彳,16,10,0,0,540.5
EDGE-03748,鏝,曼,釒,金,16,10,0,0,520.0625
EDGE-05733,纓,嬰,糸,糸,16,10,0,0,503.3125
EDGE-05089,儀,義,亻,人,16,10,0,0,476.0
EDGE-04509,傭,庸,亻,人,16,10,0,0,472.5625
EDGE-01138,昭,召,日,日,16,10,0,0,471.4375
EDGE-02003,鵠,告,鳥,鳥,16,10,0,0,470.6875
EDGE-01326,惲,軍,忄,心,16,10,0,0,455.875
EDGE-01915,佶,吉,亻,人,16,10,0,0,452.5
EDGE-03487,旻,文,日,日,16,10,0,0,446.1875
EDGE-00093,沮,且,氵,水,16,10,0,0,429.5625
EDGE-04342,晞,希,日,日,16,10,0,0,422.1875
EDGE-02631,綜,宗,糸,糸,16,10,0,0,409.8125
EDGE-03504,晰,析,日,日,16,10,0,0,409.125
EDGE-06197,鍬,秋,釒,金,16,10,0,0,405.5
EDGE-01694,綴,叕,糸,糸,16,10,0,0,405.3125
EDGE-03819,姝,朱,女,女,16,10,0,0,397.25
EDGE-00250,仍,乃,亻,人,16,10,0,0,378.375
EDGE-00433,齎,齊,貝,貝,16,10,0,0,370.8125
EDGE-04800,懼,瞿,忄,心,16,10,0,0,360.75
EDGE-00869,渝,兪,氵,水,16,10,0,0,359.0625
EDGE-02543,屢,婁,尸,尸,16,10,0,0,354.5625
EDGE-01065,暝,冥,日,日,16,10,0,0,352.5
EDGE-04105,抵,氐,扌,手,16,10,0,0,342.3125
EDGE-00480,劾,亥,力,力,16,10,0,0,339.375
EDGE-04324,俯,府,亻,人,16,10,0,0,338.75
EDGE-03529,嶄,斬,山,山,16,10,0,0,333.1875
EDGE-05067,恙,羊,心,心,16,10,0,0,332.625
EDGE-03297,毖,必,比,比,16,10,0,0,330.6875
EDGE-02253,愨,𣪊,心,心,16,10,0,0,330.4375
EDGE-04285,緩,爰,糸,糸,16,10,0,0,312.9375
EDGE-03540,彷,方,彳,彳,16,10,0,0,311.375
EDGE-01427,漚,區,氵,水,16,10,0,0,309.75
EDGE-02204,梃,廷,木,木,16,10,0,0,305.375
EDGE-04112,胝,氐,肉,肉,16,10,0,0,269.6875
EDGE-04023,窆,乏,穴,穴,16,10,0,0,269.125
EDGE-05875,播,番,扌,手,16,10,0,0,267.3125
EDGE-03372,賤,戔,貝,貝,16,10,0,0,264.75
EDGE-01462,埤,卑,土,土,16,10,0,0,263.0
EDGE-00789,霓,兒,雨,雨,16,10,0,0,260.8125
EDGE-02706,肖,小,肉,肉,16,10,0,0,260.75
EDGE-05977,維,隹,糸,糸,16,10,0,0,241.25
EDGE-02737,淑,叔,氵,水,16,10,0,0,229.8125
EDGE-02311,涇,巠,氵,水,16,10,0,0,223.6875
EDGE-02361,婉,宛,女,女,16,10,0,0,223.625
EDGE-02640,綰,官,糸,糸,16,10,0,0,220.8125
EDGE-04456,蚶,甘,虫,虫,16,10,0,0,217.8125
EDGE-05925,張,長,弓,弓,16,10,0,0,215.1875
EDGE-01656,汲,及,氵,水,16,10,0,0,208.9375
EDGE-03104,旰,干,日,日,16,10,0,0,202.5
EDGE-02828,特,寺,牜,牛,16,10,0,0,201.9375
EDGE-04080,眊,毛,目,目,16,10,0,0,201.0
EDGE-01340,輝,軍,光,光,16,10,0,0,199.3125
EDGE-02067,嬋,單,女,女,16,10,0,0,196.125
EDGE-01848,璐,路,王,玉,16,10,0,0,194.4375
EDGE-05644,靦,見,面,面,16,10,0,0,193.875
EDGE-01456,泮,半,氵,水,16,10,0,0,193.1875
EDGE-02277,繞,堯,糸,糸,16,10,0,0,193.1875
EDGE-00029,釘,丁,釒,金,16,10,0,0,193.0625
EDGE-02950,圮,己,土,土,16,10,0,0,190.75
EDGE-00107,詛,且,言,言,16,10,0,0,189.4375
EDGE-02272,橈,堯,木,木,16,10,0,0,185.5625
EDGE-00688,創,倉,刂,刀,16,10,0,0,177.75
EDGE-03231,娣,弟,女,女,16,10,0,0,172.4375
EDGE-01222,勒,力,革,革,16,10,0,0,167.4375
EDGE-04971,泣,立,氵,水,16,10,0,0,160.3125
EDGE-03452,岐,支,山,山,16,10,0,0,157.125
EDGE-01654,岌,及,山,山,16,10,0,0,154.5625
EDGE-03139,幼,幺,力,力,16,10,0,0,144.9375
EDGE-03472,檄,敫,木,木,16,10,0,0,140.875
EDGE-05939,閩,門,虫,虫,16,10,0,0,138.4375
EDGE-00182,縫,逢,糸,糸,16,10,0,0,137.5625
EDGE-02742,踧,叔,𧾷,足,16,10,0,0,131.25
EDGE-01290,杓,勺,木,木,16,10,0,0,129.875
EDGE-00221,妙,少,女,女,16,10,0,0,121.625
EDGE-01144,詔,召,言,言,16,10,0,0,119.6875
EDGE-05244,鷂,䍃,鳥,鳥,16,10,0,0,117.75
EDGE-02220,掛,卦,扌,手,16,10,0,0,113.125
EDGE-02739,督,叔,目,目,16,10,0,0,110.5625
EDGE-04867,蜘,知,虫,虫,16,10,0,0,107.6875
EDGE-04937,倭,委,亻,人,16,10,0,0,107.625
EDGE-01962,堂,尚,土,土,16,10,0,0,106.1875
EDGE-00347,咨,次,口,口,16,10,0,0,102.6875
EDGE-02418,笑,夭,竹,竹,16,10,0,0,102.5
EDGE-01740,估,古,亻,人,16,10,0,0,97.0
EDGE-01937,洞,同,氵,水,16,10,0,0,95.5
EDGE-06049,蜚,非,虫,虫,16,10,0,0,90.875
EDGE-01430,謳,區,言,言,16,10,0,0,85.9375
EDGE-06125,傀,鬼,亻,人,16,10,0,0,81.875
EDGE-02097,燥,喿,火,火,16,10,0,0,80.0625
EDGE-01622,就,尤,京,京,16,10,0,0,70.8125
EDGE-00716,瀲,斂,氵,水,16,10,0,0,66.0625
EDGE-02192,社,土,礻,示,16,10,0,0,65.75
EDGE-05662,擔,詹,扌,手,16,10,0,0,53.875
EDGE-00302,軋,乙,車,車,16,10,0,0,52.0
EDGE-05165,剴,豈,刂,刀,16,10,0,0,51.9375
EDGE-03161,摭,庶,扌,手,16,10,0,0,50.4375
EDGE-00429,霽,齊,雨,雨,16,10,0,0,50.1875
EDGE-03192,黛,代,黑,黑,16,10,0,0,46.875
EDGE-02719,稍,肖,禾,禾,16,10,0,0,41.8125
EDGE-03347,饑,幾,飠,食,16,10,0,0,41.3125
EDGE-05823,聳,從,耳,耳,16,10,0,0,26.25
EDGE-01812,騎,奇,馬,馬,16,10,0,0,16.1875
EDGE-03756,憎,曾,忄,心,16,10,0,0,9.25
EDGE-01459,胖,半,肉,肉,16,10,0,0,7.0625
EDGE-00971,嫌,兼,女,女,16,10,0,0,6.0625
EDGE-06128,嵬,鬼,山,山,16,10,0,0,5.0625
EDGE-01385,嘴,觜,口,口,16,10,0,0,3.6875
EDGE-02369,怨,夗,心,心,16,10,0,0,-3.0
EDGE-03186,代,弋,亻,人,16,10,0,0,-3.6875
EDGE-01398,潁,頃,水,水,16,10,0,0,-4.5
EDGE-01451,許,午,言,言,16,10,0,0,-10.8125
EDGE-00755,黿,元,黽,黽,16,10,0,0,-12.9375
EDGE-01604,挨,矣,扌,手,16,10,0,0,-14.9375
EDGE-01422,摳,區,扌,手,16,10,0,0,-17.0625
EDGE-00068,濱,賓,氵,水,16,10,0,0,-17.8125
EDGE-00828,謁,曷,言,言,16,10,0,0,-24.6875
EDGE-03355,餓,我,飠,食,16,10,0,0,-28.1875
EDGE-06155,轆,鹿,車,車,16,10,0,0,-34.375
EDGE-01418,嘔,區,口,口,16,10,0,0,-37.5
EDGE-00821,竭,曷,立,立,16,10,0,0,-44.75
EDGE-01822,軻,可,車,車,16,10,0,0,-48.9375
EDGE-00591,屁,比,尸,尸,16,10,0,0,-52.3125
EDGE-03550,枋,方,木,木,16,10,0,0,-52.4375
EDGE-04717,短,豆,矢,矢,16,10,0,0,-55.3125
EDGE-04116,詆,氐,言,言,16,10,0,0,-60.6875
EDGE-00644,齡,令,齒,齒,16,10,0,0,-76.1875
EDGE-03640,詢,旬,言,言,16,10,0,0,-83.3125
EDGE-01357,嗜,耆,口,口,16,10,0,0,-85.3125
EDGE-02459,頰,夾,頁,頁,16,10,0,0,-87.875
EDGE-00541,涔,岑,氵,水,16,10,0,0,-88.8125
EDGE-02316,脛,巠,肉,肉,16,10,0,0,-91.25
EDGE-00277,託,乇,言,言,16,10,0,0,-92.25
EDGE-03350,娥,我,女,女,16,10,0,0,-120.0
EDGE-01163,軔,刃,車,車,16,10,0,0,-131.8125
EDGE-01087,諷,風,言,言,16,10,0,0,-142.5
EDGE-01866,權,雚,木,木,16,10,0,0,-142.5625
EDGE-00535,含,今,口,口,16,10,0,0,-151.25
EDGE-05158,喘,耑,口,口,16,10,0,0,-158.625
EDGE-05075,詳,羊,言,言,16,10,0,0,-167.0
EDGE-02898,功,工,力,力,16,10,0,0,-171.8125
EDGE-05819,慫,從,心,心,16,10,0,0,-180.5625
EDGE-03374,踐,戔,𧾷,足,16,10,0,0,-196.25
EDGE-04074,攙,毚,扌,手,16,10,0,0,-203.4375
EDGE-00544,捻,念,扌,手,16,10,0,0,-208.8125
EDGE-00222,抄,少,扌,手,16,10,0,0,-210.25
EDGE-03298,泌,必,氵,水,16,10,0,0,-212.5625
EDGE-06052,霏,非,雨,雨,16,10,0,0,-219.3125
EDGE-03373,濺,賤,氵,水,16,10,0,0,-221.0625
EDGE-03924,喇,剌,口,口,16,10,0,0,-226.3125
EDGE-01960,嘗,尚,旨,旨,16,10,0,0,-226.5
EDGE-00166,挈,㓞,手,手,16,10,0,0,-232.875
EDGE-00944,溶,容,氵,水,16,10,0,0,-243.875
EDGE-01261,鮑,包,魚,魚,16,10,0,0,-245.375
EDGE-01978,襠,當,衤,衣,16,10,0,0,-248.3125
EDGE-00463,校,交,木,木,16,10,0,0,-251.9375
EDGE-02558,鏤,婁,釒,金,16,10,0,0,-253.8125
EDGE-00771,娩,免,女,女,16,10,0,0,-269.6875
EDGE-00252,扔,乃,扌,手,16,10,0,0,-288.6875
EDGE-01592,泓,弘,氵,水,16,10,0,0,-290.5
EDGE-05009,嘶,斯,口,口,16,10,0,0,-295.8125
EDGE-04109,砥,氐,石,石,16,10,0,0,-298.4375
EDGE-00085,咀,且,口,口,16,10,0,0,-327.8125
EDGE-00354,資,次,貝,貝,16,10,0,0,-331.25
EDGE-04294,坡,皮,土,土,16,10,0,0,-340.25
EDGE-05183,湍,耑,氵,水,16,10,0,0,-350.4375
EDGE-00569,淦,金,氵,水,16,10,0,0,-375.25
EDGE-00822,羯,曷,羊,羊,16,10,0,0,-384.0
EDGE-00950,欲,谷,欠,欠,16,10,0,0,-389.375
EDGE-04187,幌,晃,巾,巾,16,10,0,0,-397.8125
EDGE-04993,暗,音,日,日,16,10,0,0,-406.0
EDGE-03454,技,支,扌,手,16,10,0,0,-435.125
EDGE-01472,碑,卑,石,石,16,10,0,0,-449.875
EDGE-00348,姿,次,女,女,16,10,0,0,-459.75
EDGE-02961,記,己,言,言,16,10,0,0,-480.625
EDGE-05094,犧,羲,牜,牛,16,10,0,0,-535.375
EDGE-03625,袒,旦,衤,衣,16,10,0,0,-563.125
EDGE-04552,捕,甫,扌,手,16,10,0,0,-574.8125
EDGE-01774,辜,古,辛,辛,16,10,0,0,-581.75
EDGE-05350,餡,臽,飠,食,16,10,0,0,-609.4375
EDGE-02581,浮,孚,氵,水,16,10,0,0,-613.1875
EDGE-04987,幟,戠,巾,巾,16,10,0,0,-615.5
EDGE-03376,錢,戔,釒,金,16,10,0,0,-702.9375
EDGE-04050,馨,殸,香,香,16,10,0,0,-800.125
EDGE-01491,訃,卜,言,言,16,9,0,0,747.0625
EDGE-05797,辮,辡,糸,糸,16,9,0,0,745.375
EDGE-03320,億,意,亻,人,16,9,0,0,591.125
EDGE-00364,紆,于,糸,糸,16,9,0,0,556.9375
EDGE-03945,爛,闌,火,火,16,9,0,0,517.3125
EDGE-06117,鎬,高,釒,金,16,9,0,0,447.875
EDGE-00092,殂,且,歹,歹,16,9,0,0,420.875
EDGE-01955,伺,司,亻,人,16,9,0,0,411.0625
EDGE-03633,洵,旬,氵,水,16,9,0,0,404.9375
EDGE-01250,皰,包,皮,皮,16,9,0,0,397.5625
EDGE-00639,鈴,令,釒,金,16,9,0,0,373.3125
EDGE-04546,縛,尃,糸,糸,16,9,0,0,362.75
EDGE-02769,齷,屋,齒,齒,16,9,0,0,361.375
EDGE-04266,崢,爭,山,山,16,9,0,0,348.25
EDGE-03606,嬗,亶,女,女,16,9,0,0,347.5625
EDGE-03473,激,敫,氵,水,16,9,0,0,341.8125
EDGE-01455,拌,半,扌,手,16,9,0,0,339.5625
EDGE-05976,碓,隹,石,石,16,9,0,0,330.0
EDGE-00514,殄,㐱,歹,歹,16,9,0,0,302.4375
EDGE-05815,耨,辱,耒,耒,16,9,0,0,299.1875
EDGE-05903,鬈,卷,髟,髟,16,9,0,0,288.5625
EDGE-05921,鋙,吾,釒,金,16,9,0,0,274.375
EDGE-06194,啾,秋,口,口,16,9,0,0,264.25
EDGE-05668,蟾,詹,虫,虫,16,9,0,0,249.875
EDGE-01412,綽,卓,糸,糸,16,9,0,0,245.6875
EDGE-02699,囀,轉,口,口,16,9,0,0,245.375
EDGE-01918,拮,吉,扌,手,16,9,0,0,244.6875
EDGE-05069,祥,羊,礻,示,16,9,0,0,242.8125
EDGE-03348,俄,我,亻,人,16,9,0,0,237.0
EDGE-03802,魅,未,鬼,鬼,16,9,0,0,232.75
EDGE-05310,窒,至,穴,穴,16,9,0,0,230.0
EDGE-05520,護,蒦,言,言,16,9,0,0,227.5625
EDGE-01208,伽,加,亻,人,16,9,0,0,220.5625
EDGE-02972,俊,夋,亻,人,16,9,0,1,216.4375
EDGE-01256,鉋,包,釒,金,16,9,0,0,213.5625
EDGE-00391,曇,雲,日,日,16,9,0,0,203.5
EDGE-01613,肱,厷,肉,肉,16,9,0,0,197.5
EDGE-02324,徵,壬,微,微,16,9,0,0,196.0
EDGE-01716,假,叚,亻,人,16,9,0,0,195.9375
EDGE-01590,強,弘,虫,虫,16,9,0,0,194.0625
EDGE-05184,瑞,耑,王,玉,16,9,0,0,192.9375
EDGE-05664,澹,詹,氵,水,16,9,0,0,179.875
EDGE-01372,此,匕,止,止,16,9,0,0,174.875
EDGE-05873,瀋,審,氵,水,16,9,0,0,165.8125
EDGE-03269,坤,申,土,土,16,9,0,0,160.4375
EDGE-00607,蚍,比,虫,虫,16,9,0,0,145.8125
EDGE-00880,踰,兪,𧾷,足,16,9,0,0,140.1875
EDGE-03868,撞,童,扌,手,16,9,0,0,138.75
EDGE-01363,詣,旨,言,言,16,9,0,0,135.75
EDGE-05962,崔,隹,山,山,16,9,0,0,134.0
EDGE-00515,餮,殄,食,食,16,9,0,0,129.25
EDGE-03159,渡,度,氵,水,16,9,0,0,128.9375
EDGE-05897,倦,卷,亻,人,16,9,0,0,123.4375
EDGE-01809,踦,奇,𧾷,足,16,9,0,0,120.75
EDGE-04439,孤,瓜,子,子,16,9,0,0,119.5
EDGE-02975,峻,夋,山,山,16,9,0,0,118.875
EDGE-02682,獎,將,犬,犬,16,9,0,0,116.1875
EDGE-02714,捎,肖,扌,手,16,9,0,0,110.1875
EDGE-00605,紕,比,糸,糸,16,9,0,0,107.0625
EDGE-03587,瀦,豬,氵,水,16,9,0,0,103.1875
EDGE-01805,畸,奇,田,田,16,9,0,0,101.6875
EDGE-00629,泠,令,氵,水,16,9,0,0,96.375
EDGE-05377,譽,與,言,言,16,9,0,0,95.875
EDGE-05501,謨,莫,言,言,16,9,0,0,94.5
EDGE-04907,愚,禺,心,心,16,9,0,0,91.9375
EDGE-00837,氓,亡,民,民,16,9,0,0,89.0625
EDGE-02963,配,己,酉,酉,16,9,0,0,87.75
EDGE-04674,百,白,一,一,16,9,0,0,87.0625
EDGE-00665,淪,侖,氵,水,16,9,0,0,86.125
EDGE-01717,嘏,叚,古,古,16,9,0,0,85.5
EDGE-02268,嬈,堯,女,女,16,9,0,0,84.5625
EDGE-05052,崗,岡,山,山,16,9,0,0,84.0
EDGE-04325,腐,府,肉,肉,16,9,0,0,79.5
EDGE-03453,忮,支,忄,心,16,9,0,0,70.4375
EDGE-04607,輻,畐,車,車,16,9,0,0,69.5
EDGE-06138,魁,鬼,斗,斗,16,9,0,0,65.0
EDGE-00738,皖,完,白,白,16,9,0,0,64.5
EDGE-02508,如,女,口,口,16,9,0,0,63.9375
EDGE-00802,納,內,糸,糸,16,9,0,0,60.75
EDGE-01840,胳,各,肉,肉,16,9,0,0,59.6875
EDGE-02032,雕,周,隹,隹,16,9,0,0,59.0
EDGE-00560,衿,今,衤,衣,16,9,0,0,57.625
EDGE-03519,靳,斤,革,革,16,9,0,0,54.0625
EDGE-04976,颯,立,風,風,16,9,0,0,53.1875
EDGE-02768,渥,屋,氵,水,16,9,0,0,47.875
EDGE-02726,霄,肖,雨,雨,16,9,0,0,47.625
EDGE-01838,略,各,田,田,16,9,0,0,45.5
EDGE-01638,鮪,有,魚,魚,16,9,0,0,39.0625
EDGE-01778,鴣,古,鳥,鳥,16,9,0,0,32.875
EDGE-02047,減,咸,氵,水,16,9,0,0,26.25
EDGE-03510,沂,斤,氵,水,16,9,0,0,25.375
EDGE-03201,鳶,弋,鳥,鳥,16,9,0,0,24.4375
EDGE-01646,緊,臤,糸,糸,16,9,0,0,24.0625
EDGE-02303,恁,任,心,心,16,9,0,0,22.5625
EDGE-04478,腥,星,肉,肉,16,9,0,0,19.5
EDGE-02954,忌,己,心,心,16,9,0,0,14.125
EDGE-04655,撅,厥,扌,手,16,9,0,0,10.1875
EDGE-06013,儒,需,亻,人,16,9,0,0,10.0
EDGE-05438,憤,賁,忄,心,16,9,0,0,8.625
EDGE-02628,淙,宗,氵,水,16,9,0,0,7.375
EDGE-02608,沱,它,氵,水,16,9,0,0,5.5625
EDGE-05319,輊,至,車,車,16,9,0,0,5.5
EDGE-04537,博,尃,十,十,16,9,0,0,3.1875
EDGE-05708,劇,豦,刂,刀,16,9,0,0,1.5
EDGE-04998,諳,音,言,言,16,9,0,0,-1.625
EDGE-05677,戀,䜌,心,心,16,9,0,0,-36.8125
EDGE-06156,麓,鹿,林,林,16,9,0,0,-37.0
EDGE-05230,繡,肅,糸,糸,16,9,0,0,-39.8125
EDGE-00279,伊,尹,亻,人,16,9,0,0,-52.625
EDGE-02625,崇,宗,山,山,16,9,0,0,-52.9375
EDGE-00398,伍,五,亻,人,16,9,0,0,-56.9375
EDGE-02502,怒,奴,心,心,16,9,0,0,-57.75
EDGE-00916,續,𧶠,糸,糸,16,9,0,0,-59.4375
EDGE-00800,吶,內,口,口,16,9,0,0,-62.4375
EDGE-03019,治,台,氵,水,16,9,0,0,-63.5
EDGE-01852,鷺,路,鳥,鳥,16,9,0,0,-73.0625
EDGE-03076,掠,京,扌,手,16,9,0,0,-74.6875
EDGE-06185,瓏,龍,王,玉,16,9,0,0,-79.0625
EDGE-03398,籤,韱,竹,竹,16,9,0,0,-81.125
EDGE-03871,潼,童,氵,水,16,9,0,0,-92.625
EDGE-05118,戮,翏,戈,戈,16,9,0,0,-93.4375
EDGE-03196,軾,式,車,車,16,9,0,0,-97.25
EDGE-04536,傅,尃,亻,人,16,9,0,0,-98.25
EDGE-00189,瞎,害,目,目,16,9,0,0,-98.8125
EDGE-04364,釀,襄,酉,酉,16,9,0,0,-110.125
EDGE-02331,飪,壬,飠,食,16,9,0,0,-114.375
EDGE-05007,斯,其,斤,斤,16,9,0,0,-116.625
EDGE-00154,忠,中,心,心,16,9,0,0,-118.25
EDGE-00281,君,尹,口,口,16,9,0,0,-121.5625
EDGE-05408,餘,余,飠,食,16,9,0,0,-122.0
EDGE-02500,帑,奴,巾,巾,16,9,0,0,-122.5
EDGE-00643,鴒,令,鳥,鳥,16,9,0,0,-122.6875
EDGE-05160,揣,耑,扌,手,16,9,0,0,-135.375
EDGE-02404,祆,天,示,示,16,9,0,0,-137.0
EDGE-05642,蜆,見,虫,虫,16,9,0,0,-164.375
EDGE-05594,鐲,蜀,釒,金,16,9,0,0,-185.125
EDGE-03226,紼,弗,糸,糸,16,9,0,0,-192.3125
EDGE-04970,拉,立,扌,手,16,9,0,0,-193.4375
EDGE-03903,踝,果,𧾷,足,16,9,0,0,-223.1875
EDGE-04331,符,付,竹,竹,16,9,0,0,-224.375
EDGE-00458,咬,交,口,口,16,9,0,0,-228.9375
EDGE-02587,蜉,孚,虫,虫,16,9,0,0,-236.75
EDGE-00815,歇,曷,欠,欠,16,9,0,0,-239.125
EDGE-01664,叛,反,半,半,16,9,0,0,-247.375
EDGE-02002,靠,告,非,非,16,9,0,0,-251.125
EDGE-01217,袈,加,衣,衣,16,9,0,0,-263.75
EDGE-00014,城,成,土,土,16,9,0,0,-272.75
EDGE-02028,調,周,言,言,16,9,0,0,-275.875
EDGE-00193,蚌,丰,虫,虫,16,9,0,0,-281.1875
EDGE-00507,滲,參,氵,水,16,9,0,0,-290.125
EDGE-04498,鯖,青,魚,魚,16,9,0,0,-296.4375
EDGE-01201,側,則,亻,人,16,9,0,0,-298.4375
EDGE-03016,怡,台,忄,心,16,9,0,0,-302.8125
EDGE-03382,蟈,國,虫,虫,16,9,0,0,-306.375
EDGE-03225,狒,弗,犭,犬,16,9,0,0,-315.125
EDGE-01625,蹴,就,𧾷,足,16,9,0,0,-319.375
EDGE-02135,韻,員,音,音,16,9,0,0,-323.3125
EDGE-00468,筊,交,竹,竹,16,9,0,0,-341.375
EDGE-01093,繃,崩,糸,糸,16,9,0,0,-343.375
EDGE-01582,嫄,原,女,女,16,9,0,0,-356.1875
EDGE-05369,蹈,舀,𧾷,足,16,9,0,0,-365.75
EDGE-02431,瑛,英,王,玉,16,9,0,0,-372.25
EDGE-04423,弦,玄,弓,弓,16,9,0,0,-374.75
EDGE-00227,秒,少,禾,禾,16,9,0,0,-397.0625
EDGE-03713,題,是,頁,頁,16,9,0,0,-424.4375
EDGE-06177,嚨,龍,口,口,16,9,0,0,-442.125
EDGE-01052,忱,冘,忄,心,16,9,0,0,-452.6875
EDGE-00144,叫,丩,口,口,16,9,0,0,-461.125
EDGE-02306,妊,壬,女,女,16,9,0,0,-490.875
EDGE-01898,歙,翕,欠,欠,16,9,0,0,-509.25
EDGE-04048,聲,殸,耳,耳,16,9,0,0,-511.125
EDGE-02698,轉,專,車,車,16,9,0,0,-514.5
EDGE-03902,課,果,言,言,16,9,0,0,-537.625
EDGE-00424,擠,齊,扌,手,16,9,0,0,-563.8125
EDGE-00226,砂,少,石,石,16,9,0,0,-582.1875
EDGE-05249,娟,肙,女,女,16,9,0,0,-592.5
EDGE-03169,犍,建,牜,牛,16,9,0,0,-599.125
EDGE-01583,愿,原,心,心,16,9,0,0,-603.6875
EDGE-01025,滑,骨,氵,水,16,9,0,0,-605.75
EDGE-01658,級,及,糸,糸,16,9,0,0,-607.25
EDGE-01137,招,召,扌,手,16,9,0,0,-611.375
EDGE-05206,餌,耳,飠,食,16,9,0,0,-618.3125
EDGE-02609,舵,它,舟,舟,16,9,0,0,-636.3125
EDGE-06016,濡,需,氵,水,16,9,0,0,-660.875
EDGE-02872,災,𡿧,火,火,16,9,0,0,-667.8125
EDGE-01132,叨,刀,口,口,16,9,0,0,-673.5
EDGE-02237,畦,圭,田,田,16,9,0,0,-689.625
EDGE-02274,燒,堯,火,火,16,9,0,0,-703.3125
EDGE-01523,桃,兆,木,木,16,9,0,0,-733.8125
EDGE-00919,讀,𧶠,言,言,16,9,0,0,-738.25
EDGE-01476,脾,卑,肉,肉,16,9,0,0,-793.9375
EDGE-00982,謙,兼,言,言,16,9,0,0,-838.1875
EDGE-00476,鮫,交,魚,魚,16,9,0,0,-852.6875
EDGE-00008,薉,歲,艹,艸,8,8,0,0,3676.375
EDGE-04791,嗔,眞,口,口,8,8,0,0,3436.5
EDGE-04352,淆,肴,氵,水,8,8,0,0,3340.25
EDGE-06127,媿,鬼,女,女,8,8,0,0,3057.375
EDGE-04353,駁,爻,馬,馬,8,8,0,0,2938.125
EDGE-05176,顗,豈,頁,頁,8,8,0,0,2883.25
EDGE-03272,嘒,彗,口,口,8,8,0,0,2803.75
EDGE-05420,媻,般,女,女,8,8,0,0,2755.375
EDGE-05025,諆,其,言,言,8,8,0,0,2609.75
EDGE-05439,歕,賁,欠,欠,8,8,0,0,2587.75
EDGE-01088,颿,風,馬,馬,8,8,0,0,2578.5
EDGE-03308,飶,必,飠,食,8,8,0,0,2445.625
EDGE-03838,勣,責,力,力,8,8,0,0,2440.75
EDGE-00766,駪,先,馬,馬,8,8,0,0,2423.125
EDGE-03178,墫,尊,土,土,8,8,0,0,2386.125
EDGE-03422,蹁,扁,𧾷,足,8,8,0,0,2269.75
EDGE-03479,傲,敖,亻,人,8,8,0,0,2229.625
EDGE-01865,懽,雚,忄,心,8,8,0,0,2167.0
EDGE-03992,憮,無,忄,心,8,8,0,0,2149.25
EDGE-03697,媞,是,女,女,8,8,0,0,2146.625
EDGE-05515,擭,蒦,扌,手,8,8,0,0,2142.5
EDGE-03813,訹,朮,言,言,8,8,0,0,2119.25
EDGE-04794,瞋,眞,目,目,8,8,0,0,2109.25
EDGE-02521,偃,匽,亻,人,8,8,0,0,2028.25
EDGE-01878,驩,雚,馬,馬,8,8,0,0,1994.75
EDGE-03927,嬾,賴,女,女,8,8,0,0,1932.625
EDGE-04725,譆,喜,言,言,8,8,0,0,1929.25
EDGE-00781,婗,兒,女,女,8,8,0,0,1914.625
EDGE-01924,袺,吉,衤,衣,8,8,0,0,1890.875
EDGE-04429,衒,玄,行,行,8,8,0,0,1888.625
EDGE-03275,篲,彗,竹,竹,8,8,0,0,1885.0
EDGE-00832,鞨,曷,革,革,8,8,0,0,1858.25
EDGE-04197,惔,炎,忄,心,8,8,0,0,1835.375
EDGE-02795,婕,疌,女,女,8,8,0,0,1802.0
EDGE-00418,喧,宣,口,口,8,8,0,0,1801.375
EDGE-00875,羭,兪,羊,羊,8,8,0,0,1747.5
EDGE-02089,譸,壽,言,言,8,8,0,0,1731.625
EDGE-01899,潝,翕,氵,水,8,8,0,0,1700.75
EDGE-04101,厎,氐,厂,厂,8,8,0,0,1693.625
EDGE-00913,殰,𧶠,歹,歹,8,8,0,0,1647.875
EDGE-02148,諰,思,言,言,8,8,0,0,1627.0
EDGE-03387,聝,或,耳,耳,8,8,0,0,1618.375
EDGE-01517,垗,兆,土,土,8,8,0,0,1609.875
EDGE-02013,噳,虞,口,口,8,8,0,0,1566.25
EDGE-02093,懆,喿,忄,心,8,8,0,0,1565.25
EDGE-03371,諓,戔,言,言,8,8,0,0,1552.125
EDGE-04764,殖,直,歹,歹,8,8,0,0,1546.5
EDGE-02503,怓,奴,忄,心,8,8,0,0,1537.75
EDGE-00075,狃,丑,犭,犬,8,8,0,0,1534.375
EDGE-01603,娭,矣,女,女,8,8,0,0,1516.5
EDGE-02976,悛,夋,忄,心,8,8,0,0,1515.0
EDGE-00813,朅,曷,去,去,8,8,0,0,1505.5
EDGE-03463,頍,支,頁,頁,8,8,0,0,1499.625
EDGE-03468,噭,敫,口,口,8,8,0,0,1491.625
EDGE-05698,啄,豖,口,口,8,8,0,0,1479.625
EDGE-03846,欶,束,欠,欠,8,8,0,0,1462.625
EDGE-02256,縠,𣪊,糸,糸,8,8,0,0,1450.25
EDGE-00520,眕,㐱,目,目,8,8,0,0,1441.375
EDGE-01892,欱,合,欠,欠,8,8,0,0,1437.25
EDGE-04756,褞,𥁕,衤,衣,8,8,0,0,1434.0
EDGE-05327,欿,臽,欠,欠,8,8,0,0,1419.875
EDGE-06093,趫,喬,走,走,8,8,0,0,1413.875
EDGE-04929,厲,萬,厂,厂,8,8,0,0,1412.75
EDGE-01564,姽,危,女,女,8,8,0,0,1403.25
EDGE-00856,跧,全,𧾷,足,8,8,0,0,1386.625
EDGE-03890,綝,林,糸,糸,8,8,0,0,1377.25
EDGE-05117,憀,翏,忄,心,8,8,0,0,1366.625
EDGE-02797,捷,疌,扌,手,8,8,0,0,1363.125
EDGE-02085,驒,單,馬,馬,8,8,0,0,1362.25
EDGE-05421,搫,般,手,手,8,8,0,0,1358.875
EDGE-04927,黐,离,黍,黍,8,8,0,0,1358.125
EDGE-04745,嗢,𥁕,口,口,8,8,0,0,1344.0
EDGE-04369,瀰,彌,氵,水,8,8,0,0,1332.5
EDGE-00833,餲,曷,飠,食,8,8,0,0,1321.5
EDGE-00867,歈,兪,欠,欠,8,8,0,0,1310.375
EDGE-02696,膞,專,肉,肉,8,8,0,0,1308.875
EDGE-04712,簦,登,竹,竹,8,8,0,0,1293.75
EDGE-01482,鞞,卑,革,革,8,8,0,0,1275.375
EDGE-03950,讕,闌,言,言,8,8,0,0,1229.25
EDGE-04143,梂,求,木,木,8,8,0,0,1215.5
EDGE-06098,嗃,高,口,口,8,8,0,0,1202.25
EDGE-05250,悁,肙,忄,心,8,8,0,0,1191.375
EDGE-04653,諝,胥,言,言,8,8,0,0,1180.625
EDGE-02007,閭,呂,門,門,8,8,0,0,1171.125
EDGE-00030,靪,丁,革,革,8,8,0,0,1170.25
EDGE-03842,績,責,糸,糸,16,8,0,0,1160.9375
EDGE-02722,誚,肖,言,言,8,8,0,0,1156.875
EDGE-05507,曚,蒙,日,日,8,8,0,0,1151.125
EDGE-02550,窶,婁,穴,穴,8,8,0,0,1146.625
EDGE-00005,濊,歲,氵,水,8,8,0,0,1143.5
EDGE-02807,窀,屯,穴,穴,8,8,0,0,1135.0
EDGE-01875,讙,雚,言,言,8,8,0,0,1133.625
EDGE-04841,譎,矞,言,言,8,8,0,0,1127.625
EDGE-01819,苛,可,艹,艸,8,8,0,0,1126.75
EDGE-00628,囹,令,囗,囗,8,8,0,0,1112.25
EDGE-01239,綯,匋,糸,糸,8,8,0,0,1091.75
EDGE-01279,胊,句,肉,肉,8,8,0,0,1089.625
EDGE-00401,啎,吾,午,午,8,8,0,0,1086.0
EDGE-03168,楗,建,木,木,8,8,0,0,1082.125
EDGE-01126,詘,出,言,言,8,8,0,0,1079.75
EDGE-04115,觝,氐,角,角,8,8,0,0,1064.25
EDGE-02282,譊,堯,言,言,8,8,0,0,1057.75
EDGE-04718,脰,豆,肉,肉,8,8,0,0,1055.625
EDGE-01354,恉,旨,忄,心,8,8,0,0,1053.875
EDGE-00299,扎,乙,扌,手,16,8,0,0,1043.0625
EDGE-03386,淢,或,氵,水,8,8,0,0,1042.875
EDGE-05437,幩,賁,巾,巾,8,8,0,0,1033.875
EDGE-02692,漙,專,氵,水,8,8,0,0,1022.625
EDGE-05258,鞙,肙,革,革,8,8,0,0,1020.25
EDGE-05929,粻,長,米,米,8,8,0,0,1018.75
EDGE-04246,醺,熏,酉,酉,8,8,0,0,1008.875
EDGE-00204,棓,咅,木,木,8,8,0,0,1004.875
EDGE-06101,歊,高,欠,欠,8,8,0,0,994.375
EDGE-03068,獘,敝,犬,犬,8,8,0,0,993.875
EDGE-01494,坫,占,土,土,8,8,0,0,979.0
EDGE-02046,轗,感,車,車,8,8,0,0,976.5
EDGE-01136,怊,召,忄,心,8,8,0,0,976.0
EDGE-03389,閾,或,門,門,8,8,0,0,972.75
EDGE-03035,齝,台,齒,齒,8,8,0,0,970.625
EDGE-03869,曈,童,日,日,8,8,0,0,966.75
EDGE-02122,褘,韋,衤,衣,8,8,0,0,960.625
EDGE-02557,謱,婁,言,言,8,8,0,0,949.25
EDGE-03421,諞,扁,言,言,8,8,0,0,942.125
EDGE-01730,騢,叚,馬,馬,8,8,0,0,935.25
EDGE-01097,淜,朋,氵,水,8,8,0,0,922.375
EDGE-03048,蜰,肥,虫,虫,8,8,0,0,920.875
EDGE-03362,俴,戔,亻,人,8,8,0,0,908.375
EDGE-05758,輀,而,車,車,8,8,0,0,906.125
EDGE-04308,詖,皮,言,言,8,8,0,0,901.5
EDGE-05661,憺,詹,忄,心,8,8,0,0,897.25
EDGE-00761,毨,先,毛,毛,8,8,0,0,893.5
EDGE-04549,賻,尃,貝,貝,8,8,0,0,892.0
EDGE-01062,塓,冥,土,土,8,8,0,0,881.625
EDGE-05988,榷,隺,木,木,8,8,0,0,871.875
EDGE-03431,泆,失,氵,水,8,8,0,0,857.625
EDGE-00809,堨,曷,土,土,8,8,0,0,856.875
EDGE-05517,獲,蒦,犭,犬,16,8,0,0,848.5
EDGE-00172,唪,奉,口,口,8,8,0,0,847.125
EDGE-01007,堝,咼,土,土,8,8,0,0,844.0
EDGE-03706,褆,是,衤,衣,8,8,0,0,840.25
EDGE-02687,剸,專,刂,刀,8,8,0,0,831.25
EDGE-01689,惙,叕,忄,心,8,8,0,0,816.5
EDGE-03531,槧,斬,木,木,8,8,0,0,812.375
EDGE-04450,拑,甘,扌,手,8,8,0,0,810.5
EDGE-03375,醆,戔,酉,酉,8,8,0,0,795.25
EDGE-00071,蠙,賓,虫,虫,8,8,0,0,788.5
EDGE-01885,揜,弇,扌,手,8,8,0,0,785.5
EDGE-05321,銍,至,釒,金,8,8,0,0,779.0
EDGE-00203,掊,咅,扌,手,8,8,0,0,771.25
EDGE-01389,骴,此,骨,骨,8,8,0,0,769.625
EDGE-03460,蚑,支,虫,虫,8,8,0,0,762.25
EDGE-02396,汍,丸,氵,水,8,8,0,0,758.625
EDGE-02139,蛔,回,虫,虫,8,8,0,0,749.625
EDGE-01282,軥,句,車,車,8,8,0,0,724.75
EDGE-01784,齞,只,齒,齒,8,8,0,0,723.5
EDGE-01104,胠,去,肉,肉,8,8,0,0,704.875
EDGE-01238,淘,匋,氵,水,8,8,0,0,697.75
EDGE-05214,讘,聶,言,言,8,8,0,0,689.875
EDGE-02307,剄,巠,刂,刀,8,8,0,0,687.875
EDGE-03737,閬,良,門,門,8,8,0,0,679.75
EDGE-06134,褢,鬼,衣,衣,8,8,0,0,678.125
EDGE-03702,睼,是,目,目,8,8,0,0,675.75
EDGE-03038,帊,巴,巾,巾,8,8,0,0,666.625
EDGE-03006,駾,兌,馬,馬,8,8,0,0,666.25
EDGE-02238,眭,圭,目,目,8,8,0,0,662.375
EDGE-04410,魃,犮,鬼,鬼,8,8,0,0,662.375
EDGE-01265,姁,句,女,女,8,8,0,0,661.875
EDGE-00562,嗿,貪,口,口,8,8,0,0,655.0
EDGE-00857,輇,全,車,車,8,8,0,0,653.375
EDGE-02082,襌,單,衤,衣,8,8,0,0,648.25
EDGE-02648,戭,寅,戈,戈,8,8,0,0,646.25
EDGE-03627,鴠,旦,鳥,鳥,8,8,0,0,643.75
EDGE-00477,鵁,交,鳥,鳥,8,8,0,0,629.5
EDGE-04206,菼,炎,艹,艸,8,8,0,0,621.125
EDGE-01804,猗,奇,犭,犬,8,8,0,0,604.0
EDGE-05514,饛,蒙,飠,食,8,8,0,0,597.25
EDGE-05109,蹋,𦐇,𧾷,足,8,8,0,0,594.75
EDGE-02149,颸,思,風,風,8,8,0,0,593.5
EDGE-01059,酖,冘,酉,酉,8,8,0,0,592.375
EDGE-03855,餗,束,飠,食,8,8,0,0,591.5
EDGE-00836,杗,亡,木,木,8,8,0,0,588.5
EDGE-05110,闒,𦐇,門,門,8,8,0,0,585.125
EDGE-00083,耡,助,耒,耒,8,8,0,0,580.875
EDGE-04338,抪,布,扌,手,8,8,0,0,579.25
EDGE-03107,睅,旱,目,目,8,8,0,0,573.25
EDGE-03991,嫵,無,女,女,8,8,0,0,571.125
EDGE-06023,醹,需,酉,酉,8,8,0,0,567.25
EDGE-04563,酺,甫,酉,酉,8,8,0,0,566.875
EDGE-05166,塏,豈,土,土,8,8,0,0,565.25
EDGE-02309,娙,巠,女,女,8,8,0,0,554.75
EDGE-04932,礪,厲,石,石,8,8,0,0,542.25
EDGE-05672,孌,䜌,女,女,8,8,0,0,542.0
EDGE-00824,擖,葛,扌,手,8,8,0,0,541.25
EDGE-01713,鯫,取,魚,魚,8,8,0,0,540.625
EDGE-01936,挏,同,扌,手,8,8,0,0,540.125
EDGE-05172,螘,豈,虫,虫,8,8,0,0,536.875
EDGE-02925,澒,項,氵,水,8,8,0,0,530.625
EDGE-03221,怫,弗,忄,心,8,8,0,0,525.25
EDGE-04229,罻,尉,罒,网,8,8,0,0,523.0
EDGE-02746,蹙,戚,足,足,16,8,0,0,519.5
EDGE-03217,刜,弗,刂,刀,8,8,0,0,507.75
EDGE-03563,魴,方,魚,魚,8,8,0,0,507.125
EDGE-00620,胙,乍,肉,肉,8,8,0,0,505.25
EDGE-05455,鶵,芻,鳥,鳥,8,8,0,0,504.25
EDGE-02803,蜨,疌,虫,虫,8,8,0,0,503.875
EDGE-00175,琫,奉,王,玉,8,8,0,0,499.0
EDGE-00316,鼽,九,鼻,鼻,8,8,0,0,486.375
EDGE-03020,炱,台,火,火,8,8,0,0,484.0
EDGE-01374,呰,此,口,口,8,8,0,0,483.5
EDGE-01399,熲,頃,火,火,8,8,0,0,482.125
EDGE-04521,踊,甬,𧾷,足,8,8,0,0,479.625
EDGE-00089,怚,且,忄,心,8,8,0,0,474.0
EDGE-04195,剡,炎,刂,刀,8,8,0,0,467.375
EDGE-02541,塿,婁,土,土,8,8,0,0,459.0
EDGE-01930,襭,頡,衤,衣,8,8,0,0,456.75
EDGE-02677,酹,寽,酉,酉,8,8,0,0,455.25
EDGE-06203,籥,龠,竹,竹,8,8,0,0,451.375
EDGE-00710,噞,僉,口,口,8,8,0,0,449.25
EDGE-05131,醪,翏,酉,酉,8,8,0,0,448.875
EDGE-04936,委,禾,女,女,16,8,0,0,448.5
EDGE-04159,裟,沙,衣,衣,8,8,0,0,446.125
EDGE-05148,栭,而,木,木,8,8,0,0,440.25
EDGE-04204,睒,炎,目,目,8,8,0,0,438.5
EDGE-00061,衃,不,血,血,8,8,0,0,438.375
EDGE-05512,艨,蒙,舟,舟,8,8,0,0,437.5
EDGE-00657,睞,來,目,目,8,8,0,0,434.75
EDGE-05886,膰,番,肉,肉,8,8,0,0,428.375
EDGE-04108,牴,氐,牜,牛,16,8,0,0,425.5625
EDGE-01036,覯,冓,見,見,8,8,0,0,412.625
EDGE-04864,騤,癸,馬,馬,8,8,0,0,404.5
EDGE-02877,鯔,甾,魚,魚,8,8,0,0,393.625
EDGE-03681,簜,湯,竹,竹,8,8,0,0,389.875
EDGE-04340,俙,希,亻,人,8,8,0,0,387.375
EDGE-05591,襡,蜀,衤,衣,8,8,0,0,385.25
EDGE-00860,裲,兩,衤,衣,8,8,0,0,384.625
EDGE-01154,齠,召,齒,齒,8,8,0,0,377.875
EDGE-04551,髆,尃,骨,骨,8,8,0,0,376.0
EDGE-02207,綎,廷,糸,糸,8,8,0,0,375.75
EDGE-03127,骭,干,骨,骨,8,8,0,0,366.25
EDGE-03624,笪,旦,竹,竹,8,8,0,0,365.375
EDGE-00310,虓,九,虎,虎,8,8,0,0,364.75
EDGE-01414,踔,卓,𧾷,足,8,8,0,0,364.75
EDGE-03790,嫠,𠩺,女,女,8,8,0,0,358.875
EDGE-01929,纈,頡,糸,糸,8,8,0,0,357.875
EDGE-05406,篨,除,竹,竹,8,8,0,0,357.75
EDGE-02005,筥,呂,竹,竹,8,8,0,0,357.25
EDGE-05446,鼖,卉,鼓,鼓,8,8,0,0,355.0
EDGE-01192,鼢,分,鼠,鼠,8,8,0,0,353.25
EDGE-01162,訒,刃,言,言,8,8,0,0,353.0
EDGE-03109,駻,旱,馬,馬,8,8,0,0,350.5
EDGE-04497,靜,青,爭,爭,16,8,0,0,344.5
EDGE-03268,呻,申,口,口,16,8,0,0,343.9375
EDGE-01336,翬,軍,羽,羽,8,8,0,0,340.0
EDGE-03614,顫,亶,頁,頁,16,8,0,0,332.0625
EDGE-04190,絖,光,糸,糸,8,8,0,0,326.875
EDGE-02027,裯,周,衤,衣,8,8,0,0,326.0
EDGE-00460,恔,交,忄,心,8,8,0,0,325.75
EDGE-02209,莛,廷,艹,艸,8,8,0,0,315.625
EDGE-06110,翯,高,羽,羽,8,8,0,0,311.5
EDGE-04329,泭,付,氵,水,8,8,0,0,311.25
EDGE-01259,颮,包,風,風,8,8,0,0,304.5
EDGE-03714,騠,是,馬,馬,8,8,0,0,303.0
EDGE-04803,臞,瞿,肉,肉,16,8,0,0,302.5625
EDGE-06164,鱺,麗,魚,魚,8,8,0,0,296.625
EDGE-05859,輶,酋,車,車,8,8,0,0,289.5
EDGE-00381,誇,夸,言,言,16,8,0,0,284.75
EDGE-04344,睎,希,目,目,8,8,0,0,277.125
EDGE-04051,硜,巠,石,石,8,8,0,0,275.0
EDGE-00712,嶮,僉,山,山,8,8,0,0,274.75
EDGE-04844,驈,矞,馬,馬,8,8,0,0,269.875
EDGE-01880,哈,合,口,口,16,8,0,0,267.625
EDGE-00097,砠,且,石,石,8,8,0,0,267.375
EDGE-03052,靶,巴,革,革,16,8,0,0,265.25
EDGE-03430,昳,失,日,日,8,8,0,0,255.625
EDGE-01807,綺,奇,糸,糸,16,8,0,0,249.5625
EDGE-04297,披,皮,扌,手,16,8,0,0,246.1875
EDGE-01906,袷,合,衤,衣,8,8,0,0,240.25
EDGE-03082,輬,京,車,車,8,8,0,0,239.25
EDGE-06086,嶠,喬,山,山,16,8,0,0,237.8125
EDGE-00877,褕,兪,衤,衣,8,8,0,0,227.875
EDGE-04534,埔,甫,土,土,16,8,0,0,222.625
EDGE-01976,璫,當,王,玉,16,8,0,0,222.1875
EDGE-05827,槤,連,木,木,16,8,0,0,217.1875
EDGE-02182,箇,固,竹,竹,16,8,0,0,212.9375
EDGE-06055,騑,非,馬,馬,8,8,0,0,205.375
EDGE-00190,豁,害,谷,谷,16,8,0,0,202.6875
EDGE-03613,蟺,亶,虫,虫,8,8,0,0,202.25
EDGE-04449,坩,甘,土,土,16,8,0,0,201.125
EDGE-02752,駹,尨,馬,馬,8,8,0,0,199.375
EDGE-00632,笭,令,竹,竹,8,8,0,0,194.375
EDGE-03075,勍,京,力,力,8,8,0,0,194.375
EDGE-02906,矼,工,石,石,8,8,0,0,192.5
EDGE-04424,泫,玄,氵,水,16,8,0,0,190.9375
EDGE-06175,赬,貞,赤,赤,8,8,0,0,190.0
EDGE-05270,羸,𣎆,羊,羊,16,8,0,0,189.9375
EDGE-02041,鼛,咎,鼓,鼓,8,8,0,0,185.875
EDGE-04881,鼫,石,鼠,鼠,8,8,0,0,182.25
EDGE-03949,襴,闌,衤,衣,8,8,0,0,179.0
EDGE-05510,濛,蒙,氵,水,8,8,0,0,178.875
EDGE-06092,蟜,喬,虫,虫,8,8,0,0,177.25
EDGE-01507,蛅,占,虫,虫,8,8,0,0,176.0
EDGE-01338,褌,軍,衤,衣,8,8,0,0,172.625
EDGE-04630,儡,畾,亻,人,16,8,0,0,171.0625
EDGE-00258,篪,虒,竹,竹,8,8,0,0,170.75
EDGE-05254,睊,肙,目,目,8,8,0,0,162.875
EDGE-05966,璀,崔,王,玉,16,8,0,0,162.875
EDGE-02709,箾,削,竹,竹,8,8,0,0,159.375
EDGE-03875,艟,童,舟,舟,8,8,0,0,152.75
EDGE-05682,蠻,䜌,虫,虫,16,8,0,0,151.5625
EDGE-03079,憬,景,忄,心,16,8,0,0,151.125
EDGE-00980,縑,兼,糸,糸,16,8,0,0,150.5
EDGE-05027,麒,其,鹿,鹿,16,8,0,0,149.3125
EDGE-04186,晃,光,日,日,16,8,0,0,147.875
EDGE-01965,鏜,堂,釒,金,16,8,0,0,143.9375
EDGE-00625,鮓,乍,魚,魚,8,8,0,0,143.125
EDGE-04384,牂,爿,羊,羊,8,8,0,0,142.25
EDGE-02853,槊,朔,木,木,16,8,0,0,140.375
EDGE-00453,閌,亢,門,門,8,8,0,0,139.625
EDGE-06188,聾,龍,耳,耳,16,8,0,0,137.4375
EDGE-05836,浥,邑,氵,水,8,8,0,0,134.375
EDGE-00184,鋒,夆,釒,金,16,8,0,0,131.625
EDGE-01390,髭,此,髟,髟,16,8,0,0,125.375
EDGE-01379,眥,此,目,目,16,8,0,0,124.625
EDGE-01550,蚰,由,虫,虫,8,8,0,0,121.5
EDGE-06030,俳,非,亻,人,16,8,0,0,115.1875
EDGE-02018,啁,周,口,口,16,8,0,0,113.5625
EDGE-00223,杪,少,木,木,16,8,0,0,110.5625
EDGE-02524,蝘,匽,虫,虫,8,8,0,0,109.75
EDGE-04404,茇,犮,艹,艸,8,8,0,0,104.125
EDGE-05727,嬰,賏,女,女,16,8,0,0,100.125
EDGE-04312,頗,皮,頁,頁,16,8,0,0,99.9375
EDGE-05559,臚,盧,肉,肉,16,8,0,0,99.5
EDGE-01461,俾,卑,亻,人,16,8,0,0,98.0625
EDGE-03783,鱠,會,魚,魚,8,8,0,0,97.875
EDGE-01508,覘,占,見,見,8,8,0,0,96.0
EDGE-03370,箋,戔,竹,竹,16,8,0,0,91.0625
EDGE-00934,洪,共,氵,水,16,8,0,0,80.6875
EDGE-00038,拷,考,扌,手,16,8,0,0,75.375
EDGE-05346,閻,臽,門,門,16,8,0,0,74.625
EDGE-05676,灣,彎,氵,水,16,8,0,0,69.3125
EDGE-05216,鑷,聶,釒,金,16,8,0,0,67.5
EDGE-06174,禎,貞,礻,示,16,8,0,0,66.6875
EDGE-00567,崟,金,山,山,8,8,0,0,66.5
EDGE-00947,鎔,容,釒,金,16,8,0,0,61.4375
EDGE-05342,纜,覽,糸,糸,16,8,0,0,54.4375
EDGE-04367,驤,襄,馬,馬,16,8,0,0,52.3125
EDGE-00900,翁,公,羽,羽,16,8,0,0,52.125
EDGE-03190,貸,代,貝,貝,16,8,0,0,48.9375
EDGE-02499,孥,奴,子,子,16,8,0,0,36.375
EDGE-03004,銳,兌,釒,金,16,8,0,0,30.125
EDGE-05496,漠,莫,氵,水,16,8,0,0,27.3125
EDGE-01773,詁,古,言,言,16,8,0,0,25.3125
EDGE-01264,劬,句,力,力,16,8,0,0,24.75
EDGE-00084,鋤,助,釒,金,16,8,0,0,13.875
EDGE-04662,闕,欮,門,門,16,8,0,0,11.875
EDGE-05616,晬,卒,日,日,16,8,0,0,10.8125
EDGE-05774,嬖,辟,女,女,16,8,0,0,9.8125
EDGE-04305,破,皮,石,石,16,8,0,0,9.4375
EDGE-06153,漉,鹿,氵,水,16,8,0,0,5.8125
EDGE-02933,矩,巨,矢,矢,16,8,0,0,-0.1875
EDGE-03745,縵,曼,糸,糸,16,8,0,0,-4.0
EDGE-02691,摶,專,扌,手,16,8,0,0,-4.875
EDGE-00895,松,公,木,木,16,8,0,1,-10.5625
EDGE-03393,懺,韱,忄,心,16,8,0,0,-10.5625
EDGE-01591,襁,強,衤,衣,16,8,0,0,-15.6875
EDGE-03321,噫,意,口,口,16,8,0,0,-15.9375
EDGE-02379,移,多,禾,禾,16,8,0,0,-16.625
EDGE-03851,竦,束,立,立,16,8,0,0,-18.5
EDGE-05913,浬,里,氵,水,16,8,0,0,-20.875
EDGE-02230,恚,圭,心,心,16,8,0,0,-31.3125
EDGE-02890,獵,巤,犭,犬,16,8,0,0,-34.75
EDGE-02868,釧,川,釒,金,16,8,0,0,-49.125
EDGE-01153,髫,召,髟,髟,16,8,0,0,-50.5625
EDGE-01267,拘,句,扌,手,16,8,0,0,-52.9375
EDGE-01670,販,反,貝,貝,16,8,0,0,-56.125
EDGE-05343,鑑,監,釒,金,16,8,0,0,-56.375
EDGE-00705,瀚,翰,氵,水,16,8,0,0,-56.8125
EDGE-02423,怏,央,忄,心,16,8,0,0,-59.875
EDGE-06100,槁,高,木,木,16,8,0,0,-66.0
EDGE-00518,畛,㐱,田,田,16,8,0,0,-80.9375
EDGE-04672,箔,泊,竹,竹,16,8,0,0,-89.5625
EDGE-03988,鑠,樂,釒,金,16,8,0,0,-90.6875
EDGE-03607,擅,亶,扌,手,16,8,0,0,-91.5625
EDGE-00871,瑜,兪,王,玉,16,8,0,0,-99.5
EDGE-01981,賞,尚,貝,貝,16,8,0,0,-99.5625
EDGE-00339,墅,野,土,土,16,8,0,0,-101.0
EDGE-00999,瑁,冒,王,玉,16,8,0,0,-103.0
EDGE-03187,岱,代,山,山,16,8,0,0,-109.9375
EDGE-04381,贓,臧,貝,貝,16,8,0,0,-114.5625
EDGE-01375,柴,此,木,木,16,8,0,0,-115.4375
EDGE-05486,墓,莫,土,土,16,8,0,0,-124.0625
EDGE-05338,襤,監,衤,衣,16,8,0,0,-131.5625
EDGE-01156,仞,刃,亻,人,16,8,0,0,-132.5
EDGE-02552,縷,婁,糸,糸,16,8,0,0,-133.4375
EDGE-04951,龢,禾,龠,龠,16,8,0,0,-138.875
EDGE-00481,咳,亥,口,口,16,8,0,0,-140.375
EDGE-03014,始,台,女,女,16,8,0,0,-141.6875
EDGE-01035,篝,冓,竹,竹,16,8,0,0,-143.1875
EDGE-02217,佳,圭,亻,人,16,8,0,0,-143.8125
EDGE-00423,儕,齊,亻,人,16,8,0,0,-147.9375
EDGE-03960,磨,麻,石,石,16,8,0,0,-149.0625
EDGE-05565,驢,盧,馬,馬,16,8,0,0,-152.125
EDGE-00524,診,㐱,言,言,16,8,0,0,-157.125
EDGE-00445,抗,亢,扌,手,16,8,0,0,-157.75
EDGE-05877,潘,番,氵,水,16,8,0,0,-159.125
EDGE-04492,蜻,青,虫,虫,16,8,0,0,-168.4375
EDGE-00903,蚣,公,虫,虫,16,8,0,0,-179.5
EDGE-03877,鐘,童,釒,金,16,8,0,0,-181.125
EDGE-00858,銓,全,釒,金,16,8,0,0,-183.0
EDGE-06041,排,非,扌,手,16,8,0,0,-184.5
EDGE-00098,祖,且,礻,示,16,8,0,0,-184.5625
EDGE-00851,牷,全,牜,牛,16,8,0,0,-187.8125
EDGE-05435,噴,賁,口,口,16,8,0,0,-202.875
EDGE-00022,汀,丁,氵,水,16,8,0,0,-207.3125
EDGE-05470,檠,敬,木,木,16,8,0,0,-216.75
EDGE-01424,樞,區,木,木,16,8,0,0,-217.375
EDGE-02612,跎,它,𧾷,足,16,8,0,0,-226.9375
EDGE-01626,鷲,就,鳥,鳥,16,8,0,0,-229.0
EDGE-03565,堵,者,土,土,16,8,0,0,-242.0
EDGE-02428,盎,央,皿,皿,16,8,0,0,-250.3125
EDGE-01365,尼,匕,尸,尸,16,8,0,0,-251.3125
EDGE-01851,露,路,雨,雨,16,8,0,0,-252.125
EDGE-05341,欖,覽,木,木,16,8,0,0,-265.5
EDGE-03923,剌,柬,刂,刀,16,8,0,0,-280.0
EDGE-03488,汶,文,氵,水,16,8,0,0,-286.0
EDGE-03229,費,弗,貝,貝,16,8,0,0,-288.25
EDGE-03163,蹠,庶,𧾷,足,16,8,0,0,-290.75
EDGE-04373,壯,爿,士,士,16,8,0,0,-290.8125
EDGE-00285,裙,君,衤,衣,16,8,0,0,-293.25
EDGE-03069,瞥,敝,目,目,16,8,0,0,-293.625
EDGE-01204,測,則,氵,水,16,8,0,0,-294.4375
EDGE-01752,裾,居,衤,衣,16,8,0,0,-296.0
EDGE-02940,距,巨,𧾷,足,16,8,0,0,-310.5625
EDGE-05730,櫻,嬰,木,木,16,8,0,0,-310.625
EDGE-03751,鰻,曼,魚,魚,16,8,0,0,-311.9375
EDGE-01070,螟,冥,虫,虫,16,8,0,0,-315.125
EDGE-03893,夥,果,多,多,16,8,0,0,-315.125
EDGE-01996,窖,告,穴,穴,16,8,0,0,-324.3125
EDGE-00698,鎗,倉,釒,金,16,8,0,0,-331.25
EDGE-01814,柯,可,木,木,16,8,0,0,-342.25
EDGE-03505,淅,析,氵,水,16,8,0,0,-342.5
EDGE-01020,拐,冎,扌,手,16,8,0,0,-351.5
EDGE-05533,槿,堇,木,木,16,8,0,0,-353.3125
EDGE-01248,泡,包,氵,水,16,8,0,0,-372.0
EDGE-03568,屠,者,尸,尸,16,8,0,0,-373.625
EDGE-03862,慟,動,忄,心,16,8,0,0,-375.4375
EDGE-03240,鵜,弟,鳥,鳥,16,8,0,0,-382.0
EDGE-03574,箸,者,竹,竹,16,8,0,0,-389.3125
EDGE-02824,時,寺,日,日,16,8,0,0,-396.6875
EDGE-00345,次,二,欠,欠,16,8,0,0,-401.25
EDGE-02715,梢,肖,木,木,16,8,0,0,-410.5
EDGE-05395,塗,涂,土,土,16,8,0,0,-421.375
EDGE-06095,轎,喬,車,車,16,8,0,0,-432.625
EDGE-04670,柏,白,木,木,16,8,0,0,-439.0
EDGE-03906,喋,枼,口,口,16,8,0,0,-459.375
EDGE-01435,鷗,區,鳥,鳥,16,8,0,0,-479.0625
EDGE-04769,想,相,心,心,16,8,0,0,-483.5625
EDGE-04337,怖,布,忄,心,16,8,0,0,-492.25
EDGE-01833,格,各,木,木,16,8,0,0,-511.1875
EDGE-04923,離,离,隹,隹,16,8,0,0,-524.0
EDGE-02069,彈,單,弓,弓,16,8,0,0,-526.5625
EDGE-02619,按,安,扌,手,16,8,0,0,-534.8125
EDGE-01395,頃,匕,頁,頁,16,8,0,0,-574.6875
EDGE-04487,猜,青,犭,犬,16,8,0,0,-589.4375
EDGE-01802,椅,奇,木,木,16,8,0,0,-590.25
EDGE-05801,娠,辰,女,女,16,8,0,0,-596.8125
EDGE-03380,摑,國,扌,手,16,8,0,0,-620.9375
EDGE-00676,條,攸,木,木,16,8,0,0,-628.625
EDGE-02971,吮,允,口,口,16,8,0,0,-635.0625
EDGE-04809,務,敄,力,力,16,8,0,0,-656.1875
EDGE-02814,頓,屯,頁,頁,16,8,0,0,-656.4375
EDGE-01889,拾,合,扌,手,16,8,0,0,-681.5625
EDGE-01526,眺,兆,目,目,16,8,0,0,-687.9375
EDGE-01408,掉,卓,扌,手,16,8,0,0,-694.5625
EDGE-01874,觀,雚,見,見,16,8,0,1,-696.75
EDGE-00616,炸,乍,火,火,16,8,0,0,-709.8125
EDGE-01373,些,此,二,二,16,8,0,0,-715.3125
EDGE-01745,姑,古,女,女,16,8,0,0,-715.8125
EDGE-00839,盲,亡,目,目,16,8,0,0,-716.625
EDGE-01353,靴,化,革,革,16,8,0,0,-729.625
EDGE-04020,鉦,正,釒,金,16,8,0,0,-753.75
EDGE-04823,揉,柔,扌,手,16,8,0,0,-793.8125
EDGE-01483,髀,卑,骨,骨,16,8,0,0,-810.6875
EDGE-02232,桂,圭,木,木,16,8,0,0,-812.4375
EDGE-05639,硯,見,石,石,16,8,0,0,-830.9375
EDGE-03111,汗,干,氵,水,16,8,0,0,-983.5
EDGE-04351,殽,肴,殳,殳,8,7,0,0,3514.125
EDGE-02292,蓺,埶,艹,艸,8,7,0,0,2436.625
EDGE-01570,頠,危,頁,頁,8,7,0,0,2266.0
EDGE-04157,娑,沙,女,女,8,7,0,0,2184.25
EDGE-05147,恧,而,心,心,8,7,0,0,2175.125
EDGE-00208,賠,咅,貝,貝,8,7,0,0,2171.875
EDGE-06141,蘇,穌,艹,艸,8,7,0,0,2164.75
EDGE-02786,淒,妻,氵,水,8,7,0,0,2012.5
EDGE-01952,詬,后,言,言,8,7,0,0,1920.0
EDGE-02400,骫,丸,骨,骨,8,7,0,0,1917.0
EDGE-01884,媕,弇,女,女,8,7,0,0,1913.25
EDGE-04483,婧,青,女,女,8,7,0,0,1913.125
EDGE-01946,酩,名,酉,酉,8,7,0,0,1838.5
EDGE-00874,緰,兪,糸,糸,8,7,0,0,1772.0
EDGE-05223,贐,盡,貝,貝,8,7,0,0,1760.5
EDGE-04825,糅,柔,米,米,8,7,0,0,1661.5
EDGE-00653,徠,來,彳,彳,8,7,0,0,1623.875
EDGE-03516,訢,斤,言,言,8,7,0,0,1598.25
EDGE-02221,罫,卦,罒,网,8,7,0,0,1549.0
EDGE-00673,儵,攸,黑,黑,8,7,0,0,1530.75
EDGE-00164,禊,契,礻,示,8,7,0,0,1494.25
EDGE-04407,軷,犮,車,車,8,7,0,0,1461.875
EDGE-01404,倬,卓,亻,人,8,7,0,0,1454.25
EDGE-02213,頲,廷,頁,頁,8,7,0,0,1451.75
EDGE-00713,憸,僉,忄,心,8,7,0,0,1439.875
EDGE-05741,纘,贊,糸,糸,8,7,0,0,1437.25
EDGE-02062,僤,單,亻,人,8,7,0,0,1425.25
EDGE-05191,咠,耳,口,口,8,7,0,0,1421.75
EDGE-06020,臑,需,肉,肉,8,7,0,0,1387.875
EDGE-05005,娸,其,女,女,8,7,0,0,1382.0
EDGE-02267,嘵,堯,口,口,8,7,0,0,1371.625
EDGE-04072,嚵,毚,口,口,8,7,0,0,1342.375
EDGE-02241,絓,圭,糸,糸,8,7,0,0,1308.125
EDGE-01990,俁,吳,亻,人,8,7,0,0,1276.5
EDGE-00021,朾,丁,木,木,8,7,0,0,1271.0
EDGE-05883,繙,番,糸,糸,8,7,0,0,1238.75
EDGE-05080,懌,睪,忄,心,8,7,0,0,1237.5
EDGE-03411,媥,扁,女,女,8,7,0,0,1236.375
EDGE-04158,莎,沙,艹,艸,8,7,0,0,1225.625
EDGE-03250,掾,彖,扌,手,8,7,0,0,1216.0
EDGE-04199,欻,炎,欠,欠,8,7,0,0,1203.25
EDGE-00431,齌,齊,火,火,8,7,0,0,1174.75
EDGE-02103,趮,喿,走,走,8,7,0,0,1162.0
EDGE-04837,憰,矞,忄,心,8,7,0,0,1160.5
EDGE-05783,繴,辟,糸,糸,8,7,0,0,1141.625
EDGE-02584,脬,孚,肉,肉,8,7,0,0,1120.125
EDGE-03027,詒,台,言,言,8,7,0,0,1103.0
EDGE-04625,僵,畺,亻,人,8,7,0,0,1101.875
EDGE-05156,鮞,而,魚,魚,8,7,0,0,1099.75
EDGE-04877,橐,石,東,東,8,7,0,0,1097.375
EDGE-01916,劼,吉,力,力,8,7,0,0,1096.0
EDGE-03274,槥,彗,木,木,8,7,0,0,1072.375
EDGE-02695,縳,專,糸,糸,8,7,0,0,1064.25
EDGE-05922,鎒,辱,釒,金,8,7,0,0,1064.0
EDGE-00774,浼,免,氵,水,8,7,0,0,1059.125
EDGE-01368,柅,尼,木,木,8,7,0,0,1014.625
EDGE-02366,菀,宛,艹,艸,8,7,0,0,1009.25
EDGE-02743,戚,尗,戉,戉,8,7,0,0,999.0
EDGE-05017,僛,欺,亻,人,8,7,0,0,972.875
EDGE-02790,霋,妻,雨,雨,8,7,0,0,961.625
EDGE-00119,勩,貰,力,力,8,7,0,0,961.25
EDGE-04138,眽,𠂢,目,目,8,7,0,0,961.0
EDGE-03635,眴,旬,目,目,8,7,0,0,960.875
EDGE-05635,俔,見,亻,人,8,7,0,0,959.0
EDGE-04211,餤,炎,飠,食,8,7,0,0,956.5
EDGE-04535,尃,甫,寸,寸,8,7,0,0,944.875
EDGE-00004,噦,歲,口,口,8,7,0,0,942.125
EDGE-01531,誂,兆,言,言,8,7,0,0,940.625
EDGE-04150,賕,求,貝,貝,8,7,0,0,939.5
EDGE-04941,萎,委,艹,艸,8,7,0,0,939.125
EDGE-02690,慱,專,忄,心,8,7,0,0,925.0
EDGE-05788,躄,辟,足,足,8,7,0,0,920.875
EDGE-05312,絰,至,糸,糸,8,7,0,0,917.875
EDGE-05916,貍,里,豸,豸,8,7,0,0,910.125
EDGE-03381,膕,國,肉,肉,8,7,0,0,900.125
EDGE-02439,咦,夷,口,口,8,7,0,0,891.625
EDGE-01563,垝,危,土,土,8,7,0,0,880.125
EDGE-04081,秏,毛,禾,禾,8,7,0,0,879.375
EDGE-05197,葺,咠,艹,艸,8,7,0,0,872.125
EDGE-02388,杕,大,木,木,8,7,0,0,861.0
EDGE-06181,曨,龍,日,日,8,7,0,0,858.0
EDGE-03621,怛,旦,忄,心,8,7,0,0,845.375
EDGE-00467,窔,交,穴,穴,8,7,0,0,844.25
EDGE-05114,嫪,翏,女,女,8,7,0,0,835.375
EDGE-02977,捘,夋,扌,手,8,7,0,0,834.5
EDGE-05775,幦,辟,巾,巾,8,7,0,0,834.375
EDGE-03894,婐,果,女,女,8,7,0,0,828.625
EDGE-02964,圯,巳,土,土,8,7,0,0,828.25
EDGE-04259,瀌,麃,氵,水,8,7,0,0,827.375
EDGE-05834,悒,邑,忄,心,8,7,0,0,814.5
EDGE-03480,嗷,敖,口,口,8,7,0,0,812.375
EDGE-04558,莆,甫,艹,艸,8,7,0,0,812.375
EDGE-01247,枹,包,木,木,8,7,0,0,807.75
EDGE-00046,伾,丕,亻,人,8,7,0,0,802.625
EDGE-02380,簃,移,竹,竹,8,7,0,0,797.5
EDGE-04301,碆,波,石,石,8,7,0,0,794.375
EDGE-01541,怞,由,忄,心,8,7,0,0,787.5
EDGE-01883,弇,合,廾,廾,8,7,0,0,785.5
EDGE-04921,謧,离,言,言,8,7,0,0,774.375
EDGE-02473,謑,奚,言,言,8,7,0,0,773.875
EDGE-01662,靸,及,革,革,8,7,0,0,770.0
EDGE-01287,鼩,句,鼠,鼠,8,7,0,0,769.25
EDGE-05680,矕,䜌,目,目,8,7,0,0,766.75
EDGE-00870,牏,兪,片,片,8,7,0,0,766.125
EDGE-05331,窞,臽,穴,穴,8,7,0,0,762.5
EDGE-05982,趡,隹,走,走,8,7,0,0,758.875
EDGE-05878,藩,潘,艹,艸,8,7,0,0,749.75
EDGE-01091,堋,朋,土,土,8,7,0,0,747.75
EDGE-05997,躩,矍,𧾷,足,8,7,0,0,747.375
EDGE-01349,囮,化,囗,囗,8,7,0,0,740.75
EDGE-05655,澥,解,氵,水,8,7,0,0,727.25
EDGE-02580,殍,孚,歹,歹,8,7,0,0,726.0
EDGE-02141,呬,四,口,口,8,7,0,0,725.625
EDGE-03215,靷,引,革,革,8,7,0,0,722.125
EDGE-06085,屩,喬,履,履,8,7,0,0,719.875
EDGE-03391,韱,㦰,韭,韭,8,7,0,0,714.0
EDGE-04757,轀,𥁕,車,車,8,7,0,0,709.25
EDGE-03307,閟,必,門,門,8,7,0,0,700.5
EDGE-05816,蓐,辱,艹,艸,8,7,0,0,699.75
EDGE-04928,勱,萬,力,力,8,7,0,0,698.75
EDGE-01607,誒,矣,言,言,8,7,0,0,689.0
EDGE-05965,漼,崔,氵,水,8,7,0,0,684.875
EDGE-01843,詻,各,言,言,8,7,0,0,679.875
EDGE-05738,儹,贊,亻,人,8,7,0,0,679.25
EDGE-03764,憯,朁,忄,心,8,7,0,0,676.0
EDGE-06090,繑,喬,糸,糸,8,7,0,0,674.5
EDGE-04879,祏,石,礻,示,8,7,0,0,673.25
EDGE-03712,鞮,是,革,革,8,7,0,0,670.0
EDGE-00785,蜺,兒,虫,虫,8,7,0,0,666.875
EDGE-03125,閈,干,門,門,8,7,0,0,664.75
EDGE-04931,濿,厲,氵,水,8,7,0,0,648.0
EDGE-05960,鷕,唯,鳥,鳥,8,7,0,0,647.25
EDGE-03332,戉,𠄌,戈,戈,8,7,0,0,641.75
EDGE-05169,榿,豈,木,木,8,7,0,0,638.75
EDGE-01276,笱,句,竹,竹,8,7,0,0,631.75
EDGE-02506,笯,奴,竹,竹,8,7,0,0,629.625
EDGE-00080,衄,丑,血,血,8,7,0,0,627.75
EDGE-04405,袚,犮,衤,衣,8,7,0,0,622.0
EDGE-03716,唶,昔,口,口,8,7,0,0,620.625
EDGE-00209,踣,咅,𧾷,足,8,7,0,0,613.625
EDGE-05638,睍,見,目,目,8,7,0,0,605.875
EDGE-02983,畯,夋,田,田,8,7,0,0,604.5
EDGE-04141,捄,求,扌,手,8,7,0,0,602.75
EDGE-01064,幎,冥,巾,巾,8,7,0,0,601.5
EDGE-03299,珌,必,王,玉,8,7,0,0,601.5
EDGE-03673,愓,昜,忄,心,8,7,0,0,597.625
EDGE-03789,剺,𠩺,刀,刀,8,7,0,0,590.5
EDGE-04531,葡,匍,艹,艸,8,7,0,0,582.625
EDGE-05837,裛,邑,衣,衣,8,7,0,0,580.375
EDGE-02019,婤,周,女,女,8,7,0,0,575.625
EDGE-01926,趌,吉,走,走,8,7,0,0,571.0
EDGE-03815,鉥,朮,釒,金,8,7,0,0,565.125
EDGE-02482,晻,奄,日,日,8,7,0,0,561.75
EDGE-00787,輗,兒,車,車,8,7,0,0,561.5
EDGE-00374,侉,夸,亻,人,8,7,0,0,558.0
EDGE-03682,蕩,湯,艹,艸,8,7,0,0,558.0
EDGE-04696,喈,皆,口,口,8,7,0,0,554.625
EDGE-01799,攲,奇,支,支,8,7,0,0,554.25
EDGE-01258,鞄,包,革,革,8,7,0,0,553.0
EDGE-01529,脁,兆,肉,肉,8,7,0,0,546.875
EDGE-03763,噆,朁,口,口,8,7,0,0,543.5
EDGE-03296,柲,必,木,木,8,7,0,0,531.375
EDGE-05145,趯,翟,走,走,8,7,0,0,529.0
EDGE-01269,昫,句,日,日,8,7,0,0,527.875
EDGE-03883,惏,林,忄,心,8,7,0,0,526.375
EDGE-03536,鏨,斬,金,金,8,7,0,0,525.25
EDGE-04726,饎,喜,飠,食,8,7,0,0,518.0
EDGE-05120,樛,翏,木,木,8,7,0,0,514.75
EDGE-05271,蠃,𣎆,虫,虫,8,7,0,0,506.0
EDGE-03533,磛,斬,石,石,8,7,0,0,498.25
EDGE-02988,餕,夋,飠,食,8,7,0,0,493.0
EDGE-05119,摎,翏,扌,手,8,7,0,0,491.75
EDGE-01314,昒,勿,日,日,8,7,0,0,491.375
EDGE-04283,煖,爰,火,火,8,7,0,0,488.625
EDGE-02312,牼,巠,牜,牛,8,7,0,0,481.125
EDGE-05108,毾,𦐇,毛,毛,8,7,0,0,477.75
EDGE-00764,跣,先,𧾷,足,8,7,0,0,475.625
EDGE-04751,熅,𥁕,火,火,8,7,0,0,473.75
EDGE-00311,訄,九,言,言,8,7,0,0,469.5
EDGE-00132,泙,平,氵,水,8,7,0,0,463.125
EDGE-01291,汋,勺,氵,水,8,7,0,0,444.5
EDGE-01293,玓,勺,王,玉,8,7,0,0,442.625
EDGE-00087,岨,且,山,山,8,7,0,0,441.125
EDGE-04188,滉,晃,氵,水,8,7,0,0,441.0
EDGE-05527,蠛,蔑,虫,虫,8,7,0,0,439.25
EDGE-00386,沄,云,氵,水,8,7,0,0,439.125
EDGE-01813,齮,奇,齒,齒,8,7,0,0,433.0
EDGE-02442,洟,夷,氵,水,8,7,0,0,429.875
EDGE-05020,稘,其,禾,禾,8,7,0,0,426.5
EDGE-03687,碭,昜,石,石,8,7,0,0,426.375
EDGE-01806,碕,奇,石,石,8,7,0,0,423.375
EDGE-02474,谿,奚,谷,谷,8,7,0,0,420.75
EDGE-00734,刓,元,刂,刀,8,7,0,0,420.375
EDGE-01776,酤,古,酉,酉,8,7,0,0,418.75
EDGE-02452,筴,夾,竹,竹,8,7,0,0,416.25
EDGE-03435,紩,失,糸,糸,8,7,0,0,415.5
EDGE-03691,踼,昜,𧾷,足,8,7,0,0,412.875
EDGE-05778,檗,辟,木,木,8,7,0,0,408.375
EDGE-04103,坻,氐,土,土,8,7,0,0,407.875
EDGE-02812,軘,屯,車,車,8,7,0,0,407.25
EDGE-00990,泂,冋,氵,水,8,7,0,0,401.875
EDGE-01645,掔,臤,手,手,8,7,0,0,400.125
EDGE-06097,鷮,喬,鳥,鳥,8,7,0,0,395.125
EDGE-03852,綀,束,糸,糸,8,7,0,0,393.625
EDGE-05111,鰨,𦐇,魚,魚,8,7,0,0,388.5
EDGE-01330,楎,軍,木,木,8,7,0,0,388.375
EDGE-04189,桄,光,木,木,8,7,0,0,386.75
EDGE-04286,蝯,爰,虫,虫,8,7,0,0,380.0
EDGE-04049,謦,殸,言,言,8,7,0,0,377.625
EDGE-05348,爓,閻,火,火,8,7,0,0,367.375
EDGE-00696,蒼,倉,艹,艸,8,7,0,0,365.625
EDGE-00229,訬,少,言,言,8,7,0,0,362.625
EDGE-05912,悝,里,忄,心,8,7,0,0,358.0
EDGE-04788,鰥,眔,魚,魚,8,7,0,0,350.875
EDGE-05636,晛,見,日,日,8,7,0,0,349.5
EDGE-05986,鵻,隹,鳥,鳥,8,7,0,0,348.5
EDGE-06033,篚,匪,竹,竹,8,7,0,0,343.375
EDGE-02829,畤,寺,田,田,8,7,0,0,341.625
EDGE-02602,紵,宁,糸,糸,8,7,0,0,337.25
EDGE-04986,戠,音,戈,戈,8,7,0,0,333.375
EDGE-00522,胗,㐱,肉,肉,8,7,0,0,329.0
EDGE-03037,岊,巴,山,山,8,7,0,0,327.375
EDGE-01016,濄,過,氵,水,8,7,0,0,325.375
EDGE-04876,柘,石,木,木,8,7,0,0,314.75
EDGE-05081,擇,睪,扌,手,8,7,0,0,312.875
EDGE-06019,繻,需,糸,糸,8,7,0,0,309.0
EDGE-00270,奼,乇,女,女,8,7,0,0,308.75
EDGE-03848,樕,欶,木,木,8,7,0,0,308.75
EDGE-03429,抶,失,扌,手,8,7,0,0,306.375
EDGE-00324,杝,也,木,木,8,7,0,0,299.875
EDGE-00862,魎,兩,鬼,鬼,8,7,0,0,298.625
EDGE-04593,渨,畏,氵,水,8,7,0,0,290.125
EDGE-04922,醨,离,酉,酉,8,7,0,0,287.625
EDGE-01278,耇,句,耂,老,8,7,0,0,287.25
EDGE-02494,鷙,執,鳥,鳥,8,7,0,0,286.5
EDGE-00167,絜,㓞,糸,糸,16,7,0,0,284.375
EDGE-00160,偰,契,亻,人,8,7,0,0,282.875
EDGE-00328,酏,也,酉,酉,8,7,0,0,280.75
EDGE-01685,鴃,夬,鳥,鳥,8,7,0,0,278.5
EDGE-03870,橦,童,木,木,8,7,0,0,272.875
EDGE-00090,柤,且,木,木,8,7,0,0,272.125
EDGE-01344,餫,軍,飠,食,8,7,0,0,264.375
EDGE-03580,翥,者,羽,羽,8,7,0,0,263.0
EDGE-04313,髲,皮,髟,髟,8,7,0,0,261.5
EDGE-03392,孅,韱,女,女,8,7,0,0,260.75
EDGE-03591,闍,者,門,門,8,7,0,0,258.25
EDGE-01728,鍜,叚,釒,金,8,7,0,0,257.0
EDGE-02802,萐,疌,艹,艸,8,7,0,0,257.0
EDGE-01184,蚡,分,虫,虫,8,7,0,0,254.25
EDGE-05938,誾,門,言,言,8,7,0,0,253.5
EDGE-03616,鱣,亶,魚,魚,8,7,0,0,250.75
EDGE-02849,齶,咢,齒,齒,8,7,0,0,247.5
EDGE-00876,蝓,兪,虫,虫,8,7,0,0,242.875
EDGE-02016,麌,吳,鹿,鹿,8,7,0,0,242.375
EDGE-04720,裋,豆,衤,衣,8,7,0,0,240.75
EDGE-01019,騧,咼,馬,馬,8,7,0,0,239.375
EDGE-02163,蠵,巂,虫,虫,8,7,0,0,239.375
EDGE-04848,翳,殹,羽,羽,8,7,0,0,238.25
EDGE-02240,漥,窐,氵,水,8,7,0,0,236.125
EDGE-06094,蹻,喬,𧾷,足,8,7,0,0,234.375
EDGE-03309,駜,必,馬,馬,8,7,0,0,233.625
EDGE-03801,眛,未,目,目,8,7,0,0,233.5
EDGE-05626,誶,卒,言,言,8,7,0,0,229.25
EDGE-00509,糝,參,米,米,16,7,0,0,223.25
EDGE-03905,髁,果,骨,骨,8,7,0,0,222.375
EDGE-03850,涑,束,氵,水,8,7,0,0,221.25
EDGE-00066,檳,賓,木,木,16,7,0,0,220.0
EDGE-01817,砢,可,石,石,8,7,0,0,219.75
EDGE-02533,餒,妥,飠,食,8,7,0,0,213.625
EDGE-05808,漘,脣,氵,水,8,7,0,0,213.125
EDGE-03824,茱,朱,艹,艸,8,7,0,0,209.875
EDGE-06047,腓,非,肉,肉,16,7,0,0,205.75
EDGE-02751,牻,尨,牜,牛,8,7,0,0,201.5
EDGE-05824,豵,從,豕,豕,8,7,0,0,200.875
EDGE-01257,雹,包,雨,雨,16,7,0,1,200.75
EDGE-05444,轒,賁,車,車,8,7,0,0,200.25
EDGE-00918,覿,𧶠,見,見,8,7,0,0,199.375
EDGE-03858,涷,東,氵,水,8,7,0,0,191.25
EDGE-04137,霢,脈,雨,雨,8,7,0,0,191.25
EDGE-05155,胹,而,肉,肉,8,7,0,0,191.125
EDGE-01977,蟷,當,虫,虫,8,7,0,0,191.0
EDGE-03396,殲,韱,歹,歹,16,7,0,0,190.375
EDGE-00600,玭,比,王,玉,8,7,0,0,185.5
EDGE-05615,捽,卒,扌,手,8,7,0,0,183.75
EDGE-00069,矉,賓,目,目,8,7,0,0,180.25
EDGE-03112,犴,干,犭,犬,8,7,0,0,176.125
EDGE-03228,茀,弗,艹,艸,8,7,0,0,175.375
EDGE-04183,蟥,黃,虫,虫,8,7,0,0,174.375
EDGE-05403,酴,余,酉,酉,8,7,0,0,171.375
EDGE-02098,璪,喿,王,玉,8,7,0,0,164.875
EDGE-02603,羜,宁,羊,羊,8,7,0,0,164.5
EDGE-02090,鑄,壽,釒,金,8,7,0,0,163.5
EDGE-01155,芀,刀,艹,艸,8,7,0,0,161.625
EDGE-04944,踒,委,𧾷,足,8,7,0,0,158.125
EDGE-04656,獗,厥,犭,犬,16,7,0,0,157.25
EDGE-05006,惎,其,心,心,8,7,0,0,152.5
EDGE-01105,袪,去,衤,衣,8,7,0,0,151.25
EDGE-02809,肫,屯,肉,肉,16,7,0,0,150.125
EDGE-00792,麑,兒,鹿,鹿,8,7,0,0,148.625
EDGE-00376,洿,夸,氵,水,8,7,0,0,143.5
EDGE-03933,藾,賴,艹,艸,8,7,0,0,140.25
EDGE-03227,艴,弗,色,色,8,7,0,0,134.75
EDGE-00011,渟,亭,氵,水,8,7,0,0,134.25
EDGE-05399,艅,余,舟,舟,8,7,0,0,130.875
EDGE-06042,斐,非,文,文,16,7,0,0,130.625
EDGE-04843,鐍,矞,釒,金,8,7,0,0,129.75
EDGE-03091,諦,帝,言,言,16,7,0,0,128.6875
EDGE-00112,駔,且,馬,馬,8,7,0,0,127.375
EDGE-01853,輅,各,車,車,8,7,0,0,122.75
EDGE-01377,玼,此,王,玉,8,7,0,0,121.5
EDGE-03859,蝀,東,虫,虫,8,7,0,0,118.625
EDGE-05133,飂,翏,風,風,8,7,0,0,99.25
EDGE-04296,彼,皮,彳,彳,16,7,0,0,97.1875
EDGE-04830,楙,矛,林,林,8,7,0,0,94.0
EDGE-01932,鮚,吉,魚,魚,8,7,0,0,90.5
EDGE-01842,觡,各,角,角,8,7,0,0,87.875
EDGE-01421,彄,區,弓,弓,8,7,0,0,87.0
EDGE-01923,蛣,吉,虫,虫,8,7,0,0,86.125
EDGE-04691,魄,白,鬼,鬼,16,7,0,0,85.6875
EDGE-03899,蜾,果,虫,虫,8,7,0,0,84.75
EDGE-00437,椏,亞,木,木,16,7,0,0,81.3125
EDGE-03253,篆,彖,竹,竹,16,7,0,0,80.0
EDGE-06189,蘢,龍,艹,艸,8,7,0,0,77.5
EDGE-00538,妗,今,女,女,8,7,0,0,75.375
EDGE-03010,滾,袞,氵,水,16,7,0,0,74.25
EDGE-00377,瓠,夸,瓜,瓜,16,7,0,0,72.375
EDGE-00269,吒,乇,口,口,16,7,0,0,56.125
EDGE-02457,鋏,夾,釒,金,16,7,0,0,53.125
EDGE-03345,蟣,幾,虫,虫,8,7,0,0,50.75
EDGE-01701,娵,取,女,女,8,7,0,0,43.75
EDGE-04637,罍,畾,缶,缶,16,7,0,0,39.625
EDGE-05494,暮,莫,日,日,16,7,0,0,38.375
EDGE-00681,絛,攸,糸,糸,16,7,0,0,35.25
EDGE-04701,鍇,皆,釒,金,16,7,0,0,32.0
EDGE-01490,朴,卜,木,木,16,7,0,0,30.8125
EDGE-02904,鴻,江,鳥,鳥,16,7,0,0,29.0
EDGE-01190,魵,分,魚,魚,8,7,0,0,22.875
EDGE-04814,瞀,敄,目,目,8,7,0,0,21.625
EDGE-02661,獰,寧,犭,犬,16,7,0,0,19.75
EDGE-00986,鰜,兼,魚,魚,8,7,0,0,16.875
EDGE-00072,鬢,賓,髟,髟,16,7,0,0,15.25
EDGE-00840,肓,亡,肉,肉,16,7,0,0,11.125
EDGE-05353,楰,臾,木,木,8,7,0,0,10.5
EDGE-04786,懷,褱,忄,心,8,7,0,0,9.75
EDGE-01684,駃,夬,馬,馬,8,7,0,0,6.125
EDGE-05453,雛,芻,隹,隹,16,7,0,0,-1.375
EDGE-05481,樸,菐,木,木,16,7,0,0,-1.625
EDGE-04202,琰,炎,王,玉,16,7,0,0,-5.625
EDGE-03629,峋,旬,山,山,16,7,0,0,-7.3125
EDGE-05828,漣,連,氵,水,16,7,0,0,-8.625
EDGE-05065,佯,羊,亻,人,16,7,0,0,-15.375
EDGE-01525,珧,兆,王,玉,8,7,0,0,-19.625
EDGE-06108,篙,高,竹,竹,16,7,0,0,-21.75
EDGE-04518,勇,甬,力,力,16,7,0,0,-25.25
EDGE-02686,傳,專,亻,人,16,7,0,0,-27.5
EDGE-03917,鰈,枼,魚,魚,16,7,0,0,-27.6875
EDGE-04515,鏞,庸,釒,金,16,7,0,0,-27.9375
EDGE-01588,願,原,頁,頁,16,7,0,0,-30.8125
EDGE-06172,楨,貞,木,木,16,7,0,0,-37.875
EDGE-05985,騅,隹,馬,馬,16,7,0,0,-46.9375
EDGE-03966,麾,麻,毛,毛,16,7,0,0,-51.6875
EDGE-03503,析,斤,木,木,16,7,0,0,-64.0
EDGE-01724,蝦,叚,虫,虫,16,7,0,0,-69.25
EDGE-00896,淞,松,氵,水,16,7,0,0,-70.5625
EDGE-05590,獨,蜀,犭,犬,16,7,0,0,-70.9375
EDGE-04226,慰,尉,心,心,8,7,0,0,-71.0
EDGE-00564,盦,酓,皿,皿,16,7,0,0,-84.125
EDGE-03267,伸,申,亻,人,16,7,0,0,-93.8125
EDGE-02365,腕,宛,肉,肉,16,7,0,0,-101.5625
EDGE-02892,蠟,巤,虫,虫,16,7,0,0,-104.625
EDGE-03632,殉,旬,歹,歹,16,7,0,0,-108.3125
EDGE-04526,筩,甬,竹,竹,8,7,0,0,-110.875
EDGE-00935,烘,共,火,火,16,7,0,0,-114.8125
EDGE-01108,麮,去,麥,麥,8,7,0,0,-115.25
EDGE-03255,蝝,彖,虫,虫,8,7,0,0,-116.25
EDGE-03861,動,重,力,力,16,7,0,0,-119.1875
EDGE-04335,鮒,付,魚,魚,8,7,0,0,-125.25
EDGE-05492,摸,莫,扌,手,16,7,0,0,-126.0
EDGE-03293,密,宓,山,山,16,7,0,0,-126.5625
EDGE-01825,婀,阿,女,女,16,7,0,0,-131.9375
EDGE-02024,稠,周,禾,禾,16,7,0,0,-132.8125
EDGE-04467,碪,甚,石,石,8,7,0,0,-134.625
EDGE-05516,濩,蒦,氵,水,8,7,0,0,-140.0
EDGE-03944,瀾,闌,氵,水,16,7,0,0,-140.25
EDGE-00683,滫,脩,氵,水,16,7,0,0,-145.0625
EDGE-05936,捫,門,扌,手,16,7,0,0,-150.625
EDGE-03230,剃,弟,刂,刀,16,7,0,0,-152.0625
EDGE-03942,闌,柬,門,門,16,7,0,0,-153.375
EDGE-04192,觥,光,角,角,16,7,0,0,-157.5
EDGE-04288,鍰,爰,釒,金,16,7,0,0,-159.6875
EDGE-04180,璜,黃,王,玉,16,7,0,0,-160.375
EDGE-02078,簞,單,竹,竹,16,7,0,0,-161.5625
EDGE-03694,餳,昜,飠,食,16,7,0,0,-162.1875
EDGE-01333,琿,軍,王,玉,16,7,0,0,-163.4375
EDGE-00434,啞,亞,口,口,16,7,0,0,-170.3125
EDGE-04500,眚,生,目,目,16,7,0,0,-173.375
EDGE-01260,飽,包,飠,食,16,7,0,0,-173.75
EDGE-03188,玳,代,王,玉,16,7,0,0,-188.9375
EDGE-05624,翠,卒,羽,羽,16,7,0,0,-192.375
EDGE-04129,愾,氣,忄,心,8,7,0,0,-197.625
EDGE-01169,岔,分,山,山,16,7,0,0,-211.0625
EDGE-01829,喀,客,口,口,16,7,0,0,-213.375
EDGE-01060,鴆,冘,鳥,鳥,16,7,0,0,-218.8125
EDGE-05374,歟,與,欠,欠,16,7,0,0,-222.625
EDGE-05138,櫂,翟,木,木,16,7,0,0,-223.375
EDGE-00388,耘,云,耒,耒,16,7,0,0,-225.875
EDGE-05213,攝,聶,扌,手,16,7,0,0,-240.3125
EDGE-00721,瞼,僉,目,目,16,7,0,0,-246.625
EDGE-00695,艙,倉,舟,舟,16,7,0,0,-262.625
EDGE-01037,講,冓,言,言,16,7,0,0,-275.5
EDGE-03085,啻,帝,口,口,16,7,0,0,-288.1875
EDGE-03642,崑,昆,山,山,16,7,0,0,-291.75
EDGE-03825,蛛,朱,虫,虫,16,7,0,0,-292.3125
EDGE-02630,粽,宗,米,米,16,7,0,0,-296.625
EDGE-06206,掂,店,扌,手,16,7,0,0,-300.25
EDGE-01080,梵,凡,林,林,16,7,0,0,-302.5625
EDGE-00036,朽,丂,木,木,16,7,0,0,-304.0625
EDGE-02180,涸,固,氵,水,16,7,0,0,-305.875
EDGE-05811,震,辰,雨,雨,16,7,0,0,-315.6875
EDGE-01721,瑕,叚,王,玉,16,7,0,0,-317.375
EDGE-02208,艇,廷,舟,舟,16,7,0,0,-317.4375
EDGE-01769,餬,胡,飠,食,16,7,0,0,-321.875
EDGE-00274,托,乇,扌,手,16,7,0,0,-323.9375
EDGE-02932,炬,巨,火,火,16,7,0,0,-324.75
EDGE-03573,睹,者,目,目,16,7,0,0,-326.6875
EDGE-04628,姜,羊,女,女,16,7,0,0,-330.375
EDGE-05918,霾,貍,雨,雨,16,7,0,0,-333.375
EDGE-03749,饅,曼,飠,食,16,7,0,0,-336.125
EDGE-00149,糾,丩,糸,糸,16,7,0,0,-343.1875
EDGE-05451,趨,芻,走,走,16,7,0,0,-343.5
EDGE-00642,嶺,領,山,山,16,7,0,1,-350.1875
EDGE-05847,饗,鄉,食,食,8,7,0,0,-365.75
EDGE-00539,岑,今,山,山,16,7,0,0,-367.75
EDGE-00819,碣,曷,石,石,16,7,0,0,-367.875
EDGE-01893,洽,合,氵,水,16,7,0,0,-371.0
EDGE-05173,覬,豈,見,見,16,7,0,0,-372.6875
EDGE-05498,糢,莫,米,米,16,7,0,0,-375.5
EDGE-05817,褥,辱,衤,衣,16,7,0,0,-375.9375
EDGE-05863,懊,奧,忄,心,16,7,0,0,-377.125
EDGE-02607,佗,它,亻,人,16,7,0,0,-384.1875
EDGE-03964,魔,麻,鬼,鬼,16,7,0,0,-396.375
EDGE-04178,橫,黃,木,木,16,7,0,0,-396.9375
EDGE-04991,職,戠,耳,耳,16,7,0,0,-398.4375
EDGE-01014,蝸,咼,虫,虫,16,7,0,0,-404.9375
EDGE-03839,嘖,責,口,口,16,7,0,0,-405.75
EDGE-03022,眙,台,目,目,8,7,0,0,-405.875
EDGE-03354,蛾,我,虫,虫,16,7,0,0,-414.9375
EDGE-03857,棟,東,木,木,16,7,0,0,-419.4375
EDGE-01856,閣,各,門,門,16,7,0,0,-431.625
EDGE-03696,堤,是,土,土,16,7,0,0,-447.4375
EDGE-04426,眩,玄,目,目,16,7,0,0,-451.625
EDGE-00236,涎,延,氵,水,16,7,0,0,-454.25
EDGE-05521,鑊,蒦,釒,金,16,7,0,0,-480.4375
EDGE-03237,第,弟,竹,竹,16,7,0,0,-494.5
EDGE-03171,鍵,建,釒,金,16,7,0,0,-497.875
EDGE-03577,緒,者,糸,糸,16,7,0,0,-499.0
EDGE-00489,該,亥,言,言,16,7,0,0,-504.1875
EDGE-04493,請,青,言,言,16,7,0,0,-524.9375
EDGE-00082,助,且,力,力,16,7,0,0,-529.0
EDGE-03239,銻,弟,釒,金,16,7,0,0,-538.4375
EDGE-01772,蛄,古,虫,虫,16,7,0,0,-547.3125
EDGE-01347,化,匕,亻,人,16,7,0,0,-568.1875
EDGE-03728,琅,良,王,玉,16,7,0,0,-574.75
EDGE-02941,鉅,巨,釒,金,16,7,0,0,-581.9375
EDGE-05915,理,里,王,玉,16,7,0,0,-629.875
EDGE-06022,襦,需,衤,衣,8,7,0,0,-646.625
EDGE-01653,吸,及,口,口,16,7,0,0,-657.1875
EDGE-01551,袖,由,衤,衣,16,7,0,0,-658.875
EDGE-04196,啖,炎,口,口,16,7,0,0,-670.6875
EDGE-03555,肪,方,肉,肉,16,7,0,0,-688.25
EDGE-05500,蟆,莫,虫,虫,16,7,0,0,-699.5625
EDGE-01922,結,吉,糸,糸,16,7,0,0,-708.6875
EDGE-01292,灼,勺,火,火,16,7,0,0,-711.0625
EDGE-03235,涕,弟,氵,水,16,7,0,0,-718.9375
EDGE-06064,樟,章,木,木,16,7,0,0,-742.75
EDGE-03224,沸,弗,氵,水,16,7,0,0,-781.25
EDGE-00723,臉,僉,肉,肉,16,7,0,0,-791.4375
EDGE-05972,椎,隹,木,木,16,7,0,0,-803.625
EDGE-05564,顱,盧,頁,頁,16,7,0,0,-804.1875
EDGE-05326,掐,臽,扌,手,16,7,0,0,-818.5625
EDGE-06088,橋,喬,木,木,16,7,0,0,-821.875
EDGE-02281,蟯,堯,虫,虫,16,7,0,0,-824.625
EDGE-02071,戰,單,戈,戈,16,7,0,0,-1037.1875
EDGE-05480,撲,菐,扌,手,16,7,0,0,-1050.875
EDGE-01084,風,凡,虫,虫,16,7,0,0,-1295.0
EDGE-00058,紑,不,糸,糸,8,6,0,0,2544.625
EDGE-03212,紖,引,糸,糸,8,6,0,0,2458.75
EDGE-04703,龤,皆,龠,龠,8,6,0,0,2009.625
EDGE-02397,紈,丸,糸,糸,8,6,0,0,1624.375
EDGE-03183,鐏,尊,釒,金,8,6,0,0,1600.625
EDGE-00257,禠,虒,礻,示,8,6,0,0,1492.75
EDGE-04254,臙,燕,肉,肉,8,6,0,0,1432.75
EDGE-05392,悆,余,心,心,8,6,0,0,1355.375
EDGE-04371,禰,爾,礻,示,8,6,0,0,1327.75
EDGE-02493,蟄,執,虫,虫,8,6,0,0,1236.0
EDGE-01295,礿,勺,礻,示,8,6,0,0,1204.0
EDGE-03303,苾,必,艹,艸,8,6,0,0,1154.375
EDGE-03979,擽,樂,扌,手,8,6,0,0,1115.25
EDGE-01315,歾,勿,歹,歹,8,6,0,0,1114.25
EDGE-04144,毬,求,毛,毛,8,6,0,0,1104.25
EDGE-05739,欑,贊,木,木,8,6,0,0,1074.25
EDGE-01426,毆,區,殳,殳,8,6,0,0,1066.75
EDGE-00272,侘,宅,亻,人,8,6,0,0,1015.875
EDGE-04070,儳,毚,亻,人,8,6,0,0,1015.0
EDGE-05434,僨,賁,亻,人,8,6,0,0,1012.125
EDGE-04368,彌,爾,弓,弓,8,6,0,0,975.0
EDGE-01151,鞀,召,革,革,8,6,0,0,966.0
EDGE-03688,禓,昜,礻,示,8,6,0,0,964.625
EDGE-00765,銑,先,釒,金,8,6,0,0,931.75
EDGE-05356,諛,臾,言,言,8,6,0,0,909.0
EDGE-02037,櫜,咎,東,東,8,6,0,0,902.25
EDGE-04919,縭,离,糸,糸,8,6,0,0,886.125
EDGE-03709,踶,是,𧾷,足,8,6,0,0,876.125
EDGE-05716,醵,豦,酉,酉,8,6,0,0,868.25
EDGE-00606,芘,比,艹,艸,8,6,0,0,867.25
EDGE-03518,釿,斤,釒,金,8,6,0,0,858.5
EDGE-01999,慥,造,忄,心,8,6,0,0,851.25
EDGE-01069,蓂,冥,艹,艸,8,6,0,0,846.5
EDGE-05220,儘,盡,亻,人,8,6,0,0,840.75
EDGE-02764,偓,屋,亻,人,8,6,0,0,836.625
EDGE-03717,碏,昔,石,石,8,6,0,0,811.625
EDGE-00849,佺,全,亻,人,8,6,0,0,801.75
EDGE-02794,倢,疌,亻,人,8,6,0,0,794.25
EDGE-04146,絿,求,糸,糸,8,6,0,0,790.125
EDGE-05231,蕭,肅,艹,艸,8,6,0,0,789.0
EDGE-01510,鉆,占,釒,金,8,6,0,0,787.375
EDGE-03741,槾,曼,木,木,8,6,0,0,781.375
EDGE-00741,脘,完,肉,肉,8,6,0,0,780.75
EDGE-05539,儺,難,亻,人,8,6,0,0,775.875
EDGE-04350,肴,爻,肉,肉,8,6,0,0,773.5
EDGE-05887,蕃,番,艹,艸,8,6,0,0,761.875
EDGE-03610,澶,亶,氵,水,8,6,0,0,759.875
EDGE-00426,穧,齊,禾,禾,8,6,0,0,753.75
EDGE-01303,靮,勺,革,革,8,6,0,0,750.375
EDGE-02800,箑,疌,竹,竹,8,6,0,0,750.0
EDGE-04258,儦,麃,亻,人,8,6,0,0,743.375
EDGE-04420,靨,厭,面,面,8,6,0,0,715.75
EDGE-03209,犯,𢎘,犭,犬,8,6,0,0,715.625
EDGE-02382,誃,多,言,言,8,6,0,0,704.375
EDGE-01593,鞃,弘,革,革,8,6,0,0,698.75
EDGE-02073,樿,單,木,木,8,6,0,0,698.75
EDGE-03218,咈,弗,口,口,8,6,0,0,677.75
EDGE-01322,趜,匊,走,走,8,6,0,0,661.125
EDGE-00047,秠,丕,禾,禾,8,6,0,0,639.125
EDGE-05917,薶,貍,艹,艸,8,6,0,0,638.5
EDGE-00739,睆,完,目,目,8,6,0,0,637.5
EDGE-01332,煇,軍,火,火,8,6,0,0,635.625
EDGE-05091,檥,義,木,木,8,6,0,0,627.75
EDGE-01534,銚,兆,釒,金,8,6,0,0,620.875
EDGE-05511,矇,蒙,目,目,8,6,0,0,614.5
EDGE-01289,旳,勺,日,日,8,6,0,0,610.625
EDGE-04846,嫛,殹,女,女,8,6,0,0,602.0
EDGE-01053,抌,冘,扌,手,8,6,0,0,594.625
EDGE-00384,妘,云,女,女,8,6,0,0,593.5
EDGE-02523,揠,匽,扌,手,8,6,0,0,582.25
EDGE-04431,鉉,玄,釒,金,8,6,0,0,575.875
EDGE-01271,欨,句,欠,欠,8,6,0,0,575.5
EDGE-00868,毹,兪,毛,毛,8,6,0,0,574.25
EDGE-05595,韣,蜀,韋,韋,8,6,0,0,573.25
EDGE-02749,厖,尨,厂,厂,8,6,0,0,568.875
EDGE-00109,鉏,且,釒,金,8,6,0,0,565.75
EDGE-00829,藹,謁,艹,艸,8,6,0,0,563.375
EDGE-02087,籌,壽,竹,竹,8,6,0,0,561.75
EDGE-05466,諾,若,言,言,8,6,0,0,561.125
EDGE-04233,憭,尞,忄,心,8,6,0,0,558.125
EDGE-02166,鑴,巂,釒,金,8,6,0,0,557.75
EDGE-00736,梡,完,木,木,8,6,0,0,553.625
EDGE-04253,嬿,燕,女,女,8,6,0,0,548.5
EDGE-01406,婥,卓,女,女,8,6,0,0,539.25
EDGE-02083,觶,單,角,角,8,6,0,0,537.0
EDGE-03921,腜,某,肉,肉,8,6,0,0,537.0
EDGE-01629,訧,尤,言,言,8,6,0,0,533.75
EDGE-04587,俜,甹,亻,人,8,6,0,0,530.625
EDGE-03920,禖,某,礻,示,8,6,0,0,526.875
EDGE-03907,媟,枼,女,女,8,6,0,0,522.875
EDGE-01467,椑,卑,木,木,8,6,0,0,520.375
EDGE-05462,暱,匿,日,日,8,6,0,0,511.125
EDGE-06106,熇,高,火,火,8,6,0,0,511.0
EDGE-03598,簇,族,竹,竹,8,6,0,0,509.625
EDGE-06113,嚆,蒿,口,口,8,6,0,0,505.0
EDGE-04995,湆,音,氵,水,8,6,0,0,499.375
EDGE-01699,餟,叕,飠,食,8,6,0,0,496.125
EDGE-04813,楘,敄,木,木,8,6,0,0,492.375
EDGE-06205,鑰,龠,釒,金,8,6,0,0,490.125
EDGE-01348,吪,化,口,口,8,6,0,0,486.0
EDGE-04916,摛,离,扌,手,8,6,0,0,475.875
EDGE-05308,挃,至,扌,手,8,6,0,0,474.75
EDGE-02246,詿,圭,言,言,8,6,0,0,474.375
EDGE-02844,諤,咢,言,言,8,6,0,0,474.125
EDGE-02023,禂,周,礻,示,8,6,0,0,467.0
EDGE-05098,轙,義,車,車,8,6,0,0,464.125
EDGE-02632,賨,宗,貝,貝,8,6,0,0,462.75
EDGE-02235,烓,圭,火,火,8,6,0,0,450.625
EDGE-03064,弊,敝,廾,廾,8,6,0,0,446.0
EDGE-05845,蠁,鄉,虫,虫,8,6,0,0,444.375
EDGE-05477,濮,僕,氵,水,8,6,0,0,443.125
EDGE-02410,衭,夫,衤,衣,8,6,0,0,439.625
EDGE-02195,桯,呈,木,木,8,6,0,0,437.75
EDGE-02935,秬,巨,禾,禾,8,6,0,0,436.125
EDGE-02006,莒,呂,艹,艸,8,6,0,0,430.375
EDGE-01516,咷,兆,口,口,8,6,0,0,429.875
EDGE-03746,蔓,曼,艹,艸,8,6,0,0,428.25
EDGE-03631,恂,旬,忄,心,8,6,0,0,427.125
EDGE-01017,薖,過,艹,艸,8,6,0,0,426.875
EDGE-05807,脣,辰,肉,肉,16,6,0,0,426.875
EDGE-01803,欹,奇,欠,欠,8,6,0,0,420.5
EDGE-04332,苻,付,艹,艸,8,6,0,0,419.0
EDGE-00699,鶬,倉,鳥,鳥,8,6,0,0,418.5
EDGE-00993,詗,冋,言,言,8,6,0,0,411.125
EDGE-02982,焌,夋,火,火,8,6,0,0,410.25
EDGE-04071,劖,毚,刂,刀,8,6,0,0,407.0
EDGE-01710,趣,取,走,走,8,6,0,0,404.375
EDGE-00506,槮,參,木,木,8,6,0,0,398.125
EDGE-05728,嚶,嬰,口,口,16,6,0,0,397.0625
EDGE-02505,砮,奴,石,石,8,6,0,0,396.625
EDGE-01032,斠,冓,斗,斗,8,6,0,0,384.75
EDGE-02471,徯,奚,彳,彳,8,6,0,0,383.375
EDGE-04241,鷯,尞,鳥,鳥,8,6,0,0,382.875
EDGE-02065,墠,單,土,土,8,6,0,0,382.75
EDGE-02276,磽,堯,石,石,8,6,0,0,382.125
EDGE-04849,醫,殹,酉,酉,8,6,0,0,380.75
EDGE-03074,倞,京,亻,人,8,6,0,0,379.375
EDGE-01183,芬,分,艹,艸,8,6,0,0,379.25
EDGE-03562,髣,方,髟,髟,16,6,0,0,375.4375
EDGE-02377,栘,多,木,木,8,6,0,0,369.5
EDGE-00206,碚,咅,石,石,8,6,0,0,369.25
EDGE-00742,莞,完,艹,艸,8,6,0,0,359.375
EDGE-00555,紟,今,糸,糸,8,6,0,0,359.125
EDGE-00664,棆,侖,木,木,8,6,0,0,357.5
EDGE-00603,秕,比,禾,禾,8,6,0,0,355.25
EDGE-03549,昉,方,日,日,16,6,0,0,353.0625
EDGE-02110,穡,嗇,禾,禾,8,6,0,0,349.125
EDGE-01680,吷,夬,口,口,8,6,0,0,336.875
EDGE-02652,螾,寅,虫,虫,8,6,0,0,336.875
EDGE-02218,刲,圭,刂,刀,8,6,0,0,336.125
EDGE-01597,鴾,牟,鳥,鳥,8,6,0,0,332.625
EDGE-05826,鏦,從,釒,金,8,6,0,0,330.625
EDGE-01808,觭,奇,角,角,8,6,0,0,329.75
EDGE-03661,閽,昏,門,門,8,6,0,1,329.625
EDGE-03729,稂,良,禾,禾,8,6,0,0,325.375
EDGE-04627,薑,畺,艹,艸,8,6,0,0,318.125
EDGE-01907,跲,合,𧾷,足,8,6,0,0,317.25
EDGE-01691,棳,叕,木,木,8,6,0,0,316.875
EDGE-01709,諏,取,言,言,8,6,0,0,314.0
EDGE-02334,曀,壹,日,日,8,6,0,0,314.0
EDGE-03707,諟,是,言,言,8,6,0,0,308.625
EDGE-01755,岵,古,山,山,8,6,0,0,304.0
EDGE-01466,捭,卑,扌,手,8,6,0,0,300.0
EDGE-02535,椄,妾,木,木,8,6,0,0,297.875
EDGE-03073,鷩,敝,鳥,鳥,8,6,0,0,296.75
EDGE-00801,汭,內,氵,水,8,6,0,0,289.125
EDGE-03353,莪,我,艹,艸,8,6,0,0,288.5
EDGE-02805,杶,屯,木,木,8,6,0,0,284.375
EDGE-03874,穜,童,禾,禾,8,6,0,0,281.5
EDGE-00812,暍,曷,日,日,8,6,0,0,281.0
EDGE-00225,玅,少,玄,玄,8,6,0,0,271.75
EDGE-04753,縕,𥁕,糸,糸,8,6,0,0,270.625
EDGE-04603,楅,畐,木,木,8,6,0,0,266.25
EDGE-01794,剞,奇,刂,刀,8,6,0,0,266.0
EDGE-03818,咮,朱,口,口,8,6,0,0,264.875
EDGE-04901,齲,禹,齒,齒,8,6,0,0,260.25
EDGE-00023,玎,丁,王,玉,8,6,0,0,259.25
EDGE-05852,楢,酋,木,木,8,6,0,0,258.5
EDGE-04940,緌,委,糸,糸,8,6,0,0,257.5
EDGE-02733,俶,叔,亻,人,8,6,0,0,253.125
EDGE-04755,膃,𥁕,肉,肉,8,6,0,0,251.25
EDGE-03124,釬,干,釒,金,8,6,0,0,250.875
EDGE-00963,穟,遂,禾,禾,8,6,0,0,247.625
EDGE-01263,佝,句,亻,人,16,6,0,0,247.375
EDGE-05843,薌,鄉,艹,艸,8,6,0,0,243.75
EDGE-01705,緅,取,糸,糸,8,6,0,0,243.125
EDGE-00007,翽,歲,羽,羽,8,6,0,0,242.5
EDGE-02531,桵,妥,木,木,8,6,0,0,240.875
EDGE-03946,籣,闌,竹,竹,8,6,0,0,240.75
EDGE-01012,緺,咼,糸,糸,8,6,0,0,239.875
EDGE-03772,噲,會,口,口,8,6,0,0,238.0
EDGE-04346,絺,希,糸,糸,8,6,0,0,230.625
EDGE-01095,掤,朋,扌,手,8,6,0,0,229.75
EDGE-03120,豻,干,豸,豸,8,6,0,0,229.625
EDGE-05152,蝡,耎,虫,虫,8,6,0,0,229.125
EDGE-02910,椌,空,木,木,8,6,0,0,227.25
EDGE-00020,咑,打,口,口,8,6,0,0,224.0
EDGE-01751,腒,居,肉,肉,8,6,0,0,223.75
EDGE-01474,箄,卑,竹,竹,8,6,0,0,222.5
EDGE-05375,璵,與,王,玉,8,6,0,0,220.0
EDGE-03395,櫼,韱,木,木,8,6,0,0,216.25
EDGE-01209,哿,加,可,可,8,6,0,0,212.375
EDGE-04330,祔,付,礻,示,8,6,0,0,212.375
EDGE-05978,濰,維,氵,水,8,6,0,0,206.875
EDGE-02549,漊,婁,氵,水,8,6,0,0,206.625
EDGE-03701,湜,是,氵,水,8,6,0,0,206.625
EDGE-04699,湝,皆,氵,水,8,6,0,0,206.375
EDGE-03433,眣,失,目,目,8,6,0,0,202.125
EDGE-05328,淊,臽,氵,水,8,6,0,0,199.5
EDGE-01863,雚,吅,萑,萑,8,6,0,0,197.5
EDGE-05987,搉,隺,扌,手,8,6,0,0,195.375
EDGE-02449,梜,夾,木,木,8,6,0,0,188.875
EDGE-03863,湩,重,氵,水,8,6,0,0,184.125
EDGE-00235,梴,延,木,木,8,6,0,0,184.0
EDGE-03781,薈,會,艹,艸,8,6,0,0,181.25
EDGE-03323,檍,意,木,木,8,6,0,0,176.125
EDGE-03897,稞,果,禾,禾,16,6,0,0,175.75
EDGE-04738,縊,益,糸,糸,8,6,0,0,175.0
EDGE-05561,蘆,盧,艹,艸,8,6,0,0,174.75
EDGE-04095,祇,氏,礻,示,16,6,0,0,174.5625
EDGE-05861,鰌,酋,魚,魚,8,6,0,0,173.75
EDGE-02370,眢,夗,目,目,8,6,0,0,162.125
EDGE-01428,甌,區,瓦,瓦,16,6,0,0,162.0625
EDGE-05880,璠,番,王,玉,8,6,0,0,161.625
EDGE-00818,猲,曷,犭,犬,8,6,0,0,160.625
EDGE-04982,鸑,獄,鳥,鳥,8,6,0,0,159.125
EDGE-01669,眅,反,目,目,8,6,0,0,153.875
EDGE-01384,觜,此,角,角,8,6,0,0,153.625
EDGE-05083,釋,睪,釆,釆,8,6,0,0,148.625
EDGE-02409,蚨,夫,虫,虫,8,6,0,0,148.125
EDGE-02142,柶,四,木,木,8,6,0,0,145.375
EDGE-03451,屐,支,履,履,16,6,0,0,144.4375
EDGE-00958,鵒,谷,鳥,鳥,8,6,0,0,141.75
EDGE-02053,顑,咸,頁,頁,8,6,0,0,141.25
EDGE-02173,驄,悤,馬,馬,8,6,0,0,140.625
EDGE-02641,菅,官,艹,艸,8,6,0,0,138.0
EDGE-04440,箛,孤,竹,竹,8,6,0,0,137.125
EDGE-03679,璗,湯,玉,玉,8,6,0,0,133.0
EDGE-03637,橁,筍,木,木,8,6,0,0,131.0
EDGE-04798,鬒,眞,髟,髟,8,6,0,0,129.5
EDGE-00991,炯,冋,火,火,8,6,0,0,128.625
EDGE-00205,瓿,咅,瓦,瓦,8,6,0,0,125.625
EDGE-03050,豝,巴,豕,豕,8,6,0,0,123.375
EDGE-02512,洳,如,氵,水,8,6,0,0,121.375
EDGE-05618,焠,卒,火,火,8,6,0,0,121.25
EDGE-01957,笥,司,竹,竹,8,6,0,0,119.875
EDGE-05463,婼,若,女,女,8,6,0,0,117.875
EDGE-01484,鵯,卑,鳥,鳥,8,6,0,0,117.25
EDGE-01147,軺,召,車,車,8,6,0,0,115.875
EDGE-03581,褚,者,衤,衣,16,6,0,0,113.625
EDGE-03446,財,才,貝,貝,8,6,0,0,110.5
EDGE-04651,糈,胥,米,米,8,6,0,0,110.0
EDGE-04948,盉,禾,皿,皿,8,6,0,0,109.75
EDGE-01141,苕,召,艹,艸,8,6,0,0,109.25
EDGE-02585,艀,孚,舟,舟,8,6,0,0,105.875
EDGE-05714,籧,遽,竹,竹,8,6,0,0,105.375
EDGE-05259,駽,肙,馬,馬,8,6,0,0,105.125
EDGE-05443,豶,賁,豕,豕,8,6,0,0,104.75
EDGE-03070,蔽,敝,艹,艸,8,6,0,0,104.125
EDGE-05780,甓,辟,瓦,瓦,8,6,0,0,104.0
EDGE-03198,杙,弋,木,木,8,6,0,0,103.125
EDGE-02269,嶢,堯,山,山,8,6,0,0,101.75
EDGE-02317,莖,巠,艹,艸,8,6,0,0,99.875
EDGE-01703,掫,取,扌,手,8,6,0,0,99.375
EDGE-02411,趺,夫,𧾷,足,8,6,0,0,99.125
EDGE-00282,涒,君,氵,水,8,6,0,0,92.75
EDGE-00238,蜑,延,虫,虫,8,6,0,0,85.75
EDGE-01391,鮆,此,魚,魚,8,6,0,0,84.5
EDGE-03597,嗾,族,口,口,8,6,0,0,81.75
EDGE-01870,瓘,雚,王,玉,8,6,0,0,77.5
EDGE-06017,獳,需,犭,犬,8,6,0,0,76.25
EDGE-02075,燀,單,火,火,8,6,0,0,76.125
EDGE-05519,蠖,蒦,虫,虫,8,6,0,0,75.75
EDGE-00686,鯈,攸,魚,魚,16,6,0,0,70.625
EDGE-01961,鱨,嘗,魚,魚,8,6,0,0,66.25
EDGE-00638,軨,令,車,車,8,6,0,0,65.0
EDGE-02624,鴳,安,鳥,鳥,8,6,0,0,63.375
EDGE-00901,滃,翁,氵,水,8,6,0,0,62.0
EDGE-00536,琀,含,王,玉,8,6,0,0,60.5
EDGE-04658,蟨,厥,虫,虫,8,6,0,0,60.375
EDGE-05201,麛,弭,鹿,鹿,8,6,0,0,55.875
EDGE-04964,溱,秦,氵,水,8,6,0,0,55.625
EDGE-03981,濼,樂,氵,水,8,6,0,0,51.625
EDGE-01641,詼,灰,言,言,16,6,0,0,51.5
EDGE-04605,葍,畐,艹,艸,8,6,0,0,47.125
EDGE-01176,氛,分,气,气,8,6,0,0,42.75
EDGE-01160,牣,刃,牜,牛,8,6,0,0,42.375
EDGE-02846,鍔,咢,釒,金,8,6,0,0,41.5
EDGE-00200,註,主,言,言,16,6,0,0,39.8125
EDGE-02099,繰,喿,糸,糸,8,6,0,0,36.0
EDGE-01477,萆,卑,艹,艸,8,6,0,0,31.5
EDGE-02960,芑,己,艹,艸,8,6,0,0,31.375
EDGE-04517,俑,甬,亻,人,16,6,0,0,31.1875
EDGE-03885,琳,林,王,玉,16,6,0,0,25.0
EDGE-05170,皚,豈,白,白,16,6,0,0,24.8125
EDGE-04066,誨,毎,言,言,16,6,0,0,24.1875
EDGE-03428,帙,失,巾,巾,16,6,0,0,22.8125
EDGE-00373,夸,亏,大,大,16,6,0,0,20.375
EDGE-00088,徂,且,彳,彳,8,6,0,0,14.625
EDGE-00283,窘,君,穴,穴,16,6,0,0,8.25
EDGE-05868,悉,釆,心,心,16,6,0,0,6.8125
EDGE-04869,雉,矢,隹,隹,16,6,0,0,6.5
EDGE-03252,瑑,彖,王,玉,8,6,0,0,6.125
EDGE-02616,鮀,它,魚,魚,8,6,0,0,5.5
EDGE-05613,崒,卒,山,山,8,6,0,0,4.75
EDGE-02159,駰,因,馬,馬,8,6,0,0,4.5
EDGE-02144,駟,四,馬,馬,8,6,0,0,0.25
EDGE-01798,掎,奇,扌,手,8,6,0,0,-0.25
EDGE-04816,蝥,敄,虫,虫,8,6,0,0,-0.25
EDGE-00964,襚,遂,衤,衣,8,6,0,0,-6.5
EDGE-00855,詮,全,言,言,16,6,0,0,-7.375
EDGE-03601,鷟,族,鳥,鳥,8,6,0,0,-7.625
EDGE-02710,哨,肖,口,口,16,6,0,0,-7.75
EDGE-03067,潎,敝,氵,水,8,6,0,0,-16.375
EDGE-00094,菹,沮,艹,艸,8,6,0,0,-17.625
EDGE-02205,珽,廷,王,玉,8,6,0,0,-20.375
EDGE-00474,駮,交,馬,馬,8,6,0,0,-28.75
EDGE-05820,樅,從,木,木,16,6,0,0,-30.125
EDGE-00244,洩,曳,氵,水,16,6,0,0,-32.0
EDGE-00464,洨,交,氵,水,8,6,0,0,-41.75
EDGE-00548,稔,念,禾,禾,16,6,0,0,-42.9375
EDGE-03264,菉,彔,艹,艸,8,6,0,0,-43.375
EDGE-03880,踵,重,𧾷,足,16,6,0,0,-43.9375
EDGE-04174,獷,廣,犭,犬,16,6,0,0,-46.6875
EDGE-04547,膊,尃,肉,肉,16,6,0,0,-50.625
EDGE-00661,倫,侖,亻,人,16,6,0,0,-54.0
EDGE-04673,珀,白,王,玉,16,6,0,0,-59.9375
EDGE-01076,飢,几,飠,食,16,6,0,0,-61.3125
EDGE-01074,禿,几,禾,禾,16,6,0,0,-66.25
EDGE-03118,衎,干,行,行,8,6,0,0,-66.75
EDGE-03262,祿,彔,礻,示,16,6,0,0,-67.9375
EDGE-01762,胡,古,肉,肉,16,6,0,0,-69.875
EDGE-05563,鑪,盧,釒,金,16,6,0,0,-83.3125
EDGE-01419,嫗,區,女,女,16,6,0,0,-83.75
EDGE-02169,璁,悤,王,玉,8,6,0,0,-92.125
EDGE-00534,吟,今,口,口,16,6,0,0,-93.125
EDGE-04784,褱,眔,衣,衣,8,6,0,0,-93.25
EDGE-02736,椒,叔,木,木,16,6,0,0,-94.0
EDGE-05391,徐,余,彳,彳,16,6,0,0,-94.625
EDGE-05305,姪,至,女,女,16,6,0,0,-97.5
EDGE-02164,觿,巂,角,角,8,6,0,0,-98.0
EDGE-00070,繽,賓,糸,糸,16,6,0,0,-101.3125
EDGE-06199,鰍,秋,魚,魚,16,6,0,0,-101.8125
EDGE-00037,考,丂,老,老,16,6,0,0,-106.5
EDGE-05552,盧,𧆣,皿,皿,16,6,0,0,-110.125
EDGE-05004,基,其,土,土,16,6,0,0,-133.75
EDGE-04100,低,氐,亻,人,16,6,0,0,-134.0625
EDGE-06084,嬌,喬,女,女,16,6,0,0,-140.1875
EDGE-02576,俘,孚,亻,人,16,6,0,0,-143.4375
EDGE-02783,悽,妻,忄,心,8,6,0,0,-145.625
EDGE-06198,鞦,秋,革,革,16,6,0,0,-151.75
EDGE-04588,娉,甹,女,女,8,6,0,0,-157.5
EDGE-03164,鷓,庶,鳥,鳥,16,6,0,0,-176.0625
EDGE-06082,喬,高,夭,夭,16,6,0,0,-176.6875
EDGE-00552,禽,今,畢,畢,16,6,0,0,-182.375
EDGE-05309,桎,至,木,木,16,6,0,0,-188.0625
EDGE-05125,繆,翏,糸,糸,16,6,0,0,-188.4375
EDGE-00056,坏,不,土,土,16,6,0,0,-189.875
EDGE-00617,祚,乍,礻,示,16,6,0,0,-190.125
EDGE-04950,蝌,科,虫,虫,16,6,0,0,-191.5
EDGE-02659,檸,寧,木,木,16,6,0,0,-191.8125
EDGE-04697,揩,皆,扌,手,16,6,0,0,-192.0625
EDGE-02360,剜,宛,刂,刀,16,6,0,0,-194.9375
EDGE-04590,聘,甹,耳,耳,8,6,0,0,-195.75
EDGE-00318,地,也,土,土,16,6,0,0,-199.5
EDGE-05981,誰,隹,言,言,16,6,0,0,-200.25
EDGE-00904,訟,公,言,言,16,6,0,0,-202.5
EDGE-03080,涼,京,氵,水,16,6,0,0,-206.25
EDGE-00572,鈐,今,釒,金,16,6,0,0,-206.6875
EDGE-03776,澮,會,氵,水,16,6,0,0,-211.1875
EDGE-00153,仲,中,亻,人,16,6,0,0,-212.25
EDGE-02720,綃,肖,糸,糸,16,6,0,0,-222.4375
EDGE-01719,暇,叚,日,日,16,6,0,0,-223.375
EDGE-00183,蓬,逢,艹,艸,8,6,0,0,-226.75
EDGE-00482,垓,亥,土,土,16,6,0,0,-233.625
EDGE-03084,黥,京,黑,黑,16,6,0,0,-235.0625
EDGE-06184,瀧,龍,氵,水,16,6,0,0,-243.125
EDGE-02987,酸,夋,酉,酉,16,6,0,0,-249.875
EDGE-00596,篦,𣬉,竹,竹,8,6,0,0,-250.125
EDGE-02227,奎,圭,大,大,16,6,0,0,-250.375
EDGE-02193,肚,土,肉,肉,16,6,0,0,-255.5625
EDGE-00379,胯,夸,肉,肉,16,6,0,0,-258.6875
EDGE-05684,鸞,䜌,鳥,鳥,16,6,0,0,-259.4375
EDGE-00191,轄,害,車,車,16,6,0,0,-259.5
EDGE-05135,戳,翟,戈,戈,16,6,0,0,-266.3125
EDGE-00188,犗,害,牜,牛,8,6,0,0,-268.5
EDGE-04736,搤,益,扌,手,8,6,0,0,-272.75
EDGE-00443,吭,亢,口,口,16,6,0,0,-273.5625
EDGE-00704,翰,倝,羽,羽,16,6,0,0,-274.875
EDGE-03266,錄,彔,釒,金,16,6,0,0,-298.125
EDGE-01877,顴,雚,頁,頁,16,6,0,0,-302.1875
EDGE-01409,棹,卓,木,木,16,6,0,0,-304.875
EDGE-00791,鯢,兒,魚,魚,8,6,0,0,-308.75
EDGE-04930,勵,厲,力,力,8,6,0,0,-327.0
EDGE-01836,烙,各,火,火,16,6,0,0,-336.0
EDGE-00099,租,且,禾,禾,16,6,0,0,-336.5625
EDGE-04597,副,畐,刂,刀,16,6,0,0,-341.625
EDGE-01933,黠,吉,黑,黑,16,6,0,0,-342.1875
EDGE-00402,圄,吾,囗,囗,8,6,0,0,-344.375
EDGE-06187,籠,龍,竹,竹,16,6,0,0,-345.8125
EDGE-02621,案,安,木,木,16,6,0,0,-346.1875
EDGE-03932,籟,賴,竹,竹,16,6,0,0,-364.125
EDGE-02157,氤,因,气,气,8,6,0,0,-371.125
EDGE-00517,珍,㐱,王,玉,16,6,0,0,-371.375
EDGE-04179,潢,黃,氵,水,16,6,0,0,-373.25
EDGE-02735,惄,叔,心,心,16,6,0,0,-374.5
EDGE-05255,絹,肙,糸,糸,16,6,0,1,-374.6875
EDGE-05935,悶,門,心,心,16,6,0,0,-376.5
EDGE-05866,襖,奧,衤,衣,16,6,0,2,-384.5625
EDGE-04606,蝠,畐,虫,虫,16,6,0,0,-388.125
EDGE-03881,鍾,重,釒,金,16,6,0,0,-391.625
EDGE-00195,主,丶,王,玉,16,6,0,0,-393.125
EDGE-01967,常,尚,巾,巾,16,6,0,0,-395.375
EDGE-01879,鸛,雚,鳥,鳥,16,6,0,0,-398.9375
EDGE-00667,綸,侖,糸,糸,16,6,0,0,-408.125
EDGE-00118,貰,世,貝,貝,8,6,0,0,-409.875
EDGE-00473,餃,交,飠,食,16,6,0,0,-412.0625
EDGE-02455,蛺,夾,虫,虫,16,6,0,0,-415.0625
EDGE-04713,證,登,言,言,16,6,0,0,-467.5625
EDGE-05679,欒,䜌,木,木,16,6,0,0,-467.6875
EDGE-03379,幗,國,巾,巾,16,6,0,0,-469.1875
EDGE-02096,澡,喿,氵,水,16,6,0,0,-469.5625
EDGE-00240,誕,延,言,言,16,6,0,0,-476.625
EDGE-02114,韋,囗,舛,舛,16,6,0,0,-476.9375
EDGE-00670,輪,侖,車,車,16,6,0,0,-478.25
EDGE-01943,鮦,同,魚,魚,8,6,0,0,-479.75
EDGE-01777,鈷,古,釒,金,16,6,0,0,-488.0625
EDGE-02674,捋,寽,扌,手,8,6,0,0,-491.0
EDGE-05389,涂,余,氵,水,16,6,0,0,-502.4375
EDGE-03727,狼,良,犭,犬,16,6,0,0,-515.6875
EDGE-02123,諱,韋,言,言,16,6,0,0,-517.625
EDGE-01546,紬,由,糸,糸,8,6,0,0,-522.0
EDGE-02555,螻,婁,虫,虫,16,6,0,0,-528.4375
EDGE-05401,蜍,余,虫,虫,16,6,0,0,-541.3125
EDGE-01237,掏,匋,扌,手,8,6,0,0,-560.125
EDGE-02766,幄,屋,巾,巾,16,6,0,0,-561.1875
EDGE-00590,妣,比,女,女,16,6,0,0,-565.9375
EDGE-02129,損,員,扌,手,16,6,0,0,-584.625
EDGE-00523,袗,㐱,衤,衣,8,6,0,0,-587.5
EDGE-01868,灌,雚,氵,水,16,6,0,0,-589.875
EDGE-01617,右,又,口,口,16,6,0,0,-592.1875
EDGE-02958,杞,己,木,木,16,6,0,0,-592.625
EDGE-02693,磚,專,石,石,16,6,0,0,-594.8125
EDGE-01939,胴,同,肉,肉,16,6,0,0,-613.75
EDGE-00983,賺,兼,貝,貝,16,6,0,0,-620.3125
EDGE-01855,鉻,各,釒,金,16,6,0,0,-632.1875
EDGE-04106,柢,氐,木,木,16,6,0,0,-632.75
EDGE-01206,賊,則,戈,戈,16,6,0,0,-641.875
EDGE-02308,勁,巠,力,力,16,6,0,1,-646.9375
EDGE-04710,燈,登,火,火,16,6,0,0,-656.25
EDGE-02984,皴,夋,皮,皮,16,6,0,0,-657.4375
EDGE-05425,磐,般,石,石,8,6,0,0,-659.875
EDGE-01758,枯,古,木,木,16,6,0,0,-663.6875
EDGE-02617,鴕,它,鳥,鳥,16,6,0,0,-665.125
EDGE-03898,窠,果,穴,穴,16,6,0,0,-667.0625
EDGE-03804,沫,末,氵,水,8,6,0,0,-676.75
EDGE-02426,殃,央,歹,歹,16,6,0,0,-677.0
EDGE-03341,機,幾,木,木,16,6,0,0,-680.3125
EDGE-02171,聰,悤,耳,耳,8,6,0,0,-682.125
EDGE-03765,潛,朁,氵,水,16,6,0,0,-692.125
EDGE-03755,層,曾,尸,尸,16,6,0,0,-698.8125
EDGE-05773,壁,辟,土,土,16,6,0,0,-726.4375
EDGE-03039,把,巴,扌,手,16,6,0,0,-732.75
EDGE-03901,裹,果,衣,衣,16,6,0,0,-746.125
EDGE-05318,蛭,至,虫,虫,16,6,0,0,-747.4375
EDGE-00382,跨,夸,𧾷,足,16,6,0,0,-756.0
EDGE-00427,臍,齊,肉,肉,16,6,0,0,-758.9375
EDGE-03044,笆,巴,竹,竹,16,6,0,0,-770.75
EDGE-02672,吋,肘,口,口,16,6,0,0,-771.75
EDGE-04972,笠,立,竹,竹,16,6,0,0,-776.375
EDGE-04278,媛,爰,女,女,16,6,0,0,-784.6875
EDGE-03051,鈀,巴,釒,金,8,6,0,0,-799.375
EDGE-03930,獺,賴,犭,犬,16,6,0,0,-801.4375
EDGE-05181,緞,段,糸,糸,8,6,0,0,-807.75
EDGE-01458,絆,半,糸,糸,16,6,0,0,-816.8125
EDGE-03780,膾,會,肉,肉,16,6,0,0,-817.375
EDGE-03461,豉,支,豆,豆,16,6,0,0,-819.625
EDGE-00850,栓,全,木,木,16,6,0,0,-849.625
EDGE-03032,飴,台,飠,食,16,6,0,0,-855.625
EDGE-03643,棍,昆,木,木,16,6,0,0,-865.8125
EDGE-00691,槍,倉,木,木,16,6,0,0,-877.0625
EDGE-03663,埸,易,土,土,16,6,0,0,-884.8125
EDGE-04591,騁,甹,馬,馬,8,6,0,0,-886.75
EDGE-05224,筆,聿,竹,竹,16,6,0,0,-901.4375
EDGE-03797,妹,未,女,女,16,6,0,0,-914.3125
EDGE-03671,場,昜,土,土,16,6,0,0,-953.5625
EDGE-05846,響,鄉,音,音,8,6,0,0,-1015.75
EDGE-00525,趁,㐱,走,走,16,6,0,0,-1042.75
EDGE-02244,街,圭,行,行,16,6,0,0,-1105.6875
EDGE-00002,歲,戌,步,步,16,6,0,0,-1128.125
EDGE-04237,瞭,尞,目,目,8,6,0,0,-1295.625
EDGE-04735,嗌,益,口,口,8,6,0,0,-1299.625
EDGE-02559,髏,婁,骨,骨,16,6,0,0,-1316.3125
EDGE-00419,暄,宣,日,日,8,5,0,0,2016.75
EDGE-06142,魯,魚,曰,曰,8,5,0,0,1666.375
EDGE-03337,鉞,戉,釒,金,8,5,0,0,1342.375
EDGE-04626,彊,畺,弓,弓,8,5,0,0,1322.0
EDGE-05540,戁,難,心,心,8,5,0,0,1136.0
EDGE-01947,銘,名,釒,金,8,5,0,0,1085.75
EDGE-02136,徊,回,彳,彳,8,5,0,0,1072.625
EDGE-02470,煥,奐,火,火,16,5,0,0,928.9375
EDGE-06140,穌,魚,禾,禾,8,5,0,0,911.5
EDGE-05149,耎,而,大,大,8,5,0,0,837.125
EDGE-02605,貯,宁,貝,貝,8,5,0,0,809.0
EDGE-04228,褽,熨,衣,衣,8,5,0,0,800.0
EDGE-02978,晙,夋,日,日,8,5,0,0,795.125
EDGE-00287,頵,君,頁,頁,8,5,0,0,759.625
EDGE-03628,侚,旬,亻,人,8,5,0,0,735.25
EDGE-03546,磅,旁,石,石,16,5,0,0,724.1875
EDGE-03199,貣,弋,貝,貝,8,5,0,0,718.875
EDGE-03150,溏,唐,氵,水,8,5,0,0,712.75
EDGE-04638,藟,畾,艹,艸,8,5,0,0,701.875
EDGE-04856,擬,疑,扌,手,8,5,0,0,698.625
EDGE-02586,莩,孚,艹,艸,8,5,0,0,694.125
EDGE-00693,瑲,倉,王,玉,8,5,0,0,692.0
EDGE-02416,殀,夭,歹,歹,8,5,0,0,659.25
EDGE-04966,蓁,秦,艹,艸,8,5,0,0,654.5
EDGE-04870,薙,雉,艹,艸,8,5,0,0,645.125
EDGE-03502,昕,斤,日,日,8,5,0,0,643.25
EDGE-02147,緦,思,糸,糸,8,5,0,0,626.75
EDGE-00487,胲,亥,肉,肉,8,5,0,0,612.875
EDGE-04422,黶,厭,黑,黑,8,5,0,0,605.5
EDGE-03481,螯,敖,虫,虫,8,5,0,0,602.5
EDGE-06173,湞,貞,氵,水,8,5,0,0,597.125
EDGE-04741,鷁,益,鳥,鳥,8,5,0,0,587.0
EDGE-05740,瓚,贊,王,玉,8,5,0,0,576.625
EDGE-00116,紲,世,糸,糸,8,5,0,0,557.75
EDGE-05179,毈,段,卵,卵,8,5,0,0,551.5
EDGE-03412,楄,扁,木,木,8,5,0,0,545.25
EDGE-03604,儃,亶,亻,人,8,5,0,0,538.375
EDGE-04140,俅,求,亻,人,8,5,0,0,537.125
EDGE-04491,菁,青,艹,艸,8,5,0,0,535.375
EDGE-05835,挹,邑,扌,手,8,5,0,0,514.875
EDGE-05996,貜,矍,豸,豸,8,5,0,0,514.5
EDGE-04647,胥,疋,肉,肉,8,5,0,0,512.125
EDGE-02638,琯,官,王,玉,8,5,0,0,501.875
EDGE-03352,硪,我,石,石,8,5,0,0,500.0
EDGE-06157,儷,麗,亻,人,8,5,0,0,490.5
EDGE-04683,熠,習,火,火,8,5,0,0,486.375
EDGE-05700,涿,豖,氵,水,8,5,0,0,486.0
EDGE-04084,芼,毛,艹,艸,8,5,0,0,485.125
EDGE-01057,紞,冘,糸,糸,8,5,0,0,479.375
EDGE-04795,蹎,眞,𧾷,足,8,5,0,0,478.25
EDGE-03639,荀,旬,艹,艸,8,5,0,0,468.25
EDGE-05021,綦,其,糸,糸,8,5,0,0,455.75
EDGE-00521,紾,㐱,糸,糸,8,5,0,0,442.875
EDGE-02128,圓,員,囗,囗,8,5,0,0,440.875
EDGE-00763,詵,先,言,言,8,5,0,0,436.0
EDGE-01900,荅,合,艹,艸,8,5,0,0,421.625
EDGE-00425,櫅,齊,木,木,8,5,0,0,421.0
EDGE-01284,雊,句,隹,隹,8,5,0,0,411.875
EDGE-00984,鎌,兼,釒,金,8,5,0,0,402.125
EDGE-01568,詭,危,言,言,8,5,0,0,398.75
EDGE-00599,貔,𣬉,豸,豸,8,5,0,0,398.5
EDGE-00595,媲,𣬉,女,女,8,5,0,0,390.625
EDGE-01554,釉,由,釆,釆,8,5,0,0,383.75
EDGE-03990,嘸,無,口,口,8,5,0,0,378.25
EDGE-05587,歜,蜀,欠,欠,8,5,0,0,345.375
EDGE-03368,琖,戔,王,玉,8,5,0,0,344.625
EDGE-01693,畷,叕,田,田,8,5,0,0,338.75
EDGE-03397,瀸,韱,氵,水,8,5,0,0,338.0
EDGE-04853,儗,疑,亻,人,8,5,0,0,330.375
EDGE-00422,諠,宣,言,言,8,5,0,0,327.75
EDGE-04362,纕,襄,糸,糸,8,5,0,0,321.375
EDGE-00631,瓴,令,瓦,瓦,8,5,0,0,321.25
EDGE-05113,嘐,翏,口,口,8,5,0,0,321.125
EDGE-02086,禱,壽,礻,示,8,5,0,0,317.375
EDGE-06183,櫳,龍,木,木,8,5,0,0,315.125
EDGE-00513,黲,參,黑,黑,8,5,0,0,308.125
EDGE-04361,穰,襄,禾,禾,8,5,0,0,303.625
EDGE-02923,釭,工,釒,金,8,5,0,0,301.0
EDGE-04007,沚,止,氵,水,8,5,0,0,299.625
EDGE-03017,枲,台,木,木,8,5,0,0,291.5
EDGE-04934,蠣,厲,虫,虫,8,5,0,0,290.0
EDGE-01797,徛,奇,彳,彳,8,5,0,0,289.25
EDGE-03683,煬,昜,火,火,16,5,0,0,288.625
EDGE-04860,戣,癸,戈,戈,8,5,0,0,283.625
EDGE-04682,槢,習,木,木,8,5,0,0,264.25
EDGE-01325,麴,匊,麥,麥,8,5,0,0,262.125
EDGE-05124,穋,翏,禾,禾,8,5,0,0,261.75
EDGE-03528,塹,斬,土,土,16,5,0,0,249.0
EDGE-01760,盬,古,鹽,鹽,8,5,0,0,248.0
EDGE-04261,穮,麃,禾,禾,8,5,0,0,246.0
EDGE-04239,轑,尞,車,車,8,5,0,0,245.875
EDGE-02647,夤,寅,夕,夕,8,5,0,0,245.75
EDGE-01042,樠,㒼,木,木,8,5,0,0,244.625
EDGE-06043,棐,非,木,木,8,5,0,0,240.875
EDGE-03909,揲,枼,扌,手,8,5,0,0,240.75
EDGE-00719,歛,僉,欠,欠,8,5,0,0,239.25
EDGE-04920,螭,离,虫,虫,8,5,0,0,238.5
EDGE-05895,豢,𠔉,豕,豕,8,5,0,0,235.0
EDGE-05365,慆,舀,忄,心,8,5,0,0,234.875
EDGE-01223,扐,力,扌,手,8,5,0,0,234.625
EDGE-00114,抴,世,扌,手,8,5,0,0,232.5
EDGE-00163,猰,契,犭,犬,8,5,0,0,228.0
EDGE-03645,焜,昆,火,火,8,5,0,0,228.0
EDGE-00834,鶡,曷,鳥,鳥,8,5,0,0,225.75
EDGE-00057,抔,不,扌,手,8,5,0,0,219.75
EDGE-02486,閹,奄,門,門,8,5,0,0,206.125
EDGE-00508,篸,參,竹,竹,8,5,0,0,198.5
EDGE-01886,渰,弇,氵,水,8,5,0,0,194.25
EDGE-02579,桴,孚,木,木,8,5,0,0,193.75
EDGE-05077,瀁,養,氵,水,8,5,0,0,186.875
EDGE-03617,鸇,亶,鳥,鳥,8,5,0,0,183.5
EDGE-03557,芳,方,艹,艸,8,5,0,0,176.0
EDGE-00378,摦,瓠,扌,手,8,5,0,0,171.25
EDGE-02441,桋,夷,木,木,8,5,0,0,171.0
EDGE-03172,鞬,建,革,革,8,5,0,0,163.25
EDGE-03238,綈,弟,糸,糸,8,5,0,0,158.25
EDGE-03034,鮐,台,魚,魚,8,5,0,0,157.75
EDGE-01687,剟,叕,刂,刀,8,5,0,0,156.375
EDGE-01006,咼,冎,口,口,8,5,0,0,156.25
EDGE-05227,橚,肅,木,木,8,5,0,0,156.25
EDGE-03725,桹,良,木,木,8,5,0,0,152.375
EDGE-01383,茈,此,艹,艸,8,5,0,0,149.75
EDGE-03655,菖,昌,艹,艸,8,5,0,0,145.25
EDGE-00838,甿,亡,田,田,8,5,0,0,145.125
EDGE-00806,曷,匃,曰,曰,16,5,0,0,142.625
EDGE-05899,惓,卷,忄,心,8,5,0,0,139.375
EDGE-04896,楀,禹,木,木,8,5,0,0,137.125
EDGE-00978,溓,兼,氵,水,8,5,0,0,136.375
EDGE-00516,沴,㐱,氵,水,8,5,0,0,131.125
EDGE-00989,扃,冋,戶,戶,8,5,0,0,130.875
EDGE-00307,氿,九,氵,水,8,5,0,0,128.5
EDGE-03244,搦,弱,扌,手,8,5,0,0,127.125
EDGE-01173,枌,分,木,木,8,5,0,0,121.25
EDGE-05397,稌,余,禾,禾,8,5,0,0,120.125
EDGE-01077,鳧,几,鳥,鳥,16,5,0,0,113.3125
EDGE-04857,礙,疑,石,石,8,5,0,0,111.75
EDGE-01431,貙,區,豸,豸,8,5,0,0,109.0
EDGE-04793,瑱,眞,王,玉,8,5,0,0,106.5
EDGE-03750,鬘,曼,髟,髟,8,5,0,0,105.75
EDGE-00059,罘,不,罒,网,8,5,0,0,104.875
EDGE-01816,珂,可,王,玉,16,5,0,1,100.25
EDGE-01623,僦,就,亻,人,8,5,0,0,96.625
EDGE-02511,挐,如,手,手,8,5,0,0,94.375
EDGE-01585,縓,原,糸,糸,8,5,0,0,90.125
EDGE-04282,湲,爰,氵,水,8,5,0,0,88.25
EDGE-06004,噍,焦,口,口,8,5,0,0,85.125
EDGE-04965,臻,秦,至,至,8,5,0,0,83.625
EDGE-05581,噣,蜀,口,口,8,5,0,0,81.5
EDGE-02487,黤,奄,黑,黑,8,5,0,0,79.625
EDGE-00577,价,介,亻,人,8,5,0,0,78.625
EDGE-01720,椵,叚,木,木,8,5,0,0,75.25
EDGE-05190,佴,耳,亻,人,8,5,0,0,73.625
EDGE-00547,淰,念,氵,水,8,5,0,0,71.75
EDGE-01665,昄,反,日,日,8,5,0,0,71.25
EDGE-00783,猊,兒,犭,犬,8,5,0,0,62.375
EDGE-02088,翿,壽,羽,羽,8,5,0,0,59.375
EDGE-03583,諸,者,言,言,16,5,0,0,56.4375
EDGE-05325,啗,臽,口,口,16,5,0,0,47.6875
EDGE-02530,挼,妥,扌,手,8,5,0,0,46.375
EDGE-02700,鱄,專,魚,魚,8,5,0,0,41.375
EDGE-04845,鷸,矞,鳥,鳥,8,5,0,0,33.25
EDGE-03513,芹,斤,艹,艸,8,5,0,0,32.375
EDGE-06007,燋,焦,火,火,8,5,0,0,29.125
EDGE-01129,到,刀,至,至,16,5,0,0,27.5
EDGE-01783,軹,只,車,車,8,5,0,0,25.875
EDGE-03647,緄,昆,糸,糸,8,5,0,0,25.5
EDGE-03334,狘,戉,犭,犬,8,5,0,0,22.875
EDGE-04348,豨,希,豕,豕,8,5,0,0,20.25
EDGE-02280,蕘,堯,艹,艸,8,5,0,0,16.75
EDGE-04555,蒲,浦,艹,艸,8,5,0,0,15.125
EDGE-04906,嵎,禺,山,山,16,5,0,0,14.4375
EDGE-05193,濈,戢,氵,水,8,5,0,0,13.875
EDGE-02801,緁,疌,糸,糸,8,5,0,0,12.625
EDGE-00488,荄,亥,艹,艸,8,5,0,0,11.625
EDGE-02688,團,專,囗,囗,8,5,0,0,11.375
EDGE-02121,葦,韋,艹,艸,8,5,0,0,9.875
EDGE-03008,船,㕣,舟,舟,16,5,0,2,6.375
EDGE-03176,噂,尊,口,口,8,5,0,0,3.0
EDGE-01321,菊,匊,艹,艸,8,5,0,0,2.125
EDGE-00778,鞔,免,革,革,8,5,0,0,1.375
EDGE-02501,弩,奴,弓,弓,16,5,0,0,0.25
EDGE-01873,蠸,雚,虫,虫,8,5,0,0,0.0
EDGE-02873,甾,𡿧,田,田,8,5,0,0,-0.75
EDGE-05082,蘀,擇,艹,艸,8,5,0,0,-4.75
EDGE-04114,袛,氐,衤,衣,8,5,0,0,-5.625
EDGE-04198,棪,炎,木,木,8,5,0,0,-8.0
EDGE-02623,頞,安,頁,頁,8,5,0,0,-11.5
EDGE-04113,蚳,氐,虫,虫,8,5,0,0,-16.5
EDGE-01266,怐,句,忄,心,8,5,0,0,-19.125
EDGE-05556,瀘,盧,氵,水,16,5,0,0,-22.3125
EDGE-00902,蓊,翁,艹,艸,8,5,0,0,-23.25
EDGE-03638,絢,旬,糸,糸,16,5,0,0,-30.125
EDGE-05454,騶,芻,馬,馬,8,5,0,0,-31.875
EDGE-00383,杇,亏,木,木,8,5,0,0,-33.75
EDGE-05855,猷,酋,犬,犬,8,5,0,0,-34.25
EDGE-06040,扉,非,戶,戶,16,5,0,0,-37.125
EDGE-00150,虯,丩,虫,虫,16,5,0,0,-41.4375
EDGE-04099,軝,氏,車,車,8,5,0,0,-46.625
EDGE-02538,霎,妾,雨,雨,8,5,0,0,-48.5
EDGE-02271,曉,堯,日,日,16,5,0,0,-56.3125
EDGE-03821,殊,朱,歹,歹,16,5,0,0,-57.4375
EDGE-05233,鷫,肅,鳥,鳥,8,5,0,0,-58.375
EDGE-01644,鏗,堅,釒,金,16,5,0,0,-58.625
EDGE-02876,錙,甾,釒,金,16,5,0,0,-59.375
EDGE-05857,蝤,酋,虫,虫,8,5,0,0,-67.5
EDGE-04939,矮,委,矢,矢,16,5,0,0,-67.6875
EDGE-04566,鯆,甫,魚,魚,8,5,0,0,-70.375
EDGE-02051,諴,咸,言,言,8,5,0,0,-76.25
EDGE-03482,謷,敖,言,言,8,5,0,0,-83.0
EDGE-04131,汽,气,氵,水,8,5,0,0,-87.25
EDGE-01841,茖,各,艹,艸,8,5,0,0,-97.5
EDGE-02750,哤,尨,口,口,8,5,0,0,-99.0
EDGE-04668,帛,白,巾,巾,16,5,0,0,-99.9375
EDGE-04839,潏,矞,氵,水,8,5,0,0,-103.875
EDGE-02953,屺,己,山,山,8,5,0,0,-108.0
EDGE-05854,蕕,猶,艹,艸,8,5,0,0,-108.0
EDGE-02867,訓,川,言,言,16,5,0,0,-109.0625
EDGE-05252,涓,肙,氵,水,16,5,0,0,-109.25
EDGE-04145,球,求,王,玉,8,5,0,0,-109.625
EDGE-01739,釦,口,釒,金,8,5,0,0,-112.25
EDGE-00103,苴,且,艹,艸,8,5,0,0,-115.625
EDGE-05461,慝,匿,心,心,8,5,0,0,-119.5
EDGE-05012,澌,斯,氵,水,8,5,0,0,-120.375
EDGE-03585,藷,諸,艹,艸,8,5,0,0,-122.125
EDGE-06200,鶖,秋,鳥,鳥,8,5,0,0,-122.875
EDGE-06046,翡,非,羽,羽,16,5,0,0,-124.25
EDGE-03040,杷,巴,木,木,16,5,0,0,-127.1875
EDGE-01993,浩,告,氵,水,16,5,0,0,-129.375
EDGE-04339,斧,父,斤,斤,16,5,0,3,-130.0625
EDGE-04660,鱖,厥,魚,魚,16,5,0,0,-132.6875
EDGE-05656,薢,解,艹,艸,8,5,0,0,-136.5
EDGE-04550,鎛,尃,釒,金,8,5,0,0,-137.25
EDGE-00158,衷,中,衣,衣,16,5,0,0,-140.0
EDGE-05018,淇,其,氵,水,16,5,0,0,-147.625
EDGE-04382,斨,爿,斤,斤,8,5,0,0,-148.875
EDGE-04785,壞,褱,土,土,8,5,0,0,-149.0
EDGE-01286,鴝,句,鳥,鳥,16,5,0,0,-153.0
EDGE-04210,錟,炎,釒,金,8,5,0,0,-153.25
EDGE-04963,榛,秦,木,木,8,5,0,0,-157.875
EDGE-02776,懁,睘,忄,心,8,5,0,0,-158.25
EDGE-02848,鶚,咢,鳥,鳥,8,5,0,0,-163.375
EDGE-02233,洼,圭,氵,水,8,5,0,0,-164.875
EDGE-05669,襜,詹,衤,衣,8,5,0,0,-164.875
EDGE-02866,紃,川,糸,糸,8,5,0,0,-165.5
EDGE-02314,經,巠,糸,糸,16,5,0,0,-168.125
EDGE-01973,棠,尚,木,木,16,5,0,0,-172.5
EDGE-01913,鴿,合,鳥,鳥,16,5,0,0,-178.625
EDGE-03957,嘛,麻,口,口,16,5,0,0,-180.5625
EDGE-04604,福,畐,礻,示,16,5,0,0,-184.3125
EDGE-05355,萸,臾,艹,艸,8,5,0,0,-195.0
EDGE-04411,黻,犮,黹,黹,16,5,0,0,-202.0
EDGE-00917,藚,𧶠,艹,艸,8,5,0,0,-207.375
EDGE-05881,皤,番,白,白,16,5,0,0,-207.4375
EDGE-02070,憚,單,忄,心,16,5,0,0,-208.9375
EDGE-06204,蘥,龠,艹,艸,8,5,0,0,-209.0
EDGE-05541,攤,難,扌,手,8,5,0,0,-210.375
EDGE-05171,磑,豈,石,石,8,5,0,0,-210.75
EDGE-05853,猶,酋,犭,犬,8,5,0,0,-212.5
EDGE-02127,勛,員,力,力,16,5,0,0,-215.1875
EDGE-05924,帳,長,巾,巾,16,5,0,0,-217.6875
EDGE-00157,盅,中,皿,皿,16,5,0,0,-217.875
EDGE-01011,窩,咼,穴,穴,16,5,0,0,-219.25
EDGE-03743,漫,曼,氵,水,16,5,0,0,-221.375
EDGE-04925,蘺,離,艹,艸,8,5,0,0,-232.625
EDGE-04303,玻,皮,王,玉,16,5,0,0,-233.8125
EDGE-02554,蔞,婁,艹,艸,8,5,0,0,-245.0
EDGE-05984,錐,隹,釒,金,16,5,0,0,-253.4375
EDGE-05256,蜎,肙,虫,虫,8,5,0,0,-261.0
EDGE-05228,潚,肅,氵,水,8,5,0,0,-267.125
EDGE-04365,鑲,襄,釒,金,16,5,0,0,-273.6875
EDGE-01611,浤,宏,氵,水,8,5,0,0,-277.375
EDGE-03184,鱒,尊,魚,魚,8,5,0,0,-287.125
EDGE-01359,蓍,耆,艹,艸,8,5,0,0,-295.25
EDGE-04441,菰,孤,艹,艸,8,5,0,0,-300.0
EDGE-04557,脯,甫,肉,肉,16,5,0,0,-304.375
EDGE-05785,薜,辟,艹,艸,8,5,0,0,-304.375
EDGE-03167,健,建,亻,人,16,5,0,0,-309.25
EDGE-00830,靄,謁,雨,雨,16,5,0,0,-310.875
EDGE-02773,瞏,袁,罒,网,8,5,0,0,-312.5
EDGE-00873,窬,兪,穴,穴,16,5,0,0,-313.0
EDGE-00436,惡,亞,心,心,16,5,0,0,-316.875
EDGE-04739,鎰,益,釒,金,8,5,0,0,-325.25
EDGE-03649,輥,昆,車,車,8,5,0,0,-325.75
EDGE-03939,練,柬,糸,糸,16,5,0,0,-328.6875
EDGE-04446,窊,瓜,穴,穴,8,5,0,0,-328.75
EDGE-01453,伴,半,亻,人,16,5,0,0,-329.25
EDGE-02544,屨,婁,履,履,16,5,0,0,-332.1875
EDGE-01102,劫,去,力,力,8,5,0,0,-337.375
EDGE-04399,帗,犮,巾,巾,8,5,0,0,-345.5
EDGE-00353,茨,次,艹,艸,8,5,0,0,-346.625
EDGE-03571,渚,者,氵,水,16,5,0,0,-348.5
EDGE-00504,慘,參,忄,心,16,5,0,0,-353.6875
EDGE-01901,塔,荅,土,土,16,5,0,0,-354.4375
EDGE-05538,饉,堇,飠,食,16,5,0,0,-360.375
EDGE-03994,蕪,無,艹,艸,8,5,0,0,-371.0
EDGE-04466,煁,甚,火,火,8,5,0,0,-371.5
EDGE-03403,所,戶,斤,斤,16,5,0,0,-372.3125
EDGE-01034,溝,冓,氵,水,16,5,0,0,-374.6875
EDGE-06111,膏,高,肉,肉,16,5,0,0,-375.0625
EDGE-04990,織,戠,糸,糸,16,5,0,0,-376.6875
EDGE-04017,整,正,敕,敕,16,5,0,0,-379.6875
EDGE-05524,幭,蔑,巾,巾,8,5,0,0,-383.75
EDGE-03092,蹄,帝,𧾷,足,16,5,0,0,-390.875
EDGE-05914,狸,里,犭,犬,16,5,0,0,-392.25
EDGE-04428,舷,玄,舟,舟,16,5,0,0,-393.125
EDGE-03369,盞,戔,皿,皿,16,5,0,0,-393.25
EDGE-03216,佛,弗,亻,人,16,5,0,0,-403.5625
EDGE-02916,肛,工,肉,肉,16,5,0,0,-408.75
EDGE-04280,暖,爰,日,日,16,5,0,0,-409.0625
EDGE-00450,航,亢,舟,舟,16,5,0,0,-409.5
EDGE-00095,狙,且,犭,犬,16,5,0,0,-410.5625
EDGE-04022,砭,乏,石,石,16,5,0,0,-414.375
EDGE-01506,苫,占,艹,艸,8,5,0,0,-416.625
EDGE-03170,腱,建,肉,肉,16,5,0,0,-420.625
EDGE-03779,繪,會,糸,糸,16,5,0,0,-422.0625
EDGE-02236,珪,圭,王,玉,16,5,0,0,-431.0
EDGE-00359,吁,于,口,口,16,5,0,0,-432.25
EDGE-03384,惑,或,心,心,16,5,0,0,-438.75
EDGE-00315,鳩,九,鳥,鳥,16,5,0,0,-440.8125
EDGE-05239,搖,䍃,扌,手,16,5,0,0,-443.125
EDGE-04279,援,爰,扌,手,16,5,0,0,-444.0625
EDGE-06109,縞,高,糸,糸,16,5,0,0,-444.5
EDGE-03251,椽,彖,木,木,16,5,0,0,-453.375
EDGE-04184,黌,黃,學,學,16,5,0,0,-459.125
EDGE-01839,絡,各,糸,糸,16,5,0,0,-460.9375
EDGE-05657,蟹,解,虫,虫,8,5,0,0,-461.0
EDGE-04386,狀,爿,犬,犬,16,5,0,0,-471.375
EDGE-02325,征,正,彳,彳,16,5,0,0,-471.4375
EDGE-04357,孃,襄,女,女,16,5,0,0,-475.3125
EDGE-05093,曦,羲,日,日,16,5,0,0,-483.875
EDGE-03009,袞,㕣,衣,衣,16,5,0,0,-485.25
EDGE-00444,坑,亢,土,土,16,5,0,0,-487.5625
EDGE-03599,蔟,族,艹,艸,8,5,0,0,-505.0
EDGE-04086,髦,毛,髟,髟,16,5,0,0,-517.4375
EDGE-03889,襟,禁,衤,衣,16,5,0,0,-518.1875
EDGE-05269,瀛,嬴,氵,水,16,5,0,0,-521.5
EDGE-04811,霧,務,雨,雨,16,5,0,0,-526.5
EDGE-03207,笵,氾,竹,竹,8,5,0,0,-529.625
EDGE-05637,現,見,王,玉,16,5,0,0,-532.3125
EDGE-00178,烽,夆,火,火,16,5,0,0,-533.5
EDGE-01964,螳,堂,虫,虫,16,5,0,0,-534.4375
EDGE-04601,幅,畐,巾,巾,16,5,0,0,-534.75
EDGE-04527,蛹,甬,虫,虫,16,5,0,0,-535.625
EDGE-03757,甑,曾,瓦,瓦,16,5,0,0,-540.25
EDGE-02094,操,喿,扌,手,16,5,0,0,-540.75
EDGE-01767,蝴,胡,虫,虫,16,5,0,0,-543.1875
EDGE-05218,律,聿,彳,彳,16,5,0,0,-548.625
EDGE-00224,炒,少,火,火,16,5,0,0,-553.1875
EDGE-00336,芧,予,艹,艸,8,5,0,0,-568.375
EDGE-03605,壇,亶,土,土,16,5,0,0,-571.9375
EDGE-05772,劈,辟,刀,刀,16,5,0,0,-578.1875
EDGE-03867,憧,童,忄,心,16,5,0,0,-580.5625
EDGE-04396,雅,牙,隹,隹,16,5,0,0,-592.0
EDGE-02622,鞍,安,革,革,16,5,0,0,-595.625
EDGE-03364,棧,戔,木,木,16,5,0,0,-603.1875
EDGE-00974,簾,廉,竹,竹,16,5,0,0,-605.9375
EDGE-00640,零,令,雨,雨,16,5,0,0,-610.0
EDGE-03415,篇,扁,竹,竹,16,5,0,0,-614.5
EDGE-04946,魏,委,鬼,鬼,16,5,0,0,-622.375
EDGE-00031,頂,丁,頁,頁,16,5,0,0,-623.8125
EDGE-02183,錮,固,釒,金,16,5,0,0,-629.8125
EDGE-01361,鰭,耆,魚,魚,16,5,0,0,-630.25
EDGE-02895,鬣,巤,髟,髟,16,5,0,0,-631.875
EDGE-03193,式,弋,工,工,16,5,0,0,-633.4375
EDGE-05195,楫,咠,木,木,16,5,0,0,-633.9375
EDGE-03121,赶,干,走,走,8,5,0,0,-634.25
EDGE-01319,掬,匊,扌,手,8,5,0,0,-635.0
EDGE-02834,台,㠯,口,口,16,5,0,0,-637.5
EDGE-02034,鵰,周,鳥,鳥,16,5,0,0,-653.6875
EDGE-03249,喙,彖,口,口,16,5,0,0,-654.875
EDGE-01283,鉤,句,釒,金,16,5,0,0,-655.1875
EDGE-01310,刎,勿,刂,刀,16,5,0,0,-658.25
EDGE-03458,肢,支,肉,肉,16,5,0,0,-659.5625
EDGE-02999,稅,兌,禾,禾,16,5,0,0,-660.0
EDGE-05701,琢,豖,王,玉,8,5,0,0,-667.25
EDGE-05311,膣,窒,肉,肉,8,5,0,0,-667.5
EDGE-05303,咥,至,口,口,8,5,0,0,-673.25
EDGE-02120,緯,韋,糸,糸,16,5,0,0,-673.3125
EDGE-03324,臆,意,肉,肉,16,5,0,0,-673.6875
EDGE-01311,吻,勿,口,口,16,5,0,0,-677.625
EDGE-02429,秧,央,禾,禾,16,5,0,0,-679.5
EDGE-02491,墊,執,土,土,8,5,0,0,-683.25
EDGE-04455,紺,甘,糸,糸,16,5,0,0,-685.9375
EDGE-00392,魂,云,鬼,鬼,16,5,0,0,-686.125
EDGE-00602,砒,比,石,石,16,5,0,0,-693.125
EDGE-01542,抽,由,扌,手,16,5,0,0,-699.0625
EDGE-00228,紗,少,糸,糸,16,5,0,0,-708.9375
EDGE-00684,蓨,脩,艹,艸,8,5,0,0,-712.125
EDGE-04021,眨,乏,目,目,16,5,0,0,-723.375
EDGE-00899,鬆,松,髟,髟,16,5,0,0,-738.5
EDGE-01991,娛,吳,女,女,8,5,0,0,-746.75
EDGE-03987,轢,樂,車,車,8,5,0,0,-751.375
EDGE-04796,闐,眞,門,門,8,5,0,0,-763.875
EDGE-06018,糯,需,米,米,16,5,0,0,-764.25
EDGE-01252,胞,包,肉,肉,16,5,0,0,-784.3125
EDGE-00549,諗,念,言,言,8,5,0,0,-795.875
EDGE-01958,詞,司,言,言,16,5,0,0,-801.5625
EDGE-05260,鵑,肙,鳥,鳥,16,5,0,0,-810.625
EDGE-03087,啼,帝,口,口,16,5,0,0,-815.125
EDGE-02658,嚀,寧,口,口,16,5,0,0,-817.875
EDGE-06195,愀,秋,忄,心,16,5,0,0,-822.0
EDGE-03475,竅,敫,穴,穴,16,5,0,0,-875.625
EDGE-01905,蛤,合,虫,虫,16,5,0,0,-888.8125
EDGE-01364,鮨,旨,魚,魚,8,5,0,0,-907.625
EDGE-01830,額,客,頁,頁,16,5,0,0,-911.8125
EDGE-01673,飯,反,飠,食,16,5,0,0,-932.0625
EDGE-04821,鶩,敄,鳥,鳥,16,5,0,0,-935.5625
EDGE-00816,蠍,歇,虫,虫,16,5,0,0,-957.25
EDGE-02660,濘,寧,氵,水,16,5,0,0,-996.375
EDGE-02243,蛙,圭,虫,虫,16,5,0,0,-1000.5625
EDGE-02054,鹹,咸,鹵,鹵,16,5,0,0,-1023.25
EDGE-02727,鞘,肖,革,革,16,5,0,0,-1030.6875
EDGE-03820,株,朱,木,木,16,5,0,0,-1037.0625
EDGE-04252,嚥,燕,口,口,8,5,0,0,-1048.375
EDGE-03980,櫟,樂,木,木,16,5,0,0,-1048.875
EDGE-03089,締,帝,糸,糸,16,5,0,0,-1067.0625
EDGE-02394,馱,大,馬,馬,8,5,0,0,-1076.375
EDGE-00334,杼,予,木,木,16,5,0,0,-1094.8125
EDGE-02150,鰓,思,魚,魚,8,5,0,0,-1143.0
EDGE-03063,幣,敝,巾,巾,16,5,0,0,-1148.4375
EDGE-02924,項,工,頁,頁,16,5,0,0,-1148.9375
EDGE-05299,蝗,皇,虫,虫,16,5,0,0,-1152.375
EDGE-04684,褶,習,衤,衣,8,5,0,0,-1172.0
EDGE-03569,暑,者,日,日,16,5,0,0,-1207.375
EDGE-04477,猩,星,犭,犬,16,5,0,0,-1264.625
EDGE-01948,垢,后,土,土,8,5,0,0,-1339.625
EDGE-00202,麈,主,鹿,鹿,16,5,0,0,-1379.5625
EDGE-04958,歷,厤,止,止,4,4,0,0,3142.25
EDGE-04956,厤,秝,厂,厂,4,4,0,0,2918.5
EDGE-01447,禦,御,示,示,4,4,0,0,2585.5
EDGE-02036,厬,晷,厂,厂,4,4,0,0,2360.25
EDGE-01433,醧,區,酉,酉,4,4,0,0,2330.5
EDGE-04156,鞜,沓,革,革,4,4,0,0,2277.5
EDGE-00148,朻,丩,木,木,4,4,0,0,2201.0
EDGE-00921,韇,𧶠,革,革,4,4,0,0,2122.5
EDGE-02286,顤,堯,頁,頁,4,4,0,0,2097.5
EDGE-00432,齍,齊,皿,皿,4,4,0,0,2028.75
EDGE-02066,奲,單,奢,奢,4,4,0,0,1980.75
EDGE-03778,禬,會,礻,示,4,4,0,0,1909.75
EDGE-04819,鞪,敄,革,革,4,4,0,0,1897.5
EDGE-00556,耹,今,耳,耳,4,4,0,0,1886.0
EDGE-06034,厞,非,厂,厂,4,4,0,0,1850.25
EDGE-03471,憿,敫,忄,心,4,4,0,0,1816.75
EDGE-01910,鞈,合,革,革,4,4,0,0,1777.0
EDGE-03477,譥,敫,言,言,4,4,0,0,1774.75
EDGE-01210,嘉,加,壴,壴,4,4,0,0,1707.0
EDGE-00117,詍,世,言,言,4,4,0,0,1659.0
EDGE-06056,偭,面,亻,人,4,4,0,0,1655.0
EDGE-04620,彃,畢,弓,弓,4,4,0,0,1648.25
EDGE-03986,觻,樂,角,角,4,4,0,0,1619.75
EDGE-05869,僁,悉,亻,人,4,4,0,0,1606.75
EDGE-02387,忕,大,忄,心,4,4,0,0,1568.25
EDGE-00666,睔,侖,目,目,4,4,0,0,1555.5
EDGE-04898,萭,禹,艹,艸,4,4,0,0,1517.0
EDGE-00575,靲,今,革,革,4,4,0,0,1507.75
EDGE-01904,鞳,荅,革,革,4,4,0,0,1489.5
EDGE-03438,詄,失,言,言,4,4,0,0,1482.0
EDGE-04147,脙,求,肉,肉,4,4,0,0,1479.5
EDGE-01274,竘,句,立,立,4,4,0,0,1433.25
EDGE-00256,歋,虒,欠,欠,4,4,0,0,1425.75
EDGE-05765,謘,屖,言,言,4,4,0,0,1387.75
EDGE-02294,藝,蓺,云,云,8,4,0,0,1383.25
EDGE-03094,懘,滯,心,心,4,4,0,0,1370.5
EDGE-04320,釂,爵,酉,酉,4,4,0,0,1357.0
EDGE-00724,譣,僉,言,言,4,4,0,0,1356.5
EDGE-05952,殔,隶,歹,歹,4,4,0,0,1351.0
EDGE-00275,秅,乇,禾,禾,4,4,0,0,1347.5
EDGE-00835,齃,曷,鼻,鼻,4,4,0,0,1335.75
EDGE-01041,慲,㒼,忄,心,4,4,0,0,1316.5
EDGE-05445,饙,賁,飠,食,4,4,0,0,1316.0
EDGE-03097,蹛,帶,𧾷,足,4,4,0,0,1304.5
EDGE-00726,顩,僉,頁,頁,4,4,0,0,1289.5
EDGE-05525,懱,蔑,忄,心,4,4,0,0,1281.75
EDGE-03208,范,氾,艹,艸,8,4,0,0,1277.75
EDGE-01063,嫇,冥,女,女,4,4,0,0,1267.0
EDGE-01565,祪,危,礻,示,4,4,0,0,1251.5
EDGE-04685,謵,習,言,言,4,4,0,0,1239.25
EDGE-03114,皯,干,皮,皮,4,4,0,0,1224.75
EDGE-01986,矘,黨,目,目,4,4,0,0,1224.0
EDGE-05024,諅,其,言,言,4,4,0,0,1221.25
EDGE-01677,騷,蚤,馬,馬,4,4,0,0,1211.75
EDGE-02738,琡,叔,王,玉,4,4,0,0,1209.5
EDGE-02138,茴,回,艹,艸,8,4,0,0,1179.875
EDGE-05447,媰,芻,女,女,4,4,0,0,1177.75
EDGE-02998,涗,兌,氵,水,4,4,0,0,1176.5
EDGE-04805,躣,瞿,𧾷,足,4,4,0,0,1170.0
EDGE-00911,儥,𧶠,亻,人,4,4,0,0,1166.5
EDGE-05955,齂,隶,鼻,鼻,4,4,0,0,1163.25
EDGE-03344,穖,幾,禾,禾,4,4,0,0,1161.75
EDGE-00678,窱,條,穴,穴,4,4,0,0,1156.5
EDGE-04968,秶,次,禾,禾,4,4,0,0,1139.0
EDGE-04154,誻,沓,言,言,4,4,0,0,1136.25
EDGE-00782,掜,兒,扌,手,4,4,0,0,1121.75
EDGE-02798,疀,疌,甾,甾,4,4,0,0,1119.25
EDGE-05469,憼,敬,心,心,4,4,0,0,1104.25
EDGE-01920,欯,吉,欠,欠,4,4,0,0,1098.25
EDGE-05736,譻,賏,言,言,4,4,0,0,1085.25
EDGE-03177,壿,尊,士,士,4,4,0,0,1085.0
EDGE-03126,靬,干,革,革,4,4,0,0,1078.75
EDGE-05456,齺,芻,齒,齒,4,4,0,0,1061.5
EDGE-03963,髍,麻,骨,骨,4,4,0,0,1048.25
EDGE-01225,朸,力,木,木,4,4,0,0,1041.0
EDGE-05177,歂,耑,欠,欠,4,4,0,0,1040.25
EDGE-02160,孈,巂,女,女,4,4,0,0,1024.5
EDGE-01028,顝,骨,頁,頁,4,4,0,0,1018.75
EDGE-05956,倠,隹,亻,人,4,4,0,0,990.25
EDGE-01881,姶,合,女,女,4,4,0,0,967.75
EDGE-02375,姼,多,女,女,4,4,0,0,963.5
EDGE-03567,譇,奢,言,言,4,4,0,0,956.25
EDGE-01940,詷,同,言,言,4,4,0,0,949.5
EDGE-00711,嬐,僉,女,女,4,4,0,0,944.75
EDGE-03363,帴,戔,巾,巾,4,4,0,0,933.25
EDGE-05762,縡,宰,糸,糸,4,4,0,0,920.5
EDGE-05347,壛,閻,土,土,4,4,0,0,915.5
EDGE-01966,闛,堂,門,門,4,4,0,0,883.5
EDGE-02425,柍,央,木,木,4,4,0,0,882.75
EDGE-04632,櫑,畾,木,木,4,4,0,0,874.25
EDGE-04127,忥,气,心,心,4,4,0,0,870.5
EDGE-01413,趠,卓,走,走,4,4,0,0,869.25
EDGE-02694,篿,專,竹,竹,4,4,0,0,860.5
EDGE-03660,殙,昏,歹,歹,8,4,0,0,860.375
EDGE-03708,趧,是,走,走,4,4,0,0,858.5
EDGE-00169,觢,㓞,角,角,4,4,0,0,848.25
EDGE-05627,踤,卒,𧾷,足,4,4,0,0,847.5
EDGE-02283,趬,堯,走,走,4,4,0,0,814.5
EDGE-03782,襘,會,衤,衣,4,4,0,0,813.5
EDGE-02068,幝,單,巾,巾,4,4,0,0,810.0
EDGE-05203,毦,耳,毛,毛,4,4,0,0,793.0
EDGE-01110,稯,㚇,禾,禾,4,4,0,0,782.0
EDGE-05800,唇,辰,口,口,8,4,0,0,772.0
EDGE-02683,蔣,將,艹,艸,8,4,0,0,769.375
EDGE-01505,笘,占,竹,竹,4,4,0,0,768.5
EDGE-03469,墽,敫,土,土,4,4,0,0,766.5
EDGE-02444,羠,夷,羊,羊,4,4,0,0,763.25
EDGE-02291,槸,埶,木,木,4,4,0,0,762.25
EDGE-00746,忨,元,忄,心,4,4,0,0,758.5
EDGE-01871,矔,雚,目,目,4,4,0,0,752.25
EDGE-00674,虪,儵,虎,虎,4,4,0,0,749.25
EDGE-05721,裖,辰,衤,衣,4,4,0,0,718.75
EDGE-02689,嫥,專,女,女,4,4,0,0,714.0
EDGE-02162,纗,巂,糸,糸,4,4,0,0,700.0
EDGE-01704,棷,取,木,木,4,4,0,0,688.5
EDGE-00565,韽,酓,音,音,4,4,0,0,684.75
EDGE-03983,瓅,樂,王,玉,4,4,0,0,680.5
EDGE-01277,絇,句,糸,糸,4,4,0,0,680.0
EDGE-04859,譺,疑,言,言,4,4,0,0,672.75
EDGE-03328,櫌,憂,木,木,4,4,0,0,672.0
EDGE-02553,膢,婁,肉,肉,4,4,0,0,661.5
EDGE-01499,惉,沾,心,心,4,4,0,0,661.25
EDGE-01143,袑,召,衤,衣,4,4,0,0,657.5
EDGE-04121,怋,民,忄,心,4,4,0,0,650.5
EDGE-05830,謰,連,言,言,4,4,0,0,650.5
EDGE-00825,譪,葛,言,言,4,4,0,0,649.25
EDGE-04623,縪,畢,糸,糸,4,4,0,0,635.0
EDGE-02453,翜,夾,羽,羽,4,4,0,0,632.0
EDGE-03769,鐕,朁,釒,金,4,4,0,0,630.25
EDGE-02601,眝,宁,目,目,4,4,0,0,614.5
EDGE-02279,膮,堯,肉,肉,4,4,0,0,611.75
EDGE-05584,欘,屬,木,木,4,4,0,0,604.75
EDGE-03157,剫,度,刂,刀,4,4,0,0,601.25
EDGE-00120,跇,世,𧾷,足,4,4,0,0,597.75
EDGE-02389,汏,大,氵,水,4,4,0,0,591.75
EDGE-01465,螷,庳,虫,虫,4,4,0,0,591.5
EDGE-01254,袌,包,衣,衣,4,4,0,0,590.25
EDGE-03335,眓,戉,目,目,4,4,0,0,587.75
EDGE-02973,葰,俊,艹,艸,4,4,0,0,580.75
EDGE-03214,鈏,引,釒,金,4,4,0,0,580.25
EDGE-05858,趥,酋,走,走,4,4,0,0,579.5
EDGE-06054,餥,非,食,食,4,4,0,0,574.25
EDGE-05812,麎,辰,鹿,鹿,4,4,0,0,572.75
EDGE-04686,騽,習,馬,馬,4,4,0,0,568.75
EDGE-03223,柫,弗,木,木,4,4,0,0,568.25
EDGE-04904,堣,禺,土,土,4,4,0,0,567.25
EDGE-02320,鑋,輕,金,金,4,4,0,0,559.75
EDGE-04540,榑,尃,木,木,4,4,0,0,559.0
EDGE-04090,坁,氏,土,土,4,4,0,0,553.75
EDGE-05441,膹,賁,肉,肉,4,4,0,0,537.0
EDGE-04269,竫,爭,立,立,4,4,0,0,534.75
EDGE-02827,歭,寺,止,止,4,4,0,0,533.25
EDGE-00232,唌,延,口,口,4,4,0,0,532.5
EDGE-03684,瑒,昜,王,玉,8,4,0,0,528.875
EDGE-00610,莋,作,艹,艸,4,4,0,0,528.75
EDGE-01945,茗,名,艹,艸,8,4,0,0,525.75
EDGE-01700,鵽,叕,鳥,鳥,4,4,0,0,517.25
EDGE-03879,董,重,艹,艸,8,4,0,0,514.625
EDGE-01726,赮,叚,赤,赤,4,4,0,0,512.75
EDGE-01345,鶤,軍,鳥,鳥,4,4,0,0,500.75
EDGE-00933,拲,共,手,手,4,4,0,0,500.5
EDGE-04621,熚,畢,火,火,4,4,0,0,497.25
EDGE-05782,糪,辟,米,米,4,4,0,0,496.5
EDGE-00408,浯,吾,氵,水,8,4,0,0,493.75
EDGE-00891,鴥,穴,鳥,鳥,4,4,0,0,490.25
EDGE-01318,芴,勿,艹,艸,4,4,0,0,489.75
EDGE-06119,搹,鬲,扌,手,4,4,0,0,486.0
EDGE-05745,饡,贊,飠,食,4,4,0,0,483.75
EDGE-00775,睌,免,目,目,4,4,0,0,482.25
EDGE-02239,窐,圭,穴,穴,4,4,0,0,480.0
EDGE-03915,褋,枼,衤,衣,4,4,0,0,479.0
EDGE-01674,慅,蚤,忄,心,4,4,0,0,475.5
EDGE-02472,螇,奚,虫,虫,4,4,0,0,474.0
EDGE-00772,悗,免,忄,心,4,4,0,0,473.25
EDGE-04544,欂,薄,木,木,4,4,0,0,471.0
EDGE-00234,挻,延,扌,手,4,4,0,0,470.5
EDGE-02407,枎,夫,木,木,4,4,0,0,470.25
EDGE-06190,蠪,龍,虫,虫,4,4,0,0,462.25
EDGE-05376,礜,與,石,石,4,4,0,0,460.0
EDGE-01083,軓,凡,車,車,4,4,0,0,459.75
EDGE-04234,撩,尞,扌,手,8,4,0,0,458.375
EDGE-01823,閜,可,門,門,4,4,0,0,456.0
EDGE-03548,蒡,旁,艹,艸,8,4,0,0,455.25
EDGE-04235,橑,尞,木,木,4,4,0,0,451.5
EDGE-04649,楈,胥,木,木,4,4,0,0,443.75
EDGE-01921,硈,吉,石,石,4,4,0,0,440.75
EDGE-02995,挩,兌,扌,手,4,4,0,0,436.75
EDGE-04624,蹕,畢,𧾷,足,4,4,0,0,432.25
EDGE-04318,灂,爵,氵,水,4,4,0,0,431.75
EDGE-02029,輖,周,車,車,4,4,0,0,427.5
EDGE-02741,裻,叔,衣,衣,4,4,0,0,423.5
EDGE-04661,鷢,厥,鳥,鳥,4,4,0,0,423.25
EDGE-01297,箹,約,竹,竹,4,4,0,0,421.5
EDGE-01862,鵅,各,鳥,鳥,4,4,0,0,419.75
EDGE-05398,筡,余,竹,竹,4,4,0,0,417.5
EDGE-02040,麔,咎,鹿,鹿,4,4,0,0,405.5
EDGE-00889,泬,穴,氵,水,4,4,0,0,404.25
EDGE-02131,縜,員,糸,糸,4,4,0,0,392.75
EDGE-03327,嚘,憂,口,口,4,4,0,0,392.5
EDGE-01112,騣,㚇,馬,馬,4,4,0,0,390.25
EDGE-02779,轅,袁,車,車,8,4,0,0,387.375
EDGE-03260,睩,彔,目,目,4,4,0,0,386.75
EDGE-04988,樴,戠,木,木,4,4,0,0,386.75
EDGE-02650,瞚,寅,目,目,4,4,0,0,384.25
EDGE-03394,攕,韱,扌,手,4,4,0,0,382.5
EDGE-03055,泲,𠂔,氵,水,4,4,0,0,380.0
EDGE-04125,笢,民,竹,竹,4,4,0,0,377.75
EDGE-00420,瑄,宣,王,玉,8,4,0,0,370.0
EDGE-02485,裺,奄,衤,衣,4,4,0,0,369.25
EDGE-02318,蛵,巠,虫,虫,4,4,0,0,367.5
EDGE-00410,珸,吾,王,玉,4,4,0,0,359.25
EDGE-01974,瓽,尚,瓦,瓦,4,4,0,0,356.5
EDGE-06035,婓,非,女,女,4,4,0,0,354.5
EDGE-03948,灡,蘭,氵,水,4,4,0,0,344.0
EDGE-03333,泧,戉,氵,水,4,4,0,0,339.75
EDGE-04403,翇,犮,羽,羽,4,4,0,0,339.5
EDGE-00276,虴,乇,虫,虫,4,4,0,0,332.25
EDGE-05967,繀,崔,糸,糸,8,4,0,0,331.625
EDGE-01346,鼲,軍,鼠,鼠,4,4,0,0,325.75
EDGE-01469,猈,卑,犭,犬,4,4,0,0,325.25
EDGE-06081,褭,馬,衣,衣,4,4,0,0,321.5
EDGE-00262,鼶,虒,鼠,鼠,4,4,0,0,319.25
EDGE-05715,蘧,遽,艹,艸,8,4,0,0,311.875
EDGE-05332,蜭,臽,虫,虫,4,4,0,0,311.75
EDGE-03062,嫳,敝,女,女,4,4,0,0,309.75
EDGE-02251,嗀,𣪊,口,口,4,4,0,0,309.5
EDGE-02275,獟,堯,犭,犬,4,4,0,0,306.0
EDGE-04470,踸,甚,𧾷,足,4,4,0,0,303.0
EDGE-00449,笐,亢,竹,竹,8,4,0,0,295.75
EDGE-03413,猵,扁,犭,犬,4,4,0,0,294.25
EDGE-01849,簬,路,竹,竹,4,4,0,0,289.5
EDGE-01682,蚗,夬,虫,虫,4,4,0,0,288.5
EDGE-00245,絏,曳,糸,糸,8,4,0,0,287.625
EDGE-03515,蚚,斤,虫,虫,4,4,0,0,286.25
EDGE-05484,轐,菐,車,車,4,4,0,0,280.25
EDGE-04897,瑀,禹,王,玉,8,4,0,0,278.625
EDGE-04885,渿,柰,氵,水,4,4,0,0,275.75
EDGE-05085,襗,睪,衤,衣,4,4,0,0,273.25
EDGE-03791,漦,𠩺,水,水,8,4,0,0,273.0
EDGE-00510,縿,參,糸,糸,8,4,0,0,272.375
EDGE-04802,灈,瞿,氵,水,4,4,0,0,272.25
EDGE-00937,蛬,共,虫,虫,4,4,0,0,268.5
EDGE-06009,蕉,焦,艹,艸,8,4,0,0,265.25
EDGE-03329,瀀,憂,氵,水,4,4,0,0,265.0
EDGE-04207,覢,炎,見,見,4,4,0,0,264.25
EDGE-00054,桮,否,木,木,8,4,0,0,263.75
EDGE-00814,楬,曷,木,木,8,4,0,0,263.375
EDGE-00992,絅,冋,糸,糸,8,4,0,0,262.5
EDGE-01663,馺,及,馬,馬,4,4,0,0,259.75
EDGE-02421,坱,央,土,土,8,4,0,0,259.75
EDGE-04765,淔,直,氵,水,4,4,0,0,254.75
EDGE-01890,湁,拾,氵,水,4,4,0,0,246.25
EDGE-01024,榾,骨,木,木,8,4,0,1,245.875
EDGE-03634,珣,旬,王,玉,8,4,0,0,245.625
EDGE-05128,蟉,翏,虫,虫,4,4,0,0,245.0
EDGE-01281,蚼,句,虫,虫,4,4,0,0,242.5
EDGE-04908,湡,禺,氵,水,4,4,0,0,237.25
EDGE-03705,翨,是,羽,羽,4,4,0,0,236.75
EDGE-05237,媱,䍃,女,女,4,4,0,0,235.25
EDGE-00550,棽,今,林,林,4,4,0,0,234.5
EDGE-01013,萵,咼,艹,艸,8,4,0,0,234.125
EDGE-00751,蚖,元,虫,虫,4,4,0,0,232.75
EDGE-03665,緆,易,糸,糸,4,4,0,0,231.75
EDGE-02064,嘽,單,口,口,8,4,0,0,229.75
EDGE-05361,蕢,貴,艹,艸,4,4,0,0,228.75
EDGE-01242,騊,匋,馬,馬,4,4,0,0,227.5
EDGE-01887,黭,弇,黑,黑,4,4,0,0,221.75
EDGE-02134,霣,員,雨,雨,8,4,0,0,221.75
EDGE-05526,瀎,蔑,氵,水,4,4,0,0,220.75
EDGE-02842,愕,咢,忄,心,8,4,0,0,218.75
EDGE-01320,椈,匊,木,木,8,4,0,0,217.625
EDGE-01111,艐,㚇,舟,舟,4,4,0,0,217.25
EDGE-05200,渳,弭,氵,水,4,4,0,0,216.25
EDGE-02637,涫,官,氵,水,4,4,0,0,213.75
EDGE-02708,揱,削,手,手,4,4,0,0,213.5
EDGE-01071,覭,冥,見,見,4,4,0,0,213.0
EDGE-05150,渜,耎,氵,水,4,4,0,0,213.0
EDGE-04257,驠,燕,馬,馬,4,4,0,0,209.25
EDGE-03474,皦,敫,白,白,8,4,0,0,208.75
EDGE-05502,貘,莫,豸,豸,8,4,0,0,208.25
EDGE-05479,墣,菐,土,土,4,4,0,0,207.5
EDGE-00192,玤,丰,王,玉,8,4,0,0,207.125
EDGE-06070,鱆,章,魚,魚,8,4,0,0,205.25
EDGE-01082,芃,凡,艹,艸,8,4,0,0,199.375
EDGE-02611,袉,它,衤,衣,4,4,0,0,199.25
EDGE-00288,芛,尹,艹,艸,4,4,0,0,197.25
EDGE-00438,蝁,亞,虫,虫,4,4,0,0,192.75
EDGE-03535,螹,斬,虫,虫,4,4,0,0,189.0
EDGE-01731,麚,叚,鹿,鹿,4,4,0,0,185.75
EDGE-01627,沋,尤,氵,水,4,4,0,0,183.75
EDGE-02242,茥,圭,艹,艸,4,4,0,0,179.75
EDGE-02582,烰,孚,火,火,4,4,0,0,179.5
EDGE-03305,覕,必,見,見,4,4,0,0,178.0
EDGE-05536,螼,堇,虫,虫,4,4,0,0,169.25
EDGE-05842,曏,鄉,日,日,8,4,0,0,168.875
EDGE-00574,霒,今,雲,雲,4,4,0,0,168.75
EDGE-01869,爟,雚,火,火,8,4,0,0,162.625
EDGE-03096,螮,帶,虫,虫,4,4,0,0,162.0
EDGE-06202,爚,龠,火,火,8,4,0,0,162.0
EDGE-00346,佽,次,亻,人,8,4,0,0,160.875
EDGE-00668,蜦,侖,虫,虫,4,4,0,0,159.25
EDGE-02620,晏,安,日,日,16,4,0,0,159.0625
EDGE-03534,蔪,斬,艹,艸,4,4,0,0,158.25
EDGE-04592,椳,畏,木,木,8,4,0,0,155.625
EDGE-06118,鰝,高,魚,魚,4,4,0,0,154.25
EDGE-01452,滸,許,氵,水,16,4,0,0,152.5625
EDGE-03219,岪,弗,山,山,4,4,0,0,151.75
EDGE-02991,沇,允,氵,水,8,4,0,0,148.75
EDGE-06137,騩,鬼,馬,馬,4,4,0,0,143.0
EDGE-01994,牿,告,牜,牛,8,4,0,0,139.125
EDGE-00861,輛,兩,車,車,8,4,0,0,139.0
EDGE-04826,蝚,柔,虫,虫,4,4,0,0,133.75
EDGE-04652,蝑,胥,虫,虫,4,4,0,0,132.75
EDGE-06059,蝒,面,虫,虫,4,4,0,0,132.25
EDGE-00280,蛜,伊,虫,虫,4,4,0,0,131.0
EDGE-06036,屝,非,尸,尸,8,4,0,0,131.0
EDGE-02080,蕇,單,艹,艸,4,4,0,0,130.5
EDGE-03703,禔,是,礻,示,8,4,0,0,126.5
EDGE-06133,螝,鬼,虫,虫,4,4,0,0,126.5
EDGE-01771,楛,苦,木,木,8,4,0,0,120.875
EDGE-04385,牄,爿,倉,倉,8,4,0,0,114.125
EDGE-04430,袨,玄,衤,衣,4,4,0,0,109.75
EDGE-01411,焯,卓,火,火,8,4,0,0,108.375
EDGE-00026,艼,丁,艹,艸,4,4,0,0,107.0
EDGE-04834,袤,矛,衣,衣,8,4,0,0,101.5
EDGE-05035,眯,米,目,目,4,4,0,0,98.0
EDGE-03148,唐,庚,口,口,8,4,0,0,97.625
EDGE-00641,領,令,頁,頁,16,4,0,0,96.5625
EDGE-03191,蟘,貸,虫,虫,4,4,0,0,95.25
EDGE-03310,鮅,必,魚,魚,4,4,0,0,89.5
EDGE-04681,摺,習,扌,手,8,4,0,0,86.25
EDGE-00970,嗛,兼,口,口,8,4,0,0,81.875
EDGE-00050,魾,丕,魚,魚,4,4,0,0,81.5
EDGE-01045,璊,㒼,王,玉,8,4,0,0,80.25
EDGE-00662,崙,侖,山,山,16,4,0,0,79.375
EDGE-04828,輮,柔,車,車,8,4,0,0,78.375
EDGE-04548,蒪,尃,艹,艸,4,4,0,0,76.25
EDGE-03437,苵,失,艹,艸,4,4,0,0,75.25
EDGE-03521,齗,斤,齒,齒,8,4,0,0,75.25
EDGE-03141,坳,幼,土,土,16,4,0,0,69.0625
EDGE-06091,蕎,喬,艹,艸,8,4,0,0,67.75
EDGE-06087,撟,喬,扌,手,8,4,0,0,67.5
EDGE-00660,騋,來,馬,馬,8,4,0,0,66.875
EDGE-05122,璆,翏,王,玉,8,4,0,0,64.875
EDGE-01475,粺,卑,米,米,8,4,0,0,63.75
EDGE-02105,鱢,喿,魚,魚,4,4,0,0,61.25
EDGE-02118,湋,韋,氵,水,8,4,0,0,61.125
EDGE-01770,苦,古,艹,艸,8,4,0,0,60.875
EDGE-04933,糲,厲,米,米,8,4,0,1,58.0
EDGE-01107,魼,去,魚,魚,4,4,0,0,56.5
EDGE-03588,藸,豬,艹,艸,4,4,0,0,54.5
EDGE-05928,棖,長,木,木,8,4,0,0,51.25
EDGE-04810,蓩,務,艹,艸,4,4,0,0,49.0
EDGE-06162,釃,麗,酉,酉,8,4,0,0,47.125
EDGE-04863,闋,癸,門,門,8,4,0,0,46.0
EDGE-00894,伀,公,亻,人,8,4,0,0,34.75
EDGE-05405,滁,除,氵,水,8,4,0,0,32.5
EDGE-00309,艽,九,艹,艸,8,4,0,0,31.75
EDGE-02697,蓴,專,艹,艸,8,4,0,0,31.625
EDGE-00233,埏,延,土,土,8,4,0,0,31.5
EDGE-01142,蛁,召,虫,虫,8,4,0,0,19.5
EDGE-02784,棲,妻,木,木,8,4,0,0,12.0
EDGE-00760,姺,先,女,女,8,4,0,0,5.0
EDGE-05273,籯,贏,竹,竹,8,4,0,0,4.5
EDGE-03444,材,才,木,木,8,4,0,0,1.75
EDGE-05378,鱮,與,魚,魚,8,4,0,0,0.75
EDGE-01376,泚,此,氵,水,8,4,0,0,-14.875
EDGE-03937,湅,柬,氵,水,8,4,0,0,-17.25
EDGE-04494,錆,青,釒,金,8,4,0,0,-27.75
EDGE-04009,趾,止,𧾷,足,8,4,0,0,-32.0
EDGE-04444,泒,瓜,氵,水,8,4,0,0,-38.625
EDGE-04748,搵,𥁕,扌,手,8,4,0,0,-40.875
EDGE-02663,薴,寧,艹,艸,8,4,0,0,-46.875
EDGE-00173,捧,奉,扌,手,8,4,0,0,-48.0
EDGE-04160,鯊,沙,魚,魚,8,4,0,0,-50.75
EDGE-03793,氂,犛,毛,毛,8,4,0,0,-55.375
EDGE-06139,魋,鬼,隹,隹,8,4,0,0,-56.375
EDGE-00965,邃,遂,穴,穴,8,4,0,0,-56.625
EDGE-03731,莨,良,艹,艸,8,4,0,0,-58.5
EDGE-00060,芣,不,艹,艸,8,4,0,0,-66.5
EDGE-06078,瑪,馬,王,玉,8,4,0,0,-70.375
EDGE-05076,養,羊,食,食,16,4,0,0,-76.5
EDGE-05804,晨,辰,日,日,16,4,0,0,-79.5
EDGE-00375,刳,夸,刂,刀,8,4,0,0,-82.0
EDGE-02721,蛸,肖,虫,虫,8,4,0,0,-83.0
EDGE-05611,倅,卒,亻,人,8,4,0,0,-85.875
EDGE-00475,骹,交,骨,骨,8,4,0,0,-88.875
EDGE-04092,扺,氏,扌,手,8,4,0,0,-88.875
EDGE-03259,淥,彔,氵,水,8,4,0,0,-90.375
EDGE-02838,滍,蚩,氵,水,8,4,0,0,-90.625
EDGE-03823,珠,朱,王,玉,16,4,0,0,-92.0
EDGE-01985,攩,黨,扌,手,8,4,0,0,-94.375
EDGE-04850,鷖,殹,鳥,鳥,8,4,0,0,-97.375
EDGE-05243,鰩,䍃,魚,魚,8,4,0,0,-107.5
EDGE-01360,鬐,耆,髟,髟,8,4,0,0,-108.25
EDGE-02106,檣,嗇,木,木,8,4,0,0,-108.5
EDGE-03459,芰,支,艹,艸,8,4,0,0,-109.25
EDGE-00421,萱,宣,艹,艸,8,4,0,0,-110.25
EDGE-00278,魠,乇,魚,魚,12,4,0,0,-112.58333333333333
EDGE-00750,芫,元,艹,艸,8,4,0,0,-113.25
EDGE-01224,仂,扐,亻,人,8,4,0,0,-115.875
EDGE-04363,蘘,襄,艹,艸,8,4,0,0,-117.125
EDGE-01023,搰,骨,扌,手,8,4,0,0,-119.375
EDGE-02668,刌,寸,刂,刀,8,4,0,0,-120.875
EDGE-03385,棫,或,木,木,8,4,0,0,-122.625
EDGE-00969,傔,兼,亻,人,8,4,0,0,-124.125
EDGE-04687,鰼,習,魚,魚,8,4,0,0,-133.0
EDGE-04328,柎,付,木,木,8,4,0,0,-135.125
EDGE-03648,菎,昆,艹,艸,8,4,0,0,-139.75
EDGE-01766,葫,胡,艹,艸,8,4,0,0,-143.125
EDGE-04281,楥,爰,木,木,8,4,0,0,-149.875
EDGE-03929,瀨,賴,氵,水,16,4,0,0,-150.0625
EDGE-01972,氅,敞,毛,毛,16,4,0,0,-151.625
EDGE-00659,賚,來,貝,貝,8,4,0,0,-156.0
EDGE-05372,嶼,與,山,山,16,4,0,0,-174.25
EDGE-00390,雲,云,雨,雨,16,4,0,0,-176.6875
EDGE-06032,榧,匪,木,木,16,4,0,0,-184.625
EDGE-02965,戺,巳,戶,戶,8,4,0,0,-186.0
EDGE-03491,紋,文,糸,糸,16,4,0,0,-187.5
EDGE-03800,沬,未,氵,水,8,4,0,0,-188.5
EDGE-02155,恩,因,心,心,8,4,0,0,-191.0
EDGE-04453,泔,甘,氵,水,8,4,0,0,-192.75
EDGE-04380,藏,臧,艹,艸,8,4,0,0,-193.875
EDGE-02744,摵,戚,扌,手,8,4,0,0,-194.25
EDGE-01708,菆,取,艹,艸,8,4,0,0,-194.875
EDGE-03969,梩,里,木,木,8,4,0,0,-197.625
EDGE-02393,釱,大,釒,金,8,4,0,0,-198.25
EDGE-00470,蛟,交,虫,虫,16,4,0,0,-200.375
EDGE-05314,胵,至,肉,肉,8,4,0,0,-203.375
EDGE-04128,氣,气,米,米,8,4,0,0,-205.875
EDGE-05832,鰱,連,魚,魚,16,4,0,0,-210.0
EDGE-06196,楸,秋,木,木,8,4,0,0,-215.0
EDGE-05862,薁,奧,艹,艸,8,4,0,0,-217.5
EDGE-00303,仇,九,亻,人,16,4,0,0,-219.1875
EDGE-01782,胑,只,肉,肉,8,4,0,0,-223.0
EDGE-05106,搨,𦐇,扌,手,8,4,0,0,-224.5
EDGE-03962,縻,麻,糸,糸,8,4,0,0,-225.0
EDGE-05440,濆,賁,氵,水,8,4,0,0,-228.0
EDGE-02937,苣,巨,艹,艸,8,4,0,0,-234.0
EDGE-00609,筰,作,竹,竹,8,4,0,0,-234.25
EDGE-00578,妎,介,女,女,8,4,0,0,-235.0
EDGE-04245,薰,熏,艹,艸,8,4,0,0,-235.625
EDGE-00558,芩,今,艹,艸,8,4,0,0,-236.0
EDGE-05352,斞,臾,斗,斗,8,4,0,0,-237.625
EDGE-05710,據,豦,扌,手,16,4,0,0,-238.6875
EDGE-02295,囈,藝,口,口,8,4,0,0,-239.75
EDGE-04284,瑗,爰,王,玉,16,4,0,0,-244.125
EDGE-03806,茉,末,艹,艸,8,4,0,0,-245.875
EDGE-05222,藎,盡,艹,艸,8,4,0,0,-253.625
EDGE-05625,萃,卒,艹,艸,8,4,0,0,-255.0
EDGE-04502,笙,生,竹,竹,16,4,0,0,-257.25
EDGE-05651,桷,角,木,木,8,4,0,0,-258.625
EDGE-02454,莢,夾,艹,艸,8,4,0,0,-261.875
EDGE-00658,萊,來,艹,艸,8,4,0,0,-268.625
EDGE-05699,椓,豖,木,木,8,4,0,0,-270.25
EDGE-02532,綏,妥,糸,糸,8,4,0,0,-271.875
EDGE-03343,磯,幾,石,石,16,4,0,0,-275.75
EDGE-00957,鋊,谷,釒,金,8,4,0,0,-278.25
EDGE-01061,黕,冘,黑,黑,8,4,0,0,-280.625
EDGE-02685,鏘,將,釒,金,16,4,0,0,-283.0
EDGE-02408,芙,夫,艹,艸,8,4,0,0,-285.375
EDGE-01182,羒,分,羊,羊,8,4,0,0,-287.125
EDGE-02548,樓,婁,木,木,16,4,0,0,-288.4375
EDGE-05979,脽,隹,肉,肉,8,4,0,0,-291.75
EDGE-01606,涘,矣,氵,水,8,4,0,0,-292.25
EDGE-01634,洧,有,氵,水,8,4,0,0,-292.5
EDGE-04182,簧,黃,竹,竹,16,4,0,0,-298.0
EDGE-02112,轖,嗇,車,車,8,4,0,0,-298.875
EDGE-02337,饐,壹,飠,食,8,4,0,0,-302.375
EDGE-02626,悰,宗,忄,心,8,4,0,0,-312.0
EDGE-06159,纚,麗,糸,糸,8,4,0,0,-322.875
EDGE-03827,誅,朱,言,言,16,4,0,0,-325.5625
EDGE-05555,櫨,盧,木,木,8,4,0,0,-328.25
EDGE-01995,皓,告,白,白,16,4,0,0,-328.875
EDGE-03045,耙,巴,耒,耒,16,4,0,1,-333.75
EDGE-06201,瀹,龠,氵,水,8,4,0,0,-335.875
EDGE-01519,挑,兆,扌,手,16,4,0,0,-338.5625
EDGE-00945,熔,容,火,火,16,4,0,0,-343.6875
EDGE-03612,膻,亶,肉,肉,8,4,0,0,-348.75
EDGE-04913,顒,禺,頁,頁,8,4,0,0,-349.125
EDGE-04181,磺,黃,石,石,16,4,0,0,-355.3125
EDGE-01872,罐,雚,缶,缶,16,4,0,1,-358.125
EDGE-00357,餈,次,食,食,8,4,0,0,-362.375
EDGE-04366,饟,襄,飠,食,8,4,0,0,-364.875
EDGE-01177,汾,分,氵,水,16,4,0,0,-365.375
EDGE-05504,鏌,莫,釒,金,8,4,0,0,-366.375
EDGE-05304,垤,至,土,土,8,4,0,0,-367.0
EDGE-02825,塒,時,土,土,8,4,0,0,-369.5
EDGE-01323,鞠,匊,革,革,8,4,0,0,-372.5
EDGE-01216,茄,加,艹,艸,8,4,0,0,-376.375
EDGE-04676,怕,百,忄,心,16,4,0,0,-384.6875
EDGE-05297,篁,皇,竹,竹,16,4,0,0,-386.5
EDGE-03105,旱,干,日,日,16,4,0,0,-390.75
EDGE-01681,抉,夬,扌,手,8,4,0,0,-396.75
EDGE-05711,璩,豦,王,玉,16,4,0,0,-397.5
EDGE-04629,麠,畺,鹿,鹿,8,4,0,0,-402.625
EDGE-04567,黼,甫,黹,黹,16,4,0,0,-406.0625
EDGE-03378,國,或,囗,囗,8,4,0,0,-410.5
EDGE-05558,膚,盧,肉,肉,16,4,0,0,-412.5
EDGE-04445,狐,瓜,犭,犬,16,4,0,0,-416.375
EDGE-01810,錡,奇,釒,金,16,4,0,0,-417.5625
EDGE-03365,殘,戔,歹,歹,16,4,0,0,-422.5
EDGE-01596,眸,牟,目,目,16,4,0,1,-423.75
EDGE-04975,苙,立,艹,艸,8,4,0,0,-426.625
EDGE-04899,踽,禹,𧾷,足,8,4,0,0,-428.875
EDGE-03866,幢,童,巾,巾,16,4,0,0,-432.0625
EDGE-00943,榕,容,木,木,16,4,0,0,-432.875
EDGE-05182,鍛,段,釒,金,8,4,0,0,-434.625
EDGE-02774,圜,睘,囗,囗,8,4,0,0,-447.875
EDGE-01337,葷,軍,艹,艸,8,4,0,0,-451.5
EDGE-05998,钁,矍,釒,金,8,4,0,0,-456.875
EDGE-02432,鞅,央,革,革,16,4,0,0,-463.5
EDGE-02433,鴦,央,鳥,鳥,16,4,0,0,-464.5625
EDGE-06045,緋,非,糸,糸,16,4,0,0,-464.9375
EDGE-02392,軑,大,車,車,8,4,0,0,-467.25
EDGE-05400,荼,余,艹,艸,8,4,0,0,-469.75
EDGE-01355,指,旨,扌,手,16,4,0,0,-472.6875
EDGE-00338,野,予,里,里,16,4,0,0,-479.375
EDGE-01543,柚,由,木,木,16,4,0,0,-487.8125
EDGE-06048,菲,非,艹,艸,8,4,0,0,-490.75
EDGE-02536,翣,妾,羽,羽,8,4,0,0,-500.625
EDGE-05499,膜,莫,肉,肉,16,4,0,0,-500.6875
EDGE-00619,笮,乍,竹,竹,8,4,0,0,-503.625
EDGE-01944,洺,名,氵,水,8,4,0,0,-507.375
EDGE-05217,顳,聶,頁,頁,8,4,0,0,-507.875
EDGE-06186,礱,龍,石,石,16,4,0,0,-509.25
EDGE-04130,餼,氣,飠,食,8,4,0,0,-510.375
EDGE-06005,憔,焦,忄,心,8,4,0,0,-510.375
EDGE-01912,頜,合,頁,頁,8,4,0,0,-510.5
EDGE-05831,鏈,連,釒,金,16,4,0,0,-516.8125
EDGE-05919,鯉,里,魚,魚,16,4,0,0,-517.5625
EDGE-05240,瑤,䍃,王,玉,16,4,0,0,-519.375
EDGE-01750,琚,居,王,玉,8,4,0,0,-528.125
EDGE-01380,砦,此,石,石,8,4,0,0,-529.25
EDGE-01040,韝,冓,韋,韋,8,4,0,0,-536.25
EDGE-04542,簿,溥,竹,竹,16,4,0,0,-536.75
EDGE-02372,鴛,夗,鳥,鳥,16,4,0,0,-537.375
EDGE-02649,演,寅,氵,水,8,4,0,0,-538.125
EDGE-00147,荍,收,艹,艸,8,4,0,0,-540.125
EDGE-04400,拔,犮,扌,手,16,4,0,0,-540.8125
EDGE-05079,嶧,睪,山,山,8,4,0,0,-547.125
EDGE-02403,添,忝,氵,水,16,4,0,0,-549.25
EDGE-06170,偵,貞,亻,人,16,4,0,0,-552.0
EDGE-03122,軒,干,車,車,16,4,0,0,-563.375
EDGE-04650,湑,胥,氵,水,8,4,0,0,-570.5
EDGE-04770,湘,相,氵,水,16,4,0,0,-577.5
EDGE-02364,碗,宛,石,石,16,4,0,0,-584.5625
EDGE-02997,梲,兌,木,木,8,4,0,0,-589.0
EDGE-03766,簪,朁,竹,竹,16,4,0,0,-589.625
EDGE-00608,作,乍,亻,人,16,4,0,0,-599.875
EDGE-02909,控,空,扌,手,16,4,0,0,-606.8125
EDGE-04708,橙,登,木,木,16,4,0,0,-608.75
EDGE-02980,梭,夋,木,木,16,4,0,0,-611.6875
EDGE-02723,趙,肖,走,走,16,4,0,0,-618.625
EDGE-01450,杵,午,木,木,16,4,0,0,-622.625
EDGE-05923,倀,長,亻,人,16,4,0,0,-625.9375
EDGE-02189,杜,土,木,木,16,4,0,0,-628.3125
EDGE-05989,確,隺,石,石,8,4,0,0,-630.125
EDGE-05542,灘,難,氵,水,8,4,0,0,-635.0
EDGE-04255,讌,燕,言,言,8,4,0,0,-635.25
EDGE-05442,蕡,賁,艹,艸,8,4,0,0,-640.25
EDGE-01765,糊,胡,米,米,16,4,0,0,-647.0625
EDGE-04447,觚,瓜,角,角,8,4,0,0,-650.875
EDGE-04345,稀,希,禾,禾,16,4,0,0,-655.4375
EDGE-02920,槓,貢,木,木,16,4,0,0,-667.6875
EDGE-02296,褻,埶,衣,衣,8,4,0,0,-673.25
EDGE-01100,鵬,朋,鳥,鳥,16,4,0,0,-675.6875
EDGE-01736,扣,口,扌,手,8,4,0,0,-678.75
EDGE-04762,埴,直,土,土,8,4,0,0,-681.125
EDGE-00912,櫝,𧶠,木,木,16,4,0,0,-689.0
EDGE-03457,翅,支,羽,羽,16,4,0,1,-690.5625
EDGE-02116,圍,韋,囗,囗,8,4,0,0,-694.25
EDGE-00669,論,侖,言,言,16,4,0,0,-697.625
EDGE-00748,玩,元,王,玉,16,4,0,0,-700.5
EDGE-01098,硼,朋,石,石,16,4,0,0,-701.375
EDGE-02851,塑,朔,土,土,16,4,0,0,-702.5625
EDGE-04019,証,正,言,言,16,4,0,0,-704.8125
EDGE-01632,囿,有,囗,囗,8,4,0,0,-705.875
EDGE-03553,祊,方,礻,示,8,4,0,0,-713.875
EDGE-01362,脂,旨,肉,肉,16,4,0,0,-717.375
EDGE-02718,硝,肖,石,石,16,4,0,0,-719.25
EDGE-01226,肋,力,肉,肉,16,4,0,0,-723.4375
EDGE-03678,湯,昜,氵,水,16,4,0,0,-725.25
EDGE-06136,餽,鬼,飠,食,16,4,0,0,-729.3125
EDGE-04418,厭,猒,厂,厂,8,4,0,0,-730.375
EDGE-00129,怦,平,忄,心,16,4,0,0,-733.125
EDGE-04208,談,炎,言,言,16,4,0,0,-738.8125
EDGE-01352,貨,化,貝,貝,16,4,0,0,-741.3125
EDGE-00300,札,乙,木,木,16,4,0,0,-743.375
EDGE-01139,沼,召,氵,水,16,4,0,0,-754.5
EDGE-03704,緹,是,糸,糸,16,4,0,0,-760.75
EDGE-01524,洮,兆,氵,水,8,4,0,0,-777.875
EDGE-03961,糜,麻,米,米,16,4,0,0,-791.9375
EDGE-05476,僕,菐,亻,人,16,4,0,0,-796.25
EDGE-05529,襪,蔑,衤,衣,8,4,0,0,-799.75
EDGE-03803,抹,末,扌,手,8,4,0,0,-817.125
EDGE-00362,汙,于,氵,水,16,4,0,0,-827.0
EDGE-06105,滈,高,氵,水,8,4,0,0,-828.625
EDGE-04577,柙,甲,木,木,16,4,0,0,-832.375
EDGE-02903,江,工,氵,水,16,4,0,0,-835.5625
EDGE-05422,搬,般,扌,手,8,4,0,0,-840.875
EDGE-05779,璧,辟,玉,玉,16,4,0,0,-849.5625
EDGE-03849,漱,欶,氵,水,16,4,0,0,-850.375
EDGE-00259,褫,虒,衤,衣,8,4,0,0,-853.5
EDGE-06171,幀,貞,巾,巾,16,4,0,0,-853.9375
EDGE-03847,嗽,欶,口,口,16,4,0,0,-866.5625
EDGE-01552,軸,由,車,車,16,4,0,0,-874.8125
EDGE-03590,赭,者,赤,赤,16,4,0,0,-890.5625
EDGE-01514,點,占,黑,黑,16,4,0,0,-891.0
EDGE-05370,韜,舀,韋,韋,16,4,0,0,-899.875
EDGE-05961,堆,隹,土,土,16,4,0,0,-916.4375
EDGE-00389,芸,云,艹,艸,8,4,0,0,-918.0
EDGE-05055,綱,岡,糸,糸,16,4,0,0,-925.625
EDGE-05092,羲,義,兮,兮,16,4,0,0,-927.5625
EDGE-00998,帽,冒,巾,巾,16,4,0,0,-927.625
EDGE-00859,倆,兩,亻,人,8,4,0,0,-929.75
EDGE-04006,址,止,土,土,8,4,0,0,-932.25
EDGE-04191,胱,光,肉,肉,16,4,0,0,-936.75
EDGE-04175,礦,廣,石,石,16,4,0,0,-943.375
EDGE-00350,瓷,次,瓦,瓦,16,4,0,0,-944.375
EDGE-03740,慢,曼,忄,心,16,4,0,0,-947.1875
EDGE-06130,槐,鬼,木,木,16,4,0,0,-954.9375
EDGE-04326,腑,府,肉,肉,16,4,0,0,-958.8125
EDGE-04804,衢,瞿,行,行,16,4,0,0,-963.875
EDGE-03860,重,東,壬,壬,16,4,0,0,-978.125
EDGE-02401,吞,天,口,口,16,4,0,0,-992.75
EDGE-02815,飩,屯,飠,食,16,4,0,0,-996.0625
EDGE-02907,空,工,穴,穴,16,4,0,0,-1003.5
EDGE-05096,蟻,義,虫,虫,16,4,0,0,-1017.375
EDGE-03541,房,方,戶,戶,16,4,0,0,-1037.75
EDGE-05588,濁,蜀,氵,水,16,4,0,0,-1043.375
EDGE-02477,雞,奚,隹,隹,8,4,0,0,-1043.5
EDGE-02781,薳,遠,艹,艸,8,4,0,0,-1047.375
EDGE-04902,偶,禺,亻,人,16,4,0,0,-1058.25
EDGE-05742,讚,贊,言,言,8,4,0,0,-1066.75
EDGE-03213,蚓,引,虫,虫,8,4,0,0,-1071.0
EDGE-02799,睫,疌,目,目,8,4,0,0,-1089.125
EDGE-00808,喝,曷,口,口,16,4,0,0,-1099.125
EDGE-02492,蓻,執,艹,艸,8,4,0,0,-1114.375
EDGE-02513,絮,如,糸,糸,16,4,0,0,-1146.5625
EDGE-05931,萇,長,艹,艸,8,4,0,0,-1173.25
EDGE-00826,蝎,曷,虫,虫,8,4,0,0,-1194.625
EDGE-01350,花,化,艹,艸,8,4,0,0,-1228.125
EDGE-03807,靺,末,革,革,8,4,0,0,-1269.0
EDGE-05436,墳,賁,土,土,16,4,0,0,-1280.5625
EDGE-04801,氍,瞿,毛,毛,8,4,0,0,-1282.75
EDGE-03245,溺,弱,氵,水,8,4,0,0,-1330.375
EDGE-02025,綢,周,糸,糸,16,4,0,0,-1331.8125
EDGE-01317,笏,勿,竹,竹,16,4,0,0,-1353.6875
EDGE-00779,鮸,免,魚,魚,8,4,0,0,-1354.5
EDGE-02610,蛇,它,虫,虫,16,4,0,0,-1354.625
EDGE-03792,犛,𠩺,牛,牛,8,4,0,0,-1366.25
EDGE-04680,慴,習,忄,心,8,4,0,0,-1378.375
EDGE-05890,鐇,番,釒,金,8,4,0,0,-1401.5
EDGE-02405,蚕,天,虫,虫,8,4,0,0,-1415.5
EDGE-03254,緣,彖,糸,糸,16,4,0,0,-1430.4375
EDGE-04763,植,直,木,木,8,4,0,0,-1432.875
EDGE-05596,髑,蜀,骨,骨,8,4,0,0,-1435.625
EDGE-00728,鹼,僉,鹵,鹵,16,4,0,0,-1525.375
EDGE-04474,性,生,忄,心,16,4,0,0,-1547.3125
EDGE-02772,猿,袁,犭,犬,8,4,0,0,-1641.875
EDGE-01683,袂,夬,衤,衣,8,4,0,0,-1723.875
EDGE-06077,媽,馬,女,女,8,4,0,0,-1734.75
EDGE-02081,蟬,單,虫,虫,16,4,0,0,-1870.875
EDGE-03810,怵,朮,忄,心,8,4,0,0,-1942.5
EDGE-03291,佖,必,亻,人,4,3,0,0,2578.0
EDGE-05523,韄,蒦,革,革,4,3,0,0,1750.25
EDGE-05954,靆,逮,雲,雲,4,3,0,0,1635.25
EDGE-02398,肒,丸,肉,肉,4,3,0,0,1614.25
EDGE-02079,繟,單,糸,糸,4,3,0,0,1550.75
EDGE-01714,黀,取,麻,麻,4,3,0,0,1376.5
EDGE-03012,佁,台,亻,人,4,3,0,0,1220.5
EDGE-01715,齱,取,齒,齒,4,3,0,1,1127.5
EDGE-01090,倗,朋,亻,人,4,3,0,0,1108.75
EDGE-00898,蜙,松,虫,虫,4,3,0,0,1039.5
EDGE-06058,緬,面,糸,糸,4,3,0,0,997.0
EDGE-01695,腏,叕,肉,肉,4,3,0,0,965.0
EDGE-03359,祴,戒,礻,示,4,3,0,0,950.5
EDGE-00786,觬,兒,角,角,4,3,0,0,898.5
EDGE-01309,鈞,勻,釒,金,4,3,0,0,817.0
EDGE-02092,幧,喿,巾,巾,4,3,0,0,813.5
EDGE-05572,鬳,䖈,鬲,鬲,4,3,0,0,783.75
EDGE-02156,欭,因,欠,欠,4,3,0,0,778.5
EDGE-03175,僔,尊,亻,人,4,3,0,0,775.5
EDGE-02911,涳,空,氵,水,4,3,0,0,761.5
EDGE-01358,榰,耆,木,木,4,3,0,0,751.75
EDGE-04654,厥,欮,厂,厂,8,3,0,0,745.875
EDGE-05707,襐,象,衤,衣,4,3,0,0,727.5
EDGE-04836,噊,矞,口,口,4,3,0,0,702.5
EDGE-01676,瑵,蚤,王,玉,4,3,0,0,693.5
EDGE-03072,鄨,敝,邑,邑,4,3,0,0,689.75
EDGE-00171,俸,奉,亻,人,8,3,0,0,666.75
EDGE-05151,緛,耎,糸,糸,4,3,0,0,635.0
EDGE-04835,劀,矞,刂,刀,4,3,0,0,628.0
EDGE-03672,崵,昜,山,山,4,3,0,0,610.0
EDGE-00563,酓,今,酉,酉,4,3,0,0,606.75
EDGE-04742,齸,益,齒,齒,4,3,0,0,606.5
EDGE-03993,瞴,無,目,目,4,3,0,0,603.25
EDGE-00979,磏,兼,石,石,4,3,0,0,598.5
EDGE-04013,碇,定,石,石,8,3,0,0,594.5
EDGE-04194,倓,炎,亻,人,4,3,0,0,594.0
EDGE-04639,讄,畾,言,言,4,3,0,0,585.5
EDGE-01405,啅,卓,口,口,4,3,0,0,578.5
EDGE-01124,窋,出,穴,穴,4,3,0,0,574.5
EDGE-04176,穬,廣,禾,禾,4,3,0,0,572.25
EDGE-05805,鷐,晨,鳥,鳥,4,3,0,0,571.5
EDGE-05357,僓,貴,亻,人,4,3,0,0,551.5
EDGE-00987,鼸,兼,鼠,鼠,4,3,0,0,541.25
EDGE-01446,御,卸,彳,彳,4,3,0,0,537.75
EDGE-00942,傛,容,亻,人,4,3,0,0,537.25
EDGE-02091,劋,喿,刂,刀,4,3,0,0,537.0
EDGE-06124,鷊,鬲,鳥,鳥,4,3,0,0,536.0
EDGE-00352,絘,次,糸,糸,4,3,0,0,533.25
EDGE-03180,繜,尊,糸,糸,4,3,0,0,527.0
EDGE-01950,缿,后,缶,缶,4,3,0,0,501.5
EDGE-02634,婠,官,女,女,4,3,0,0,491.5
EDGE-05099,鸃,義,鳥,鳥,4,3,0,0,486.0
EDGE-02990,鵔,夋,鳥,鳥,4,3,0,0,476.5
EDGE-00255,榹,虒,木,木,4,3,0,0,475.5
EDGE-05157,剬,耑,刂,刀,4,3,0,0,466.5
EDGE-01903,榙,荅,木,木,4,3,0,0,455.5
EDGE-03357,悈,戒,忄,心,4,3,0,0,454.5
EDGE-03401,鑯,韱,釒,金,4,3,0,0,449.25
EDGE-04091,忯,氏,忄,心,4,3,0,0,447.5
EDGE-05360,簣,貴,竹,竹,4,3,0,0,444.0
EDGE-00707,鶾,倝,鳥,鳥,4,3,0,0,433.75
EDGE-01501,煔,占,炎,炎,4,3,0,0,427.25
EDGE-01749,椐,居,木,木,4,3,0,0,418.5
EDGE-01066,榠,冥,木,木,4,3,0,0,404.75
EDGE-02422,姎,央,女,女,4,3,0,0,401.0
EDGE-00955,谻,谷,丮,丮,4,3,0,0,399.75
EDGE-04402,祓,犮,礻,示,8,3,0,0,399.75
EDGE-02922,桏,邛,木,木,4,3,0,0,394.25
EDGE-06102,藃,歊,艹,艸,4,3,0,0,394.25
EDGE-00137,拯,丞,扌,手,4,3,0,0,385.25
EDGE-03436,胅,失,肉,肉,4,3,0,0,382.5
EDGE-05806,祳,辰,礻,示,4,3,0,0,380.75
EDGE-04132,芞,气,艹,艸,4,3,0,0,379.25
EDGE-02787,緀,妻,糸,糸,4,3,0,0,375.0
EDGE-02419,芺,夭,艹,艸,4,3,0,0,357.0
EDGE-04824,煣,柔,火,火,8,3,0,0,352.125
EDGE-02578,捊,孚,扌,手,4,3,0,0,347.75
EDGE-01480,錍,卑,釒,金,4,3,0,0,335.0
EDGE-03576,櫡,箸,木,木,4,3,0,0,332.25
EDGE-04153,涾,沓,氵,水,4,3,0,0,329.5
EDGE-01304,馰,勺,馬,馬,4,3,0,0,328.75
EDGE-02055,麙,咸,鹿,鹿,4,3,0,0,321.0
EDGE-05071,唴,羌,口,口,4,3,0,0,289.75
EDGE-02905,瓨,工,瓦,瓦,4,3,0,0,287.75
EDGE-05980,蜼,隹,虫,虫,4,3,0,0,283.5
EDGE-02936,粔,巨,米,米,8,3,0,0,277.125
EDGE-05706,潒,象,氵,水,4,3,0,0,276.75
EDGE-02014,蜈,吳,虫,虫,8,3,0,0,271.625
EDGE-05134,嬥,翟,女,女,4,3,0,0,269.75
EDGE-02635,悹,官,心,心,4,3,0,0,268.5
EDGE-06012,鐎,焦,釒,金,4,3,0,0,260.0
EDGE-02206,筳,廷,竹,竹,4,3,0,0,258.5
EDGE-02475,豯,奚,豕,豕,4,3,0,0,256.75
EDGE-04117,軧,氐,車,車,4,3,0,0,255.25
EDGE-03910,楪,枼,木,木,8,3,0,0,250.5
EDGE-04538,簙,博,竹,竹,4,3,0,0,249.75
EDGE-04886,狋,示,犭,犬,4,3,0,0,247.5
EDGE-03234,蕛,梯,艹,艸,4,3,0,0,243.25
EDGE-00138,烝,丞,灬,火,4,3,0,0,235.75
EDGE-04177,纊,廣,糸,糸,8,3,0,0,234.0
EDGE-02038,綹,咎,糸,糸,8,3,0,0,230.5
EDGE-02676,蛶,寽,虫,虫,4,3,0,0,228.5
EDGE-05426,鞶,般,革,革,8,3,0,0,223.0
EDGE-05409,駼,余,馬,馬,4,3,0,0,221.0
EDGE-02031,錭,周,釒,金,4,3,0,0,219.5
EDGE-04815,霿,瞀,雨,雨,4,3,0,0,213.75
EDGE-03200,隿,弋,隹,隹,4,3,0,0,211.75
EDGE-02583,稃,孚,禾,禾,8,3,0,0,204.5
EDGE-00140,脀,丞,⺝,肉,4,3,0,0,203.5
EDGE-03002,裞,兌,衤,衣,4,3,0,0,197.75
EDGE-04093,汦,氏,氵,水,4,3,0,0,197.5
EDGE-05799,侲,辰,亻,人,4,3,0,0,191.25
EDGE-03021,瓵,台,瓦,瓦,4,3,0,0,190.25
EDGE-02335,殪,壹,歹,歹,8,3,0,0,189.5
EDGE-03744,獌,曼,犭,犬,4,3,0,0,187.75
EDGE-04851,黳,殹,黑,黑,4,3,0,0,187.5
EDGE-04962,磿,厤,石,石,4,3,0,0,182.5
EDGE-02478,騱,奚,馬,馬,4,3,0,0,180.5
EDGE-00546,棯,念,木,木,8,3,0,0,178.5
EDGE-01624,噈,就,口,口,4,3,0,0,169.5
EDGE-03030,鈶,台,釒,金,4,3,0,0,168.0
EDGE-00151,觓,丩,角,角,4,3,0,0,167.75
EDGE-05090,嶬,義,山,山,4,3,0,0,166.75
EDGE-01566,蛫,危,虫,虫,4,3,0,0,163.0
EDGE-00952,螸,欲,虫,虫,4,3,0,0,159.75
EDGE-03464,鬾,支,鬼,鬼,4,3,0,0,157.75
EDGE-03514,蘄,斤,蕇,蕇,4,3,0,0,155.0
EDGE-01667,汳,反,氵,水,4,3,0,0,150.5
EDGE-03796,菋,味,艹,艸,4,3,0,0,143.0
EDGE-03622,炟,旦,火,火,4,3,0,0,139.25
EDGE-00803,芮,內,艹,艸,8,3,0,0,136.125
EDGE-05180,碫,段,石,石,4,3,0,0,131.0
EDGE-01308,袀,勻,衤,衣,4,3,0,0,129.75
EDGE-04319,爝,爵,火,火,4,3,0,0,117.0
EDGE-02039,鯦,咎,魚,魚,4,3,0,0,115.0
EDGE-05022,藄,綦,艹,艸,8,3,0,0,113.25
EDGE-04139,覛,𠂢,見,見,4,3,0,0,107.5
EDGE-00456,魧,亢,魚,魚,4,3,0,0,107.25
EDGE-01832,挌,各,扌,手,8,3,0,0,106.375
EDGE-04242,壎,熏,土,土,8,3,0,0,106.25
EDGE-00286,輑,君,車,車,4,3,0,0,93.5
EDGE-01861,鮥,各,魚,魚,4,3,0,0,86.5
EDGE-03872,犝,童,牜,牛,4,3,0,0,80.5
EDGE-05053,棡,岡,木,木,8,3,0,0,73.875
EDGE-01307,荺,均,艹,艸,4,3,0,0,65.0
EDGE-05144,蠗,翟,虫,虫,4,3,0,0,61.5
EDGE-03090,蒂,帝,艹,艸,8,3,0,0,56.0
EDGE-02109,蘠,牆,艹,艸,4,3,0,0,51.75
EDGE-01535,鮡,兆,魚,魚,4,3,0,0,49.75
EDGE-04471,鍖,甚,釒,金,4,3,0,0,48.75
EDGE-03989,鱳,樂,魚,魚,4,3,0,0,46.5
EDGE-01844,貉,各,豸,豸,8,3,0,0,45.25
EDGE-00948,鰫,容,魚,魚,4,3,0,0,44.25
EDGE-00100,蒩,租,艹,艸,4,3,0,0,33.5
EDGE-00015,晟,成,日,日,8,3,0,0,33.0
EDGE-03294,蔤,密,艹,艸,4,3,0,0,32.25
EDGE-00887,汃,八,氵,水,4,3,0,0,30.0
EDGE-01549,苖,由,艹,艸,4,3,0,0,24.5
EDGE-05465,箬,若,竹,竹,8,3,0,0,24.25
EDGE-04244,纁,熏,糸,糸,8,3,0,0,15.0
EDGE-01268,斪,句,斤,斤,4,3,0,0,8.75
EDGE-05317,荎,至,艹,艸,4,3,0,0,8.75
EDGE-05884,羳,番,羊,羊,4,3,0,0,8.0
EDGE-00938,輂,共,車,車,4,3,0,0,7.75
EDGE-03551,汸,方,氵,水,4,3,0,0,6.0
EDGE-05448,犓,芻,牜,牛,4,3,0,0,2.75
EDGE-00702,榦,倝,木,木,16,3,0,0,-1.6875
EDGE-04302,菠,波,艹,艸,8,3,0,0,-2.5
EDGE-02050,葴,咸,艹,艸,4,3,0,0,-5.5
EDGE-04347,莃,希,艹,艸,4,3,0,0,-6.5
EDGE-05054,犅,岡,牜,牛,4,3,0,0,-13.5
EDGE-05766,梓,辛,木,木,4,3,0,0,-17.5
EDGE-03356,鵝,我,鳥,鳥,16,3,0,0,-19.5625
EDGE-02347,崚,夌,山,山,8,3,0,0,-24.5
EDGE-02381,茤,多,艹,艸,4,3,0,0,-28.25
EDGE-01911,韐,合,韋,韋,8,3,0,0,-29.625
EDGE-00187,搳,害,扌,手,8,3,0,0,-34.875
EDGE-04648,揟,胥,扌,手,4,3,0,0,-35.5
EDGE-05283,洎,自,氵,水,4,3,0,0,-37.0
EDGE-04677,貊,百,豸,豸,8,3,0,0,-40.625
EDGE-04883,柰,示,木,木,4,3,0,0,-51.5
EDGE-01969,掌,尚,手,手,16,3,0,0,-51.6875
EDGE-05898,圈,卷,囗,囗,8,3,0,0,-53.0
EDGE-00685,跾,攸,足,足,4,3,0,0,-56.0
EDGE-00936,珙,共,王,玉,8,3,0,0,-56.125
EDGE-03947,蘭,闌,艹,艸,8,3,0,0,-62.0
EDGE-02293,爇,蓺,灬,火,8,3,0,0,-67.0
EDGE-06006,潐,焦,氵,水,4,3,0,0,-70.5
EDGE-04148,莍,求,艹,艸,4,3,0,0,-73.5
EDGE-00306,旭,九,日,日,16,3,0,0,-77.75
EDGE-04602,愊,畐,忄,心,8,3,0,0,-82.875
EDGE-03088,禘,帝,礻,示,8,3,0,0,-84.5
EDGE-03570,楮,者,木,木,8,3,0,0,-89.0
EDGE-05641,莧,見,艹,艸,8,3,0,0,-100.125
EDGE-04858,薿,疑,艹,艸,8,3,0,0,-116.375
EDGE-02413,鈇,夫,釒,金,8,3,0,0,-121.5
EDGE-00968,墜,隊,土,土,8,3,0,0,-123.125
EDGE-06057,湎,面,氵,水,4,3,0,0,-123.25
EDGE-02371,苑,夗,艹,艸,8,3,0,0,-124.75
EDGE-02399,芄,丸,艹,艸,8,3,0,0,-128.25
EDGE-02917,虹,工,虫,虫,16,3,0,0,-130.1875
EDGE-02847,顎,咢,頁,頁,8,3,0,0,-131.375
EDGE-04107,泜,氐,氵,水,8,3,0,0,-135.125
EDGE-04123,泯,民,氵,水,4,3,0,0,-136.25
EDGE-02889,擸,巤,扌,手,8,3,0,0,-136.625
EDGE-00077,莥,狃,艹,艸,4,3,0,0,-138.0
EDGE-01820,渮,苛,氵,水,8,3,0,0,-143.375
EDGE-01275,蒟,竘,艹,艸,8,3,0,0,-161.0
EDGE-05287,闑,臬,門,門,4,3,0,0,-166.25
EDGE-05107,榻,𦐇,木,木,8,3,0,0,-167.375
EDGE-03445,豺,才,豸,豸,8,3,0,0,-173.875
EDGE-06080,禡,馬,礻,示,8,3,0,0,-177.75
EDGE-02516,籹,女,米,米,8,3,0,0,-179.0
EDGE-00604,粊,比,米,米,4,3,0,0,-190.25
EDGE-02107,濇,嗇,氵,水,8,3,0,0,-197.375
EDGE-00580,玠,介,王,玉,8,3,0,0,-223.5
EDGE-02315,羥,巠,羊,羊,8,3,0,0,-226.5
EDGE-02527,鰋,匽,魚,魚,8,3,0,0,-237.125
EDGE-00854,荃,全,艹,艸,8,3,0,0,-242.375
EDGE-02728,雀,小,隹,隹,16,3,0,0,-247.5
EDGE-01211,架,加,木,木,16,3,0,0,-253.1875
EDGE-00017,誠,成,言,言,16,3,0,0,-256.0
EDGE-04669,拍,白,扌,手,16,3,0,0,-265.375
EDGE-06008,礁,焦,石,石,8,3,0,0,-271.25
EDGE-00946,蓉,容,艹,艸,8,3,0,0,-273.625
EDGE-02604,苧,宁,艹,艸,8,3,0,0,-274.125
EDGE-04818,鍪,敄,金,金,8,3,0,0,-276.75
EDGE-02304,荏,任,艹,艸,8,3,0,0,-281.875
EDGE-02817,寺,㞢,寸,寸,16,3,0,0,-284.25
EDGE-04643,楚,疋,林,林,8,3,0,0,-286.25
EDGE-04375,莊,壯,艹,艸,8,3,0,0,-287.125
EDGE-05522,雘,蒦,丹,丹,8,3,0,0,-299.25
EDGE-05121,漻,翏,氵,水,4,3,0,0,-300.0
EDGE-04947,巍,魏,山,山,16,3,0,0,-309.25
EDGE-04981,嶽,獄,山,山,16,3,0,0,-334.625
EDGE-02417,沃,夭,氵,水,16,3,0,0,-348.75
EDGE-04581,鴨,甲,鳥,鳥,16,3,0,0,-349.375
EDGE-04847,繄,殹,糸,糸,8,3,0,0,-362.625
EDGE-04812,婺,敄,女,女,8,3,0,0,-364.5
EDGE-00897,菘,松,艹,艸,8,3,0,0,-367.625
EDGE-05296,湟,皇,氵,水,8,3,0,0,-373.25
EDGE-02004,侶,呂,亻,人,8,3,0,0,-384.375
EDGE-03794,釐,𠩺,里,里,8,3,0,0,-404.125
EDGE-00322,椸,施,木,木,8,3,0,0,-404.875
EDGE-01723,葭,叚,艹,艸,8,3,0,0,-408.5
EDGE-01780,枳,只,木,木,8,3,0,0,-408.75
EDGE-05589,燭,蜀,火,火,16,3,0,0,-412.8125
EDGE-02430,英,央,艹,艸,8,3,0,0,-419.5
EDGE-03018,殆,台,歹,歹,16,3,0,0,-421.375
EDGE-00162,楔,契,木,木,16,3,0,0,-421.8125
EDGE-00655,淶,來,氵,水,8,3,0,0,-421.875
EDGE-02015,誤,吳,言,言,8,3,0,0,-421.875
EDGE-03049,芭,巴,艹,艸,8,3,0,0,-424.0
EDGE-03443,在,才,土,土,8,3,0,0,-429.5
EDGE-03011,鉛,㕣,釒,金,16,3,0,0,-435.5625
EDGE-00439,錏,亞,釒,金,8,3,0,0,-445.25
EDGE-00251,孕,乃,子,子,16,3,0,0,-445.4375
EDGE-02930,拒,巨,扌,手,16,3,0,0,-448.0
EDGE-00254,虒,𠂆,虎,虎,8,3,0,0,-449.75
EDGE-05074,蛘,羊,虫,虫,8,3,0,0,-452.5
EDGE-05973,淮,隹,氵,水,16,3,0,0,-454.5625
EDGE-05932,韔,長,韋,韋,8,3,0,0,-458.0
EDGE-04008,祉,止,礻,示,8,3,0,0,-461.875
EDGE-05654,懈,解,忄,心,8,3,0,0,-465.125
EDGE-04307,被,皮,衤,衣,16,3,0,1,-474.0625
EDGE-02095,橾,喿,木,木,8,3,0,0,-476.25
EDGE-05864,澳,奧,氵,水,16,3,0,0,-477.0625
EDGE-02534,接,妾,扌,手,8,3,0,0,-483.625
EDGE-04135,派,𠂢,氵,水,8,3,0,0,-484.125
EDGE-05574,瓛,獻,王,玉,4,3,0,0,-484.5
EDGE-03414,甂,扁,瓦,瓦,8,3,0,0,-485.0
EDGE-02336,豷,壹,豕,豕,8,3,0,0,-497.75
EDGE-05892,帣,𠔉,巾,巾,8,3,0,0,-503.25
EDGE-00128,坪,平,土,土,16,3,0,0,-517.8125
EDGE-05891,券,𠔉,刀,刀,8,3,0,0,-519.0
EDGE-04200,毯,炎,毛,毛,16,3,0,0,-519.5
EDGE-01166,份,分,亻,人,16,3,0,0,-527.5625
EDGE-04243,燻,熏,火,火,8,3,0,0,-532.125
EDGE-01586,蒝,原,艹,艸,4,3,0,0,-534.5
EDGE-05528,衊,蔑,血,血,8,3,0,0,-547.75
EDGE-00811,揭,曷,扌,手,16,3,0,0,-549.375
EDGE-01178,盆,分,皿,皿,16,3,0,0,-552.0
EDGE-01983,黨,尚,黑,黑,16,3,0,0,-555.125
EDGE-05464,惹,若,心,心,8,3,0,0,-564.125
EDGE-02613,鉈,它,釒,金,8,3,0,0,-572.875
EDGE-01584,源,原,氵,水,16,3,0,0,-575.0
EDGE-03031,颱,台,風,風,16,3,0,0,-581.75
EDGE-01018,鍋,咼,釒,金,16,3,0,0,-591.0
EDGE-04949,科,禾,斗,斗,16,3,0,0,-591.5
EDGE-01085,楓,風,木,木,16,3,0,0,-592.75
EDGE-04992,識,戠,言,言,16,3,0,0,-596.25
EDGE-04918,璃,离,王,玉,16,3,0,0,-612.375
EDGE-00717,蘞,斂,艹,艸,8,3,0,0,-613.5
EDGE-05483,蹼,菐,𧾷,足,16,3,0,0,-622.0
EDGE-05995,玃,矍,犭,犬,8,3,0,0,-623.375
EDGE-01280,苟,句,艹,艸,8,3,0,0,-624.0
EDGE-04452,柑,甘,木,木,16,3,0,0,-631.9375
EDGE-02826,蒔,時,艹,艸,8,3,0,0,-635.625
EDGE-01159,認,忍,言,言,16,3,0,0,-637.0
EDGE-04379,臟,臧,肉,肉,16,3,0,0,-638.375
EDGE-03041,爬,巴,爪,爪,16,3,0,0,-641.6875
EDGE-03205,氾,𢎘,氵,水,8,3,0,0,-643.875
EDGE-04855,嶷,疑,山,山,8,3,0,0,-644.0
EDGE-00411,衙,吾,行,行,16,3,0,0,-649.5
EDGE-00706,雗,倝,隹,隹,8,3,0,0,-654.5
EDGE-05648,埆,角,土,土,8,3,0,0,-657.0
EDGE-05971,蓷,推,艹,艸,8,3,0,0,-658.375
EDGE-04533,圃,甫,囗,囗,8,3,0,0,-663.875
EDGE-02033,鯛,周,魚,魚,16,3,0,0,-673.1875
EDGE-00351,粢,次,米,米,8,3,0,0,-674.0
EDGE-00076,峱,狃,山,山,8,3,0,0,-699.75
EDGE-03936,楝,柬,木,木,16,3,0,0,-702.3125
EDGE-00001,戌,一,戊,戊,16,3,0,0,-710.4375
EDGE-03752,僧,曾,亻,人,16,3,0,0,-712.25
EDGE-00618,窄,乍,穴,穴,16,3,0,0,-712.9375
EDGE-01850,蕗,路,艹,艸,8,3,0,0,-721.125
EDGE-01764,瑚,胡,王,玉,16,3,0,0,-727.6875
EDGE-00598,蓖,𣬉,艹,艸,8,3,0,0,-728.625
EDGE-04657,蕨,厥,艹,艸,8,3,0,0,-735.375
EDGE-03416,編,扁,糸,糸,16,3,0,0,-741.1875
EDGE-02678,鋝,寽,釒,金,8,3,0,0,-743.5
EDGE-03554,紡,方,糸,糸,16,3,0,0,-750.75
EDGE-05316,緻,致,糸,糸,16,3,0,0,-751.5
EDGE-00207,菩,咅,艹,艸,8,3,0,0,-753.25
EDGE-00428,薺,齊,艹,艸,8,3,0,0,-755.25
EDGE-03669,錫,易,釒,金,16,3,0,0,-757.0625
EDGE-03211,矧,引,矢,矢,8,3,0,0,-762.125
EDGE-01043,滿,㒼,氵,水,16,3,0,0,-765.0625
EDGE-03026,苔,台,艹,艸,8,3,0,0,-766.5
EDGE-01655,扱,及,扌,手,8,3,0,0,-766.625
EDGE-01504,站,占,立,立,16,3,0,1,-767.125
EDGE-01949,姤,后,女,女,8,3,0,0,-777.0
EDGE-00106,蛆,且,虫,虫,16,3,0,0,-811.75
EDGE-05874,幡,番,巾,巾,16,3,0,0,-828.75
EDGE-00981,蒹,兼,艹,艸,8,3,0,0,-842.875
EDGE-01096,棚,朋,木,木,16,3,0,0,-844.9375
EDGE-02319,輕,巠,車,車,16,3,0,0,-855.75
EDGE-02528,鶠,匽,鳥,鳥,4,3,0,0,-870.25
EDGE-01103,怯,去,忄,心,8,3,0,0,-879.5
EDGE-06010,譙,焦,言,言,8,3,0,0,-880.25
EDGE-00185,割,害,刂,刀,16,3,0,0,-890.75
EDGE-03258,剝,彔,刂,刀,16,3,0,0,-906.9375
EDGE-05023,萁,其,艹,艸,8,3,0,0,-907.5
EDGE-04579,胛,甲,肉,肉,16,3,0,0,-915.75
EDGE-02363,畹,宛,田,田,16,3,0,0,-921.75
EDGE-03243,嫋,弱,女,女,8,3,0,0,-936.25
EDGE-03795,味,未,口,口,16,3,0,0,-936.375
EDGE-03246,蒻,弱,艹,艸,8,3,0,0,-943.5
EDGE-02008,櫚,閭,木,木,8,3,0,0,-948.25
EDGE-01569,跪,危,𧾷,足,8,3,0,0,-954.125
EDGE-04238,膫,尞,肉,肉,8,3,0,0,-956.75
EDGE-02352,菱,夌,艹,艸,8,3,0,0,-970.375
EDGE-05592,觸,蜀,角,角,16,3,0,0,-972.5625
EDGE-04267,淨,爭,水,水,16,3,0,0,-990.875
EDGE-03718,鵲,昔,鳥,鳥,8,3,0,0,-1011.75
EDGE-02254,榖,𣪊,木,木,8,3,0,0,-1012.875
EDGE-03675,暘,昜,日,日,8,3,0,0,-1024.25
EDGE-02514,茹,如,艹,艸,8,3,0,0,-1048.25
EDGE-00754,頑,元,頁,頁,16,3,0,0,-1051.5625
EDGE-05870,蟋,悉,虫,虫,16,3,0,0,-1055.0625
EDGE-02249,鞋,圭,革,革,16,3,0,0,-1063.4375
EDGE-00034,巧,丂,工,工,16,3,0,0,-1072.75
EDGE-04644,礎,楚,石,石,8,3,0,0,-1077.375
EDGE-01285,駒,句,馬,馬,16,3,0,0,-1084.6875
EDGE-03582,觰,者,角,角,4,3,0,0,-1087.0
EDGE-03690,蝪,昜,虫,虫,4,3,0,0,-1087.5
EDGE-04737,溢,益,氵,水,8,3,0,0,-1097.75
EDGE-00407,梧,吾,木,木,16,3,0,0,-1098.9375
EDGE-04719,荳,豆,艹,艸,8,3,0,0,-1101.625
EDGE-00484,核,亥,木,木,16,3,0,0,-1128.9375
EDGE-02673,埒,寽,土,土,8,3,0,0,-1137.75
EDGE-02670,村,寸,木,木,16,3,0,0,-1162.875
EDGE-00330,馳,也,馬,馬,16,3,0,0,-1200.75
EDGE-04047,罄,殸,缶,缶,16,3,0,0,-1205.6875
EDGE-05084,鐸,睪,釒,金,8,3,0,0,-1213.375
EDGE-03864,種,重,禾,禾,16,3,0,0,-1216.5625
EDGE-00469,茭,交,艹,艸,8,3,0,0,-1222.375
EDGE-03900,裸,果,衤,衣,16,3,0,0,-1240.3125
EDGE-02415,妖,夭,女,女,16,3,0,0,-1247.75
EDGE-03922,謀,某,言,言,8,3,0,0,-1282.875
EDGE-02414,麩,夫,麥,麥,8,3,0,0,-1286.625
EDGE-03805,秣,末,禾,禾,8,3,0,0,-1287.375
EDGE-03689,腸,昜,肉,肉,16,3,0,0,-1310.375
EDGE-03914,蝶,枼,虫,虫,16,3,0,0,-1349.125
EDGE-06079,碼,馬,石,石,8,3,0,0,-1448.125
EDGE-03658,婚,昏,女,女,8,3,0,0,-1451.0
EDGE-01021,骨,冎,肉,肉,16,3,0,0,-1470.875
EDGE-04754,蘊,縕,艹,艸,8,3,0,0,-1473.375
EDGE-01253,苞,包,艹,艸,8,3,0,0,-1490.625
EDGE-02210,蜓,廷,虫,虫,16,3,0,0,-1502.625
EDGE-06154,簏,鹿,竹,竹,16,3,0,0,-1548.4375
EDGE-02158,茵,因,艹,艸,8,3,0,0,-1561.375
EDGE-02035,晷,咎,日,日,8,3,0,0,-1587.25
EDGE-01054,枕,冘,木,木,16,3,0,0,-1611.875
EDGE-03659,惛,昏,忄,心,8,3,0,0,-1612.625
EDGE-05424,盤,般,皿,皿,8,3,0,0,-1640.25
EDGE-03419,蝙,扁,虫,虫,16,3,0,0,-1842.625
EDGE-06011,醮,焦,酉,酉,8,3,0,0,-1850.375
EDGE-01951,茩,后,艹,艸,8,3,0,0,-2058.375
EDGE-02332,噎,壹,口,口,8,3,0,0,-2058.875
EDGE-04014,綻,定,糸,糸,8,2,0,0,938.125
EDGE-03276,鏏,彗,釒,金,4,2,0,0,898.5
EDGE-05576,齾,獻,齒,齒,4,2,0,0,731.25
EDGE-04707,撜,登,扌,手,4,2,0,0,620.25
EDGE-01801,檹,旖,木,木,4,2,0,0,612.5
EDGE-02509,帤,如,巾,巾,4,2,0,0,572.5
EDGE-05037,謎,迷,言,言,4,2,0,0,554.0
EDGE-01027,縎,骨,糸,糸,4,2,0,0,539.5
EDGE-03257,鶨,彖,鳥,鳥,4,2,0,0,535.25
EDGE-05490,慔,莫,忄,心,4,2,0,0,484.5
EDGE-03058,趀,𠂔,走,走,4,2,0,0,469.25
EDGE-02856,縌,逆,糸,糸,4,2,0,0,468.0
EDGE-01381,祡,此,示,示,4,2,0,0,467.0
EDGE-01335,緷,軍,糸,糸,4,2,0,0,456.75
EDGE-02258,豰,𣪊,豕,豕,4,2,0,0,455.75
EDGE-06103,毃,高,殳,殳,4,2,0,0,445.75
EDGE-00584,齘,介,齒,齒,4,2,0,0,445.5
EDGE-01445,啣,卸,口,口,4,2,0,0,423.75
EDGE-05993,彏,矍,弓,弓,4,2,0,0,392.5
EDGE-00540,梣,岑,木,木,4,2,0,0,383.25
EDGE-00321,暆,施,日,日,4,2,0,0,373.75
EDGE-02955,誋,忌,言,言,4,2,0,0,368.25
EDGE-05856,緧,酋,糸,糸,4,2,0,0,362.5
EDGE-05286,甈,臬,瓦,瓦,4,2,0,0,360.25
EDGE-02888,儠,巤,亻,人,4,2,0,0,359.5
EDGE-00122,齛,世,齒,齒,4,2,0,0,332.5
EDGE-00890,貁,穴,豸,豸,4,2,0,0,276.0
EDGE-01230,拹,劦,扌,手,4,2,0,0,230.75
EDGE-02525,褗,匽,衤,衣,4,2,0,0,208.75
EDGE-01099,輣,朋,車,車,4,2,0,0,208.5
EDGE-04298,柀,皮,木,木,4,2,0,0,203.0
EDGE-01718,徦,叚,彳,彳,4,2,0,0,163.5
EDGE-06120,翮,鬲,羽,羽,4,2,0,0,158.75
EDGE-05478,纀,僕,糸,糸,4,2,0,0,145.75
EDGE-02537,菨,妾,艹,艸,4,2,0,0,142.0
EDGE-01229,協,劦,十,十,4,2,0,0,135.75
EDGE-01775,嫴,辜,女,女,4,2,0,0,115.0
EDGE-01127,貀,出,豸,豸,4,2,0,0,114.0
EDGE-02896,仜,工,亻,人,4,2,0,0,83.75
EDGE-03670,鬄,易,髟,髟,4,2,0,0,77.0
EDGE-01343,韗,軍,韋,韋,4,2,0,0,61.5
EDGE-01150,鉊,召,釒,金,4,2,0,0,60.5
EDGE-01567,觤,危,角,角,4,2,0,0,59.75
EDGE-05407,蒢,除,艹,艸,4,2,0,0,52.0
EDGE-03047,萉,肥,艹,艸,4,2,0,0,30.75
EDGE-03826,袾,朱,衤,衣,4,2,0,0,29.5
EDGE-04545,鑮,薄,釒,金,4,2,0,0,22.0
EDGE-04942,覣,委,見,見,4,2,0,0,22.0
EDGE-05506,鬕,莫,髟,髟,4,2,0,0,22.0
EDGE-00380,荂,夸,艹,艸,4,2,0,0,17.0
EDGE-00355,薋,資,艹,艸,4,2,0,0,15.0
EDGE-04914,鰅,禺,魚,魚,4,2,0,0,15.0
EDGE-02651,蔩,寅,艹,艸,4,2,0,0,-10.25
EDGE-02951,妀,己,女,女,4,2,0,0,-10.5
EDGE-05535,蓳,堇,艹,艸,4,2,0,0,-10.5
EDGE-04063,梅,毎,木,木,16,2,0,0,-13.9375
EDGE-05143,藋,翟,艹,艸,4,2,0,0,-15.0
EDGE-03095,蔕,帶,艹,艸,4,2,0,0,-16.75
EDGE-03699,徥,是,彳,彳,4,2,0,0,-32.25
EDGE-06122,蒚,鬲,艹,艸,4,2,0,0,-39.25
EDGE-01185,衯,分,衤,衣,4,2,0,0,-40.75
EDGE-00636,苓,令,艹,艸,8,2,0,0,-52.375
EDGE-04227,熨,尉,火,火,8,2,0,0,-52.75
EDGE-05039,蘪,麋,艹,艸,4,2,0,0,-55.0
EDGE-03552,瓬,方,瓦,瓦,4,2,0,0,-56.0
EDGE-05958,蓶,唯,艹,艸,4,2,0,0,-73.0
EDGE-02190,牡,土,牛,牛,16,2,0,0,-99.3125
EDGE-04443,柧,瓜,木,木,4,2,0,0,-114.0
EDGE-01000,萺,冒,艹,艸,4,2,0,0,-121.0
EDGE-04490,綪,青,糸,糸,8,2,0,0,-129.375
EDGE-02913,腔,空,肉,肉,16,2,0,0,-139.6875
EDGE-00133,萍,泙,艹,艸,8,2,0,0,-139.75
EDGE-00570,菳,金,艹,艸,4,2,0,0,-145.0
EDGE-01324,蘜,鞠,艹,艸,4,2,0,0,-149.75
EDGE-01429,蓲,區,艹,艸,4,2,0,0,-160.25
EDGE-04459,黚,甘,黑,黑,4,2,0,0,-161.75
EDGE-02384,鉹,多,釒,金,4,2,0,0,-168.25
EDGE-03093,滯,帶,氵,水,4,2,0,0,-177.5
EDGE-04749,溫,𥁕,氵,水,16,2,0,0,-185.1875
EDGE-05557,纑,盧,糸,糸,8,2,0,0,-189.375
EDGE-02179,婟,固,女,女,4,2,0,0,-198.5
EDGE-03511,垽,沂,土,土,8,2,0,0,-217.125
EDGE-00326,貤,也,貝,貝,8,2,0,0,-224.375
EDGE-05509,檬,蒙,木,木,8,2,0,0,-225.0
EDGE-02600,佇,宁,亻,人,8,2,0,0,-250.25
EDGE-01460,袢,半,衤,衣,8,2,0,0,-265.0
EDGE-03326,優,憂,亻,人,4,2,0,0,-267.25
EDGE-01231,脅,劦,肉,肉,4,2,0,0,-268.0
EDGE-02740,菽,叔,艹,艸,8,2,0,0,-269.875
EDGE-05649,斛,角,斗,斗,8,2,0,0,-280.25
EDGE-00385,抎,云,扌,手,4,2,0,0,-305.75
EDGE-03841,簀,責,竹,竹,8,2,0,0,-306.375
EDGE-05717,鐻,豦,釒,金,8,2,0,0,-314.625
EDGE-00268,亳,乇,高,高,8,2,0,0,-331.625
EDGE-03271,胂,申,肉,肉,8,2,0,0,-338.5
EDGE-01979,鐺,當,釒,金,16,2,0,0,-357.6875
EDGE-01648,菣,臤,艹,艸,4,2,0,0,-362.25
EDGE-00220,少,丿,小,小,16,2,0,2,-370.1875
EDGE-03876,蕫,童,艹,艸,4,2,0,0,-373.75
EDGE-01661,鈒,及,釒,金,8,2,0,0,-378.625
EDGE-03116,罕,干,网,网,8,2,0,0,-381.0
EDGE-05368,稻,舀,禾,禾,16,2,0,2,-386.9375
EDGE-03700,提,是,扌,手,16,2,0,0,-407.75
EDGE-05219,葎,律,艹,艸,8,2,0,0,-414.625
EDGE-02519,葽,要,艹,艸,8,2,0,0,-416.375
EDGE-05238,徭,䍃,彳,彳,8,2,0,0,-419.625
EDGE-00737,浣,完,氵,水,16,2,0,0,-419.9375
EDGE-00242,鋋,延,釒,金,8,2,0,0,-434.0
EDGE-04390,芽,牙,艹,艸,8,2,0,0,-435.875
EDGE-00478,侅,亥,亻,人,8,2,0,0,-443.5
EDGE-04709,澄,登,氵,水,16,2,0,0,-448.3125
EDGE-04689,袙,白,衤,衣,4,2,0,0,-461.75
EDGE-00039,栲,考,木,木,8,2,0,0,-465.375
EDGE-02170,總,悤,糸,糸,8,2,0,0,-474.375
EDGE-00341,蕷,預,艹,艸,8,2,0,0,-483.375
EDGE-04389,枒,牙,木,木,16,2,0,0,-497.875
EDGE-03934,辣,剌,辛,辛,16,2,0,0,-500.375
EDGE-01894,盒,合,皿,皿,16,2,0,0,-507.0
EDGE-04594,煨,畏,火,火,8,2,0,0,-523.875
EDGE-01835,落,洛,艹,艸,8,2,0,0,-524.25
EDGE-01785,可,𠀀,口,口,16,2,0,0,-528.1875
EDGE-03486,忞,文,心,心,4,2,0,0,-529.5
EDGE-01707,驟,聚,馬,馬,8,2,0,0,-532.625
EDGE-02333,懿,壹,恣,恣,8,2,0,0,-542.875
EDGE-00363,盂,于,皿,皿,16,2,0,2,-550.5625
EDGE-01630,有,又,肉,肉,16,2,0,0,-555.875
EDGE-03117,肝,干,肉,肉,16,2,0,0,-575.3125
EDGE-05784,臂,辟,肉,肉,16,2,0,0,-581.0
EDGE-04730,頭,豆,頁,頁,16,2,0,0,-587.625
EDGE-05671,黵,詹,黑,黑,8,2,0,0,-591.375
EDGE-00740,筦,完,竹,竹,8,2,0,0,-598.0
EDGE-06143,櫓,魯,木,木,8,2,0,0,-610.125
EDGE-02931,柜,巨,木,木,8,2,0,0,-612.75
EDGE-02231,挂,圭,扌,手,8,2,0,0,-620.375
EDGE-03077,景,京,日,日,16,2,0,0,-620.6875
EDGE-00102,組,且,糸,糸,16,2,0,0,-621.1875
EDGE-05205,茸,耳,艹,艸,8,2,0,0,-633.75
EDGE-04589,梬,甹,木,木,4,2,0,0,-639.75
EDGE-01738,莕,杏,艹,艸,8,2,0,0,-651.625
EDGE-04750,薀,溫,艹,艸,8,2,0,0,-663.375
EDGE-05174,鎧,豈,釒,金,16,2,0,0,-668.75
EDGE-02146,偲,思,亻,人,8,2,0,0,-670.125
EDGE-03206,泛,乏,氵,水,16,2,0,0,-678.4375
EDGE-05667,膽,詹,肉,肉,16,2,0,0,-681.8125
EDGE-01729,霞,叚,雨,雨,16,2,0,0,-682.9375
EDGE-02424,映,央,日,日,16,2,0,0,-690.6875
EDGE-01639,灰,又,火,火,16,2,0,0,-710.25
EDGE-03600,鏃,族,釒,金,8,2,0,0,-717.125
EDGE-03399,纖,韱,糸,糸,16,2,0,0,-718.8125
EDGE-04772,緗,相,糸,糸,8,2,0,0,-745.75
EDGE-04397,鴉,牙,鳥,鳥,16,2,0,0,-764.625
EDGE-04260,犥,麃,牜,牛,4,2,0,0,-775.0
EDGE-03811,沭,朮,氵,水,8,2,0,0,-787.125
EDGE-04201,淡,炎,氵,水,16,2,0,0,-793.6875
EDGE-02255,穀,𣪊,禾,禾,16,2,0,0,-794.0
EDGE-01158,荵,忍,艹,艸,8,2,0,0,-795.125
EDGE-01763,湖,胡,氵,水,16,2,0,0,-808.625
EDGE-03808,韎,末,韋,韋,8,2,0,0,-811.875
EDGE-03025,胎,台,肉,肉,16,2,0,0,-814.4375
EDGE-02484,菴,奄,艹,艸,8,2,0,0,-818.5
EDGE-01370,泥,尼,氵,水,16,2,0,0,-837.5625
EDGE-04262,藨,麃,艹,艸,8,2,0,0,-837.875
EDGE-00051,否,不,口,口,16,2,0,0,-838.125
EDGE-01846,路,各,𧾷,足,16,2,0,0,-840.3125
EDGE-02476,蹊,奚,𧾷,足,8,2,0,0,-840.5
EDGE-02777,獧,睘,犭,犬,8,2,0,0,-844.75
EDGE-00479,刻,亥,刂,刀,16,2,0,0,-847.875
EDGE-02575,乳,孚,乙,乙,16,2,0,0,-848.5625
EDGE-05221,燼,盡,火,火,8,2,0,0,-856.875
EDGE-02771,園,袁,囗,囗,8,2,0,0,-864.125
EDGE-03943,欄,闌,木,木,16,2,0,0,-865.1875
EDGE-03083,鯨,京,魚,魚,16,2,0,0,-889.5625
EDGE-00305,尻,九,尸,尸,16,2,0,0,-895.375
EDGE-02522,堰,匽,土,土,8,2,0,0,-900.75
EDGE-03383,域,或,土,土,16,2,0,0,-907.125
EDGE-02483,腌,奄,肉,肉,8,2,0,0,-908.25
EDGE-05763,屖,辛,尸,尸,4,2,0,0,-916.25
EDGE-04698,楷,皆,木,木,16,2,0,0,-918.125
EDGE-05652,确,角,石,石,8,2,0,0,-925.875
EDGE-04917,漓,离,氵,水,16,2,0,0,-930.1875
EDGE-02763,淀,定,氵,水,8,2,0,0,-930.375
EDGE-03295,蜜,宓,虫,虫,16,2,0,0,-931.25
EDGE-04977,鴗,立,鳥,鳥,8,2,0,0,-951.0
EDGE-05330,燄,臽,炎,炎,16,2,0,1,-951.8125
EDGE-00284,莙,君,艹,艸,8,2,0,0,-952.75
EDGE-05894,觠,𠔉,角,角,4,2,0,0,-965.25
EDGE-05744,鑽,贊,釒,金,8,2,0,0,-980.125
EDGE-05126,膠,翏,肉,肉,16,2,0,0,-984.6875
EDGE-03918,媒,某,女,女,8,2,0,0,-988.125
EDGE-02143,泗,四,氵,水,8,2,0,0,-990.125
EDGE-03958,塺,麻,土,土,4,2,0,0,-991.0
EDGE-00448,炕,亢,火,火,16,2,0,0,-1023.625
EDGE-06158,灑,麗,氵,水,8,2,0,0,-1041.25
EDGE-01659,芨,及,艹,艸,8,2,0,0,-1051.0
EDGE-03263,綠,彔,糸,糸,16,2,0,0,-1055.375
EDGE-04595,猥,畏,犭,犬,8,2,0,0,-1063.0
EDGE-04832,茅,矛,艹,艸,8,2,0,0,-1063.375
EDGE-03985,藥,樂,艹,艸,8,2,0,0,-1075.125
EDGE-02406,扶,夫,扌,手,8,2,0,0,-1088.375
EDGE-03908,屧,枼,履,履,8,2,0,0,-1091.5
EDGE-03388,蜮,或,虫,虫,8,2,0,0,-1094.625
EDGE-05882,磻,番,石,石,8,2,0,0,-1115.625
EDGE-05354,腴,臾,肉,肉,8,2,0,0,-1119.125
EDGE-01180,粉,分,米,米,16,2,0,0,-1132.25
EDGE-05204,珥,耳,王,玉,16,2,0,0,-1135.4375
EDGE-03507,蜥,析,虫,虫,16,2,0,0,-1136.75
EDGE-03057,笫,𠂔,竹,竹,4,2,0,0,-1153.0
EDGE-02966,祀,巳,礻,示,8,2,0,0,-1161.75
EDGE-02901,杠,工,木,木,8,2,0,0,-1190.0
EDGE-00323,葹,施,艹,艸,8,2,0,0,-1199.25
EDGE-02245,觟,圭,角,角,4,2,0,0,-1204.5
EDGE-03904,顆,果,頁,頁,16,2,0,0,-1216.6875
EDGE-02808,純,屯,糸,糸,16,2,0,0,-1233.125
EDGE-01240,萄,匋,艹,艸,8,2,0,0,-1240.25
EDGE-01306,筠,均,竹,竹,4,2,0,0,-1271.75
EDGE-00554,檎,禽,木,木,8,2,0,0,-1275.75
EDGE-03046,肥,巴,肉,肉,16,2,0,0,-1295.8125
EDGE-05251,捐,肙,扌,手,16,2,0,0,-1322.4375
EDGE-03775,檜,會,木,木,16,2,0,0,-1363.6875
EDGE-04861,睽,癸,目,目,8,2,0,0,-1365.5
EDGE-00973,濂,廉,氵,水,16,2,0,0,-1398.875
EDGE-05038,麋,米,鹿,鹿,4,2,0,1,-1400.5
EDGE-01298,葯,約,艹,艸,8,2,0,0,-1437.375
EDGE-05809,蜃,辰,虫,虫,16,2,0,0,-1439.8125
EDGE-01675,搔,蚤,扌,手,4,2,0,0,-1443.0
EDGE-04230,蔚,尉,艹,艸,8,2,0,0,-1443.5
EDGE-05577,甗,鬳,瓦,瓦,4,2,0,0,-1447.0
EDGE-01779,咫,只,尺,尺,8,2,0,1,-1459.25
EDGE-02440,姨,夷,女,女,8,2,0,0,-1508.75
EDGE-03179,樽,尊,木,木,8,2,0,0,-1519.375
EDGE-00115,泄,世,氵,水,8,2,0,0,-1556.0
EDGE-01205,萴,則,艹,艸,8,2,0,0,-1557.625
EDGE-02259,轂,𣪊,車,車,16,2,0,0,-1630.625
EDGE-04310,鈹,皮,釒,金,8,2,0,0,-1662.25
EDGE-00581,界,介,田,田,8,2,0,0,-1670.375
EDGE-04878,碩,石,頁,頁,16,2,0,0,-1672.8125
EDGE-01702,娶,取,女,女,8,2,0,0,-1708.875
EDGE-02967,起,巳,走,走,8,2,0,0,-1793.625
EDGE-04622,篳,畢,竹,竹,4,2,0,0,-1816.0
EDGE-04978,言,䇂,口,口,16,2,0,0,-1906.1875
EDGE-04149,裘,求,衣,衣,8,2,0,0,-2119.875
EDGE-04957,曆,厤,日,日,4,2,0,0,-2253.0
EDGE-04015,錠,定,釒,金,8,2,0,0,-2410.5
EDGE-04136,脈,派,肉,肉,8,2,0,0,-3086.625
EDGE-04484,崝,青,山,山,4,1,0,0,726.0
EDGE-04205,緂,炎,糸,糸,4,1,0,0,390.0
EDGE-05575,钀,獻,釒,金,4,1,0,0,346.5
EDGE-04401,瞂,犮,盾,盾,4,1,0,0,319.75
EDGE-01698,錣,叕,釒,金,8,1,0,0,21.625
EDGE-04041,餐,𣦼,食,食,16,1,0,2,-21.9375
EDGE-00975,薕,廉,艹,艸,4,1,0,0,-91.75
EDGE-04120,岷,民,山,山,4,1,0,0,-128.75
EDGE-01305,均,勻,土,土,4,1,0,0,-135.75
EDGE-05298,葟,皇,艹,艸,4,1,0,0,-152.25
EDGE-00573,雂,今,隹,隹,4,1,0,0,-154.5
EDGE-03142,怮,幼,忄,心,4,1,0,0,-177.75
EDGE-01131,菿,到,艹,艸,4,1,0,0,-184.25
EDGE-01272,狗,句,犭,犬,16,1,0,1,-288.625
EDGE-05329,焰,臽,火,火,16,1,0,1,-349.5625
EDGE-05990,蒮,隺,艹,艸,4,1,0,0,-360.25
EDGE-02788,萋,妻,艹,艸,8,1,0,0,-384.125
EDGE-01145,貂,召,豸,豸,8,1,0,0,-419.125
EDGE-05896,韏,𠔉,韋,韋,4,1,0,0,-468.75
EDGE-05573,獻,鬳,犬,犬,4,1,0,0,-483.25
EDGE-04336,布,父,巾,巾,16,1,0,0,-500.75
EDGE-04523,桶,甬,木,木,16,1,0,0,-507.375
EDGE-01048,鬗,㒼,髟,髟,4,1,0,0,-569.75
EDGE-02052,鍼,咸,釒,金,8,1,0,0,-575.375
EDGE-04468,葚,甚,艹,艸,8,1,0,0,-577.0
EDGE-01587,豲,原,豕,豕,4,1,0,0,-586.0
EDGE-04874,拓,石,扌,手,16,1,0,0,-598.3125
EDGE-01854,酪,各,酉,酉,16,1,0,0,-605.8125
EDGE-04064,海,毎,氵,水,16,1,0,0,-638.875
EDGE-05951,棣,隶,木,木,4,1,0,0,-675.0
EDGE-06051,輩,非,車,車,16,1,0,0,-705.0625
EDGE-06104,毫,高,毛,毛,16,1,0,0,-710.0625
EDGE-03560,鈁,方,釒,金,8,1,0,0,-716.25
EDGE-00823,葛,曷,艹,艸,8,1,0,0,-719.5
EDGE-04773,霜,相,雨,雨,16,1,0,0,-732.9375
EDGE-00817,渴,曷,氵,水,16,1,0,1,-734.6875
EDGE-03233,梯,弟,木,木,16,1,0,0,-737.5625
EDGE-02832,詩,寺,言,言,16,1,0,0,-764.5
EDGE-03149,塘,唐,土,土,8,1,0,0,-799.375
EDGE-01382,紫,此,糸,糸,16,1,0,0,-801.4375
EDGE-01815,河,可,氵,水,16,1,0,0,-811.5
EDGE-02899,扛,工,扌,手,16,1,0,0,-840.75
EDGE-04599,蔔,匐,艹,艸,8,1,0,0,-844.375
EDGE-00101,粗,且,米,米,16,1,0,0,-852.375
EDGE-03953,桅,危,木,木,8,1,0,0,-861.5
EDGE-03564,者,𣥏,白,白,16,1,0,0,-875.1875
EDGE-03656,閶,昌,門,門,8,1,0,0,-892.0
EDGE-01425,歐,區,欠,欠,16,1,0,0,-892.5625
EDGE-04967,轃,秦,車,車,4,1,0,0,-904.0
EDGE-06121,膈,鬲,肉,肉,4,1,0,0,-904.75
EDGE-03405,滬,扈,氵,水,16,1,0,0,-908.0625
EDGE-03189,袋,代,衣,衣,16,1,0,0,-923.375
EDGE-00197,妵,主,女,女,8,1,0,0,-933.625
EDGE-02161,攜,巂,扌,手,8,1,0,0,-944.75
EDGE-03110,杆,干,木,木,16,1,0,0,-946.25
EDGE-00253,鼐,乃,鼎,鼎,16,1,0,0,-962.3125
EDGE-00048,胚,丕,肉,肉,16,1,0,0,-969.375
EDGE-00139,蒸,烝,艹,艸,4,1,0,0,-982.75
EDGE-04169,黃,炗,田,田,16,1,0,0,-989.625
EDGE-00597,膍,𣬉,肉,肉,8,1,0,0,-1023.125
EDGE-03493,蚊,文,虫,虫,16,1,0,0,-1031.1875
EDGE-06126,塊,鬼,土,土,16,1,0,0,-1043.125
EDGE-02914,紅,工,糸,糸,16,1,0,0,-1055.375
EDGE-02214,听,斤,口,口,8,1,0,0,-1114.75
EDGE-04910,藕,耦,艹,艸,8,1,0,0,-1120.375
EDGE-02627,棕,宗,木,木,16,1,0,0,-1125.75
EDGE-00176,菶,奉,艹,艸,8,1,0,0,-1131.25
EDGE-05829,蓮,連,艹,艸,8,1,0,0,-1142.75
EDGE-04503,胜,生,肉,肉,8,1,0,0,-1154.75
EDGE-00886,叭,八,口,口,4,1,0,0,-1162.25
EDGE-01300,豹,勺,豸,豸,8,1,0,0,-1163.75
EDGE-01544,油,由,氵,水,16,1,0,0,-1163.875
EDGE-01754,鋸,居,釒,金,16,1,0,0,-1181.375
EDGE-05337,藍,監,艹,艸,8,1,0,0,-1190.625
EDGE-04419,壓,厭,土,土,8,1,0,0,-1201.25
EDGE-05991,鶴,隺,鳥,鳥,8,1,0,0,-1236.0
EDGE-01073,机,几,木,木,8,1,0,0,-1261.25
EDGE-04973,粒,立,米,米,16,1,0,0,-1264.0625
EDGE-02111,薔,嗇,艹,艸,8,1,0,0,-1264.75
EDGE-05127,蓼,翏,艹,艸,8,1,0,0,-1280.875
EDGE-01919,桔,吉,木,木,16,1,0,0,-1297.9375
EDGE-03408,昈,戶,日,日,4,1,0,0,-1325.75
EDGE-04096,紙,氏,糸,糸,16,1,0,0,-1365.9375
EDGE-01737,杏,口,木,木,8,1,0,0,-1369.75
EDGE-00174,棒,奉,木,木,8,1,0,0,-1426.875
EDGE-03360,誡,戒,言,言,4,1,0,0,-1444.75
EDGE-04370,璽,爾,玉,玉,8,1,0,1,-1527.5
EDGE-03666,蜴,易,虫,虫,16,1,0,0,-1556.1875
EDGE-02671,肘,寸,肉,肉,16,1,0,0,-1584.375
EDGE-02893,蜡,昔,虫,虫,8,1,0,0,-1603.125
EDGE-02518,腰,要,肉,肉,16,1,0,0,-1620.3125
EDGE-00962,燧,遂,火,火,8,1,0,0,-1646.0
EDGE-00583,芥,介,艹,艸,8,1,0,0,-1673.125
EDGE-03336,越,戉,走,走,8,1,0,0,-1693.5
EDGE-04984,音,言,一,一,16,1,0,0,-1770.25
EDGE-00135,苹,平,艹,艸,8,1,0,0,-1787.125
EDGE-03181,蹲,尊,𧾷,足,8,1,0,0,-1861.0
EDGE-05257,鋗,肙,釒,金,8,1,0,0,-1877.5
EDGE-00700,乾,倝,乙,乙,16,1,0,0,-2196.6875
EDGE-03056,秭,𠂔,禾,禾,4,1,0,0,-2889.25
EDGE-03151,糖,唐,米,米,8,1,0,0,-3003.0
EDGE-04317,嚼,爵,口,口,4,1,0,0,-3031.75
EDGE-05207,髶,耳,髟,髟,4,0,0,0,-71.0
EDGE-01191,黺,分,黹,黹,4,0,0,0,-261.25
EDGE-01448,篽,御,竹,竹,4,0,0,0,-287.25
EDGE-05186,貒,耑,豸,豸,4,0,0,0,-290.0
EDGE-01786,何,可,亻,人,16,0,0,0,-391.6875
EDGE-02153,咽,因,口,口,8,0,0,0,-396.25
EDGE-03609,氈,亶,毛,毛,16,0,0,0,-668.5
EDGE-02154,姻,因,女,女,8,0,0,0,-684.625
EDGE-00511,蔘,參,艹,艸,8,0,0,0,-698.5
EDGE-02172,蔥,悤,艹,艸,8,0,0,0,-723.5
EDGE-03162,蔗,庶,艹,艸,8,0,0,0,-891.5
EDGE-02481,掩,奄,扌,手,8,0,0,0,-937.125
EDGE-04065,莓,毎,艹,艸,8,0,0,0,-1030.0
EDGE-03273,慧,彗,心,心,8,0,0,0,-1052.75
EDGE-04543,薄,溥,艹,艸,8,0,0,0,-1059.125
EDGE-05284,臬,自,木,木,4,0,0,0,-1094.25
EDGE-01666,板,反,木,木,16,0,0,0,-1095.75
EDGE-02902,汞,工,水,水,16,0,0,0,-1146.6875
EDGE-03156,度,庶,又,又,16,0,0,0,-1193.75
EDGE-06112,蒿,高,艹,艸,8,0,0,0,-1274.5
EDGE-03434,秩,失,禾,禾,16,0,0,0,-1397.25
EDGE-04771,箱,相,竹,竹,16,0,0,0,-1399.875
EDGE-04888,視,示,見,見,4,0,0,1,-1401.0
EDGE-01113,鬷,㚇,鬲,鬲,4,0,0,0,-1424.5
EDGE-01787,荷,何,艹,艸,8,0,0,0,-1449.0
EDGE-05185,端,耑,立,立,16,0,0,0,-1475.25
EDGE-04124,眠,民,目,目,4,0,0,0,-1516.75
EDGE-05178,椴,段,木,木,8,0,0,0,-1523.25
EDGE-01532,跳,兆,𧾷,足,16,0,0,0,-1532.25
EDGE-01299,芍,勺,艹,艸,8,0,0,0,-1533.375
EDGE-01316,物,勿,牜,牛,16,0,0,0,-1633.25
EDGE-05994,攫,矍,扌,手,8,0,0,0,-1638.25
EDGE-00325,池,也,氵,水,16,0,0,0,-1693.8125
EDGE-00365,芋,于,艹,艸,8,0,0,0,-1716.375
EDGE-05893,拳,𠔉,手,手,8,0,0,0,-1756.625
EDGE-00566,金,今,土,土,16,0,0,0,-1794.0
EDGE-05761,滓,宰,氵,水,4,0,0,0,-1834.75
EDGE-03913,葉,枼,艹,艸,8,0,0,0,-1868.375
EDGE-02101,藻,喿,艹,艸,8,0,0,0,-1977.5
EDGE-01647,腎,臤,肉,肉,16,0,0,0,-1994.0
EDGE-03919,煤,某,火,火,8,0,0,0,-2265.0
EDGE-04838,橘,矞,木,木,8,0,0,0,-2287.75
EDGE-03358,械,戒,木,木,4,0,0,0,-2299.75
EDGE-05359,櫃,匱,木,木,4,0,0,0,-2308.0
EDGE-00762,洗,先,氵,水,8,0,0,0,-2348.875
EDGE-03812,術,朮,行,行,8,0,0,0,-2377.5
EDGE-04646,蔬,疏,艹,艸,8,0,0,0,-2483.25
EDGE-01232,荔,劦,艹,艸,4,0,0,0,-2543.5
EDGE-05705,橡,象,木,木,4,0,0,0,-2943.5
EDGE-02843,萼,咢,艹,艸,8,0,0,0,-3080.375
EDGE-04155,踏,沓,𧾷,足,4,0,0,0,-3356.0
EDGE-05704,像,象,亻,人,4,0,0,0,-4914.0
